cik,name,name_clean,ticker,gvkey,sic,name_source
0000001750,AAR CORP,aar,AIR,1004,5080.0,crosswalk
0000001800,ABBOTT LABORATORIES,abbott laboratories,ABT,1078,3845.0,crosswalk
0000001961,WORLDS INC,worlds,WDDD,1084,7370.0,crosswalk
0000002098,ACME UNITED CORP,acme united,ACU,1104,3842.0,crosswalk
0000002178,ADAMS RESOURCES & ENERGY INC,adams resources energy,AE,1121,5172.0,crosswalk
0000002186,BK TECHNOLOGIES CORP,bk technologies,RWC,1117,3663.0,crosswalk
0000002488,ADVANCED MICRO DEVICES,advanced micro devices,AMD,1161,3674.0,crosswalk
0000002969,AIR PRODUCTS & CHEMICALS INC,air products chemicals,APD,1209,2810.0,crosswalk
0000003146,SPIRE ALABAMA INC,spire alabama,,1224,4924.0,crosswalk
0000003153,ALABAMA POWER CO,alabama power,ALPPRN,1225,4911.0,crosswalk
0000003197,CECO ENVIRONMENTAL CORP,ceco environmental,CECE,1050,3564.0,crosswalk
0000003453,MATSON INC,matson,MATX,1254,4400.0,crosswalk
0000003499,ALEXANDER'S INC,alexanders,ALX,1257,6798.0,crosswalk
0000003545,ALICO INC,alico,ALCO,1266,100.0,crosswalk
0000003570,CHENIERE ENERGY INC,cheniere energy,LNG,29453,1311.0,crosswalk
0000004127,SKYWORKS SOLUTIONS INC,skyworks solutions,SWKS,1327,3674.0,crosswalk
0000004281,HOWMET AEROSPACE INC,howmet aerospace,AA,28192,3728.0,crosswalk
0000004447,HESS CORP,hess,HES,1380,1311.0,crosswalk
0000004457,U-HAUL HOLDING CO,uhaul,UHAL,1393,7510.0,crosswalk
0000004515,AMERICAN AIRLINES INC,american airlines,,1388,4512.0,crosswalk
0000004904,AMERICAN ELECTRIC POWER CO,american electric power,AEP,1440,4911.0,crosswalk
0000004962,AMERICAN EXPRESS CO,american express,AXP,1447,6141.0,crosswalk
0000004977,AFLAC INC,aflac,AFL,1449,6321.0,crosswalk
0000005272,AMERICAN INTERNATIONAL GROUP,american international,AIG,1487,6331.0,crosswalk
0000005513,UNUM GROUP,unum,UNM,12726,6321.0,crosswalk
0000005981,AMERICAN VANGUARD CORP,american vanguard,AVD,1585,2870.0,crosswalk
0000006176,AMPCO-PITTSBURGH CORP,ampcopittsburgh,AP,1613,3312.0,crosswalk
0000006201,AMERICAN AIRLINES GROUP INC,american airlines,AAL,1045,4512.0,crosswalk
0000006207,AMREP CORP,amrep,AXR,1618,6552.0,crosswalk
0000006281,ANALOG DEVICES INC,analog devices,ADI,1632,3674.0,crosswalk
0000006769,Apache Corp,apache,APA,,1311.0,ticker_map
0000006845,APOGEE ENTERPRISES INC,apogee enterprises,APOG,1686,3442.0,crosswalk
0000006879,APPALACHIAN POWER,appalachian power,,1689,4911.0,crosswalk
0000006951,APPLIED MATERIALS INC,applied materials,AMAT,1704,3559.0,crosswalk
0000006955,ENERPAC TOOL GROUP CORP,enerpac tool,ATU,1706,3533.0,crosswalk
0000007084,ARCHER-DANIELS-MIDLAND CO,archerdanielsmidland,ADM,1722,2070.0,crosswalk
0000007286,ARIZONA PUBLIC SERVICE CO,arizona public service,,1742,4911.0,crosswalk
0000007323,ENTERGY ARKANSAS,entergy arkansas,,1745,4911.0,crosswalk
0000007332,SOUTHWESTERN ENERGY CO,southwestern energy,SWN,9904,1311.0,crosswalk
0000007431,ARMSTRONG WORLD INDUSTRIES,armstrong world industries,AWI,175689,3290.0,crosswalk
0000007536,ARROW ELECTRONICS INC,arrow electronics,ARW,1773,5065.0,crosswalk
0000007623,ARTS WAY MFG INC,arts way mfg,ARTW,1783,3523.0,crosswalk
0000007789,ASSOCIATED BANC-CORP,associated banccorp,ASBC,11842,6020.0,crosswalk
0000008063,ASTRONICS CORP,astronics,ATRO,1823,3640.0,crosswalk
0000008146,ASTRONOVA INC,astronova,ALOT,1820,3577.0,crosswalk
0000008177,ATLANTIC AMERICAN CORP,atlantic american,AAME,16671,6321.0,crosswalk
0000008192,ATLANTIC CITY ELECTRIC CO,atlantic city electric,,14437,4911.0,crosswalk
0000008504,AGEAGLE AERIAL SYSTEMS,ageagle aerial systems,EJXR,27339,3721.0,crosswalk
0000008670,AUTOMATIC DATA PROCESSING,automatic data processing,ADP,1891,7374.0,crosswalk
0000008818,AVERY DENNISON CORP,avery dennison,AVY,1913,2670.0,crosswalk
0000008858,AVNET INC,avnet,AVT,1919,5065.0,crosswalk
0000008947,AZZ INC,azz,AZZ,1926,3470.0,crosswalk
0000009092,BADGER METER INC,badger meter,BMI,1968,3824.0,crosswalk
0000009326,BALCHEM CORP  -CL B,balchem corp cl b,BCPC,1979,2860.0,crosswalk
0000009389,BALL CORP,ball,BLL,1988,3411.0,crosswalk
0000009466,BALTIMORE GAS & ELECTRIC CO,baltimore gas electric,,144580,4911.0,crosswalk
0000009984,BARNES GROUP INC,barnes,B,2049,3490.0,crosswalk
0000010048,BARNWELL INDUSTRIES,barnwell industries,BRN,2052,1311.0,crosswalk
0000010329,BASSETT FURNITURE INDS,bassett furniture inds,BSET,2080,2511.0,crosswalk
0000010456,BAXTER INTERNATIONAL INC,baxter international,BAX,2086,3841.0,crosswalk
0000010795,BECTON DICKINSON & CO,becton dickinson,BDX,2111,3841.0,crosswalk
0000011544,BERKLEY (W R) CORP,berkley w r,BER,14822,6331.0,crosswalk
0000012040,FLANIGANS ENTERPRISES INC,flanigans enterprises,BDL,4759,5812.0,crosswalk
0000012208,BIO-RAD LABORATORIES INC,biorad laboratories,BIO,2220,3826.0,crosswalk
0000012239,DOMINARI HOLDINGS INC,dominari,SPEX,18738,6282.0,crosswalk
0000012659,BLOCK H & R INC,block h r,HRB,2269,7200.0,crosswalk
0000012927,BOEING CO,boeing,BA,2285,3721.0,crosswalk
0000013156,GALAXY GAMING INC,galaxy gaming,GLXZ,183109,3990.0,crosswalk
0000013372,NSTAR ELECTRIC CO,nstar electric,,115567,4911.0,crosswalk
0000014177,BRIDGFORD FOODS CORP,bridgford foods,BRID,2390,2013.0,crosswalk
0000014272,BRISTOL-MYERS SQUIBB CO,bristolmyers squibb,BMY,2403,2834.0,crosswalk
0000014693,BROWN FORMAN CORP,brown forman,BFB,2435,2085.0,crosswalk
0000014707,CALERES INC,caleres,BWS,2436,5661.0,crosswalk
0000014846,BRT APARTMENTS CORP,brt apartments,BRT,1949,6798.0,crosswalk
0000014930,BRUNSWICK CORP,brunswick,BC,2444,3510.0,crosswalk
0000015357,CHASE GENERAL CORP,chase general,,154984,2060.0,crosswalk
0000015615,MASTEC INC,mastec,MTZ,2497,1623.0,crosswalk
0000015847,BUTLER NATIONAL CORP,butler national,BUKS,2519,8741.0,crosswalk
0000016040,CABOT CORP,cabot,CBT,2593,2890.0,crosswalk
0000016058,CACI INTL INC  -CL A,caci intl inc cl a,CACI,2596,7373.0,crosswalk
0000016160,CAL-MAINE FOODS INC,calmaine foods,CALM,64275,200.0,crosswalk
0000016732,CAMPBELL'S CO (THE),campbells co the,CPB,2663,2030.0,crosswalk
0000016875,CANADIAN PAC KANSAS CITY LTD,canadian pac kansas city,,2698,4011.0,crosswalk
0000016918,CONSTELLATION BRANDS,constellation brands,STZ,2710,2082.0,crosswalk
0000017313,CAPITAL SOUTHWEST CORP,capital southwest,CSWC,20029,6797.0,crosswalk
0000017797,DUKE ENERGY PROGRESS INC,duke energy progress,,144848,4911.0,crosswalk
0000017843,CARPENTER TECHNOLOGY CORP,carpenter technology,CRS,2787,3312.0,crosswalk
0000018230,CATERPILLAR INC,caterpillar,CAT,2817,3531.0,crosswalk
0000018255,CATO CORP  -CL A,cato corp cl a,CATO,2818,5621.0,crosswalk
0000018349,SYNOVUS FINANCIAL CORP,synovus financial,SNV,13041,6020.0,crosswalk
0000018498,GENESCO INC,genesco,GCO,5109,5661.0,crosswalk
0000018654,AMEREN ILLINOIS CO,ameren illinois,CIP,24868,4931.0,crosswalk
0000018672,CLECO POWER LLC,cleco power,,145268,4911.0,crosswalk
0000018926,LUMEN TECHNOLOGIES INC,lumen technologies,CTL,2884,4813.0,crosswalk
0000019584,CHEMED CORP,chemed,CHE,2960,8082.0,crosswalk
0000019617,JPMORGAN CHASE & CO,jpmorgan chase,JPM,2968,6020.0,crosswalk
0000019745,CHESAPEAKE UTILITIES CORP,chesapeake utilities,CPK,2986,4923.0,crosswalk
0000019871,CHICAGO RIVET & MACHINE CO,chicago rivet machine,CVR,2999,3452.0,crosswalk
0000020212,CHURCHILL DOWNS INC,churchill downs,CHDN,3028,7990.0,crosswalk
0000020286,CINCINNATI FINANCIAL CORP,cincinnati financial,CINF,14824,6331.0,crosswalk
0000020290,DUKE ENERGY OHIO INC,duke energy ohio,,3039,4931.0,crosswalk
0000020520,FRONTIER COMMUNIC PARENT INC,frontier communic parent,FTR,135484,4813.0,crosswalk
0000020639,AMBASE CORP,ambase,ABCP,24010,9995.0,crosswalk
0000020947,CLEVELAND ELECTRIC ILLUM,cleveland electric illum,CEI,12564,4911.0,crosswalk
0000021076,CLOROX CO/DE,clorox code,CLX,3121,2842.0,crosswalk
0000021175,CNA FINANCIAL CORP,cna financial,CNA,2558,6331.0,crosswalk
0000021344,COCA-COLA CO,cocacola,KO,3144,2086.0,crosswalk
0000021535,COHU INC,cohu,COHU,3158,3825.0,crosswalk
0000021665,COLGATE-PALMOLIVE CO,colgatepalmolive,CL,3170,2844.0,crosswalk
0000022356,COMMERCE BANCSHARES INC,commerce bancshares,CBSH,3238,6020.0,crosswalk
0000022444,COMMERCIAL METALS,commercial metals,CMC,3246,3312.0,crosswalk
0000022606,COMMONWEALTH EDISON CO,commonwealth edison,,31596,4911.0,crosswalk
0000022701,SUNATION ENERGY INC,sunation energy,JCS,41076,3620.0,crosswalk
0000022767,TEXAS NEW MEXICO POWER CO,texas new mexico power,,10502,4911.0,crosswalk
0000023194,COMSTOCK RESOURCES INC,comstock resources,CRK,34010,1311.0,crosswalk
0000023197,COMTECH TELECOMMUN,comtech telecommun,CMTL,3358,3663.0,crosswalk
0000023217,CONAGRA BRANDS INC,conagra brands,CAG,3362,2000.0,crosswalk
0000023426,CONNECTICUT LIGHT & POWER CO,connecticut light power,CLP,3392,4911.0,crosswalk
0000023632,CONSOLIDATED EDISON CO OF NY,consolidated edison co of ny,,105999,4931.0,crosswalk
0000023795,CTO REALTY GROWTH INC,cto realty growth,CTO,3429,6798.0,crosswalk
0000024090,CITIZENS INC,citizens,CIA,16775,6311.0,crosswalk
0000024545,MOLSON COORS BEVERAGE CO,molson coors beverage,TAP,3505,2082.0,crosswalk
0000024741,CORNING INC,corning,GLW,3532,3357.0,crosswalk
0000025232,COUSINS PROPERTIES INC,cousins properties,CUZ,3562,6798.0,crosswalk
0000025445,CRANE NXT CO,crane nxt,CR,42284,3580.0,crosswalk
0000025475,CRAWFORD & CO,crawford,CRDA,3581,6411.0,crosswalk
0000025598,ONEMAIN FINANCE CORP,onemain finance,,3591,6141.0,crosswalk
0000025743,THERAPEUTICSMD INC,therapeuticsmd,TXMD,183322,2834.0,crosswalk
0000025895,CROWN CRAFTS INC,crown crafts,CRWS,3622,2211.0,crosswalk
0000026058,CTS CORP,cts,CTS,2577,3670.0,crosswalk
0000026172,CUMMINS INC,cummins,CMI,3650,3510.0,crosswalk
0000026324,CURTISS-WRIGHT CORP,curtisswright,CW,3662,3728.0,crosswalk
0000026780,DANA INC,dana,DAN,3734,3714.0,crosswalk
0000027093,U.S. GOLD CORP,us gold,DRAM,32014,1000.0,crosswalk
0000027419,TARGET CORP,target,TGT,3813,5331.0,crosswalk
0000027430,DAYTON POWER & LIGHT INC,dayton power light,,12612,4931.0,crosswalk
0000027673,DEERE (JOHN) CAPITAL CORP,deere john capital,,3836,6153.0,crosswalk
0000027879,DELMARVA POWER & LIGHT CO,delmarva power light,,114789,4911.0,crosswalk
0000027904,DELTA AIR LINES INC,delta air lines,DAL,3851,4512.0,crosswalk
0000027996,DELUXE CORP,deluxe,DLX,3863,2780.0,crosswalk
0000028385,DETROIT EDISON CO,detroit edison,,65089,4911.0,crosswalk
0000028412,COMERICA INC,comerica,CMA,3231,6020.0,crosswalk
0000028823,DIEBOLD NIXDORF INC,diebold nixdorf,DBD,3946,3578.0,crosswalk
0000028917,DILLARDS INC  -CL A,dillards inc cl a,DDS,3964,5311.0,crosswalk
0000029002,DIODES INC,diodes,DIOD,3969,3674.0,crosswalk
0000029332,DIXIE GROUP INC,dixie,DXYN,4001,2273.0,crosswalk
0000029534,DOLLAR GENERAL CORP,dollar general,DG,4016,5331.0,crosswalk
0000029644,DONALDSON CO INC,donaldson,DCI,4036,3714.0,crosswalk
0000029905,DOVER CORP,dover,DOV,4058,3559.0,crosswalk
0000029915,Dow Chemical Co,dow chemical,DOW,,2821.0,ticker_map
0000029989,OMNICOM GROUP INC,omnicom,OMC,4066,7311.0,crosswalk
0000030305,DUCOMMUN INC,ducommun,DCO,4091,3728.0,crosswalk
0000030371,DUKE ENERGY CAROLINAS LLC,duke energy carolinas,DUK,180942,4911.0,crosswalk
0000030554,DU PONT (E I) DE NEMOURS,du pont e i de nemours,DD,4087,2820.0,crosswalk
0000030625,FLOWSERVE CORP,flowserve,FLS,4108,3561.0,crosswalk
0000030697,WENDY'S CO,wendys,WEN,3708,5812.0,crosswalk
0000031107,EASTERN CO,eastern,EML,4186,3420.0,crosswalk
0000031235,EASTMAN KODAK CO,eastman kodak,KODK,4194,3861.0,crosswalk
0000031462,ECOLAB INC,ecolab,ECL,4213,2842.0,crosswalk
0000031667,EDUCATIONAL DEVELOPMENT CORP,educational development,EDUC,4225,5190.0,crosswalk
0000031791,REVVITY INC,revvity,PKI,4145,3826.0,crosswalk
0000032604,EMERSON ELECTRIC CO,emerson electric,EMR,4321,3823.0,crosswalk
0000032621,EMERSON RADIO CORP,emerson radio,MSN,4322,3651.0,crosswalk
0000033002,ENNIS INC,ennis,EBF,4390,2761.0,crosswalk
0000033185,EQUIFAX INC,equifax,EFX,4423,7323.0,crosswalk
0000033213,EQT CORP,eqt,EQT,4430,1311.0,crosswalk
0000033488,ESCALADE INC,escalade,ESCA,4448,3949.0,crosswalk
0000033533,ESPEY MFG & ELECTRONICS CORP,espey mfg electronics,ESP,4450,3679.0,crosswalk
0000033992,KINGSTONE COS INC,kingstone cos,KINS,4485,6331.0,crosswalk
0000034067,DMC GLOBAL INC,dmc global,BOOM,4497,3533.0,crosswalk
0000034088,EXXON MOBIL CORP,exxon mobil,XOM,4503,2911.0,crosswalk
0000034285,RELIABILITY INC,reliability,RLBY,35849,7361.0,crosswalk
0000034563,FARMER BROS CO,farmer bros,FARM,4579,2090.0,crosswalk
0000034782,1ST SOURCE CORP,1st source,SRCE,15199,6020.0,crosswalk
0000034903,FEDERAL REALTY INVESTMENT TR,federal realty investment tr,FRT,4605,6798.0,crosswalk
0000034956,TENAX THERAPEUTICS INC,tenax therapeutics,OXBT,27939,2836.0,crosswalk
0000035527,FIFTH THIRD BANCORP,fifth third bancorp,FITB,4640,6020.0,crosswalk
0000036029,FIRST FINL BANKSHARES INC,first finl bankshares,FFIN,29101,6020.0,crosswalk
0000036104,US BANCORP,us bancorp,USB,4723,6020.0,crosswalk
0000036146,TRUSTMARK CORP,trustmark,TRMK,4685,6020.0,crosswalk
0000036270,M&T BANK CORP,mt bank,MTB,4699,6020.0,crosswalk
0000036377,FIRST HAWAIIAN INC,first hawaiian,,27665,6020.0,crosswalk
0000036840,FIRST REAL ESTATE TR NJ INC,first real estate tr nj,FREVS,20059,6798.0,crosswalk
0000036966,FIRST HORIZON CORP,first horizon,FHN,4737,6020.0,crosswalk
0000037472,FLEXSTEEL INDUSTRIES INC,flexsteel industries,FLXS,4771,2510.0,crosswalk
0000037634,FLORIDA POWER & LIGHT CO,florida power light,,4798,4911.0,crosswalk
0000037637,DUKE ENERGY FLORIDA INC,duke energy florida,,4799,4911.0,crosswalk
0000037785,FMC CORP,fmc,FMC,4510,2870.0,crosswalk
0000037808,F N B CORP/FL,f n b corpfl,FNB,18049,6020.0,crosswalk
0000037996,FORD MOTOR CO,ford motor,F,4839,3711.0,crosswalk
0000038009,FORD MOTOR CREDIT CO LLC,ford motor credit,,4840,6159.0,crosswalk
0000038264,FORWARD INDUSTRIES INC,forward industries,FORD,62262,8711.0,crosswalk
0000038723,1ST FRANKLIN FINANCIAL CORP,1st franklin financial,,181727,6141.0,crosswalk
0000038725,FRANKLIN ELECTRIC CO INC,franklin electric,FELE,4881,3621.0,crosswalk
0000038777,FRANKLIN RESOURCES INC,franklin resources,BEN,4885,6282.0,crosswalk
0000039020,FREQUENCY ELECTRONICS INC,frequency electronics,FEIM,4900,3825.0,crosswalk
0000039092,FRIEDMAN INDUSTRIES INC,friedman industries,FRD,4903,3310.0,crosswalk
0000039263,CULLEN/FROST BANKERS INC,cullenfrost bankers,CFR,3643,6020.0,crosswalk
0000039311,INDEPENDENT BANK CORP/MI,independent bank corpmi,IBCP,16890,6020.0,crosswalk
0000039368,FULLER (H. B.) CO,fuller h b,FUL,4926,2891.0,crosswalk
0000039899,TEGNA INC,tegna,GCI,4988,4833.0,crosswalk
0000039911,GAP INC,gap,GPS,4990,5651.0,crosswalk
0000040211,GATX CORP,gatx,GMT,4941,4700.0,crosswalk
0000040533,GENERAL DYNAMICS CORP,general dynamics,GD,5046,3721.0,crosswalk
0000040545,GE AEROSPACE,ge aerospace,GE,5047,3724.0,crosswalk
0000040570,GEE GROUP INC,gee,JOB,5050,7361.0,crosswalk
0000040704,GENERAL MILLS INC,general mills,GIS,5071,2040.0,crosswalk
0000040729,ALLY FINANCIAL INC,ally financial,,5072,6172.0,crosswalk
0000040987,GENUINE PARTS CO,genuine parts,GPC,5125,5013.0,crosswalk
0000041091,GEORGIA POWER,georgia power,GPEPRA,5135,4911.0,crosswalk
0000041719,MAGNERA CORP,magnera,GLT,50852,2600.0,crosswalk
0000042582,GOODYEAR TIRE & RUBBER CO,goodyear tire rubber,GT,5234,3011.0,crosswalk
0000042682,GORMAN-RUPP CO,gormanrupp,GRC,5237,3561.0,crosswalk
0000042888,GRACO INC,graco,GGG,5252,3561.0,crosswalk
0000043196,GRAY MEDIA INC,gray media,GTN,5284,4833.0,crosswalk
0000043920,GREIF INC  -CL A,greif inc cl a,GEF,5338,2650.0,crosswalk
0000045012,HALLIBURTON CO,halliburton,HAL,5439,1389.0,crosswalk
0000045876,ENVIRI CORP,enviri,HSC,5496,3390.0,crosswalk
0000045919,HARTE HANKS INC,harte hanks,HHS,12545,7331.0,crosswalk
0000046080,HASBRO INC,hasbro,HAS,5518,3944.0,crosswalk
0000046129,ALLIENT INC,allient,AMOT,5520,3621.0,crosswalk
0000046195,BANK OF HAWAII CORP,bank of hawaii,BOH,2005,6020.0,crosswalk
0000046207,HAWAIIAN ELECTRIC CO,hawaiian electric,,5525,4911.0,crosswalk
0000046250,HAWKINS INC,hawkins,HWKN,5530,5160.0,crosswalk
0000046619,HEICO CORP,heico,HEI,5567,3724.0,crosswalk
0000046765,HELMERICH & PAYNE,helmerich payne,HP,5581,1381.0,crosswalk
0000047111,HERSHEY CO,hershey,HSY,5597,2060.0,crosswalk
0000047217,HP INC,hp,HPQ,5606,3570.0,crosswalk
0000047307,CRAWFORD UNITED CORP,crawford united,HICKA,5621,3490.0,crosswalk
0000048287,HNI CORP,hni,HNI,5690,2522.0,crosswalk
0000048465,HORMEL FOODS CORP,hormel foods,HRL,5709,2011.0,crosswalk
0000048732,CENTERPOINT ENRG HOUSTON ELE,centerpoint enrg houston ele,,155969,4911.0,crosswalk
0000048898,HUBBELL INC,hubbell,HUBA,5764,3640.0,crosswalk
0000049071,HUMANA INC,humana,HUM,27914,6324.0,crosswalk
0000049196,HUNTINGTON BANCSHARES,huntington bancshares,HBAN,5786,6020.0,crosswalk
0000049600,EASTGROUP PROPERTIES,eastgroup properties,EGP,4193,6798.0,crosswalk
0000049648,IDAHO POWER CO,idaho power,IDAHOPWR,145269,4911.0,crosswalk
0000049754,DINE BRANDS GLOBAL INC,dine brands global,DIN,24291,6794.0,crosswalk
0000049826,ILLINOIS TOOL WORKS,illinois tool works,ITW,5878,3560.0,crosswalk
0000049938,IMPERIAL OIL LTD,imperial oil,,5903,2911.0,crosswalk
0000050172,INDIANA MICHIGAN POWER CO,indiana michigan power,,5914,4911.0,crosswalk
0000050292,Ieh Corporation,ieh,IEHC,,3678.0,ticker_map
0000050471,REPOSITRAK INC,repositrak,PCYG,116166,7370.0,crosswalk
0000050493,INGLES MARKETS INC  -CL A,ingles markets inc cl a,IMKTA,12972,5411.0,crosswalk
0000050725,GRIFFON CORP,griffon,GFF,5987,3420.0,crosswalk
0000050863,INTEL CORP,intel,INTC,6008,3674.0,crosswalk
0000051143,INTL BUSINESS MACHINES CORP,intl business machines,IBM,6066,7370.0,crosswalk
0000051253,INTL FLAVORS & FRAGRANCES,intl flavors fragrances,IFF,6078,2860.0,crosswalk
0000051434,INTL PAPER CO,intl paper,IP,6104,2631.0,crosswalk
0000051644,INTERPUBLIC GROUP OF COS,interpublic group of cos,IPG,6136,7311.0,crosswalk
0000052485,INTERSTATE POWER & LIGHT CO,interstate power light,,12555,4931.0,crosswalk
0000052827,RAYONIER INC,rayonier,RYN,5862,6798.0,crosswalk
0000052988,JACOBS SOLUTIONS INC,jacobs solutions,JEC,6216,8700.0,crosswalk
0000054187,MAYS (J.W.) INC,mays jw,MAYS,7138,6512.0,crosswalk
0000054381,KAMAN CORP,kaman,KAMN,6326,3720.0,crosswalk
0000054476,KANSAS CITY POWER & LIGHT CO,kansas city power light,,156654,4911.0,crosswalk
0000054507,WESTAR ENERGY INC,westar energy,WR,34057,4911.0,crosswalk
0000055067,KELLANOVA,kellanova,K,6375,2040.0,crosswalk
0000055135,KELLY SERVICES INC  -CL A,kelly services inc cl a,KELYAKELYB,6379,7363.0,crosswalk
0000055234,GLOBAL ASSET MGMT GROUP INC,global asset mgmt,,6385,8090.0,crosswalk
0000055242,KENNAMETAL INC,kennametal,KMT,6386,3540.0,crosswalk
0000055387,KENTUCKY UTILITIES CO,kentucky utilities,,25588,4911.0,crosswalk
0000055529,KEWAUNEE SCIENTIFIC CORP,kewaunee scientific,KEQU,6410,3821.0,crosswalk
0000055785,KIMBERLY-CLARK CORP,kimberlyclark,KMB,6435,2621.0,crosswalk
0000056047,KIRBY CORP,kirby,KEX,6461,4400.0,crosswalk
0000056679,KORN FERRY,korn ferry,KFY,118267,7361.0,crosswalk
0000056701,KOSS CORP,koss,KOSS,6497,3651.0,crosswalk
0000056868,PRIMEENERGY RESOURCES CORP,primeenergy resources,PNRG,6311,1311.0,crosswalk
0000056873,KROGER CO,kroger,KR,6502,5411.0,crosswalk
0000056978,KULICKE & SOFFA INDUSTRIES,kulicke soffa industries,KLIC,6509,3559.0,crosswalk
0000057131,LA-Z-BOY INC,lazboy,LZB,6543,2510.0,crosswalk
0000057183,LACLEDE GAS CO,laclede gas,,156655,4924.0,crosswalk
0000057515,MARZETTI CO (THE),marzetti co the,LANC,6573,2030.0,crosswalk
0000058492,LEGGETT & PLATT INC,leggett platt,LEG,6649,2510.0,crosswalk
0000059255,VALHI INC,valhi,VHI,12578,2810.0,crosswalk
0000059440,VECTOR GROUP LTD,vector,VGR,13963,2111.0,crosswalk
0000059478,LILLY (ELI) & CO,lilly eli,LLY,6730,2834.0,crosswalk
0000059527,LINCOLN ELECTRIC HLDGS INC,lincoln electric hldgs,LECO,6737,3540.0,crosswalk
0000059558,LINCOLN NATIONAL CORP,lincoln national,LNC,6742,6311.0,crosswalk
0000060086,LOEWS CORP,loews,L,6781,6331.0,crosswalk
0000060519,LOUISIANA-PACIFIC CORP,louisianapacific,LPX,6821,2400.0,crosswalk
0000060549,LOUISVILLE GAS AND ELECTRIC,louisville gas and electric,,23465,4931.0,crosswalk
0000060667,LOWE'S COS INC,lowes cos,LOW,6829,5211.0,crosswalk
0000060714,LSB INDUSTRIES INC,lsb industries,LXU,6528,2810.0,crosswalk
0000061004,LGL GROUP INC,lgl,LGL,6848,3679.0,crosswalk
0000061339,MADISON GAS & ELECTRIC CO,madison gas electric,MGEE,156656,4931.0,crosswalk
0000061398,TELLURIAN INC,tellurian,MPET,30241,1311.0,crosswalk
0000061986,MANITOWOC CO,manitowoc,MTW,6994,3530.0,crosswalk
0000062234,MARCUS CORP,marcus,MCS,7022,7830.0,crosswalk
0000062362,MARINE PETROLEUM TRUST,marine petroleum trust,,7034,6792.0,crosswalk
0000062709,MARSH,marsh,MMC,7065,6411.0,crosswalk
0000062996,MASCO CORP,masco,MAS,7085,3430.0,crosswalk
0000063276,MATTEL INC,mattel,MAT,7116,3942.0,crosswalk
0000063296,MATTHEWS INTL CORP  -CL A,matthews intl corp cl a,MATW,30477,3990.0,crosswalk
0000063330,MAUI LAND & PINEAPPLE CO,maui land pineapple,MLP,7117,6552.0,crosswalk
0000063754,MCCORMICK & CO INC,mccormick,MKC,7146,2090.0,crosswalk
0000063908,MCDONALD'S CORP,mcdonalds,MCD,7154,5812.0,crosswalk
0000064040,S&P GLOBAL INC,sp global,MHP,7163,7323.0,crosswalk
0000064463,SOLUNA HOLDINGS INC,soluna,MKTY,7183,7372.0,crosswalk
0000064472,Gencor Industries Inc,gencor industries,GNCI,,3531.0,ticker_map
0000064803,CVS HEALTH CORP,cvs health,CVS,7241,8000.0,crosswalk
0000064996,MERCURY GENERAL CORP,mercury general,MCY,17035,6331.0,crosswalk
0000065172,MESABI TRUST,mesabi trust,MSB,7279,6795.0,crosswalk
0000065270,METHODE ELECTRONICS INC,methode electronics,METH,7291,3678.0,crosswalk
0000065312,EVI INDUSTRIES INC,evi industries,DCU,7295,5080.0,crosswalk
0000065596,SIEBERT FINANCIAL CORP,siebert financial,SIEB,7315,6211.0,crosswalk
0000065759,MICROPAC INDUSTRIES INC,micropac industries,MPAD,7344,3674.0,crosswalk
0000065770,MICROVISION INC,microvision,MVIS,63531,3679.0,crosswalk
0000065984,ENTERGY CORP,entergy,ETR,7366,4911.0,crosswalk
0000066004,MIDDLESEX WATER CO,middlesex water,MSEX,7368,4941.0,crosswalk
0000066382,MILLERKNOLL INC,millerknoll,MLHR,7401,2520.0,crosswalk
0000066418,MEXCO ENERGY CORP,mexco energy,MXC,7309,1311.0,crosswalk
0000066570,MSA SAFETY INC,msa safety,MSA,7420,3842.0,crosswalk
0000066740,3M CO,3m,MMM,7435,9997.0,crosswalk
0000066756,ALLETE INC,allete,ALE,7437,4931.0,crosswalk
0000066901,ENTERGY MISSISSSIPPI,entergy mississsippi,,7449,4911.0,crosswalk
0000066904,MISSISSIPPI POWER CO,mississippi power,MPF,7450,4911.0,crosswalk
0000067215,DYCOM INDUSTRIES INC,dycom industries,DY,4115,1623.0,crosswalk
0000067347,MODINE MANUFACTURING CO,modine manufacturing,MOD,7486,3585.0,crosswalk
0000067716,MDU RESOURCES GROUP INC,mdu resources,MDU,6867,4932.0,crosswalk
0000067887,MOOG INC  -CL A,moog inc cl a,MOGA,7549,3728.0,crosswalk
0000068505,MOTOROLA SOLUTIONS INC,motorola solutions,MSI,7585,3663.0,crosswalk
0000068622,QWEST CORP,qwest,,148998,4813.0,crosswalk
0000069422,INTERGROUP CORP,intergroup,INTG,7632,7011.0,crosswalk
0000069488,MYERS INDUSTRIES INC,myers industries,MYE,7636,3089.0,crosswalk
0000069633,NAPCO SECURITY TECH INC,napco security tech,NSSC,7685,3669.0,crosswalk
0000069733,NATHAN'S FAMOUS INC,nathans famous,NATH,7696,2013.0,crosswalk
0000069891,NATIONAL BEVERAGE CORP,national beverage,FIZZ,24463,2086.0,crosswalk
0000070145,NATIONAL FUEL GAS CO,national fuel gas,NFG,7733,4924.0,crosswalk
0000070318,TENET HEALTHCARE CORP,tenet healthcare,THC,7750,8062.0,crosswalk
0000070487,NATIONAL RESEARCH CORP,national research,NRCIA,65587,7389.0,crosswalk
0000070502,NATIONAL RURAL UTIL COOP CP,national rural util coop cp,,7769,6159.0,crosswalk
0000070858,BANK OF AMERICA CORP,bank of america,BAC,7647,6020.0,crosswalk
0000070866,NCR VOYIX CORP,ncr voyix,NCR,7648,7372.0,crosswalk
0000071180,NEVADA POWER CO,nevada power,,145270,4911.0,crosswalk
0000071508,ENTERGY NEW ORLEANS,entergy new orleans,EYNO,7851,4931.0,crosswalk
0000071557,NUVERA COMMUNICATIONS INC,nuvera communications,NULM,7863,4813.0,crosswalk
0000071691,NEW YORK TIMES CO  -CL A,new york times co cl a,NYT,7866,2711.0,crosswalk
0000071829,NPK INTERNATIONAL INC,npk international,NR,7882,7359.0,crosswalk
0000072162,NL INDUSTRIES,nl industries,NL,7658,3562.0,crosswalk
0000072205,NOBILITY HOMES INC,nobility homes,NOBH,7911,2451.0,crosswalk
0000072331,NORDSON CORP,nordson,NDSN,7921,3569.0,crosswalk
0000072333,NORDSTROM INC,nordstrom,JWN,7922,5651.0,crosswalk
0000072444,VAXART INC,vaxart,BOTA,33114,2836.0,crosswalk
0000072573,MOVADO GROUP INC,movado,MOV,7951,3873.0,crosswalk
0000072633,NORTH EUROPEAN OIL RTY TR,north european oil rty tr,NRT,7959,6792.0,crosswalk
0000072741,EVERSOURCE ENERGY,eversource energy,NU,7970,4931.0,crosswalk
0000072903,XCEL ENERGY INC,xcel energy,XEL,7977,4931.0,crosswalk
0000072909,NORTHERN STATES POWER/WI,northern states powerwi,,7978,4931.0,crosswalk
0000072971,WELLS FARGO & CO,wells fargo,WFC,8007,6020.0,crosswalk
0000073020,Northwest Natural Gas Co,northwest natural gas,NWN,,4924.0,ticker_map
0000073124,NORTHERN TRUST CORP,northern trust,NTRS,7982,6020.0,crosswalk
0000073290,BIOMERICA INC,biomerica,BMRA,7662,2835.0,crosswalk
0000073309,NUCOR CORP,nucor,NUE,8030,3312.0,crosswalk
0000073756,OCEANEERING INTERNATIONAL,oceaneering international,OII,8079,1389.0,crosswalk
0000073960,OHIO EDISON CO,ohio edison,OE,107682,4911.0,crosswalk
0000073986,OHIO POWER,ohio power,,8102,4911.0,crosswalk
0000074046,OIL DRI CORP AMERICA,oil dri corp america,ODC,8105,3290.0,crosswalk
0000074145,OKLAHOMA GAS & ELECTRIC CO,oklahoma gas electric,,115687,4911.0,crosswalk
0000074208,UDR INC,udr,UDR,10894,6798.0,crosswalk
0000074260,OLD REPUBLIC INTL CORP,old republic intl,ORI,14828,6331.0,crosswalk
0000074303,OLIN CORP,olin,OLN,8123,2810.0,crosswalk
0000075208,OVERSEAS SHIPHOLDING GROUP,overseas shipholding,OSG,8210,4412.0,crosswalk
0000075252,ACCENDRA HEALTH INC,accendra health,OMI,8213,5047.0,crosswalk
0000075288,OXFORD INDUSTRIES INC,oxford industries,OXM,8219,2300.0,crosswalk
0000075362,PACCAR INC,paccar,PCAR,8253,3711.0,crosswalk
0000075488,PACIFIC GAS & ELECTRIC CO,pacific gas electric,PCG,65092,4931.0,crosswalk
0000075594,PACIFICORP,pacificorp,,8290,4911.0,crosswalk
0000075677,PACKAGING CORP OF AMERICA,packaging corp of america,PKG,128978,2650.0,crosswalk
0000076267,PARK AEROSPACE CORP,park aerospace,PKE,8348,3672.0,crosswalk
0000076282,PARK OHIO HOLDINGS CORP,park ohio,PKOH,8350,5072.0,crosswalk
0000076334,PARKER-HANNIFIN CORP,parkerhannifin,PH,8358,3490.0,crosswalk
0000076605,PATRICK INDUSTRIES INC,patrick industries,PATK,8386,3714.0,crosswalk
0000077360,PENTAIR PLC,pentair,PNR,8463,3561.0,crosswalk
0000077476,PEPSICO INC,pepsico,PEP,8479,2080.0,crosswalk
0000077543,TUTOR PERINI CORP,tutor perini,TPC,8486,1600.0,crosswalk
0000078003,PFIZER INC,pfizer,PFE,8530,2834.0,crosswalk
0000078100,PECO ENERGY CO,peco energy,,145347,4931.0,crosswalk
0000078128,ESSENTIAL UTILITIES INC,essential utilities,WTR,8542,4941.0,crosswalk
0000078239,PVH CORP,pvh,PVH,8551,2300.0,crosswalk
0000078460,PIEDMONT NATURAL GAS CO,piedmont natural gas,PNY,8577,4924.0,crosswalk
0000078749,AGILYSYS INC,agilysys,AGYS,8599,7372.0,crosswalk
0000078814,PITNEY BOWES INC,pitney bowes,PBI,8606,3579.0,crosswalk
0000078890,BRINKS CO,brinks,BCO,28590,7381.0,crosswalk
0000079282,BROWN & BROWN INC,brown brown,BRO,15417,6411.0,crosswalk
0000079661,PORTSMOUTH SQUARE INC,portsmouth square,PRSI,22549,7011.0,crosswalk
0000079732,POTOMAC ELECTRIC POWER CO,potomac electric power,POM,155277,4911.0,crosswalk
0000079879,PPG INDUSTRIES INC,ppg industries,PPG,8247,2851.0,crosswalk
0000080035,PREFORMED LINE PRODUCTS CO,preformed line products,PLPC,19305,3640.0,crosswalk
0000080172,NATIONAL PRESTO INDS INC,national presto inds,NPK,7762,3480.0,crosswalk
0000080420,POWELL INDUSTRIES INC,powell industries,POWL,8699,3613.0,crosswalk
0000080424,PROCTER & GAMBLE CO,procter gamble,PG,8762,2840.0,crosswalk
0000080661,PROGRESSIVE CORP-OHIO,progressive corpohio,PGR,13341,6331.0,crosswalk
0000081018,PUBLIC SERVICE CO OF COLO,public service co of colo,,66591,4931.0,crosswalk
0000081020,DUKE ENERGY INDIANA INC,duke energy indiana,,15448,4911.0,crosswalk
0000081023,PUBLIC SERVICE CO OF NEW MEX,public service co of new mex,,156818,4931.0,crosswalk
0000081027,PUBLIC SERVICE CO OF OKLA,public service co of okla,,8809,4911.0,crosswalk
0000081033,PUBLIC SERVICE ELEC & GAS CO,public service elec gas,PEGPR,12749,4931.0,crosswalk
0000081061,PUBLIX SUPER MARKETS INC,publix super markets,,8815,5411.0,crosswalk
0000081100,PUGET SOUND ENERGY INC,puget sound energy,,156819,4931.0,crosswalk
0000081362,QUAKER HOUGHTON,quaker houghton,KWR,8850,2990.0,crosswalk
0000081955,RAND CAPITAL CORP,rand capital,RAND,19605,6797.0,crosswalk
0000082020,U S LIME & MINERALS,u s lime minerals,USLM,8947,1400.0,crosswalk
0000082473,INNSUITES HOSPITALITY TR,innsuites hospitality tr,IHT,8987,6798.0,crosswalk
0000082811,REGAL REXNORD CORP,regal rexnord,RBC,9016,3621.0,crosswalk
0000083246,HSBC USA INC,hsbc usa,HUSI,9061,6020.0,crosswalk
0000083350,RESERVE PETROLEUM CO,reserve petroleum,RSRV,22962,1311.0,crosswalk
0000084112,RISK(GEORGE) INDUSTRIES INC,riskgeorge industries,RSKIA,9154,3669.0,crosswalk
0000084129,RITE AID CORP,rite aid,RAD,9155,5912.0,crosswalk
0000084246,RLI CORP,rli,RLI,13342,6331.0,crosswalk
0000084748,ROGERS CORP,rogers,ROG,9216,3672.0,crosswalk
0000084839,ROLLINS INC,rollins,ROL,9225,7340.0,crosswalk
0000085535,Royal Gold Inc,royal gold,RGLD,,6795.0,ticker_map
0000085961,RYDER SYSTEM INC,ryder system,R,9299,7510.0,crosswalk
0000086115,SAFEGUARD SCIENTIFICS INC,safeguard scientifics,SFE,9355,6799.0,crosswalk
0000086312,TRAVELERS COS INC,travelers cos,TRV,62689,6331.0,crosswalk
0000086521,SAN DIEGO GAS & ELECTRIC CO,san diego gas electric,SDO,65090,4931.0,crosswalk
0000087050,NEONODE INC,neonode,NEON,178153,3663.0,crosswalk
0000087347,SLB LTD,slb,SLB,9465,1389.0,crosswalk
0000088000,HORIZON KINETICS HLDING CORP,horizon kinetics hlding,SLGD,9521,6282.0,crosswalk
0000088121,SEABOARD CORP,seaboard,SEB,9538,9997.0,crosswalk
0000088205,SPX TECHNOLOGIES INC,spx technologies,SPW,5087,3585.0,crosswalk
0000088941,SEMTECH CORP,semtech,SMTC,9599,3674.0,crosswalk
0000088948,SENECA FOODS CORP,seneca foods,SENEA,8582,2033.0,crosswalk
0000089089,SERVICE CORP INTERNATIONAL,service corp international,SCI,9611,7200.0,crosswalk
0000089140,SERVOTRONICS INC,servotronics,SVT,9619,3621.0,crosswalk
0000089439,MUELLER INDUSTRIES,mueller industries,MLI,15343,3350.0,crosswalk
0000089800,SHERWIN-WILLIAMS CO,sherwinwilliams,SHW,9667,2851.0,crosswalk
0000090144,SIERRA PACIFIC POWER CO,sierra pacific power,,9691,4931.0,crosswalk
0000090498,SIMMONS FIRST NATL CP  -CL A,simmons first natl cp cl a,SFNC,19355,6020.0,crosswalk
0000090896,CHAMPION HOMES INC,champion homes,SKY,33652,2451.0,crosswalk
0000091142,SMITH (A.O.),smith ao,AOS,9771,3630.0,crosswalk
0000091419,SMUCKER (JM) CO,smucker jm,SJM,9777,2033.0,crosswalk
0000091440,SNAP-ON INC,snapon,SNA,9778,3420.0,crosswalk
0000091576,KEYCORP,keycorp,KEY,9783,6020.0,crosswalk
0000091668,SOLITRON DEVICES INC,solitron devices,SODI,9799,3674.0,crosswalk
0000091767,SONOCO PRODUCTS CO,sonoco products,SON,9815,2650.0,crosswalk
0000091882,SOUTH CAROLINA ELEC & GAS CO,south carolina elec gas,SCG,9828,4931.0,crosswalk
0000092103,SOUTHERN CALIFORNIA EDISON,southern california edison,SCE,14912,4911.0,crosswalk
0000092108,SOUTHERN CALIFORNIA GAS CO,southern california gas,SOCG,9848,4924.0,crosswalk
0000092116,GOLDEN STATE WATER CO,golden state water,,147222,4941.0,crosswalk
0000092122,SOUTHERN CO,southern,SO,9850,4911.0,crosswalk
0000092230,TRUIST FINANCIAL CORP,truist financial,BBT,11856,6020.0,crosswalk
0000092380,SOUTHWEST AIRLINES,southwest airlines,LUV,9882,4512.0,crosswalk
0000092416,Southwest Gas Corp,southwest gas,SWX,,4923.0,ticker_map
0000092487,SOUTHWESTERN ELECTRIC PWR CO,southwestern electric pwr,,9902,4911.0,crosswalk
0000092521,SOUTHWESTERN PUBLIC SVC CO,southwestern public svc,,9906,4911.0,crosswalk
0000093314,VOLITIONRX LTD,volitionrx,VNRX,10761,2835.0,crosswalk
0000093389,STANDARD MOTOR PRODS,standard motor prods,SMP,10000,3690.0,crosswalk
0000093410,CHEVRON CORP,chevron,CVX,2991,2911.0,crosswalk
0000093556,STANLEY BLACK & DECKER INC,stanley black decker,SWK,10016,3540.0,crosswalk
0000093751,STATE STREET CORP,state street,STT,10035,6282.0,crosswalk
0000094049,STEPAN CO,stepan,SCL,10056,2840.0,crosswalk
0000094344,STEWART INFORMATION SERVICES,stewart information services,STC,10086,6361.0,crosswalk
0000094845,LEVI STRAUSS & CO,levi strauss,,16476,2300.0,crosswalk
0000095029,STURM RUGER & CO INC,sturm ruger,RGR,10124,3480.0,crosswalk
0000095552,SUPERIOR INDUSTRIES INTL,superior industries intl,SUP,10195,3714.0,crosswalk
0000095574,SUPERIOR GROUP OF COS INC,superior group of cos,SGC,10198,2300.0,crosswalk
0000095953,ASCENT INDUSTRIES CO,ascent industries,SYNL,10236,3317.0,crosswalk
0000096021,SYSCO CORP,sysco,SYY,10247,5140.0,crosswalk
0000096223,JEFFERIES FINANCIAL GRP INC,jefferies financial grp,LUK,6682,6211.0,crosswalk
0000096271,TAMPA ELECTRIC CO,tampa electric,,10327,4931.0,crosswalk
0000096536,TAYLOR DEVICES INC,taylor devices,TAYD,10349,3569.0,crosswalk
0000096793,SUNLINK HEALTH SYSTEMS INC,sunlink health systems,SSY,10380,5912.0,crosswalk
0000096869,TEJON RANCH CO,tejon ranch,TRC,10390,100.0,crosswalk
0000096885,TEL-INSTRUMENT ELECTRONICS,telinstrument electronics,TIK,22761,3825.0,crosswalk
0000096943,TELEFLEX INC,teleflex,TFX,10407,3841.0,crosswalk
0000097134,TENNANT CO,tennant,TNC,10441,3580.0,crosswalk
0000097210,TERADYNE INC,teradyne,TER,10453,3825.0,crosswalk
0000097216,TEREX CORP,terex,TEX,7991,3530.0,crosswalk
0000097476,TEXAS INSTRUMENTS INC,texas instruments,TXN,10499,3674.0,crosswalk
0000097745,THERMO FISHER SCIENTIFIC INC,thermo fisher scientific,TMO,10530,3826.0,crosswalk
0000098222,TIDEWATER INC,tidewater,TDW,10565,4400.0,crosswalk
0000098362,TIMKEN CO,timken,TKR,10581,3562.0,crosswalk
0000098677,TOOTSIE ROLL INDUSTRIES INC,tootsie roll industries,TR,10609,2060.0,crosswalk
0000099106,TRANS-LUX CORP,translux,TNLX,10658,3990.0,crosswalk
0000099250,TRANSCONTINENTAL GAS PIPE LN,transcontinental gas pipe ln,,10678,4922.0,crosswalk
0000099302,TRANSCAT INC,transcat,TRNS,10685,8734.0,crosswalk
0000099780,TRINITY INDUSTRIES INC,trinity industries,TRN,10735,3743.0,crosswalk
0000100122,TUCSON ELECTRIC POWER CO,tucson electric power,,66624,4911.0,crosswalk
0000100378,TWIN DISC INC,twin disc,TWIN,10777,3560.0,crosswalk
0000100493,TYSON FOODS INC  -CL A,tyson foods inc cl a,TSN,10793,2011.0,crosswalk
0000100517,UNITED AIRLINES HOLDINGS INC,united airlines,UAL,10795,4512.0,crosswalk
0000100591,ARGAN INC,argan,AGX,8832,8711.0,crosswalk
0000100726,UNIFI INC,unifi,UFI,10839,2200.0,crosswalk
0000100790,UNION CARBIDE CORP,union carbide,,10857,2860.0,crosswalk
0000100826,UNION ELECTRIC CO,union electric,UEP,116304,4911.0,crosswalk
0000100885,UNION PACIFIC CORP,union pacific,UNP,10867,4011.0,crosswalk
0000101199,UNITED FIRE GROUP INC,united fire,UFCS,17252,6331.0,crosswalk
0000101295,UNITED-GUARDIAN INC,unitedguardian,UG,10902,2834.0,crosswalk
0000101382,UMB FINANCIAL CORP,umb financial,UMBF,10916,6020.0,crosswalk
0000101538,U S ANTIMONY CORP,u s antimony,UAMY,10930,3330.0,crosswalk
0000101594,US ENERGY CORP,us energy,USEG,10938,1311.0,crosswalk
0000101778,MARATHON OIL CORP,marathon oil,MRO,7017,1311.0,crosswalk
0000101829,RTX CORP,rtx,UTX,10983,3724.0,crosswalk
0000101984,UNIVERSAL ELECTRONICS INC,universal electronics,UEIC,27828,3651.0,crosswalk
0000102037,UNIVERSAL CORP/VA,universal corpva,UVV,11017,5150.0,crosswalk
0000102109,UNIVERSAL SAFETY PRDUCTS INC,universal safety prducts,UUU,11027,3669.0,crosswalk
0000102212,UNIVEST FINANCIAL CORP,univest financial,UVSP,19817,6020.0,crosswalk
0000102729,VALMONT INDUSTRIES INC,valmont industries,VMI,11094,3440.0,crosswalk
0000102752,VSE CORP,vse,VSEC,11065,4581.0,crosswalk
0000103145,VEECO INSTRUMENTS INC,veeco instruments,VECO,11124,3559.0,crosswalk
0000103379,VF CORP,vf,VFC,11060,2300.0,crosswalk
0000103595,VILLAGE SUPER MARKET  -CL A,village super market cl a,VLGEA,11178,5411.0,crosswalk
0000103682,VIRGINIA ELECTRIC & POWER CO,virginia electric power,VEL,11188,4911.0,crosswalk
0000103730,VISHAY INTERTECHNOLOGY INC,vishay intertechnology,VSH,11191,3670.0,crosswalk
0000104169,WALMART INC,walmart,WMT,11259,5331.0,crosswalk
0000104889,GRAHAM HOLDINGS CO,graham,WPO,11300,8200.0,crosswalk
0000104894,ELME COMMUNITIES,elme communities,WRE,11301,6798.0,crosswalk
0000104918,AVISTA CORP,avista,AVA,11304,4931.0,crosswalk
0000105016,WATSCO INC,watsco,WSO,11313,5070.0,crosswalk
0000105132,WD-40 CO,wd40,WDFC,11234,2890.0,crosswalk
0000105319,WW INTERNATIONAL INC,ww international,WTW,145308,7200.0,crosswalk
0000105418,WEIS MARKETS INC,weis markets,WMK,11343,5411.0,crosswalk
0000105634,EMCOR GROUP INC,emcor,EME,6223,1731.0,crosswalk
0000105744,NEW CONCEPT ENERGY INC,new concept energy,GBR,11372,6512.0,crosswalk
0000105770,WEST PHARMACEUTICAL SVSC INC,west pharmaceutical svsc,WST,11376,3060.0,crosswalk
0000106040,WESTERN DIGITAL CORP,western digital,WDC,11399,3572.0,crosswalk
0000106532,WEYCO GROUP INC,weyco,WEYS,11455,5130.0,crosswalk
0000106535,WEYERHAEUSER CO,weyerhaeuser,WY,11456,2400.0,crosswalk
0000106640,WHIRLPOOL CORP,whirlpool,WHR,11465,3630.0,crosswalk
0000107140,WILEY (JOHN) & SONS  -CL A,wiley john sons cl a,JWA,11499,2721.0,crosswalk
0000107263,WILLIAMS COS INC,williams cos,WMB,11506,4922.0,crosswalk
0000107687,WINNEBAGO INDUSTRIES,winnebago industries,WGO,11537,3790.0,crosswalk
0000107815,WISCONSIN ELECTRIC POWER CO,wisconsin electric power,WELPP,13353,4931.0,crosswalk
0000107832,WISCONSIN POWER & LIGHT,wisconsin power light,WISLI,14580,4931.0,crosswalk
0000107833,WISCONSIN PUBLIC SERVICE CP,wisconsin public service cp,,65095,4931.0,crosswalk
0000108312,WOODWARD INC,woodward,WWD,11580,3720.0,crosswalk
0000108385,WORLD ACCEPTANCE CORP/DE,world acceptance corpde,WRLD,24725,6141.0,crosswalk
0000108516,WORTHINGTON ENTERPRISES INC,worthington enterprises,WOR,11600,3390.0,crosswalk
0000108772,Xerox Corp,xerox,XRX,,7389.0,ticker_map
0000108985,YORK WATER CO,york water,YORW,11657,4941.0,crosswalk
0000109177,SPECTRUM BRND HLDG INC,spectrum brnd hldg,HRG,11670,3634.0,crosswalk
0000109198,TJX COS INC (THE),tjx cos inc the,TJX,11672,5651.0,crosswalk
0000109380,ZIONS BANCORPORATION NA,zions bancorporation na,ZION,11687,6020.0,crosswalk
0000109563,APPLIED INDUSTRIAL TECH INC,applied industrial tech,AIT,2101,5080.0,crosswalk
0000109657,GT BIOPHARMA INC,gt biopharma,OXIS,3691,2834.0,crosswalk
0000110019,NORTHWEST PIPELINE CORP,northwest pipeline,,7994,4922.0,crosswalk
0000110471,WOLVERINE WORLD WIDE,wolverine world wide,WWW,11566,3140.0,crosswalk
0000110621,RPM INTERNATIONAL INC,rpm international,RPM,8902,2890.0,crosswalk
0000200406,JOHNSON & JOHNSON,johnson johnson,JNJ,6266,2834.0,crosswalk
0000201533,CONSUMERS ENERGY CO,consumers energy,CMS,13948,4931.0,crosswalk
0000202058,L3HARRIS TECHNOLOGIES INC,l3harris technologies,HRS,5492,3812.0,crosswalk
0000202584,SYSTEM ENERGY RESOURCES INC,system energy resources,,7365,4911.0,crosswalk
0000202947,CAPITAL PROPERTIES INC,capital properties,CPI,2735,6519.0,crosswalk
0000203596,WESBANCO INC,wesbanco,WSBC,17151,6020.0,crosswalk
0000205402,GRAYBAR ELECTRIC CO INC,graybar electric,,5288,5063.0,crosswalk
0000215466,COEUR MINING INC,coeur mining,CDE,3153,1040.0,crosswalk
0000216085,HAVERTY FURNITURE,haverty furniture,HVT,5523,5712.0,crosswalk
0000216228,ITT INC,itt,ITT,5860,3561.0,crosswalk
0000217346,TEXTRON INC,textron,TXT,10519,3721.0,crosswalk
0000230557,SELECTIVE INS GROUP INC,selective ins,SIGI,17115,6331.0,crosswalk
0000275053,NATURES SUNSHINE PRODS INC,natures sunshine prods,NATR,7799,2834.0,crosswalk
0000275880,PARSONS CORP,parsons,,35158,7370.0,crosswalk
0000276720,PURE CYCLE CORP,pure cycle,PYCO,8826,6552.0,crosswalk
0000277135,GRAINGER (W W) INC,grainger w w,GWW,5256,5000.0,crosswalk
0000277509,FEDERAL SIGNAL CORP,federal signal,FSS,4608,3711.0,crosswalk
0000277638,DAVEY TREE EXPERT CO,davey tree expert,,3801,700.0,crosswalk
0000277948,CSX CORP,csx,CSX,2574,4011.0,crosswalk
0000278165,OMNIQ CORP,omniq,LRMK,155894,7370.0,crosswalk
0000278166,CAVCO INDUSTRIES INC,cavco industries,CVCO,2820,2452.0,crosswalk
0000310142,SENSIENT TECHNOLOGIES CORP,sensient technologies,SXT,11012,2860.0,crosswalk
0000310158,MERCK & CO INC,merck,MRK,7257,2834.0,crosswalk
0000310354,STANDEX INTERNATIONAL CORP,standex international,SXI,10008,3670.0,crosswalk
0000310522,FEDERAL NATIONAL MORTGA ASSN,federal national mortga assn,FNMA,4601,6111.0,crosswalk
0000310764,STRYKER CORP,stryker,SYK,10115,3841.0,crosswalk
0000311094,WESTAMERICA BANCORPORATION,westamerica bancorporation,WABC,14253,6020.0,crosswalk
0000312257,INNOVATIVE FOOD HOLDINGS,innovative food,IVFH,264393,5140.0,crosswalk
0000313143,HAEMONETICS CORP,haemonetics,HAE,24021,3841.0,crosswalk
0000313364,MESA ROYALTY TRUST,mesa royalty trust,MTR,7277,6792.0,crosswalk
0000313616,DANAHER CORP,danaher,DHR,3735,3826.0,crosswalk
0000313927,CHURCH & DWIGHT INC,church dwight,CHD,3026,2840.0,crosswalk
0000314203,MCEWEN INC,mcewen,USGL,9728,1040.0,crosswalk
0000314227,TOMI ENVIRONMENTAL SOLUTINS,tomi environmental solutins,,180146,3559.0,crosswalk
0000314489,FIRST BUSEY CORP,first busey,BUSE,18329,6020.0,crosswalk
0000314808,VALARIS LIMITED,valaris limited,ESV,2270,1381.0,crosswalk
0000315131,Panhandle Oil & Gas Inc,panhandle oil gas,PHX,,1311.0,ticker_map
0000315189,DEERE & CO,deere,DE,3835,3523.0,crosswalk
0000315213,ROBERT HALF INC,robert half,RHI,2312,7363.0,crosswalk
0000315256,PUBLIC SERVICE CO/N H,public service con h,,8806,4911.0,crosswalk
0000315293,AON PLC,aon,AOC,3221,6411.0,crosswalk
0000315374,HURCO COS INC,hurco cos,HURC,5788,3541.0,crosswalk
0000315545,PROVECTUS BIOPHARMACEUTICALS,provectus biopharmaceuticals,PVCT,9330,2834.0,crosswalk
0000315709,INTL BANCSHARES CORP,intl bancshares,IBOC,22086,6020.0,crosswalk
0000315852,RANGE RESOURCES CORP,range resources,RRC,6788,1311.0,crosswalk
0000315958,CREDITRISKMONITOR.COM INC,creditriskmonitorcom,CRMZ,7841,7323.0,crosswalk
0000316253,ENZO BIOCHEM INC,enzo biochem,ENZ,4418,3826.0,crosswalk
0000316709,SCHWAB (CHARLES) CORP,schwab charles,SCHW,13988,6282.0,crosswalk
0000317187,PPL ELECTRIC UTILITIES CORP,ppl electric utilities,PPL,145348,4911.0,crosswalk
0000317540,COCA COLA CONSOLIDATED INC,coca cola consolidated,COKE,3138,2086.0,crosswalk
0000317788,DIGITAL TURBINE INC,digital turbine,MNDL,9551,7372.0,crosswalk
0000318154,AMGEN INC,amgen,AMGN,1602,2836.0,crosswalk
0000318299,SPARTA COMMERCIAL SERVIC INC,sparta commercial servic,SRCO,40564,7371.0,crosswalk
0000318300,PEOPLES BANCORP INC/OH,peoples bancorp incoh,PEBO,17106,6020.0,crosswalk
0000318306,ABEONA THERAPEUTICS INC,abeona therapeutics,ACCP,12713,2836.0,crosswalk
0000318673,SECURITY NATL FINL CP  -CL A,security natl finl cp cl a,SNFCA,17180,6311.0,crosswalk
0000318833,TEAM INC,team,TISI,10353,8734.0,crosswalk
0000319201,KLA CORP,kla,KLAC,6304,3827.0,crosswalk
0000319458,ENSERVCO CORP,enservco,ASPN,185323,1389.0,crosswalk
0000319654,PERMIAN BASIN ROYALTY TRUST,permian basin royalty trust,PBT,8493,6792.0,crosswalk
0000319655,SAN JUAN BASIN ROYALTY TR,san juan basin royalty tr,SJT,9393,6792.0,crosswalk
0000319687,UNITED AIRLINES INC,united airlines,CAL,10484,4512.0,crosswalk
0000320017,LISATA THERAPEUTICS INC,lisata therapeutics,NBS,4632,2836.0,crosswalk
0000320121,TELOS CORP/MD,telos corpmd,TLSRP,2578,7373.0,crosswalk
0000320187,NIKE INC  -CL B,nike inc cl b,NKE,7906,3021.0,crosswalk
0000320193,APPLE INC,apple,AAPL,1690,3663.0,crosswalk
0000320335,GLOBE LIFE INC,globe life,TMK,10614,6311.0,crosswalk
0000320340,CORECARD CORP,corecard,INS,6013,7372.0,crosswalk
0000350698,AUTONATION INC,autonation,AN,9063,5500.0,crosswalk
0000350852,COMMUNITY TRUST BANCORP INC,community trust bancorp,CTBI,19262,6020.0,crosswalk
0000350868,ITERIS INC,iteris,ITI,8087,3669.0,crosswalk
0000350894,SEI INVESTMENTS CO,sei investments,SEIC,9317,6282.0,crosswalk
0000351569,AMERIS BANCORP,ameris bancorp,ABCB,30222,6020.0,crosswalk
0000351789,ELECTRO-SENSORS INC,electrosensors,ELSE,4275,3823.0,crosswalk
0000351817,SILVERBOW RESOURCES INC,silverbow resources,SFY,10221,1311.0,crosswalk
0000351834,SUNOPTA INC,sunopta,STKL,12761,2090.0,crosswalk
0000351998,DATA I/O CORP,data io,DAIO,3761,3825.0,crosswalk
0000352049,TOLEDO EDISON CO,toledo edison,TE,10601,4911.0,crosswalk
0000352541,ALLIANT ENERGY CORP,alliant energy,LNT,11554,4931.0,crosswalk
0000352825,FOSTER (LB) CO,foster lb,FSTR,4860,5051.0,crosswalk
0000352915,UNIVERSAL HEALTH SVCS INC,universal health svcs,UHS,11032,8062.0,crosswalk
0000352955,CKX LANDS INC,ckx lands,CKX,22861,6519.0,crosswalk
0000352991,ADVANCED OXYGEN TECHNOLOGY,advanced oxygen technology,,1718,6512.0,crosswalk
0000353184,AIR T INC,air t,AIRT,1210,4513.0,crosswalk
0000354190,ARTHUR J GALLAGHER & CO,arthur j gallagher,AJG,4973,6411.0,crosswalk
0000354647,CVB FINANCIAL CORP,cvb financial,CVBF,20019,6020.0,crosswalk
0000354707,HAWAIIAN ELECTRIC INDS,hawaiian electric inds,HE,5526,4911.0,crosswalk
0000354950,HOME DEPOT INC,home depot,HD,5680,5211.0,crosswalk
0000354963,SHENANDOAH TELECOMMUN CO,shenandoah telecommun,SHEN,9664,4813.0,crosswalk
0000355019,FONAR CORP,fonar,FONR,4826,8071.0,crosswalk
0000355811,GENTEX CORP,gentex,GNTX,5116,3714.0,crosswalk
0000355948,RICHARDSON ELECTRONICS LTD,richardson electronics,RELL,9125,5065.0,crosswalk
0000356037,CSP INC,csp,CSPI,2573,7373.0,crosswalk
0000356171,TRICO BANCSHARES,trico bancshares,TCBK,28155,6020.0,crosswalk
0000356309,NEW JERSEY RESOURCES CORP,new jersey resources,NJR,7849,4924.0,crosswalk
0000356590,GLOBAL TECH INDS GROUP INC,global tech inds,TTII,12807,3590.0,crosswalk
0000357173,OLD SECOND BANCORP INC/IL,old second bancorp incil,OSBC,19150,6020.0,crosswalk
0000357294,HOVNANIAN ENTRPRS INC  -CL A,hovnanian entrprs inc cl a,HOV,5750,1531.0,crosswalk
0000357301,TRUSTCO BANK CORP/NY,trustco bank corpny,TRST,17245,6035.0,crosswalk
0000700564,FULTON FINANCIAL CORP,fulton financial,FULT,14172,6020.0,crosswalk
0000700565,FIRST MID BANCSHARES INC,first mid bancshares,FMBH,29994,6020.0,crosswalk
0000700764,VICTORY OILFIELD TECH INC,victory oilfield tech,VYEY,148532,3533.0,crosswalk
0000700841,RCM TECHNOLOGIES INC,rcm technologies,RCMT,8892,7363.0,crosswalk
0000700923,MYR GROUP INC,myr,MYRG,180646,1623.0,crosswalk
0000701288,ATRION CORP,atrion,ATRI,1234,3841.0,crosswalk
0000701347,CENTRAL PACIFIC FINANCIAL CP,central pacific financial cp,CPF,16705,6020.0,crosswalk
0000701374,SIX FLAGS ENTERTAINMENT -OLD,six flags entertainment old,PKS,10567,7996.0,crosswalk
0000701719,ENVELA CORP,envela,DGSE,12096,5990.0,crosswalk
0000701985,BATH & BODY WORKS INC,bath body works,LTD,6733,5990.0,crosswalk
0000702165,NORFOLK SOUTHERN CORP,norfolk southern,NSC,7923,4011.0,crosswalk
0000703351,BRINKER INTL INC,brinker intl,EAT,3007,5812.0,crosswalk
0000703604,DISTRIBUTION SOLUTIO GRO INC,distribution solutio gro,LAWS,6617,5080.0,crosswalk
0000704440,KORU MEDICAL SYSTEMS INC,koru medical systems,REPR,13239,3841.0,crosswalk
0000704532,ONTO INNOVATION INC,onto innovation,NANO,126423,3823.0,crosswalk
0000704562,AVID BIOSERVICES INC,avid bioservices,PPHM,14603,2835.0,crosswalk
0000705432,SOUTHSIDE BANCSHARES INC,southside bancshares,SBSI,62979,6020.0,crosswalk
0000706129,HORIZON BANCORP INC,horizon bancorp,HBNC,18533,6020.0,crosswalk
0000706698,UTAH MEDICAL PRODUCTS INC,utah medical products,UTMD,11051,3845.0,crosswalk
0000706863,UNION BANKSHARES INC,union bankshares,UNB,111537,6020.0,crosswalk
0000707179,OLD NATIONAL BANCORP,old national bancorp,ONB,17095,6020.0,crosswalk
0000707388,STAR EQUITY HOLDING INC -OLD,star equity holding inc old,DRAD,145080,1520.0,crosswalk
0000707549,LAM RESEARCH CORP,lam research,LRCX,6565,3559.0,crosswalk
0000707605,AMERISERV FINANCIAL INC/PA,ameriserv financial incpa,ASRV,17269,6020.0,crosswalk
0000708781,CASS INFORMATION SYSTEMS INC,cass information systems,CASS,25201,7389.0,crosswalk
0000708821,PAR TECHNOLOGY CORP,par technology,PTC,8334,7371.0,crosswalk
0000708955,FIRST FINL BANCORP INC/OH,first finl bancorp incoh,FFBC,17195,6020.0,crosswalk
0000709005,NOBLE ROMANS INC,noble romans,NROM,7914,5812.0,crosswalk
0000709283,QUANTUM CORP,quantum,QTM,8867,3572.0,crosswalk
0000709337,FARMERS NATL BANC CORP/OH,farmers natl banc corpoh,FMNB,29855,6020.0,crosswalk
0000710752,SABINE ROYALTY TRUST,sabine royalty trust,,9346,6792.0,crosswalk
0000711034,THUNDER MOUNTAIN GOLD INC,thunder mountain gold,THMG,22002,1040.0,crosswalk
0000711377,NEOGEN CORP,neogen,NEOG,16453,2834.0,crosswalk
0000711404,COOPER COS INC (THE),cooper cos inc the,COO,3504,3851.0,crosswalk
0000711669,COLONY BANKCORP INC,colony bankcorp,CBAN,66504,6020.0,crosswalk
0000711772,CAMBRIDGE BANCORP,cambridge bancorp,,110979,6020.0,crosswalk
0000712034,ACCO BRANDS CORP,acco brands,ADB,164506,3990.0,crosswalk
0000712515,ELECTRONIC ARTS INC,electronic arts,EA,16721,7372.0,crosswalk
0000712534,FIRST MERCHANTS CORP,first merchants,FRME,16845,6020.0,crosswalk
0000712537,FIRST COMMONWLTH FINL CP/PA,first commonwlth finl cppa,FCF,18241,6020.0,crosswalk
0000712770,ONE LIBERTY PROPERTIES INC,one liberty properties,OLP,8148,6798.0,crosswalk
0000712771,CONNECTONE BANCORP INC,connectone bancorp,CNBC,17724,6020.0,crosswalk
0000713425,LOGILITY SPPLY CHAIN SOL INC,logility spply chain sol,AMSWA,1562,7372.0,crosswalk
0000713676,PNC FINANCIAL SVCS GROUP INC,pnc financial svcs,PNC,8245,6020.0,crosswalk
0000714256,SANARA MEDTECH INC,sanara medtech,WNDM,23623,3842.0,crosswalk
0000714310,VALLEY NATIONAL BANCORP,valley national bancorp,VLY,11861,6020.0,crosswalk
0000714395,GERMAN AMERICAN BANCORP INC,german american bancorp,GABC,28278,6020.0,crosswalk
0000714562,FIRST FINANCIAL CORP,first financial,THFF,18276,6020.0,crosswalk
0000714712,JUNIATA VALLEY FINANCIAL CP,juniata valley financial cp,JUVF,31385,6020.0,crosswalk
0000715072,RENASANT CORP,renasant,RNST,25173,6020.0,crosswalk
0000715446,ANIXA BIOSCIENCES INC,anixa biosciences,COPY,12717,2836.0,crosswalk
0000715579,ACNB CORP,acnb,ACNB,17173,6020.0,crosswalk
0000715787,INTERFACE INC,interface,TILE,6034,2273.0,crosswalk
0000715957,DOMINION ENERGY INC,dominion energy,D,4029,4911.0,crosswalk
0000716133,CINCINNATI BELL INC,cincinnati bell,CBB,3036,4813.0,crosswalk
0000716314,GRAHAM CORP,graham,GHM,5254,3443.0,crosswalk
0000716605,PENNS WOODS BANCORP INC,penns woods bancorp,PWOD,19159,6020.0,crosswalk
0000716634,READING INTL INC  -CL A,reading intl inc cl a,RDI,31629,7830.0,crosswalk
0000716643,REGIS CORP/MN,regis corpmn,RGS,9023,7200.0,crosswalk
0000717423,MURPHY OIL CORP,murphy oil,MUR,7620,1311.0,crosswalk
0000717538,ARROW FINANCIAL CORP,arrow financial,AROW,16668,6020.0,crosswalk
0000717605,HEXCEL CORP,hexcel,HXL,5608,2821.0,crosswalk
0000717720,VALUE LINE INC,value line,VALU,11099,2721.0,crosswalk
0000717806,FIRST US BANCSHARES INC,first us bancshares,USBI,66597,6020.0,crosswalk
0000717954,UNIFIRST CORP,unifirst,UNF,10840,2300.0,crosswalk
0000718332,RAVE RESTAURANT GROUP INC,rave restaurant,PZZI,3369,5812.0,crosswalk
0000718413,COMMUNITY BANCORP INC/VT,community bancorp incvt,CMTV,21525,6020.0,crosswalk
0000718937,STAAR SURGICAL CO,staar surgical,STAA,9969,3851.0,crosswalk
0000719135,APYX MEDICAL CORP,apyx medical,BVX,12719,3845.0,crosswalk
0000719220,S & T BANCORP INC,s t bancorp,STBA,19570,6020.0,crosswalk
0000719274,GIGA-TRONICS INC,gigatronics,GIGA,5165,3670.0,crosswalk
0000719402,FIRST NATIONAL CORP/VA,first national corpva,FXNC,66355,6020.0,crosswalk
0000719413,HECLA MINING CO,hecla mining,HL,5560,1040.0,crosswalk
0000719494,INRAD OPTICS INC,inrad optics,INRD,6021,3679.0,crosswalk
0000719733,KEY TRONIC CORP,key tronic,KTCC,6416,3670.0,crosswalk
0000719955,WILLIAMS-SONOMA INC,williamssonoma,WSM,11511,5961.0,crosswalk
0000720005,RAYMOND JAMES FINANCIAL INC,raymond james financial,RJF,8898,6211.0,crosswalk
0000720154,Bioanalytical Systems Inc,bioanalytical systems,BASI,,8731.0,ticker_map
0000720500,AMTECH SYSTEMS INC,amtech systems,ASYS,8864,3559.0,crosswalk
0000720672,STIFEL FINANCIAL CORP,stifel financial,SF,11770,6211.0,crosswalk
0000720762,NON INVASIVE MONITOR,non invasive monitor,NIMU,2240,9995.0,crosswalk
0000720858,INVESTORS TITLE CO,investors title,ITIC,14401,6361.0,crosswalk
0000720875,DYNATRONICS CORP,dynatronics,DYNT,4124,3845.0,crosswalk
0000721371,CARDINAL HEALTH INC,cardinal health,CAH,2751,5122.0,crosswalk
0000721693,SMART POWERR CORP,smart powerr,CREG,145407,3620.0,crosswalk
0000721994,LAKELAND FINANCIAL CORP,lakeland financial,LKFN,18732,6020.0,crosswalk
0000722313,NORTECH SYSTEMS INC,nortech systems,NSYS,3962,3679.0,crosswalk
0000722572,FRANKLIN WIRELESS CORP,franklin wireless,FKWL,14112,3661.0,crosswalk
0000723125,MICRON TECHNOLOGY INC,micron technology,MU,7343,3674.0,crosswalk
0000723188,COMMUNITY FINANCIAL SYST INC,community financial syst,CBU,16790,6020.0,crosswalk
0000723254,CINTAS CORP,cintas,CTAS,3062,7200.0,crosswalk
0000723531,PAYCHEX INC,paychex,PAYX,8402,8721.0,crosswalk
0000723603,CULP INC,culp,CFI,3647,2211.0,crosswalk
0000723612,AVIS BUDGET GROUP INC,avis budget,CAR,3278,7510.0,crosswalk
0000723646,FRANKLIN FINANCIAL SVCS CORP,franklin financial svcs,FRAF,18385,6020.0,crosswalk
0000723733,MULTI SOLUTIONS II INC,multi solutions ii,MULT,17822,9995.0,crosswalk
0000724004,MESA LABORATORIES INC,mesa laboratories,MLAB,7275,3821.0,crosswalk
0000724445,BURZYNSKI RESEARCH INSTITUTE,burzynski research institute,BZYR,22401,2836.0,crosswalk
0000724742,TRINITY PLACE HOLDINGS INC,trinity place,TPHS,10235,6512.0,crosswalk
0000724910,NVE CORP,nve,NVEC,21743,3674.0,crosswalk
0000725363,Cel Sci Corp,cel sci,CVM,,2836.0,ticker_map
0000725394,Imaging Technologies Corp,imaging technologies,IMTO,,5045.0,ticker_map
0000726601,CAPITAL CITY BK GROUP INC,capital city bk,CCBG,20109,6020.0,crosswalk
0000726728,REALTY INCOME CORP,realty income,O,30822,6798.0,crosswalk
0000726854,CITY HOLDING CO,city,CHCO,16781,6020.0,crosswalk
0000726958,CASEYS GENERAL STORES INC,caseys general stores,CASY,2807,5412.0,crosswalk
0000727207,ACCELERATE DIAGNOSTICS INC,accelerate diagnostics,AXDX,21118,2835.0,crosswalk
0000727273,CADIZ INC,cadiz,CDZI,12964,4941.0,crosswalk
0000727346,SELECTIS HEALTH INC,selectis health,GBCS,13913,6798.0,crosswalk
0000727510,ENZON PHARMACEUTICALS INC,enzon pharmaceuticals,ENZN,4409,2836.0,crosswalk
0000728385,BIRCHTECH CORP,birchtech,MEEC,187548,4950.0,crosswalk
0000728387,Isoray Inc,isoray,ISR,,3841.0,ticker_map
0000728391,IPALCO ENTERPRISES INC,ipalco enterprises,,6178,4911.0,crosswalk
0000728535,HUNT (JB) TRANSPRT SVCS INC,hunt jb transprt svcs,JBHT,5783,4213.0,crosswalk
0000729580,BEL FUSE INC,bel fuse,BELFB,2124,3677.0,crosswalk
0000729986,UNITED BANKSHARES INC/WV,united bankshares incwv,UBSI,17248,6020.0,crosswalk
0000730263,THOR INDUSTRIES INC,thor industries,THO,10549,3716.0,crosswalk
0000730272,REPLIGEN CORP,repligen,RGEN,12181,2836.0,crosswalk
0000730349,TOFUTTI BRANDS INC,tofutti brands,TOF,10598,2024.0,crosswalk
0000730464,COVISTA INC,covista,DV,3905,8200.0,crosswalk
0000730669,FCCC INC,fccc,FCIC,4695,9995.0,crosswalk
0000730708,SEACOAST BANKING CORP/FL,seacoast banking corpfl,SBCF,17184,6020.0,crosswalk
0000731012,HEALTHCARE SERVICES GROUP,healthcare services,HCSG,5539,8090.0,crosswalk
0000731288,PACCAR FINANCIAL CORP,paccar financial,,14043,6153.0,crosswalk
0000731653,UNITED BANCORP INC/OH,united bancorp incoh,UBCP,27886,6020.0,crosswalk
0000731766,UNITEDHEALTH GROUP INC,unitedhealth,UNH,10903,6324.0,crosswalk
0000731802,ATMOS ENERGY CORP,atmos energy,ATO,4383,4924.0,crosswalk
0000732026,TRIO-TECH INTERNATIONAL,triotech international,TRT,10740,3559.0,crosswalk
0000732417,HILLS BANCORPORATION,hills bancorporation,HBIA,112542,6020.0,crosswalk
0000732712,VERIZON COMMUNICATIONS INC,verizon communications,VZ,2136,4812.0,crosswalk
0000732717,AT&T INC,att,T,9899,4812.0,crosswalk
0000732834,CONTINENTAL RESOURCES INC,continental resources,CLR,3469,1311.0,crosswalk
0000733076,BRIGHTHOUSE LIFE INSURNCE CO,brighthouse life insurnce,,20521,6311.0,crosswalk
0000733269,LIVERAMP HOLDINGS INC,liveramp,ACXM,2536,7370.0,crosswalk
0000733590,TRANSCONTINENTAL RLTY INVS,transcontinental rlty invs,TCI,3410,6513.0,crosswalk
0000736012,INTRUSION INC,intrusion,INTZ,25302,7372.0,crosswalk
0000736772,CNB FINANCIAL CORP/PA,cnb financial corppa,CCNE,17534,6020.0,crosswalk
0000737468,WASHINGTON TR BANCORP INC,washington tr bancorp,WASH,19873,6020.0,crosswalk
0000737758,TORO CO,toro,TTC,10618,3523.0,crosswalk
0000737875,FIRST KEYSTONE CORP,first keystone,FKYS,18301,6020.0,crosswalk
0000738214,AEMETIS INC,aemetis,AEBF,162453,2860.0,crosswalk
0000739421,CITIZENS FINANCIAL SVCS INC,citizens financial svcs,CZFS,21521,6020.0,crosswalk
0000740260,VENTAS INC,ventas,VTR,110179,6798.0,crosswalk
0000740663,FIRST LONG ISLAND CORP,first long island,FLIC,18307,6020.0,crosswalk
0000740806,F & M BANK CORP,f m bank,FMBM,106373,6020.0,crosswalk
0000740971,OLD POINT FINANCIAL CORP,old point financial,OPOF,66313,6020.0,crosswalk
0000741516,AMERICAN NATL BANKSHARES,american natl bankshares,AMNB,17367,6020.0,crosswalk
0000742278,RPC INC,rpc,RES,8901,1389.0,crosswalk
0000743238,Spartan Motors Inc,spartan motors,SPAR,,3711.0,ticker_map
0000743367,BAR HARBOR BANKSHARES,bar harbor bankshares,BHB,31895,6020.0,crosswalk
0000743758,AIADVERTISING INC,aiadvertising,WNYN,112544,7310.0,crosswalk
0000744187,REX AMERICAN RESOURCES CORP,rex american resources,REX,1864,2860.0,crosswalk
0000744218,CELLDEX THERAPEUTICS INC,celldex therapeutics,AVAN,179598,2836.0,crosswalk
0000744452,BNB PLUS CORP,bnb plus,APDN,106126,8731.0,crosswalk
0000744825,AMERICAN SHARED HSPTL SERV,american shared hsptl serv,AMS,1559,8090.0,crosswalk
0000745308,ST JOE CO,st joe,JOE,12544,7011.0,crosswalk
0000745732,ROSS STORES INC,ross stores,ROST,9248,5651.0,crosswalk
0000746210,TAOWEAVE INC,taoweave,GLOWE,36003,7370.0,crosswalk
0000746514,NEW ENGLAND REALTY ASSC  -LP,new england realty assc lp,NEN,14639,6513.0,crosswalk
0000746515,EXPEDITORS INTL WASH INC,expeditors intl wash,EXPD,4494,4731.0,crosswalk
0000746598,BRADY CORP,brady,BRC,2352,3990.0,crosswalk
0000746838,UNISYS CORP,unisys,UIS,2504,7373.0,crosswalk
0000747540,SURGE COMPONENTS INC,surge components,SPRS,21040,5065.0,crosswalk
0000748268,RED CAT HOLDINGS INC,red cat,BBLF,35223,3721.0,crosswalk
0000748592,ERNEXA THERAPEUTICS INC,ernexa therapeutics,NTN,38496,2836.0,crosswalk
0000748790,GLOBAL CLEAN ENERGY HOLDINGS,global clean energy,GCEH,25849,2070.0,crosswalk
0000749251,GARTNER INC,gartner,IT,12441,8700.0,crosswalk
0000749647,IMUNON INC,imunon,CLSN,2990,2836.0,crosswalk
0000749660,ICAD INC,icad,ICAD,12874,7372.0,crosswalk
0000750004,LIGHT & WONDER INC,light wonder,SGMS,10991,3570.0,crosswalk
0000750558,QNB CORP,qnb,QNBC,23357,6020.0,crosswalk
0000750574,AUBURN NATIONAL BANCORP,auburn national bancorp,AUBN,61055,6020.0,crosswalk
0000750577,HANCOCK WHITNEY CORP,hancock whitney,HBHC,24232,6020.0,crosswalk
0000750686,CAMDEN NATIONAL CORP,camden national,CAC,65548,6020.0,crosswalk
0000751364,NNN REIT INC,nnn reit,NNN,12140,6798.0,crosswalk
0000751365,VIRCO MFG. CORP,virco mfg,VIRC,11185,2531.0,crosswalk
0000751978,VICOR CORP,vicor,VICR,21238,3679.0,crosswalk
0000752294,ELECTRONIC SYSTEM TECH INC,electronic system tech,ELST,21563,3661.0,crosswalk
0000752642,UMH PROPERTIES INC,umh properties,UMH,10917,6798.0,crosswalk
0000752714,MCGRATH RENTCORP,mcgrath rentcorp,MGRC,7161,7359.0,crosswalk
0000753308,NEXTERA ENERGY INC,nextera energy,NEE,4517,4911.0,crosswalk
0000754811,U S GLOBAL INVESTORS INC,u s global investors,GROW,12407,6282.0,crosswalk
0000755001,UNITIL CORP,unitil,UTL,10999,4931.0,crosswalk
0000758743,VIDEO DISPLAY CORP,video display,VIDE,11169,3670.0,crosswalk
0000759944,CITIZENS FINANCIAL GROUP INC,citizens financial,,21825,6020.0,crosswalk
0000760498,BANCFIRST CORP/OK,bancfirst corpok,BANF,28022,6020.0,crosswalk
0000761648,CEDAR REALTY TRUST INC,cedar realty trust,CDR,13189,6798.0,crosswalk
0000763532,LSI INDUSTRIES INC,lsi industries,LYTS,6527,3640.0,crosswalk
0000763563,CHEMUNG FINANCIAL CORP,chemung financial,CHMG,17877,6020.0,crosswalk
0000763744,LCI INDUSTRIES,lci industries,DW,11796,3711.0,crosswalk
0000763901,POPULAR INC,popular,BPOP,2002,6020.0,crosswalk
0000763907,FIRST UNITED CORP,first united,FUNC,18358,6020.0,crosswalk
0000764038,SOUTH STATE BANK CORP,south state bank,SCBT,64547,6020.0,crosswalk
0000764065,CLEVELAND-CLIFFS INC,clevelandcliffs,CLF,3107,3310.0,crosswalk
0000764180,ALTRIA GROUP INC,altria,MO,8543,2111.0,crosswalk
0000764195,VBI VACCINES INC,vbi vaccines,,25289,2836.0,crosswalk
0000764401,INSTEEL INDUSTRIES,insteel industries,IIIN,4498,3310.0,crosswalk
0000764478,BEST BUY CO INC,best buy,BBY,2184,5731.0,crosswalk
0000764622,PINNACLE WEST CAPITAL CORP,pinnacle west capital,PNW,1075,4911.0,crosswalk
0000764630,SHOREPOWER TECHNOLOGIES INC,shorepower technologies,,108680,3690.0,crosswalk
0000764764,CATERPILLAR FINANCIAL SVCS,caterpillar financial svcs,,21436,6159.0,crosswalk
0000764897,BROAD STREET REALTY INC,broad street realty,BARA,37992,6512.0,crosswalk
0000765207,FIRST BANCORP INC/ME,first bancorp incme,FNLC,111940,6020.0,crosswalk
0000765880,HEALTHPEAK PROPERTIES INC,healthpeak properties,HCP,13125,6798.0,crosswalk
0000766404,MULTI SOFT INC,multi soft,MSOF,13346,7372.0,crosswalk
0000766421,ALASKA AIR GROUP INC,alaska air,ALK,1230,4512.0,crosswalk
0000766704,WELLTOWER INC,welltower,HCN,5543,6798.0,crosswalk
0000766792,CVD EQUIPMENT CORP,cvd equipment,CVV,2581,3559.0,crosswalk
0000766829,H2O AMERICA,h2o america,SJW,9324,4941.0,crosswalk
0000767405,SB FINANCIAL GROUP INC,sb financial,SBFG,63058,6020.0,crosswalk
0000768216,LOGICQUEST TECHNOLOGY INC,logicquest technology,BGAT,109927,9995.0,crosswalk
0000768408,CYANOTECH CORP,cyanotech,CYAN,12575,2833.0,crosswalk
0000768835,BIG LOTS INC,big lots,BIG,12123,5331.0,crosswalk
0000768899,TRUEBLUE INC,trueblue,TBI,22207,7363.0,crosswalk
0000769397,AUTODESK INC,autodesk,ADSK,1878,7370.0,crosswalk
0000769520,MIDDLEBY CORP,middleby,MIDD,13570,3580.0,crosswalk
0000770460,PEOPLES FINANCIAL CORP/MS,peoples financial corpms,PFBX,112254,6020.0,crosswalk
0000771266,KOPIN CORP,kopin,KOPN,25166,3674.0,crosswalk
0000771497,ABM INDUSTRIES INC,abm industries,ABM,1410,7340.0,crosswalk
0000771856,CHAMPIONS ONCOLOGY INC,champions oncology,CSBR,14983,2836.0,crosswalk
0000771999,DSS INC,dss,DMC,18290,7373.0,crosswalk
0000772406,CIRRUS LOGIC INC,cirrus logic,CRUS,16401,3674.0,crosswalk
0000773141,MDC HOLDINGS INC,mdc,MDC,6865,1531.0,crosswalk
0000773318,VERITEC INC,veritec,VRTC,12731,7372.0,crosswalk
0000773717,AMERICAN CLEAN RES GRP INC,american clean res grp,PAQS,186721,1040.0,crosswalk
0000773840,HONEYWELL INTERNATIONAL INC,honeywell international,HON,1300,9997.0,crosswalk
0000775057,ALTEX INDUSTRIES INC,altex industries,,12088,1311.0,crosswalk
0000775215,HBT FINANCIAL INC,hbt financial,,35759,6020.0,crosswalk
0000776867,WHITE MTNS INS GROUP LTD,white mtns ins,WTM,11729,6331.0,crosswalk
0000776901,INDEPENDENT BANK CORP/MA,independent bank corpma,INDB,16889,6020.0,crosswalk
0000778164,ALTO INGREDIENTS INC,alto ingredients,PEIX,163595,2860.0,crosswalk
0000779152,HENRY (JACK) & ASSOCIATES,henry jack associates,JKHY,11811,7389.0,crosswalk
0000779544,ARK RESTAURANTS CORP,ark restaurants,ARKR,11872,5812.0,crosswalk
0000780571,ITRON INC,itron,ITRI,29133,3824.0,crosswalk
0000783324,VISTA GOLD CORP,vista gold,VGZ,12321,1040.0,crosswalk
0000783325,WEC ENERGY GROUP INC,wec energy,WEC,11550,4931.0,crosswalk
0000783412,DAILY JOURNAL CORP,daily journal,DJCO,12568,7372.0,crosswalk
0000784199,ARTIVION INC,artivion,CRY,27823,3842.0,crosswalk
0000784977,PORTLAND GENERAL ELECTRIC CO,portland general electric,POR,12428,4911.0,crosswalk
0000785161,ENCOMPASS HEALTH CORP,encompass health,HLS,12589,8060.0,crosswalk
0000785557,DLH HOLDINGS CORP,dlh,TSTF,12304,8090.0,crosswalk
0000785786,PLEXUS CORP,plexus,PLXS,12945,3672.0,crosswalk
0000785956,J & J SNACK FOODS CORP,j j snack foods,JJSF,12825,2050.0,crosswalk
0000787250,DPL INC,dpl,DPL,3814,4911.0,crosswalk
0000787253,NATURAL ALTERNATIVES,natural alternatives,NAII,13765,2834.0,crosswalk
0000788329,JOHNSON OUTDOORS INC  -CL A,johnson outdoors inc cl a,JOUT,13906,3690.0,crosswalk
0000788611,NEXTTRIP INC,nexttrip,,185587,7372.0,crosswalk
0000788784,PUBLIC SERVICE ENTRP GRP INC,public service entrp grp,PEG,8810,4931.0,crosswalk
0000788816,OGLETHORPE POWER CORP,oglethorpe power,,15171,4991.0,crosswalk
0000788920,PRO-DEX INC/CO,prodex incco,PDEX,12458,3841.0,crosswalk
0000788965,HALLADOR ENERGY CO,hallador energy,HNRG,19129,4911.0,crosswalk
0000789019,MICROSOFT CORP,microsoft,MSFT,12141,7372.0,crosswalk
0000789460,WORLD KINECT CORP,world kinect,INT,12471,5172.0,crosswalk
0000789570,MGM RESORTS INTERNATIONAL,mgm resorts international,MGM,14418,7990.0,crosswalk
0000789933,NACCO INDUSTRIES  -CL A,nacco industries cl a,NC,7938,1221.0,crosswalk
0000790051,CARLISLE COS INC,carlisle cos,CSL,2771,2950.0,crosswalk
0000790179,Prestige Capital Corp,prestige capital,PGEC,,6792.0,ticker_map
0000790273,CONECTISYS CORP,conectisys,,61888,9995.0,crosswalk
0000790359,N B T BANCORP INC,n b t bancorp,NBTB,19094,6020.0,crosswalk
0000790526,RADNET INC,radnet,PMDX,13071,8071.0,crosswalk
0000790816,BRANDYWINE REALTY TRUST,brandywine realty trust,BDN,13562,6798.0,crosswalk
0000791908,XOMA ROYALTY CORP,xoma royalty,XOMA,12252,2836.0,crosswalk
0000791963,OPPENHEIMER HOLDINGS INC,oppenheimer,OPY,13453,6211.0,crosswalk
0000792935,ETHEMA HEALTH CORP,ethema health,,13631,8060.0,crosswalk
0000792966,FARMERS & MERCHANTS BCP/OH,farmers merchants bcpoh,FMAO,112572,6020.0,crosswalk
0000792987,ASTEC INDUSTRIES INC,astec industries,ASTE,12262,3531.0,crosswalk
0000793074,WERNER ENTERPRISES INC,werner enterprises,WERN,12266,4213.0,crosswalk
0000793306,BLUE DOLPHIN ENERGY CO,blue dolphin energy,BDCO,170804,4922.0,crosswalk
0000793524,RESEARCH FRONTIERS INC,research frontiers,REFR,12377,8731.0,crosswalk
0000793733,SKYWEST INC,skywest,SKYW,12392,4512.0,crosswalk
0000793952,HARLEY-DAVIDSON INC,harleydavidson,HOG,12389,3751.0,crosswalk
0000794170,TOLL BROTHERS INC,toll brothers,TOL,12395,1531.0,crosswalk
0000794323,LEVEL 3 COMMUNICATIONS INC,level 3 communications,LVLT,13440,4813.0,crosswalk
0000794367,MACY'S INC,macys,FD,4611,5311.0,crosswalk
0000794619,AMERICAN WOODMARK CORP,american woodmark,AMWD,12379,2430.0,crosswalk
0000795266,KB HOME,kb home,KBH,12689,1531.0,crosswalk
0000795403,WATTS WATER TECHNOLOGIES INC,watts water technologies,WTS,12445,3490.0,crosswalk
0000796343,ADOBE INC,adobe,ADBE,12540,7370.0,crosswalk
0000796505,CLEARFIELD INC,clearfield,CLFD,12482,3679.0,crosswalk
0000796534,NATIONAL BANKSHARES INC VA,national bankshares inc va,NKSH,25481,6020.0,crosswalk
0000797465,HG HOLDINGS INC,hg,STLY,25923,6361.0,crosswalk
0000797468,OCCIDENTAL PETROLEUM CORP,occidental petroleum,OXY,8068,1311.0,crosswalk
0000797542,VIEWBIX INC,viewbix,ZAXS,51841,7370.0,crosswalk
0000797564,HST GLOBAL INC,hst global,NTHH,12573,2836.0,crosswalk
0000797721,VIASAT INC,viasat,VSAT,64088,4899.0,crosswalk
0000798081,LAKELAND INDUSTRIES INC,lakeland industries,LAKE,12597,3842.0,crosswalk
0000798287,PAMT CORP,pamt,PTSI,12598,4213.0,crosswalk
0000798354,FISERV INC,fiserv,FISV,12635,7389.0,crosswalk
0000798359,CENTRESPACE,centrespace,IRET,65640,6798.0,crosswalk
0000798528,ODYSSEY MARINE EXPLORATION,odyssey marine exploration,OMEX,65374,4400.0,crosswalk
0000798783,UNIVERSAL HEALTH RLTY INCOME,universal health rlty income,UHT,13580,6798.0,crosswalk
0000798941,FIRST CITIZENS BANCSH  -CL A,first citizens bancsh cl a,FCNCA,4690,6020.0,crosswalk
0000799165,DAWSON GEOPHYSICAL CO,dawson geophysical,TGE,3806,1382.0,crosswalk
0000799167,MARTEN TRANSPORT LTD,marten transport,MRTN,12625,4213.0,crosswalk
0000799233,HEARTLAND EXPRESS INC,heartland express,HTLD,12840,4213.0,crosswalk
0000799288,LANDS' END INC,lands end,,19581,5961.0,crosswalk
0000799292,M/I HOMES INC,mi homes,MHO,12615,1531.0,crosswalk
0000799698,LADRX CORP,ladrx,CYTR,13184,2836.0,crosswalk
0000799850,AMERICA'S CAR-MART INC,americas carmart,CRMT,13602,5500.0,crosswalk
0000800240,ODP CORP,odp,ODP,14624,5940.0,crosswalk
0000800457,DONEGAL GROUP INC,donegal,DGICA,16714,6331.0,crosswalk
0000801337,WEBSTER FINANCIAL CORP,webster financial,WBS,17150,6020.0,crosswalk
0000802257,MITESCO INC,mitesco,TNTY,26720,7370.0,crosswalk
0000802481,PILGRIM'S PRIDE CORP,pilgrims pride,PPC,12785,2015.0,crosswalk
0000803164,CHOICEONE FINANCIAL SERVICES,choiceone financial services,,66453,6020.0,crosswalk
0000803578,FIREFLY NEUROSCIENCE INC,firefly neuroscience,IAIC,21663,7371.0,crosswalk
0000803649,EQUITY COMMONWEALTH,equity commonwealth,CWH,13579,6798.0,crosswalk
0000804269,GENERAL MOTORS FINL CO INC,general motors finl,ACF,17197,6141.0,crosswalk
0000804328,QUALCOMM INC,qualcomm,QCOM,24800,3674.0,crosswalk
0000805676,PARK NATIONAL CORP,park national,PRK,19318,6020.0,crosswalk
0000805928,AXOGEN INC,axogen,LECT,190355,3842.0,crosswalk
0000806172,SONO-TEK CORP,sonotek,SOTK,13176,3690.0,crosswalk
0000806279,CODORUS VALLEY BANCORP,codorus valley bancorp,CVLY,17715,6020.0,crosswalk
0000806517,PSYCHEMEDICS CORP,psychemedics,PMD,13733,8071.0,crosswalk
0000807707,VOXX INTERNATIONAL CORP,voxx international,VOXX,13354,3651.0,crosswalk
0000807863,Mitek Systems Inc,mitek systems,MITK,,3577.0,ticker_map
0000807882,JACK IN THE BOX INC,jack in the box,JACK,13092,5812.0,crosswalk
0000809248,CARROLS RESTAURANT GROUP INC,carrols restaurant,TAST,176249,5812.0,crosswalk
0000810136,PHOTRONICS INC,photronics,PLAB,13200,3674.0,crosswalk
0000810332,Mesa Air Group Inc,mesa air,MESA,,4512.0,ticker_map
0000810958,CITIZENS & NORTHERN CORP,citizens northern,CZNC,18037,6020.0,crosswalk
0000811156,CMS ENERGY CORP,cms energy,CMS,3439,4931.0,crosswalk
0000811212,THERMOGENESIS HOLDINGS INC,thermogenesis,KOOL,13794,3821.0,crosswalk
0000811222,CARDIFF LEXINGTON CORP,cardiff lexington,CDIF,160895,8011.0,crosswalk
0000811240,BIOLASE INC,biolase,BIOL,23291,3843.0,crosswalk
0000811532,Cedar Fair LP,cedar fair lp,FUN,,7990.0,ticker_map
0000811589,FIRST BANCORP/NC,first bancorpnc,FBNC,16777,6020.0,crosswalk
0000811596,KAISER ALUMINUM CORP,kaiser aluminum,KALU,24293,3350.0,crosswalk
0000811641,IMMUCELL CORP,immucell,ICCC,13235,2835.0,crosswalk
0000811808,SUMMIT FINANCIAL GROUP INC,summit financial,SMMF,110250,6020.0,crosswalk
0000811830,SANTANDER HOLDINGS USA INC,santander holdings usa,SOV,17130,6020.0,crosswalk
0000812011,VAIL RESORTS INC,vail resorts,MTN,64344,7990.0,crosswalk
0000812074,O-I GLASS INC,oi glass,OI,8215,3221.0,crosswalk
0000812152,RIDGEFIELD ACQUISITION CORP,ridgefield acquisition,RDGA,21432,9995.0,crosswalk
0000812306,PROCYON CORP,procyon,PCYN,19551,3842.0,crosswalk
0000812796,SOLIGENIX INC,soligenix,SNGX,13484,2836.0,crosswalk
0000813298,DESTINATION XL GROUP INC,destination xl,CMRG,13381,5651.0,crosswalk
0000813672,CADENCE DESIGN SYSTEMS INC,cadence design systems,CDNS,13421,7372.0,crosswalk
0000813716,CIRTRAN CORP,cirtran,CIRC,137884,2086.0,crosswalk
0000813762,ICAHN ENTERPRISES LP,icahn enterprises lp,IEP,13709,9997.0,crosswalk
0000813828,CBS Corp,cbs,CBS,,4833.0,ticker_map
0000814453,NEWELL BRANDS INC,newell brands,NWL,7875,3630.0,crosswalk
0000814547,FAIR ISAAC CORP,fair isaac,FICO,13824,7373.0,crosswalk
0000814585,MBIA INC,mbia,MBI,13561,6351.0,crosswalk
0000814586,LIFEWAY FOODS INC,lifeway foods,LWAY,15087,2020.0,crosswalk
0000814676,CPS TECHNOLOGIES CORP,cps technologies,CPSH,13582,3679.0,crosswalk
0000814926,CAPSTONE COMPANIES INC,capstone companies,CHDO,66665,3640.0,crosswalk
0000815097,CARNIVAL CORPORATION & PLC,carnival corporation,CCL,13498,4400.0,crosswalk
0000815556,FASTENAL CO,fastenal,FAST,14225,5000.0,crosswalk
0000815917,JONES FINANCIAL COS  -LP,jones financial cos lp,,14107,6211.0,crosswalk
0000816761,TERADATA CORP,teradata,TDC,178310,7370.0,crosswalk
0000816956,CONMED CORP,conmed,CNMD,13623,3845.0,crosswalk
0000817720,SYNAPTICS INC,synaptics,SYNA,142814,3674.0,crosswalk
0000818033,HERON THERAPEUTICS INC,heron therapeutics,APPA,13786,2836.0,crosswalk
0000818479,DENTSPLY SIRONA INC,dentsply sirona,XRAY,13700,3843.0,crosswalk
0000818677,SECURITY FEDERAL CORP,security federal,SFDL,109981,6020.0,crosswalk
0000818686,TEVA PHARMACEUTICALS,teva pharmaceuticals,,14538,2834.0,crosswalk
0000819050,FRESH TRACKS THERAPEUTIC INC,fresh tracks therapeutic,VICL,35632,2834.0,crosswalk
0000819793,ALBANY INTL CORP  -CL A,albany intl corp cl a,AIN,14084,2221.0,crosswalk
0000820027,AMERIPRISE FINANCIAL INC,ameriprise financial,AMP,164708,6282.0,crosswalk
0000820313,AMPHENOL CORP,amphenol,APH,14282,3678.0,crosswalk
0000820318,COHERENT CORP,coherent,IIVI,14561,3827.0,crosswalk
0000820771,GOLIATH FILM & MEDIA HLDGS,goliath film media hldgs,CADTD,170763,7812.0,crosswalk
0000821002,G-III APPAREL GROUP LTD,giii apparel,GIII,19402,2300.0,crosswalk
0000821026,ANDERSONS INC,andersons,ANDE,1659,5150.0,crosswalk
0000821130,ARRAY DIG INFRASTRUCTURE INC,array dig infrastructure,USM,14369,4812.0,crosswalk
0000821189,EOG RESOURCES INC,eog resources,EOG,16478,1311.0,crosswalk
0000821483,PAR PACIFIC HOLDINGS INC,par pacific,DPTR,22447,2911.0,crosswalk
0000822370,EMMAUS LIFE SCIENCES INC,emmaus life sciences,CNSO,35472,2834.0,crosswalk
0000822416,PULTEGROUP INC,pultegroup,PHM,8823,1531.0,crosswalk
0000822663,INTERPARFUMS INC,interparfums,IPAR,14309,2844.0,crosswalk
0000822818,CLEAN HARBORS INC,clean harbors,CLH,14027,4955.0,crosswalk
0000823277,CHS INC,chs,CHSCP,134464,5150.0,crosswalk
0000823768,WASTE MANAGEMENT INC,waste management,WM,14477,4953.0,crosswalk
0000824142,AAON INC,aaon,AAON,21542,3585.0,crosswalk
0000824410,SANDY SPRING BANCORP INC,sandy spring bancorp,SASR,62654,6020.0,crosswalk
0000824416,QUEST PATENT RESEARCH CORP,quest patent research,,19253,7370.0,crosswalk
0000825313,ALLIANCEBERNSTEIN HOLDING LP,alliancebernstein holding lp,AB,14592,6799.0,crosswalk
0000825324,GOOD TIMES RESTAURANTS INC,good times restaurants,GTIM,22543,5812.0,crosswalk
0000825542,SCOTTS MIRACLE-GRO CO,scotts miraclegro,SMG,20185,2870.0,crosswalk
0000825788,Divall Insured Income Properties 2 Limited Partnership,divall insured income properties 2 limited partnership,DIVALL,,6500.0,ticker_map
0000826154,ORRSTOWN FINANCIAL SVCS INC,orrstown financial svcs,ORRF,111819,6020.0,crosswalk
0000826253,AURA SYSTEMS INC,aura systems,AUSI,14913,3621.0,crosswalk
0000826675,DYNEX CAPITAL INC,dynex capital,DX,14403,6798.0,crosswalk
0000827052,EDISON INTERNATIONAL,edison international,EIX,9846,4911.0,crosswalk
0000827054,MICROCHIP TECHNOLOGY INC,microchip technology,MCHP,27965,3674.0,crosswalk
0000827187,SLEEP NUMBER CORP,sleep number,SCSS,116504,2510.0,crosswalk
0000827876,CLEANSPARK INC,cleanspark,,186904,7370.0,crosswalk
0000828146,INTERLINK ELECTRONICS,interlink electronics,LINK,28374,3679.0,crosswalk
0000828944,WSFS FINANCIAL CORP,wsfs financial,WSFS,17132,6035.0,crosswalk
0000829224,STARBUCKS CORP,starbucks,SBUX,25434,5812.0,crosswalk
0000829323,INUVO INC,inuvo,THK,23226,7370.0,crosswalk
0000830616,SCI ENGINEERED MATERIALS INC,sci engineered materials,SCCI,20177,4011.0,crosswalk
0000830656,PRESSURE BIOSCIENCES INC,pressure biosciences,PBIO,63901,8731.0,crosswalk
0000831001,CITIGROUP INC,citigroup,C,3243,6199.0,crosswalk
0000831259,FREEPORT-MCMORAN INC,freeportmcmoran,FCX,14590,1000.0,crosswalk
0000831378,LVPAI GROUP LTD,lvpai,FTGI,142338,9995.0,crosswalk
0000831641,TETRA TECH INC,tetra tech,TTEK,24783,8711.0,crosswalk
0000832101,IDEX CORP,idex,IEX,15267,3561.0,crosswalk
0000832428,EW SCRIPPS  -CL A,ew scripps cl a,SSP,14535,4833.0,crosswalk
0000832480,UTG INC,utg,UTGI,22338,6311.0,crosswalk
0000832489,GEOVAX LABS INC,geovax labs,DNTK,24966,2836.0,crosswalk
0000832988,SIGNET JEWELERS LTD,signet jewelers,SIG,15520,5944.0,crosswalk
0000833079,MERITAGE HOMES CORP,meritage homes,MTH,14790,1531.0,crosswalk
0000833444,JOHNSON CONTROLS INTL PLC,johnson controls intl,TYC,6268,3585.0,crosswalk
0000833640,POWER INTEGRATIONS INC,power integrations,POWI,66032,3674.0,crosswalk
0000834071,TOYOTA MOTOR CREDIT CORP,toyota motor credit,,15136,6141.0,crosswalk
0000834365,BIOLIFE SOLUTIONS INC,biolife solutions,BLFS,17199,2836.0,crosswalk
0000835011,MGP INGREDIENTS INC,mgp ingredients,MGPI,14891,2085.0,crosswalk
0000835324,STOCK YARDS BANCORP INC,stock yards bancorp,SYBT,22717,6020.0,crosswalk
0000835662,AIXIN LIFE INTERNATIONAL INC,aixin life international,MCAR,33136,5122.0,crosswalk
0000836147,MIDDLEFIELD BANC CORP,middlefield banc,MBCN,139705,6020.0,crosswalk
0000836157,LINDSAY CORP,lindsay,LNN,14954,3523.0,crosswalk
0000836564,Patriot Scientific Corp,patriot scientific,PTSC,,6794.0,ticker_map
0000836690,INNOVATIVE SOLTNS & SUPP INC,innovative soltns supp,ISSC,135844,3575.0,crosswalk
0000837010,VOYA RETIREMENT INS &ANNUITY,voya retirement ins annuity,,63734,6311.0,crosswalk
0000837465,CALLAWAY GOLF CO,callaway golf,ELY,24978,3949.0,crosswalk
0000837852,IDEANOMICS INC,ideanomics,YOD,24658,3713.0,crosswalk
0000838875,WILLAMETTE VALLEY VINEYARDS,willamette valley vineyards,WVVI,30666,2084.0,crosswalk
0000839087,VASO CORP,vaso,VASO,14985,5047.0,crosswalk
0000839470,WESTWATER RESOURCES INC,westwater resources,URRE,15240,3620.0,crosswalk
0000840489,FIRSTCASH HOLDINGS INC,firstcash,FCFS,24157,5900.0,crosswalk
0000840715,CLEARONE INC,clearone,CLRO,18549,3663.0,crosswalk
0000842023,BIO-TECHNE CORP,biotechne,TECH,15414,2836.0,crosswalk
0000842162,LEAR CORP,lear,LEA,16477,2531.0,crosswalk
0000842517,ISABELLA BANK CORP,isabella bank,ISBA,157307,6020.0,crosswalk
0000842518,EVANS BANCORP INC,evans bancorp,EVBN,65176,6020.0,crosswalk
0000842633,TRIMAS CORP,trimas,TRS,15252,3460.0,crosswalk
0000842717,BLUE RIDGE BANKSHARES INC,blue ridge bankshares,,105616,6020.0,crosswalk
0000843006,ACCESS NEWSWIRE INC,access newswire,ISDR,183139,7370.0,crosswalk
0000844059,FRP HOLDINGS INC,frp,PATR,12926,6513.0,crosswalk
0000844856,HEALTHIER CHOICES MNGMT CORP,healthier choices mngmt,VPCOR,184312,2111.0,crosswalk
0000844887,DIAMONDHEAD CASINO CORP,diamondhead casino,DHCC,15800,7990.0,crosswalk
0000844965,TETRA TECHNOLOGIES INC/DE,tetra technologies incde,TTI,21237,1389.0,crosswalk
0000845385,PRINCETON CAPITAL CORP,princeton capital,RONE,22706,6797.0,crosswalk
0000845819,KONATEL INC,konatel,,20932,4812.0,crosswalk
0000845877,FEDERAL AGRICULTURE MTG CP,federal agriculture mtg cp,AGM,15153,6162.0,crosswalk
0000846377,Source Financial Inc,source financial,WKLI,,6153.0,ticker_map
0000846475,ZYNEX INC,zynex,ZYNX,129441,3845.0,crosswalk
0000846617,DIME COMMUNITY BANCSHARES,dime community bancshares,BDGE,63135,6020.0,crosswalk
0000846901,LAKELAND BANCORP INC,lakeland bancorp,LBAI,109621,6020.0,crosswalk
0000846913,FUEL TECH INC,fuel tech,FTEK,28819,3559.0,crosswalk
0000847942,STRATEGIC ACQUISITIONS INC,strategic acquisitions,STQN,23369,6153.0,crosswalk
0000849145,HERITAGE GLOBAL INC,heritage global,COBT,15824,6799.0,crosswalk
0000849146,LIFEVANTAGE CORP,lifevantage,LFVN,25027,2834.0,crosswalk
0000849399,GEN DIGITAL INC,gen digital,SYMC,15855,7372.0,crosswalk
0000849401,ADM TRONICS UNLIMITED INC/DE,adm tronics unlimited incde,,21116,3845.0,crosswalk
0000849869,SILGAN HOLDINGS INC,silgan,SLGN,64389,3411.0,crosswalk
0000850033,BP PRUDHOE BAY ROYALTY TRUST,bp prudhoe bay royalty trust,,15350,6792.0,crosswalk
0000850141,HORACE MANN EDUCATORS CORP,horace mann educators,HMN,24678,6331.0,crosswalk
0000850209,FOOT LOCKER INC,foot locker,FL,11584,5661.0,crosswalk
0000850429,TREDEGAR CORP,tredegar,TG,15459,3350.0,crosswalk
0000850460,ENCORE WIRE CORP,encore wire,WIRE,25572,3357.0,crosswalk
0000851205,COGNEX CORP,cognex,CGNX,16188,3823.0,crosswalk
0000851310,HARMONIC INC,harmonic,HLIT,31843,3663.0,crosswalk
0000851520,EXPONENT INC,exponent,EXPO,23027,8742.0,crosswalk
0000851968,MOHAWK INDUSTRIES INC,mohawk industries,MHK,25119,2273.0,crosswalk
0000852772,DENNYS CORP,dennys,DENN,19398,5812.0,crosswalk
0000853816,LANDSTAR SYSTEM INC,landstar system,LSTR,21440,4213.0,crosswalk
0000854560,GREAT SOUTHERN BANCORP,great southern bancorp,GSBC,19428,6020.0,crosswalk
0000854775,DIGI INTERNATIONAL INC,digi international,DGII,16710,3576.0,crosswalk
0000855658,LATTICE SEMICONDUCTOR CORP,lattice semiconductor,LSCC,16597,3674.0,crosswalk
0000855683,MILESTONE SCIENTIFIC INC,milestone scientific,MS,61496,3843.0,crosswalk
0000855787,TRULEUM INC,truleum,,27594,1311.0,crosswalk
0000856982,MERIT MEDICAL SYSTEMS INC,merit medical systems,MMSI,21777,3841.0,crosswalk
0000856984,AMER BIOGENETIC SCI  -CL A,amer biogenetic sci cl a,MABAA,21505,2835.0,crosswalk
0000857005,PTC INC,ptc,PTC,18699,7372.0,crosswalk
0000857855,UNITED COMMUNITY BANKS INC,united community banks,UCBI,64794,6020.0,crosswalk
0000857949,ENLIGHTIFY INC,enlightify,CGAG,21241,2870.0,crosswalk
0000858470,COTERRA ENERGY INC,coterra energy,COG,20548,1311.0,crosswalk
0000858877,CISCO SYSTEMS INC,cisco systems,CSCO,20779,3576.0,crosswalk
0000859070,FIRST CMNTY BANCSHARES INC,first cmnty bancshares,FCBC,26071,6020.0,crosswalk
0000859737,HOLOGIC INC,hologic,HOLX,20904,3844.0,crosswalk
0000860413,FIRST INTERSTATE BANCSYSTEM,first interstate bancsystem,FIBK,184167,6020.0,crosswalk
0000860543,JACKSAM CORP,jacksam,ATVG,34453,3559.0,crosswalk
0000860546,COPT DEFENSE PROPERTIES,copt defense properties,OFC,24825,6798.0,crosswalk
0000860730,HCA HEALTHCARE INC,hca healthcare,HCA,22260,8062.0,crosswalk
0000860731,TYLER TECHNOLOGIES INC,tyler technologies,TYL,10789,7373.0,crosswalk
0000860748,KEMPER CORP/DE,kemper corpde,KMPR,21503,6331.0,crosswalk
0000861459,GRANITE CONSTRUCTION INC,granite construction,GVA,21429,1600.0,crosswalk
0000861842,CATHAY GENERAL BANCORP,cathay general bancorp,CATY,23500,6020.0,crosswalk
0000861878,STERICYCLE INC,stericycle,SRCL,63527,4955.0,crosswalk
0000861884,RELIANCE INC,reliance,RS,30671,5051.0,crosswalk
0000862022,HUGOTON ROYALTY TRUST,hugoton royalty trust,HGT,119594,6792.0,crosswalk
0000862668,ESCALON MEDICAL CORP,escalon medical,ESMC,25711,3845.0,crosswalk
0000862692,CRYO-CELL INTERNATIONAL INC,cryocell international,CCEL,23790,8090.0,crosswalk
0000862831,FINANCIAL INSTITUTIONS INC,financial institutions,FISI,121713,6020.0,crosswalk
0000862861,ALT5 SIGMA CORP,alt5 sigma,ARCI,24660,6200.0,crosswalk
0000863110,ARTESIAN RESOURCES  -CL A,artesian resources cl a,ARTNA,17341,4941.0,crosswalk
0000863436,BENCHMARK ELECTRONICS INC,benchmark electronics,BHE,23084,3672.0,crosswalk
0000863894,VERU INC,veru,FHCO,22817,2834.0,crosswalk
0000864240,SYPRIS SOLUTIONS INC,sypris solutions,SYPR,30220,3714.0,crosswalk
0000864749,TRIMBLE INC,trimble,TRMB,22815,3829.0,crosswalk
0000865752,MONSTER BEVERAGE CORP,monster beverage,HANS,24316,2086.0,crosswalk
0000866273,MATRIX SERVICE CO,matrix service,MTRX,23195,1623.0,crosswalk
0000866291,ALLEGRO MICROSYSTEMS INC,allegro microsystems,,37309,3674.0,crosswalk
0000866374,FLEX LTD,flex,FLEX,30170,3672.0,crosswalk
0000866439,DARKPULSE INC,darkpulse,KLMK,33858,3674.0,crosswalk
0000866706,ESCO TECHNOLOGIES INC,esco technologies,ESE,23224,3825.0,crosswalk
0000866729,SCHOLASTIC CORP,scholastic,SCHL,9466,2731.0,crosswalk
0000866787,AUTOZONE INC,autozone,AZO,23809,5531.0,crosswalk
0000866829,HELIX ENERGY SOLUTIONS GROUP,helix energy solutions,CDIS,65006,1389.0,crosswalk
0000867028,FOMO WORLDWIDE INC,fomo worldwide,,20547,7389.0,crosswalk
0000867038,SPINDLETOP OIL & GAS CO,spindletop oil gas,SPND,24131,1311.0,crosswalk
0000867840,PRECISION OPTICS CORP INC,precision optics,POCI,24842,3845.0,crosswalk
0000868278,PROPHASE LABS INC,prophase labs,QGLY,31418,2834.0,crosswalk
0000868671,GLACIER BANCORP INC,glacier bancorp,GBCI,16832,6020.0,crosswalk
0000868780,DORMAN PRODUCTS INC,dorman products,DORM,23753,3714.0,crosswalk
0000868857,AECOM,aecom,ACM,147988,8711.0,crosswalk
0000871763,MANPOWERGROUP,manpowergroup,MAN,14370,7363.0,crosswalk
0000872589,REGENERON PHARMACEUTICALS,regeneron pharmaceuticals,REGN,23812,2834.0,crosswalk
0000872912,DELCATH SYSTEMS INC,delcath systems,DCTH,140023,3841.0,crosswalk
0000873303,SAREPTA THERAPEUTICS INC,sarepta therapeutics,SRPT,64857,2836.0,crosswalk
0000873860,ONITY GROUP INC,onity,OCN,63639,6162.0,crosswalk
0000874015,IONIS PHARMACEUTICALS INC,ionis pharmaceuticals,ISIS,24040,2836.0,crosswalk
0000874238,STERLING INFRASTRUCTURE INC,sterling infrastructure,STRL,5559,1700.0,crosswalk
0000874396,LIFETIME BRANDS INC,lifetime brands,LCUT,24099,3420.0,crosswalk
0000874499,GULFPORT ENERGY CORP,gulfport energy,GPOR,26069,1311.0,crosswalk
0000874501,OCTAVE SPECIALTY GROUP INC,octave specialty,ABK,24287,6351.0,crosswalk
0000874716,IDEXX LABS INC,idexx labs,IDXX,24197,2835.0,crosswalk
0000874761,AES CORP (THE),aes corp the,AES,24216,4991.0,crosswalk
0000874766,HARTFORD INSURANCE GROUP INC,hartford insurance,HIG,61739,6331.0,crosswalk
0000874866,CORVEL CORP,corvel,CRVL,24225,6411.0,crosswalk
0000875045,BIOGEN INC,biogen,BIIB,24468,2836.0,crosswalk
0000875320,VERTEX PHARMACEUTICALS INC,vertex pharmaceuticals,VRTX,24344,2836.0,crosswalk
0000875355,BLOOMIA HOLDINGS INC,bloomia,ISIG,24204,6159.0,crosswalk
0000875357,BOK FINANCIAL CORP,bok financial,BOKF,24447,6020.0,crosswalk
0000875582,NORTHERN TECH INTL,northern tech intl,NTI,19209,2890.0,crosswalk
0000875657,ULTRALIFE CORP,ultralife,ULBI,26045,3690.0,crosswalk
0000875729,BION ENVIRONMENTAL TECH INC,bion environmental tech,BNET,25360,2870.0,crosswalk
0000876167,PROGRESS SOFTWARE CORP,progress software,PRGS,24352,7372.0,crosswalk
0000876343,LINEAGE CELL THERAPEUTICS IN,lineage cell therapeutics in,BTX,24996,2836.0,crosswalk
0000876378,ASENSUS SURGICAL INC,asensus surgical,TRXC,18666,3841.0,crosswalk
0000876427,MONRO INC,monro,MNRO,24350,7500.0,crosswalk
0000876437,MGIC INVESTMENT CORP/WI,mgic investment corpwi,MTG,24379,6351.0,crosswalk
0000876523,EZCORP INC  -CL A,ezcorp inc cl a,EZPW,24430,5900.0,crosswalk
0000876883,STAGWELL INC,stagwell,MDCA,39309,7311.0,crosswalk
0000877212,ZEBRA TECHNOLOGIES CP  -CL A,zebra technologies cp cl a,ZBRA,24405,3577.0,crosswalk
0000877422,SPARTANNASH CO,spartannash,SPTN,28762,5141.0,crosswalk
0000877860,NATIONAL HEALTH INVESTORS,national health investors,NHI,24533,6798.0,crosswalk
0000878927,OLD DOMINION FREIGHT,old dominion freight,ODFL,24617,4213.0,crosswalk
0000878932,EQUUS TOTAL RETURN INC,equus total return,EQS,25709,6797.0,crosswalk
0000879101,KIMCO REALTY CORP,kimco realty,KIM,24731,6798.0,crosswalk
0000879169,INCYTE CORP,incyte,INCY,29127,2836.0,crosswalk
0000879407,ARROWHEAD PHARMACEUTICAL INC,arrowhead pharmaceutical,ARWR,28806,2836.0,crosswalk
0000879526,WABASH NATIONAL CORP,wabash national,WNC,24720,3715.0,crosswalk
0000879585,ATN INTERNATIONAL INC,atn international,ATNI,24708,4812.0,crosswalk
0000879635,MID PENN BANCORP INC,mid penn bancorp,MPB,66288,6020.0,crosswalk
0000879911,APPLIED ENERGETICS INC,applied energetics,AERG,25088,3600.0,crosswalk
0000880117,SANFILIPPO JOHN B&SON,sanfilippo john bson,JBSS,24755,2060.0,crosswalk
0000880242,BIOLARGO INC,biolargo,BLGO,24797,2860.0,crosswalk
0000880266,AGCO CORP,agco,AGCO,25180,3523.0,crosswalk
0000880417,CSB BANCORP INC/OH,csb bancorp incoh,CSBB,65924,6020.0,crosswalk
0000880631,WISDOMTREE INC,wisdomtree,WETF,24750,6282.0,crosswalk
0000880641,EAGLE FINANCIAL SERVICES INC,eagle financial services,EFSI,153616,6020.0,crosswalk
0000880807,AMERICAN SUPERCONDUCTOR CP,american superconductor cp,AMSC,24795,3621.0,crosswalk
0000880984,ACORN ENERGY INC,acorn energy,ACFN,24912,3812.0,crosswalk
0000881787,CROSS TIMBERS ROYALTY TRUST,cross timbers royalty trust,CRT,24980,6792.0,crosswalk
0000882095,GILEAD SCIENCES INC,gilead sciences,GILD,24856,2836.0,crosswalk
0000882184,D R HORTON INC,d r horton,DHI,25340,1531.0,crosswalk
0000882291,AETHLON MEDICAL INC,aethlon medical,AEMD,27983,3841.0,crosswalk
0000882361,APTOSE BIOSCIENCES INC,aptose biosciences,,25750,2836.0,crosswalk
0000882508,QUICKLOGIC CORP,quicklogic,QUIK,65036,3674.0,crosswalk
0000882796,BIOCRYST PHARMACEUTICALS INC,biocryst pharmaceuticals,BCRX,29837,2836.0,crosswalk
0000882835,ROPER TECHNOLOGIES INC,roper technologies,ROP,24925,7370.0,crosswalk
0000883107,SOLESENCE INC,solesence,NANX,65937,2810.0,crosswalk
0000883237,VIRTUS INVESTMENT PTNRS INC,virtus investment ptnrs,VRTS,25030,6282.0,crosswalk
0000883241,SYNOPSYS INC,synopsys,SNPS,24975,7372.0,crosswalk
0000883569,FOSSIL GROUP INC,fossil,FOSL,28118,3873.0,crosswalk
0000883902,CORNERSTNE BULDNG BRNDS INC,cornerstne buldng brnds,NCS,25130,3448.0,crosswalk
0000883948,ATLANTIC UNION BANKSHRS CRP,atlantic union bankshrs crp,UBSH,19713,6020.0,crosswalk
0000883975,MICROBOT MEDICAL INC,microbot medical,STEM,29293,3845.0,crosswalk
0000883984,ICU MEDICAL INC,icu medical,ICUI,25110,3841.0,crosswalk
0000884144,ASURE SOFTWARE INC,asure software,ASUR,25138,7370.0,crosswalk
0000884219,PURSUIT ATTRC AND HSPTLY INC,pursuit attrc and hsptly,VVI,160785,7000.0,crosswalk
0000884269,ALPHA PRO TECH LTD,alpha pro tech,APT,62072,3089.0,crosswalk
0000884614,UGI CORP,ugi,UGI,10801,4932.0,crosswalk
0000884624,ORTHOFIX MEDICAL INC,orthofix medical,OFIX,28380,3841.0,crosswalk
0000884650,Infinite Group Inc,infinite,IMCI,,7370.0,ticker_map
0000884713,Cott Corp,cott,COT,,2086.0,ticker_map
0000884887,ROYAL CARIBBEAN GROUP,royal caribbean,RCL,28191,4400.0,crosswalk
0000885245,BUCKLE INC,buckle,BKE,25234,5651.0,crosswalk
0000885275,WILSON BANK HOLDING CO,wilson bank,,264731,6020.0,crosswalk
0000885307,JEWETT-CAMERON TRADING CO,jewettcameron trading,JCTCF,25406,5031.0,crosswalk
0000885462,GULF RESOURCES INC,gulf resources,DSFX,25935,2810.0,crosswalk
0000885508,STRATUS PROPERTIES INC,stratus properties,STRS,25462,6552.0,crosswalk
0000885550,CREDIT ACCEPTANCE CORP,credit acceptance,CACC,25339,6141.0,crosswalk
0000885568,OLD DOMINION ELECTRIC COOP,old dominion electric coop,,127675,4911.0,crosswalk
0000885590,BAUSCH HEALTH COMPANIES INC,bausch health companies,VRX,29955,2834.0,crosswalk
0000885639,KOHL'S CORP,kohls,KSS,25283,5311.0,crosswalk
0000885725,BOSTON SCIENTIFIC CORP,boston scientific,BSX,25279,3845.0,crosswalk
0000885975,CINEMARK USA INC,cinemark usa,,60972,7830.0,crosswalk
0000885978,US PHYSICAL THERAPY INC,us physical therapy,USPH,25318,8000.0,crosswalk
0000886128,FUELCELL ENERGY INC,fuelcell energy,FCEL,25430,3690.0,crosswalk
0000886136,SAGA COMMUNICATIONS INC,saga communications,SGA,27790,4832.0,crosswalk
0000886163,LIGAND PHARMACEUTICAL INC,ligand pharmaceutical,LGND,25937,2834.0,crosswalk
0000886206,FRANKLIN COVEY CO,franklin covey,FC,25331,8200.0,crosswalk
0000886346,KADANT INC,kadant,KAI,25922,3550.0,crosswalk
0000886744,GERON CORP,geron,GERN,63405,2836.0,crosswalk
0000886835,SUPERIOR ENERGY SERVICES INC,superior energy services,SPN,25509,1389.0,crosswalk
0000886982,GOLDMAN SACHS GROUP INC,goldman sachs,GS,114628,6211.0,crosswalk
0000887343,COLUMBIA BANKING SYSTEM INC,columbia banking system,COLB,65228,6020.0,crosswalk
0000887359,VERICEL CORP,vericel,ASTM,64334,2836.0,crosswalk
0000887396,EMPIRE PETROLEUM CORP,empire petroleum,EMPR,26028,1311.0,crosswalk
0000887596,CHEESECAKE FACTORY INC,cheesecake factory,CAKE,25737,5812.0,crosswalk
0000887733,CENTRAL GARDEN & PET CO,central garden pet,CENT,25536,5140.0,crosswalk
0000887905,LTC PROPERTIES INC,ltc properties,LTC,25665,6798.0,crosswalk
0000887936,FTI CONSULTING INC,fti consulting,FCN,62823,8742.0,crosswalk
0000888491,OMEGA HEALTHCARE INVS INC,omega healthcare invs,OHI,25633,6798.0,crosswalk
0000888981,NOCOPI TECHNOLOGIES INC,nocopi technologies,NNUP,21361,6794.0,crosswalk
0000889331,LITTELFUSE INC,littelfuse,LFUS,25747,3613.0,crosswalk
0000889348,CPI AEROSTRUCTURES INC,cpi aerostructures,CVU,25726,3728.0,crosswalk
0000889609,CONSUMER PORTFOLIO SVCS INC,consumer portfolio svcs,CPSS,25852,6159.0,crosswalk
0000889900,PATTERSON-UTI ENERGY INC,pattersonuti energy,PTEN,29108,1389.0,crosswalk
0000889971,LIGHTPATH TECHNOLOGIES INC,lightpath technologies,LPTH,62217,3827.0,crosswalk
0000890066,GLEN BURNIE BANCORP,glen burnie bancorp,GLBZ,65050,6020.0,crosswalk
0000890394,PERASO INC,peraso,MOSY,40460,3674.0,crosswalk
0000890447,VERTEX ENERGY INC,vertex energy,WDWT,183704,5172.0,crosswalk
0000890564,ASGN INC,asgn,ASGN,25749,7370.0,crosswalk
0000890821,ENVERIC BIOSCIENCES INC,enveric biosciences,SPZR,37640,2836.0,crosswalk
0000890926,RADIAN GROUP INC,radian,RDN,25895,6351.0,crosswalk
0000891014,MINERALS TECHNOLOGIES INC,minerals technologies,MTX,25870,2860.0,crosswalk
0000891024,PATTERSON COS INC,patterson cos,PDCO,25880,5047.0,crosswalk
0000891103,MATCH GROUP INC,match,IACI,26061,7370.0,crosswalk
0000891166,UNIVERSAL INSURANCE HLDGS,universal insurance hldgs,UVE,26016,6331.0,crosswalk
0000891417,NANO MAGIC INC,nano magic,NNPP,27856,2842.0,crosswalk
0000891482,FULL HOUSE RESORTS INC,full house resorts,FLL,28749,7990.0,crosswalk
0000891532,PERMA-FIX ENVIRONMENTAL SVCS,permafix environmental svcs,PESI,25979,4955.0,crosswalk
0000892553,CHART INDUSTRIES INC,chart industries,CIDI,25964,3443.0,crosswalk
0000893538,SM ENERGY CO,sm energy,SM,26013,1311.0,crosswalk
0000893691,MASONITE INTERNATIONAL CORP,masonite international,DOOR,20696,2430.0,crosswalk
0000893847,HAWTHORN BANCSHARES INC,hawthorn bancshares,EXJF,111179,6020.0,crosswalk
0000893949,PEDIATRIX MEDICAL GROUP INC,pediatrix medical,PDX,61325,8011.0,crosswalk
0000894081,AIR TRANSPORT SERVICES GROUP,air transport services,ATSG,155280,4512.0,crosswalk
0000894158,THERIVA BIOLOGICS INC,theriva biologics,PP,177764,2834.0,crosswalk
0000894315,SITE CENTERS CORP,site centers,DDR,27780,6798.0,crosswalk
0000894405,ARCBEST CORP,arcbest,ABFS,1743,4213.0,crosswalk
0000894556,CITROTECH INC,citrotech,GEVM,65842,4955.0,crosswalk
0000894560,BIOETHICS LTD,bioethics,,109519,9995.0,crosswalk
0000894627,VAALCO ENERGY INC,vaalco energy,EGY,27199,1311.0,crosswalk
0000894671,OHIO VALLEY BANC CORP,ohio valley banc,OVBC,19137,6020.0,crosswalk
0000894871,ARENA GROUP HLDNGS INC (THE),arena group hldngs inc the,ISSM,29064,7370.0,crosswalk
0000895126,EXPAND ENERGY CORP,expand energy,CHK,27786,1311.0,crosswalk
0000895417,EQUITY LIFESTYLE PPTYS INC,equity lifestyle pptys,ELS,27875,6798.0,crosswalk
0000895419,WOLFSPEED INC,wolfspeed,CREE,27794,3674.0,crosswalk
0000895421,MORGAN STANLEY,morgan stanley,MS,12124,6211.0,crosswalk
0000895447,SHOE CARNIVAL INC,shoe carnival,SCVL,27938,5661.0,crosswalk
0000895456,ROCKY BRANDS INC,rocky brands,RCKY,27776,3140.0,crosswalk
0000895728,ENBRIDGE INC,enbridge,,6135,4924.0,crosswalk
0000896156,ETHAN ALLEN INTERIORS INC,ethan allen interiors,ETH,23252,2510.0,crosswalk
0000896159,CHUBB LTD,chubb,ACE,28034,6331.0,crosswalk
0000896262,AMEDISYS INC,amedisys,AMED,30612,8082.0,crosswalk
0000896264,USANA HEALTH SCIENCES INC,usana health sciences,USNA,63863,2834.0,crosswalk
0000896429,CANTALOUPE INC,cantaloupe,USAT,62213,7374.0,crosswalk
0000896493,HYPERSCALE DATA INC,hyperscale data,DPW,64163,9997.0,crosswalk
0000896622,APTARGROUP INC,aptargroup,ATR,28176,3089.0,crosswalk
0000896878,INTUIT INC,intuit,INTU,27928,7372.0,crosswalk
0000897077,ALAMO GROUP INC,alamo,ALG,27960,3523.0,crosswalk
0000897078,RESONATE BLENDS INC,resonate blends,FSTWC,19272,2833.0,crosswalk
0000897448,AMARIN CORPORATION PLC,amarin corporation,AMRN,28027,2836.0,crosswalk
0000897723,SANMINA CORP,sanmina,SANM,28139,3672.0,crosswalk
0000898171,UWHARRIE CAPITAL CORP,uwharrie capital,,113339,6020.0,crosswalk
0000898173,O'REILLY AUTOMOTIVE INC,oreilly automotive,ORLY,28180,5531.0,crosswalk
0000898174,REINSURANCE GROUP AMER INC,reinsurance group amer,RGA,28216,6311.0,crosswalk
0000898293,JABIL INC,jabil,JBL,28195,3672.0,crosswalk
0000898437,ANIKA THERAPEUTICS INC,anika therapeutics,ANIK,28209,2836.0,crosswalk
0000899045,LAMAR MEDIA CORP,lamar media,,260298,6798.0,crosswalk
0000899051,ALLSTATE CORP,allstate,ALL,28349,6331.0,crosswalk
0000899394,HARBOR DIVERSIFIED INC,harbor diversified,HRBR,61976,4512.0,crosswalk
0000899460,MANNKIND CORP,mannkind,MNKD,160340,2836.0,crosswalk
0000899629,ACADIA REALTY TRUST,acadia realty trust,AKR,28323,6798.0,crosswalk
0000899689,VORNADO REALTY TRUST,vornado realty trust,VNO,11220,6798.0,crosswalk
0000899715,TANGER INC,tanger,SKT,28340,6798.0,crosswalk
0000899751,TITAN INTERNATIONAL INC,titan international,TWI,28295,3523.0,crosswalk
0000899923,Myriad Genetics Inc,myriad genetics,MYGN,,2835.0,ticker_map
0000900075,COPART INC,copart,CPRT,29901,5010.0,crosswalk
0000901491,PAPA JOHNS INTERNATIONAL INC,papa johns international,PZZA,28397,5812.0,crosswalk
0000902791,BARRETT BUSINESS SVCS INC,barrett business svcs,BBSI,28410,7363.0,crosswalk
0000903129,GENTHERM INC,gentherm,ARGN,28408,3714.0,crosswalk
0000903419,ALERUS FINANCIAL CORP,alerus financial,,18434,6020.0,crosswalk
0000903651,INNODATA INC,innodata,INOD,28717,8700.0,crosswalk
0000906107,EQUITY RESIDENTIAL,equity residential,EQR,28733,6798.0,crosswalk
0000906163,NVR INC,nvr,NVR,12459,1531.0,crosswalk
0000906345,CAMDEN PROPERTY TRUST,camden property trust,CPT,28629,6798.0,crosswalk
0000906465,QCR HOLDINGS INC,qcr,QCRH,28967,6020.0,crosswalk
0000906553,BOYD GAMING CORP,boyd gaming,BYD,29011,7011.0,crosswalk
0000906709,NEKTAR THERAPEUTICS,nektar therapeutics,NKTR,30137,2834.0,crosswalk
0000907242,MONARCH CASINO & RESORT INC,monarch casino resort,MCRI,28704,7990.0,crosswalk
0000907254,SAUL CENTERS INC,saul centers,BFS,28769,6798.0,crosswalk
0000907471,PATHWARD FINANCIAL INC,pathward financial,CASH,28866,6020.0,crosswalk
0000907654,ORUKA THERAPEUTICS INC,oruka therapeutics,NUVO,182309,2836.0,crosswalk
0000908255,BORGWARNER INC,borgwarner,BWA,28742,3714.0,crosswalk
0000908259,ONCOTELIC THERAPEUTICS INC,oncotelic therapeutics,OXGN,35138,2836.0,crosswalk
0000908311,CREATIVE MEDIA & COM TR CORP,creative media com tr,PCC,19966,6798.0,crosswalk
0000908315,WINMARK CORP,winmark,WINA,28785,6794.0,crosswalk
0000908937,SIRIUS XM HOLDINGS INC,sirius xm,SIRI,30662,4832.0,crosswalk
0000909108,DIAMOND HILL INVESTMENT GRP,diamond hill investment grp,DHIL,65235,6282.0,crosswalk
0000909494,TUCOWS INC,tucows,TCX,62723,7370.0,crosswalk
0000909724,TANDY LEATHER FACTORY INC,tandy leather factory,TLF,28675,5990.0,crosswalk
0000909832,COSTCO WHOLESALE CORP,costco wholesale,COST,29028,5399.0,crosswalk
0000910073,FLAGSTAR BANK NA,flagstar bank na,NYCB,29282,6036.0,crosswalk
0000910108,LXP INDUSTRIAL TRUST,lxp industrial trust,LXP,29052,6798.0,crosswalk
0000910267,Titan Pharmaceuticals Inc,titan pharmaceuticals,TTNP,,2836.0,ticker_map
0000910329,MEDIFAST INC,medifast,MED,29517,2090.0,crosswalk
0000910406,HAIN CELESTIAL GROUP INC,hain celestial,HAIN,29609,2000.0,crosswalk
0000910521,DECKERS OUTDOOR CORP,deckers outdoor,DECK,29015,3140.0,crosswalk
0000910606,REGENCY CENTERS CORP,regency centers,REG,29099,6798.0,crosswalk
0000910612,CBL & ASSOCIATES PPTYS INC,cbl associates pptys,CBL,29082,6798.0,crosswalk
0000910638,3D SYSTEMS CORP,3d systems,DDD,14898,3559.0,crosswalk
0000911147,CENTURY CASINOS INC,century casinos,CNTY,29151,7990.0,crosswalk
0000911177,CASELLA WASTE SYS INC  -CL A,casella waste sys inc cl a,CWST,65702,4953.0,crosswalk
0000911216,PALATIN TECHNOLOGIES INC,palatin technologies,PTN,29086,2836.0,crosswalk
0000912061,NATURAL HEALTH TRENDS CORP,natural health trends,BHIP,60911,5122.0,crosswalk
0000912093,VIAVI SOLUTIONS INC,viavi solutions,JDSU,29241,3661.0,crosswalk
0000912242,MACERICH CO,macerich,MAC,29868,6798.0,crosswalk
0000912463,GUESS INC,guess,GES,63447,2330.0,crosswalk
0000912544,Hollywood Media Corp,hollywood media,HOLL,,5990.0,ticker_map
0000912562,GIBRALTAR INDUSTRIES INC,gibraltar industries,ROCK,29131,3310.0,crosswalk
0000912593,SUN COMMUNITIES INC,sun communities,SUI,29359,6798.0,crosswalk
0000912595,MID-AMERICA APT CMNTYS INC,midamerica apt cmntys,MAA,29649,6798.0,crosswalk
0000912603,RADIUS RECYCLING INC,radius recycling,SCHN,29217,5093.0,crosswalk
0000912615,URBAN OUTFITTERS INC,urban outfitters,URBN,29150,5651.0,crosswalk
0000912728,FORWARD AIR CORP,forward air,FWRD,29206,4210.0,crosswalk
0000912752,Sinclair Broadcast Group Inc,sinclair broadcast,SBGI,,4833.0,ticker_map
0000912766,LAUREATE EDUCATION INC,laureate education,SLVN,26305,8200.0,crosswalk
0000912767,UFP INDUSTRIES INC,ufp industries,UFPI,29156,2421.0,crosswalk
0000913142,BELDEN INC,belden,BDC,28940,3670.0,crosswalk
0000913144,RENAISSANCERE HOLDINGS LTD,renaissancere,RNR,61406,6331.0,crosswalk
0000913241,MADDEN STEVEN LTD,madden steven,SHOO,29382,3140.0,crosswalk
0000913277,CLARUS CORP,clarus,CLRS,185372,3949.0,crosswalk
0000913341,C&F FINANCIAL CORP,cf financial,CFFI,65958,6020.0,crosswalk
0000913760,STONEX GROUP INC,stonex,INTL,31521,6200.0,crosswalk
0000914122,PERMA-PIPE INTERNATIONAL HOL,permapipe international hol,MFRI,19431,3490.0,crosswalk
0000914139,PARKERVISION INC,parkervision,PRKR,29332,3663.0,crosswalk
0000914156,UFP TECHNOLOGIES INC,ufp technologies,UFPT,29449,3842.0,crosswalk
0000914208,INVESCO LTD,invesco,IVZ,29804,6282.0,crosswalk
0000914475,NEUROCRINE BIOSCIENCES INC,neurocrine biosciences,NBIX,62921,2836.0,crosswalk
0000914712,STEEL CONNECT INC,steel connect,MLNK,29621,7389.0,crosswalk
0000915358,SIGMATRON INTERNATIONAL INC,sigmatron international,SGMA,29698,3672.0,crosswalk
0000915389,EASTMAN CHEMICAL CO,eastman chemical,EMN,29392,2800.0,crosswalk
0000915779,DAKTRONICS INC,daktronics,DAKT,29705,3990.0,crosswalk
0000915840,BEAZER HOMES USA INC,beazer homes usa,BZH,29755,1531.0,crosswalk
0000915912,AVALONBAY COMMUNITIES INC,avalonbay communities,AVB,29875,6798.0,crosswalk
0000915913,ALBEMARLE CORP,albemarle,ALB,29751,2810.0,crosswalk
0000916076,MARTIN MARIETTA MATERIALS,martin marietta materials,MLM,29733,1400.0,crosswalk
0000916365,TRACTOR SUPPLY CO,tractor supply,TSCO,29736,5200.0,crosswalk
0000916540,DARLING INGREDIENTS INC,darling ingredients,DAR,30651,2070.0,crosswalk
0000916789,HELEN OF TROY LTD,helen of troy,HELE,5572,3634.0,crosswalk
0000916907,SOUTHERN MISSOURI BANCP INC,southern missouri bancp,SMBC,30055,6036.0,crosswalk
0000917225,SOLITARIO RESOURCES CORP,solitario resources,XPL,30473,1000.0,crosswalk
0000917251,AGREE REALTY CORP,agree realty,ADC,30067,6798.0,crosswalk
0000917273,RAMBUS INC,rambus,RMBS,64766,6794.0,crosswalk
0000917470,OLYMPIC STEEL INC,olympic steel,ZEUS,29870,5051.0,crosswalk
0000917491,FARO TECHNOLOGIES INC,faro technologies,FARO,65421,3829.0,crosswalk
0000917520,INTEGRA LIFESCIENCES HOLDNGS,integra lifesciences holdngs,IART,61181,3842.0,crosswalk
0000918251,MOTORCAR PARTS OF AMER INC,motorcar parts of amer,MPAA,29930,3690.0,crosswalk
0000918541,NN INC,nn,NNBR,29894,3562.0,crosswalk
0000918545,BALTIC INTL USA INC,baltic intl usa,,30391,2810.0,crosswalk
0000918646,EAGLE MATERIALS INC,eagle materials,EXP,30032,3270.0,crosswalk
0000918965,SCANSOURCE INC,scansource,SCSC,29910,5045.0,crosswalk
0000919012,AMERN EAGLE OUTFITTERS INC,amern eagle outfitters,AEO,30059,5600.0,crosswalk
0000919864,FINWARD BANCORP,finward bancorp,NWINOB,107644,6020.0,crosswalk
0000920112,HEARTLAND FINANCIAL USA INC,heartland financial usa,HTLF,61693,6020.0,crosswalk
0000920148,LABCORP HOLDINGS INC,labcorp,LH,14960,8071.0,crosswalk
0000920371,SIMPSON MANUFACTURING INC,simpson manufacturing,SSD,30260,3420.0,crosswalk
0000920427,UNITY BANCORP INC,unity bancorp,UNTY,62243,6020.0,crosswalk
0000920522,ESSEX PROPERTY TRUST,essex property trust,ESS,30293,6798.0,crosswalk
0000920760,LENNAR CORP,lennar,LEN,6669,1531.0,crosswalk
0000921082,HIGHWOODS PROPERTIES INC,highwoods properties,HIW,30298,6798.0,crosswalk
0000921114,ARMATA PHARMACEUTICALS INC,armata pharmaceuticals,TGEN,332115,2836.0,crosswalk
0000921183,HMN FINANCIAL INC,hmn financial,HMNF,30416,6035.0,crosswalk
0000921299,KYNTRA BIO INC,kyntra bio,,21901,2836.0,crosswalk
0000921557,REPUBLIC BANCORP INC/KY,republic bancorp incky,RBCAA,112721,6020.0,crosswalk
0000921582,IMAX CORP,imax,IMAX,30312,3861.0,crosswalk
0000921738,PENN ENTERTAINMENT INC,penn entertainment,PENN,30259,7990.0,crosswalk
0000921825,FIRST INDL REALTY TRUST INC,first indl realty trust,FR,30384,6798.0,crosswalk
0000922224,PPL CORP,ppl,PPL,8455,4911.0,crosswalk
0000922247,CYCLO THERAPEUTICS INC,cyclo therapeutics,CTDH,106100,2836.0,crosswalk
0000922358,FERRELLGAS PARTNERS  -LP,ferrellgas partners lp,FGP,13962,5900.0,crosswalk
0000922621,ERIE INDEMNITY CO,erie indemnity,ERIE,61380,6411.0,crosswalk
0000922864,APARTMENT INVST & MGMT CO,apartment invst mgmt,AIV,30490,6798.0,crosswalk
0000923120,GREENBRIER COS INC (THE),greenbrier cos inc the,GBX,30463,3743.0,crosswalk
0000923139,FLUSHING FINANCIAL CORP,flushing financial,FFIC,61585,6020.0,crosswalk
0000923601,Singing Machine Co Inc,singing machine,SMD,,3652.0,ticker_map
0000923796,GEO GROUP INC,geo,GGI,30536,8744.0,crosswalk
0000924168,ENERGY FOCUS INC,energy focus,EFOI,30614,3640.0,crosswalk
0000924383,GENASYS INC,genasys,ATCO,22373,3651.0,crosswalk
0000924515,GUIDED THERAPEUTICS INC,guided therapeutics,GTHP,65016,3845.0,crosswalk
0000924717,SURMODICS INC,surmodics,SRDX,66588,6794.0,crosswalk
0000924719,SMITH-MIDLAND CORP,smithmidland,SMID,61709,3272.0,crosswalk
0000924805,FREEDOM HOLDING CORP,freedom,BMBM,26567,6211.0,crosswalk
0000924822,MILLER INDUSTRIES INC/TN,miller industries inctn,MLR,30558,3713.0,crosswalk
0000924901,VERIS RESIDENTIAL INC,veris residential,CLI,30637,6798.0,crosswalk
0000925528,HUDSON TECHNOLOGIES INC,hudson technologies,HDSN,30899,5070.0,crosswalk
0000925660,FLEXPOINT SENSOR SYSTEMS INC,flexpoint sensor systems,FLXT,114209,3679.0,crosswalk
0000925741,BIOCARDIA INC,biocardia,CLIK,24598,2836.0,crosswalk
0000926282,ADTRAN HOLDINGS INC,adtran,ADTN,30576,3661.0,crosswalk
0000926326,OMNICELL INC,omnicell,OMCL,142956,3559.0,crosswalk
0000926423,MIND TECHNOLOGY INC,mind technology,MIND,31214,3829.0,crosswalk
0000926617,ASPIRA WOMENS HEALTH INC,aspira womens health,VRML,140042,2835.0,crosswalk
0000926844,FUSS BRANDS CORP,fuss brands,CBP,65229,9995.0,crosswalk
0000927003,ADVANCED ENERGY INDS INC,advanced energy inds,AEIS,61562,3679.0,crosswalk
0000927066,DAVITA INC,davita,DVA,61483,8090.0,crosswalk
0000927628,CAPITAL ONE FINANCIAL CORP,capital one financial,COF,30990,6141.0,crosswalk
0000927653,MCKESSON CORP,mckesson,MCK,7171,5122.0,crosswalk
0000928022,CALLON PETROLEUM CO/DE,callon petroleum code,CPE,15060,1311.0,crosswalk
0000928054,FLOTEK INDUSTRIES INC,flotek industries,FTK,28347,2810.0,crosswalk
0000928340,CONSOLIDATED WATER CO INC,consolidated water,CWCO,62618,4941.0,crosswalk
0000928465,AMCON DISTRIBUTING CO,amcon distributing,DIT,61122,5190.0,crosswalk
0000928576,MIDAMERICAN ENERGY CO,midamerican energy,,65298,4931.0,crosswalk
0000928658,COVENANT LOGISTICS GROUP INC,covenant logistics,CVTI,30877,4213.0,crosswalk
0000929008,WESCO INTL INC,wesco intl,WCC,120444,5063.0,crosswalk
0000929351,STARZ ENTERTAINMENT CORP,starz entertainment,LGF,51514,7812.0,crosswalk
0000930236,REDWOOD TRUST INC,redwood trust,RWT,61129,6798.0,crosswalk
0000930245,AGASSI SPORTS ENTERTAIN CORP,agassi sports entertain,AASP,31232,9995.0,crosswalk
0000930420,KFORCE INC,kforce,KFRC,61179,7363.0,crosswalk
0000930775,ENCISION INC,encision,ECIA,63122,3845.0,crosswalk
0000931015,POLARIS INC,polaris,PII,14311,3790.0,crosswalk
0000931148,GRAFTECH INTERNATIONAL LTD,graftech international,GTI,61153,3620.0,crosswalk
0000931584,UNVL STAINLESS & ALLOY PRODS,unvl stainless alloy prods,USAP,31170,3312.0,crosswalk
0000932021,GLOBAL TECHNOLOGIES LTD,global technologies,GTLL,31588,3663.0,crosswalk
0000932696,INSIGHT ENTERPRISES INC,insight enterprises,NSIT,31453,5045.0,crosswalk
0000932781,FIRST COMMUNITY CORP/SC,first community corpsc,FCCO,112295,6020.0,crosswalk
0000933034,STRATTEC SECURITY CORP,strattec security,STRT,31567,3714.0,crosswalk
0000933036,UPBOUND GROUP INC,upbound,RCII,31460,7350.0,crosswalk
0000933136,MR COOPER GROUP INC,mr cooper,WM,13888,6162.0,crosswalk
0000933738,ENGLOBAL CORP,englobal,ENG,61971,1311.0,crosswalk
0000933972,374WATER INC,374water,PWVI,62819,3580.0,crosswalk
0000933974,AZENTA INC,azenta,BRKS,31477,8731.0,crosswalk
0000934549,ACACIA RESEARCH CORP,acacia research,ACTG,61004,6794.0,crosswalk
0000934612,BURLINGTON NORTHERN SANTA FE,burlington northern santa fe,BNI,2490,4011.0,crosswalk
0000934796,NETWORK CN INC,network cn,NWCN,66276,7310.0,crosswalk
0000935036,ACI WORLDWIDE INC,aci worldwide,ACIW,31564,7370.0,crosswalk
0000935419,RCI HOSPITALITY HLDGS INC,rci hospitality hldgs,RICK,61418,5810.0,crosswalk
0000935703,DOLLAR TREE INC,dollar tree,DLTR,31587,5331.0,crosswalk
0000936340,DTE ENERGY CO,dte energy,DTE,3897,4931.0,crosswalk
0000936395,CIENA CORP,ciena,CIEN,64356,3661.0,crosswalk
0000936468,LOCKHEED MARTIN CORP,lockheed martin,LMT,6774,3760.0,crosswalk
0000936528,WAFD INC,wafd,WAFD,17145,6020.0,crosswalk
0000937098,TRINET GROUP INC,trinet,,140988,8742.0,crosswalk
0000937556,MASIMO CORP,masimo,MASI,177881,3845.0,crosswalk
0000937834,METROPOLITAN LIFE INSURANCE,metropolitan life insurance,,20477,6311.0,crosswalk
0000939767,EXELIXIS INC,exelixis,EXEL,133885,2836.0,crosswalk
0000939930,PYXUS INTERNATIONAL INC,pyxus international,AOI,3937,5190.0,crosswalk
0000940942,HUB GROUP INC  -CL A,hub group inc cl a,HUBG,62378,4731.0,crosswalk
0000940944,DARDEN RESTAURANTS INC,darden restaurants,DRI,31846,5812.0,crosswalk
0000942126,TAITRON COMPONENTS  -CL A,taitron components cl a,TAIT,31738,5065.0,crosswalk
0000943452,WABTEC CORP,wabtec,WAB,60979,3743.0,crosswalk
0000943535,WORLD HEALTH ENERGY HOLDINGS,world health energy,,36430,7370.0,crosswalk
0000943819,RESMED INC,resmed,RMD,31887,3845.0,crosswalk
0000944075,SOCKET MOBILE INC,socket mobile,SCKT,60801,3663.0,crosswalk
0000944148,CBIZ INC,cbiz,CBZ,31752,8721.0,crosswalk
0000944480,GSE SYSTEMS INC,gse systems,GVP,61077,7361.0,crosswalk
0000944695,HANOVER INSURANCE GROUP INC,hanover insurance,THG,61408,6331.0,crosswalk
0000944745,CIVISTA BANCSHARES INC,civista bancshares,FCZA,21593,6020.0,crosswalk
0000944809,OPKO HEALTH INC,opko health,OPK,61490,8071.0,crosswalk
0000945114,GLOBAL INDUSTRIAL CO,global industrial,SYX,60931,5090.0,crosswalk
0000945394,SERVICE PROPERTIES TRUST,service properties trust,HPT,61188,6798.0,crosswalk
0000945617,AMERICAN CANNABIS CO INC,american cannabis,NAWL,21939,8742.0,crosswalk
0000945841,POOL CORP,pool,POOL,61420,5090.0,crosswalk
0000945983,CLIMB GLOBAL SOLUTIONS INC,climb global solutions,WSTG,61028,5045.0,crosswalk
0000946486,WINDTREE THERAPEUTICS INC,windtree therapeutics,DSCO,61140,2836.0,crosswalk
0000946563,RETRACTABLE TECHNOLOGIES INC,retractable technologies,RVP,143526,3841.0,crosswalk
0000946581,TAKE-TWO INTERACTIVE SFTWR,taketwo interactive sftwr,TTWO,64630,7372.0,crosswalk
0000946644,AIM IMMUNOTECH INC,aim immunotech,HEB,62525,2836.0,crosswalk
0000946647,PREMIER FINANCIAL CORP,premier financial,FDEF,28620,6020.0,crosswalk
0000946673,BANNER CORP,banner,BANR,61487,6020.0,crosswalk
0000947484,ARCH CAPITAL GROUP LTD,arch capital,ACGL,61302,6331.0,crosswalk
0000947559,FIRST BANCSHARES INC/MS,first bancshares incms,FBMS,152049,6020.0,crosswalk
0000948320,LIFEMD INC,lifemd,,25472,8090.0,crosswalk
0000948708,SMITH MICRO SOFTWARE INC,smith micro software,SMSI,61321,7372.0,crosswalk
0000949039,DIAMOND OFFSHRE DRILLING INC,diamond offshre drilling,DO,61409,1381.0,crosswalk
0000949157,CENTURY ALUMINUM CO,century aluminum,CENX,62516,3350.0,crosswalk
0000949858,ACHIEVE LIFE SCIENCES INC,achieve life sciences,SNUS,32271,2834.0,crosswalk
0000949870,BOSTON BEER INC  -CL A,boston beer inc cl a,SAM,61581,2082.0,crosswalk
0000949961,INCOME OPPORTUNITY RLTY INVS,income opportunity rlty invs,IOT,12956,6162.0,crosswalk
0001000045,OLD MARKET CAPITAL CORP,old market capital,NICK,65365,4899.0,crosswalk
0001000209,MEDALLION FINANCIAL CORP,medallion financial,TAXI,62919,6159.0,crosswalk
0001000228,HENRY SCHEIN INC,henry schein,HSIC,61494,5047.0,crosswalk
0001000230,OPTICAL CABLE CORP,optical cable,OCCF,62553,3357.0,crosswalk
0001000623,MATIV HOLDINGS INC,mativ,SWM,61519,2800.0,crosswalk
0001000694,NOVAVAX INC,novavax,NVAX,61655,2836.0,crosswalk
0001000697,WATERS CORP,waters,WAT,61574,3826.0,crosswalk
0001000753,INSPERITY INC,insperity,NSP,64302,7363.0,crosswalk
0001001082,DISH NETWORK CORP,dish network,DISH,60900,4841.0,crosswalk
0001001115,GEOSPACE TECHNOLOGIES CORP,geospace technologies,OYOG,65896,3829.0,crosswalk
0001001171,BROADWAY FINANCIAL CORP/DE,broadway financial corpde,BYFC,61815,6035.0,crosswalk
0001001233,SANGAMO THERAPEUTICS INC,sangamo therapeutics,SGMO,133871,2836.0,crosswalk
0001001250,ESTEE LAUDER COMPANIES INC,estee lauder companies,EL,61567,2844.0,crosswalk
0001001316,TG THERAPEUTICS INC,tg therapeutics,TGTX,61711,2834.0,crosswalk
0001001385,NWPX INFRASTRUCTURE INC,nwpx infrastructure,NWPX,61635,3317.0,crosswalk
0001001601,MGT CAPITAL INVESTMENTS INC,mgt capital investments,MSHT,63337,7374.0,crosswalk
0001001614,Tengasco Inc,tengasco,TGC,,1311.0,ticker_map
0001001838,SOUTHERN COPPER CORP,southern copper,SCCO,61811,1000.0,crosswalk
0001001902,INTEVAC INC,intevac,IVAC,61587,3559.0,crosswalk
0001001907,ASTROTECH CORP,astrotech,ASTC,61766,3829.0,crosswalk
0001002047,NETAPP INC,netapp,NTAP,61591,3572.0,crosswalk
0001002590,STAR GROUP LP,star group lp,SGU,61735,5900.0,crosswalk
0001002638,OPEN TEXT CORP,open text,,61870,7370.0,crosswalk
0001002910,AMEREN CORP,ameren,AEE,10860,4931.0,crosswalk
0001003078,MSC INDUSTRIAL DIRECT  -CL A,msc industrial direct cl a,MSM,61732,5084.0,crosswalk
0001004155,SOUTHERN CO GAS,southern co gas,GAS,1837,4924.0,crosswalk
0001004434,AFFILIATED MANAGERS GRP INC,affiliated managers grp,AMG,65886,6282.0,crosswalk
0001004702,OCEANFIRST FINANCIAL CORP,oceanfirst financial,OCFC,63232,6020.0,crosswalk
0001004724,REGIONAL HEALTH PROPERTS INC,regional health properts,ADK,166485,8051.0,crosswalk
0001004980,PG&E CORP,pge,PCG,8264,4931.0,crosswalk
0001004989,SPAR GROUP INC,spar,SGRP,62302,7389.0,crosswalk
0001005101,MARYGOLD COMPANIES INC (THE),marygold companies inc the,CNCG,108345,6282.0,crosswalk
0001005210,SUBURBAN PROPANE PRTNRS  -LP,suburban propane prtnrs lp,SPH,62501,5900.0,crosswalk
0001005229,COLUMBUS MCKINNON CORP,columbus mckinnon,CMCO,62221,3530.0,crosswalk
0001005284,UNIVERSAL DISPLAY CORP,universal display,PANL,25274,3674.0,crosswalk
0001005286,LIFECORE BIOMEDL INC,lifecore biomedl,LNDC,62169,2834.0,crosswalk
0001005731,IDT CORP,idt,IDT,62396,4813.0,crosswalk
0001005757,CSG SYSTEMS INTL INC,csg systems intl,CSGS,62266,7374.0,crosswalk
0001005817,TOMPKINS FINANCIAL CORP,tompkins financial,TMP,17240,6020.0,crosswalk
0001006028,PURE BIOSCIENCE INC,pure bioscience,PURE,63448,2890.0,crosswalk
0001006045,IRIDEX CORP,iridex,IRIX,62168,3845.0,crosswalk
0001006281,PROTALIX BIOTHERAPEUTICS INC,protalix biotherapeutics,OTIX,62592,2836.0,crosswalk
0001006655,EVOLUTION PETROLEUM CORP,evolution petroleum,EPM,62626,1311.0,crosswalk
0001006830,CONSUMERS BANCORP INC,consumers bancorp,CBKM,111640,6020.0,crosswalk
0001006837,INNOVATE CORP,innovate,,63952,3440.0,crosswalk
0001007019,COFFEE HOLDING CO INC,coffee,JVA,160742,5140.0,crosswalk
0001007587,KVH INDUSTRIES INC,kvh industries,KVHI,62549,4899.0,crosswalk
0001008586,STREAMLINE HEALTH SOLUTIONS,streamline health solutions,STRM,62666,7373.0,crosswalk
0001008848,ACORDA THERAPEUTICS INC,acorda therapeutics,ACOR,156617,2836.0,crosswalk
0001009759,Capstone Turbine Corp,capstone turbine,CPST,,3510.0,ticker_map
0001009829,JAKKS PACIFIC INC,jakks pacific,JAKK,62745,3944.0,crosswalk
0001009891,AIR INDUSTRIES GROUP INC,air industries,ASHN,166087,3728.0,crosswalk
0001010086,SIGA TECHNOLOGIES INC,siga technologies,SIGA,65376,2834.0,crosswalk
0001010470,PROVIDENT FINANCIAL HOLDINGS,provident financial,PROV,63178,6035.0,crosswalk
0001011060,NORDICUS PARTNERS CORP,nordicus partners,ASNB,63029,3842.0,crosswalk
0001011509,GOLDEN MINERALS CO,golden minerals,AUM,65921,1040.0,crosswalk
0001012019,RUSH ENTERPRISES INC,rush enterprises,RUSH,63000,5500.0,crosswalk
0001012100,SEALED AIR CORP,sealed air,,9555,3081.0,crosswalk
0001012477,AVADEL PHARMACEUTICALS PLC,avadel pharmaceuticals,FLML,63005,2834.0,crosswalk
0001013237,FACTSET RESEARCH SYSTEMS INC,factset research systems,FDS,63172,7370.0,crosswalk
0001013272,NORWOOD FINANCIAL CORP,norwood financial,NWFL,66155,6020.0,crosswalk
0001013462,ANSYS INC,ansys,ANSS,63080,7372.0,crosswalk
0001013488,BJ'S RESTAURANTS INC,bjs restaurants,BJRI,63739,5812.0,crosswalk
0001013706,WILHELMINA INTERNATIONAL INC,wilhelmina international,WHLM,63388,7900.0,crosswalk
0001013857,PEGASYSTEMS INC,pegasystems,PEGA,63290,7372.0,crosswalk
0001013871,NRG ENERGY INC,nrg energy,NRG,135990,4911.0,crosswalk
0001013880,TTEC HOLDINGS INC,ttec,TTEC,63417,7389.0,crosswalk
0001013934,STRATEGIC EDUCATION INC,strategic education,STRA,63338,8200.0,crosswalk
0001014473,VERISIGN INC,verisign,VRSN,66368,7370.0,crosswalk
0001014739,OPTION CARE HEALTH INC,option care health,BIOS,35543,8090.0,crosswalk
0001014763,AINOS INC,ainos,AMAR,63446,2836.0,crosswalk
0001015328,WINTRUST FINANCIAL CORP,wintrust financial,WTFC,63781,6020.0,crosswalk
0001015383,OUTDOOR HOLDING CO,outdoor,RTRO,36153,3480.0,crosswalk
0001015739,AWARE INC,aware,AWRE,63454,7372.0,crosswalk
0001016178,CARVER BANCORP INC,carver bancorp,CARV,30857,6035.0,crosswalk
0001016281,CARRIAGE SERVICES INC,carriage services,CSV,63456,7200.0,crosswalk
0001016504,INTEGRATED BIOPHARMA INC,integrated biopharma,INB,61880,2834.0,crosswalk
0001017303,TRANSACT TECHNOLOGIES INC,transact technologies,TACT,63520,3577.0,crosswalk
0001017480,HIBBETT INC,hibbett,HIBB,63763,5940.0,crosswalk
0001017491,SEELOS THERAPEUTICS INC,seelos therapeutics,NEXM,34709,2836.0,crosswalk
0001017655,PAID INC,paid,PAYD,62178,7370.0,crosswalk
0001018164,WILLIS LEASE FINANCE CORP,willis lease finance,WLFC,63596,7359.0,crosswalk
0001018399,ENTERPRISE BANCORP INC/MA,enterprise bancorp incma,EBTC,118525,6020.0,crosswalk
0001018724,AMAZON.COM INC,amazoncom,AMZN,64768,5961.0,crosswalk
0001018840,ABERCROMBIE & FITCH  -CL A,abercrombie fitch cl a,ANF,63643,5651.0,crosswalk
0001018963,ATI INC -NEW,ati inc new,ATI,10405,3350.0,crosswalk
0001018979,AMERISAFE INC,amerisafe,AMSF,164572,6331.0,crosswalk
0001019034,BIO-KEY INTERNATIONAL INC,biokey international,BKYI,64645,3829.0,crosswalk
0001019849,PENSKE AUTOMOTIVE GROUP INC,penske automotive,PAG,63847,5500.0,crosswalk
0001020214,CERUS CORP,cerus,CERS,64327,3842.0,crosswalk
0001020569,IRON MOUNTAIN INC,iron mountain,IRM,62374,6798.0,crosswalk
0001020710,DXP ENTERPRISES INC,dxp enterprises,DXPE,64223,5080.0,crosswalk
0001020859,UNITED NATURAL FOODS INC,united natural foods,UNFI,63927,5140.0,crosswalk
0001021162,TRIUMPH GROUP INC,triumph,TGI,63876,3728.0,crosswalk
0001021561,NU SKIN ENTERPRISES  -CL A,nu skin enterprises cl a,NUS,64028,2844.0,crosswalk
0001021635,OGE ENERGY CORP,oge energy,OGE,8113,4931.0,crosswalk
0001021860,NOV INC,nov,NOV,63892,3533.0,crosswalk
0001022079,QUEST DIAGNOSTICS INC,quest diagnostics,DGX,64166,8071.0,crosswalk
0001022321,GENESIS ENERGY  -LP,genesis energy lp,GEL,64063,5172.0,crosswalk
0001022408,EPLUS INC,eplus,PLUS,63986,5045.0,crosswalk
0001022505,SIDECHANNEL INC,sidechannel,NSCT,64077,7372.0,crosswalk
0001022652,INSEEGO CORP,inseego,NVTL,141178,3661.0,crosswalk
0001022671,STEEL DYNAMICS INC,steel dynamics,STLD,64030,3312.0,crosswalk
0001022899,PROTAGENIC THERAPEUTICS INC,protagenic therapeutics,MILB,26922,2836.0,crosswalk
0001023024,ANI PHARMACEUTICALS INC,ani pharmaceuticals,ANIP,18204,2834.0,crosswalk
0001023128,LITHIA MOTORS INC  -CL A,lithia motors inc cl a,LAD,64175,5500.0,crosswalk
0001023313,FORRESTER RESEARCH INC,forrester research,FORR,64061,8700.0,crosswalk
0001023459,SIMULATIONS PLUS INC,simulations plus,SLP,64929,7372.0,crosswalk
0001023731,8X8 INC,8x8,EGHT,65021,7370.0,crosswalk
0001023994,OLENOX INDUSTRIES INC,olenox industries,CSDI,194655,3440.0,crosswalk
0001024305,COTY INC,coty,COTY,12151,2844.0,crosswalk
0001024478,ROCKWELL AUTOMATION,rockwell automation,ROK,9203,3620.0,crosswalk
0001024795,HELIOS TECHNOLOGIES INC,helios technologies,SNHY,64254,3490.0,crosswalk
0001025378,W P CAREY INC,w p carey,WPC,66354,6798.0,crosswalk
0001025771,CHASE PACKAGING CORP,chase packaging,CPKA,105867,9995.0,crosswalk
0001025835,ENTERPRISE FINL SERVICES CP,enterprise finl services cp,EFSC,117141,6020.0,crosswalk
0001025996,KILROY REALTY CORP,kilroy realty,KRC,64306,6798.0,crosswalk
0001026214,FEDERAL HOME LOAN MORTG CORP,federal home loan mortg,FMCC,15208,6111.0,crosswalk
0001026655,CORE MOLDING TECHNOLOGIES,core molding technologies,CMT,14794,3089.0,crosswalk
0001027838,TACTILE SYSTEMS TECHNOLOGY,tactile systems technology,,26847,3845.0,crosswalk
0001028918,PACIFIC PREMIER BANCORP INC,pacific premier bancorp,PPBI,64979,6020.0,crosswalk
0001029125,PANBELA THERAPEUTICS INC,panbela therapeutics,,21263,2836.0,crosswalk
0001029142,DYNAVAX TECHNOLOGIES CORP,dynavax technologies,DVAX,141496,2836.0,crosswalk
0001029199,EURONET WORLDWIDE INC,euronet worldwide,EEFT,64536,6099.0,crosswalk
0001030192,IDAHO STRTEGIC RESOURCES INC,idaho strtegic resources,NJMC,66246,1040.0,crosswalk
0001030469,OFG BANCORP,ofg bancorp,OFG,16981,6020.0,crosswalk
0001031093,SILVER BULL RESOURCES INC,silver bull resources,SVBR,177601,1000.0,crosswalk
0001031203,GROUP 1 AUTOMOTIVE INC,group 1 automotive,GPI,65718,5500.0,crosswalk
0001031235,GLOBAL SELF STORAGE INC,global self storage,GIFD,64545,6798.0,crosswalk
0001031296,FIRSTENERGY CORP,firstenergy,FE,8099,4911.0,crosswalk
0001031308,BENTLEY SYSTEMS INC,bentley systems,,37076,7370.0,crosswalk
0001031316,FRANKLIN STREET PROPERTIES,franklin street properties,FSP,163884,6798.0,crosswalk
0001031623,GULF ISLAND FABRICATION INC,gulf island fabrication,GIFI,64568,1389.0,crosswalk
0001032033,SLM CORP,slm,SLM,20430,6141.0,crosswalk
0001032208,SEMPRA ENERGY,sempra energy,SRE,8272,4923.0,crosswalk
0001032220,MAXIMUS INC,maximus,MMS,64901,7389.0,crosswalk
0001032975,LOGITECH INTERNATIONAL SA,logitech international sa,LOGI,102696,3577.0,crosswalk
0001034054,SBA COMMUNICATIONS CORP,sba communications,SBAC,121382,6798.0,crosswalk
0001034670,AUTOLIV INC,autoliv,ALV,64690,3714.0,crosswalk
0001034760,WIDEPOINT CORP,widepoint,WDPT,62057,7370.0,crosswalk
0001034842,RIGEL PHARMACEUTICALS INC,rigel pharmaceuticals,RIGL,133468,2834.0,crosswalk
0001035002,VALERO ENERGY CORP,valero energy,VLO,15247,2911.0,crosswalk
0001035092,SHORE BANCSHARES INC,shore bancshares,SHBI,143153,6020.0,crosswalk
0001035201,CALIFORNIA WATER SERVICE GP,california water service gp,CWT,2628,4941.0,crosswalk
0001035267,INTUITIVE SURGICAL INC,intuitive surgical,ISRG,136725,3845.0,crosswalk
0001035443,ALEXANDRIA R E EQUITIES INC,alexandria r e equities,ARE,64821,6798.0,crosswalk
0001035976,FNCB BANCORP INC,fncb bancorp,FNCB,113978,6020.0,crosswalk
0001035983,COMFORT SYSTEMS USA INC,comfort systems usa,FIX,64997,1700.0,crosswalk
0001036044,IDENTIV INC,identiv,INVE,65552,3577.0,crosswalk
0001036262,INTEST CORP,intest,INTT,64915,3825.0,crosswalk
0001036848,Aerocentury Corp,aerocentury,ACY,,7359.0,ticker_map
0001037038,RALPH LAUREN CORP,ralph lauren,RL,64891,2300.0,crosswalk
0001037540,BXP INC,bxp,BXP,64925,6798.0,crosswalk
0001037646,METTLER-TOLEDO INTL INC,mettlertoledo intl,MTD,65772,3826.0,crosswalk
0001037676,ARCH RESOURCES INC,arch resources,ACI,14793,1220.0,crosswalk
0001037868,AMETEK INC,ametek,AME,1598,3823.0,crosswalk
0001037976,JONES LANG LASALLE INC,jones lang lasalle,JLL,65108,6531.0,crosswalk
0001038074,SILICON LABORATORIES INC,silicon laboratories,SLAB,133288,3674.0,crosswalk
0001038277,RADNOSTIX INC,radnostix,INIS,65280,2835.0,crosswalk
0001038357,PIONEER NATURAL RESOURCES CO,pioneer natural resources,PXD,14359,1311.0,crosswalk
0001038773,SMARTFINANCIAL INC,smartfinancial,CSBQ,26179,6020.0,crosswalk
0001039065,OSI SYSTEMS INC,osi systems,OSIS,65607,3844.0,crosswalk
0001039280,NETSOL TECHNOLOGIES INC,netsol technologies,NTWK,107446,7372.0,crosswalk
0001039399,FORMFACTOR INC,formfactor,FORM,148390,3825.0,crosswalk
0001039466,NOVACCESS GLOBAL INC,novaccess global,XSNX,113822,2836.0,crosswalk
0001039684,ONEOK INC,oneok,OKE,8151,4923.0,crosswalk
0001039828,AMERICAN NATIONAL GROUP INC,american national,AEL,156383,6311.0,crosswalk
0001040130,PETMED EXPRESS INC,petmed express,PETS,65406,5912.0,crosswalk
0001040161,PIXELWORKS INC,pixelworks,PXLW,135044,3674.0,crosswalk
0001040470,AEHR TEST SYSTEMS,aehr test systems,AEHR,65286,3825.0,crosswalk
0001040765,VORNADO REALTY 7.875 PUB INC,vornado realty 7875 pub,,183674,6798.0,crosswalk
0001040829,RYMAN HOSPITALITY PPTYS INC,ryman hospitality pptys,RHP,24620,6798.0,crosswalk
0001040896,INTELLICHECK INC,intellicheck,IDN,126020,7370.0,crosswalk
0001040971,SL GREEN REALTY CORP,sl green realty,SLG,65290,6798.0,crosswalk
0001041024,ROCKWELL MEDICAL INC,rockwell medical,RMTI,66366,3842.0,crosswalk
0001041061,YUM BRANDS INC,yum brands,YUM,65417,5812.0,crosswalk
0001041368,RIVERVIEW BANCORP INC,riverview bancorp,RVSB,29061,6020.0,crosswalk
0001041514,LESAKA TECHNOLOGIES INC,lesaka technologies,UEPS,65540,7374.0,crosswalk
0001041657,URBAN ONE INC,urban one,ROIAK,120301,4832.0,crosswalk
0001041803,PRICESMART INC,pricesmart,PSMT,65343,5331.0,crosswalk
0001041859,CHILDRENS PLACE INC,childrens place,PLCE,65430,5600.0,crosswalk
0001042046,AMERICAN FINANCIAL GROUP INC,american financial,AFG,8431,6331.0,crosswalk
0001042074,CYMABAY THERAPEUTICS INC,cymabay therapeutics,,19600,2836.0,crosswalk
0001042187,YUNHONG GREEN CTI LTD,yunhong green cti,CTIB,65765,3060.0,crosswalk
0001042418,INHIBITOR THERAPEUTICS INC,inhibitor therapeutics,CBTEQ,65703,2836.0,crosswalk
0001042642,DISH DBS CORP,dish dbs,,146206,4899.0,crosswalk
0001042729,MERCANTILE BANK CORP,mercantile bank,MBWM,65689,6020.0,crosswalk
0001042773,CENTERPOINT ENERGY RES CORP,centerpoint energy res,,145350,4923.0,crosswalk
0001042776,PIEDMONT OFFICE REALTY TRUST,piedmont office realty trust,PDM,146140,6798.0,crosswalk
0001042893,INNOVEX INTERNATIONAL INC,innovex international,DRQ,65671,3533.0,crosswalk
0001043000,SONIDA SENIOR LIVING INC,sonida senior living,CSU,65732,8300.0,crosswalk
0001043186,STABILIS SOLUTIONS INC,stabilis solutions,AETI,35530,1311.0,crosswalk
0001043219,ANNALY CAPITAL MANAGEMENT,annaly capital management,NLY,65556,6798.0,crosswalk
0001043277,C H ROBINSON WORLDWIDE INC,c h robinson worldwide,CHRW,65609,4213.0,crosswalk
0001043337,STONERIDGE INC,stoneridge,SRI,65590,3679.0,crosswalk
0001043509,SONIC AUTOMOTIVE INC  -CL A,sonic automotive inc cl a,SAH,65831,5500.0,crosswalk
0001043604,JUNIPER NETWORKS INC,juniper networks,JNPR,121718,3576.0,crosswalk
0001043961,PRECIPIO INC,precipio,TBIO,32078,8071.0,crosswalk
0001044777,ONESPAN INC,onespan,VDSI,66686,3669.0,crosswalk
0001045450,EPR PROPERTIES,epr properties,EPR,65710,6798.0,crosswalk
0001045609,PROLOGIS INC,prologis,AMB,29984,6798.0,crosswalk
0001045742,LIVE VENTURES INC,live ventures,LIVE,66261,5700.0,crosswalk
0001045810,NVIDIA CORP,nvidia,NVDA,117768,3674.0,crosswalk
0001045942,TRACK GROUP INC,track,SCRA,155941,7380.0,crosswalk
0001046025,HERITAGE FINANCIAL CORP,heritage financial,HFWA,66285,6020.0,crosswalk
0001046050,TIMBERLAND BANCORP INC,timberland bancorp,TSBK,66286,6036.0,crosswalk
0001046102,RB GLOBAL INC,rb global,,65605,7389.0,crosswalk
0001046257,INGREDION INC,ingredion,INGR,66016,2040.0,crosswalk
0001046311,CHOICE HOTELS INTL INC,choice hotels intl,CHH,65615,6794.0,crosswalk
0001046568,PERDOCEO EDUCATION CORP,perdoceo education,CECO,66379,8200.0,crosswalk
0001047127,AMKOR TECHNOLOGY INC,amkor technology,AMKR,110039,3674.0,crosswalk
0001047166,United Rentals North America Inc,united rentals north america,URI,,7359.0,ticker_map
0001047335,NATIONAL HEALTHCARE CORP,national healthcare,NHC,7741,8051.0,crosswalk
0001047340,FRESH DEL MONTE PRODUCE INC,fresh del monte produce,FDP,30443,100.0,crosswalk
0001047862,CONSOLIDATED EDISON INC,consolidated edison,ED,3413,4931.0,crosswalk
0001048268,IES HOLDINGS INC,ies,IES,66371,1731.0,crosswalk
0001048286,MARRIOTT INTL INC,marriott intl,MAR,28930,7011.0,crosswalk
0001048477,BIOMARIN PHARMACEUTICAL INC,biomarin pharmaceutical,BMRN,122257,2836.0,crosswalk
0001048695,F5 INC,f5,FFIV,121077,7373.0,crosswalk
0001048911,FEDEX CORP,fedex,FDX,4598,4513.0,crosswalk
0001049011,KID CASTLE EDUCATIONAL CORP,kid castle educational,KDCE,109846,9995.0,crosswalk
0001049502,MKS INC,mks,MKSI,119275,3823.0,crosswalk
0001049521,MERCURY SYSTEMS INC,mercury systems,MRCY,66393,3674.0,crosswalk
0001049606,COMPX INTERNATIONAL INC,compx international,CIX,66602,3420.0,crosswalk
0001049782,BROOKLINE BANCORP INC,brookline bancorp,BRKL,105670,6020.0,crosswalk
0001050377,PC CONNECTION INC,pc connection,PCCC,66586,5045.0,crosswalk
0001050441,EAGLE BANCORP INC/MD,eagle bancorp incmd,EGBN,111721,6020.0,crosswalk
0001050446,STRATEGY INC,strategy,MSTR,111534,7372.0,crosswalk
0001050743,PEAPACK-GLADSTONE FINAN CORP,peapackgladstone finan,PGC,107817,6020.0,crosswalk
0001050797,COLUMBIA SPORTSWEAR CO,columbia sportswear,COLM,105936,2300.0,crosswalk
0001050825,STEELCASE INC,steelcase,SCS,66290,2522.0,crosswalk
0001050915,QUANTA SERVICES INC,quanta services,PWR,66446,1731.0,crosswalk
0001051343,COMMUNITY WEST BANCSHRS -OLD,community west bancshrs old,CWBC,62646,6020.0,crosswalk
0001051470,CROWN CASTLE INC,crown castle,CCI,113490,6798.0,crosswalk
0001051512,TELEPHONE & DATA SYSTEMS INC,telephone data systems,TDS,10411,4812.0,crosswalk
0001051514,STRATA SKIN SCIENCES INC,strata skin sciences,MELA,164293,3841.0,crosswalk
0001051627,AXT INC,axt,AXTI,110760,3674.0,crosswalk
0001052752,GETTY REALTY CORP,getty realty,GTY,5149,6798.0,crosswalk
0001053352,HERITAGE COMMERCE CORP,heritage commerce,HTBK,109599,6020.0,crosswalk
0001053369,ELITE PHARMACEUTICALS INC,elite pharmaceuticals,ELTP,106261,2834.0,crosswalk
0001053507,AMERICAN TOWER CORP,american tower,AMT,105365,6798.0,crosswalk
0001053584,MACATAWA BANK CORP,macatawa bank,MCBC,107325,6020.0,crosswalk
0001053691,CERVOMED INC,cervomed,SMDI,26809,2836.0,crosswalk
0001053706,CRA INTERNATIONAL INC,cra international,CRAI,109919,8111.0,crosswalk
0001054102,INTERPACE BIOSCIENCES INC,interpace biosciences,PDII,110728,8071.0,crosswalk
0001054905,INNOSPEC INC,innospec,OTL,110566,2810.0,crosswalk
0001055160,MFA FINANCIAL INC,mfa financial,MFA,15101,6798.0,crosswalk
0001055726,INOVIO PHARMACEUTICALS INC,inovio pharmaceuticals,GEB,66697,2836.0,crosswalk
0001056285,BRAND HOUSE COLLECTIVE INC,brand house collective,KIRK,148391,5700.0,crosswalk
0001056288,FEDERATED HERMES INC,federated hermes,FII,66731,6282.0,crosswalk
0001056358,MANNATECH INC,mannatech,MTEX,112968,2834.0,crosswalk
0001056696,MANHATTAN ASSOCIATES INC,manhattan associates,MANH,109826,7373.0,crosswalk
0001056903,AMERICAN STATES WATER CO,american states water,AWR,9849,4941.0,crosswalk
0001056943,PEOPLES FINANCIAL SERVICES,peoples financial services,PFIS,66394,6020.0,crosswalk
0001057060,MARINEMAX INC,marinemax,HZO,111103,5500.0,crosswalk
0001057352,COSTAR GROUP INC,costar,CSGP,112111,7370.0,crosswalk
0001057379,HACKETT GROUP INC,hackett,ANSR,111000,8742.0,crosswalk
0001057706,FIRST BANCORP P R,first bancorp p r,FBP,16821,6020.0,crosswalk
0001057877,IDACORP INC,idacorp,IDA,5870,4911.0,crosswalk
0001058090,CHIPOTLE MEXICAN GRILL INC,chipotle mexican grill,CMG,165914,5812.0,crosswalk
0001058290,COGNIZANT TECH SOLUTIONS,cognizant tech solutions,CTSH,111864,7370.0,crosswalk
0001058307,NEXTPLAT CORP,nextplat,SILV,118941,5961.0,crosswalk
0001058623,CUMULUS MEDIA INC,cumulus media,CMLS,112030,4832.0,crosswalk
0001058811,IMMERSION CORP,immersion,IMMR,126318,7372.0,crosswalk
0001058867,GUARANTY BANCSHARES INC,guaranty bancshares,GNTY,31265,6020.0,crosswalk
0001059142,GREYSTONE HSG IMPT INVTS LP,greystone hsg impt invts lp,ATAXZ,16641,6799.0,crosswalk
0001059262,SP PLUS CORP,sp plus,STAN,158737,7500.0,crosswalk
0001059556,MOODY'S CORP,moodys,MCO,139665,7323.0,crosswalk
0001060391,REPUBLIC SERVICES INC,republic services,RSG,112168,4953.0,crosswalk
0001060822,CARTER'S INC,carters,CRI,150278,2300.0,crosswalk
0001061027,VIRACTA THERAPEUTICS INC,viracta therapeutics,SSNS,23813,2836.0,crosswalk
0001061069,AVALON HOLDINGS CORP,avalon,AWX,110802,4955.0,crosswalk
0001061219,ENTERPRISE PRODCT PARTNRS LP,enterprise prodct partnrs lp,EPD,112876,1311.0,crosswalk
0001061630,BLACKSTONE MORTGAGE TR INC,blackstone mortgage tr,BXMT,20791,6798.0,crosswalk
0001061937,HOST HOTELS & RESORTS LP,host hotels resorts lp,,260996,6798.0,crosswalk
0001061983,CYTOKINETICS INC,cytokinetics,CYTK,158563,2834.0,crosswalk
0001062231,DAUCH CORP,dauch,AXL,117861,3714.0,crosswalk
0001062822,LEXICON PHARMACEUTICALS INC,lexicon pharmaceuticals,LEXG,133868,2835.0,crosswalk
0001063537,RICEBRAN TECHNOLOGIES,ricebran technologies,RIBT,114415,2040.0,crosswalk
0001063761,SIMON PROPERTY GROUP INC,simon property,SPG,29389,6798.0,crosswalk
0001064722,GIVEMEPOWER CORP,givemepower,,66589,6500.0,crosswalk
0001064728,PEABODY ENERGY CORP,peabody energy,BTU,142460,1220.0,crosswalk
0001065059,CENTRUS ENERGY CORP,centrus energy,USU,112759,2810.0,crosswalk
0001065078,NETWORK-1 TECHNOLOGIES INC,network1 technologies,NTIP,115831,6794.0,crosswalk
0001065088,EBAY INC,ebay,EBAY,114524,5961.0,crosswalk
0001065280,NETFLIX INC,netflix,NFLX,147579,7841.0,crosswalk
0001065696,LKQ CORP,lkq,LKQ,155394,5010.0,crosswalk
0001065837,SKECHERS U S A INC,skechers u s a,SKX,121142,3140.0,crosswalk
0001066194,EGAIN CORP,egain,EGAN,124036,7372.0,crosswalk
0001066605,HEIDRICK & STRUGGLES INTL,heidrick struggles intl,HSII,120048,7361.0,crosswalk
0001066684,THEGLOBE.COM INC,theglobecom,TGLO,115313,9995.0,crosswalk
0001066764,BIMERGEN ENERGY CORP,bimergen energy,NWMV,116025,7359.0,crosswalk
0001066923,FUTURE FINTECH GROUP INC,future fintech,SPU,149379,6159.0,crosswalk
0001067294,CRACKER BARREL OLD CTRY STOR,cracker barrel old ctry stor,CBRL,3570,5812.0,crosswalk
0001067701,UNITED RENTALS INC,united rentals,URI,66065,7350.0,crosswalk
0001067837,AUDACY INC,audacy,ETM,117902,4832.0,crosswalk
0001067983,BERKSHIRE HATHAWAY,berkshire hathaway,BRK,2176,9997.0,crosswalk
0001068689,DATA443 RISK MITIGATION INC,data443 risk mitigation,,114923,3060.0,crosswalk
0001068851,PROSPERITY BANCSHARES INC,prosperity bancshares,PRSP,115876,6020.0,crosswalk
0001069157,EAST WEST BANCORP INC,east west bancorp,EWBC,118042,6020.0,crosswalk
0001069183,AXON ENTERPRISE INC,axon enterprise,TASR,143912,3480.0,crosswalk
0001069202,LENNOX INTERNATIONAL INC,lennox international,LII,122380,3585.0,crosswalk
0001069258,KRATOS DEFENSE & SECURITY,kratos defense security,KTOS,126056,7370.0,crosswalk
0001069394,FLEXIBLE SOLUTIONS INTL INC,flexible solutions intl,FSI,126010,2810.0,crosswalk
0001069530,FILANA THERAPEUTICS INC,filana therapeutics,PTIE,137642,2834.0,crosswalk
0001069533,RGC RESOURCES INC,rgc resources,RGCO,9171,4924.0,crosswalk
0001069878,TREX CO INC,trex,TREX,119316,2400.0,crosswalk
0001069899,PHIBRO ANIMAL HEALTH CORP,phibro animal health,,20115,2833.0,crosswalk
0001070050,APPTECH PAYMENTS CORP,apptech payments,CSIB,165286,7389.0,crosswalk
0001070081,PTC THERAPEUTICS INC,ptc therapeutics,PTCT,174134,2836.0,crosswalk
0001070235,BLACKBERRY LTD,blackberry,,65986,7372.0,crosswalk
0001070296,FIRST CAPITAL INC,first capital,FCAP,117034,6020.0,crosswalk
0001070412,CNX RESOURCES CORP,cnx resources,CNX,120093,1311.0,crosswalk
0001070423,PLAINS ALL AMER PIPELNE  -LP,plains all amer pipelne lp,PAA,116029,5171.0,crosswalk
0001070494,ACADIA PHARMACEUTICALS INC,acadia pharmaceuticals,ACAD,141846,2836.0,crosswalk
0001070524,GREENE COUNTY BANCORP INC,greene county bancorp,GCBC,117026,6035.0,crosswalk
0001070680,CF BANKSHARES INC,cf bankshares,GCFC,117018,6020.0,crosswalk
0001070750,HOST HOTELS & RESORTS INC,host hotels resorts,HST,7063,6798.0,crosswalk
0001070985,CORECIVIC INC,corecivic,CXW,65084,6512.0,crosswalk
0001071236,RED RIVER BANCSHARES INC,red river bancshares,,35078,6020.0,crosswalk
0001071255,GOLDEN ENTERTAINMENT INC,golden entertainment,LACO,117036,7990.0,crosswalk
0001071739,CENTENE CORP,centene,CNC,145552,6324.0,crosswalk
0001071840,New Energy Technologies Inc,new energy technologies,OCTL,,2860.0,ticker_map
0001072379,NORTHWEST BIOTHERAPEUTICS,northwest biotherapeutics,NWBT,144887,2836.0,crosswalk
0001072627,KINGSWAY FINANCIAL SVCS INC,kingsway financial svcs,KFS,61743,6331.0,crosswalk
0001074828,USBC INC,usbc,VSUL,166430,3845.0,crosswalk
0001074871,MODULAR MEDICAL INC,modular medical,,165750,3841.0,crosswalk
0001074902,LCNB CORP,lcnb,LCNB,66210,6020.0,crosswalk
0001075415,DIVERSIFIED HEALTHCARE TRUST,diversified healthcare trust,SNH,124046,6798.0,crosswalk
0001075531,BOOKING HOLDINGS INC,booking,PCLN,119314,4700.0,crosswalk
0001075706,CITIZENS HOLDING CO,citizens,CIZN,125234,6020.0,crosswalk
0001075736,CREXENDO INC,crexendo,EXE,111629,7370.0,crosswalk
0001076930,NOVANTA INC,novanta,GSIG,61356,3679.0,crosswalk
0001077183,NEOGENOMICS INC,neogenomics,NEO,125794,8071.0,crosswalk
0001077428,TEXAS CAPITAL BANCSHARES INC,texas capital bancshares,TCBI,150306,6020.0,crosswalk
0001077688,HOOKER FURNISHINGS CORP,hooker furnishings,HOFT,122211,2510.0,crosswalk
0001078075,NETSCOUT SYSTEMS INC,netscout systems,NTCT,122902,7373.0,crosswalk
0001078207,BOWFLEX INC,bowflex,NLS,27760,3949.0,crosswalk
0001078271,EXTREME NETWORKS INC,extreme networks,EXTR,119574,3576.0,crosswalk
0001080014,INNOVIVA INC,innoviva,THRX,160668,2836.0,crosswalk
0001080340,MANHATTAN BRIDGE CAPITAL INC,manhattan bridge capital,DAGM,120456,6798.0,crosswalk
0001080448,PATRIOT GOLD CORP,patriot gold,PGOL,145892,1040.0,crosswalk
0001080657,PRESIDIO PROPERTY TRUST INC,presidio property trust,,36500,6798.0,crosswalk
0001081316,BERKSHIRE HATHAWAY ENERGY CO,berkshire hathaway energy,,13427,4991.0,crosswalk
0001081745,INTELLINETICS INC,intellinetics,GWIV,170756,7372.0,crosswalk
0001081938,CANNAPHARMARX INC,cannapharmarx,CCVR,23490,2834.0,crosswalk
0001082038,DURECT CORP,durect,DRRX,140044,2834.0,crosswalk
0001082324,VIRNETX HOLDING CORP,virnetx,PASW,122175,7372.0,crosswalk
0001082554,UNITED THERAPEUTICS CORP,united therapeutics,UTHR,121440,2834.0,crosswalk
0001082733,VISIUM TECHNOLOGIES INC,visium technologies,PWRI,125602,7370.0,crosswalk
0001083220,XCEL BRANDS INC,xcel brands,NFBH,189757,5961.0,crosswalk
0001083301,TERAWULF INC,terawulf,IKNX,40413,7370.0,crosswalk
0001083446,ASTRANA HEALTH INC,astrana health,AMEH,32809,8090.0,crosswalk
0001083490,SUNRISE REAL ESTATE GRP INC,sunrise real estate grp,SRRE,139133,6552.0,crosswalk
0001083522,JONES SODA CO,jones soda,JSDA,108693,2086.0,crosswalk
0001083743,Flux Power Holdings Inc,flux power,FLUX,,3690.0,ticker_map
0001084048,ZIFF DAVIS INC,ziff davis,JCOM,122172,7370.0,crosswalk
0001084267,MOBIQUITY TECHNOLOGIES INC,mobiquity technologies,MOBQ,163850,7310.0,crosswalk
0001084475,VIDEO RIVER NETWORKS INC,video river networks,NIHK,29772,3669.0,crosswalk
0001084554,LIGHTBRIDGE CORP,lightbridge,LTBR,140982,2860.0,crosswalk
0001084765,RESOURCES CONNECTION INC,resources connection,RECN,141359,8742.0,crosswalk
0001084869,1-800-FLOWERS.COM,1800flowerscom,FLWS,122519,5961.0,crosswalk
0001084961,ENCORE CAPITAL GROUP INC,encore capital,ECPG,121815,6153.0,crosswalk
0001084991,NATURAL GAS SERVICES GROUP,natural gas services,NGS,150562,7359.0,crosswalk
0001085243,VIRTRA INC,virtra,VTSI,65344,3690.0,crosswalk
0001085277,SKINVISIBLE INC,skinvisible,SKVI,117114,2844.0,crosswalk
0001085392,PUGET ENERGY INC,puget energy,PSD,8818,4931.0,crosswalk
0001085869,PERFICIENT INC,perficient,PRFT,122394,7370.0,crosswalk
0001085913,FARMERS & MERCHANTS BANCORP,farmers merchants bancorp,FMCB,31358,6020.0,crosswalk
0001086222,AKAMAI TECHNOLOGIES INC,akamai technologies,AKAM,125595,7370.0,crosswalk
0001086600,ALLIANCE RESOURCE PTNRS  -LP,alliance resource ptnrs lp,ARLP,122915,1220.0,crosswalk
0001086745,STABLEX TECHNOLOGIES INC,stablex technologies,WPCS,36535,3711.0,crosswalk
0001087294,CUMBERLAND PHARMACEUTICALS,cumberland pharmaceuticals,CPIX,178097,2834.0,crosswalk
0001088034,USIO INC,usio,PYDS,116209,6099.0,crosswalk
0001088413,GREYSTONE LOGISTICS INC,greystone logistics,GLGI,31337,3089.0,crosswalk
0001088638,MASTERMIND INC,mastermind,CCON,34714,7310.0,crosswalk
0001088856,CORCEPT THERAPEUTICS INC,corcept therapeutics,CORT,146616,2834.0,crosswalk
0001089063,DICKS SPORTING GOODS INC,dicks sporting goods,DKS,150139,5940.0,crosswalk
0001089748,HUNTSMAN INTERNATIONAL LLC,huntsman international,,148256,2800.0,crosswalk
0001089815,ELITE HEALTH SYSTEMS INC,elite health systems,USNU,124395,6324.0,crosswalk
0001089819,CLECO CORP,cleco,CNL,2859,4911.0,crosswalk
0001089872,GAIA INC,gaia,GAIA,125601,7370.0,crosswalk
0001089907,SWK HOLDINGS CORP,swk,KANA,123998,6159.0,crosswalk
0001090009,SOUTHERN FIRST BANKSHARES,southern first bankshares,SFST,125580,6020.0,crosswalk
0001090012,DEVON ENERGY CORP,devon energy,DVN,14934,1311.0,crosswalk
0001090396,TABLE TRAC INC,table trac,TBTC,137721,7990.0,crosswalk
0001090425,LAMAR ADVERTISING CO  -CL A,lamar advertising co cl a,LAMR,63422,6798.0,crosswalk
0001090727,UNITED PARCEL SERVICE INC,united parcel service,UPS,10920,4210.0,crosswalk
0001090872,AGILENT TECHNOLOGIES INC,agilent technologies,A,126554,3826.0,crosswalk
0001091667,CHARTER COMMUNICATIONS INC,charter communications,CHTR,126136,4841.0,crosswalk
0001091748,ARGO GROUP INTL HOLDINGS LTD,argo group intl,AGII,15364,6351.0,crosswalk
0001092570,FULLNET COMMUNICATIONS INC,fullnet communications,FULO,129439,4899.0,crosswalk
0001092699,SPS COMMERCE INC,sps commerce,SPSC,183974,7370.0,crosswalk
0001092796,SMITH & WESSON BRANDS INC,smith wesson brands,SWHC,115757,3480.0,crosswalk
0001093557,DEXCOM INC,dexcom,DXCM,162887,3845.0,crosswalk
0001093672,PEOPLES BANCORP NC INC,peoples bancorp nc,PEBK,16989,6020.0,crosswalk
0001093691,PLUG POWER INC,plug power,PLUG,125604,3674.0,crosswalk
0001094032,QDM INTERNATIONAL INC,qdm international,DJRT,38616,6411.0,crosswalk
0001094038,MARKER THERAPEUTICS INC,marker therapeutics,TPIV,107843,2836.0,crosswalk
0001094093,PROGRESS ENERGY INC,progress energy,PGN,2783,4911.0,crosswalk
0001094285,TELEDYNE TECHNOLOGIES INC,teledyne technologies,TDY,126721,3812.0,crosswalk
0001094831,BGC GROUP INC,bgc,BGCP,127377,6211.0,crosswalk
0001095073,EVEREST GROUP LTD,everest,RE,61388,6331.0,crosswalk
0001095565,HEALTHSTREAM INC,healthstream,HSTM,133766,7372.0,crosswalk
0001095651,SAFEHOLD INC,safehold,SFI,31958,6798.0,crosswalk
0001095981,PLUS THERAPEUTICS INC,plus therapeutics,CYTX,254096,2836.0,crosswalk
0001096056,LUXFER HOLDINGS PLC,luxfer,,268208,3350.0,crosswalk
0001096275,WORKSPORT LTD,worksport,FNHI,35019,3714.0,crosswalk
0001096343,MARKEL GROUP INC,markel,MKL,12909,6331.0,crosswalk
0001096752,EDGEWELL PERSONAL CARE CO,edgewell personal care,ENR,133367,3420.0,crosswalk
0001096938,UNITED HEALTH PRODUCTS INC,united health products,UEEC,176503,3842.0,crosswalk
0001097149,ALIGN TECHNOLOGY INC,align technology,ALGN,141384,3843.0,crosswalk
0001097864,ON SEMICONDUCTOR CORP,on semiconductor,ONNN,134932,3674.0,crosswalk
0001098009,AMERICA GREAT HEALTH,america great health,,19317,2834.0,crosswalk
0001098146,PATRIOT NATIONAL BANCORP INC,patriot national bancorp,PNBK,30647,6020.0,crosswalk
0001098151,FIDELITY D & D BANCORP INC,fidelity d d bancorp,FDBC,18182,6020.0,crosswalk
0001098296,MIDAMERICAN FUNDING LLC,midamerican funding,,13428,4931.0,crosswalk
0001098880,INTELGENX TECHNOLOGIES CORP,intelgenx technologies,IGXT,176198,2834.0,crosswalk
0001098972,AGENUS INC,agenus,AGEN,129466,2834.0,crosswalk
0001099132,MANHATTAN SCIENTIFICS INC,manhattan scientifics,MHTX,65991,8731.0,crosswalk
0001099160,BEASLEY BROADCAST GROUP INC,beasley broadcast,BBGI,129823,4832.0,crosswalk
0001099219,METLIFE INC,metlife,MET,133768,6311.0,crosswalk
0001099369,DESTINY MEDIA TECHNOLOGIES,destiny media technologies,DSNY,122202,7370.0,crosswalk
0001099590,MERCADOLIBRE INC,mercadolibre,MELI,178081,5960.0,crosswalk
0001099800,EDWARDS LIFESCIENCES CORP,edwards lifesciences,EW,133366,3842.0,crosswalk
0001100397,AYALA PHARMACEUTIC INC,ayala pharmaceutic,ADXS,36302,2836.0,crosswalk
0001100682,CHARLES RIVER LABS INTL INC,charles river labs intl,CRL,137131,8731.0,crosswalk
0001101026,ZIVO BIOSCIENCE INC,zivo bioscience,HEPI,137441,2834.0,crosswalk
0001101215,BREAD FINANCIAL HOLDINGS INC,bread financial,ADS,143974,6141.0,crosswalk
0001101239,EQUINIX INC,equinix,EQIX,138743,6798.0,crosswalk
0001101302,ENTEGRIS INC,entegris,ENTG,137573,3559.0,crosswalk
0001101433,QUOTEMEDIA INC,quotemedia,QMCI,29089,6200.0,crosswalk
0001101680,DZS INC,dzs,ZHNE,28071,3661.0,crosswalk
0001102238,AMERICAN REALTY INVESTORS,american realty investors,ARL,1545,6513.0,crosswalk
0001102993,LIVEPERSON INC,liveperson,LPSN,133869,7370.0,crosswalk
0001103795,QS ENERGY INC,qs energy,STWA,115411,3533.0,crosswalk
0001103833,CROWN EQUITY HOLDINGS INC,crown equity,CRWE,63516,7310.0,crosswalk
0001103982,MONDELEZ INTERNATIONAL INC,mondelez international,MDLZ,142953,2052.0,crosswalk
0001104038,VERIFYME INC,verifyme,LLTI,141887,7373.0,crosswalk
0001104485,NORTHERN OIL & GAS INC,northern oil gas,N,142337,1311.0,crosswalk
0001104506,INSMED INC,insmed,INSM,136186,2836.0,crosswalk
0001104657,MATERION CORP,materion,MTRN,2448,3330.0,crosswalk
0001106213,SEAFARER EXPLORATION CORP,seafarer exploration,SFRX,141006,4400.0,crosswalk
0001106644,CHINA PHARMA HOLDINGS INC,china pharma,TSET,148239,2834.0,crosswalk
0001106838,Chanticleer Holdings Inc,chanticleer,HOTR,,5812.0,ticker_map
0001107280,OCULUS INC,oculus,USVO,108630,7373.0,crosswalk
0001107421,ALAUNOS THERAPEUTICS INC,alaunos therapeutics,ESWB,165215,2836.0,crosswalk
0001107843,QUALYS INC,qualys,QLYS,11745,7372.0,crosswalk
0001108109,COMMUNITY HEALTH SYSTEMS INC,community health systems,CYH,23714,8062.0,crosswalk
0001108134,BEACON FINANCIAL CORP,beacon financial,BHLB,74571,6020.0,crosswalk
0001108205,CURIS INC,curis,CRIS,138341,2836.0,crosswalk
0001108426,TXNM ENERGY INC,txnm energy,PNM,8807,4911.0,crosswalk
0001108524,SALESFORCE INC,salesforce,CRM,157855,7372.0,crosswalk
0001108645,CORRELATE ENERGY CORP,correlate energy,FOSI,36845,8700.0,crosswalk
0001109116,ENTRAVISION COMMUNICATIONS,entravision communications,EVC,137943,7310.0,crosswalk
0001109242,HANMI FINANCIAL CORP,hanmi financial,HAFC,31368,6020.0,crosswalk
0001109354,BRUKER CORP,bruker,BRKR,138483,3826.0,crosswalk
0001109357,EXELON CORP,exelon,EXC,8539,4911.0,crosswalk
0001110607,KOIL ENERGY SOLUTIONS INC,koil energy solutions,DPDW,22010,1382.0,crosswalk
0001110611,ON24 INC,on24,,37787,7370.0,crosswalk
0001110803,ILLUMINA INC,illumina,ILMN,138205,3826.0,crosswalk
0001110805,NUSTAR ENERGY LP,nustar energy lp,NS,141363,4610.0,crosswalk
0001111335,VISTEON CORP,visteon,VC,136648,3714.0,crosswalk
0001111711,NISOURCE INC,nisource,NI,7974,4932.0,crosswalk
0001111741,DYNARESOURCE INC,dynaresource,DYNR,63332,1040.0,crosswalk
0001111928,IPG PHOTONICS CORP,ipg photonics,IPGP,175955,3674.0,crosswalk
0001113169,PRICE (T. ROWE) GROUP,price t rowe,TROW,12138,6282.0,crosswalk
0001113232,AXCELIS TECHNOLOGIES INC,axcelis technologies,ACLS,137602,3559.0,crosswalk
0001113313,ARVANA INC,arvana,TURI,139525,4400.0,crosswalk
0001113809,BUILD-A-BEAR WORKSHOP INC,buildabear workshop,BBW,161055,5945.0,crosswalk
0001114483,INTEGER HOLDINGS CORP,integer,GB,140073,3845.0,crosswalk
0001114925,LANTRONIX INC,lantronix,LTRX,138467,3576.0,crosswalk
0001114927,FIRST NORTHN CMNTY BANCORP,first northn cmnty bancorp,FNRN,62365,6020.0,crosswalk
0001114995,IMPINJ INC,impinj,,27387,3674.0,crosswalk
0001115055,PINNACLE FINL PARTNERS INC,pinnacle finl partners,PNFP,139025,6020.0,crosswalk
0001116132,TAPESTRY INC,tapestry,COH,140541,3100.0,crosswalk
0001116463,ORASURE TECHNOLOGIES INC,orasure technologies,OSUR,12915,2835.0,crosswalk
0001116942,TTM TECHNOLOGIES INC,ttm technologies,TTMI,139804,3672.0,crosswalk
0001117057,PLANET GREEN HOLDINGS CORP,planet green,ALN,160196,2090.0,crosswalk
0001117171,CBAK ENERGY TECHNOLOGY INC,cbak energy technology,CBAK,148772,3690.0,crosswalk
0001117297,QUINSTREET INC,quinstreet,QNST,184263,7310.0,crosswalk
0001117480,CHIMERIX INC,chimerix,CMRX,17498,2836.0,crosswalk
0001119190,Iwt Tesoro Corp,iwt tesoro,IWTT,,5000.0,ticker_map
0001120193,NASDAQ INC,nasdaq,NDAQ,149337,6200.0,crosswalk
0001120370,BROADWIND INC,broadwind,TWRT,179249,3510.0,crosswalk
0001120914,PDF SOLUTIONS INC,pdf solutions,PDFS,144437,7370.0,crosswalk
0001120970,COMSTOCK INC,comstock,LODE,147183,2911.0,crosswalk
0001121484,OIL STATES INTL INC,oil states intl,OIS,142260,3533.0,crosswalk
0001121702,YIELD10 BIOSCIENCE INC,yield10 bioscience,MBLX,175490,8731.0,crosswalk
0001121788,GARMIN LTD,garmin,GRMN,141459,3812.0,crosswalk
0001121795,GHST WORLD INC,ghst world,GHST,180912,3663.0,crosswalk
0001122904,NETGEAR INC,netgear,NTGR,154039,3661.0,crosswalk
0001122976,AVIENT CORP,avient,POL,28194,2810.0,crosswalk
0001123360,GLOBAL PAYMENTS INC,global payments,GPN,141913,7374.0,crosswalk
0001123494,HARVARD BIOSCIENCE INC,harvard bioscience,HBIO,141469,3826.0,crosswalk
0001123596,BAB INC,bab,BABB,141018,5810.0,crosswalk
0001123852,NORTHERN STATES POWER CO /MN,northern states power co mn,,145273,4931.0,crosswalk
0001124105,GYRE THERAPEUTICS INC,gyre therapeutics,TRGT,25999,2836.0,crosswalk
0001124140,EXACT SCIENCES CORP,exact sciences,EXAS,141277,8731.0,crosswalk
0001124198,FLUOR CORP,fluor,FLR,4818,1600.0,crosswalk
0001124524,CRYOPORT INC,cryoport,CYRX,162146,3842.0,crosswalk
0001124796,NLIGHT INC,nlight,,33420,3674.0,crosswalk
0001124804,Allscripts Healthcare Solutions Inc,allscripts healthcare solutions,MDRX,,7373.0,ticker_map
0001124941,Beacon Roofing Supply Inc,beacon roofing supply,BECN,,5030.0,ticker_map
0001125259,CARNIVAL CORP/PLC (GBR),carnival corpplc gbr,CUK,140821,4400.0,crosswalk
0001125345,MACROGENICS INC,macrogenics,MGNX,18658,2836.0,crosswalk
0001125376,ENSIGN GROUP INC,ensign,ENSG,178803,8051.0,crosswalk
0001126234,LUMOS PHARMA INC,lumos pharma,NLNK,36333,2836.0,crosswalk
0001126328,PRINCIPAL FINANCIAL GRP INC,principal financial grp,PFG,145701,6282.0,crosswalk
0001126741,GSI TECHNOLOGY INC,gsi technology,GSIT,160213,3674.0,crosswalk
0001126956,SPIRE INC,spire,LG,6547,4924.0,crosswalk
0001127371,COMMUNITY WEST BANCSHARES,community west bancshares,CVCY,63224,6020.0,crosswalk
0001127475,DIGITAL BRAND MEDIA & MKTG,digital brand media mktg,,152686,7310.0,crosswalk
0001127537,PULMONX CORP,pulmonx,,36260,3841.0,crosswalk
0001127703,PROASSURANCE CORP,proassurance,PRA,24440,6331.0,crosswalk
0001128189,PROTOKINETIX INC,protokinetix,PKTX,146539,2836.0,crosswalk
0001128281,SAKER AVIATION SERVICES INC,saker aviation services,FBOR,111535,4581.0,crosswalk
0001128361,HOPE BANCORP INC,hope bancorp,BBCN,66235,6020.0,crosswalk
0001128928,FLOWERS FOODS INC,flowers foods,FLO,4809,2050.0,crosswalk
0001129155,MARINE PRODUCTS CORP,marine products,MPX,142546,3730.0,crosswalk
0001130144,SIERRA BANCORP/CA,sierra bancorpca,BSRR,105538,6020.0,crosswalk
0001130166,BIO GREEN MED SOLUTION INC,bio green med solution,CYCC,160809,2836.0,crosswalk
0001130310,CENTERPOINT ENERGY INC,centerpoint energy,CNP,5742,4931.0,crosswalk
0001130464,BLACK HILLS CORP,black hills,BKH,2259,4923.0,crosswalk
0001130598,TRAWS PHARMA INC,traws pharma,ONTX,18172,2836.0,crosswalk
0001130713,BED BATH & BEYOND INC,bed bath beyond,OSTK,147868,5961.0,crosswalk
0001130781,Viratech Corp,viratech,AMDR,,7812.0,ticker_map
0001131312,ZION OIL & GAS INC,zion oil gas,ZN,163822,1311.0,crosswalk
0001131554,SYNCHRONOSS TECHNOLOGIES,synchronoss technologies,SNCR,166593,7370.0,crosswalk
0001131903,SPECTRAL CAPITAL CORP,spectral capital,FSAC,153630,7370.0,crosswalk
0001132105,SPORTSMANS WAREHOUSE HLDGS,sportsmans warehouse hldgs,,16009,5940.0,crosswalk
0001132509,NEW MOMENTUM CORP,new momentum,,176730,4700.0,crosswalk
0001132651,AMES NATIONAL CORP,ames national,ATLO,31718,6020.0,crosswalk
0001133062,JANEL CORP,janel,JLWT,147249,4731.0,crosswalk
0001133311,TRAVELZOO,travelzoo,TZOO,149721,7370.0,crosswalk
0001133416,GALECTIN THERAPEUTICS INC,galectin therapeutics,GALT,150221,2834.0,crosswalk
0001133421,NORTHROP GRUMMAN CORP,northrop grumman,NOC,7985,3812.0,crosswalk
0001133818,BIO-PATH HOLDINGS INC,biopath,BPTH,165563,2836.0,crosswalk
0001133869,CAPRICOR THERAPEUTICS INC,capricor therapeutics,CAPR,19205,2836.0,crosswalk
0001134115,INTERNATIONAL TOWER HILL MIN,international tower hill min,THM,107032,1000.0,crosswalk
0001134765,CHARLIES HOLDINGS INC,charlies,PRH,35165,2100.0,crosswalk
0001135971,PEPCO HOLDINGS INC,pepco,POM,8694,4911.0,crosswalk
0001136174,ONTRAK INC,ontrak,HYTM,150761,8060.0,crosswalk
0001136869,ZIMMER BIOMET HOLDINGS INC,zimmer biomet,ZMH,144559,3842.0,crosswalk
0001136893,FIDELITY NATIONAL INFO SVCS,fidelity national info svcs,FIS,165993,7374.0,crosswalk
0001137091,POWER SOLUTIONS INTL INC,power solutions intl,PSIX,187169,3510.0,crosswalk
0001137547,UNITED SECURITY BANCSHARS CA,united security bancshars ca,UBFO,64228,6020.0,crosswalk
0001137774,PRUDENTIAL FINANCIAL INC,prudential financial,PRU,143356,6311.0,crosswalk
0001137789,SEAGATE TECHNOLOGY HOLDINGS,seagate technology,STX,150937,3572.0,crosswalk
0001137883,BRAINSTORM CELL THERAPEUTICS,brainstorm cell therapeutics,BCLI,153957,2836.0,crosswalk
0001138118,CBRE GROUP INC,cbre,CBG,260774,6531.0,crosswalk
0001138476,PACIFIC HEALTH CARE ORG INC,pacific health care org,PHCO,66274,8090.0,crosswalk
0001138639,INFINERA CORP,infinera,INFN,177257,3661.0,crosswalk
0001138723,ACCURAY INC,accuray,ARAY,176670,3845.0,crosswalk
0001138724,GLOBAL ARENA HOLDINGS INC,global arena,DWMA,189955,7370.0,crosswalk
0001140102,HIREQUEST INC,hirequest,CCNI,35481,7363.0,crosswalk
0001140215,REEDS INC,reeds,REEDR,176378,2086.0,crosswalk
0001140536,WILLIS TOWERS WATSON PLC,willis towers watson,WSH,144009,6411.0,crosswalk
0001140859,CENCORA INC,cencora,ABC,31673,5122.0,crosswalk
0001141103,CROSS COUNTRY HEALTHCARE INC,cross country healthcare,CCRN,144396,7363.0,crosswalk
0001141197,PEDEVCO CORP,pedevco,PED,13460,1311.0,crosswalk
0001141240,LIQUIDMETAL TECHNOLOGIES,liquidmetal technologies,LQMT,146117,3310.0,crosswalk
0001141391,MASTERCARD INC,mastercard,MA,160225,7389.0,crosswalk
0001141688,LANDMARK BANCORP INC/KS,landmark bancorp incks,LARK,29946,6020.0,crosswalk
0001141964,Public Co Management Corp,public co management,PUBC,,8742.0,ticker_map
0001142417,NEXSTAR MEDIA GROUP,nexstar media,NXST,149177,4833.0,crosswalk
0001142750,AMN HEALTHCARE SERVICES INC,amn healthcare services,AHS,144520,7363.0,crosswalk
0001143513,GLADSTONE CAPITAL CORP,gladstone capital,GLAD,145024,6797.0,crosswalk
0001144215,ACUITY INC,acuity,AYI,146017,3640.0,crosswalk
0001144879,Flight Safety Technologies Inc,flight safety technologies,FLT,,3812.0,ticker_map
0001144980,ASBURY AUTOMOTIVE GROUP INC,asbury automotive,ABG,144640,5500.0,crosswalk
0001145197,INSULET CORP,insulet,PODD,177227,3845.0,crosswalk
0001145255,HENNESSY ADVISORS INC,hennessy advisors,HNNA,149906,6282.0,crosswalk
0001145604,NIKA PHARMACEUTICALS INC,nika pharmaceuticals,,154510,2834.0,crosswalk
0001145986,ASPEN AEROGELS INC,aspen aerogels,,187550,2810.0,crosswalk
0001156039,ELEVANCE HEALTH INC,elevance health,WLP,145046,6324.0,crosswalk
0001156041,ABUNDIA GLOBAL IMPACT GRP IN,abundia global impact grp in,HUSA,146659,1311.0,crosswalk
0001156174,LAKE AREA CORN PROCESSRS LLC,lake area corn processrs,,35064,2860.0,crosswalk
0001156375,CME GROUP INC,cme,CME,149070,6200.0,crosswalk
0001156388,BIG 5 SPORTING GOODS CORP,big 5 sporting goods,BGFV,145041,5940.0,crosswalk
0001157075,PHARMACYTE BIOTECH INC,pharmacyte biotech,NVLX,155913,2836.0,crosswalk
0001157408,STRIDE INC,stride,LRN,178976,8200.0,crosswalk
0001157601,MADRIGAL PHARMACEUTICALS INC,madrigal pharmaceuticals,SNTA,27716,2834.0,crosswalk
0001157647,WESTERN NEW ENG BANCORP INC,western new eng bancorp,WFD,146607,6035.0,crosswalk
0001157762,CHINA AUTOMOTIVE SYSTEMS INC,china automotive systems,CAAS,149683,3714.0,crosswalk
0001158114,APPLIED OPTOELECTRONICS INC,applied optoelectronics,AAOI,18564,3674.0,crosswalk
0001158172,COMSCORE INC,comscore,SCOR,177780,8742.0,crosswalk
0001158324,COGENT COMMUNICATIONS HLDGS,cogent communications hldgs,CCOI,147204,4813.0,crosswalk
0001158449,ADVANCE AUTO PARTS INC,advance auto parts,AAP,145977,5531.0,crosswalk
0001158463,JETBLUE AIRWAYS CORP,jetblue airways,JBLU,147305,4512.0,crosswalk
0001158780,PLURI INC,pluri,PSTI,152008,2836.0,crosswalk
0001158895,LEMAITRE VASCULAR INC,lemaitre vascular,LMAT,174390,3841.0,crosswalk
0001159036,HALOZYME THERAPEUTICS INC,halozyme therapeutics,HALO,151630,2836.0,crosswalk
0001159167,IROBOT CORP,irobot,IRBT,164416,3990.0,crosswalk
0001160308,SAVARA INC,savara,ANX,31177,2834.0,crosswalk
0001160661,SOUTHERN POWER CO,southern power,,156820,4911.0,crosswalk
0001160791,GOLD RESOURCE CORP,gold resource,GORO,175503,1040.0,crosswalk
0001161728,MGE ENERGY INC,mge energy,MGEE,6932,4931.0,crosswalk
0001162194,STANDARD BIOTOOLS INC,standard biotools,FLDM,179840,3826.0,crosswalk
0001162461,CUTERA INC,cutera,CUTR,146648,3845.0,crosswalk
0001162896,PRAIRIE OPERATING CO,prairie operating,WIZD,186553,1311.0,crosswalk
0001163165,CONOCOPHILLIPS,conocophillips,COP,8549,1311.0,crosswalk
0001163302,UNITED STATES STEEL CORP,united states steel,,23978,3312.0,crosswalk
0001163370,NORTHRIM BANCORP INC,northrim bancorp,NRIM,23450,6020.0,crosswalk
0001163389,NEW PEOPLES BANKSHARES INC,new peoples bankshares,NWPP,186838,6020.0,crosswalk
0001163609,SOUTH DAKOTA SYBN PRCSSR LLC,south dakota sybn prcssr,,37139,2070.0,crosswalk
0001163668,SOUTH PLAINS FINANCIAL INC,south plains financial,,35101,6020.0,crosswalk
0001163739,NABORS INDUSTRIES LTD,nabors industries,NBR,1661,1381.0,crosswalk
0001164727,NEWMONT CORP,newmont,NEM,7881,1040.0,crosswalk
0001164863,ENPRO INC,enpro,NPO,148950,3050.0,crosswalk
0001165002,WESTWOOD HOLDINGS GROUP INC,westwood holdings,WHG,149082,6282.0,crosswalk
0001165320,GB SCIENCES INC,gb sciences,,157774,2834.0,crosswalk
0001166003,XPO INC,xpo,XPO,144998,4213.0,crosswalk
0001166388,VERINT SYSTEMS INC,verint systems,VRNT,147242,7370.0,crosswalk
0001166691,COMCAST CORP,comcast,CMCSA,3226,4841.0,crosswalk
0001166708,BROWNIE'S MARINE GROUP INC,brownies marine,BWMG,106687,3949.0,crosswalk
0001166928,WEST BANCORPORATION INC,west bancorporation,WTBA,63725,6020.0,crosswalk
0001167419,RIOT PLATFORMS INC,riot platforms,APNB,148170,7372.0,crosswalk
0001168165,EXELON GENERATION CO LLC,exelon generation,,156418,4911.0,crosswalk
0001168455,PLUMAS BANCORP,plumas bancorp,PLBC,62139,6020.0,crosswalk
0001169445,TRUBRIDGE INC,trubridge,CPSI,147849,7372.0,crosswalk
0001169561,COMMVAULT SYSTEMS INC,commvault systems,CVLT,174077,7370.0,crosswalk
0001169770,BANC OF CALIFORNIA INC,banc of california,BANC,136265,6020.0,crosswalk
0001170010,CARMAX INC,carmax,KMX,64410,5500.0,crosswalk
0001171326,Karma Media Inc,karma media,KRMA,,5961.0,ticker_map
0001171486,NATURAL RESOURCE PARTNERS LP,natural resource partners lp,NRP,150837,6795.0,crosswalk
0001171759,RED ROBIN GOURMET BURGERS,red robin gourmet burgers,RRGB,148470,5812.0,crosswalk
0001171838,SUNDANCE STRATEGIES INC,sundance strategies,JVEX,17767,6153.0,crosswalk
0001172052,SAFETY INSURANCE GROUP INC,safety insurance,SAFT,148469,6331.0,crosswalk
0001172178,LIBERTY STAR URANIUM & METAL,liberty star uranium metal,TTUM,154037,1000.0,crosswalk
0001172222,HAWAIIAN HOLDINGS INC,hawaiian,HA,60902,4512.0,crosswalk
0001172358,DORCHESTER MINERALS  -LP,dorchester minerals lp,DMLP,4045,6792.0,crosswalk
0001173204,CINEVERSE CORP,cineverse,CIDM,155616,7822.0,crosswalk
0001173313,ABVC BIOPHARMA INC,abvc biopharma,ECOC,39801,2836.0,crosswalk
0001173420,NOVAGOLD RESOURCES LTD,novagold resources,NG,20600,1040.0,crosswalk
0001173489,CEVA INC,ceva,CEVA,135788,6794.0,crosswalk
0001173514,HYSTER YALE INC,hyster yale,HY,160681,3537.0,crosswalk
0001174850,NICOLET BANKSHARES INC,nicolet bankshares,,17875,6020.0,crosswalk
0001174891,CALETHOS INC,calethos,UPBS,161833,9995.0,crosswalk
0001174922,WYNN RESORTS LTD,wynn resorts,WYNN,149318,7990.0,crosswalk
0001174940,ORAGENICS INC,oragenics,ONI,154605,2836.0,crosswalk
0001175151,CYTOSORBENTS CORP,cytosorbents,CTSO,163965,3841.0,crosswalk
0001175454,CORPAY INC,corpay,FLT,184700,7389.0,crosswalk
0001175535,WHITESTONE REIT,whitestone reit,,185453,6798.0,crosswalk
0001175680,CYTODYN INC,cytodyn,CYDY,164720,2836.0,crosswalk
0001176309,Oramed Pharmaceuticals Inc,oramed pharmaceuticals,ORMP,,2834.0,ticker_map
0001176334,MARTIN MIDSTREAM PARTNERS LP,martin midstream partners lp,MMLP,150201,5172.0,crosswalk
0001176948,ARES MANAGEMENT CORP,ares management,,20412,6282.0,crosswalk
0001177394,TD SYNNEX CORP,td synnex,SNX,156155,5045.0,crosswalk
0001177609,FIVE BELOW INC,five below,FIVE,171141,5331.0,crosswalk
0001177648,ENANTA PHARMACEUTICALS INC,enanta pharmaceuticals,ENTA,16269,2836.0,crosswalk
0001177702,SAIA INC,saia,SCST,150481,4213.0,crosswalk
0001178253,SCYNEXIS INC,scynexis,,20040,2836.0,crosswalk
0001178670,ALNYLAM PHARMACEUTICALS INC,alnylam pharmaceuticals,ALNY,264265,2836.0,crosswalk
0001178697,DNA X INC,dna x,,35104,3663.0,crosswalk
0001178879,AMICUS THERAPEUTICS INC,amicus therapeutics,FOLD,175008,2836.0,crosswalk
0001178970,PROVIDENT FINANCIAL SVCS INC,provident financial svcs,PFS,150279,6036.0,crosswalk
0001179929,MOLINA HEALTHCARE INC,molina healthcare,MOH,152149,6324.0,crosswalk
0001180262,HERBALIFE LTD,herbalife,HLF,14269,2834.0,crosswalk
0001183765,MOLECULAR TEMPLATES INC,molecular templates,THLD,32267,2836.0,crosswalk
0001185348,PRA GROUP INC,pra,PRAA,150477,6153.0,crosswalk
0001187953,CREATIVE MED TECH HLDG INC,creative med tech hldg,,182902,2836.0,crosswalk
0001190370,INNOVATIVE DESIGNS INC,innovative designs,IVDN,156583,3949.0,crosswalk
0001192448,GLAUKOS CORP,glaukos,,23990,3841.0,crosswalk
0001193311,ONCOR ELECTRIC DELIVERY CO,oncor electric delivery,,155970,4911.0,crosswalk
0001195734,POTBELLY CORP,potbelly,PBPB,18839,5812.0,crosswalk
0001196298,NEPHROS INC,nephros,NEPH,151423,3841.0,crosswalk
0001200375,CODEXIS INC,codexis,CDXS,179841,2836.0,crosswalk
0001201792,AMERICAN PUBLIC EDUCATION,american public education,APEI,178797,8200.0,crosswalk
0001205922,VACCINEX INC,vaccinex,,33780,2836.0,crosswalk
0001206264,SOMNIGROUP INTERNATIONAL INC,somnigroup international,TPX,156861,2510.0,crosswalk
0001210677,First Advantage Corp,first advantage,FADV,,7389.0,ticker_map
0001210708,STAR EQUITY HOLDINGS INC,star equity,HSON,153128,7361.0,crosswalk
0001211583,FENNEC PHARMACEUTICALS INC,fennec pharmaceuticals,ADHXF,143909,2836.0,crosswalk
0001211805,MY SIZE INC,my size,,296866,7372.0,crosswalk
0001212545,WESTERN ALLIANCE BANCORP,western alliance bancorp,WAL,163920,6020.0,crosswalk
0001213037,CARDIFF ONCOLOGY INC,cardiff oncology,TROV,155387,2836.0,crosswalk
0001213809,DYADIC INTERNATIONAL INC,dyadic international,DIL,158055,2836.0,crosswalk
0001214816,AXIS CAPITAL HOLDINGS LTD,axis capital,AXS,153130,6331.0,crosswalk
0001217234,CAREDX INC,caredx,,179834,2835.0,crosswalk
0001218683,MAWSON INFRA GROUP INC,mawson infra,DCMG,38328,7370.0,crosswalk
0001219601,CROWN HOLDINGS INC,crown,CCK,3619,3411.0,crosswalk
0001220754,MODIVCARE INC,modivcare,PRSC,154758,4100.0,crosswalk
0001223389,CONN'S INC,conns,CONN,156614,5731.0,crosswalk
0001224133,MARCHEX INC,marchex,MCHX,157755,7389.0,crosswalk
0001224608,CNO FINANCIAL GROUP INC,cno financial,CNO,12603,6321.0,crosswalk
0001226616,MEDICINOVA INC,medicinova,MNOV,162892,2836.0,crosswalk
0001227500,EQUITY BANCSHARES INC,equity bancshares,,26347,6020.0,crosswalk
0001227636,NEURONETICS INC,neuronetics,,33698,3845.0,crosswalk
0001227654,COMPASS MINERALS INTL INC,compass minerals intl,CMP,157153,1400.0,crosswalk
0001228454,BCB BANCORP INC,bcb bancorp,BCBP,147312,6020.0,crosswalk
0001228627,OPUS GENETICS INC,opus genetics,RNN,37325,2834.0,crosswalk
0001230058,KAANAPALI LAND LLC,kaanapali land,,182497,6552.0,crosswalk
0001230245,PIPER SANDLER COS,piper sandler cos,PJC,8605,6211.0,crosswalk
0001230524,LEOPARD ENERGY INC,leopard energy,JVKG,165114,7372.0,crosswalk
0001232524,JAZZ PHARMACEUTICALS PLC,jazz pharmaceuticals,JAZZ,177287,2834.0,crosswalk
0001232582,ASHFORD HOSPITALITY TRUST,ashford hospitality trust,AHT,155754,6798.0,crosswalk
0001234006,GLADSTONE COMMERCIAL CORP,gladstone commercial,GOOD,154739,6798.0,crosswalk
0001235468,LIQUIDITY SERVICES INC,liquidity services,LQDT,166213,5961.0,crosswalk
0001236275,QXO INC,qxo,TYRIA,170655,7370.0,crosswalk
0001237831,GLOBUS MEDICAL INC,globus medical,GMED,171002,3841.0,crosswalk
0001253176,VAPOTHERM INC,vapotherm,,34327,3845.0,crosswalk
0001253689,CRESCENT BIOPHARMA INC,crescent biopharma,GLYC,18878,2836.0,crosswalk
0001253986,ARBOR REALTY TRUST INC,arbor realty trust,ABR,160173,6798.0,crosswalk
0001254699,QVC INC,qvc,,13506,5961.0,crosswalk
0001257640,KRONOS WORLDWIDE INC,kronos worldwide,KRO,157354,2810.0,crosswalk
0001258602,NELNET INC,nelnet,NNI,155738,6141.0,crosswalk
0001259429,OXFORD SQUARE CAPITAL CORP,oxford square capital,TICC,157452,6797.0,crosswalk
0001260221,TRANSDIGM GROUP INC,transdigm,TDG,148349,3728.0,crosswalk
0001260990,ONCTERNAL THERAPEUTICS INC,oncternal therapeutics,GTXI,35320,2836.0,crosswalk
0001261249,AGILE THERAPEUTICS INC,agile therapeutics,,20010,2834.0,crosswalk
0001261333,DOCUSIGN INC,docusign,,33301,7370.0,crosswalk
0001261654,UNIVERSAL TECHNICAL INST,universal technical inst,UTI,156633,8200.0,crosswalk
0001262039,FORTINET INC,fortinet,FTNT,183377,7372.0,crosswalk
0001262104,LITE STRATEGY INC,lite strategy,MSHL,157865,2834.0,crosswalk
0001262823,WESTLAKE CORP,westlake,WLK,160684,2821.0,crosswalk
0001262976,CIMPRESS PLC,cimpress,VPRT,164086,2750.0,crosswalk
0001263364,IDAHO COPPER CORP,idaho copper,,185694,1090.0,crosswalk
0001265131,HILLTOP HOLDINGS INC,hilltop,HTH,156953,6199.0,crosswalk
0001266806,VIVANI MEDICAL INC,vivani medical,,21421,3845.0,crosswalk
0001267238,ASSURANT INC,assurant,AIZ,157057,6351.0,crosswalk
0001267332,MERRILL LYNCH DEPOSITOR INC,merrill lynch depositor,,157833,6726.0,crosswalk
0001267565,COLLEGIUM PHARMACEUTICAL INC,collegium pharmaceutical,,23555,2834.0,crosswalk
0001267602,ALIMERA SCIENCES INC,alimera sciences,ALIM,180363,2834.0,crosswalk
0001267813,MARINUS PHARMACEUTICALS INC,marinus pharmaceuticals,,20567,2836.0,crosswalk
0001269026,SINTX TECHNOLOGIES INC,sintx technologies,,177981,3842.0,crosswalk
0001270436,COHEN & COMPANY INC,cohen,IFMI,175674,6211.0,crosswalk
0001272842,AIRGAIN INC,airgain,,27703,3663.0,crosswalk
0001273441,GRAN TIERRA ENERGY INC,gran tierra energy,GTE,164046,1311.0,crosswalk
0001273685,ADAMAS TRUST INC,adamas trust,NYMT,158053,6798.0,crosswalk
0001273813,ASSURED GUARANTY LTD,assured guaranty,AGO,157955,6351.0,crosswalk
0001274173,JANUS HENDERSON GROUP PLC,janus henderson,,259518,6282.0,crosswalk
0001274494,FIRST SOLAR INC,first solar,FSLR,175404,3674.0,crosswalk
0001274737,EXAGEN INC,exagen,,26528,2835.0,crosswalk
0001274792,MERRIMACK PHARMACEUTICALS,merrimack pharmaceuticals,MACK,187631,2836.0,crosswalk
0001275014,ULTRA CLEAN HOLDINGS INC,ultra clean,UCTT,264416,3674.0,crosswalk
0001275101,BANK OF THE JAMES FINANCIAL,bank of the james financial,BOJF,136844,6020.0,crosswalk
0001275158,NOODLES & CO,noodles,NDLS,18047,5812.0,crosswalk
0001275187,ANGIODYNAMICS INC,angiodynamics,ANGO,264387,3841.0,crosswalk
0001275477,BIMINI CAPITAL MANAGEMENT,bimini capital management,BMM,264510,6798.0,crosswalk
0001276187,ENERGY TRANSFER LP,energy transfer lp,ETE,165649,4922.0,crosswalk
0001276520,GENWORTH FINANCIAL INC,genworth financial,GNW,158354,6311.0,crosswalk
0001276531,SCIENTIFIC ENERGY INC,scientific energy,SCFE,164538,5960.0,crosswalk
0001277902,MVB FINANCIAL CORP,mvb financial,MVBF,144122,6020.0,crosswalk
0001278021,MARKETAXESS HOLDINGS INC,marketaxess,MKTX,158742,6200.0,crosswalk
0001278027,B&G FOODS INC,bg foods,BGF,158743,2000.0,crosswalk
0001278752,Apollo Investment Corp,apollo investment,AINV,,,ticker_map
0001279620,ZONED PROPERTIES INC,zoned properties,VNGM,165969,6512.0,crosswalk
0001279695,Universal Biosensors Inc,universal biosensors,UBI,,3841.0,ticker_map
0001279704,CELLECTAR BIOSCIENCES INC,cellectar biosciences,,186974,2836.0,crosswalk
0001279715,WRIGHT INVESTORS SERVICE,wright investors service,NPDV,161069,9995.0,crosswalk
0001280058,BLACKBAUD INC,blackbaud,BLKB,260893,7370.0,crosswalk
0001280263,AMBARELLA INC,ambarella,AMBA,15420,3674.0,crosswalk
0001280452,MONOLITHIC POWER SYSTEMS INC,monolithic power systems,MPWR,160888,3674.0,crosswalk
0001280776,IMMUNIC INC,immunic,,331856,2836.0,crosswalk
0001280784,HERCULES CAPITAL INC,hercules capital,HTGC,160541,6797.0,crosswalk
0001281761,REGIONS FINANCIAL CORP,regions financial,RF,4674,6020.0,crosswalk
0001281895,ROCKET PHARMACEUTICALS INC,rocket pharmaceuticals,,32908,2836.0,crosswalk
0001282224,DOLPHIN ENTERTAINMENT INC,dolphin entertainment,DPDM,175299,8700.0,crosswalk
0001282631,NETLIST INC,netlist,NLST,176035,3674.0,crosswalk
0001282637,NEWMARKET CORP,newmarket,NEU,4462,2860.0,crosswalk
0001282648,BATTALION OIL CORP,battalion oil,HK,174169,1311.0,crosswalk
0001282980,DROR ORTHO-DESIGN INC,dror orthodesign,NVNT,162656,3577.0,crosswalk
0001283337,CREDIT-ENHANCED CORTS TR AON,creditenhanced corts tr aon,,141912,6726.0,crosswalk
0001283464,CORTS TRUST PECO ENERGY III,corts trust peco energy iii,,142295,6726.0,crosswalk
0001283699,T-MOBILE US INC,tmobile us,TMUS,17874,4812.0,crosswalk
0001284454,NONGFU SHP DG NEW RTL CO LTD,nongfu shp dg new rtl,EVCC,164400,3714.0,crosswalk
0001284812,COHEN & STEERS INC,cohen steers,CNS,266214,6282.0,crosswalk
0001285550,CLEARPOINT NEURO INC,clearpoint neuro,MRIC,184077,3845.0,crosswalk
0001285785,MOSAIC CO,mosaic,MOS,162129,2870.0,crosswalk
0001285819,OMEROS CORP,omeros,OMER,183593,2836.0,crosswalk
0001286043,KITE REALTY GROUP TRUST,kite realty group trust,KRG,266315,6798.0,crosswalk
0001286613,LINCOLN EDUCATIONAL SERVICES,lincoln educational services,LINC,163668,8200.0,crosswalk
0001286681,DOMINO'S PIZZA INC,dominos pizza,DPZ,160211,5812.0,crosswalk
0001287032,PROSPECT CAPITAL CORP,prospect capital,PSEC,160233,6797.0,crosswalk
0001287213,DOUGLAS DYNAMICS INC,douglas dynamics,PLOW,184258,3531.0,crosswalk
0001287750,ARES CAPITAL CORP,ares capital,ARCC,161966,6797.0,crosswalk
0001287865,MEDICAL PROPERTIES TRUST,medical properties trust,MPW,162160,6798.0,crosswalk
0001288403,W&T OFFSHORE INC,wt offshore,WTI,160341,1311.0,crosswalk
0001288469,MAXLINEAR INC,maxlinear,MXL,184551,3674.0,crosswalk
0001288750,TIMBERLINE RESOURCES CORP,timberline resources,TBLC,122273,1040.0,crosswalk
0001288847,FIVE9 INC,five9,,19908,7370.0,crosswalk
0001288855,OPTIMUMBANK HOLDINGS INC,optimumbank,OPHC,153895,6020.0,crosswalk
0001289308,ENERSYS,enersys,ENS,160893,3690.0,crosswalk
0001289340,STEREOTAXIS INC,stereotaxis,STXS,160375,3845.0,crosswalk
0001289419,MORNINGSTAR INC,morningstar,MORN,160373,6200.0,crosswalk
0001289460,TEXAS ROADHOUSE INC,texas roadhouse,TXRH,160376,5812.0,crosswalk
0001289490,EXTRA SPACE STORAGE INC,extra space storage,EXR,160479,6798.0,crosswalk
0001289636,PROFIRE ENERGY INC,profire energy,PFIE,176346,3533.0,crosswalk
0001289848,HURON CONSULTING GROUP INC,huron consulting,HURN,161997,8742.0,crosswalk
0001289850,NEUROMETRIX INC,neurometrix,NURO,160488,3841.0,crosswalk
0001289945,SPOK HOLDINGS INC,spok,USMO,24844,4812.0,crosswalk
0001290476,VILLAGE BANK AND TRUST FINL,village bank and trust finl,VBFC,140938,6020.0,crosswalk
0001290658,IIOT-OXYS INC,iiotoxys,CBSJ,32331,9995.0,crosswalk
0001290677,TURNING POINT BRANDS INC,turning point brands,,66929,2100.0,crosswalk
0001290900,COMMERCIAL VEHICLE GROUP INC,commercial vehicle,CVGI,160570,3714.0,crosswalk
0001293282,Techtarget Inc,techtarget,TTGT,,7389.0,ticker_map
0001293818,OPGEN INC,opgen,,23241,6200.0,crosswalk
0001293971,BLUEBIRD BIO INC,bluebird bio,BLUE,17998,2836.0,crosswalk
0001294133,INOGEN INC,inogen,,19274,3845.0,crosswalk
0001295401,BANCORP INC,bancorp,TBBK,158587,6020.0,crosswalk
0001295810,SUNSTONE HOTEL INVESTORS INC,sunstone hotel investors,SHO,61163,6798.0,crosswalk
0001295947,PRESTIGE CONSUMER HEALTHCARE,prestige consumer healthcare,PBH,162335,2834.0,crosswalk
0001296445,ORMAT TECHNOLOGIES INC,ormat technologies,ORA,160913,4911.0,crosswalk
0001296884,LIGHTSTONE VALUE PLU R I INC,lightstone value plu r i,,27361,6798.0,crosswalk
0001297184,AMPHASTAR PHARMACEUTICLS INC,amphastar pharmaceuticls,,20659,2834.0,crosswalk
0001297341,KENTUCKY FIRST FEDERAL BNCRP,kentucky first federal bncrp,KFFB,163069,6035.0,crosswalk
0001297937,PARKS AMERICA INC,parks america,PRKA,154360,7996.0,crosswalk
0001297989,EXLSERVICE HOLDINGS INC,exlservice,EXLS,162449,7374.0,crosswalk
0001297996,DIGITAL REALTY TRUST INC,digital realty trust,DLR,160991,6798.0,crosswalk
0001298675,CUBESMART,cubesmart,CUBE,160990,6798.0,crosswalk
0001298946,DIAMONDROCK HOSPITALITY CO,diamondrock hospitality,DRH,160706,6798.0,crosswalk
0001299130,PACIFIC BIOSCIENCES OF CALIF,pacific biosciences of calif,PACB,185419,3826.0,crosswalk
0001299709,AXOS FINANCIAL INC,axos financial,BOFI,162560,6035.0,crosswalk
0001299969,COMSTOCK HOLDING COS INC,comstock holding cos,CHCI,161072,6500.0,crosswalk
0001300514,LAS VEGAS SANDS CORP,las vegas sands,LVS,161844,7990.0,crosswalk
0001300734,SHINECO INC,shineco,,23370,2835.0,crosswalk
0001301236,SOTHERLY HOTELS INC,sotherly hotels,MDH,161852,6798.0,crosswalk
0001301787,BLUELINX HOLDINGS INC,bluelinx,BXC,161813,5031.0,crosswalk
0001301991,SMARTMETRIC INC,smartmetric,,166743,3674.0,crosswalk
0001302028,MANITEX INTERNATIONAL INC,manitex international,MNTX,161843,3537.0,crosswalk
0001302215,HOULIHAN LOKEY INC,houlihan lokey,,25219,6282.0,crosswalk
0001303942,BANKFINANCIAL CORP,bankfinancial,BFIN,161942,6020.0,crosswalk
0001304161,PHARMA-BIO SERV INC,pharmabio serv,PBSV,176082,8742.0,crosswalk
0001304280,NOVELIS INC,novelis,NVL,162701,3350.0,crosswalk
0001304409,Athena Silver Corp,athena silver,AHNR,,2082.0,ticker_map
0001304421,CONSOLIDATED COMM HLDGS INC,consolidated comm hldgs,CNSL,162127,4813.0,crosswalk
0001304492,ANTERIX INC,anterix,,20961,4899.0,crosswalk
0001305168,ARC DOCUMENT SOLUTIONS INC,arc document solutions,ARC,162076,7389.0,crosswalk
0001305253,EIGER BIOPHARMACEUTICALS INC,eiger biopharmaceuticals,CLDN,27046,2836.0,crosswalk
0001306830,CELANESE CORP,celanese,CE,162254,2860.0,crosswalk
0001307579,LIQTECH INTERNATIONAL INC,liqtech international,BMOM,188355,3590.0,crosswalk
0001307748,INVENTRUST PROPERTIES CORP,inventrust properties,,19855,6798.0,crosswalk
0001307954,HUNTSMAN CORP,huntsman,HUN,162401,2860.0,crosswalk
0001308027,VYSTAR CORP,vystar,VYST,183531,3600.0,crosswalk
0001308208,UNIVERSAL LOGISTICS HLDGS,universal logistics hldgs,UACL,162338,4210.0,crosswalk
0001308547,DOLBY LABORATORIES INC,dolby laboratories,DLB,162354,6794.0,crosswalk
0001309082,CAMBER ENERGY INC,camber energy,LEI,108319,3621.0,crosswalk
0001309108,WEX INC,wex,WEX,162385,7389.0,crosswalk
0001309402,GREEN PLAINS INC,green plains,GPRE,181269,2860.0,crosswalk
0001310488,BIOFORCE NANOSCIENCES HLDGS,bioforce nanosciences hldgs,SRVV,264430,2834.0,crosswalk
0001310527,QSAM BIOSCIENCES INC,qsam biosciences,,26555,2835.0,crosswalk
0001310630,CHINA FOODS HOLDINGS LTD,china foods,ATER,65742,9995.0,crosswalk
0001311370,LAZARD INC,lazard,LAZ,162559,6282.0,crosswalk
0001311673,YALE TRANSACTION FINDERS INC,yale transaction finders,YTFD,177627,9995.0,crosswalk
0001313275,BRIGHTCOVE INC,brightcove,BCOV,187959,7370.0,crosswalk
0001314052,ANAVEX LIFE SCIENCES CORP,anavex life sciences,,166447,2836.0,crosswalk
0001314102,EYEPOINT INC,eyepoint,PSDV,253527,2836.0,crosswalk
0001314196,OLB GROUP INC (THE),olb group inc the,OLBG,164053,7374.0,crosswalk
0001314727,SONOS INC,sonos,,33767,3651.0,crosswalk
0001315257,KOPPERS HOLDINGS INC,koppers,KOP,163113,2860.0,crosswalk
0001315399,PARKE BANCORP INC,parke bancorp,PKBK,151544,6020.0,crosswalk
0001316517,KANDI TECHNOLOGIES GROUP,kandi technologies,KNDI,176169,3790.0,crosswalk
0001316835,BUILDERS FIRSTSOURCE,builders firstsource,BLDR,163036,2452.0,crosswalk
0001317630,ITC HOLDINGS CORP,itc,ITC,163669,4911.0,crosswalk
0001317945,OMEGA FLEX INC,omega flex,OFLX,164116,3490.0,crosswalk
0001318008,ZUMIEZ INC,zumiez,ZUMZ,162988,5651.0,crosswalk
0001318220,WASTE CONNECTIONS INC,waste connections,,110732,4953.0,crosswalk
0001318484,CITI TRENDS INC,citi trends,CTRN,163051,5651.0,crosswalk
0001318568,EVERI HOLDINGS INC,everi,GCA,163678,7990.0,crosswalk
0001318605,TESLA INC,tesla,TSLA,184996,3711.0,crosswalk
0001319161,WARNER MUSIC GROUP CORP,warner music,WMG,163118,3652.0,crosswalk
0001319229,TRANSMONTAIGNE PARTNERS LP,transmontaigne partners lp,TLP,163594,4610.0,crosswalk
0001319947,DESIGNER BRANDS INC,designer brands,DSW,24171,5661.0,crosswalk
0001320350,LENSAR INC,lensar,,36929,3845.0,crosswalk
0001320414,SELECT MEDICAL HOLDINGS CORP,select medical,SEM,174236,8060.0,crosswalk
0001320461,COOPER-STANDARD HOLDINGS INC,cooperstandard,CPS,163765,3714.0,crosswalk
0001320695,TREEHOUSE FOODS INC,treehouse foods,THS,163983,2050.0,crosswalk
0001320760,TSS INC,tss,TSSI,177528,7370.0,crosswalk
0001320854,FREIGHTCAR AMERICA INC,freightcar america,RAIL,162742,3743.0,crosswalk
0001321655,PALANTIR TECHNOLOG INC,palantir technolog,,36910,7370.0,crosswalk
0001321732,PENUMBRA INC,penumbra,,26147,3841.0,crosswalk
0001321741,GLADSTONE INVESTMENT CORP/DE,gladstone investment corpde,GAIN,164155,6797.0,crosswalk
0001321834,Q/C TECHNOLOGIES INC,qc technologies,AKER,38664,2834.0,crosswalk
0001322439,EAGLE BULK SHIPPING INC,eagle bulk shipping,EGLE,163685,4412.0,crosswalk
0001323468,GLOBAL PARTNERS LP,global partners lp,GLP,163935,5171.0,crosswalk
0001323885,ATRICURE INC,atricure,ATRC,163889,3841.0,crosswalk
0001324404,CF INDUSTRIES HOLDINGS INC,cf industries,CF,163946,2870.0,crosswalk
0001324424,EXPEDIA GROUP INC,expedia,EXPE,126296,4700.0,crosswalk
0001324759,Cereplast Inc,cereplast,CERP,,2821.0,ticker_map
0001324948,RBC BEARINGS INC,rbc bearings,ROLL,164557,3562.0,crosswalk
0001325618,IRADIMED CORP,iradimed,,20945,3841.0,crosswalk
0001325670,PRIMIS FINANCIAL CORP,primis financial,SONA,175607,6020.0,crosswalk
0001325702,MAGNACHIP SEMICONDUCTOR CORP,magnachip semiconductor,MX,233491,3674.0,crosswalk
0001325964,LIGHTWAVE LOGIC INC,lightwave logic,LWLG,106233,2821.0,crosswalk
0001326003,BLACKROCK CAPITAL INVT CORP,blackrock capital invt,,177782,6797.0,crosswalk
0001326110,IMMUNITYBIO INC,immunitybio,,347007,2836.0,crosswalk
0001326160,DUKE ENERGY CORP,duke energy,DUK,4093,4931.0,crosswalk
0001326190,ALTIMMUNE INC,altimmune,PIP,31249,2836.0,crosswalk
0001326200,GENCO SHIPPING & TRADING,genco shipping trading,GSTL,163930,4412.0,crosswalk
0001326205,IGC PHARMA INC,igc pharma,IGC,166491,2834.0,crosswalk
0001326380,GAMESTOP CORP,gamestop,GME,145049,5734.0,crosswalk
0001326706,ENVUE MEDICAL INC,envue medical,,20554,3845.0,crosswalk
0001326732,XENCOR INC,xencor,XNCR,18938,2836.0,crosswalk
0001326801,META PLATFORMS INC,meta platforms,FB,170617,7370.0,crosswalk
0001327068,United States Oil Fund LP,united states oil fund lp,USO,,6221.0,ticker_map
0001327273,LYRA THERAPEUTICS INC,lyra therapeutics,,36300,3841.0,crosswalk
0001327318,TRUECAR INC,truecar,,20540,7370.0,crosswalk
0001327567,PALO ALTO NETWORKS INC,palo alto networks,PANW,171067,7370.0,crosswalk
0001327607,FIRST WSTRN FINNCIL INC,first wstrn finncil,,33704,6020.0,crosswalk
0001327688,OOMA INC,ooma,,24508,4813.0,crosswalk
0001327811,WORKDAY INC,workday,WDAY,15044,7370.0,crosswalk
0001328581,BOISE CASCADE CO,boise cascade,BCC,16486,5031.0,crosswalk
0001328598,Currencyshares Euro Trust,currencyshares euro trust,FXE,,6221.0,ticker_map
0001328792,TECHPRECISION CORP,techprecision,,178644,3490.0,crosswalk
0001329606,CLEAN ENERGY TECHNOLOGIES,clean energy technologies,PMFI,166740,5900.0,crosswalk
0001331520,HOME BANCSHARES INC,home bancshares,HOMB,164633,6020.0,crosswalk
0001331612,INNOVATIVE MEDTECH INC,innovative medtech,FRHV,177335,8050.0,crosswalk
0001331875,FIDELITY NATIONAL FINANCIAL,fidelity national financial,FNT,165264,6361.0,crosswalk
0001332349,BROOKDALE SENIOR LIVING INC,brookdale senior living,BKD,164652,8050.0,crosswalk
0001332551,ACRES COMMERCIAL REALTY CORP,acres commercial realty,RSO,162925,6798.0,crosswalk
0001333274,MERCER INTL INC,mercer intl,MERC,14563,2611.0,crosswalk
0001333493,EHEALTH INC,ehealth,EHTH,174389,6411.0,crosswalk
0001333822,SEMILEDS CORP,semileds,LEDS,185380,3674.0,crosswalk
0001333986,EQUITABLE HOLDINGS INC,equitable,,32767,6311.0,crosswalk
0001334036,CROCS INC,crocs,CROX,164755,3021.0,crosswalk
0001334325,CODA OCTOPUS GROUP INC,coda octopus,CDOC,183547,3812.0,crosswalk
0001334933,URANIUM ENERGY CORP,uranium energy,UEC,165798,1090.0,crosswalk
0001334978,CLEAR CHANNEL OUTDOOR HLDGS,clear channel outdoor hldgs,CCO,164660,7310.0,crosswalk
0001335105,LIXTE BIOTECHNOLOGY HOLDINGS,lixte biotechnology,,178291,2836.0,crosswalk
0001335112,LOGIQ INC,logiq,CDCX,175188,7370.0,crosswalk
0001335258,LIVE NATION ENTERTAINMENT,live nation entertainment,LYV,165746,7900.0,crosswalk
0001336047,BOARDWALK PIPELINE PRTNRS-LP,boardwalk pipeline prtnrslp,BWP,164756,4922.0,crosswalk
0001336917,UNDER ARMOUR INC,under armour,UARM,165052,2300.0,crosswalk
0001336920,LEIDOS HOLDINGS INC,leidos,LDOS,165123,7373.0,crosswalk
0001337013,INFUSYSTEM HOLDINGS INC,infusystem,INFU,174428,7350.0,crosswalk
0001337068,MAGYAR BANCORP INC,magyar bancorp,MGYR,165465,6036.0,crosswalk
0001337298,FUTUREFUEL CORP,futurefuel,FF,287462,2860.0,crosswalk
0001337619,ENVESTNET INC,envestnet,ENV,184576,6282.0,crosswalk
0001338749,POTLATCHDELTIC CORP,potlatchdeltic,PCH,8692,6798.0,crosswalk
0001338929,AUTHENTIC HOLDINGS INC,authentic,PPBG,175074,2300.0,crosswalk
0001339605,H&E EQUIPMENT SERVICES INC,he equipment services,HEES,165856,5084.0,crosswalk
0001339970,ATYR PHARMA INC,atyr pharma,,23627,2836.0,crosswalk
0001340122,Calumet Specialty Products Partners LP,calumet specialty products partners lp,CLMT,,2911.0,ticker_map
0001340476,DIRTT ENVIRONMENTL SOLUTIONS,dirtt environmentl solutions,,19267,3290.0,crosswalk
0001340909,STRATS TRUST WAL MART STORES,strats trust wal mart stores,,165478,6726.0,crosswalk
0001341235,ALDEYRA THERAPEUTICS INC,aldeyra therapeutics,,20018,2836.0,crosswalk
0001341317,BRIDGEWATER BANCSHARES,bridgewater bancshares,,33131,6020.0,crosswalk
0001341318,LAKE SHORE BANCORP INC,lake shore bancorp,LSBK,166197,6035.0,crosswalk
0001341439,ORACLE CORP,oracle,ORCL,12142,7372.0,crosswalk
0001341766,CELSIUS HOLDINGS INC,celsius,CSUH,175269,2086.0,crosswalk
0001342219,NAMLIONG SKYCOSMOS INC,namliong skycosmos,,175221,9995.0,crosswalk
0001342423,LIMONEIRA CO,limoneira,LMNR,29962,100.0,crosswalk
0001342936,RIVULET ENTERTAINMENT INC,rivulet entertainment,SMYD,177190,7812.0,crosswalk
0001342958,KUSTOM ENTERTAINMENT INC,kustom entertainment,DGLY,162233,3651.0,crosswalk
0001343009,CNBX PHARMACEUTICALS INC,cnbx pharmaceuticals,AMCM,187166,2834.0,crosswalk
0001343491,STRATS TR FOR DOMINION RES,strats tr for dominion res,,159187,6726.0,crosswalk
0001345016,YELP INC,yelp,YELP,196268,7370.0,crosswalk
0001345122,Compass Group Diversified Holdings LLC,compass group diversified,CODI,,3714.0,ticker_map
0001345126,COMPASS DIVERSIFIED HOLDINGS,compass diversified,CODI,166368,3600.0,crosswalk
0001346022,ENERTOPIA CORP,enertopia,ENRT,175071,1400.0,crosswalk
0001346655,CMG HOLDINGS GROUP INC,cmg holdings,CMGO,178074,7310.0,crosswalk
0001346830,TVARDI THERAPEUTICS INC,tvardi therapeutics,CARA,19154,2836.0,crosswalk
0001347178,VANDA PHARMACEUTICALS INC,vanda pharmaceuticals,VNDA,166435,2836.0,crosswalk
0001347652,CORENERGY INFRASTRUCTURE TR,corenergy infrastructure tr,CORR,165209,6798.0,crosswalk
0001347858,22ND CENTURY GROUP INC,22nd century,XXII,17185,2111.0,crosswalk
0001348362,LEXARIA BIOSCIENCE CORP,lexaria bioscience,LXRP,175505,2834.0,crosswalk
0001348911,KALVISTA PHARMACEUTICALS,kalvista pharmaceuticals,,29251,2836.0,crosswalk
0001348952,ENTERGY LOUISIANA LLC,entergy louisiana,,6823,4911.0,crosswalk
0001349436,SANDRIDGE ENERGY INC,sandridge energy,SD,176899,1311.0,crosswalk
0001350102,ASCENT SOLAR TECH INC,ascent solar tech,ASTI,166460,3674.0,crosswalk
0001350593,MUELLER WATER PRODUCTS INC,mueller water products,MWA,166482,3490.0,crosswalk
0001350653,ALPHATEC HOLDINGS INC,alphatec,ATEC,166555,3842.0,crosswalk
0001351636,SOUNDTHINKING INC,soundthinking,,31457,7370.0,crosswalk
0001352010,EPAM SYSTEMS INC,epam systems,EPAM,187697,7370.0,crosswalk
0001352952,CFN ENTERPRISES INC,cfn enterprises,,179137,7370.0,crosswalk
0001353226,SYNTHETIC FXD-INC F/R STRATS,synthetic fxdinc fr strats,,177866,6726.0,crosswalk
0001354327,PGT INNOVATIONS INC,pgt innovations,PGTI,174049,3442.0,crosswalk
0001354866,BYRNA TECHNOLOGIES INC,byrna technologies,,175457,3480.0,crosswalk
0001355001,Realogy Group LLC,realogy,H,,6531.0,ticker_map
0001355096,QVC GROUP INC,qvc,LINTA,174147,5961.0,crosswalk
0001355790,INTERNATIONAL STEM CELL CORP,international stem cell,ISCO,175649,2836.0,crosswalk
0001355839,INTELLIGENT PROCTN MGMT CORP,intelligent proctn mgmt,STVI,28551,7370.0,crosswalk
0001355848,KARTOON STUDIOS INC,kartoon studios,GNUS,183524,7812.0,crosswalk
0001356090,PRECIGEN INC,precigen,XON,18315,2836.0,crosswalk
0001356093,CREATIVE REALITIES INC,creative realities,RNIN,21554,7372.0,crosswalk
0001356115,Nexpoint Credit Strategies Fund,nexpoint credit strategies fund,NHF,,,ticker_map
0001356284,STRATS TR GOLDMAN SACHS GRP,strats tr goldman sachs grp,,160845,6726.0,crosswalk
0001356576,SUPERNUS PHARMACEUTICALS INC,supernus pharmaceuticals,SUPN,186159,2834.0,crosswalk
0001357459,PALISADE BIO INC,palisade bio,CUR,38711,2836.0,crosswalk
0001357615,KBR INC,kbr,KBR,174310,7370.0,crosswalk
0001357660,STRATS TRUST ALLSTATE CORP,strats trust allstate,,174228,6726.0,crosswalk
0001357874,PRECISION BIOSCIENCES,precision biosciences,,34883,2836.0,crosswalk
0001357878,Peptide Technologies Inc,peptide technologies,PEPT,,7389.0,ticker_map
0001357971,ENERGY SERVICES OF AMER CORP,energy services of amer,ESA,174282,1623.0,crosswalk
0001358190,IT TECH PACKAGING INC,it tech packaging,ORPN,176867,2621.0,crosswalk
0001358633,SENTIENT BRANDS HOLDINGS INC,sentient brands,,185663,2834.0,crosswalk
0001359841,HANESBRANDS INC,hanesbrands,HBI,175319,2300.0,crosswalk
0001359931,PROTARA THERAPEUTICS INC,protara therapeutics,,36044,2836.0,crosswalk
0001360214,HARROW INC,harrow,IMMY,176636,2834.0,crosswalk
0001360442,DOGECOIN CASH INC,dogecoin cash,USUN,18387,8090.0,crosswalk
0001360565,WHERE FOOD COMES FROM INC,where food comes from,,175908,8700.0,crosswalk
0001360604,HEALTHCARE REALTY TRUST INC,healthcare realty trust,,28322,6798.0,crosswalk
0001360901,EVERCORE INC,evercore,EVR,174744,6200.0,crosswalk
0001361113,VARONIS SYSTEMS INC,varonis systems,,19044,7372.0,crosswalk
0001361538,PRIMORIS SERVICES CORP,primoris services,,175686,1623.0,crosswalk
0001361658,TRAVEL PLUS LEISURE CO,travel plus leisure,WYN,174729,6531.0,crosswalk
0001362004,ICF INTERNATIONAL INC,icf international,ICFI,174637,8742.0,crosswalk
0001362190,AUDIOEYE INC,audioeye,,17754,7370.0,crosswalk
0001362468,ALLEGIANT TRAVEL CO,allegiant travel,ALGT,175007,4512.0,crosswalk
0001362988,AIRCASTLE LTD,aircastle,AYR,175110,7359.0,crosswalk
0001363829,ENSTAR GROUP LIMITED,enstar group limited,ESGR,176602,6331.0,crosswalk
0001364250,DOUGLAS EMMETT INC,douglas emmett,DEI,175307,6798.0,crosswalk
0001364479,HERC HOLDINGS INC,herc,HTZ,26749,7350.0,crosswalk
0001364742,Blackrock Inc,blackrock,BLK,,6211.0,ticker_map
0001364885,SPIRIT AEROSYSTEMS HOLDINGS,spirit aerosystems,SPR,164494,3728.0,crosswalk
0001364954,CHEGG INC,chegg,CHGG,18556,7370.0,crosswalk
0001365135,WESTERN UNION CO,western union,WU,175263,6099.0,crosswalk
0001366561,SMARTSHEET INC,smartsheet,,33275,7370.0,crosswalk
0001366868,GLOBALSTAR INC,globalstar,GSAT,175523,4899.0,crosswalk
0001367083,SONOMA PHARMACEUTICALS INC,sonoma pharmaceuticals,OCLS,175424,2834.0,crosswalk
0001367644,EMERGENT BIOSOLUTIONS INC,emergent biosolutions,EBS,176022,2836.0,crosswalk
0001367859,CITIZENS COMMUNITY BANCORP,citizens community bancorp,CZWI,266160,6020.0,crosswalk
0001368265,CLEAN ENERGY FUELS CORP,clean energy fuels,CLNE,176343,5500.0,crosswalk
0001368365,REMARK HOLDINGS INC,remark,HSWI,178494,7372.0,crosswalk
0001368458,SALLY BEAUTY HOLDINGS INC,sally beauty,SBH,175900,5990.0,crosswalk
0001368514,ADMA BIOLOGICS INC,adma biologics,,17653,2836.0,crosswalk
0001368622,AEROVIRONMENT INC,aerovironment,AVAV,176362,3721.0,crosswalk
0001369290,MYOMO INC,myomo,,31805,3845.0,crosswalk
0001369568,CATALYST PHARMACEUTICALS INC,catalyst pharmaceuticals,CPRX,175966,2836.0,crosswalk
0001370053,ANAPTYSBIO INC,anaptysbio,,26162,2836.0,crosswalk
0001370450,WILLDAN GROUP INC,willdan,WLDN,175654,8711.0,crosswalk
0001370637,ETSY INC,etsy,,23238,7370.0,crosswalk
0001370755,BLACKROCK TCP CAPITAL,blackrock tcp capital,TCPC,171023,6797.0,crosswalk
0001370946,OWENS CORNING,owens corning,OC,8214,3290.0,crosswalk
0001371128,NEWHYDROGEN INC,newhydrogen,BSRC,176785,3569.0,crosswalk
0001371285,TRUPANION INC,trupanion,,20935,6399.0,crosswalk
0001371451,HIGHWATER ETHANOL LLC,highwater ethanol,,184827,2860.0,crosswalk
0001371489,INFORMATION SERVICES GROUP,information services,III,176251,7374.0,crosswalk
0001371782,MV OIL TRUST,mv oil trust,MVO,176408,1311.0,crosswalk
0001372020,GREAT LAKES DREDGE & DOCK CP,great lakes dredge dock cp,GLDD,148223,1600.0,crosswalk
0001372299,OCUGEN INC,ocugen,,35712,2836.0,crosswalk
0001372514,KIORA PHARMACEUTICALS INC,kiora pharmaceuticals,,21282,2834.0,crosswalk
0001372612,BOX INC,box,,20088,7370.0,crosswalk
0001372807,BCP INVESTMENT CORP,bcp investment,KCAP,176256,6797.0,crosswalk
0001373670,GREEN BRICK PARTNERS INC,green brick partners,BIOF,22047,1531.0,crosswalk
0001373715,SERVICENOW INC,servicenow,NOW,171007,7372.0,crosswalk
0001374310,CBOE GLOBAL MARKETS INC,cboe global markets,CBOE,184500,6200.0,crosswalk
0001374328,FITLIFE BRANDS INC,fitlife brands,FTLF,178413,2834.0,crosswalk
0001374567,Liberator Inc,liberator,WSCU,,2510.0,ticker_map
0001374690,LARIMAR THERAPEUTICS INC,larimar therapeutics,,36536,2836.0,crosswalk
0001375195,CORETEC GROUP INC (THE),coretec group inc the,TDCP,28554,3663.0,crosswalk
0001375205,UR ENERGY INC,ur energy,URG,165637,1090.0,crosswalk
0001375365,Super Micro Computer Inc,super micro computer,SMCI,,3571.0,ticker_map
0001375793,METALERT INC,metalert,GTXO,176893,3663.0,crosswalk
0001376139,CVR ENERGY INC,cvr energy,CVI,178672,2911.0,crosswalk
0001376227,United States Natural Gas Fund LP,united states natural gas fund lp,UNG,,6221.0,ticker_map
0001376231,VPR BRANDS LP,vpr brands lp,,179141,3990.0,crosswalk
0001376321,ZW DATA ACTION TECHNOLGY INC,zw data action technolgy,CNET,183224,7310.0,crosswalk
0001376339,MIMEDX GROUP INC,mimedx,MDXG,178157,2836.0,crosswalk
0001376793,CAVITATION TECHNOLOGIES INC,cavitation technologies,,177281,3559.0,crosswalk
0001376804,Tierra Grande Resources Inc,tierra grande resources,BUKX,,1000.0,ticker_map
0001376986,TENNESSEE VALLEY AUTHORITY,tennessee valley authority,,10447,4911.0,crosswalk
0001377121,PROTAGONIST THERAPEUTICS INC,protagonist therapeutics,,27670,2836.0,crosswalk
0001377149,CAREVIEW COMMUNICATIONS INC,careview communications,CRVW,160367,7372.0,crosswalk
0001377630,NATIONAL CINEMEDIA INC,national cinemedia,NCMI,176523,7310.0,crosswalk
0001377789,AVIAT NETWORKS INC,aviat networks,AVNW,176572,3663.0,crosswalk
0001377936,SARATOGA INVESTMENT CORP,saratoga investment,GNV,176999,6797.0,crosswalk
0001378140,OCEAN POWER TECHNOLOGIES INC,ocean power technologies,OPTT,260737,3612.0,crosswalk
0001378590,BRIDGELINE DIGITAL INC,bridgeline digital,BLIN,176768,7370.0,crosswalk
0001378950,CARPARTS COM INC,carparts com,PRTS,176593,5961.0,crosswalk
0001378992,BERRY GLOBAL GROUP INC,berry global,BERY,180483,3080.0,crosswalk
0001379006,NANOVIRICIDES INC,nanoviricides,NNVC,160997,2836.0,crosswalk
0001379041,EMPLOYERS HOLDINGS INC,employers,EIG,176591,6331.0,crosswalk
0001379785,BARINGS BDC INC,barings bdc,TCAP,176725,6797.0,crosswalk
0001381197,INTERACTIVE BROKERS GROUP,interactive brokers,IBKR,176701,6211.0,crosswalk
0001381531,DOMTAR CORP,domtar,UFS,176760,2621.0,crosswalk
0001381668,TFS FINANCIAL CORP,tfs financial,TFSL,176766,6035.0,crosswalk
0001381871,BOWMO INC,bowmo,UHLN,184597,7361.0,crosswalk
0001382101,SUTRO BIOPHARMA INC,sutro biopharma,,34065,2836.0,crosswalk
0001382230,ESSA BANCORP INC,essa bancorp,ESSA,176703,6036.0,crosswalk
0001382574,SCIENTURE HOLDINGS INC,scienture,,179507,7370.0,crosswalk
0001382821,REDFIN CORP,redfin,,32102,6531.0,crosswalk
0001383082,Powershares DB Agriculture Fund,powershares db agriculture fund,DAG,,6221.0,ticker_map
0001383088,Cytta Corp,cytta,CYTA,,7389.0,ticker_map
0001383312,BROADRIDGE FINANCIAL SOLUTNS,broadridge financial solutns,BR,176928,7373.0,crosswalk
0001383414,PENNANTPARK INVESTMENT CORP,pennantpark investment,PNNT,177216,6797.0,crosswalk
0001383650,CHENIERE ENERGY PARTNERS LP,cheniere energy partners lp,CQP,176914,5171.0,crosswalk
0001384101,VERACYTE INC,veracyte,VCYT,18947,2835.0,crosswalk
0001384195,RING ENERGY INC,ring energy,RNGE,176840,1311.0,crosswalk
0001384905,RINGCENTRAL INC,ringcentral,RNG,18630,7370.0,crosswalk
0001385157,TE CONNECTIVITY PLC,te connectivity,TEL,177267,3678.0,crosswalk
0001385280,CINEMARK HOLDINGS INC,cinemark,CNK,177108,7830.0,crosswalk
0001385613,GREENLIGHT CAPITAL RE LTD,greenlight capital re,GLRE,176973,6331.0,crosswalk
0001385818,AYTU BIOPHARMA INC,aytu biopharma,,179461,2836.0,crosswalk
0001385849,ENERGY FUELS INC,energy fuels,,107712,1090.0,crosswalk
0001386278,GREEN DOT CORP,green dot,GDOT,184392,7389.0,crosswalk
0001386301,RESEARCH SOLUTIONS INC,research solutions,RSSS,180345,7389.0,crosswalk
0001386570,NIAGEN BIOSCIENCE INC,niagen bioscience,CDXC,177367,2833.0,crosswalk
0001387061,LIGHTSTONE VAL PL REIT V INC,lightstone val pl reit v,,36036,6798.0,crosswalk
0001387467,ALPHA AND OMEGA SEMICONDUCTO,alpha and omega semiconducto,AOSL,184604,3674.0,crosswalk
0001388320,ACTINIUM PHARMACEUTICALS INC,actinium pharmaceuticals,ATNM,16947,2836.0,crosswalk
0001388658,IRHYTHM HOLDINGS INC,irhythm,,28367,3845.0,crosswalk
0001389002,MARIN SOFTWARE INC,marin software,MRIN,17376,7370.0,crosswalk
0001389050,ARCHROCK INC,archrock,EXH,65009,3533.0,crosswalk
0001389170,TARGA RESOURCES CORP,targa resources,TRGP,185532,4923.0,crosswalk
0001389518,CLUBHOUSE MEDIA GROUP INC,clubhouse media,,38367,7310.0,crosswalk
0001389545,NOVABAY PHARMACEUTICALS INC,novabay pharmaceuticals,NBY,177228,2834.0,crosswalk
0001390478,SELLAS LIFE SCIENCES GROUP I,sellas life sciences group i,GALE,32901,2836.0,crosswalk
0001390777,BANK OF NEW YORK MELLON CORP,bank of new york mellon,BK,2019,6020.0,crosswalk
0001391135,LFTD PARTNERS INC,lftd partners,AQSP,189858,2833.0,crosswalk
0001391426,China Vitup Health Care Holdings Inc,china vitup health care,CVPH,,8011.0,ticker_map
0001391933,QUAINT OAK BANCORP INC,quaint oak bancorp,,177856,6036.0,crosswalk
0001392380,GEVO INC,gevo,GEVO,186437,2860.0,crosswalk
0001392694,SURGEPAYS INC,surgepays,MKED,33382,4812.0,crosswalk
0001392972,PROS HOLDINGS INC,pros,PRO,177744,7370.0,crosswalk
0001393052,VEEVA SYSTEMS INC,veeva systems,VEEV,18689,7370.0,crosswalk
0001393311,PUBLIC STORAGE,public storage,PSA,10096,6798.0,crosswalk
0001393434,OCULAR THERAPEUTIX INC,ocular therapeutix,,21015,2836.0,crosswalk
0001393584,AMERICAN WELL CORP,american well,,36950,7370.0,crosswalk
0001393612,DISCOVER FINANCIAL SVCS,discover financial svcs,DFS,177376,6141.0,crosswalk
0001393726,TIPTREE INC,tiptree,CVTR,177640,6331.0,crosswalk
0001393772,WEED INC,weed,UNMN,183302,2834.0,crosswalk
0001393781,QUALITY INDUSTRIAL CORP,quality industrial,,37939,7370.0,crosswalk
0001393818,BLACKSTONE INC,blackstone,BX,177088,6282.0,crosswalk
0001393883,DHI GROUP INC,dhi,DHX,177943,7370.0,crosswalk
0001394056,ONE STOP SYSTEMS INC,one stop systems,,32851,3571.0,crosswalk
0001394108,SUIC WORLDWIDE HOLDINGS LTD,suic worldwide,AJGI,184388,7370.0,crosswalk
0001394319,TRACON PHARMACEUTICALS INC,tracon pharmaceuticals,,22697,2836.0,crosswalk
0001395937,SYNDAX PHARMACEUTICALS INC,syndax pharmaceuticals,,20649,2836.0,crosswalk
0001395942,OPENLANE INC,openlane,KAR,183581,7389.0,crosswalk
0001396009,VULCAN MATERIALS CO,vulcan materials,VMC,11228,1400.0,crosswalk
0001396033,LL FLOORING HOLDINGS INC,ll flooring,LL,178806,5211.0,crosswalk
0001396440,MAIN STREET CAPITAL CORP,main street capital,MAIN,178529,6797.0,crosswalk
0001396536,DUOS TECHNOLOGIES GROUP INC,duos technologies,IOSA,23607,7372.0,crosswalk
0001396814,PACIRA BIOSCIENCES INC,pacira biosciences,PCRX,185836,2834.0,crosswalk
0001396878,United States Gasoline Fund LP,united states gasoline fund lp,UGA,,6221.0,ticker_map
0001397016,OPTEX SYSTEMS HOLDINGS INC,optex systems,OPXS,182986,3827.0,crosswalk
0001397047,FLEXSHOPPER INC,flexshopper,,178907,6159.0,crosswalk
0001397183,Iveda Solutions Inc,iveda solutions,IVDA,,1531.0,ticker_map
0001397187,LULULEMON ATHLETICA INC,lululemon athletica,LULU,178015,2300.0,crosswalk
0001397702,SILK ROAD MEDICAL INC,silk road medical,,34882,3845.0,crosswalk
0001397911,LPL FINANCIAL HOLDINGS INC,lpl financial,LPLA,178519,6211.0,crosswalk
0001398659,GENPACT LTD,genpact,G,177983,7374.0,crosswalk
0001398733,AQUESTIVE THERAPETC INC,aquestive therapetc,,33743,2834.0,crosswalk
0001398805,BEAM GLOBAL,beam global,EVSI,184345,3690.0,crosswalk
0001398987,ANYWHERE REAL ESTATE INC,anywhere real estate,RLGY,174022,6531.0,crosswalk
0001399306,BREWBILT BREWING CO,brewbilt brewing,GRPR,178643,2082.0,crosswalk
0001399520,ONE GP HOSPITALITY (THE),one gp hospitality the,STKS,18978,5812.0,crosswalk
0001400810,HCI GROUP INC,hci,HCI,179974,6331.0,crosswalk
0001400891,IHEARTMEDIA INC,iheartmedia,CCMOV,3105,4832.0,crosswalk
0001401040,DIAMEDICA THERAPEUTICS INC,diamedica therapeutics,,176992,2836.0,crosswalk
0001401257,FORUM ENERGY TECH INC,forum energy tech,FET,171059,3533.0,crosswalk
0001401521,AMERICAN COASTAL INSURA CORP,american coastal insura,UIHC,178823,6331.0,crosswalk
0001401564,FIRST FINANCIAL NORTHWEST,first financial northwest,FFNW,178545,6020.0,crosswalk
0001401667,PUMA BIOTECHNOLOGY INC,puma biotechnology,PBYI,170945,2836.0,crosswalk
0001401835,STAR GOLD CORP,star gold,SRGZ,178251,1000.0,crosswalk
0001401914,DARE BIOSCIENCE INC,dare bioscience,,32233,2834.0,crosswalk
0001402057,CDW CORP,cdw,CDW,28320,5045.0,crosswalk
0001402328,SUNSHINE BIOPHARMA INC,sunshine biopharma,MWBN,178118,2836.0,crosswalk
0001402436,SS&C TECHNOLOGIES HLDGS INC,ssc technologies hldgs,SSNC,62965,7370.0,crosswalk
0001402829,ORION GROUP HOLDINGS INC,orion,ORN,179132,1600.0,crosswalk
0001403161,VISA INC,visa,V,179534,6099.0,crosswalk
0001403475,BANK OF MARIN BANCORP,bank of marin bancorp,BMRC,31764,6020.0,crosswalk
0001403528,OAKTREE CAPITAL GROUP LLC,oaktree capital,OAK,187491,6282.0,crosswalk
0001403568,ULTA BEAUTY INC,ulta beauty,ULTA,178704,5990.0,crosswalk
0001403708,EVOKE PHARMA INC,evoke pharma,EVOK,18173,2834.0,crosswalk
0001404281,ELEDON PHARMACEUTICALS INC,eledon pharmaceuticals,,31301,2836.0,crosswalk
0001404644,NEUROGENE INC,neurogene,,19717,2836.0,crosswalk
0001404655,HUBSPOT INC,hubspot,,21847,7370.0,crosswalk
0001404804,OMNITEK ENGINEERING CORP,omnitek engineering,OMTK,178387,3714.0,crosswalk
0001404912,KKR & CO INC,kkr,KKR,179741,6311.0,crosswalk
0001405495,INTERDIGITAL INC,interdigital,IDCC,6100,6794.0,crosswalk
0001405513,United States 12 Month Natural Gas Fund LP,united states 12 month natural gas fund lp,UNL,,6221.0,ticker_map
0001405528,United States 12 Month Oil Fund LP,united states 12 month oil fund lp,USL,,6221.0,ticker_map
0001406587,FORESTAR GROUP INC,forestar,,179077,6552.0,crosswalk
0001406666,CALIX INC,calix,CALX,183903,3661.0,crosswalk
0001407623,RETAIL OPPORTUNITY INVTS CP,retail opportunity invts cp,NAQ,178539,6798.0,crosswalk
0001407878,DIGITAL LOCATIONS INC,digital locations,,178222,4899.0,crosswalk
0001408075,GRAPHIC PACKAGING HOLDING CO,graphic packaging,GPK,25389,2650.0,crosswalk
0001408100,KENNEDY-WILSON HOLDINGS INC,kennedywilson,KW,25632,6510.0,crosswalk
0001408146,SCANDIUM INTL MINING CORP,scandium intl mining,EMC,179903,1090.0,crosswalk
0001408198,MSCI INC,msci,MSCI,178507,6282.0,crosswalk
0001408443,MILESTONE PHARMACEUTICLS INC,milestone pharmaceuticls,,35100,2834.0,crosswalk
0001408534,FIRST GUARANTY BANCSHARES,first guaranty bancshares,,108979,6020.0,crosswalk
0001408710,FABRINET,fabrinet,FN,179583,3670.0,crosswalk
0001409171,TITAN MACHINERY INC,titan machinery,TITN,178973,5080.0,crosswalk
0001409269,VENUS CONCEPT INC,venus concept,,35850,3845.0,crosswalk
0001409375,ORION ENERGY SYSTEMS INC,orion energy systems,OESX,179058,3640.0,crosswalk
0001409493,CHIMERA INVESTMENT CORP,chimera investment,CIM,178862,6798.0,crosswalk
0001409970,LENDINGCLUB CORP,lendingclub,,19647,6141.0,crosswalk
0001410098,CORMEDIX INC,cormedix,CRMD,183945,2834.0,crosswalk
0001410384,Q2 HOLDINGS INC,q2,,19877,7370.0,crosswalk
0001410428,XWELL INC,xwell,VRNG,12987,7990.0,crosswalk
0001410636,AMERICAN WATER WORKS CO INC,american water works,AWK,179437,4941.0,crosswalk
0001410738,VOIPPAL.COM INC,voippalcom,,125996,4899.0,crosswalk
0001411207,ALLISON TRANSMISSION HLDGS,allison transmission hldgs,ALSN,177966,3714.0,crosswalk
0001411342,ELLINGTON FINANCIAL INC,ellington financial,EFC,183902,6798.0,crosswalk
0001411579,AMC ENTERTAINMENT HOLDINGS,amc entertainment,AMC,177637,7830.0,crosswalk
0001411685,VISTAGEN THERAPEUTICS INC,vistagen therapeutics,VSTA,187368,2836.0,crosswalk
0001411688,CONTAINER STORE GROUP,container store,TCS,18842,5700.0,crosswalk
0001411690,BIONANO GENOMICS INC,bionano genomics,,33749,3841.0,crosswalk
0001411906,AMPIO PHARMACEUTICALS INC,ampio pharmaceuticals,AMPE,184465,2834.0,crosswalk
0001412100,Maiden Holdings LTD,maiden,MHLD,,6331.0,ticker_map
0001412126,REMSLEEP HOLDINGS INC,remsleep,BVIG,185068,3845.0,crosswalk
0001412408,PHREESIA INC,phreesia,,35377,7370.0,crosswalk
0001412486,COCRYSTAL PHARMA INC,cocrystal pharma,,19467,2834.0,crosswalk
0001412665,MIDWESTONE FINANCIAL GROUP,midwestone financial,MOFG,65796,6020.0,crosswalk
0001413119,KRAIG BIOCRAFT LABORATORIES,kraig biocraft laboratories,,179372,2820.0,crosswalk
0001413329,PHILIP MORRIS INTERNATIONAL,philip morris international,PM,179621,2111.0,crosswalk
0001413447,NXP SEMICONDUCTORS NV,nxp semiconductors nv,,184725,3674.0,crosswalk
0001413754,MARIZYME INC,marizyme,GBSX,184789,2836.0,crosswalk
0001413837,FIRST FOUNDATION INC,first foundation,,20677,6020.0,crosswalk
0001413891,HIGH WIRE NETWORKS INC,high wire networks,MVTG,179184,7373.0,crosswalk
0001413898,DALLASNEWS CORP,dallasnews,AHC,179288,2711.0,crosswalk
0001414475,WESTERN GAS PARTNERS LP,western gas partners lp,WES,179831,1311.0,crosswalk
0001414767,NETCAPITAL INC,netcapital,,38720,6211.0,crosswalk
0001414932,OAKTREE SPECIALTY LENDING CP,oaktree specialty lending cp,FSC,180193,6797.0,crosswalk
0001414953,EQUATOR BEVERAGE CO,equator beverage,,187348,2086.0,crosswalk
0001415332,LITHIUM CORP,lithium,LTUM,180301,1400.0,crosswalk
0001415404,ECHOSTAR CORP,echostar,SATS,179202,4899.0,crosswalk
0001415744,NORTHERN MINERALS & EXPL LTD,northern minerals expl,,179750,1311.0,crosswalk
0001416090,BLUSKY AI INC,blusky ai,,26333,1040.0,crosswalk
0001416265,PROSPER MARKETPLACE INC,prosper marketplace,,21874,6199.0,crosswalk
0001416697,BLUE LINE PROTECTION GROUP,blue line protection,EGRV,180749,7381.0,crosswalk
0001417398,HILLENBRAND INC,hillenbrand,HI,179657,3530.0,crosswalk
0001417663,SANUWAVE HEALTH INC,sanuwave health,SNWV,181070,3845.0,crosswalk
0001417664,Sino Payments Inc,sino payments,SNPY,,8742.0,ticker_map
0001417926,INVO FERTILITY INC,invo fertility,,180250,3841.0,crosswalk
0001418076,SLR INVESTMENT CORP,slr investment,SLRC,184287,6797.0,crosswalk
0001418121,APPLE HOSPITALITY REIT INC,apple hospitality reit,,23977,6798.0,crosswalk
0001418135,KEURIG DR PEPPER INC,keurig dr pepper,DPS,28877,2080.0,crosswalk
0001418819,IRIDIUM COMMUNICATIONS INC,iridium communications,IRDM,183640,4899.0,crosswalk
0001419041,FORTE BIOSCIENCES INC,forte biosciences,,36609,2836.0,crosswalk
0001419051,THERAPEUTIC SOLUTIONS INTL,therapeutic solutions intl,TSOI,186871,2834.0,crosswalk
0001419275,RYVYL INC,ryvyl,,37212,7374.0,crosswalk
0001419536,CAPITAL BANCORP INC,capital bancorp,,34189,6020.0,crosswalk
0001419554,BONE BIOLOGICS CORP,bone biologics,,26579,2836.0,crosswalk
0001419612,SOLAREDGE TECHNOLOGIES INC,solaredge technologies,,23119,3674.0,crosswalk
0001419793,ORIGINCLEAR INC,originclear,,179866,2990.0,crosswalk
0001419806,RARE ELEMENT RESOURCES LTD,rare element resources,REE,155225,1090.0,crosswalk
0001419951,DATA STORAGE CORP,data storage,DTST,179363,7370.0,crosswalk
0001420520,ATOMERA INC,atomera,,27737,3674.0,crosswalk
0001420565,REIN THERAPEUTICS INC,rein therapeutics,,31656,2836.0,crosswalk
0001420720,IBIO INC,ibio,IBIO,180683,2836.0,crosswalk
0001420800,ENOVIS CORP,enovis,CFX,179577,3842.0,crosswalk
0001421461,INTREPID POTASH INC,intrepid potash,IPI,179843,1400.0,crosswalk
0001421517,ENERGY RECOVERY INC,energy recovery,ERII,179738,3559.0,crosswalk
0001421636,C-BOND SYSTEMS INC,cbond systems,WETM,33503,6799.0,crosswalk
0001422142,WHITEHAWK THERAPEUTICS INC,whitehawk therapeutics,,39527,2836.0,crosswalk
0001422143,KURA ONCOLOGY INC,kura oncology,,26081,2836.0,crosswalk
0001422183,FS KKR CAPITAL CORP,fs kkr capital,,20105,6797.0,crosswalk
0001422892,Sino-global Shipping America LTD,sinoglobal shipping america,SINO,,4731.0,ticker_map
0001422930,PUBMATIC INC,pubmatic,,37510,7370.0,crosswalk
0001423221,QUANEX BUILDING PRODUCTS,quanex building products,NX,179819,3442.0,crosswalk
0001423689,AGNC INVESTMENT CORP,agnc investment,AGNC,179889,6798.0,crosswalk
0001423774,ZUORA INC,zuora,,33232,7370.0,crosswalk
0001423869,PCB BANCORP,pcb bancorp,,157498,6020.0,crosswalk
0001423902,WESTERN MIDSTRM PRTNRS LP,western midstrm prtnrs lp,WGP,16225,4922.0,crosswalk
0001424182,BROADSTONE NET LEASE INC,broadstone net lease,,36967,6798.0,crosswalk
0001424404,WOLVERINE RESOURCES CORP,wolverine resources,WOLV,182900,1000.0,crosswalk
0001424657,CUENTAS INC,cuentas,LNWZ,18885,4812.0,crosswalk
0001424768,VYCOR MEDICAL INC,vycor medical,VYCO,182610,3842.0,crosswalk
0001424864,RISE GOLD CORP,rise gold,AARI,180574,1000.0,crosswalk
0001424929,FOX FACTORY HOLDING CP,fox factory holding cp,FOXF,18320,3751.0,crosswalk
0001425205,IOVANCE BIOTHERAPEUTICS INC,iovance biotherapeutics,LBIO,180057,2836.0,crosswalk
0001425287,WORKHORSE GROUP INC,workhorse,AMPD,184957,3711.0,crosswalk
0001425292,CVR PARTNERS LP,cvr partners lp,UAN,186139,2870.0,crosswalk
0001425355,SUI GROUP HOLDINGS LTD,sui,MCVT,182501,6153.0,crosswalk
0001425450,ORTHOPEDIATRICS CORP,orthopediatrics,,27555,3842.0,crosswalk
0001425627,SOBR SAFE INC,sobr safe,,36649,3829.0,crosswalk
0001426332,NGM BIOPHARMACEUTICAL INC,ngm biopharmaceutical,,34221,2836.0,crosswalk
0001426800,ASSEMBLY BIOSCIENCES INC,assembly biosciences,VTUS,185289,2836.0,crosswalk
0001427437,ENTERGY TEXAS INC,entergy texas,,179236,4911.0,crosswalk
0001427570,VYOME HOLDINGS INC,vyome,,178847,3845.0,crosswalk
0001427925,TALPHERA INC,talphera,ACRX,185908,2834.0,crosswalk
0001428205,ARMOUR RESIDENTIAL REIT INC,armour residential reit,ARR,183822,6798.0,crosswalk
0001428336,HEALTHEQUITY INC,healthequity,,20823,6324.0,crosswalk
0001428439,ROKU INC,roku,,32382,4841.0,crosswalk
0001429260,FORTRESS BIOTECH INC,fortress biotech,CNDO,196269,2836.0,crosswalk
0001429393,TRUTANKLESS INC,trutankless,BOLC,187350,3630.0,crosswalk
0001429560,TREVENA INC,trevena,TRVN,18925,2836.0,crosswalk
0001429764,BLINK CHARGING CO,blink charging,CCGI,184049,3714.0,crosswalk
0001430300,GLOBAL WARMING SOLUTIONS INC,global warming solutions,,163618,8700.0,crosswalk
0001430306,TONIX PHARMACEUTICALS HLDG,tonix pharmaceuticals hldg,TAEI,190856,2836.0,crosswalk
0001430723,SERVISFIRST BANCSHARES INC,servisfirst bancshares,,16549,6020.0,crosswalk
0001431074,BERGIO INTERNATIONAL INC,bergio international,BRGO,183831,3910.0,crosswalk
0001431567,OAK VALLEY BANCORP,oak valley bancorp,OVLY,66158,6020.0,crosswalk
0001431959,META MATERIALS INC,meta materials,TRCH,39108,3679.0,crosswalk
0001433195,APPFOLIO INC,appfolio,,24071,7370.0,crosswalk
0001433270,ANTERO RESOURCES CORP,antero resources,AR,18465,1311.0,crosswalk
0001433607,INSPIREMD INC,inspiremd,NSPR,186953,3845.0,crosswalk
0001433642,HAMILTON LANE INC,hamilton lane,,30076,6282.0,crosswalk
0001433660,JBT MAREL CORP,jbt marel,JBT,180466,3550.0,crosswalk
0001434316,FATE THERAPEUTICS INC,fate therapeutics,FATE,18562,2836.0,crosswalk
0001434524,CLEARSIGN TECHNOLOGIES CORP,clearsign technologies,CLIR,171155,3823.0,crosswalk
0001434588,GRAND CANYON EDUCATION INC,grand canyon education,LOPE,180083,8200.0,crosswalk
0001434621,LENDINGTREE INC,lendingtree,TREE,180423,6163.0,crosswalk
0001434647,ZEVRA THERAPEUTICS INC,zevra therapeutics,,23339,2834.0,crosswalk
0001434728,GLOBAL WATER RESOURCES INC,global water resources,,186169,4941.0,crosswalk
0001434737,SPIRITS TIME INTERNATION INC,spirits time internation,,34352,5180.0,crosswalk
0001434868,ESPERION THERAPEUTICS INC,esperion therapeutics,ESPR,18162,2834.0,crosswalk
0001435064,CEMTREX INC,cemtrex,CTEI,114203,3829.0,crosswalk
0001435508,FIRST SAVINGS FINANCIAL GP,first savings financial gp,FSFG,180958,6020.0,crosswalk
0001436126,MISTRAS GROUP INC,mistras,MG,180229,8711.0,crosswalk
0001436208,LEGACY HOUSING CORP,legacy housing,,33733,2451.0,crosswalk
0001436229,BTCS INC,btcs,,19767,7370.0,crosswalk
0001436425,HOME BANCORP INC,home bancorp,HBCP,180183,6035.0,crosswalk
0001436975,LIGHTSTONE VL PL REIT II INC,lightstone vl pl reit ii,,21224,6798.0,crosswalk
0001437071,INVESCO MORTGAGE CAPITAL INC,invesco mortgage capital,IVR,180228,6798.0,crosswalk
0001437107,WARNER BROS DISCOVERY INC,warner bros discovery,DISCA,164296,4841.0,crosswalk
0001437226,MASTECH DIGITAL INC,mastech digital,MHH,180822,7361.0,crosswalk
0001437283,REGO PAYMENT ARCHITECTES INC,rego payment architectes,VPIG,181309,7374.0,crosswalk
0001437352,EVERBRIDGE INC,everbridge,,27874,7370.0,crosswalk
0001437402,ARDELYX INC,ardelyx,,20645,2836.0,crosswalk
0001437479,ENB FINANCIAL CORP,enb financial,ENBP,18008,6020.0,crosswalk
0001437491,RISKON INTERNATIONAL INC,riskon international,,27086,7389.0,crosswalk
0001437517,CYBERLOQ TECHNOLOGIES INC,cyberloq technologies,ACTC,9099,7372.0,crosswalk
0001437578,BRIGHT HORIZONS FAMILY SOLTN,bright horizons family soltn,BFAM,65275,8351.0,crosswalk
0001437750,Sync2 Networks Corp,sync2 networks,SYNW,,7389.0,ticker_map
0001437958,COASTAL FINANCIAL CORP,coastal financial,,33695,6020.0,crosswalk
0001438133,TANDEM DIABETES CARE INC,tandem diabetes care,TNDM,18899,3845.0,crosswalk
0001438231,DIGIMARC CORP,digimarc,DMRC,181290,7370.0,crosswalk
0001438423,EVERSPIN TECHNOLOGIES INC,everspin technologies,,28087,3674.0,crosswalk
0001438461,YINFU GOLD CORP,yinfu gold,ELRE,22371,7370.0,crosswalk
0001438533,TRAVERE THERAPEUTICS INC,travere therapeutics,RTRX,16848,2836.0,crosswalk
0001439095,MRC GLOBAL INC,mrc global,MRC,180016,5051.0,crosswalk
0001439222,AGIOS PHARMACEUTICALS,agios pharmaceuticals,AGIO,18159,2836.0,crosswalk
0001439288,Rexnord Corp,rexnord,RXN,,3560.0,ticker_map
0001439725,BIODESIX INC,biodesix,,37134,8071.0,crosswalk
0001440799,MMEX RESOURCES CORP,mmex resources,QTUM,181800,2911.0,crosswalk
0001441236,CLEARWATER PAPER CORP,clearwater paper,CLW,181931,2631.0,crosswalk
0001441683,APPIAN CORP,appian,,31236,7370.0,crosswalk
0001441816,MONGODB INC,mongodb,,32526,7370.0,crosswalk
0001442145,VERISK ANALYTICS INC,verisk analytics,VRSK,180652,8742.0,crosswalk
0001442236,QUEST RESOURCE HOLDING CORP,quest resource,IRHC,16015,4950.0,crosswalk
0001442492,LAREDO OIL INC,laredo oil,,183296,1382.0,crosswalk
0001442836,MERSANA THRPEUTIC INC,mersana thrpeutic,,31628,2836.0,crosswalk
0001442999,ALTEROLA BIOTECH INC,alterola biotech,,39040,2834.0,crosswalk
0001443611,SINGLEPOINT INC,singlepoint,,36392,9997.0,crosswalk
0001443646,BOOZ ALLEN HAMILTON HLDG CP,booz allen hamilton hldg cp,BAH,185881,7370.0,crosswalk
0001443669,PROTO LABS INC,proto labs,PRLB,187696,3559.0,crosswalk
0001443863,BIOCORRX INC,biocorrx,CEYY,195356,8093.0,crosswalk
0001444192,GRACE THERAPEUTICS INC,grace therapeutics,,186834,2833.0,crosswalk
0001444380,NEVRO CORP,nevro,,21916,3845.0,crosswalk
0001444839,Goldland Holdings Corp,goldland,GCHO,,1040.0,ticker_map
0001445283,KINETA INC,kineta,,37588,2836.0,crosswalk
0001445305,WORKIVA INC,workiva,,22000,7370.0,crosswalk
0001445815,BIOXYTRAN INC,bioxytran,ADRV,34810,2836.0,crosswalk
0001445942,TEXAS MINERAL RESOURCES CORP,texas mineral resources,TRER,30572,1090.0,crosswalk
0001446159,AXE COMPUTE INC,axe compute,SKLN,183860,3841.0,crosswalk
0001446847,IRONWOOD PHARMACEUTICALS INC,ironwood pharmaceuticals,IRWD,184256,2834.0,crosswalk
0001447028,ARBUTUS BIOPHARMA CORP,arbutus biopharma,,62475,2836.0,crosswalk
0001447051,TERRITORIAL BANCORP INC,territorial bancorp,TBNK,183247,6036.0,crosswalk
0001447362,CASTLE BIOSCIENCES INC,castle biosciences,,35396,8071.0,crosswalk
0001447380,MOBIVITY HOLDINGS CORP,mobivity,MFON,183964,7372.0,crosswalk
0001447669,TWILIO INC,twilio,,27364,7370.0,crosswalk
0001448431,OPTIMIZERX CORP,optimizerx,OPRX,23464,7370.0,crosswalk
0001448597,AUGUSTA GOLD CORP,augusta gold,BFGC,186410,1000.0,crosswalk
0001448705,BASANITE INC,basanite,MMAX,186727,2820.0,crosswalk
0001448893,ESSENT GROUP LTD,essent,ESNT,18745,6351.0,crosswalk
0001449349,VIVOS INC,vivos,ADMD,109822,2835.0,crosswalk
0001449488,CSI COMPRESSCO LP,csi compressco lp,GSJK,181745,1382.0,crosswalk
0001449792,PIONEER POWER SOLUTIONS INC,pioneer power solutions,PPSI,184133,3612.0,crosswalk
0001449794,EMBASSY BANCORP INC,embassy bancorp,EMYB,185168,6020.0,crosswalk
0001451505,TRANSOCEAN LTD,transocean,RIG,28338,1381.0,crosswalk
0001451809,SITIME CORP,sitime,,35794,3674.0,crosswalk
0001452857,STEEL PARTNERS HOLDINGS LP,steel partners holdings lp,SPNHU,186823,9997.0,crosswalk
0001452936,PACIFIC OAK STR OPP REIT INC,pacific oak str opp reit,,36221,6798.0,crosswalk
0001453593,XTANT MEDICAL HOLDINGS INC,xtant medical,BONE,185193,3842.0,crosswalk
0001453687,CARTESIAN THERAPEUTICS INC,cartesian therapeutics,,27354,2836.0,crosswalk
0001454742,GOOD GAMING INC,good gaming,HDSI,183615,7370.0,crosswalk
0001454789,ASTRIA THERAPEUTICS INC,astria therapeutics,,23980,2836.0,crosswalk
0001455684,TPI COMPOSITES INC,tpi composites,,27574,3510.0,crosswalk
0001455863,AMERICOLD REALTY TRUST,americold realty trust,,32980,6798.0,crosswalk
0001456189,LEATT CORP,leatt,LEAT,164276,3949.0,crosswalk
0001456772,OFFICE PROPERTIES INCOME TR,office properties income tr,GOV,182701,6798.0,crosswalk
0001458412,CROSSFIRST BANKSHARES INC,crossfirst bankshares,,35455,6020.0,crosswalk
0001459200,ALARM.COM HOLDINGS INC,alarmcom,,24135,7370.0,crosswalk
0001459417,2U INC,2u,,19881,8200.0,crosswalk
0001459839,SI-BONE INC,sibone,,34193,3842.0,crosswalk
0001460329,FLUENT INC,fluent,IDI,183799,8742.0,crosswalk
0001460602,ORGENESIS INC,orgenesis,BOUT,183729,2836.0,crosswalk
0001462120,LIVE OAK BANCSHARES INC,live oak bancshares,,20299,6020.0,crosswalk
0001462223,NIXXY INC,nixxy,TRLI,35345,7370.0,crosswalk
0001462418,ALTISOURCE PORTFOLIO SOLTNS,altisource portfolio soltns,ASPS,183312,6531.0,crosswalk
0001463101,ENPHASE ENERGY INC,enphase energy,ENPH,187450,3674.0,crosswalk
0001463208,TRANSPORTATION & LOG SYS INC,transportation log sys,LRNC,185950,4731.0,crosswalk
0001463361,UNITY BIOTECHNOLOGY INC,unity biotechnology,,33317,2836.0,crosswalk
0001463972,VUZIX CORP,vuzix,VUZI,184113,3827.0,crosswalk
0001464343,ATLANTICUS HOLDINGS CORP,atlanticus,ATLC,119714,6141.0,crosswalk
0001464423,PENNYMAC MORTGAGE INVEST TR,pennymac mortgage invest tr,PMT,183324,6798.0,crosswalk
0001464790,BRC GROUP HOLDINGS INC,brc,GAMR,178073,6211.0,crosswalk
0001464865,ACCREDITED SOLUTIONS INC,accredited solutions,LSTG,185312,2086.0,crosswalk
0001465128,STARWOOD PROPERTY TRUST INC,starwood property trust,STWD,183388,6798.0,crosswalk
0001465470,NATURALSHRIMP INC,naturalshrimp,,23082,200.0,crosswalk
0001465740,TWO HARBORS INVESTMENT CORP,two harbors investment,TWO,183780,6798.0,crosswalk
0001466026,MIDLAND STATES BANCORP INC,midland states bancorp,,187236,6020.0,crosswalk
0001466085,INDEPENDENCE REALTY TRUST,independence realty trust,IRT,18494,6798.0,crosswalk
0001466258,TRANE TECHNOLOGIES PLC,trane technologies,IR,5959,3585.0,crosswalk
0001466593,OTTER TAIL CORP,otter tail,OTTR,8199,4911.0,crosswalk
0001467373,ACCENTURE PLC,accenture,ACN,143357,8742.0,crosswalk
0001467623,DROPBOX INC,dropbox,,33152,7370.0,crosswalk
0001467760,APOLLO COMMERCIAL RE FIN INC,apollo commercial re fin,ARI,183606,6798.0,crosswalk
0001467761,FIEE INC,fiee,ZMTP,183666,3661.0,crosswalk
0001467858,GENERAL MOTORS CO,general motors,GM,5073,3711.0,crosswalk
0001468174,HYATT HOTELS CORP,hyatt hotels,H,183366,7011.0,crosswalk
0001468328,ADDUS HOMECARE CORP,addus homecare,ADUS,183283,8082.0,crosswalk
0001468639,VICAPSYS LIFE SCIENCES INC,vicapsys life sciences,SSGI,32999,2836.0,crosswalk
0001468666,SECUREWORKS CORP,secureworks,,26677,7372.0,crosswalk
0001468748,KODIAK SCIENCES INC,kodiak sciences,,34118,2836.0,crosswalk
0001468929,NEXGEL INC,nexgel,,34624,3842.0,crosswalk
0001469367,SUNRUN INC,sunrun,,24905,3620.0,crosswalk
0001469443,ARCADIA BIOSCIENCES INC,arcadia biosciences,,23098,100.0,crosswalk
0001471265,NORTHWEST BANCSHARES INC,northwest bancshares,NWBI,30932,6036.0,crosswalk
0001471727,SRX HEALTH SOLUTIONS INC,srx health solutions,,184548,2040.0,crosswalk
0001471781,GBT TECHNOLOGIES INC,gbt technologies,,185115,6200.0,crosswalk
0001471824,Teucrium Commodity Trust,teucrium commodity trust,TAGS,,6221.0,ticker_map
0001472012,IMMUNOME INC,immunome,,37035,2836.0,crosswalk
0001472091,PDS BIOTECHNOLOGY CORP,pds biotechnology,,34942,2836.0,crosswalk
0001472494,United States Brent Oil Fund LP,united states brent oil fund lp,BNO,,6221.0,ticker_map
0001472787,FIRST AMERICAN FINANCIAL CP,first american financial cp,FAF,184899,6361.0,crosswalk
0001473334,XMAX INC,xmax,STVS,184585,2510.0,crosswalk
0001473490,Wall Street Media Co Inc,wall street media,MYCG,,5960.0,ticker_map
0001473844,STELLAR BANCORP INC,stellar bancorp,,26270,6020.0,crosswalk
0001474098,PEBBLEBROOK HOTEL TRUST,pebblebrook hotel trust,PEB,183830,6798.0,crosswalk
0001474167,COSMOS HEALTH INC,cosmos health,PMLT,18874,5122.0,crosswalk
0001474432,EVERPURE INC,everpure,,25756,3572.0,crosswalk
0001474464,NEW YORK REIT INC,new york reit,,20280,6798.0,crosswalk
0001474735,GENERAC HOLDINGS INC,generac,GNRC,183736,3621.0,crosswalk
0001474903,BGSF INC,bgsf,,20044,7363.0,crosswalk
0001475115,EVENTBRITE INC,eventbrite,,34076,7370.0,crosswalk
0001475841,NATIONAL BANK HLDGS CORP,national bank hldgs,NBHC,190963,6020.0,crosswalk
0001475922,PRIMERICA INC,primerica,PRI,1414,6311.0,crosswalk
0001476034,METROPOLITAN BANK HLDNG,metropolitan bank hldng,,32519,6020.0,crosswalk
0001476045,CHATHAM LODGING TRUST,chatham lodging trust,CLDT,184688,6798.0,crosswalk
0001476150,TERRENO REALTY CORP,terreno realty,TRNO,183833,6798.0,crosswalk
0001476204,PHILLIPS EDISON & CO INC,phillips edison,,26839,6798.0,crosswalk
0001476765,GOLUB CAPITAL BDC INC,golub capital bdc,GBDC,184689,6797.0,crosswalk
0001476963,SCORPIUS HOLDINGS INC,scorpius,HTBX,17910,2836.0,crosswalk
0001477009,TREES CORP,trees,PMAP,18616,5990.0,crosswalk
0001477246,S&W SEED CO,sw seed,SANW,184259,100.0,crosswalk
0001477294,SENSATA TECHNOLOGES HLDG PLC,sensata technologes hldg,ST,183942,3823.0,crosswalk
0001477333,CLOUDFLARE INC,cloudflare,,35604,7370.0,crosswalk
0001477449,TELADOC HEALTH INC,teladoc health,,24249,8090.0,crosswalk
0001477720,ASANA INC,asana,,36964,7370.0,crosswalk
0001477845,ANNOVIS BIO INC,annovis bio,,35416,2836.0,crosswalk
0001478242,IQVIA HOLDINGS INC,iqvia,Q,17928,8731.0,crosswalk
0001478320,ADAPTIVE BIOTECH CORP,adaptive biotech,,35279,2835.0,crosswalk
0001478454,EAGLE BANCORP MONTANA INC,eagle bancorp montana,EBMT,133764,6020.0,crosswalk
0001479094,STAG INDUSTRIAL INC,stag industrial,STAG,185339,6798.0,crosswalk
0001479247,United States Commodity Index Funds Trust,united states commodity index funds trust,USMI,,6221.0,ticker_map
0001479290,REVANCE THERAPEUTICS INC,revance therapeutics,,19471,2836.0,crosswalk
0001479419,KALA BIO INC,kala bio,,32018,2836.0,crosswalk
0001479681,NUTEX HEALTH INC,nutex health,,35824,8060.0,crosswalk
0001481028,SUNHYDROGEN INC,sunhydrogen,HYSR,184962,3674.0,crosswalk
0001481504,XERIANT INC,xeriant,BANJ,36803,3721.0,crosswalk
0001481582,RYERSON HOLDING CORP,ryerson,,5968,5051.0,crosswalk
0001481646,ACCOLADE INC,accolade,,36263,8090.0,crosswalk
0001481792,QUAD/GRAPHICS INC,quadgraphics,QUAD,184748,2750.0,crosswalk
0001482430,KBS REAL ESTATE INST TR III,kbs real estate inst tr iii,,22560,6798.0,crosswalk
0001482512,HUDSON PACIFIC PPTYS INC,hudson pacific pptys,HPP,185018,6798.0,crosswalk
0001482541,CEA INDUSTRIES INC,cea industries,SRNA,186779,3523.0,crosswalk
0001482554,HARTFORD CREATIVE GROUP INC,hartford creative,,194557,7011.0,crosswalk
0001483510,EXPRESS INC,express,EXPR,184323,5600.0,crosswalk
0001483646,BLACKSTAR ENTERPRISE GROUP,blackstar enterprise,,66175,6159.0,crosswalk
0001484565,SOLENO THERAPEUTICS INC,soleno therapeutics,,20898,2836.0,crosswalk
0001484612,OUTSET MEDICAL INC,outset medical,,36885,3845.0,crosswalk
0001484769,FUBOTV INC,fubotv,,17001,7370.0,crosswalk
0001485003,CARISMA THERAPEUTICS INC,carisma therapeutics,,19458,2836.0,crosswalk
0001485029,NEW ASIA HOLDINGS INC,new asia,,177615,7370.0,crosswalk
0001486159,CHORD ENERGY CORP,chord energy,OAS,184442,1311.0,crosswalk
0001486957,BWX TECHNOLOGIES INC,bwx technologies,BWC,185229,3559.0,crosswalk
0001487197,BARFRESH FOOD GROUP INC,barfresh food,BRFH,170535,2030.0,crosswalk
0001487428,HORIZON TECHNOLOGY FINANCE,horizon technology finance,HRZN,185821,6797.0,crosswalk
0001487712,AIR LEASE CORP,air lease,AL,186278,7359.0,crosswalk
0001487718,AMERICAN BATTERY MATERLS INC,american battery materls,,19533,1400.0,crosswalk
0001487798,ECA MARCELLUS TRUST I,eca marcellus trust i,ECT,184602,1311.0,crosswalk
0001487918,OFS CAPITAL CORP,ofs capital,OFS,16149,6797.0,crosswalk
0001487952,VISHAY PRECISION GROUP INC,vishay precision,VPG,185138,3674.0,crosswalk
0001488039,ATOSSA THERAPEUTICS INC,atossa therapeutics,ATOS,185659,2836.0,crosswalk
0001488139,AMERESCO INC,ameresco,AMRC,185128,1600.0,crosswalk
0001488813,CUSTOMERS BANCORP INC,customers bancorp,CUBI,170396,6020.0,crosswalk
0001488917,ELECTROMED INC,electromed,ELMD,185125,3845.0,crosswalk
0001489096,THERMON GROUP HOLDINGS INC,thermon,THR,186360,3690.0,crosswalk
0001489393,LYONDELLBASELL INDUSTRIES,lyondellbasell industries,LYB,294524,2820.0,crosswalk
0001489874,GOLDEN GROWERS COOPERATIVE,golden growers cooperative,,20658,700.0,crosswalk
0001490161,SOW GOOD INC,sow good,ANFC,185181,2030.0,crosswalk
0001490281,GROUPON INC,groupon,GRPN,187363,5960.0,crosswalk
0001490349,PHENIXFIN CORP,phenixfin,MCC,186279,6797.0,crosswalk
0001490906,CAPITOL FEDERAL FINL INC,capitol federal finl,CFFN,119414,6035.0,crosswalk
0001490978,SCHRODINGER INC,schrodinger,,36051,7372.0,crosswalk
0001491419,LIVEONE INC,liveone,,187122,7370.0,crosswalk
0001492298,SABRA HEALTH CARE REIT INC,sabra health care reit,SBRA,185618,6798.0,crosswalk
0001492422,APELLIS PHARMACEUTICALS,apellis pharmaceuticals,,26359,2836.0,crosswalk
0001492674,T2 BIOSYSTEMS INC,t2 biosystems,,21033,2835.0,crosswalk
0001492691,KNIGHT-SWIFT TRPTN HLDGS INC,knightswift trptn hldgs,SWFT,30861,4213.0,crosswalk
0001493137,LIFELOC TECHNOLOGIES INC,lifeloc technologies,,187411,3845.0,crosswalk
0001493225,NORTHFIELD BANCORP INC,northfield bancorp,NFBK,178834,6035.0,crosswalk
0001493594,MACOM TECHNLGY SOL HLDGS INC,macom technlgy sol hldgs,MTSI,187740,3674.0,crosswalk
0001493761,TURTLE BEACH CORP,turtle beach,PAMT,19602,3577.0,crosswalk
0001493976,Kilroy Realty LP,kilroy realty lp,KRLP,,6798.0,ticker_map
0001494259,CARGURUS INC,cargurus,,32541,7370.0,crosswalk
0001494413,TWO HANDS CORP,two hands,,186464,7372.0,crosswalk
0001494582,BOSTON OMAHA CORP,boston omaha,,27977,7310.0,crosswalk
0001494650,OPTINOSE INC,optinose,,32451,2834.0,crosswalk
0001494891,SENSUS HEALTHCARE INC,sensus healthcare,,26908,3845.0,crosswalk
0001494904,GLOBAL INDEMNITY GROUP LLC,global indemnity,GBLI,156384,6331.0,crosswalk
0001495231,IZEA WORLDWIDE INC,izea worldwide,,187357,7370.0,crosswalk
0001495240,GLADSTONE LAND CORP,gladstone land,LAND,12081,6798.0,crosswalk
0001495320,VERA BRADLEY INC,vera bradley,VRA,185195,3100.0,crosswalk
0001495584,FIRSTHAND TECHNOLOGY VALU FD,firsthand technology valu fd,SVVC,186990,6797.0,crosswalk
0001495648,Buckeye Oil & Gas Inc,buckeye oil gas,BFSO,,1311.0,ticker_map
0001495932,EXP WORLD HOLDINGS INC,exp world,DSETD,18875,6531.0,crosswalk
0001496099,NEW MOUNTAIN FINANCE CORP,new mountain finance,NMFC,185585,6797.0,crosswalk
0001496323,IGM BIOSCIENCES INC,igm biosciences,,35639,2836.0,crosswalk
0001496443,PAYSIGN INC,paysign,TPNL,105394,7389.0,crosswalk
0001496454,CNL HEALTHCARE PPTYS INC,cnl healthcare pptys,,22997,6798.0,crosswalk
0001496690,BLUEONE CARD INC,blueone card,ANSH,185891,7389.0,crosswalk
0001497253,VIVOSIM LABS INC,vivosim labs,ONVO,170730,2836.0,crosswalk
0001497645,SUMMIT HOTEL PROPERTIES INC,summit hotel properties,INN,185396,6798.0,crosswalk
0001497649,GRAPHENE & SOLAR TECHNOLOGIE,graphene solar technologie,VNGE,33103,1400.0,crosswalk
0001497770,WALKER & DUNLOP INC,walker dunlop,WD,185370,6162.0,crosswalk
0001498067,Breedit Corp,breedit,BRDT,,7372.0,ticker_map
0001498148,ARTIFICIAL INTEL TECH SL INC,artificial intel tech sl,,34036,7359.0,crosswalk
0001498382,TUHURA BIOSCIENCES INC,tuhura biosciences,DMPI,17175,2836.0,crosswalk
0001498547,CIM RL ESTATE FINANCE TR INC,cim rl estate finance tr,,18103,6798.0,crosswalk
0001498710,SPIRIT AVIATION HOLDINGS INC,spirit aviation,SAVE,185624,4512.0,crosswalk
0001498828,Howard Hughes Corp,howard hughes,HHC,,6798.0,ticker_map
0001499275,Santo Mining Corp,santo mining,SANP,,1000.0,ticker_map
0001499422,RBB BANCORP,rbb bancorp,,12035,6020.0,crosswalk
0001499717,STAFFING 360 SOLUTIONS INC,staffing 360 solutions,STAF,190572,7363.0,crosswalk
0001499832,TOWNSQUARE MEDIA INC,townsquare media,,111974,4832.0,crosswalk
0001499961,BOLLINGER INNOVATIONS INC,bollinger innovations,NETE,40116,3711.0,crosswalk
0001500198,NEUROONE MED TECHNOLOGIES CO,neuroone med technologies,OSEO,32247,3845.0,crosswalk
0001500217,AMERICAN ASSETS TRUST INC,american assets trust,AAT,185549,6798.0,crosswalk
0001500305,SUSTAINABLE PROJS GROUP INC,sustainable projs,,19032,2810.0,crosswalk
0001500375,HOME FEDERAL BANCORP INC/LA,home federal bancorp incla,HFBL,162825,6035.0,crosswalk
0001500435,GOPRO INC,gopro,,20644,3861.0,crosswalk
0001501570,VERITEX HOLDINGS INC,veritex,,21633,6020.0,crosswalk
0001501585,HUNTINGTON INGALLS IND INC,huntington ingalls ind,HII,186310,3730.0,crosswalk
0001501697,X4 PHARMACEUTICALS INC,x4 pharmaceuticals,,34929,2836.0,crosswalk
0001501756,ADVERUM BIOTECHNOLOGIES,adverum biotechnologies,,21020,2836.0,crosswalk
0001501989,CYTOMX THERAPEUTICS INC,cytomx therapeutics,,26112,2836.0,crosswalk
0001502292,PRESURANCE HOLDINGS INC,presurance,,25105,6331.0,crosswalk
0001502557,KUN PENG INTERNATIONAL LTD,kun peng international,MLGT,187264,5961.0,crosswalk
0001503274,QUANTERIX CORP,quanterix,,32792,3845.0,crosswalk
0001503658,Homeownusa,homeownusa,HMUS,,6500.0,ticker_map
0001503707,NORTHSTAR HEALTHCRE INCM INC,northstar healthcre incm,,26826,6798.0,crosswalk
0001503802,KARYOPHARM THERAPEUTICS INC,karyopharm therapeutics,KPTI,18930,2836.0,crosswalk
0001504008,BANKUNITED INC,bankunited,BKU,185824,6020.0,crosswalk
0001504461,NGL ENERGY PARTNERS LP,ngl energy partners lp,NGL,186501,5172.0,crosswalk
0001504619,PENNANTPARK FLOATING RT CAP,pennantpark floating rt cap,PFLT,186893,6797.0,crosswalk
0001504678,LOOP INDUSTRIES INC,loop industries,,25332,2821.0,crosswalk
0001505155,UPLAND SOFTWARE INC,upland software,,22040,7370.0,crosswalk
0001505413,VOC ENERGY TRUST,voc energy trust,,186180,1311.0,crosswalk
0001505497,BIORESTORATIVE THERAPIES INC,biorestorative therapies,SCLZ,66042,2836.0,crosswalk
0001505512,REGULUS THERAPEUTICS INC,regulus therapeutics,RGLS,13835,2836.0,crosswalk
0001505732,BANKWELL FINANCIAL GROUP INC,bankwell financial,,160423,6020.0,crosswalk
0001505952,DOMO INC,domo,,33603,7370.0,crosswalk
0001506251,CITIUS PHARMACEUTICALS INC,citius pharmaceuticals,,21807,2834.0,crosswalk
0001506293,PINTEREST INC,pinterest,,35013,7370.0,crosswalk
0001506307,KINDER MORGAN INC,kinder morgan,KMI,6310,4923.0,crosswalk
0001506492,NUWELLIS INC,nuwellis,SSH,271987,3845.0,crosswalk
0001506928,AVINGER INC,avinger,,22704,3841.0,crosswalk
0001506929,VERDE RESOURCES INC,verde resources,,19896,1040.0,crosswalk
0001506983,GLUCOTRACK INC,glucotrack,,17024,3845.0,crosswalk
0001507079,FLOOR & DECOR HLDGS,floor decor hldgs,,22155,5211.0,crosswalk
0001507605,MARA HOLDINGS INC,mara,MARA,4384,7370.0,crosswalk
0001507957,IDEAL POWER INC,ideal power,IPWR,18509,3674.0,crosswalk
0001508655,SIXTH STREET SPECIALTY LENDI,sixth street specialty lendi,,19974,6797.0,crosswalk
0001509261,REZOLUTE INC,rezolute,,17651,2836.0,crosswalk
0001509470,SURO CAPITAL CORP,suro capital,GSVC,186993,6797.0,crosswalk
0001509589,CIVITAS RESOURCES INC,civitas resources,BCEI,187698,1311.0,crosswalk
0001509745,CYPHERPUNK TECHNOLOGIES INC,cypherpunk technologies,,29914,2836.0,crosswalk
0001509786,GUSKIN GOLD CORP,guskin gold,ISRB,37498,1040.0,crosswalk
0001509957,NASCENT PHARMA HOLDINGS INC,nascent pharma,,186693,2834.0,crosswalk
0001509991,KOSMOS ENERGY LTD,kosmos energy,KOS,186276,1311.0,crosswalk
0001510295,MARATHON PETROLEUM CORP,marathon petroleum,MPC,186989,2911.0,crosswalk
0001510518,GENUFOOD ENERGY ENZYMES CORP,genufood energy enzymes,,10871,2834.0,crosswalk
0001510964,CV SCIENCES INC,cv sciences,CANV,187711,2834.0,crosswalk
0001511337,RLJ LODGING TRUST,rlj lodging trust,RLJ,186363,6798.0,crosswalk
0001511737,UBIQUITI INC,ubiquiti,UBNT,187462,3663.0,crosswalk
0001512228,NIOCORP DEVELOPMENTS LTD,niocorp developments,,107150,1090.0,crosswalk
0001512499,LINDBLAD EXPEDITIONS HLDGS,lindblad expeditions hldgs,CLAC,24351,4700.0,crosswalk
0001512673,BLOCK INC,block,,26367,7374.0,crosswalk
0001512762,COHERUS ONCOLOGY INC,coherus oncology,,21841,2836.0,crosswalk
0001512922,PETVIVO HOLDINGS INC,petvivo,,20074,3842.0,crosswalk
0001512931,MONROE CAPITAL CORP,monroe capital,MRCC,16066,6797.0,crosswalk
0001513363,FIDUS INVESTMENT CORP,fidus investment,FDUS,187483,6797.0,crosswalk
0001513525,ADIAL PHARMACEUTICALS,adial pharmaceuticals,,32395,2834.0,crosswalk
0001513761,NORWEGIAN CRUISE LINE HLDGS,norwegian cruise line hldgs,NCLH,104432,4400.0,crosswalk
0001514056,TITAN ENVIRONM SOLUTIONS INC,titan environm solutions,,26165,4950.0,crosswalk
0001514183,SILO PHARMA INC,silo pharma,GDSW,170430,2836.0,crosswalk
0001514281,AG MORTGAGE INVESTMENT TRUST,ag mortgage investment trust,MITT,186671,6798.0,crosswalk
0001514416,BANDWIDTH INC,bandwidth,,32571,7370.0,crosswalk
0001514443,AMERIGUARD SECURITY SRVS INC,ameriguard security srvs,,171213,7381.0,crosswalk
0001514705,SUNCOKE ENERGY INC,suncoke energy,SXC,186773,3312.0,crosswalk
0001514743,IF BANCORP INC,if bancorp,IROQ,187596,6035.0,crosswalk
0001514946,AXIM BIOTECHNOLOGIES INC,axim biotechnologies,AXIM,17716,2835.0,crosswalk
0001514991,AMC NETWORKS INC,amc networks,AMCX,187406,4833.0,crosswalk
0001515139,WASTE ENERGY CORP,waste energy,,18918,9995.0,crosswalk
0001515156,ARQ INC,arq,ADES,156578,2890.0,crosswalk
0001515317,Magellan Gold Corp,magellan gold,MAGE,,1000.0,ticker_map
0001515673,ULTRAGENYX PHARMACEUTICAL,ultragenyx pharmaceutical,RARE,19149,2836.0,crosswalk
0001515816,PLYMOUTH INDL REIT INC,plymouth indl reit,,20959,6798.0,crosswalk
0001516551,SKYE BIOSCIENCE INC,skye bioscience,,22116,2836.0,crosswalk
0001516912,ORIGIN BANCORP,origin bancorp,,33459,6020.0,crosswalk
0001517022,AKEBIA THERAPEUTICS INC,akebia therapeutics,,19859,2836.0,crosswalk
0001517175,CHEFS' WAREHOUSE INC,chefs warehouse,CHEF,186960,5140.0,crosswalk
0001517228,VISTANCE NETWORKS INC,vistance networks,COMM,18036,3663.0,crosswalk
0001517302,ARTISAN PARTNERS ASSET MGMT,artisan partners asset mgmt,APAM,16113,6282.0,crosswalk
0001517375,SPROUT SOCIAL INC,sprout social,,35922,7370.0,crosswalk
0001517413,FASTLY INC,fastly,,35120,7370.0,crosswalk
0001517681,PROPANC BIOPHARMA INC,propanc biopharma,PPCH,11885,2836.0,crosswalk
0001518461,AMPLITECH GROUP INC,amplitech,,17396,3663.0,crosswalk
0001518621,ORCHID ISLAND CAPITAL INC,orchid island capital,ORC,187148,6798.0,crosswalk
0001518715,MECHANICS BANCORP,mechanics bancorp,HMST,18948,6020.0,crosswalk
0001519061,TRINSEO PLC,trinseo,,187551,2821.0,crosswalk
0001519401,REGIONAL MANAGEMENT CORP,regional management,RM,187253,6141.0,crosswalk
0001519751,FORTUNE BRANDS INNOVATNS INC,fortune brands innovatns,FBHS,188255,3430.0,crosswalk
0001520006,MATADOR RESOURCES CO,matador resources,MTDR,187812,1311.0,crosswalk
0001520048,PERMIANVILLE ROYALTY TRUST,permianville royalty trust,NDRO,187250,6792.0,crosswalk
0001520118,MEDWELLAI INC,medwellai,,18080,7370.0,crosswalk
0001520262,ALKERMES PLC,alkermes,ALKS,24302,2836.0,crosswalk
0001520358,MAMA'S CREATIONS INC,mamas creations,MMMB,17494,2030.0,crosswalk
0001520697,ACADIA HEALTHCARE CO INC,acadia healthcare,ACHC,192255,8060.0,crosswalk
0001521036,LANTHEUS HOLDINGS INC,lantheus,,21004,2835.0,crosswalk
0001521332,APTIV PLC,aptiv,DLPH,118122,3714.0,crosswalk
0001521951,FIRST BUSINESS FINL SRV INC,first business finl srv,FBIZ,165284,6020.0,crosswalk
0001522222,CLS HOLDINGS USA INC,cls holdings usa,,23782,5912.0,crosswalk
0001522727,USA COMPRESSION PRTNRS LP,usa compression prtnrs lp,USAC,33449,1389.0,crosswalk
0001522767,MARIMED INC,marimed,,21873,2834.0,crosswalk
0001522860,ACUTUS MEDICAL INC,acutus medical,,36757,3841.0,crosswalk
0001524025,TILLY'S INC,tillys,TLYS,187575,5600.0,crosswalk
0001524358,MARRIOTT VACATIONS WORLDWIDE,marriott vacations worldwide,VAC,191255,7011.0,crosswalk
0001524472,XYLEM INC,xylem,XYL,189491,3561.0,crosswalk
0001524741,U S SILICA HOLDINGS INC,u s silica,SLCA,181989,1400.0,crosswalk
0001524769,CHESAPEAKE GRANITE WASH TR,chesapeake granite wash tr,CHKR,194456,6792.0,crosswalk
0001524931,CHUY'S HOLDINGS INC,chuys,CHUY,187775,5812.0,crosswalk
0001525221,Era Group Inc,era,ERA,,4522.0,ticker_map
0001525769,DAVE & BUSTER'S ENTMT INC,dave busters entmt,,60923,7990.0,crosswalk
0001526113,GLOBAL NET LEASE INC,global net lease,,23996,6798.0,crosswalk
0001526119,VERASTEM INC,verastem,VSTM,194255,2836.0,crosswalk
0001526520,TRIPADVISOR INC,tripadvisor,TRIP,199356,7370.0,crosswalk
0001527166,CARLYLE GROUP INC,carlyle,CG,189459,6282.0,crosswalk
0001527469,ATHENE HOLDING LTD,athene,,318728,6311.0,crosswalk
0001527508,PACTIV EVERGREEN INC,pactiv evergreen,,36973,2650.0,crosswalk
0001527541,WHEELER REAL ESTATE INVT TR,wheeler real estate invt tr,WHLR,194256,6798.0,crosswalk
0001527590,READY CAPITAL CORP,ready capital,ZFC,183029,6798.0,crosswalk
0001527599,SYNLOGIC INC,synlogic,,32365,2836.0,crosswalk
0001527702,IQSTEL INC,iqstel,,34070,4813.0,crosswalk
0001527753,PERSONALIS INC,personalis,,35254,2835.0,crosswalk
0001528115,ANNEXON INC,annexon,,36768,2836.0,crosswalk
0001528129,VITAL ENGY INC,vital engy,LPI,187961,1311.0,crosswalk
0001528356,GENIE ENERGY LTD,genie energy,GNE,190590,4931.0,crosswalk
0001528396,GUIDEWIRE SOFTWARE INC,guidewire software,GWRE,190455,7372.0,crosswalk
0001528849,RH,rh,RH,111873,5712.0,crosswalk
0001528985,INLAND REAL ESTATE INCOME TR,inland real estate income tr,,27463,6798.0,crosswalk
0001529113,XTI AEROSPACE INC,xti aerospace,,148396,3721.0,crosswalk
0001529377,ARES COMMERCIAL REAL ESTATE,ares commercial real estate,ACRE,189516,6798.0,crosswalk
0001529628,SMART SAND INC,smart sand,,22284,1400.0,crosswalk
0001529864,ENOVA INTERNATIONAL INC,enova international,,189517,6141.0,crosswalk
0001530163,Darkstar Ventures Inc,darkstar ventures,TBD,,5990.0,ticker_map
0001530249,FS BANCORP INC,fs bancorp,FSBW,181820,6036.0,crosswalk
0001530425,ARTISAN CONSUMER GOODS INC,artisan consumer goods,,170995,2000.0,crosswalk
0001530721,CAPRI HOLDINGS LTD,capri,KORS,198058,2300.0,crosswalk
0001530746,KAYA HOLDINGS INC,kaya,,23618,2834.0,crosswalk
0001530766,STREAMEX CORP,streamex,,21824,3845.0,crosswalk
0001530804,TRONOX HOLDINGS PLC,tronox,TROX,164363,2810.0,crosswalk
0001530950,POST HOLDINGS INC,post,POST,170527,2015.0,crosswalk
0001531031,ESQUIRE FINCL HOLD INC,esquire fincl hold,,31606,6020.0,crosswalk
0001531048,INARI MEDICAL INC,inari medical,,36236,3841.0,crosswalk
0001531152,BJS WHSL CLUB HLDGS INC,bjs whsl club hldgs,,33718,5399.0,crosswalk
0001532286,NINE ENERGY SERVICE INC,nine energy service,,31507,1389.0,crosswalk
0001532383,VANJIA CORP,vanjia,,26478,1531.0,crosswalk
0001532619,POWER REIT,power reit,PW,8611,6798.0,crosswalk
0001532961,NV5 GLOBAL INC,nv5 global,NVEE,17277,8711.0,crosswalk
0001533030,CRYOMASS TECHNOLOGIES INC,cryomass technologies,,19255,9995.0,crosswalk
0001533040,PHIO PHARMACEUTICALS CORP,phio pharmaceuticals,RXII,171187,2836.0,crosswalk
0001533357,DEFENSE TECHNOLOGIES INTL CP,defense technologies intl cp,,139131,3829.0,crosswalk
0001533615,CHIRON REAL ESTATE INC,chiron real estate,SOOP,16125,6798.0,crosswalk
0001533743,PROCESSA PHARMACEUTICALS INC,processa pharmaceuticals,,32846,2834.0,crosswalk
0001533924,AMPLIFY ENERGY CORP,amplify energy,MPO,194755,1311.0,crosswalk
0001533998,DARIOHEALTH CORP,dariohealth,,17485,8000.0,crosswalk
0001534120,AVALO THERAPEUTICS INC,avalo therapeutics,,26149,2834.0,crosswalk
0001534133,CALCIMEDICA INC,calcimedica,,37062,2834.0,crosswalk
0001534154,AUTHID INC,authid,,23001,7372.0,crosswalk
0001534254,CION INVESTMENT CORP,cion investment,,23984,6797.0,crosswalk
0001534504,PBF ENERGY INC,pbf energy,PBF,196159,2911.0,crosswalk
0001534525,XENETIC BIOSCIENCES INC,xenetic biosciences,,237269,2836.0,crosswalk
0001534675,TECNOGLASS INC,tecnoglass,TGLS,170765,3442.0,crosswalk
0001534701,PHILLIPS 66,phillips 66,PSX,170841,2911.0,crosswalk
0001534708,BEELINE HOLDINGS INC,beeline,EURC,18398,6162.0,crosswalk
0001535079,Touchpoint Metrics Inc,touchpoint metrics,TPOI,,7372.0,ticker_map
0001535527,CROWDSTRIKE HOLDINGS INC,crowdstrike,,35182,7370.0,crosswalk
0001535778,MSC INCOME FUND INC,msc income fund,,39498,6797.0,crosswalk
0001535929,VOYA FINANCIAL INC,voya financial,VOYA,16384,6311.0,crosswalk
0001535955,LIPOCINE INC,lipocine,MBARD,18424,2834.0,crosswalk
0001537028,INDEPENDENCE CONTRACT DRLLNG,independence contract drllng,,21165,1381.0,crosswalk
0001537054,GOGO INC,gogo,GOGO,170384,4899.0,crosswalk
0001537435,TECOGEN INC,tecogen,TGEN,18114,3585.0,crosswalk
0001538210,NEXIMMUNE INC,neximmune,,37808,2836.0,crosswalk
0001538263,Hometrust Bancshares Inc,hometrust bancshares,HTBI,,6035.0,ticker_map
0001538495,EARTH SCIENCE TECH INC,earth science tech,,14063,2834.0,crosswalk
0001538716,OPORTUN FINANCIAL CORP,oportun financial,,35471,6141.0,crosswalk
0001538849,CROSSAMERICA PARTNERS LP,crossamerica partners lp,LGP,15212,5172.0,crosswalk
0001538990,STORE CAPITAL CORP,store capital,,21630,6798.0,crosswalk
0001539029,CLEARSIDE BIOMEDICAL INC,clearside biomedical,,26798,2834.0,crosswalk
0001539638,TRIUMPH FINANCIAL INC,triumph financial,,21815,6036.0,crosswalk
0001539838,DIAMONDBACK ENERGY INC,diamondback energy,FANG,170750,1311.0,crosswalk
0001539850,STARCO BRANDS INC,starco brands,,13360,2844.0,crosswalk
0001540159,EDESA BIOTECH INC,edesa biotech,,35321,2836.0,crosswalk
0001540684,ATLAS LITHIUM CORP,atlas lithium,,18019,1400.0,crosswalk
0001541119,SOUND FINANCIAL BANCORP INC,sound financial bancorp,SFBC,179234,6020.0,crosswalk
0001541401,EMPIRE STATE REALTY TR INC,empire state realty tr,ESRT,170714,6798.0,crosswalk
0001543151,UBER TECHNOLOGIES INC,uber technologies,,35077,4100.0,crosswalk
0001543418,TRILOGY METALS INC,trilogy metals,NCQ,171111,1000.0,crosswalk
0001543637,Nu-med Plus Inc,numed plus,NUMD,,3841.0,ticker_map
0001544206,CARLYLE SECURED LENDING INC,carlyle secured lending,,31819,6797.0,crosswalk
0001544227,TEMPEST THERAPEUTICS INC,tempest therapeutics,OVAS,39104,2836.0,crosswalk
0001545654,ALEXANDER & BALDWIN INC,alexander baldwin,ALEX,11756,6798.0,crosswalk
0001546296,PROFESSIONAL DIVERSITY NETWK,professional diversity netwk,IPDN,8661,7361.0,crosswalk
0001546417,BLOOMIN' BRANDS INC,bloomin brands,BLMN,171049,5812.0,crosswalk
0001546853,SKKYNET CLOUD SYSTEMS INC,skkynet cloud systems,SKKY,17349,7370.0,crosswalk
0001547459,NATURAL GROCERS VITAMIN CTGE,natural grocers vitamin ctge,NGVC,11922,5400.0,crosswalk
0001547546,LUMENT FINANCE TRUST INC,lument finance trust,OAKS,16884,6798.0,crosswalk
0001547903,NMI HOLDINGS INC,nmi,NMIH,11854,6351.0,crosswalk
0001549084,EKSO BIONICS HOLDINGS INC,ekso bionics,,17727,3845.0,crosswalk
0001549145,BLUE BIOFUELS INC,blue biofuels,,17920,2990.0,crosswalk
0001549346,SHUTTERSTOCK INC,shutterstock,SSTK,3382,7370.0,crosswalk
0001549595,NURIX THERAPEUTICS INC,nurix therapeutics,,36767,2836.0,crosswalk
0001549631,QUARTA-RAD INC,quartarad,,32242,5065.0,crosswalk
0001549922,Summit Midstream Partners LP,summit midstream partners lp,SMLP,,4922.0,ticker_map
0001549966,SILVERCREST ASSET MGT,silvercrest asset mgt,SAMG,14551,6282.0,crosswalk
0001550453,TRILINC GLOBAL IMPACT FU LLC,trilinc global impact fu,,36039,6799.0,crosswalk
0001550695,PERFORMANT HEALTHCARE INC,performant healthcare,PFMT,170965,7320.0,crosswalk
0001550913,MACKENZIE REALTY CAPITAL INC,mackenzie realty capital,,34975,6798.0,crosswalk
0001551152,ABBVIE INC,abbvie,ABBV,16101,2836.0,crosswalk
0001551182,EATON CORP PLC,eaton corp,ETN,4199,3620.0,crosswalk
0001551306,PROGYNY INC,progyny,,35708,8090.0,crosswalk
0001551901,STELLUS CAPITAL INVESTMENT,stellus capital investment,SCM,16150,6797.0,crosswalk
0001552000,MPLX LP,mplx lp,MPLX,12294,4610.0,crosswalk
0001552033,TRANSUNION,transunion,,24638,7323.0,crosswalk
0001552189,PANACEA LIFE SCIENCS HOL INC,panacea life sciencs hol,,40234,2833.0,crosswalk
0001552198,WHITEHORSE FINANCE INC,whitehorse finance,WHF,16608,6797.0,crosswalk
0001552275,SUNOCO LP,sunoco lp,SUSP,12892,5172.0,crosswalk
0001552797,DELEK LOGISTICS PARTNERS LP,delek logistics partners lp,DKL,12833,5171.0,crosswalk
0001552800,TILE SHOP HOLDINGS INC,tile shop,TTS,13861,5700.0,crosswalk
0001553079,EMPIRE STATE REALTY OP LP,empire state realty op lp,,18850,6798.0,crosswalk
0001553404,Pacific Green Technologies Inc,pacific green technologies,PGTK,,4955.0,ticker_map
0001553643,RELMADA THERAPEUTICS INC,relmada therapeutics,,20720,2834.0,crosswalk
0001553788,SPLASH BEVERAGE GROUP INC,splash beverage,,36379,2080.0,crosswalk
0001554818,AUDDIA INC,auddia,,36089,7370.0,crosswalk
0001554859,SEMLER SCIENTIFIC INC,semler scientific,,19189,3845.0,crosswalk
0001555074,ACCELITRON ADN MTR CNTRL INC,accelitron adn mtr cntrl,AAMC,16720,6162.0,crosswalk
0001555279,908 DEVICES INC,908 devices,,37480,3826.0,crosswalk
0001555280,ZOETIS INC,zoetis,ZTS,13721,2834.0,crosswalk
0001556263,SYROS PHARMACEUTICALS INC,syros pharmaceuticals,,27392,2836.0,crosswalk
0001556266,BAIYU HOLDINGS INC,baiyu,CCCR,18144,5051.0,crosswalk
0001556593,RITHM CAPITAL CORP,rithm capital,NRZ,17878,6798.0,crosswalk
0001556727,FIRST NORTHWEST BANCRP,first northwest bancrp,,22975,6020.0,crosswalk
0001556739,THRYV HOLDINGS INC,thryv,DXM,37130,2741.0,crosswalk
0001556801,MY CITY BUILDERS INC,my city builders,,17917,6552.0,crosswalk
0001557376,ZEO SCIENTIFIX INC,zeo scientifix,,19135,2836.0,crosswalk
0001557746,ACLARIS THERAPEUTICS INC,aclaris therapeutics,,25904,2834.0,crosswalk
0001557798,TIANCI INTERNATIONAL INC,tianci international,FPET,26083,4731.0,crosswalk
0001559053,PROTHENA CORPORATION PLC,prothena corporation,PRTA,16745,2836.0,crosswalk
0001559356,BIOSTAX CORP,biostax,,7095,2836.0,crosswalk
0001559720,AIRBNB INC,airbnb,,37460,7000.0,crosswalk
0001559865,EVERTEC INC,evertec,EVTC,185375,7374.0,crosswalk
0001559998,GAUCHO GROUP HOLDINGS INC,gaucho,,26832,9997.0,crosswalk
0001560143,WYTEC INTERNATIONAL INC,wytec international,,37365,3663.0,crosswalk
0001560241,G1 THERAPEUTICS INC,g1 therapeutics,,31294,2836.0,crosswalk
0001560258,ELECTROCORE INC,electrocore,,33614,3845.0,crosswalk
0001560327,RAPID7 INC,rapid7,,24501,7372.0,crosswalk
0001560385,LIBERTY MEDIA CORP -CONSOL,liberty media corp consol,,27189,4832.0,crosswalk
0001560672,ELLINGTON CREDIT CO,ellington credit,EARN,17866,6798.0,crosswalk
0001561032,NATIONAL HEALTHCR PRPRTS INC,national healthcr prprts,,35951,6798.0,crosswalk
0001561550,DATADOG INC,datadog,,35620,7370.0,crosswalk
0001561680,TRI POINTE HOMES INC,tri pointe homes,TPH,258869,1531.0,crosswalk
0001561880,LEGACY EDUCATION ALLIANCE,legacy education alliance,,22176,8200.0,crosswalk
0001561894,HA SUSTAINABLE INFRA CAP INC,ha sustainable infra cap,HASI,17769,6798.0,crosswalk
0001561921,TELA BIO INC,tela bio,,35779,3841.0,crosswalk
0001562151,CRIMSON WINE GROUP LTD,crimson wine,CWGL,17285,2084.0,crosswalk
0001562401,AMERICAN HOMES 4 RENT,american homes 4 rent,AMH,17639,6798.0,crosswalk
0001562463,FIRST INTERNET BANCORP,first internet bancorp,INBK,162293,6020.0,crosswalk
0001562476,TAYLOR MORRISON HOME CORP,taylor morrison home,TMHC,16653,1531.0,crosswalk
0001562528,FRANKLIN BSP REALTY TRUST IN,franklin bsp realty trust in,,28069,6798.0,crosswalk
0001563298,ENERGY & WATER DEVLPMNT CORP,energy water devlpmnt,,62209,3580.0,crosswalk
0001563568,ENVIROTECH VEHICLES INC,envirotech vehicles,,38407,3711.0,crosswalk
0001563577,GALERA THERAPEUTICS INC,galera therapeutics,,35768,2836.0,crosswalk
0001563665,HARVARD APPARATUS REGE T INC,harvard apparatus rege t,HART,16719,2836.0,crosswalk
0001563756,LIGHTSTONE VAL PLUS REIT III,lightstone val plus reit iii,,36498,6798.0,crosswalk
0001563880,TREVI THERAPEUTICS INC,trevi therapeutics,,35054,2834.0,crosswalk
0001564408,SNAP INC,snap,,30091,7370.0,crosswalk
0001564618,INDEPENDENT BK GRP INC,independent bk grp,IBTX,17451,6020.0,crosswalk
0001564708,NEWS CORP,news,NWS,18043,2711.0,crosswalk
0001564824,ALLAKOS INC,allakos,,33721,2836.0,crosswalk
0001564902,UNITED PARKS & RESORTS INC,united parks resorts,SEAS,186392,7996.0,crosswalk
0001565146,GULF COAST ULTRA DEEP RTY TR,gulf coast ultra deep rty tr,GULTU,18117,6792.0,crosswalk
0001565228,VISLINK TECHNOLOGIES INC,vislink technologies,XGTI,289735,3663.0,crosswalk
0001565687,INTAPP INC,intapp,,39070,7370.0,crosswalk
0001566044,VYNE THERAPEUTICS INC,vyne therapeutics,,21522,2834.0,crosswalk
0001566243,ARAX HOLDINGS CORP,arax,,18908,7372.0,crosswalk
0001566610,TON STRATEGY CO,ton strategy,,21984,7370.0,crosswalk
0001566826,LOGICMARK INC,logicmark,,18490,3845.0,crosswalk
0001567514,INTRA-CELLULAR THERAPIES INC,intracellular therapies,ITCI,19412,2836.0,crosswalk
0001567683,CLEARWAY ENERGY INC,clearway energy,NYLD,18293,4911.0,crosswalk
0001567892,MALLINCKRODT PLC,mallinckrodt,MNK,18086,2834.0,crosswalk
0001567900,REALLOYS INC,realloys,,26630,1000.0,crosswalk
0001567925,SILA REALTY TRUST INC,sila realty trust,,35770,6798.0,crosswalk
0001568100,PAGERDUTY INC,pagerduty,,34955,7370.0,crosswalk
0001568385,BRIGHT MOUNTAIN MEDIA INC,bright mountain media,,19394,7310.0,crosswalk
0001569083,MAKINGORG INC,makingorg,,20094,5140.0,crosswalk
0001569187,AH REALTY TRUST INC,ah realty trust,AHH,17626,6798.0,crosswalk
0001569340,CELL SOURCE INC,cell source,,21027,2836.0,crosswalk
0001569994,WATERSTONE FINANCIAL INC,waterstone financial,WSBF,164365,6035.0,crosswalk
0001570562,EVOLUS INC,evolus,,32919,2834.0,crosswalk
0001570585,LIBERTY GLOBAL LTD,liberty global,LBTY,160549,4841.0,crosswalk
0001570827,VICTORY CPTL HLDGS INC,victory cptl hldgs,,21799,6282.0,crosswalk
0001570937,PREMIER AIR CHARTER HOLDINGS,premier air charter,,19709,9995.0,crosswalk
0001571123,SCIENCE APPLICATIONS INTL CP,science applications intl cp,SAIC,18683,7373.0,crosswalk
0001571283,REXFORD INDUS REALTY,rexford indus realty,REXR,18071,6798.0,crosswalk
0001571329,LOGAN RIDGE FINANCE CORP,logan ridge finance,CPTA,18779,6797.0,crosswalk
0001571776,CHERRY HILL MTG INVST,cherry hill mtg invst,CHMI,18073,6798.0,crosswalk
0001571934,TAO SYNERGIES INC,tao synergies,,37386,2836.0,crosswalk
0001571949,INTERCONTINENTAL EXCHANGE,intercontinental exchange,ICE,163610,6200.0,crosswalk
0001571996,DELL TECHNOLOGIES INC,dell technologies,,14489,3571.0,crosswalk
0001572334,VIRGINIA NATIONAL BANKSHARES,virginia national bankshares,VABK,115960,6020.0,crosswalk
0001572386,GREENWAY TECHNOLOGIES INC,greenway technologies,,180899,3533.0,crosswalk
0001572694,GOLDMAN SACHS BDC INC,goldman sachs bdc,,23353,6797.0,crosswalk
0001573221,REALREAL INC (THE),realreal inc the,,35288,7370.0,crosswalk
0001573516,MURPHY USA INC,murphy usa,MUSA,18498,5500.0,crosswalk
0001574085,BRAEMAR HOTELS & RESORTS INC,braemar hotels resorts,AHP,19084,6798.0,crosswalk
0001574197,FIVE POINT HOLDINGS LLC,five point,,31108,6552.0,crosswalk
0001574235,PULMATRIX INC,pulmatrix,,24506,2836.0,crosswalk
0001574540,PHYSICIANS REALTY TR,physicians realty tr,DOC,18145,6798.0,crosswalk
0001575295,ALLIED CORP,allied,,36096,2834.0,crosswalk
0001575434,VERICITY INC,vericity,,35305,6311.0,crosswalk
0001575515,SPROUTS FARMERS MARKET,sprouts farmers market,SFM,17934,5411.0,crosswalk
0001575793,ENERGOUS CORP,energous,,19977,3690.0,crosswalk
0001575828,EXPRO GROUP HOLDINGS N V,expro group holdings n v,FI,206243,1389.0,crosswalk
0001575858,PUREBASE CORP,purebase,,22727,1000.0,crosswalk
0001575965,GAMING & LEISURE PPTYS,gaming leisure pptys,GLPI,18792,6798.0,crosswalk
0001576018,SIRIUSPOINT LTD,siriuspoint,TPRE,18441,6331.0,crosswalk
0001576197,STRATEGIC ENVIRONMTL& ENERGY,strategic environmtl energy,SENR,264694,4950.0,crosswalk
0001576280,GUARDANT HEALTH INC,guardant health,,34102,8071.0,crosswalk
0001576427,CRITEO SA,criteo sa,,18750,7311.0,crosswalk
0001576873,AMERICAN BTTRY TECHNOLOGY CO,american bttry technology,,26366,1000.0,crosswalk
0001576940,CENTURY COMMUNITIES INC,century communities,,18004,1531.0,crosswalk
0001576942,STITCH FIX INC,stitch fix,,32688,5961.0,crosswalk
0001577445,ODYSIGHT.AI INC,odysightai,,38977,3845.0,crosswalk
0001577526,C3.AI INC,c3ai,,37517,7370.0,crosswalk
0001577670,LADDER CAPITAL CORP,ladder capital,,19440,6798.0,crosswalk
0001577916,PREMIER INC,premier,PINC,18624,8742.0,crosswalk
0001578348,INVESTCORP CRDT MNGMT BDC,investcorp crdt mngmt bdc,,19752,6797.0,crosswalk
0001578732,MARCUS & MILLICHAP INC,marcus millichap,MMI,19000,6531.0,crosswalk
0001579157,VINCE HOLDING CORP,vince,VNCE,19175,2300.0,crosswalk
0001579214,EMERALD HOLDING INC,emerald,,30998,7389.0,crosswalk
0001579241,ALLEGION PLC,allegion,ALLE,316056,3420.0,crosswalk
0001579298,BURLINGTON STORES INC,burlington stores,BURL,18675,5600.0,crosswalk
0001579428,AXSOME THERAPEUTICS INC,axsome therapeutics,,26349,2836.0,crosswalk
0001579684,USA TODAY CO INC,usa today,NEWM,19574,2711.0,crosswalk
0001579733,VITAL FARMS INC,vital farms,,36726,2015.0,crosswalk
0001579877,OUTFRONT MEDIA INC,outfront media,,19507,6798.0,crosswalk
0001580063,BIORA THERAPEUTICS INC,biora therapeutics,,36619,2836.0,crosswalk
0001580149,BIOVIE INC,biovie,,19549,2836.0,crosswalk
0001580345,TRIPLEPOINT VENTURE GWTH BDC,triplepoint venture gwth bdc,,19925,6797.0,crosswalk
0001580670,LGI HOMES INC,lgi homes,LGIH,18629,1531.0,crosswalk
0001580808,A10 NETWORKS INC,a10 networks,,19849,7372.0,crosswalk
0001580864,VROOM INC,vroom,,36512,6141.0,crosswalk
0001580905,INSTALLED BLDG PRODUCTS INC,installed bldg products,,19516,1700.0,crosswalk
0001581068,BRIXMOR PROPERTY GROUP INC,brixmor property,BRX,18383,6798.0,crosswalk
0001581091,RE/MAX HOLDINGS INC,remax,RMAX,18578,6531.0,crosswalk
0001581280,TWIST BIOSCIENCE CORP,twist bioscience,,34241,2836.0,crosswalk
0001581990,PLAINS GP HOLDINGS LP,plains gp holdings lp,PAGP,18468,5171.0,crosswalk
0001582249,ACTAVIA LIFE SCIENCES INC,actavia life sciences,,27835,2836.0,crosswalk
0001582313,XENON PHARMACEUTICALS INC,xenon pharmaceuticals,,21744,2836.0,crosswalk
0001582554,MATINAS BIOPHARMA HLDGS INC,matinas biopharma hldgs,,20756,2836.0,crosswalk
0001582982,CARECLOUD INC,carecloud,,20143,7370.0,crosswalk
0001583107,THERAVANCE BIOPHARMA INC,theravance biopharma,,20233,2834.0,crosswalk
0001583648,PALVELLA THERAPEUTICS INC,palvella therapeutics,,22590,2836.0,crosswalk
0001583771,HEPION PHARMACEUTICALS INC,hepion pharmaceuticals,,19761,2836.0,crosswalk
0001584207,ONEMAIN HOLDINGS INC,onemain,LEAF,3592,6141.0,crosswalk
0001584509,ARAMARK,aramark,ARMK,186858,5812.0,crosswalk
0001584549,VILLAGE FARMS INTL INC,village farms intl,,157875,100.0,crosswalk
0001584693,SAFESPACE GLOBAL CORP,safespace global,,21759,8742.0,crosswalk
0001584751,TALIS BIOMEDICAL CORP,talis biomedical,,37872,2835.0,crosswalk
0001584754,AKOUSTIS TECHNOLOGIES INC,akoustis technologies,,21042,3679.0,crosswalk
0001584831,OXBRIDGE RE HOLDINGS LTD,oxbridge re,,19712,6331.0,crosswalk
0001585364,PERRIGO CO PLC,perrigo,PRGO,24782,2834.0,crosswalk
0001585389,SMARTSTOP SELF STORAGE R INC,smartstop self storage r,,40692,6798.0,crosswalk
0001585521,ZOOM COMMUNICATIONS INC,zoom communications,,35005,7370.0,crosswalk
0001585608,JAGUAR HEALTH INC,jaguar health,,32316,2834.0,crosswalk
0001585689,HILTON WORLDWIDE HOLDINGS,hilton worldwide,HLT,5643,7011.0,crosswalk
0001586454,PRIME MERIDIAN HOLDING CO,prime meridian,,18974,6020.0,crosswalk
0001586554,TARGET GROUP INC,target,,26221,2834.0,crosswalk
0001587523,KNOWLES CORP,knowles,,19518,3670.0,crosswalk
0001587732,ONE GAS INC,one gas,OGS,19517,4924.0,crosswalk
0001587987,NEWTEKONE INC,newtekone,,8060,6020.0,crosswalk
0001588972,SOCIETAL CDMO INC,societal cdmo,,19025,2834.0,crosswalk
0001589061,GYRODYNE LLC,gyrodyne,,5395,6512.0,crosswalk
0001589149,GREENWAVE TECHNOLOGY SOL INC,greenwave technology sol,,23237,4950.0,crosswalk
0001589526,BLUE BIRD CORP,blue bird,HCACU,23167,3713.0,crosswalk
0001590364,FTAI AVIATION LTD,ftai aviation,,19484,7359.0,crosswalk
0001590418,FOCUS UNIVERSAL INC,focus universal,,21295,3829.0,crosswalk
0001590496,AERKOMM INC,aerkomm,,24732,4899.0,crosswalk
0001590560,UNIQURE NV,uniqure nv,,285085,2836.0,crosswalk
0001590584,CIVEO CORP,civeo,,20020,7011.0,crosswalk
0001590695,TWINLAB CONSOLIDATED HLDGS,twinlab consolidated hldgs,,21860,2834.0,crosswalk
0001590714,ELEMENT SOLUTIONS INC,element solutions,PAH,315318,2890.0,crosswalk
0001590715,AMERICAN RESOURCES CORP,american resources,,25589,1220.0,crosswalk
0001590717,CARETRUST REIT INC,caretrust reit,,19582,6798.0,crosswalk
0001590750,VIRIDIAN THERAPEUTICS INC,viridian therapeutics,,30311,2836.0,crosswalk
0001590877,REGENXBIO INC,regenxbio,,26146,2836.0,crosswalk
0001590895,CAESARS ENTERTAINMENT INC,caesars entertainment,,21808,7990.0,crosswalk
0001590955,PAYCOM SOFTWARE INC,paycom software,,20116,7370.0,crosswalk
0001590976,MALIBU BOATS INC,malibu boats,MBUU,19391,3730.0,crosswalk
0001591587,ASSETMARK FIN HOLDINGS INC,assetmark fin,,34330,7370.0,crosswalk
0001591588,GOLD.COM INC,goldcom,,19172,5051.0,crosswalk
0001591670,FARMLAND PARTNERS INC,farmland partners,,19526,6798.0,crosswalk
0001591698,PAYLOCITY HOLDING CORP,paylocity,,19730,7370.0,crosswalk
0001591890,FG NEXUS INC,fg nexus,,61285,3861.0,crosswalk
0001592000,ENLINK MIDSTREAM LLC,enlink midstream,,19935,4922.0,crosswalk
0001592057,ENVIVA INC,enviva,,23296,2400.0,crosswalk
0001592386,VIRTU FINANCIAL INC,virtu financial,,23432,6211.0,crosswalk
0001593034,ENDO INTERNATIONAL PLC,endo international,,63645,2834.0,crosswalk
0001593222,CITY OFFICE REIT INC,city office reit,,19851,6798.0,crosswalk
0001593538,NAVIENT CORP,navient,,10121,6111.0,crosswalk
0001593548,PLAYAGS INC,playags,,31386,3990.0,crosswalk
0001593773,AMJ GLOBAL TECHNOLOGY,amj global technology,,21876,7370.0,crosswalk
0001593899,ATEA PHARMACEUTICALS INC,atea pharmaceuticals,,37292,2834.0,crosswalk
0001594204,ZHEN DING RESOURCES INC,zhen ding resources,,13543,1000.0,crosswalk
0001595097,CORBUS PHARMACEUTICALS HLDGS,corbus pharmaceuticals hldgs,,22035,2836.0,crosswalk
0001595248,GENPREX INC,genprex,,32254,2836.0,crosswalk
0001595527,AMERICAN STRATEGIC INVEST CO,american strategic invest,,36037,6512.0,crosswalk
0001595974,MAGNITE INC,magnite,,19753,7310.0,crosswalk
0001596532,ARISTA NETWORKS INC,arista networks,,20748,3576.0,crosswalk
0001596783,CATALENT INC,catalent,,20228,2834.0,crosswalk
0001596961,RIDENOW GROUP INC,ridenow,,21035,5500.0,crosswalk
0001596967,MOELIS & CO,moelis,,19927,6282.0,crosswalk
0001596993,DORIAN LPG LTD,dorian lpg,,317264,4412.0,crosswalk
0001597033,SABRE CORP,sabre,,19649,7370.0,crosswalk
0001597264,BLUEPRINT MEDICINES CORP,blueprint medicines,,23407,2836.0,crosswalk
0001597553,SAGE THERAPEUTICS INC,sage therapeutics,,20943,2836.0,crosswalk
0001597672,RAYONIER ADVANCED MATERIALS,rayonier advanced materials,,20502,2820.0,crosswalk
0001597846,GREENPRO CAPITAL CORP,greenpro capital,,22879,8741.0,crosswalk
0001598428,METALLUS INC,metallus,,20011,3312.0,crosswalk
0001598646,MINERVA NEUROSCIENCES INC,minerva neurosciences,,20225,2836.0,crosswalk
0001598665,HERITAGE INSURANCE HOLDINGS,heritage insurance,,20422,6331.0,crosswalk
0001599117,MENTOR CAPITAL INC,mentor capital,,65052,6799.0,crosswalk
0001599298,SUMMIT THERAPEUTICS INC,summit therapeutics,,271357,2836.0,crosswalk
0001599407,1847 HOLDINGS LLC,1847,,22362,5712.0,crosswalk
0001599617,DNOW INC,dnow,,20235,5084.0,crosswalk
0001599901,AVIDITY BIOSCIENCE INC,avidity bioscience,,36473,2836.0,crosswalk
0001600033,E.L.F. BEAUTY INC,elf beauty,,27907,2844.0,crosswalk
0001600422,SUPERIOR DRILLING PRODUCTS,superior drilling products,,20147,3533.0,crosswalk
0001600438,GMS INC,gms,,22583,5030.0,crosswalk
0001600620,AURINIA PHARMACEUTICALS INC,aurinia pharmaceuticals,,117829,2836.0,crosswalk
0001600626,PEAKSTONE REALTY TRUST,peakstone realty trust,,32671,6798.0,crosswalk
0001601046,KEYSIGHT TECHNOLOGIES INC,keysight technologies,,20232,3825.0,crosswalk
0001601485,ELICIO THERAPEUTICS INC,elicio therapeutics,,20307,2836.0,crosswalk
0001601548,V2X INC,v2x,,20661,8744.0,crosswalk
0001601712,SYNCHRONY FINANCIAL,synchrony financial,,20686,6141.0,crosswalk
0001602409,FINGERMOTION INC,fingermotion,,32367,4812.0,crosswalk
0001602658,INVESTAR HOLDING CORP,investar,,20628,6020.0,crosswalk
0001603145,XPLR INFRASTRUCTURE LP,xplr infrastructure lp,,20655,4911.0,crosswalk
0001603291,EASTERN ENERGY GAS HLDG LLC,eastern energy gas hldg,,18965,4923.0,crosswalk
0001603454,CELCUITY INC,celcuity,,32356,2835.0,crosswalk
0001603756,AXONICS INC,axonics,,34342,3845.0,crosswalk
0001603793,NORRIS INDUSTRIES INC,norris industries,,27032,1311.0,crosswalk
0001603923,WEATHERFORD INTL PLC,weatherford intl,,4367,1381.0,crosswalk
0001603978,AQUABOUNTY TECHNOLOGIES INC,aquabounty technologies,,275862,2836.0,crosswalk
0001604028,ADVANCED DRAINAGE SYSTEMS,advanced drainage systems,,20126,3080.0,crosswalk
0001604191,GRIDAI TECHNOLOGIES CORP,gridai technologies,,27699,2836.0,crosswalk
0001604464,ATARA BIOTHERAPEUTICS INC,atara biotherapeutics,,21012,2836.0,crosswalk
0001604665,WESTLAKE CHEMICAL PRTNRS LP,westlake chemical prtnrs lp,,20473,2860.0,crosswalk
0001604738,ASHFORD INC,ashford,,22119,6282.0,crosswalk
0001604778,QORVO INC,qorvo,,64853,3674.0,crosswalk
0001604821,NATERA INC,natera,,24176,8071.0,crosswalk
0001604868,GROWGENERATION CORP,growgeneration,,28515,5200.0,crosswalk
0001604950,SCPHARMACEUTICALS INC,scpharmaceuticals,,32601,2836.0,crosswalk
0001605301,CB FINANCIAL SERVICES INC,cb financial services,,18695,6020.0,crosswalk
0001605481,NEVADA CANYON GOLD CORP,nevada canyon gold,,22967,1000.0,crosswalk
0001605607,PARAMOUNT GROUP INC,paramount,,21604,6798.0,crosswalk
0001606163,LIMBACH HOLDINGS INC,limbach,,20517,1700.0,crosswalk
0001606268,VIA RENEWABLES INC,via renewables,,20740,4931.0,crosswalk
0001606366,EL POLLO LOCO HOLDINGS INC,el pollo loco,,21124,5812.0,crosswalk
0001606498,AVANOS MEDICAL INC,avanos medical,,21352,3842.0,crosswalk
0001606745,LIBERTY TRIPADVISOR HOLDINGS,liberty tripadvisor,,20699,7370.0,crosswalk
0001606757,KIMBALL ELECTRONICS INC,kimball electronics,,20692,3674.0,crosswalk
0001606909,PANGAEA LOGISTICS SOLUTIONS,pangaea logistics solutions,,21904,4412.0,crosswalk
0001607678,VIKING THERAPEUTICS INC,viking therapeutics,,21032,2836.0,crosswalk
0001607962,LIFEWARD LTD,lifeward,,21103,3842.0,crosswalk
0001608092,KISSES FROM ITALY INC,kisses from italy,,35682,5812.0,crosswalk
0001609065,PATHFINDER BANCORP INC,pathfinder bancorp,,62123,6020.0,crosswalk
0001609253,CALIFORNIA RESOURCES CORP,california resources,,21431,1311.0,crosswalk
0001609550,INSPIRE MEDICAL SYSTEM,inspire medical system,,33435,3845.0,crosswalk
0001609711,GODADDY INC,godaddy,,23071,7370.0,crosswalk
0001609804,ORION SA,orion sa,,20420,2890.0,crosswalk
0001609809,SERES THERAPEUTICS INC,seres therapeutics,,24177,2836.0,crosswalk
0001610250,BOOT BARN HOLDINGS INC,boot barn,,21898,5661.0,crosswalk
0001610618,CIDARA THERAPEUTICS INC,cidara therapeutics,,23358,2836.0,crosswalk
0001610853,SOLANA CO,solana,,21000,3845.0,crosswalk
0001611547,URBAN EDGE PROPERTIES,urban edge properties,,22459,6798.0,crosswalk
0001611647,FRESHPET INC,freshpet,,21798,2040.0,crosswalk
0001611983,LIBERTY BROADBAND CORP,liberty broadband,,21227,4812.0,crosswalk
0001612630,JOINT CORP (THE),joint corp the,,22082,6794.0,crosswalk
0001612720,NEXTDECADE CORP,nextdecade,,32244,4923.0,crosswalk
0001613103,MEDTRONIC PLC,medtronic,,7228,3845.0,crosswalk
0001613780,DBV TECHNOLOGIES S A,dbv technologies s a,,312079,2836.0,crosswalk
0001614178,YEXT INC,yext,,30622,7370.0,crosswalk
0001614806,RITHM PROPERTY TRUST INC,rithm property trust,,22853,6798.0,crosswalk
0001615063,INSPIRED ENTERTAINMENT,inspired entertainment,,29666,7812.0,crosswalk
0001615165,VERITONE INC,veritone,,31091,7370.0,crosswalk
0001615219,DECOY THERAPEUTICS INC,decoy therapeutics,,35477,2836.0,crosswalk
0001616000,XENIA HOTELS & RESORTS INC,xenia hotels resorts,,22983,6798.0,crosswalk
0001616156,WEWARDS INC,wewards,,23022,7370.0,crosswalk
0001616262,ROCKY MOUNTAIN CHOC FACT INC,rocky mountain choc fact,,11976,2060.0,crosswalk
0001616318,VISTA OUTDOOR INC,vista outdoor,,22653,3480.0,crosswalk
0001616533,PENGUIN SOLUTIONS INC,penguin solutions,,31494,3674.0,crosswalk
0001616543,SENSEONICS HLDGS INC,senseonics hldgs,,26636,3845.0,crosswalk
0001616707,WAYFAIR INC,wayfair,,21540,5961.0,crosswalk
0001616788,LEGACY VENTURES INTL INC,legacy ventures intl,,23626,9995.0,crosswalk
0001616862,AXALTA COATING SYSTEMS LTD,axalta coating systems,,22134,2851.0,crosswalk
0001617242,KEARNY FINANCIAL CORP,kearny financial,,161853,6036.0,crosswalk
0001617406,PARK HOTELS & RESORTS,park hotels resorts,,27394,6798.0,crosswalk
0001617640,ZILLOW GROUP INC,zillow,,187039,7370.0,crosswalk
0001618563,NATIONAL STORAGE AFFILIATES,national storage affiliates,,23147,6798.0,crosswalk
0001618673,PERFORMANCE FOOD GROUP CO,performance food,,28787,5140.0,crosswalk
0001618732,NUTANIX INC,nutanix,,26746,7370.0,crosswalk
0001618755,RESTAURANT BRANDS INTL LP,restaurant brands intl lp,,22402,5812.0,crosswalk
0001618756,RESTAURANT BRANDS INTL INC,restaurant brands intl,,164471,5812.0,crosswalk
0001618835,EVOFEM BIOSCIENCES INC,evofem biosciences,,32961,2834.0,crosswalk
0001618921,WALGREENS BOOTS ALLIANCE INC,walgreens boots alliance,,11264,5912.0,crosswalk
0001619227,CLOUDWEB INC,cloudweb,,24730,9995.0,crosswalk
0001620179,EXELA TECHNOLOGIES INC,exela technologies,,32074,7374.0,crosswalk
0001620393,NEXPOINT RESIDENTIAL TR INC,nexpoint residential tr,,23086,6798.0,crosswalk
0001620459,JAMES RIVER GROUP HLDGS INC,james river group hldgs,,163924,6331.0,crosswalk
0001620463,LEONABIO INC,leonabio,,36915,2834.0,crosswalk
0001620533,SHAKE SHACK INC,shake shack,,22672,5812.0,crosswalk
0001621227,ADAPTIMMUNE THERAPEUTICS PLC,adaptimmune therapeutics,,23574,2836.0,crosswalk
0001621434,BLACK STONE MINERALS LP,black stone minerals lp,,23433,1311.0,crosswalk
0001621563,SUMMIT MATERIALS INC,summit materials,,22603,1400.0,crosswalk
0001621672,SUPER LEAGUE ENTERPRISE INC,super league enterprise,,34613,7370.0,crosswalk
0001621832,AQUA METALS INC,aqua metals,,24422,4953.0,crosswalk
0001621906,WESTERN URANM & VNDM CORP,western uranm vndm,,27028,1090.0,crosswalk
0001622057,NASCENT BIOTECH INC,nascent biotech,,183616,2836.0,crosswalk
0001622194,EASTERLY GOVERNMENT PPTYS,easterly government pptys,,22674,6798.0,crosswalk
0001622229,COGENT BIOSCIENCES INC,cogent biosciences,,36949,2836.0,crosswalk
0001622244,ONE WORLD PRODUCTS INC,one world products,,34874,2834.0,crosswalk
0001622345,POLAR POWER INC,polar power,,28091,3621.0,crosswalk
0001622879,MEDICINE MAN TECHNLOGIES INC,medicine man technlogies,,26751,8742.0,crosswalk
0001623526,STOKE THERAPEUTICS INC,stoke therapeutics,,35255,2836.0,crosswalk
0001623590,FINTECH SCION LTD,fintech scion,,33019,7370.0,crosswalk
0001623925,ANTERO MIDSTREAM CORP,antero midstream,,31109,4922.0,crosswalk
0001624322,BUSINESS FIRST BANCSHS INC,business first bancshs,,27235,6020.0,crosswalk
0001624326,PAVMED INC,pavmed,,23705,3841.0,crosswalk
0001624512,BOXLIGHT CORP,boxlight,,24421,3861.0,crosswalk
0001624794,CSW INDUSTRIALS INC,csw industrials,,24601,3559.0,crosswalk
0001625101,PULSE BIOSCIENCES INC,pulse biosciences,,27252,3845.0,crosswalk
0001625288,NEXIEN BIOPHARMA INC,nexien biopharma,,32603,2834.0,crosswalk
0001626115,PJT PARTNERS INC,pjt partners,,23247,6200.0,crosswalk
0001626199,ALPINE IMMUNE SCIENCES INC,alpine immune sciences,,32245,2836.0,crosswalk
0001626450,COMMERCE.COM INC,commercecom,,36754,7370.0,crosswalk
0001626644,ODYSSEY HEALTH INC,odyssey health,,29856,3845.0,crosswalk
0001626745,FORTUNE VALLEY TREASURES INC,fortune valley treasures,,34430,5180.0,crosswalk
0001626878,XBIOTECH INC,xbiotech,,23297,2836.0,crosswalk
0001626971,CORVUS PHARMACEUTICALS INC,corvus pharmaceuticals,,26895,2836.0,crosswalk
0001627223,CHEMOURS CO,chemours,,22741,2860.0,crosswalk
0001627469,PHOTOZOU HOLDINGS INC,photozou,,35718,5960.0,crosswalk
0001627475,UPWORK INC,upwork,,34101,7361.0,crosswalk
0001628063,SERITAGE GROWTH PROPERTIES,seritage growth properties,,24330,6512.0,crosswalk
0001628171,REVOLUTION MEDICINES INC,revolution medicines,,36083,2836.0,crosswalk
0001628369,CUSHMAN & WAKEFIELD,cushman wakefield,,33809,6531.0,crosswalk
0001628908,EVOLENT HEALTH INC,evolent health,,23818,7372.0,crosswalk
0001629019,MERCHANTS BANCORP,merchants bancorp,,32619,6020.0,crosswalk
0001629210,PARAMOUNT GOLD NEVADA CORP,paramount gold nevada,,126036,1040.0,crosswalk
0001629665,MULIANG VIAGOO TECHNOLGY INC,muliang viagoo technolgy,,27680,2870.0,crosswalk
0001630031,BRIXMOR OPERATING PRTNRS LP,brixmor operating prtnrs lp,,22405,6798.0,crosswalk
0001630113,BIOTRICITY INC,biotricity,,26891,3845.0,crosswalk
0001630176,HEALTHY EXTRACTS INC,healthy extracts,,26354,2833.0,crosswalk
0001630212,AVALON GLOBOCARE CORP,avalon globocare,,34382,6512.0,crosswalk
0001630472,TPG RE FINANCE TRT INC,tpg re finance trt,,31966,6798.0,crosswalk
0001630805,BABCOCK & WILCOX ENTERPRISES,babcock wilcox enterprises,,23865,3510.0,crosswalk
0001631282,DATASEA INC,datasea,,26415,7372.0,crosswalk
0001631569,COMMUNITY HEALTHCARE TRUST,community healthcare trust,,23556,6798.0,crosswalk
0001631574,WAVE LIFE SCIENCES LTD,wave life sciences,,26340,2836.0,crosswalk
0001631596,KKR REAL ESTATE FIN TR INC,kkr real estate fin tr,,31251,6798.0,crosswalk
0001632127,CABLE ONE INC,cable one,,23225,4841.0,crosswalk
0001632790,ENERGIZER HOLDINGS INC,energizer,,23083,3690.0,crosswalk
0001632970,AMERICAN HEALTHCARE REIT INC,american healthcare reit,,34970,6798.0,crosswalk
0001633336,CRESCENT CAPITAL BDC INC,crescent capital bdc,,36133,6797.0,crosswalk
0001633917,PAYPAL HOLDINGS INC,paypal,,24616,7389.0,crosswalk
0001633931,TOPBUILD CORP,topbuild,,23245,1700.0,crosswalk
0001633932,ESSA PHARMA INC,essa pharma,,22964,2836.0,crosswalk
0001633978,LUMENTUM HOLDINGS INC,lumentum,,23249,3661.0,crosswalk
0001634117,BARNES & NOBLE EDUCATION INC,barnes noble education,,23208,5940.0,crosswalk
0001634293,EXCEED WORLD INC,exceed world,,32171,8200.0,crosswalk
0001634447,ISUN INC,isun,,35367,1700.0,crosswalk
0001634997,AVANGRID INC,avangrid,,26658,4911.0,crosswalk
0001635282,RIMINI STREET INC,rimini street,,19802,7370.0,crosswalk
0001635984,NATIONAL WESTERN LIFE GROUP,national western life,,17073,6311.0,crosswalk
0001636222,WINGSTOP INC,wingstop,,23843,5812.0,crosswalk
0001636282,SPYRE THERAPEUTICS INC,spyre therapeutics,,24599,2836.0,crosswalk
0001636422,HEALTH CATALYST INC,health catalyst,,35391,7370.0,crosswalk
0001636519,MADISON SQUARE GARDEN SPORTS,madison square garden sports,,24481,7900.0,crosswalk
0001636651,OVID THRPUTCS INC,ovid thrputcs,,31112,2836.0,crosswalk
0001637207,PLANET FITNESS INC,planet fitness,,24861,7997.0,crosswalk
0001637459,KRAFT HEINZ CO,kraft heinz,,5568,2030.0,crosswalk
0001637866,DEEP GREEN WASTE & RECYCLING,deep green waste recycling,,36671,9995.0,crosswalk
0001638287,METAVIA INC,metavia,,36014,2836.0,crosswalk
0001638290,MASTERCRAFT BOAT HLDNGS IN,mastercraft boat hldngs in,,24911,3730.0,crosswalk
0001638833,SURGERY PARTNERS INC,surgery partners,,25898,8090.0,crosswalk
0001639068,HUBILU VENTURE CORP,hubilu venture,,27237,6513.0,crosswalk
0001639300,OLLIE'S BARGAIN OUTLET HLDGS,ollies bargain outlet hldgs,,24076,5331.0,crosswalk
0001639327,GUSHEN INC,gushen,,29071,8200.0,crosswalk
0001639691,LIVANOVA PLC,livanova,,27810,3845.0,crosswalk
0001639825,PELOTON INTERACTIVE INC,peloton interactive,,35627,7370.0,crosswalk
0001640147,SNOWFLAKE INC,snowflake,,339965,7370.0,crosswalk
0001640266,VOYAGER THERAPEUTICS INC,voyager therapeutics,,26341,2836.0,crosswalk
0001640384,LM FUNDING AMERICA INC,lm funding america,,24901,7370.0,crosswalk
0001640428,EVERQUOTE INC,everquote,,33694,7370.0,crosswalk
0001641281,BOLT BIOTHRPTCS INC,bolt biothrptcs,,37786,2836.0,crosswalk
0001641398,GD CULTURE GROUP LTD,gd culture,,33081,8742.0,crosswalk
0001641489,VTV THERAPEUTICS INC,vtv therapeutics,,24515,2836.0,crosswalk
0001641601,RIVER FINANCIAL CORP,river financial,,29749,6020.0,crosswalk
0001641614,CPI CARD GROUP INC,cpi card,,25539,3572.0,crosswalk
0001641631,BEYOND AIR INC,beyond air,,33467,3845.0,crosswalk
0001642122,ASSOCIATED CAPITAL GROUP INC,associated capital,,26413,6200.0,crosswalk
0001642375,GUARDION HEALTH SCIENCS INC,guardion health sciencs,,35018,2834.0,crosswalk
0001642380,INSIGHT MOLECLAR DIAGNOS INC,insight moleclar diagnos,,26669,2836.0,crosswalk
0001642453,DASEKE INC,daseke,,24552,4213.0,crosswalk
0001642545,SHOCKWAVE MEDICAL INC,shockwave medical,,34854,3845.0,crosswalk
0001643154,IANTHUS CAPITAL HOLDINGS INC,ianthus capital,,28056,2834.0,crosswalk
0001643301,AVENIR WELLNESS SOLUTION INC,avenir wellness solution,,27277,2834.0,crosswalk
0001643615,MONTROSE ENV GROUP INC,montrose env,,36718,8734.0,crosswalk
0001643721,LEAFBUYER TECHNOLOGIES INC,leafbuyer technologies,,29750,7370.0,crosswalk
0001643953,PURPLE INNOVATION INC,purple innovation,,33068,2510.0,crosswalk
0001643988,LOOP MEDIA INC,loop media,,39874,7830.0,crosswalk
0001644378,RMR GROUP INC,rmr,,26545,8741.0,crosswalk
0001644903,CBDMD INC,cbdmd,,34621,2834.0,crosswalk
0001644963,AVENUE THERAPEUTICS INC,avenue therapeutics,,31848,2834.0,crosswalk
0001645113,NOVOCURE LIMITED,novocure limited,,26123,3845.0,crosswalk
0001645155,WEBSTAR TECHNOLOGY GROUP INC,webstar technology,,38758,7372.0,crosswalk
0001645460,CUE BIOPHARMA,cue biopharma,,32674,2836.0,crosswalk
0001645469,MONOPAR THERAPEUTICS INC,monopar therapeutics,,35664,2836.0,crosswalk
0001645590,HEWLETT PACKARD ENTERPRISE,hewlett packard enterprise,,26156,3571.0,crosswalk
0001645666,KEZAR LIFE SCIENCES,kezar life sciences,,33631,2836.0,crosswalk
0001645873,MODIV INDUSTRIAL INC,modiv industrial,,39663,6798.0,crosswalk
0001646188,ONDAS INC,ondas,,33073,3720.0,crosswalk
0001646972,ALBERTSONS COS INC,albertsons cos,,25645,5411.0,crosswalk
0001647088,WILLSCOT HOLDINGS CORP,willscot,,32771,6512.0,crosswalk
0001647639,UPSTART HOLDINGS INC,upstart,,37357,6141.0,crosswalk
0001647822,JINGBO TECHNOLOGY INC,jingbo technology,,28401,7372.0,crosswalk
0001648087,AMERICAN REBEL HOLDINGS INC,american rebel,,40723,2540.0,crosswalk
0001649094,VAXCYTE INC,vaxcyte,,36600,2836.0,crosswalk
0001649096,CLIPPER REALTY INC,clipper realty,,26475,6798.0,crosswalk
0001649744,DULUTH HOLDINGS INC,duluth,,26335,5961.0,crosswalk
0001649749,FB FINANCIAL CORP,fb financial,,27871,6020.0,crosswalk
0001649904,RHYTHM PHARMACEUTICLS,rhythm pharmaceuticls,,21601,2836.0,crosswalk
0001649989,OUTLOOK THERAPEUTICS INC,outlook therapeutics,,26817,2836.0,crosswalk
0001650101,ADDENTAX GROUP CORP,addentax,,28093,4210.0,crosswalk
0001650132,FOUR CORNERS PROPERTY TR INC,four corners property tr,,26410,6798.0,crosswalk
0001650648,4D MOLECULAR THER INC,4d molecular ther,,35729,2836.0,crosswalk
0001650664,EDITAS MEDICINE INC,editas medicine,,26874,2836.0,crosswalk
0001650696,LAIRD SUPERFOOD INC,laird superfood,,36989,2000.0,crosswalk
0001650729,SITEONE LANDSCAPE SUPPLY INC,siteone landscape supply,,25893,5080.0,crosswalk
0001651308,BEONE MEDICINES LTD,beone medicines,,26376,2836.0,crosswalk
0001651311,MERUS NV,merus nv,,26385,2836.0,crosswalk
0001651407,CHECKPOINT THERAPEUTICS INC,checkpoint therapeutics,,29013,2836.0,crosswalk
0001651932,XENOUS HOLDINGS INC,xenous,,28658,9995.0,crosswalk
0001651944,DERMTECH INC,dermtech,,20621,2835.0,crosswalk
0001651958,EOS INC,eos,,28074,5122.0,crosswalk
0001652044,ALPHABET INC,alphabet,,160329,7370.0,crosswalk
0001652130,INTELLIA THERAPEUTICS INC,intellia therapeutics,,27155,2836.0,crosswalk
0001652535,ICHOR HOLDINGS LTD,ichor,,29191,3559.0,crosswalk
0001652539,SUSGLOBAL ENERGY CORP,susglobal energy,,34391,4950.0,crosswalk
0001652561,DSWISS INC,dswiss,,30092,2844.0,crosswalk
0001652958,EDGEMODE INC,edgemode,,34902,7370.0,crosswalk
0001653087,ALECTOR INC,alector,,34616,2836.0,crosswalk
0001653384,RUNWAY GROWTH FINANCE CORP,runway growth finance,,40353,6797.0,crosswalk
0001653477,INGEVITY CORP,ingevity,,27119,2860.0,crosswalk
0001653558,PRIORITY TECHNLGY HLDNGS INC,priority technlgy hldngs,,29275,7374.0,crosswalk
0001653653,RED ROCK RESORTS INC,red rock resorts,,26361,7990.0,crosswalk
0001654151,DECIPHERA PHRMCTAL INC,deciphera phrmctal,,32383,2836.0,crosswalk
0001654595,MEDALIST DIVERSIFIED INC,medalist diversified,,34420,6798.0,crosswalk
0001655050,BAIN CAP SPECIALTY FIN INC,bain cap specialty fin,,34415,6797.0,crosswalk
0001655210,BEYOND MEAT INC,beyond meat,,34447,2030.0,crosswalk
0001655759,ARVINAS INC,arvinas,,34077,2836.0,crosswalk
0001655888,BLUE OWL CAPITAL CORP,blue owl capital,,33337,6797.0,crosswalk
0001656472,CRONOS GROUP INC,cronos,,22460,2834.0,crosswalk
0001656634,GRITSTONE BIO INC,gritstone bio,,34082,2836.0,crosswalk
0001657045,NEXT-CHEMX CORP,nextchemx,,27689,3550.0,crosswalk
0001657214,INTERNATIONAL LAND ALLIANCE,international land alliance,,34878,6552.0,crosswalk
0001657312,VERONA PHARMA PLC,verona pharma,,284453,2834.0,crosswalk
0001657642,SKYLINE BANKSHARES INC,skyline bankshares,,112159,6020.0,crosswalk
0001657788,KIMBELL ROYALTY PARTNERS LP,kimbell royalty partners lp,,29760,1311.0,crosswalk
0001657853,HERTZ GLOBAL HOLDINGS INC,hertz global,,5600,7510.0,crosswalk
0001658247,CRINETICS PHARMCTCL INC,crinetics pharmctcl,,33723,2834.0,crosswalk
0001658566,PERMIAN RESOURCES CORP,permian resources,,26864,1311.0,crosswalk
0001659166,FORTIVE CORP,fortive,,26590,3829.0,crosswalk
0001659323,ITERUM THERAPEUTICS,iterum therapeutics,,33466,2836.0,crosswalk
0001659617,MOLECULIN BIOTECH INC,moleculin biotech,,26873,2836.0,crosswalk
0001660134,OKTA INC,okta,,30736,7370.0,crosswalk
0001660280,TENABLE HOLDINGS INC,tenable,,33759,7370.0,crosswalk
0001660334,VERRICA PHARMACEUTICAL,verrica pharmaceutical,,33597,2834.0,crosswalk
0001660734,TRITON INTERNATIONAL LTD,triton international,,263277,7359.0,crosswalk
0001661039,TPT GLOBAL TECH INC,tpt global tech,,147891,4812.0,crosswalk
0001661053,ENVVENO MEDICAL CORPORATION,envveno medical,,32396,3841.0,crosswalk
0001661059,NEXTCURE INC,nextcure,,35090,2836.0,crosswalk
0001661181,ORGANOGENESIS HOLDINGS INC,organogenesis,,34562,2836.0,crosswalk
0001661458,HIGHLANDS REIT INC,highlands reit,,27335,6798.0,crosswalk
0001661460,POSEIDA THERAPEUTICS,poseida therapeutics,,34609,2836.0,crosswalk
0001661998,Q32 BIO INC,q32 bio,,33240,2836.0,crosswalk
0001662574,GROM SOCIAL ENTERPRISES INC,grom social enterprises,,32407,7812.0,crosswalk
0001662579,C4 THERAPEUTICS INC,c4 therapeutics,,37081,2836.0,crosswalk
0001662684,KULR TECHNOLOGY GROUP,kulr technology,,33557,3670.0,crosswalk
0001662774,QUINCE THERAPEUTICS INC,quince therapeutics,,35102,2836.0,crosswalk
0001664703,BLOOM ENERGY CORP,bloom energy,,33668,3621.0,crosswalk
0001664710,KEROS THERAPEUTICS INC,keros therapeutics,,36328,2834.0,crosswalk
0001665300,PHUNWARE INC,phunware,,34584,7370.0,crosswalk
0001665918,US FOODS HOLDING CORP,us foods,,18312,5140.0,crosswalk
0001665988,BIOVENTUS INC,bioventus,,27644,3845.0,crosswalk
0001666071,CARDLYTICS INC,cardlytics,,32935,7311.0,crosswalk
0001666134,BLACKLINE INC,blackline,,28420,7370.0,crosswalk
0001666138,ATKORE INC,atkore,,27014,3640.0,crosswalk
0001666700,DUPONT DE NEMOURS INC,dupont de nemours,,4060,2820.0,crosswalk
0001667313,ZEDGE INC,zedge,,27318,7372.0,crosswalk
0001668243,UROGEN PHARMA LTD,urogen pharma,,31061,2836.0,crosswalk
0001668370,TOUGHBUILT INDUSTRIES INC,toughbuilt industries,,33781,3420.0,crosswalk
0001668397,MEDPACE HOLDINGS INC,medpace,,19998,8731.0,crosswalk
0001668673,PETIQ INC,petiq,,32219,2834.0,crosswalk
0001669162,KINSALE CAPITAL GROUP INC,kinsale capital,,27652,6331.0,crosswalk
0001669779,CAMPING WORLD HOLDINGS INC,camping world,,19071,5500.0,crosswalk
0001669811,DONNELLEY FINANCIAL SOLTNS,donnelley financial soltns,,27803,7370.0,crosswalk
0001670541,ADIENT PLC,adient,,27333,2531.0,crosswalk
0001670592,YETI HOLDINGS INC,yeti,,27653,3949.0,crosswalk
0001671584,APTEVO THERAPEUTICS INC,aptevo therapeutics,,27338,2836.0,crosswalk
0001671858,ARS PHARMACEUTICALS INC,ars pharmaceuticals,,37495,2836.0,crosswalk
0001671933,TRADE DESK INC,trade desk,,27885,7370.0,crosswalk
0001672013,ACUSHNET HOLDINGS CORP,acushnet,,27575,3949.0,crosswalk
0001672571,ANTIAGING QUANTUM LIVING INC,antiaging quantum living,,37341,7310.0,crosswalk
0001672619,ENLIVEN THERAPEUTICS INC,enliven therapeutics,,36204,2834.0,crosswalk
0001672909,CANTERBURY PARK HOLDING CORP,canterbury park,,31099,7990.0,crosswalk
0001673358,YUM CHINA HOLDINGS INC,yum china,,28499,5812.0,crosswalk
0001673475,KOLDECK INC-REDH,koldeck incredh,,28366,7389.0,crosswalk
0001673481,SPORTS ENTERTMT GMG GBL CORP,sports entertmt gmg gbl,,40015,7990.0,crosswalk
0001673772,RAPT THERAPEUTICS INC,rapt therapeutics,,35429,2836.0,crosswalk
0001673985,ADVANSIX INC,advansix,,28070,2820.0,crosswalk
0001674101,VERTIV HOLDINGS CO,vertiv,,36175,3679.0,crosswalk
0001674168,HILTON GRAND VACATIONS,hilton grand vacations,,27393,6532.0,crosswalk
0001674227,SCWORX CORP,scworx,,34766,7370.0,crosswalk
0001674335,JELD-WEN HOLDING INC,jeldwen,,27386,2430.0,crosswalk
0001674416,CRISPR THERAPEUTICS AG,crispr therapeutics ag,,28113,2836.0,crosswalk
0001674862,ASHLAND INC,ashland,,1794,2820.0,crosswalk
0001674910,VALVOLINE INC,valvoline,,27373,5500.0,crosswalk
0001674930,FULGENT GENETICS INC,fulgent genetics,,28012,8071.0,crosswalk
0001675033,GREAT ELM CAPITAL CORP,great elm capital,,29016,6797.0,crosswalk
0001675149,ALCOA CORP,alcoa,,27638,3334.0,crosswalk
0001675644,FVCBANKCORP INC,fvcbankcorp,,18264,6020.0,crosswalk
0001676047,NUTRIBAND INC,nutriband,,31942,2834.0,crosswalk
0001676479,CAPSTAR FINANCIAL HLDGS INC,capstar financial hldgs,,27945,6020.0,crosswalk
0001676725,IDEAYA BIOSCIENCES INC,ideaya biosciences,,35136,2836.0,crosswalk
0001677077,ALZAMEND NEURO INC,alzamend neuro,,38791,2836.0,crosswalk
0001677576,INNOVATIVE INDUSTRIAL PPTYS,innovative industrial pptys,,28670,6798.0,crosswalk
0001677703,CONDUENT INC,conduent,,28719,7374.0,crosswalk
0001678105,CARO HOLDINGS INC,caro,,35356,5960.0,crosswalk
0001678660,PRELUDE THERAPEUTICS INC,prelude therapeutics,,37063,2836.0,crosswalk
0001679049,INTERNATIONAL SEAWAYS INC,international seaways,,27706,4412.0,crosswalk
0001679063,CHICKEN SOUP FOR SOUL ENTNT,chicken soup for soul entnt,,32322,7812.0,crosswalk
0001679268,MAMMOTH ENERGY SERVICES INC,mammoth energy services,,21834,1389.0,crosswalk
0001679273,LAMB WESTON HOLDINGS INC,lamb weston,,28790,2030.0,crosswalk
0001679363,MORPHIC HOLDING INC,morphic,,35280,2836.0,crosswalk
0001679688,DIGITALBRIDGE GROUP INC,digitalbridge,,183603,6282.0,crosswalk
0001679817,OZOP ENERGY SOLUTIONS INC,ozop energy solutions,,36947,3620.0,crosswalk
0001680048,MUSTANG BIO INC,mustang bio,,32347,2836.0,crosswalk
0001680062,ACM RESEARCH INC,acm research,,32638,3559.0,crosswalk
0001680139,HEALTHLYNKED CORP,healthlynked,,30587,7370.0,crosswalk
0001680247,PROPETRO HOLDING CORP,propetro,,30145,1389.0,crosswalk
0001680367,SHATTUCK LABS INC,shattuck labs,,37110,2836.0,crosswalk
0001680378,SENESTECH INC,senestech,,28365,2870.0,crosswalk
0001680379,STERLING BANCORP INC,sterling bancorp,,32698,6035.0,crosswalk
0001680581,FULCRUM THERAPEUTICS INC,fulcrum therapeutics,,35376,2836.0,crosswalk
0001681087,TECTONIC THERAPEUTIC INC,tectonic therapeutic,,33657,2836.0,crosswalk
0001681206,NI HOLDINGS INC,ni,,29576,6331.0,crosswalk
0001681459,TECHNIPFMC PLC,technipfmc,,30923,1389.0,crosswalk
0001681622,VAREX IMAGING CORP,varex imaging,,29004,3844.0,crosswalk
0001681682,ENDRA LIFE SCIENCES INC,endra life sciences,,29418,3845.0,crosswalk
0001681903,ICC HOLDINGS INC,icc,,29598,6331.0,crosswalk
0001682149,DATAVAULT AI INC,datavault ai,,33725,3674.0,crosswalk
0001682220,SACHEM CAPITAL CORP,sachem capital,,30223,6798.0,crosswalk
0001682639,HYPERION DEFI INC,hyperion defi,,32861,2836.0,crosswalk
0001682745,VERRA MOBILITY CORP,verra mobility,,34300,7374.0,crosswalk
0001682852,MODERNA INC,moderna,,34410,2836.0,crosswalk
0001683252,TOKEN COMMUNITIES LTD,token communities,,35039,3714.0,crosswalk
0001683553,SPRUCE BIOSCIENCES INC,spruce biosciences,,37105,2836.0,crosswalk
0001683606,CARS.COM INC,carscom,,29155,7370.0,crosswalk
0001683695,INTERNATIONAL MONEY EXPR INC,international money expr,,33911,6099.0,crosswalk
0001684144,ZOMEDICA CORP,zomedica,,27247,3845.0,crosswalk
0001685040,BRIGHTHOUSE FINANL INC,brighthouse finanl,,31774,6311.0,crosswalk
0001685766,MOVEIX INC,moveix,,33899,9995.0,crosswalk
0001686850,MOTUS GI HOLDINGS INC,motus gi,,31348,3845.0,crosswalk
0001687187,RAMACO RESOURCES INC,ramaco resources,,29670,1220.0,crosswalk
0001687221,REV GROUP INC,rev,,185952,3713.0,crosswalk
0001687229,INVITATION HOMES INC,invitation homes,,30004,6798.0,crosswalk
0001687926,ZEUUS INC,zeuus,,35475,7370.0,crosswalk
0001687932,J JILL INC,j jill,,30435,5621.0,crosswalk
0001688126,CRYPTO CO,crypto,,31244,7370.0,crosswalk
0001688568,DXC TECHNOLOGY CO,dxc technology,,3336,7370.0,crosswalk
0001688757,ESTABLISHMNT LBS HLDNG,establishmnt lbs hldng,,33779,3842.0,crosswalk
0001689084,QRONS INC,qrons,,32126,2836.0,crosswalk
0001689548,PRAXIS PRECIS MEDI INC,praxis precis medi,,37187,2836.0,crosswalk
0001689796,JBG SMITH PPTYS,jbg smith pptys,,32154,6798.0,crosswalk
0001689923,ALTERYX INC,alteryx,,30655,7370.0,crosswalk
0001690012,INPOINT COMMERC REAL EST INC,inpoint commerc real est,,39662,6798.0,crosswalk
0001690080,FORUM MARKETS INC,forum markets,,37350,2834.0,crosswalk
0001690334,SEACOR MARINE HLDGS INC,seacor marine hldgs,,31384,4412.0,crosswalk
0001690585,DIANTHUS THERAPEUTICS INC,dianthus therapeutics,,33500,2836.0,crosswalk
0001690680,NEWMARK GROUP INC,newmark,,32748,6531.0,crosswalk
0001690820,CARVANA CO,carvana,,30999,5500.0,crosswalk
0001691303,WARRIOR MET COAL INC,warrior met coal,,30397,1220.0,crosswalk
0001691421,LEMONADE INC,lemonade,,36692,6331.0,crosswalk
0001691936,STRYVE FOODS INC,stryve foods,,39301,2013.0,crosswalk
0001692063,SCHNEIDER NATIONAL INC,schneider national,,264193,4210.0,crosswalk
0001692115,SOUTHWEST GAS HOLDINGS INC,southwest gas,,9890,4923.0,crosswalk
0001692376,VELOCITY FINANCIAL INC,velocity financial,,35781,6162.0,crosswalk
0001692412,PLAYA HOTELS & RESORTS N V,playa hotels resorts n v,,28370,7011.0,crosswalk
0001692415,CO-DIAGNOSTIC INC,codiagnostic,,31542,2835.0,crosswalk
0001692427,NCS MULTISTAGE HLDG INC,ncs multistage hldg,,31005,3533.0,crosswalk
0001692787,KINETIK HOLDINGS INC,kinetik,,34414,4922.0,crosswalk
0001692819,VISTRA CORP,vistra,,157373,4911.0,crosswalk
0001693011,INOZYME PHARMA INC,inozyme pharma,,36769,2836.0,crosswalk
0001693256,SELECT WATER SOLUTIONS INC,select water solutions,,29680,1389.0,crosswalk
0001693577,MAINSTREET BANCSHARES INC,mainstreet bancshares,,164724,6020.0,crosswalk
0001693687,GREENLIT VENTURES INC,greenlit ventures,,40298,8742.0,crosswalk
0001694028,LIBERTY ENERGY INC,liberty energy,,30284,1389.0,crosswalk
0001694426,DELEK US HOLDINGS INC,delek us,,166563,2911.0,crosswalk
0001694617,ROYALE ENERGY INC,royale energy,,28791,1311.0,crosswalk
0001695295,HYDROFARM HLDNG GP INC,hydrofarm hldng gp,,345920,3524.0,crosswalk
0001696558,JERASH HOLDINGS (US),jerash holdings us,,33476,2300.0,crosswalk
0001697500,SOLARIS ENRGY INFRASTRUCTURE,solaris enrgy infrastructure,,30547,7359.0,crosswalk
0001697532,APPLIED THERAPEUTICS INC,applied therapeutics,,35091,2836.0,crosswalk
0001697851,REKOR SYSTEMS INC,rekor systems,,30280,7370.0,crosswalk
0001698022,FARMERS & MERCHANTS BANCSHRS,farmers merchants bancshrs,,121975,6020.0,crosswalk
0001698530,EXICURE INC,exicure,,33499,2836.0,crosswalk
0001698538,STRATEGIC STDNT & SR HSNG TR,strategic stdnt sr hsng tr,,36038,6798.0,crosswalk
0001698990,MAGNOLIA OIL & GAS CORP,magnolia oil gas,,31252,1311.0,crosswalk
0001698991,ACCEL ENTERTAINMENT INC,accel entertainment,,36550,7990.0,crosswalk
0001699039,RANGER ENERGY SERVICES,ranger energy services,,31845,1389.0,crosswalk
0001699136,CACTUS INC,cactus,,32938,3533.0,crosswalk
0001699150,INGERSOLL RAND INC,ingersoll rand,,30098,3560.0,crosswalk
0001699382,PMV PHARMACEUTICALS INC,pmv pharmaceuticals,,37036,2836.0,crosswalk
0001700844,EVOAIR HOLDINGS INC,evoair,,36576,3585.0,crosswalk
0001700849,VADO CORP,vado,,34914,7310.0,crosswalk
0001701051,WIDEOPENWEST INC,wideopenwest,,31466,4813.0,crosswalk
0001701108,SPERO THERAPEUTICS INC,spero therapeutics,,32525,2836.0,crosswalk
0001701541,BLACK DIAMOND THERAPEUTICS,black diamond therapeutics,,36052,2836.0,crosswalk
0001701605,BAKER HUGHES CO,baker hughes,,32106,1389.0,crosswalk
0001701732,ALTAIR ENGINEERING INC,altair engineering,,32530,7372.0,crosswalk
0001701756,SADOT GROUP INC,sadot,,35967,100.0,crosswalk
0001701758,LOVESAC CO (THE),lovesac co the,,33425,2510.0,crosswalk
0001702744,SIMPLY GOOD FOODS COMPANY,simply good foods,,27576,2060.0,crosswalk
0001702750,BYLINE BANCORP INC,byline bancorp,,31585,6020.0,crosswalk
0001702780,OPTIMUM COMMUNICATIONS INC,optimum communications,,12485,4841.0,crosswalk
0001702924,WRAP TECHNOLOGIES,wrap technologies,,33550,3690.0,crosswalk
0001703056,ADT INC,adt,,32930,7380.0,crosswalk
0001703057,ABCELLERA BIOLOGICS INC,abcellera biologics,,37527,2836.0,crosswalk
0001703073,VIVIC CORP,vivic,,33762,8742.0,crosswalk
0001703157,SECURETECH INNOVATIONS INC,securetech innovations,,36449,3714.0,crosswalk
0001703644,GRANITE POINT MORTGE TRS INC,granite point mortge trs,,31994,6798.0,crosswalk
0001703647,KORRO BIO INC,korro bio,,35647,2836.0,crosswalk
0001703956,CONCRETE PUMPING HOLDINGS,concrete pumping,,32098,1700.0,crosswalk
0001704292,ZAI LAB LTD,zai lab,,32334,2836.0,crosswalk
0001704711,FUNKO INC,funko,,32528,3942.0,crosswalk
0001704715,ALPHA METALLURGICAL RESOURCE,alpha metallurgical resource,,27841,1220.0,crosswalk
0001704720,CANNAE HOLDINGS INC,cannae,,20960,5812.0,crosswalk
0001704795,BANTEC INC,bantec,,32906,3760.0,crosswalk
0001705012,FAT BRANDS INC,fat brands,,32592,5812.0,crosswalk
0001705110,ANGI INC,angi,,32502,7370.0,crosswalk
0001705696,VICI PROPERTIES INC,vici properties,,32580,6798.0,crosswalk
0001705843,CIBUS INC,cibus,,32193,2836.0,crosswalk
0001705873,BERRY CORP,berry,,13431,1311.0,crosswalk
0001706431,VIR BIOTECHNOLOGY INC,vir biotechnology,,35638,2836.0,crosswalk
0001706509,GRAND GALLERY INC,grand gallery,,33183,5961.0,crosswalk
0001706524,URBAN-GRO INC,urbangro,,35541,3523.0,crosswalk
0001706946,VIRGIN GALACTIC HOLDINGS INC,virgin galactic,,35808,4700.0,crosswalk
0001707502,SOLID BIOSCIENCES INC,solid biosciences,,32894,2836.0,crosswalk
0001707753,ELASTIC NV,elastic nv,,34243,7372.0,crosswalk
0001707925,LINDE PLC,linde,,25124,2810.0,crosswalk
0001708035,ECOVYST INC,ecovyst,,32285,2810.0,crosswalk
0001708055,RIBBON COMMUNICATIONS INC,ribbon communications,,135965,7373.0,crosswalk
0001708176,HALL OF FAME RESORT & ENT CO,hall of fame resort ent,,36701,7900.0,crosswalk
0001708331,VIRPAX PHARMACEUTICALS INC,virpax pharmaceuticals,,37549,2834.0,crosswalk
0001708341,ALLIED GAMING & ENTERTAI INC,allied gaming entertai,,35552,7900.0,crosswalk
0001708527,ELUTIA INC,elutia,,36985,2836.0,crosswalk
0001708599,SERINA THERAPEUTICS INC,serina therapeutics,,34469,2836.0,crosswalk
0001709164,HAMILTON BEACH BND HDNG,hamilton beach bnd hdng,,32352,3630.0,crosswalk
0001709682,CUSTOM TRUCK ONE SOURCE INC,custom truck one source,,35490,7359.0,crosswalk
0001710155,NATIONAL VISION HOLDINGS INC,national vision,,32574,5990.0,crosswalk
0001710340,ETON PHARMACEUTICALS,eton pharmaceuticals,,33997,2834.0,crosswalk
0001710366,CORE NATURAL RESOURCES INC,core natural resources,,32372,1220.0,crosswalk
0001711012,SENMIAO TECHNOLOGY LTD,senmiao technology,,32647,6159.0,crosswalk
0001711269,EVERGY INC,evergy,,6338,4931.0,crosswalk
0001711279,KRYSTAL BIOTECH INC,krystal biotech,,32348,2836.0,crosswalk
0001711754,INMUNE BIO INC,inmune bio,,34078,2836.0,crosswalk
0001711786,HOTH THERAPEUTICS INC,hoth therapeutics,,34566,2836.0,crosswalk
0001712184,LIBERTY LATIN AMERICA LTD,liberty latin america,,24724,4813.0,crosswalk
0001712189,TARGET HOSPITALITY CORP,target hospitality,,34941,6510.0,crosswalk
0001712463,RANPAK HOLDINGS CORP,ranpak,,32558,2670.0,crosswalk
0001713210,AGAPE ATP CORP,agape atp,,34144,5122.0,crosswalk
0001713683,ZSCALER INC,zscaler,,33037,7370.0,crosswalk
0001713863,RAFAEL HOLDINGS INC,rafael,,33184,2836.0,crosswalk
0001714899,DENALI THERAPEUTCS INC,denali therapeutcs,,32775,2836.0,crosswalk
0001715819,ELECTROMEDICAL TECHLOGIES IN,electromedical techlogies in,,35360,3845.0,crosswalk
0001716166,VIVOS THERAPEUTICS INC,vivos therapeutics,,37290,3841.0,crosswalk
0001716583,HYZON MOTORS INC,hyzon motors,,39273,3713.0,crosswalk
0001716621,CATHETER PRECISION INC,catheter precision,,33824,3845.0,crosswalk
0001716947,ENSYSCE BIOSCIENCES INC,ensysce biosciences,,39160,2836.0,crosswalk
0001717307,INDSTRL LGST PRPT TRST,indstrl lgst prpt trst,,32751,6798.0,crosswalk
0001717547,BRIGHTSPIRE CAPITAL INC,brightspire capital,,33066,6798.0,crosswalk
0001718224,BT BRANDS INC,bt brands,,36481,5812.0,crosswalk
0001718227,CONSTRUCTION PRTNR INC,construction prtnr,,33424,1600.0,crosswalk
0001718405,HYCROFT MINING HOLDING CORP,hycroft mining,,177405,1040.0,crosswalk
0001718500,AXIL BRANDS INC,axil brands,,33812,3651.0,crosswalk
0001718512,GATES INDUSTRIAL CORP PLC,gates industrial corp,,32886,3560.0,crosswalk
0001719406,NRX PHARMACEUTICALS INC,nrx pharmaceuticals,,38874,2834.0,crosswalk
0001720025,ALLEGRO MERGER CORP,allegro merger,,33758,9995.0,crosswalk
0001720116,RED VIOLET INC,red violet,,33233,7370.0,crosswalk
0001720580,ADICET BIO INC,adicet bio,,36987,2836.0,crosswalk
0001720592,REPAY HOLDINGS CORP,repay,,33693,7389.0,crosswalk
0001720635,NVENT ELECTRIC PLC,nvent electric,,326688,3440.0,crosswalk
0001720893,BIOXCEL THERAPEUTICS INC,bioxcel therapeutics,,32941,2836.0,crosswalk
0001720990,FISKER INC,fisker,,37318,3711.0,crosswalk
0001721386,LANDSEA HOMES CORP,landsea homes,,37713,1520.0,crosswalk
0001721484,LONGEVERON INC,longeveron,,37807,2836.0,crosswalk
0001721741,LAZYDAYS HOLDINGS INC,lazydays,,26218,5500.0,crosswalk
0001721947,JAMF HOLDING CORP,jamf,,36717,7370.0,crosswalk
0001722010,OP BANCORP,op bancorp,,164395,6020.0,crosswalk
0001722438,DOMA HOLDINGS INC,doma,,39357,6361.0,crosswalk
0001722482,AVANTOR INC,avantor,,35065,3826.0,crosswalk
0001722684,WYNDHAM HOTELS & RESRTS,wyndham hotels resrts,,33243,7011.0,crosswalk
0001722731,FDCTECH INC,fdctech,,35797,7372.0,crosswalk
0001722964,Y MABS THERAPEUTICS INC,y mabs therapeutics,,34135,2836.0,crosswalk
0001723059,BIO ESSENCE CORP,bio essence,,41092,2836.0,crosswalk
0001723089,CHAMPIONX CORP,championx,,33326,3533.0,crosswalk
0001723128,AMNEAL PHARMACEUTICALS INC,amneal pharmaceuticals,,18888,2834.0,crosswalk
0001723580,BURGERFI INTERNATIONAL INC,burgerfi international,,33138,5812.0,crosswalk
0001723596,COLUMBIA FINANCIAL INC,columbia financial,,33056,6035.0,crosswalk
0001724009,PERMROCK ROYALTY TRUST,permrock royalty trust,,33428,1311.0,crosswalk
0001724521,ARCUS BIOSCIENCES INC,arcus biosciences,,33133,2836.0,crosswalk
0001724965,TALOS ENERGY INC,talos energy,,17228,1311.0,crosswalk
0001725057,DAYFORCE INC,dayforce,,23546,7370.0,crosswalk
0001725134,DIGITAL MEDIA SOLUTIONS INC,digital media solutions,,36748,7310.0,crosswalk
0001725160,ZENTALIS PHARMACEUTICALS INC,zentalis pharmaceuticals,,36301,2836.0,crosswalk
0001725255,ADAPTHEALTH CORP,adapthealth,,35852,5047.0,crosswalk
0001725430,INTELLIGENT BIO SOLUTION INC,intelligent bio solution,,35422,3845.0,crosswalk
0001725872,BM TECHNOLOGIES INC,bm technologies,,37673,7370.0,crosswalk
0001726079,LUCENT INC,lucent,,36938,3600.0,crosswalk
0001726126,EPSILON ENERGY LTD,epsilon energy,,178674,1311.0,crosswalk
0001726173,BIGLARI HOLDINGS INC,biglari,,3424,5812.0,crosswalk
0001726445,SEER INC,seer,,37425,8731.0,crosswalk
0001726711,ADITXT INC,aditxt,,35958,2834.0,crosswalk
0001726978,GOOSEHEAD INSURANCE,goosehead insurance,,33421,6411.0,crosswalk
0001727196,SCHOLAR ROCK HOLDNG CRP,scholar rock holdng crp,,33445,2836.0,crosswalk
0001727263,FRONTDOOR INC,frontdoor,,33951,7600.0,crosswalk
0001728117,GOSSAMER BIO INC,gossamer bio,,34578,2836.0,crosswalk
0001728328,INMED PHARMACEUTICALS INC,inmed pharmaceuticals,,64717,2834.0,crosswalk
0001728688,I3 VERTICALS INC,i3 verticals,,33638,7374.0,crosswalk
0001728951,ESSENTIAL PPT RLTY TST,essential ppt rlty tst,,33684,6798.0,crosswalk
0001729149,VIEMED HEALTHCARE,viemed healthcare,,32860,8090.0,crosswalk
0001729427,CNS PHARMACEUTICALS INC,cns pharmaceuticals,,35403,2834.0,crosswalk
0001729637,KARBON X CORP,karbon x,,39328,4950.0,crosswalk
0001729944,IMAC HOLDINGS INC,imac,,34163,2836.0,crosswalk
0001730168,BROADCOM INC,broadcom,,180711,3674.0,crosswalk
0001730430,KINIKSA PHRMCTICALS INTL PLC,kiniksa phrmcticals intl,,33447,2836.0,crosswalk
0001730773,BLUE STAR FOODS CORP,blue star foods,,36213,2090.0,crosswalk
0001730869,EVERYTHING BLOCKCHAIN INC,everything blockchain,,36314,7370.0,crosswalk
0001730984,BAYCOM CORP,baycom,,161023,6020.0,crosswalk
0001731289,NIKOLA CORP,nikola,,36565,3711.0,crosswalk
0001731348,TILRAY BRANDS INC,tilray brands,,22387,2834.0,crosswalk
0001733294,GENERATION BIO CO,generation bio,,36599,2836.0,crosswalk
0001733413,TFF PHARMACEUTICALS INC,tff pharmaceuticals,,35611,2834.0,crosswalk
0001733998,NORTHWEST NATURAL HLDNG CO,northwest natural hldng,,7993,4924.0,crosswalk
0001734342,AMERANT BANCORP INC,amerant bancorp,,33999,6020.0,crosswalk
0001734713,BRIGHTVIEW HOLDINGS,brightview,,33637,700.0,crosswalk
0001735041,GREENLAND TECH HOLDING CORP,greenland tech,,35810,3569.0,crosswalk
0001735438,MEIRAGTX HOLDINGS,meiragtx,,33595,2836.0,crosswalk
0001735707,GARRETT MOTION INC,garrett motion,,34051,3714.0,crosswalk
0001736035,BLACKSTONE SECURED LENDING F,blackstone secured lending f,,39989,6797.0,crosswalk
0001736946,ARLO TECHNOLOGIES INC,arlo technologies,,33766,3669.0,crosswalk
0001737193,LUDUSON G INC,luduson g,,34597,8742.0,crosswalk
0001737287,ALLOGENE THERAPEUTICS,allogene therapeutics,,34161,2836.0,crosswalk
0001737523,BIONEXUS GENE LAB CORP,bionexus gene lab,,36311,5160.0,crosswalk
0001737924,NUVEEN CHURCHILL DI LEN CORP,nuveen churchill di len,,43884,6797.0,crosswalk
0001737927,CANOPY GROWTH CORP,canopy growth,,20096,2833.0,crosswalk
0001737953,REPLIMUNE GROUP INC,replimune,,33719,2836.0,crosswalk
0001738021,COMPASS THERAPEUTICS INC,compass therapeutics,,37364,2836.0,crosswalk
0001738177,CAMBIUM NETWORKS CORP,cambium networks,,35373,3663.0,crosswalk
0001739104,ELANCO ANIMAL HLTH INC,elanco animal hlth,,33955,2834.0,crosswalk
0001739174,BIOMX INC,biomx,,35814,2836.0,crosswalk
0001739445,ARCOSA INC,arcosa,,328795,3440.0,crosswalk
0001739566,UTZ BRANDS INC,utz brands,,34259,2090.0,crosswalk
0001739614,INHIBRX INC,inhibrx,,35306,2836.0,crosswalk
0001739940,CIGNA GROUP (THE),cigna group the,,2547,6324.0,crosswalk
0001739942,SOLARWINDS CORP,solarwinds,,179690,7370.0,crosswalk
0001740332,RESIDEO TECHNOLOGIES,resideo technologies,,34053,5065.0,crosswalk
0001740797,AVAI BIO INC,avai bio,,35156,7370.0,crosswalk
0001741489,ELVICTOR GROUP INC,elvictor,,35400,7361.0,crosswalk
0001741830,KRONOS BIO INC,kronos bio,,37102,2836.0,crosswalk
0001742927,REVIVA PHARMACEUTICALS HOLD,reviva pharmaceuticals hold,,37534,2834.0,crosswalk
0001743725,GRID DYNAMICS HOLDGS INC,grid dynamics holdgs,,36293,7370.0,crosswalk
0001743745,GREENLANE HOLDINGS INC,greenlane,,35009,5099.0,crosswalk
0001743759,CORSAIR GAMING INC,corsair gaming,,37090,3570.0,crosswalk
0001743881,BRIDGEBIO PHARMA INC,bridgebio pharma,,35264,2836.0,crosswalk
0001744489,DISNEY (WALT) CO,disney walt,,3980,4888.0,crosswalk
0001744494,ADVENT TECHNOLOGIES HOLD INC,advent technologies hold,,38001,3690.0,crosswalk
0001744659,AKERO THERAPEUTICS INC,akero therapeutics,,35267,2836.0,crosswalk
0001745916,PENNYMAC FINANCIAL SERVICES,pennymac financial services,,17306,6162.0,crosswalk
0001745999,BEAM THERAPEUTICS INC,beam therapeutics,,35714,2836.0,crosswalk
0001746109,BANK FIRST CORP,bank first,,150803,6020.0,crosswalk
0001746119,VANGUARD GREEN INVESTMNT LTD,vanguard green investmnt,,36585,7200.0,crosswalk
0001746129,BANK7 CORP,bank7,,34132,6020.0,crosswalk
0001746278,GOLOGIQ INC,gologiq,,37378,7370.0,crosswalk
0001746466,EQUILLIUM INC,equillium,,34164,2836.0,crosswalk
0001746473,PLIANT THERAPEUTICS INC,pliant therapeutics,,36464,2834.0,crosswalk
0001746618,REVOLVE GROUP INC,revolve,,34467,5961.0,crosswalk
0001747009,EQUITRANS MID CORP,equitrans mid,,34337,4922.0,crosswalk
0001747068,METROCITY BANKSHARES INC,metrocity bankshares,,27111,6020.0,crosswalk
0001747079,BALLYS CORP,ballys,,27240,7990.0,crosswalk
0001747172,KAYNE ANDERSON BDC INC,kayne anderson bdc,,45373,6797.0,crosswalk
0001747777,BLUE OWL TECH FIN CORP -REDH,blue owl tech fin corp redh,,51878,6799.0,crosswalk
0001748790,AMCOR PLC,amcor,,100243,2670.0,crosswalk
0001748824,ACADIAN ASSET MANAGEMENT INC,acadian asset management,,21019,6282.0,crosswalk
0001749723,NEW FORTRESS ENERGY INC,new fortress energy,,34418,4924.0,crosswalk
0001750106,ALSET INC,alset,,36005,6552.0,crosswalk
0001750149,INHIBIKASE THERAPE INC,inhibikase therape,,36787,2836.0,crosswalk
0001750153,CANOO INC,canoo,,37576,3711.0,crosswalk
0001750284,OLEMA PHARMACEUTICALS INC,olema pharmaceuticals,,37412,2836.0,crosswalk
0001750735,MERIDIAN CORP,meridian,,32665,6020.0,crosswalk
0001751707,OZ VISION INC,oz vision,,35534,4210.0,crosswalk
0001751783,RHINEBECK BANCORP INC,rhinebeck bancorp,,34338,6036.0,crosswalk
0001751788,DOW INC,dow,,34443,2821.0,crosswalk
0001752036,CALIFORNIA BANCORP,california bancorp,,178923,6020.0,crosswalk
0001752372,EZAGOO LTD,ezagoo,,36177,7310.0,crosswalk
0001752474,KLDISCOVERY INC,kldiscovery,,36107,7370.0,crosswalk
0001752828,CELULARITY INC,celularity,,39277,2836.0,crosswalk
0001753162,FATHOM HOLDINGS INC,fathom,,36084,6531.0,crosswalk
0001753373,M2I GLOBAL INC,m2i global,,39394,5051.0,crosswalk
0001753539,BLACKSKY TECHNOLOGY INC,blacksky technology,,39621,7370.0,crosswalk
0001753706,WHOLE EARTH BRANDS INC,whole earth brands,,35053,2090.0,crosswalk
0001754068,KALARIS THERAPEUTICS INC,kalaris therapeutics,,36786,2836.0,crosswalk
0001754170,AERSALE CORP,aersale,,37587,5080.0,crosswalk
0001754195,TRULIEVE CANNABIS CORP,trulieve cannabis,,34214,2834.0,crosswalk
0001754301,FOX CORP,fox,,34636,4833.0,crosswalk
0001754820,DESKTOP METAL INC,desktop metal,,37537,3555.0,crosswalk
0001755237,CYCLERION THERAPEUTICS,cyclerion therapeutics,,34746,2836.0,crosswalk
0001755672,CORTEVA INC,corteva,,35168,100.0,crosswalk
0001756180,NOCERA INC,nocera,,34770,1600.0,crosswalk
0001756262,TRANSMEDICS GROUP INC,transmedics,,35062,3845.0,crosswalk
0001757073,ENVISTA HOLDINGS CORP,envista,,35497,3843.0,crosswalk
0001757715,ATERIAN INC,aterian,,35210,3634.0,crosswalk
0001757898,STERIS PLC,steris,,25313,3841.0,crosswalk
0001758009,QUANTUM COMPUTING INC,quantum computing,,162643,3570.0,crosswalk
0001758057,LUMINAR TECHNOLOGIES INC,luminar technologies,,37490,3714.0,crosswalk
0001758488,ONESPAWORLD HOLDINGS LTD,onespaworld,,32608,7200.0,crosswalk
0001758730,TRADEWEB MARKETS INC,tradeweb markets,,34919,7370.0,crosswalk
0001758766,STEM INC,stem,,38722,7389.0,crosswalk
0001759138,CABALETTA BIO INC,cabaletta bio,,35727,2836.0,crosswalk
0001759186,COEPTIS THERAPEUTIC HOLD INC,coeptis therapeutic hold,,38082,2836.0,crosswalk
0001759425,MIRUM PHARMACEUTICALS INC,mirum pharmaceuticals,,35375,2836.0,crosswalk
0001759509,LYFT INC,lyft,,34873,4100.0,crosswalk
0001759546,NU RIDE INC,nu ride,,37268,3711.0,crosswalk
0001759631,HYLIION HOLDINGS CORP,hyliion,,37182,3711.0,crosswalk
0001759774,POSTAL REALTY TRUST INC,postal realty trust,,35030,6798.0,crosswalk
0001759824,ALTA EQUIPMENT GROUP INC,alta equipment,,36206,5080.0,crosswalk
0001760026,REGENERATIVE MD TECH GRP INC,regenerative md tech grp,,122440,5961.0,crosswalk
0001760542,HOOKIPA PHARMA INC,hookipa pharma,,35014,2836.0,crosswalk
0001760689,MICROVAST HOLDINGS INC,microvast,,39338,3690.0,crosswalk
0001760903,BONK INC,bonk,,36632,2844.0,crosswalk
0001760965,KONTOOR BRANDS INC,kontoor brands,,35035,2300.0,crosswalk
0001761312,PALOMAR HOLDINGS INC,palomar,,34953,6331.0,crosswalk
0001761612,BICYCLE THERAPEUTICS PLC,bicycle therapeutics,,35137,2836.0,crosswalk
0001762239,KAIVAL BRANDS INNV GROUP INC,kaival brands innv,,164146,5190.0,crosswalk
0001762359,ACREAGE HOLDINGS INC,acreage,,34437,2834.0,crosswalk
0001763329,AIBOTICS INC,aibotics,,38154,8000.0,crosswalk
0001763925,COJAX OIL AND GAS CORP,cojax oil and gas,,37446,1311.0,crosswalk
0001763950,LANTERN PHARMA INC,lantern pharma,,36394,2836.0,crosswalk
0001764013,IMMUNOVANT INC,immunovant,,35982,2836.0,crosswalk
0001764046,CLARIVATE PLC,clarivate,,35211,7370.0,crosswalk
0001766368,MAYVILLE ENGNERING CMPNY INC,mayville engnering cmpny,,35099,3460.0,crosswalk
0001766400,PENNANT GROUP INC (THE),pennant group inc the,,35642,8050.0,crosswalk
0001766502,CHEWY INC,chewy,,35287,5961.0,crosswalk
0001766526,TECTONIC FINANCIAL INC,tectonic financial,,162649,6020.0,crosswalk
0001767258,XPEL INC,xpel,,162400,3714.0,crosswalk
0001767837,RICHMOND MUTUAL BANCO INC,richmond mutual banco,,34938,6020.0,crosswalk
0001768224,ARCTURUS THERAPETCS HOLD INC,arcturus therapetcs hold,,32715,2836.0,crosswalk
0001768267,CERENCE INC,cerence,,35614,7372.0,crosswalk
0001769617,HARBORONE BANCORP INC,harborone bancorp,,27604,6036.0,crosswalk
0001769624,TRILLER GROUP INC,triller,,35079,6282.0,crosswalk
0001769663,PIONEER BANCORP INC,pioneer bancorp,,34939,6036.0,crosswalk
0001769804,AUGMEDIX INC,augmedix,,38239,7374.0,crosswalk
0001770121,SANA BIOTCHNOLOGY INC,sana biotchnology,,37925,2836.0,crosswalk
0001770141,UPHEALTH INC,uphealth,,38981,8090.0,crosswalk
0001770236,MOVING IMAGE TECHNOLOGIS INC,moving image technologis,,36235,3861.0,crosswalk
0001770450,XEROX HOLDINGS CORP,xerox,,11636,3577.0,crosswalk
0001770561,CORONADO GBL RESORC INC -ADR,coronado gbl resorc inc adr,,328920,1220.0,crosswalk
0001770787,10X GENOMICS INC,10x genomics,,35640,2835.0,crosswalk
0001771515,GROCERY OUTLET HLDNG CORP,grocery outlet hldng,,189579,5411.0,crosswalk
0001771706,VIREO GROWTH INC,vireo growth,,331757,2834.0,crosswalk
0001771917,KARUNA THERPEUTICS INC,karuna therpeutics,,35290,2836.0,crosswalk
0001772016,BELLRING BRANDS INC,bellring brands,,35684,2000.0,crosswalk
0001772177,KURA SUSHI USA INC,kura sushi usa,,35423,5812.0,crosswalk
0001772695,SUNNOVA ENRGY INTL INC,sunnova enrgy intl,,35395,4991.0,crosswalk
0001772720,SPRUCE POWER HOLDG CORP,spruce power holdg,,37594,4911.0,crosswalk
0001772921,ONEWATER MARINE INC,onewater marine,,35451,5500.0,crosswalk
0001773383,DYNATRACE INC,dynatrace,,35447,7370.0,crosswalk
0001773427,SPRINGWORKS THERAPEUTICS INC,springworks therapeutics,,35600,2836.0,crosswalk
0001773751,HIMS & HERS HEALTH INC,hims hers health,,37851,2834.0,crosswalk
0001774170,POWERFLEET INC,powerfleet,,121759,7370.0,crosswalk
0001774675,SKILLSOFT CORP,skillsoft,,35327,8200.0,crosswalk
0001775194,UPEXI INC,upexi,,38661,2834.0,crosswalk
0001776661,ADVANTAGE SOLUTIONS INC,advantage solutions,,31803,8742.0,crosswalk
0001776909,CURIOSITYSTREAM INC,curiositystream,,37214,7374.0,crosswalk
0001777319,CISO GLOBAL INC,ciso global,,36335,7373.0,crosswalk
0001777393,CHARGEPOINT HOLDINGS INC,chargepoint,,38198,7500.0,crosswalk
0001777835,PERELLA WEINBERG PARTNERS,perella weinberg partners,,39098,6211.0,crosswalk
0001777921,AVEPOINT INC,avepoint,,39157,7370.0,crosswalk
0001777946,IRONNET INC,ironnet,,39535,7372.0,crosswalk
0001778784,PROVIDENT BANCORP INC,provident bancorp,,25327,6036.0,crosswalk
0001779020,DANIMER SCIENTIFIC INC,danimer scientific,,37630,2821.0,crosswalk
0001779474,WM TECHNOLOGY INC,wm technology,,39025,7370.0,crosswalk
0001780312,AST SPACEMOBILE INC,ast spacemobile,,38598,4899.0,crosswalk
0001781162,MOMENTUS INC,momentus,,39427,3670.0,crosswalk
0001781335,OTIS WORLDWIDE CORP,otis worldwide,,36190,3530.0,crosswalk
0001781726,ACASIA TECHNOLOGY INC,acasia technology,,36362,8200.0,crosswalk
0001781755,BALDWIN INSURANCE GROUP INC,baldwin insurance,,26167,6411.0,crosswalk
0001781983,APREA THERAPEUTICS INC,aprea therapeutics,,35648,2836.0,crosswalk
0001782524,MORGAN STANLEY DRCT LEND FND,morgan stanley drct lend fnd,,43873,6797.0,crosswalk
0001782754,AZEK COMPANY INC (THE),azek company inc the,,36193,2430.0,crosswalk
0001783180,CARRIER GLOBAL CORP,carrier global,,36191,3585.0,crosswalk
0001783183,PHATHOM PHARMA INC,phathom pharma,,35728,2834.0,crosswalk
0001783398,UWM HOLDINGS CORP,uwm,,37763,6162.0,crosswalk
0001783875,4FRONT VENTURES CORP,4front ventures,,35995,2834.0,crosswalk
0001784058,PONY GROUP INC,pony,,37432,4100.0,crosswalk
0001784254,MEDIACO HOLDING INC,mediaco,,35583,4832.0,crosswalk
0001784535,PORCH GROUP INC,porch,,37593,6331.0,crosswalk
0001784567,HARBOR CUSTOM DEV INC,harbor custom dev,,36349,1531.0,crosswalk
0001784851,SHAPEWAYS HOLDINGS INC,shapeways,,39785,2750.0,crosswalk
0001784970,NEXT TECHNOLOGY HOLDING INC,next technology,,36383,7370.0,crosswalk
0001785173,89BIO INC,89bio,,35776,2836.0,crosswalk
0001785345,LANDOS BIOPHARMA INC,landos biopharma,,37924,2834.0,crosswalk
0001785424,KATAPULT HOLDINGS INC,katapult,,38978,6141.0,crosswalk
0001785493,RHINO BITCOIN INC,rhino bitcoin,,40661,8700.0,crosswalk
0001785494,WOODBRIDGE LIQUIDATION TRUST,woodbridge liquidation trust,,36315,6726.0,crosswalk
0001785592,LEAFLY HOLDINGS INC,leafly,,35761,7370.0,crosswalk
0001786108,TRINITY CAPITAL INC,trinity capital,,37723,6797.0,crosswalk
0001786117,ALPINE INCOME PROPERTY TRUST,alpine income property trust,,35793,6798.0,crosswalk
0001786248,NEXPOINT REAL EST FIN,nexpoint real est fin,,36053,6798.0,crosswalk
0001786352,BILL HOLDINGS INC,bill,,35868,7370.0,crosswalk
0001786431,REYNOLDS CONSUMER PRODUCTS,reynolds consumer products,,35874,2673.0,crosswalk
0001786842,VONTIER CORP,vontier,,36203,3829.0,crosswalk
0001787297,PASSAGE BIO INC,passage bio,,36140,2836.0,crosswalk
0001787306,ARCUTIS BIOTHERAPEUTICS INC,arcutis biotherapeutics,,36028,2834.0,crosswalk
0001787400,NKARTA INC,nkarta,,36642,2836.0,crosswalk
0001787414,BOGOTA FINANCIAL CORP,bogota financial,,35646,6036.0,crosswalk
0001787518,T3 DEFENSE INC,t3 defense,,22320,7372.0,crosswalk
0001788028,JASPER THERAPEUTICS INC,jasper therapeutics,,39740,2836.0,crosswalk
0001788841,MICROMOBILITY.COM INC,micromobilitycom,,39435,7370.0,crosswalk
0001788882,ROOT INC,root,,37150,6331.0,crosswalk
0001789029,AEVA TECHNOLOGIES INC,aeva technologies,,38357,3829.0,crosswalk
0001789192,NEXENTIS TECHNOLOGIES INC,nexentis technologies,,183968,2870.0,crosswalk
0001789832,HESS MIDSTREAM LP,hess midstream lp,,21833,1311.0,crosswalk
0001789972,CULLINAN THERAPEUTICS INC,cullinan therapeutics,,37675,2836.0,crosswalk
0001792044,VIATRIS INC,viatris,,7637,2834.0,crosswalk
0001792580,OVINTIV INC,ovintiv,,11781,1311.0,crosswalk
0001792581,KIROMIC BIOPHARMA INC,kiromic biopharma,,36465,2836.0,crosswalk
0001792789,DOORDASH INC,doordash,,37420,7370.0,crosswalk
0001792849,HIGHPEAK ENERGY INC,highpeak energy,,36897,1311.0,crosswalk
0001793229,CLARITEV CORP,claritev,,37188,7372.0,crosswalk
0001793659,RUSH STREET INTERACTIVE INC,rush street interactive,,37623,7990.0,crosswalk
0001794515,ZOOMINFO TECHNO INC,zoominfo techno,,22638,7370.0,crosswalk
0001794669,SHIFT4 PAYMENTS INC,shift4 payments,,36494,7389.0,crosswalk
0001794776,PALMER SQUARE CAPTAL BDC INC,palmer square captal bdc,,43849,6797.0,crosswalk
0001794783,SELECTQUOTE INC,selectquote,,36234,6411.0,crosswalk
0001795139,GREEN THUMB INDUSTRIES INC,green thumb industries,,33665,2834.0,crosswalk
0001795250,SPHERE ENTERTAINMENT CO,sphere entertainment,,36309,4841.0,crosswalk
0001796022,STEPSTONE GROUP INC,stepstone,,33110,6282.0,crosswalk
0001796129,VINCERX PHARMA INC,vincerx pharma,,37592,2836.0,crosswalk
0001796209,API GROUP CORP,api,,325576,1700.0,crosswalk
0001796280,ORIC PHARMACEUTICALS,oric pharmaceuticals,,36264,2836.0,crosswalk
0001796949,GENFLAT HOLDINGS INC,genflat,,41637,3790.0,crosswalk
0001797768,KINNATE BIOPHARMA INC,kinnate biopharma,,37486,2836.0,crosswalk
0001798100,NETSTREIT CORP,netstreit,,36777,6798.0,crosswalk
0001798270,ASSURE HOLDINGS CORP,assure,,31653,8090.0,crosswalk
0001798562,TMC THE METALS CO INC,tmc the metals,,39624,1000.0,crosswalk
0001799191,ONCOLOGY INSTITUTE INC (THE),oncology institute inc the,,36237,8011.0,crosswalk
0001799208,DUN & BRADSTREET HOLDNGS INC,dun bradstreet holdngs,,4094,7323.0,crosswalk
0001799332,GAN LTD,gan,,316747,7370.0,crosswalk
0001799448,ALIGOS THERAPEUTICS INC,aligos therapeutics,,37084,2836.0,crosswalk
0001799788,GREENWICH LIFESCIE INC,greenwich lifescie,,36558,2836.0,crosswalk
0001800227,IAC INC,iac,,36691,7370.0,crosswalk
0001800315,DAMORA THERAPEUTICS INC,damora therapeutics,,37310,2836.0,crosswalk
0001800347,E2OPEN PARENT HOLDINGS INC,e2open parent,,36299,7370.0,crosswalk
0001800373,GOLDENWELL BIOTECH INC,goldenwell biotech,,40385,2833.0,crosswalk
0001800637,RYTHM INC,rythm,,37896,3523.0,crosswalk
0001800667,JFROG LTD,jfrog,,36945,7372.0,crosswalk
0001800682,CANO HEALTH INC,cano health,,38949,8062.0,crosswalk
0001801169,OPENDOOR TECHNOLOGIES INC,opendoor technologies,,37519,6531.0,crosswalk
0001801170,CLOVER HEALTH INVESTMENTS,clover health investments,,37711,6324.0,crosswalk
0001801368,MP MATERIALS CORP,mp materials,,37407,1090.0,crosswalk
0001801661,SKILLZ INC,skillz,,37562,7370.0,crosswalk
0001802450,MSP RECOVERY INC,msp recovery,,36808,8090.0,crosswalk
0001802457,ORIGIN MATERIALS INC,origin materials,,39097,2821.0,crosswalk
0001802665,HARMONY BIOSC HOLD INC,harmony biosc hold,,36847,2834.0,crosswalk
0001802768,ROYALTY PHARMA PLC,royalty pharma,,36474,2834.0,crosswalk
0001802974,MISSION PRODUCE INC,mission produce,,37019,5140.0,crosswalk
0001803599,CONCENTRIX CORP,concentrix,,37382,7374.0,crosswalk
0001803696,ADEIA INC,adeia,,156153,7372.0,crosswalk
0001803901,TALKSPACE INC,talkspace,,39078,8090.0,crosswalk
0001803914,PLAYBOY INC,playboy,,38065,2300.0,crosswalk
0001803977,LIMITLESS X HOLDINGS INC,limitless x,,66552,2834.0,crosswalk
0001804176,BUTTERFLY NETWORK INC,butterfly network,,38079,3845.0,crosswalk
0001804591,CHROME HOLDING CO,chrome,,38717,8071.0,crosswalk
0001804745,DRIVEN BRANDS HOLDINGS INC,driven brands,,37751,7500.0,crosswalk
0001805077,EOS ENERGY ENTERPRISES INC,eos energy enterprises,,37392,3690.0,crosswalk
0001805284,ROCKET COS INC,rocket cos,,36722,6162.0,crosswalk
0001805385,EVOLV TECHNOLOGIES HOLDINGS,evolv technologies,,39280,3812.0,crosswalk
0001805387,CEREVEL THERAPEUTICS HOLDING,cerevel therapeutics,,37275,2836.0,crosswalk
0001805521,FARADAY FUTURE INTELLIGENT,faraday future intelligent,,39318,3711.0,crosswalk
0001805651,MARKETWISE INC,marketwise,,39311,7370.0,crosswalk
0001805833,SYSTEM1 INC,system1,,36557,7370.0,crosswalk
0001805890,FUSION PHARMACEUTI INC,fusion pharmaceuti,,36571,2836.0,crosswalk
0001806201,OPEN LENDING CORP,open lending,,36598,7323.0,crosswalk
0001806310,TAYSHA GENE THERPS INC,taysha gene therps,,37013,2836.0,crosswalk
0001806837,VERTEX INC,vertex,,24083,7370.0,crosswalk
0001807166,AMESITE INC,amesite,,36863,7372.0,crosswalk
0001807427,BLUE OWL CAPI CORP III -REDH,blue owl capi corp iii redh,,43879,6797.0,crosswalk
0001807765,PMV CONSUMER ACQU CORP -REDH,pmv consumer acqu corp redh,,27877,9995.0,crosswalk
0001807846,MONEYLION INC,moneylion,,39752,6141.0,crosswalk
0001807887,LASER PHOTONICS CORP,laser photonics,,40645,3540.0,crosswalk
0001807893,STANDARD PREMI FIN HLDGS INC,standard premi fin hldgs,,41046,6159.0,crosswalk
0001808158,REPARE THERAPEUTIC INC,repare therapeutic,,36556,2836.0,crosswalk
0001808220,GOHEALTH INC,gohealth,,36635,6411.0,crosswalk
0001808665,ASSERTIO HOLDINGS INC,assertio,,65944,2834.0,crosswalk
0001808805,NAUTILUS BIOTECHNOLOGY INC,nautilus biotechnology,,38979,8731.0,crosswalk
0001808834,PROG HOLDINGS INC,prog,,1076,6141.0,crosswalk
0001808865,ITEOS THERAPEUTICS INC,iteos therapeutics,,36679,2836.0,crosswalk
0001808898,BENITEC BIOPHARMA INC,benitec biopharma,,254381,2836.0,crosswalk
0001808997,AMERICAN OUTDOOR BRANDS,american outdoor brands,,36826,3949.0,crosswalk
0001809104,ALIGHT INC,alight,,36463,7374.0,crosswalk
0001809519,GOODRX HLDGS INC,goodrx hldgs,,37023,7370.0,crosswalk
0001809987,MIRION TECHNOLOGIES INC,mirion technologies,,39935,3829.0,crosswalk
0001810019,RACKSPACE TECHNOLOGY INC,rackspace technology,,36641,7370.0,crosswalk
0001810182,ALX ONCOLOGY HOLDI INC,alx oncology holdi,,36704,2836.0,crosswalk
0001810546,EASTERN BANKSHARES INC,eastern bankshares,,36633,6020.0,crosswalk
0001810560,REVELATION BIOSCIENCES INC,revelation biosciences,,36848,2836.0,crosswalk
0001810806,UNITY SOFTWARE INC,unity software,,36898,7372.0,crosswalk
0001811063,NUVATION BIO INC,nuvation bio,,38076,2834.0,crosswalk
0001811074,TEXAS PACIFIC LAND CORP,texas pacific land,,10504,6792.0,crosswalk
0001811109,APPLIED UV INC,applied uv,,36759,3640.0,crosswalk
0001811210,LUCID GROUP INC,lucid,,39337,3711.0,crosswalk
0001811414,QUANTUMSCAPE CORP,quantumscape,,37449,3690.0,crosswalk
0001811530,NEXT MEATS HLDGS INC,next meats hldgs,,37950,2000.0,crosswalk
0001811999,FARMHOUSE INC,farmhouse,,112005,7370.0,crosswalk
0001812173,VICARIOUS SURGICAL INC,vicarious surgical,,39712,3845.0,crosswalk
0001812360,FOXO TECHNOLOGIES INC,foxo technologies,,37482,8000.0,crosswalk
0001812364,RELAY THERAPEUTICS INC,relay therapeutics,,36677,2836.0,crosswalk
0001812727,RELIANCE GLOBAL GROUP INC,reliance global,,22318,6411.0,crosswalk
0001813603,HESTIA INSIGHT INC,hestia insight,,178341,8742.0,crosswalk
0001813914,CAREMAX INC,caremax,,38967,8011.0,crosswalk
0001814114,ORCHESTRA BIOMED HOLDING INC,orchestra biomed,,36776,3845.0,crosswalk
0001814215,NUBURU INC,nuburu,,36883,3540.0,crosswalk
0001814287,ABACUS GLOBAL MANAGEMENT INC,abacus global management,,36775,6411.0,crosswalk
0001814329,ASTRA SPACE INC,astra space,,39136,3760.0,crosswalk
0001814974,BBX CAPITAL INC,bbx capital,,37122,6500.0,crosswalk
0001815442,KYMERA THERAPEUTIC INC,kymera therapeutic,,36819,2836.0,crosswalk
0001815849,ATI PHYSICAL THERAPY INC,ati physical therapy,,296677,8000.0,crosswalk
0001815903,PETROS PHARMACEUTICALS INC,petros pharmaceuticals,,37473,2834.0,crosswalk
0001815974,ANEBULO PHARMA INC,anebulo pharma,,38706,2834.0,crosswalk
0001816017,SPIRE GLOBAL INC,spire global,,39442,8731.0,crosswalk
0001816233,SHARECARE INC,sharecare,,39158,7370.0,crosswalk
0001816431,QUANTUM SI INC,quantum si,,38960,3826.0,crosswalk
0001816581,OUSTER INC,ouster,,38343,3829.0,crosswalk
0001816613,MARKFORGED HOLDING CORP,markforged,,39250,3555.0,crosswalk
0001816708,OWLET INC,owlet,,39255,3827.0,crosswalk
0001816736,DISC MEDICINE INC,disc medicine,,38027,2836.0,crosswalk
0001817229,VOR BIOPHARMA INC,vor biopharma,,37844,2836.0,crosswalk
0001817232,GLOBAL GAS CORP,global gas,,37525,2810.0,crosswalk
0001817358,ACADEMY SPO AND OU INC,academy spo and ou,,37054,5940.0,crosswalk
0001817760,SMARTKEM INC,smartkem,,39173,3674.0,crosswalk
0001818093,BEAUTY HEALTH CO (THE),beauty health co the,,38768,3841.0,crosswalk
0001818201,CCC INTELLIGENT SOLUTIONS HL,ccc intelligent solutions hl,,39378,7370.0,crosswalk
0001818331,GENEDX HOLDINGS CORP,genedx,,39321,8071.0,crosswalk
0001818382,HUMACYTE INC,humacyte,,39525,2836.0,crosswalk
0001818383,MEDIAALPHA INC,mediaalpha,,37148,7370.0,crosswalk
0001818502,OPPFI INC,oppfi,,39306,6141.0,crosswalk
0001818644,AEYE INC,aeye,,39448,3829.0,crosswalk
0001818794,DYNE THERAPEUTICS INC,dyne therapeutics,,36911,2836.0,crosswalk
0001818844,DOGWOOD THERAPEUTICS INC,dogwood therapeutics,,36530,2836.0,crosswalk
0001818874,SOFI TECHNOLOGIES INC,sofi technologies,,38916,6141.0,crosswalk
0001819133,TANGO THERAPEUTICS INC,tango therapeutics,,39402,2836.0,crosswalk
0001819142,SES AI CORP,ses ai,,37651,3690.0,crosswalk
0001819394,MATTERPORT INC,matterport,,39323,7370.0,crosswalk
0001819404,NERDY INC,nerdy,,39703,8200.0,crosswalk
0001819438,ESS TECH INC,ess tech,,39875,3690.0,crosswalk
0001819493,XOS INC,xos,,39472,3713.0,crosswalk
0001819516,WHEELS UP EXPERIENCE INC,wheels up experience,,39231,4522.0,crosswalk
0001819574,BARK INC,bark,,38937,5961.0,crosswalk
0001819576,LIQUIDIA CORP,liquidia,,33810,2834.0,crosswalk
0001819615,CLEVER LEAVES HOLDINGS INC,clever leaves,,37559,2833.0,crosswalk
0001819790,TARSUS PHARMACEUTI INC,tarsus pharmaceuti,,37082,2834.0,crosswalk
0001819796,GCM GROSVENOR INC,gcm grosvenor,,37404,6200.0,crosswalk
0001819810,REDWIRE CORP,redwire,,39578,3760.0,crosswalk
0001819848,JOBY AVIATION INC,joby aviation,,39405,4522.0,crosswalk
0001819989,CIPHER DIGITAL INC,cipher digital,,39538,7372.0,crosswalk
0001819994,ROCKET LAB CORP,rocket lab,,39503,3760.0,crosswalk
0001820144,GRINDR INC,grindr,,37428,7370.0,crosswalk
0001820175,OCA ACQUISITION CORP,oca acquisition,,37755,9995.0,crosswalk
0001820190,SCILEX HOLDING CO,scilex,,37707,2834.0,crosswalk
0001820302,BAKKT INC,bakkt,,39909,6200.0,crosswalk
0001820566,INSPIRATO INC,inspirato,,37362,4700.0,crosswalk
0001820721,ARRAY TECHNOLOGIES INC,array technologies,,37200,3829.0,crosswalk
0001820872,GLOBAL BUSINESS TRAVL GP INC,global business travl gp,,37079,4700.0,crosswalk
0001820875,CXAPP INC,cxapp,,37526,7370.0,crosswalk
0001820877,APARTMENT INCOME REIT CORP,apartment income reit,,37489,6798.0,crosswalk
0001820953,AFFIRM HOLDINGS INC,affirm,,37413,6141.0,crosswalk
0001821159,EVGO INC,evgo,,39159,5500.0,crosswalk
0001821160,GUILD HOLDINGS CO,guild,,37186,6162.0,crosswalk
0001821175,MOTORSPORT GAMES INC,motorsport games,,37674,7372.0,crosswalk
0001821393,AARONS CO INC (THE),aarons co inc the,,37445,5700.0,crosswalk
0001821586,MOONLAKE IMMUNOTHERAPEUTICS,moonlake immunotherapeutics,,37240,2836.0,crosswalk
0001821769,NAVITAS SEMICONDUCTOR CORP,navitas semiconductor,,39931,3674.0,crosswalk
0001821806,LESLIE'S INC,leslies,,37284,5990.0,crosswalk
0001822250,CONTEXTLOGIC HOLDINGS INC,contextlogic,,345980,5961.0,crosswalk
0001822359,DOCGO INC,docgo,,37146,8090.0,crosswalk
0001822462,FOGHORN THERAPEUTICS INC,foghorn therapeutics,,37135,2836.0,crosswalk
0001822479,SOTERA HEALTH CO,sotera health,,37338,8734.0,crosswalk
0001822492,HILLMAN SOLUTIONS CORP,hillman solutions,,66871,3452.0,crosswalk
0001822791,CLENE INC,clene,,37633,2836.0,crosswalk
0001822928,HOLLEY INC,holley,,39265,3714.0,crosswalk
0001822966,NUSCALE POWER CORP,nuscale power,,37073,3621.0,crosswalk
0001823000,CONX CORP,conx,,37332,6512.0,crosswalk
0001823144,GPGI INC,gpgi,,37153,3577.0,crosswalk
0001823239,MARAVAI LIFESCIENS HLDGS INC,maravai lifesciens hldgs,,37354,8731.0,crosswalk
0001823365,GENERATIONS BANCORP NY INC,generations bancorp ny,,175121,6035.0,crosswalk
0001823406,AFFINITY BANCSHARES INC,affinity bancshares,,29499,6020.0,crosswalk
0001823466,FISCALNOTE HOLDINGS INC,fiscalnote,,37191,7370.0,crosswalk
0001823575,ZEROFOX HOLDINGS INC,zerofox,,37416,7372.0,crosswalk
0001823587,SKY HARBOUR GROUP CORP,sky harbour,,37066,4581.0,crosswalk
0001823608,AMALGAMATED FINANCIAL CORP,amalgamated financial,,33625,6020.0,crosswalk
0001823652,EVE HOLDING INC,eve,,37373,3721.0,crosswalk
0001823794,ARKO CORP,arko,,312066,5500.0,crosswalk
0001823857,VIVEON HEALTH ACQ CORP -REDH,viveon health acq corp redh,,37500,9995.0,crosswalk
0001823878,PLAYSTUDIOS INC,playstudios,,39054,7372.0,crosswalk
0001823882,AIRSPAN NETWORKS HOLDINGS IN,airspan networks holdings in,,137861,3663.0,crosswalk
0001823945,BLUE OWL CAPITAL INC,blue owl capital,,38845,6799.0,crosswalk
0001824293,GRI BIO INC,gri bio,,37938,2836.0,crosswalk
0001824403,RESERVOIR MEDIA INC,reservoir media,,39363,8900.0,crosswalk
0001824502,ARCHER AVIATION INC,archer aviation,,40092,4522.0,crosswalk
0001824893,SURROZEN INC,surrozen,,39417,2836.0,crosswalk
0001824920,IONQ INC,ionq,,39800,3571.0,crosswalk
0001825024,OFFERPAD SOLUTIONS INC,offerpad solutions,,39570,6531.0,crosswalk
0001825079,VELO3D INC,velo3d,,39784,3555.0,crosswalk
0001825088,DREAM FINDERS HOMES INC,dream finders homes,,37793,1531.0,crosswalk
0001826011,BANZAI INTERNATIONAL INC,banzai international,,37550,7370.0,crosswalk
0001826470,PETCO HEALTH AND WELLNESS CO,petco health and wellness,,37502,5990.0,crosswalk
0001826600,MONTAUK RENEWABLES INC,montauk renewables,,37672,1311.0,crosswalk
0001826660,WETOUCH TECHNOLOGY INC,wetouch technology,,45020,3679.0,crosswalk
0001826667,TRISALUS LIFE SCIENCES INC,trisalus life sciences,,37516,3841.0,crosswalk
0001826681,PALLADYNE AI CORP,palladyne ai,,39738,3590.0,crosswalk
0001826889,BEACHBODY CO INC (THE),beachbody co inc the,,39112,7200.0,crosswalk
0001826892,BIOATLA INC,bioatla,,37541,2836.0,crosswalk
0001827090,CERTARA INC,certara,,37414,7370.0,crosswalk
0001827821,FORGE GLOBAL HOLDINGS INC,forge global,,37530,6200.0,crosswalk
0001828016,PLAYTIKA HOLDING CORP,playtika,,37752,7372.0,crosswalk
0001828105,HIPPO HOLDINGS INC,hippo,,39380,6411.0,crosswalk
0001828318,ENOVIX CORP,enovix,,39251,3690.0,crosswalk
0001828376,WILLIAM PENN BANCORP,william penn bancorp,,179865,6036.0,crosswalk
0001828377,FORTITUDE GOLD CORP,fortitude gold,,37662,1040.0,crosswalk
0001828522,EFFECTOR THERAPEUTICS INC,effector therapeutics,,39510,2836.0,crosswalk
0001828536,ENERGY VAULT HOLDINGS INC,energy vault,,37937,3690.0,crosswalk
0001828723,ALTUS POWER INC,altus power,,37355,4911.0,crosswalk
0001828791,VIANT TECHNOLOGY INC,viant technology,,37824,7370.0,crosswalk
0001828805,AELUMA INC,aeluma,,41441,3674.0,crosswalk
0001828937,FINANCE OF AMERICA COMPANIES,finance of america companies,,38618,6162.0,crosswalk
0001828972,BUZZFEED INC,buzzfeed,,37610,7370.0,crosswalk
0001829280,FORIAN INC,forian,,38209,7370.0,crosswalk
0001829311,BITMINE IMMERSION TECH INC,bitmine immersion tech,,66009,7370.0,crosswalk
0001829576,CARTER BANKSHARES INC,carter bankshares,,176828,6020.0,crosswalk
0001829802,SENSEI BIOTHERAPEU INC,sensei biotherapeu,,37825,2836.0,crosswalk
0001829953,CORNER GROWTH ACQ CORP -REDH,corner growth acq corp redh,,37462,9995.0,crosswalk
0001830029,GRIID INFRASTRUCTURE INC,griid infrastructure,,37608,7370.0,crosswalk
0001830043,BUMBLE INC,bumble,,37790,7370.0,crosswalk
0001830072,IPOWER INC,ipower,,37971,5961.0,crosswalk
0001830188,UNITED HOMES GROUP INC,united homes,,37782,1531.0,crosswalk
0001830210,BENSON HILL INC,benson hill,,39783,100.0,crosswalk
0001831096,GREAT ELM GROUP INC,great elm,,121257,6799.0,crosswalk
0001831363,TERNS PHARMACEUTIC INC,terns pharmaceutic,,37848,2834.0,crosswalk
0001831631,LOANDEPOT INC,loandepot,,26297,6162.0,crosswalk
0001831651,SHOALS TECHNOLOGIES GRP INC,shoals technologies grp,,37646,3670.0,crosswalk
0001831868,SEASTAR MEDICAL HOLDING CORP,seastar medical,,37783,3841.0,crosswalk
0001831964,NORTHERN REVL ACQ CORP -REDH,northern revl acq corp redh,,37869,9995.0,crosswalk
0001831979,STARDUST POWER INC,stardust power,,37660,3330.0,crosswalk
0001832483,SERVE ROBOTICS INC,serve robotics,,45081,4210.0,crosswalk
0001832487,GUERRILLA RF INC,guerrilla rf,,41100,3674.0,crosswalk
0001832511,P3 HEALTH PARTNERS INC,p3 health partners,,37797,8090.0,crosswalk
0001833214,SAB BIOTHERAPEUTICS INC,sab biotherapeutics,,39951,2836.0,crosswalk
0001833769,HYPERFINE INC,hyperfine,,37799,3845.0,crosswalk
0001834376,INNOVAGE HOLD CORP,innovage hold,,38174,8090.0,crosswalk
0001834645,PEAK BIO INC,peak bio,,37928,2836.0,crosswalk
0001835256,DUCKHORN PORTFOLIO INC (THE),duckhorn portfolio inc the,,38160,2084.0,crosswalk
0001835378,INNOVID CORP,innovid,,37909,7310.0,crosswalk
0001835385,MARATHON BANCORP INC,marathon bancorp,,38678,6020.0,crosswalk
0001836100,GOAL ACQUISITION CORP - REDH,goal acquisition corp redh,,37859,9995.0,crosswalk
0001836981,BIGBEAR.AI HOLDINGS INC,bigbearai,,37966,7370.0,crosswalk
0001837607,AEON BIOPHARMA INC,aeon biopharma,,37857,2836.0,crosswalk
0001839439,PAYCOR HCM INC,paycor hcm,,38707,7370.0,crosswalk
0001854445,GLIMPSE GROUP INC(THE),glimpse group incthe,,38827,7371.0,crosswalk
0001868941,FLUENCE ENERGY INC,fluence energy,,39751,3690.0,crosswalk
