cik,years_present,years_present_count,year_2016_present,year_2017_present,year_2018_present,year_2019_present,year_2020_present,year_2021_present,year_2022_present,year_2023_present,year_2024_present,year_2025_present
0000001750,"2024,2025",2,False,False,False,False,False,False,False,False,True,True
0000002098,"2020,2021,2022",3,False,False,False,False,True,True,True,False,False,False
0000002186,"2024,2025",2,False,False,False,False,False,False,False,False,True,True
0000002488,"2016,2017,2018,2019,2020,2021,2022,2023,2024,2025",10,True,True,True,True,True,True,True,True,True,True
0000002969,"2024,2025",2,False,False,False,False,False,False,False,False,True,True
0000003146,"2024,2025",2,False,False,False,False,False,False,False,False,True,True
0000003153,2025,1,False,False,False,False,False,False,False,False,False,True
0000003197,"2024,2025",2,False,False,False,False,False,False,False,False,True,True
0000003453,2025,1,False,False,False,False,False,False,False,False,False,True
0000003499,"2024,2025",2,False,False,False,False,False,False,False,False,True,True
0000003545,"2023,2024",2,False,False,False,False,False,False,False,True,True,False
0000004127,"2018,2019,2020,2023,2024,2025",6,False,False,True,True,True,False,False,True,True,True
0000004281,2025,1,False,False,False,False,False,False,False,False,False,True
0000004447,"2024,2025",2,False,False,False,False,False,False,False,False,True,True
0000004457,2025,1,False,False,False,False,False,False,False,False,False,True
0000004515,"2024,2025",2,False,False,False,False,False,False,False,False,True,True
0000004904,2025,1,False,False,False,False,False,False,False,False,False,True
0000004962,"2019,2020,2021,2022,2023,2024,2025",7,False,False,False,True,True,True,True,True,True,True
0000004977,"2024,2025",2,False,False,False,False,False,False,False,False,True,True
0000005272,"2022,2023,2024,2025",4,False,False,False,False,False,False,True,True,True,True
0000005513,"2021,2024,2025",3,False,False,False,False,False,True,False,False,True,True
0000005981,2025,1,False,False,False,False,False,False,False,False,False,True
0000006201,"2024,2025",2,False,False,False,False,False,False,False,False,True,True
0000006281,"2018,2022,2023,2024,2025",5,False,False,True,False,False,False,True,True,True,True
0000006494,"2016,2017,2018,2019,2020,2021,2022,2023",8,True,True,True,True,True,True,True,True,False,False
0000006732,2016,1,True,False,False,False,False,False,False,False,False,False
0000006879,2025,1,False,False,False,False,False,False,False,False,False,True
0000006951,"2017,2018,2019,2020,2021,2022,2023,2024,2025",9,False,True,True,True,True,True,True,True,True,True
0000006955,"2024,2025",2,False,False,False,False,False,False,False,False,True,True
0000007084,"2024,2025",2,False,False,False,False,False,False,False,False,True,True
0000007286,"2024,2025",2,False,False,False,False,False,False,False,False,True,True
0000007323,"2024,2025",2,False,False,False,False,False,False,False,False,True,True
0000007431,"2018,2025",2,False,False,True,False,False,False,False,False,False,True
0000007536,2025,1,False,False,False,False,False,False,False,False,False,True
0000007789,"2024,2025",2,False,False,False,False,False,False,False,False,True,True
0000008063,2025,1,False,False,False,False,False,False,False,False,False,True
0000008192,"2024,2025",2,False,False,False,False,False,False,False,False,True,True
0000008504,"2019,2020,2021,2022,2023,2024,2025",7,False,False,False,True,True,True,True,True,True,True
0000008670,"2019,2020,2021,2022,2023,2024,2025",7,False,False,False,True,True,True,True,True,True,True
0000008818,"2024,2025",2,False,False,False,False,False,False,False,False,True,True
0000008858,"2019,2023,2024,2025",4,False,False,False,True,False,False,False,True,True,True
0000008868,"2016,2017,2018,2019",4,True,True,True,True,False,False,False,False,False,False
0000009092,"2024,2025",2,False,False,False,False,False,False,False,False,True,True
0000009326,"2024,2025",2,False,False,False,False,False,False,False,False,True,True
0000009466,"2024,2025",2,False,False,False,False,False,False,False,False,True,True
0000010456,"2024,2025",2,False,False,False,False,False,False,False,False,True,True
0000010795,"2024,2025",2,False,False,False,False,False,False,False,False,True,True
0000011544,"2024,2025",2,False,False,False,False,False,False,False,False,True,True
0000012208,2025,1,False,False,False,False,False,False,False,False,False,True
0000012239,2025,1,False,False,False,False,False,False,False,False,False,True
0000012659,"2023,2024,2025",3,False,False,False,False,False,False,False,True,True,True
0000012927,"2019,2020,2024,2025",4,False,False,False,True,True,False,False,False,True,True
0000013372,2022,1,False,False,False,False,False,False,True,False,False,False
0000014272,2025,1,False,False,False,False,False,False,False,False,False,True
0000014693,"2024,2025",2,False,False,False,False,False,False,False,False,True,True
0000014930,"2024,2025",2,False,False,False,False,False,False,False,False,True,True
0000015615,"2019,2020,2021,2022,2023,2024,2025",7,False,False,False,True,True,True,True,True,True,True
0000016040,"2024,2025",2,False,False,False,False,False,False,False,False,True,True
0000016058,"2018,2019,2020,2021,2022,2023,2024,2025",8,False,False,True,True,True,True,True,True,True,True
0000016160,"2016,2017,2018,2019,2020,2021",6,True,True,True,True,True,True,False,False,False,False
0000016732,"2023,2024,2025",3,False,False,False,False,False,False,False,True,True,True
0000016875,"2023,2024",2,False,False,False,False,False,False,False,True,True,False
0000016918,"2024,2025",2,False,False,False,False,False,False,False,False,True,True
0000017797,2025,1,False,False,False,False,False,False,False,False,False,True
0000018230,"2024,2025",2,False,False,False,False,False,False,False,False,True,True
0000018349,"2019,2020,2024,2025",4,False,False,False,True,True,False,False,False,True,True
0000018498,"2024,2025",2,False,False,False,False,False,False,False,False,True,True
0000018654,"2024,2025",2,False,False,False,False,False,False,False,False,True,True
0000018672,2025,1,False,False,False,False,False,False,False,False,False,True
0000018926,"2023,2024,2025",3,False,False,False,False,False,False,False,True,True,True
0000019617,"2021,2022,2025",3,False,False,False,False,False,True,True,False,False,True
0000019745,"2024,2025",2,False,False,False,False,False,False,False,False,True,True
0000020212,"2024,2025",2,False,False,False,False,False,False,False,False,True,True
0000020286,"2024,2025",2,False,False,False,False,False,False,False,False,True,True
0000020290,2025,1,False,False,False,False,False,False,False,False,False,True
0000020520,"2019,2020,2021,2022,2023,2024,2025",7,False,False,False,True,True,True,True,True,True,True
0000021076,"2019,2023,2024,2025",4,False,False,False,True,False,False,False,True,True,True
0000021175,"2024,2025",2,False,False,False,False,False,False,False,False,True,True
0000021344,"2019,2020,2021,2022,2023,2024,2025",7,False,False,False,True,True,True,True,True,True,True
0000021535,"2023,2024,2025",3,False,False,False,False,False,False,False,True,True,True
0000021665,"2023,2024,2025",3,False,False,False,False,False,False,False,True,True,True
0000022444,2025,1,False,False,False,False,False,False,False,False,False,True
0000022606,"2024,2025",2,False,False,False,False,False,False,False,False,True,True
0000022701,"2021,2022,2023,2024",4,False,False,False,False,False,True,True,True,True,False
0000022767,"2023,2024,2025",3,False,False,False,False,False,False,False,True,True,True
0000023111,"2020,2021,2022,2023",4,False,False,False,False,True,True,True,True,False,False
0000023197,"2023,2024,2025",3,False,False,False,False,False,False,False,True,True,True
0000023217,"2024,2025",2,False,False,False,False,False,False,False,False,True,True
0000023426,2022,1,False,False,False,False,False,False,True,False,False,False
0000023632,"2024,2025",2,False,False,False,False,False,False,False,False,True,True
0000023795,"2024,2025",2,False,False,False,False,False,False,False,False,True,True
0000024090,"2023,2024,2025",3,False,False,False,False,False,False,False,True,True,True
0000024545,"2024,2025",2,False,False,False,False,False,False,False,False,True,True
0000024741,"2024,2025",2,False,False,False,False,False,False,False,False,True,True
0000025445,2025,1,False,False,False,False,False,False,False,False,False,True
0000025475,"2024,2025",2,False,False,False,False,False,False,False,False,True,True
0000025598,2021,1,False,False,False,False,False,True,False,False,False,False
0000025895,2025,1,False,False,False,False,False,False,False,False,False,True
0000026058,2025,1,False,False,False,False,False,False,False,False,False,True
0000026076,"2016,2017,2018,2019,2021",5,True,True,True,True,False,True,False,False,False,False
0000026172,2025,1,False,False,False,False,False,False,False,False,False,True
0000026324,2025,1,False,False,False,False,False,False,False,False,False,True
0000026780,2025,1,False,False,False,False,False,False,False,False,False,True
0000027419,"2024,2025",2,False,False,False,False,False,False,False,False,True,True
0000027430,2025,1,False,False,False,False,False,False,False,False,False,True
0000027673,"2024,2025",2,False,False,False,False,False,False,False,False,True,True
0000027879,"2024,2025",2,False,False,False,False,False,False,False,False,True,True
0000027996,"2021,2022,2023,2024,2025",5,False,False,False,False,False,True,True,True,True,True
0000028412,2025,1,False,False,False,False,False,False,False,False,False,True
0000028823,"2020,2021,2024,2025",4,False,False,False,False,True,True,False,False,True,True
0000029002,"2017,2024,2025",3,False,True,False,False,False,False,False,False,True,True
0000029534,2025,1,False,False,False,False,False,False,False,False,False,True
0000029644,2025,1,False,False,False,False,False,False,False,False,False,True
0000029905,"2019,2021,2022,2023,2024,2025",6,False,False,False,True,False,True,True,True,True,True
0000029915,"2021,2023,2024,2025",4,False,False,False,False,False,True,False,True,True,True
0000029989,"2023,2024,2025",3,False,False,False,False,False,False,False,True,True,True
0000030305,"2024,2025",2,False,False,False,False,False,False,False,False,True,True
0000030371,2025,1,False,False,False,False,False,False,False,False,False,True
0000030554,"2024,2025",2,False,False,False,False,False,False,False,False,True,True
0000030625,2025,1,False,False,False,False,False,False,False,False,False,True
0000030697,"2024,2025",2,False,False,False,False,False,False,False,False,True,True
0000031107,"2024,2025",2,False,False,False,False,False,False,False,False,True,True
0000031235,"2024,2025",2,False,False,False,False,False,False,False,False,True,True
0000031462,"2021,2022,2023,2024,2025",5,False,False,False,False,False,True,True,True,True,True
0000031791,2025,1,False,False,False,False,False,False,False,False,False,True
0000032604,"2022,2024,2025",3,False,False,False,False,False,False,True,False,True,True
0000033185,"2019,2020,2021,2022,2023,2024,2025",7,False,False,False,True,True,True,True,True,True,True
0000033992,"2024,2025",2,False,False,False,False,False,False,False,False,True,True
0000034067,2025,1,False,False,False,False,False,False,False,False,False,True
0000034285,"2021,2022,2023,2024,2025",5,False,False,False,False,False,True,True,True,True,True
0000034563,"2023,2024",2,False,False,False,False,False,False,False,True,True,False
0000034782,"2024,2025",2,False,False,False,False,False,False,False,False,True,True
0000035527,"2020,2024,2025",3,False,False,False,False,True,False,False,False,True,True
0000036029,"2024,2025",2,False,False,False,False,False,False,False,False,True,True
0000036047,"2017,2018,2019,2020,2021",5,False,True,True,True,True,True,False,False,False,False
0000036104,"2023,2024,2025",3,False,False,False,False,False,False,False,True,True,True
0000036146,"2023,2024,2025",3,False,False,False,False,False,False,False,True,True,True
0000036270,2025,1,False,False,False,False,False,False,False,False,False,True
0000036377,"2024,2025",2,False,False,False,False,False,False,False,False,True,True
0000036966,"2017,2018,2019,2020,2021,2022,2023,2024,2025",9,False,True,True,True,True,True,True,True,True,True
0000037634,"2024,2025",2,False,False,False,False,False,False,False,False,True,True
0000037637,2025,1,False,False,False,False,False,False,False,False,False,True
0000037785,"2018,2020,2021,2022,2023",5,False,False,True,False,True,True,True,True,False,False
0000037808,"2024,2025",2,False,False,False,False,False,False,False,False,True,True
0000037996,"2021,2022,2023,2024,2025",5,False,False,False,False,False,True,True,True,True,True
0000038009,"2024,2025",2,False,False,False,False,False,False,False,False,True,True
0000038264,2025,1,False,False,False,False,False,False,False,False,False,True
0000038777,"2024,2025",2,False,False,False,False,False,False,False,False,True,True
0000039263,"2020,2021,2022,2023,2024,2025",6,False,False,False,False,True,True,True,True,True,True
0000039899,"2024,2025",2,False,False,False,False,False,False,False,False,True,True
0000039911,"2021,2022,2023,2024,2025",5,False,False,False,False,False,True,True,True,True,True
0000040211,"2024,2025",2,False,False,False,False,False,False,False,False,True,True
0000040533,"2020,2021,2022,2023,2024,2025",6,False,False,False,False,True,True,True,True,True,True
0000040545,"2017,2018,2020,2021,2022,2023,2024,2025",8,False,True,True,False,True,True,True,True,True,True
0000040570,"2024,2025",2,False,False,False,False,False,False,False,False,True,True
0000040729,"2024,2025",2,False,False,False,False,False,False,False,False,True,True
0000040987,"2024,2025",2,False,False,False,False,False,False,False,False,True,True
0000041091,2025,1,False,False,False,False,False,False,False,False,False,True
0000041719,"2024,2025",2,False,False,False,False,False,False,False,False,True,True
0000042682,2025,1,False,False,False,False,False,False,False,False,False,True
0000042888,"2024,2025",2,False,False,False,False,False,False,False,False,True,True
0000043920,2024,1,False,False,False,False,False,False,False,False,True,False
0000045012,"2021,2022,2023,2024,2025",5,False,False,False,False,False,True,True,True,True,True
0000045876,"2021,2022,2025",3,False,False,False,False,False,True,True,False,False,True
0000045919,"2019,2020,2021,2022,2023,2024,2025",7,False,False,False,True,True,True,True,True,True,True
0000046080,"2024,2025",2,False,False,False,False,False,False,False,False,True,True
0000046207,"2020,2021,2022,2023,2024,2025",6,False,False,False,False,True,True,True,True,True,True
0000046619,2025,1,False,False,False,False,False,False,False,False,False,True
0000046765,"2020,2024,2025",3,False,False,False,False,True,False,False,False,True,True
0000047111,2024,1,False,False,False,False,False,False,False,False,True,False
0000047129,2025,1,False,False,False,False,False,False,False,False,False,True
0000047217,"2023,2024,2025",3,False,False,False,False,False,False,False,True,True,True
0000047307,2025,1,False,False,False,False,False,False,False,False,False,True
0000047518,"2018,2019,2020,2021",4,False,False,True,True,True,True,False,False,False,False
0000048287,2025,1,False,False,False,False,False,False,False,False,False,True
0000048465,2025,1,False,False,False,False,False,False,False,False,False,True
0000048732,"2022,2024,2025",3,False,False,False,False,False,False,True,False,True,True
0000048898,"2024,2025",2,False,False,False,False,False,False,False,False,True,True
0000049071,2025,1,False,False,False,False,False,False,False,False,False,True
0000049196,2025,1,False,False,False,False,False,False,False,False,False,True
0000049600,2025,1,False,False,False,False,False,False,False,False,False,True
0000049615,"2016,2017,2018,2019",4,True,True,True,True,False,False,False,False,False,False
0000049754,"2024,2025",2,False,False,False,False,False,False,False,False,True,True
0000049826,2025,1,False,False,False,False,False,False,False,False,False,True
0000049938,"2024,2025",2,False,False,False,False,False,False,False,False,True,True
0000050172,2025,1,False,False,False,False,False,False,False,False,False,True
0000050292,"2023,2024,2025",3,False,False,False,False,False,False,False,True,True,True
0000050725,2025,1,False,False,False,False,False,False,False,False,False,True
0000050863,"2017,2018,2019,2020,2021,2022,2023,2024,2025",9,False,True,True,True,True,True,True,True,True,True
0000051143,"2016,2017,2018,2019,2020,2021,2022,2023,2024,2025",10,True,True,True,True,True,True,True,True,True,True
0000051253,"2024,2025",2,False,False,False,False,False,False,False,False,True,True
0000051434,"2024,2025",2,False,False,False,False,False,False,False,False,True,True
0000051644,"2024,2025",2,False,False,False,False,False,False,False,False,True,True
0000052428,"2024,2025",2,False,False,False,False,False,False,False,False,True,True
0000052485,"2024,2025",2,False,False,False,False,False,False,False,False,True,True
0000052988,"2019,2020,2021,2022,2023,2024,2025",7,False,False,False,True,True,True,True,True,True,True
0000054381,2024,1,False,False,False,False,False,False,False,False,True,False
0000054476,"2019,2025",2,False,False,False,True,False,False,False,False,False,True
0000054507,"2019,2025",2,False,False,False,True,False,False,False,False,False,True
0000055067,"2024,2025",2,False,False,False,False,False,False,False,False,True,True
0000055135,"2017,2018,2019,2020,2021,2022,2023,2024,2025",9,False,True,True,True,True,True,True,True,True,True
0000055387,2025,1,False,False,False,False,False,False,False,False,False,True
0000055529,2024,1,False,False,False,False,False,False,False,False,True,False
0000055785,2025,1,False,False,False,False,False,False,False,False,False,True
0000056047,2025,1,False,False,False,False,False,False,False,False,False,True
0000056679,"2017,2018,2019,2020,2021,2022,2023,2024,2025",9,False,True,True,True,True,True,True,True,True,True
0000056873,"2024,2025",2,False,False,False,False,False,False,False,False,True,True
0000056978,"2023,2024,2025",3,False,False,False,False,False,False,False,True,True,True
0000057131,2025,1,False,False,False,False,False,False,False,False,False,True
0000057183,"2024,2025",2,False,False,False,False,False,False,False,False,True,True
0000057515,"2024,2025",2,False,False,False,False,False,False,False,False,True,True
0000058361,"2023,2024,2025",3,False,False,False,False,False,False,False,True,True,True
0000058492,"2020,2021,2022,2023,2024,2025",6,False,False,False,False,True,True,True,True,True,True
0000059440,2021,1,False,False,False,False,False,True,False,False,False,False
0000059478,"2024,2025",2,False,False,False,False,False,False,False,False,True,True
0000059527,"2024,2025",2,False,False,False,False,False,False,False,False,True,True
0000059558,"2021,2022,2023,2024,2025",5,False,False,False,False,False,True,True,True,True,True
0000060086,"2024,2025",2,False,False,False,False,False,False,False,False,True,True
0000060519,2025,1,False,False,False,False,False,False,False,False,False,True
0000060549,2025,1,False,False,False,False,False,False,False,False,False,True
0000060667,"2024,2025",2,False,False,False,False,False,False,False,False,True,True
0000061339,2025,1,False,False,False,False,False,False,False,False,False,True
0000062709,"2018,2019,2020,2021,2022,2023,2024,2025",8,False,False,True,True,True,True,True,True,True,True
0000063276,"2024,2025",2,False,False,False,False,False,False,False,False,True,True
0000063754,"2024,2025",2,False,False,False,False,False,False,False,False,True,True
0000063908,"2024,2025",2,False,False,False,False,False,False,False,False,True,True
0000064040,"2018,2019,2020,2021,2023,2024,2025",7,False,False,True,True,True,True,False,True,True,True
0000064463,"2022,2023,2024,2025",4,False,False,False,False,False,False,True,True,True,True
0000064472,2025,1,False,False,False,False,False,False,False,False,False,True
0000064803,"2020,2021,2022,2023,2024,2025",6,False,False,False,False,True,True,True,True,True,True
0000064996,"2021,2022,2024,2025",4,False,False,False,False,False,True,True,False,True,True
0000065770,"2017,2018,2019,2020,2021,2022,2023,2024,2025",9,False,True,True,True,True,True,True,True,True,True
0000065984,"2024,2025",2,False,False,False,False,False,False,False,False,True,True
0000066004,2024,1,False,False,False,False,False,False,False,False,True,False
0000066570,"2024,2025",2,False,False,False,False,False,False,False,False,True,True
0000066740,"2019,2020,2021,2022,2023,2024,2025",7,False,False,False,True,True,True,True,True,True,True
0000066901,"2024,2025",2,False,False,False,False,False,False,False,False,True,True
0000066904,2025,1,False,False,False,False,False,False,False,False,False,True
0000067215,"2024,2025",2,False,False,False,False,False,False,False,False,True,True
0000067347,"2022,2023,2024,2025",4,False,False,False,False,False,False,True,True,True,True
0000067716,"2016,2024,2025",3,True,False,False,False,False,False,False,False,True,True
0000067887,"2022,2023,2024,2025",4,False,False,False,False,False,False,True,True,True,True
0000068505,"2019,2020,2021,2022,2023,2024,2025",7,False,False,False,True,True,True,True,True,True,True
0000068622,"2023,2024,2025",3,False,False,False,False,False,False,False,True,True,True
0000069422,2024,1,False,False,False,False,False,False,False,False,True,False
0000069488,"2017,2018,2019,2020,2021,2022,2023,2024",8,False,True,True,True,True,True,True,True,True,False
0000069733,2025,1,False,False,False,False,False,False,False,False,False,True
0000070145,"2024,2025",2,False,False,False,False,False,False,False,False,True,True
0000070318,"2024,2025",2,False,False,False,False,False,False,False,False,True,True
0000070415,"2019,2020",2,False,False,False,True,True,False,False,False,False,False
0000070487,"2024,2025",2,False,False,False,False,False,False,False,False,True,True
0000070502,2025,1,False,False,False,False,False,False,False,False,False,True
0000070858,"2019,2020,2021,2022,2023,2024,2025",7,False,False,False,True,True,True,True,True,True,True
0000070866,"2019,2024,2025",3,False,False,False,True,False,False,False,False,True,True
0000071180,"2024,2025",2,False,False,False,False,False,False,False,False,True,True
0000071508,"2024,2025",2,False,False,False,False,False,False,False,False,True,True
0000071691,"2022,2024,2025",3,False,False,False,False,False,False,True,False,True,True
0000072162,"2019,2020",2,False,False,False,True,True,False,False,False,False,False
0000072331,2025,1,False,False,False,False,False,False,False,False,False,True
0000072333,"2024,2025",2,False,False,False,False,False,False,False,False,True,True
0000072444,"2024,2025",2,False,False,False,False,False,False,False,False,True,True
0000072573,2025,1,False,False,False,False,False,False,False,False,False,True
0000072741,2022,1,False,False,False,False,False,False,True,False,False,False
0000072903,"2023,2024,2025",3,False,False,False,False,False,False,False,True,True,True
0000072909,"2024,2025",2,False,False,False,False,False,False,False,False,True,True
0000072971,"2019,2020,2021,2022,2023,2024,2025",7,False,False,False,True,True,True,True,True,True,True
0000073020,2024,1,False,False,False,False,False,False,False,False,True,False
0000073124,"2020,2021,2022,2023,2024,2025",6,False,False,False,False,True,True,True,True,True,True
0000073290,"2023,2024,2025",3,False,False,False,False,False,False,False,True,True,True
0000073756,2025,1,False,False,False,False,False,False,False,False,False,True
0000073986,2025,1,False,False,False,False,False,False,False,False,False,True
0000074046,"2024,2025",2,False,False,False,False,False,False,False,False,True,True
0000074145,"2024,2025",2,False,False,False,False,False,False,False,False,True,True
0000074208,"2024,2025",2,False,False,False,False,False,False,False,False,True,True
0000074260,2025,1,False,False,False,False,False,False,False,False,False,True
0000075252,"2024,2025",2,False,False,False,False,False,False,False,False,True,True
0000075288,"2023,2024,2025",3,False,False,False,False,False,False,False,True,True,True
0000075362,2018,1,False,False,True,False,False,False,False,False,False,False
0000075488,2025,1,False,False,False,False,False,False,False,False,False,True
0000075594,"2024,2025",2,False,False,False,False,False,False,False,False,True,True
0000075679,2018,1,False,False,True,False,False,False,False,False,False,False
0000076334,"2024,2025",2,False,False,False,False,False,False,False,False,True,True
0000077360,"2024,2025",2,False,False,False,False,False,False,False,False,True,True
0000077476,"2020,2024,2025",3,False,False,False,False,True,False,False,False,True,True
0000077877,2022,1,False,False,False,False,False,False,True,False,False,False
0000078003,"2024,2025",2,False,False,False,False,False,False,False,False,True,True
0000078100,"2024,2025",2,False,False,False,False,False,False,False,False,True,True
0000078239,2025,1,False,False,False,False,False,False,False,False,False,True
0000078460,2025,1,False,False,False,False,False,False,False,False,False,True
0000078749,"2023,2024,2025",3,False,False,False,False,False,False,False,True,True,True
0000078814,"2024,2025",2,False,False,False,False,False,False,False,False,True,True
0000079282,2025,1,False,False,False,False,False,False,False,False,False,True
0000079661,"2024,2025",2,False,False,False,False,False,False,False,False,True,True
0000079732,"2024,2025",2,False,False,False,False,False,False,False,False,True,True
0000079879,2025,1,False,False,False,False,False,False,False,False,False,True
0000080172,"2020,2021,2022,2023,2024,2025",6,False,False,False,False,True,True,True,True,True,True
0000080420,"2024,2025",2,False,False,False,False,False,False,False,False,True,True
0000080424,"2017,2024,2025",3,False,True,False,False,False,False,False,False,True,True
0000080661,"2018,2019,2020,2022,2023,2024,2025",7,False,False,True,True,True,False,True,True,True,True
0000081018,"2024,2025",2,False,False,False,False,False,False,False,False,True,True
0000081020,2025,1,False,False,False,False,False,False,False,False,False,True
0000081023,"2023,2024,2025",3,False,False,False,False,False,False,False,True,True,True
0000081027,2025,1,False,False,False,False,False,False,False,False,False,True
0000081033,"2024,2025",2,False,False,False,False,False,False,False,False,True,True
0000081100,"2024,2025",2,False,False,False,False,False,False,False,False,True,True
0000082473,"2024,2025",2,False,False,False,False,False,False,False,False,True,True
0000082811,"2024,2025",2,False,False,False,False,False,False,False,False,True,True
0000083246,"2021,2022,2023,2024,2025",5,False,False,False,False,False,True,True,True,True,True
0000083350,"2021,2022,2023,2024,2025",5,False,False,False,False,False,True,True,True,True,True
0000084129,"2021,2022",2,False,False,False,False,False,True,True,False,False,False
0000084246,2025,1,False,False,False,False,False,False,False,False,False,True
0000084748,2025,1,False,False,False,False,False,False,False,False,False,True
0000084839,2025,1,False,False,False,False,False,False,False,False,False,True
0000085535,2025,1,False,False,False,False,False,False,False,False,False,True
0000085961,"2024,2025",2,False,False,False,False,False,False,False,False,True,True
0000086115,"2016,2017,2018,2019,2020,2021,2022,2023,2024",9,True,True,True,True,True,True,True,True,True,False
0000086312,"2020,2021,2022,2023,2024,2025",6,False,False,False,False,True,True,True,True,True,True
0000086521,2025,1,False,False,False,False,False,False,False,False,False,True
0000087050,"2021,2022,2023,2024,2025",5,False,False,False,False,False,True,True,True,True,True
0000087347,"2021,2022,2023,2024,2025",5,False,False,False,False,False,True,True,True,True,True
0000088121,"2024,2025",2,False,False,False,False,False,False,False,False,True,True
0000088205,"2021,2022,2023,2025",4,False,False,False,False,False,True,True,True,False,True
0000088941,"2024,2025",2,False,False,False,False,False,False,False,False,True,True
0000089089,2025,1,False,False,False,False,False,False,False,False,False,True
0000089800,2025,1,False,False,False,False,False,False,False,False,False,True
0000090144,"2024,2025",2,False,False,False,False,False,False,False,False,True,True
0000090896,2025,1,False,False,False,False,False,False,False,False,False,True
0000091142,"2024,2025",2,False,False,False,False,False,False,False,False,True,True
0000091388,2016,1,True,False,False,False,False,False,False,False,False,False
0000091419,"2024,2025",2,False,False,False,False,False,False,False,False,True,True
0000091440,"2024,2025",2,False,False,False,False,False,False,False,False,True,True
0000091576,"2023,2024,2025",3,False,False,False,False,False,False,False,True,True,True
0000091767,"2024,2025",2,False,False,False,False,False,False,False,False,True,True
0000091882,"2024,2025",2,False,False,False,False,False,False,False,False,True,True
0000092103,"2024,2025",2,False,False,False,False,False,False,False,False,True,True
0000092108,2025,1,False,False,False,False,False,False,False,False,False,True
0000092116,"2024,2025",2,False,False,False,False,False,False,False,False,True,True
0000092122,2025,1,False,False,False,False,False,False,False,False,False,True
0000092230,"2022,2024,2025",3,False,False,False,False,False,False,True,False,True,True
0000092380,"2024,2025",2,False,False,False,False,False,False,False,False,True,True
0000092487,2025,1,False,False,False,False,False,False,False,False,False,True
0000092521,"2024,2025",2,False,False,False,False,False,False,False,False,True,True
0000093314,2024,1,False,False,False,False,False,False,False,False,True,False
0000093410,"2024,2025",2,False,False,False,False,False,False,False,False,True,True
0000093556,"2018,2019,2020,2021,2022,2023,2024,2025",8,False,False,True,True,True,True,True,True,True,True
0000093751,"2021,2022,2023,2024,2025",5,False,False,False,False,False,True,True,True,True,True
0000094049,2025,1,False,False,False,False,False,False,False,False,False,True
0000094845,"2019,2020,2021,2022,2023,2024,2025",7,False,False,False,True,True,True,True,True,True,True
0000095552,2025,1,False,False,False,False,False,False,False,False,False,True
0000095574,"2024,2025",2,False,False,False,False,False,False,False,False,True,True
0000096021,"2023,2024,2025",3,False,False,False,False,False,False,False,True,True,True
0000096223,"2024,2025",2,False,False,False,False,False,False,False,False,True,True
0000097134,2024,1,False,False,False,False,False,False,False,False,True,False
0000097210,"2022,2023,2024,2025",4,False,False,False,False,False,False,True,True,True,True
0000097216,"2023,2024,2025",3,False,False,False,False,False,False,False,True,True,True
0000097476,2025,1,False,False,False,False,False,False,False,False,False,True
0000097745,"2024,2025",2,False,False,False,False,False,False,False,False,True,True
0000098222,2025,1,False,False,False,False,False,False,False,False,False,True
0000098362,"2024,2025",2,False,False,False,False,False,False,False,False,True,True
0000099250,2025,1,False,False,False,False,False,False,False,False,False,True
0000100122,"2024,2025",2,False,False,False,False,False,False,False,False,True,True
0000100493,"2021,2022,2023,2024,2025",5,False,False,False,False,False,True,True,True,True,True
0000100517,"2024,2025",2,False,False,False,False,False,False,False,False,True,True
0000100591,"2019,2024,2025",3,False,False,False,True,False,False,False,False,True,True
0000100726,2020,1,False,False,False,False,True,False,False,False,False,False
0000100790,"2024,2025",2,False,False,False,False,False,False,False,False,True,True
0000100826,"2024,2025",2,False,False,False,False,False,False,False,False,True,True
0000100885,2025,1,False,False,False,False,False,False,False,False,False,True
0000101199,"2024,2025",2,False,False,False,False,False,False,False,False,True,True
0000101382,"2024,2025",2,False,False,False,False,False,False,False,False,True,True
0000101538,2025,1,False,False,False,False,False,False,False,False,False,True
0000101829,"2023,2024,2025",3,False,False,False,False,False,False,False,True,True,True
0000101830,2019,1,False,False,False,True,False,False,False,False,False,False
0000101984,"2018,2019,2020,2021,2022,2023,2025",7,False,False,True,True,True,True,True,True,False,True
0000102729,"2021,2022,2023,2024,2025",5,False,False,False,False,False,True,True,True,True,True
0000102752,2025,1,False,False,False,False,False,False,False,False,False,True
0000103145,"2020,2021,2022,2023,2024,2025",6,False,False,False,False,True,True,True,True,True,True
0000103379,"2024,2025",2,False,False,False,False,False,False,False,False,True,True
0000103682,"2024,2025",2,False,False,False,False,False,False,False,False,True,True
0000103730,2025,1,False,False,False,False,False,False,False,False,False,True
0000104169,"2024,2025",2,False,False,False,False,False,False,False,False,True,True
0000104889,"2018,2019,2020,2021,2022,2023,2024,2025",8,False,False,True,True,True,True,True,True,True,True
0000104918,"2023,2024,2025",3,False,False,False,False,False,False,False,True,True,True
0000105016,2025,1,False,False,False,False,False,False,False,False,False,True
0000105132,"2022,2025",2,False,False,False,False,False,False,True,False,False,True
0000105319,"2021,2022,2023,2024,2025",5,False,False,False,False,False,True,True,True,True,True
0000105418,2025,1,False,False,False,False,False,False,False,False,False,True
0000105634,"2024,2025",2,False,False,False,False,False,False,False,False,True,True
0000106040,"2018,2023,2024,2025",4,False,False,True,False,False,False,False,True,True,True
0000106535,"2022,2023,2024,2025",4,False,False,False,False,False,False,True,True,True,True
0000106640,"2024,2025",2,False,False,False,False,False,False,False,False,True,True
0000107140,"2023,2024,2025",3,False,False,False,False,False,False,False,True,True,True
0000107263,2025,1,False,False,False,False,False,False,False,False,False,True
0000107815,2025,1,False,False,False,False,False,False,False,False,False,True
0000107832,"2024,2025",2,False,False,False,False,False,False,False,False,True,True
0000107833,2025,1,False,False,False,False,False,False,False,False,False,True
0000108312,2025,1,False,False,False,False,False,False,False,False,False,True
0000108516,2025,1,False,False,False,False,False,False,False,False,False,True
0000108772,"2016,2017,2018,2019,2020,2021,2022,2023,2024,2025",10,True,True,True,True,True,True,True,True,True,True
0000109198,2025,1,False,False,False,False,False,False,False,False,False,True
0000109380,"2024,2025",2,False,False,False,False,False,False,False,False,True,True
0000109563,"2021,2022,2023,2024",4,False,False,False,False,False,True,True,True,True,False
0000110019,2025,1,False,False,False,False,False,False,False,False,False,True
0000110621,"2023,2024,2025",3,False,False,False,False,False,False,False,True,True,True
0000200406,"2024,2025",2,False,False,False,False,False,False,False,False,True,True
0000201533,2025,1,False,False,False,False,False,False,False,False,False,True
0000202058,2025,1,False,False,False,False,False,False,False,False,False,True
0000202584,"2024,2025",2,False,False,False,False,False,False,False,False,True,True
0000203527,"2018,2019,2020,2021",4,False,False,True,True,True,True,False,False,False,False
0000203596,2025,1,False,False,False,False,False,False,False,False,False,True
0000216085,"2022,2023,2024",3,False,False,False,False,False,False,True,True,True,False
0000217346,2025,1,False,False,False,False,False,False,False,False,False,True
0000225211,"2016,2017,2022",3,True,True,False,False,False,False,True,False,False,False
0000225628,"2019,2020,2021,2022",4,False,False,False,True,True,True,True,False,False,False
0000230557,"2024,2025",2,False,False,False,False,False,False,False,False,True,True
0000275880,"2020,2021,2022,2023,2024,2025",6,False,False,False,False,True,True,True,True,True,True
0000277135,"2024,2025",2,False,False,False,False,False,False,False,False,True,True
0000277509,"2024,2025",2,False,False,False,False,False,False,False,False,True,True
0000277638,"2024,2025",2,False,False,False,False,False,False,False,False,True,True
0000277948,"2024,2025",2,False,False,False,False,False,False,False,False,True,True
0000278165,"2019,2020,2021,2022,2023,2024,2025",7,False,False,False,True,True,True,True,True,True,True
0000310142,"2021,2022,2023,2024,2025",5,False,False,False,False,False,True,True,True,True,True
0000310158,"2024,2025",2,False,False,False,False,False,False,False,False,True,True
0000310522,"2019,2023,2024,2025",4,False,False,False,True,False,False,False,True,True,True
0000310764,"2021,2022,2023,2024,2025",5,False,False,False,False,False,True,True,True,True,True
0000310826,2022,1,False,False,False,False,False,False,True,False,False,False
0000313143,"2024,2025",2,False,False,False,False,False,False,False,False,True,True
0000313616,"2018,2019,2020,2021,2022,2023,2024,2025",8,False,False,True,True,True,True,True,True,True,True
0000313927,"2024,2025",2,False,False,False,False,False,False,False,False,True,True
0000314203,"2024,2025",2,False,False,False,False,False,False,False,False,True,True
0000314227,"2021,2024",2,False,False,False,False,False,True,False,False,True,False
0000314489,"2024,2025",2,False,False,False,False,False,False,False,False,True,True
0000314808,"2024,2025",2,False,False,False,False,False,False,False,False,True,True
0000315131,2025,1,False,False,False,False,False,False,False,False,False,True
0000315189,"2017,2018,2019,2022,2023,2024,2025",7,False,True,True,True,False,False,True,True,True,True
0000315213,"2019,2020,2021,2022,2023,2024,2025",7,False,False,False,True,True,True,True,True,True,True
0000315256,2022,1,False,False,False,False,False,False,True,False,False,False
0000315293,"2024,2025",2,False,False,False,False,False,False,False,False,True,True
0000315709,"2023,2024,2025",3,False,False,False,False,False,False,False,True,True,True
0000315958,"2018,2019,2020,2021,2022,2023,2024,2025",8,False,False,True,True,True,True,True,True,True,True
0000316709,"2024,2025",2,False,False,False,False,False,False,False,False,True,True
0000317187,2025,1,False,False,False,False,False,False,False,False,False,True
0000317788,"2021,2022,2024",3,False,False,False,False,False,True,True,False,True,False
0000318154,"2024,2025",2,False,False,False,False,False,False,False,False,True,True
0000318299,2025,1,False,False,False,False,False,False,False,False,False,True
0000319201,"2017,2018,2019,2020,2021,2022,2023,2024,2025",9,False,True,True,True,True,True,True,True,True,True
0000319458,2024,1,False,False,False,False,False,False,False,False,True,False
0000319671,"2016,2017",2,True,True,False,False,False,False,False,False,False,False
0000319687,"2024,2025",2,False,False,False,False,False,False,False,False,True,True
0000320121,"2021,2022,2023,2024,2025",5,False,False,False,False,False,True,True,True,True,True
0000320187,"2024,2025",2,False,False,False,False,False,False,False,False,True,True
0000320193,"2023,2024,2025",3,False,False,False,False,False,False,False,True,True,True
0000320335,2025,1,False,False,False,False,False,False,False,False,False,True
0000350868,"2016,2017,2019,2022,2023,2024",6,True,True,False,True,False,False,True,True,True,False
0000350894,2025,1,False,False,False,False,False,False,False,False,False,True
0000351569,2025,1,False,False,False,False,False,False,False,False,False,True
0000351817,"2019,2024",2,False,False,False,True,False,False,False,False,True,False
0000351834,"2024,2025",2,False,False,False,False,False,False,False,False,True,True
0000351998,"2020,2021,2022,2023,2024,2025",6,False,False,False,False,True,True,True,True,True,True
0000352541,"2024,2025",2,False,False,False,False,False,False,False,False,True,True
0000354190,"2019,2020,2021,2022,2023,2024,2025",7,False,False,False,True,True,True,True,True,True,True
0000354707,"2020,2021,2022,2023,2024,2025",6,False,False,False,False,True,True,True,True,True,True
0000354950,"2019,2024,2025",3,False,False,False,True,False,False,False,False,True,True
0000354963,2025,1,False,False,False,False,False,False,False,False,False,True
0000355019,"2023,2024",2,False,False,False,False,False,False,False,True,True,False
0000355811,2025,1,False,False,False,False,False,False,False,False,False,True
0000356028,"2017,2018",2,False,True,True,False,False,False,False,False,False,False
0000356171,"2024,2025",2,False,False,False,False,False,False,False,False,True,True
0000356309,2023,1,False,False,False,False,False,False,False,True,False,False
0000356590,"2021,2022,2023,2024",4,False,False,False,False,False,True,True,True,True,False
0000357173,2025,1,False,False,False,False,False,False,False,False,False,True
0000357294,2025,1,False,False,False,False,False,False,False,False,False,True
0000357301,2025,1,False,False,False,False,False,False,False,False,False,True
0000700564,"2024,2025",2,False,False,False,False,False,False,False,False,True,True
0000700764,2024,1,False,False,False,False,False,False,False,False,True,False
0000700841,2025,1,False,False,False,False,False,False,False,False,False,True
0000700923,2020,1,False,False,False,False,True,False,False,False,False,False
0000701221,"2017,2018",2,False,True,True,False,False,False,False,False,False,False
0000701347,2025,1,False,False,False,False,False,False,False,False,False,True
0000701374,2024,1,False,False,False,False,False,False,False,False,True,False
0000701719,2025,1,False,False,False,False,False,False,False,False,False,True
0000701869,"2020,2021",2,False,False,False,False,True,True,False,False,False,False
0000701985,"2024,2025",2,False,False,False,False,False,False,False,False,True,True
0000702165,2025,1,False,False,False,False,False,False,False,False,False,True
0000702513,2021,1,False,False,False,False,False,True,False,False,False,False
0000703351,"2024,2025",2,False,False,False,False,False,False,False,False,True,True
0000703604,"2024,2025",2,False,False,False,False,False,False,False,False,True,True
0000704172,2024,1,False,False,False,False,False,False,False,False,True,False
0000704532,"2018,2019,2020,2021,2022,2023,2024,2025",8,False,False,True,True,True,True,True,True,True,True
0000704562,2024,1,False,False,False,False,False,False,False,False,True,False
0000705432,"2024,2025",2,False,False,False,False,False,False,False,False,True,True
0000706129,2025,1,False,False,False,False,False,False,False,False,False,True
0000707179,2025,1,False,False,False,False,False,False,False,False,False,True
0000707549,"2020,2021,2022,2023,2024,2025",6,False,False,False,False,True,True,True,True,True,True
0000708781,"2022,2023,2025",3,False,False,False,False,False,False,True,True,False,True
0000708818,"2022,2023",2,False,False,False,False,False,False,True,True,False,False
0000708821,"2019,2020,2021,2022,2023,2024,2025",7,False,False,False,True,True,True,True,True,True,True
0000708955,2025,1,False,False,False,False,False,False,False,False,False,True
0000709283,"2019,2020,2021,2023,2024,2025",6,False,False,False,True,True,True,False,True,True,True
0000709337,"2016,2025",2,True,False,False,False,False,False,False,False,False,True
0000711034,2024,1,False,False,False,False,False,False,False,False,True,False
0000711065,2016,1,True,False,False,False,False,False,False,False,False,False
0000711404,2024,1,False,False,False,False,False,False,False,False,True,False
0000711669,"2024,2025",2,False,False,False,False,False,False,False,False,True,True
0000712515,"2022,2023,2024,2025",4,False,False,False,False,False,False,True,True,True,True
0000712537,"2021,2022,2023,2024,2025",5,False,False,False,False,False,True,True,True,True,True
0000712771,"2023,2024,2025",3,False,False,False,False,False,False,False,True,True,True
0000713425,"2017,2018,2019,2020,2021,2022,2023,2024",8,False,True,True,True,True,True,True,True,True,False
0000713676,"2018,2019,2020,2021,2022,2023,2024,2025",8,False,False,True,True,True,True,True,True,True,True
0000714256,"2024,2025",2,False,False,False,False,False,False,False,False,True,True
0000714310,"2024,2025",2,False,False,False,False,False,False,False,False,True,True
0000714562,2025,1,False,False,False,False,False,False,False,False,False,True
0000715072,2025,1,False,False,False,False,False,False,False,False,False,True
0000715446,"2016,2018,2019,2020,2021,2022,2023",7,True,False,True,True,True,True,True,True,False,False
0000715579,"2024,2025",2,False,False,False,False,False,False,False,False,True,True
0000715957,"2024,2025",2,False,False,False,False,False,False,False,False,True,True
0000716133,2024,1,False,False,False,False,False,False,False,False,True,False
0000717423,"2019,2024,2025",3,False,False,False,True,False,False,False,False,True,True
0000717538,2025,1,False,False,False,False,False,False,False,False,False,True
0000717605,"2024,2025",2,False,False,False,False,False,False,False,False,True,True
0000717720,2025,1,False,False,False,False,False,False,False,False,False,True
0000717806,"2024,2025",2,False,False,False,False,False,False,False,False,True,True
0000718877,"2022,2023",2,False,False,False,False,False,False,True,True,False,False
0000718937,"2024,2025",2,False,False,False,False,False,False,False,False,True,True
0000719274,"2019,2020",2,False,False,False,True,True,False,False,False,False,False
0000719413,"2022,2024,2025",3,False,False,False,False,False,False,True,False,True,True
0000719955,"2018,2023,2024,2025",4,False,False,True,False,False,False,False,True,True,True
0000720005,"2021,2022,2023,2024,2025",5,False,False,False,False,False,True,True,True,True,True
0000720154,"2023,2024,2025",3,False,False,False,False,False,False,False,True,True,True
0000720500,"2018,2019,2020,2021,2022,2023,2024,2025",8,False,False,True,True,True,True,True,True,True,True
0000720672,"2023,2024,2025",3,False,False,False,False,False,False,False,True,True,True
0000721371,"2024,2025",2,False,False,False,False,False,False,False,False,True,True
0000721994,2025,1,False,False,False,False,False,False,False,False,False,True
0000722572,"2024,2025",2,False,False,False,False,False,False,False,False,True,True
0000723125,"2017,2018,2019,2020,2021,2022,2023,2024,2025",9,False,True,True,True,True,True,True,True,True,True
0000723188,"2024,2025",2,False,False,False,False,False,False,False,False,True,True
0000723254,"2024,2025",2,False,False,False,False,False,False,False,False,True,True
0000723531,"2019,2020,2021,2022,2023,2024,2025",7,False,False,False,True,True,True,True,True,True,True
0000723603,"2024,2025",2,False,False,False,False,False,False,False,False,True,True
0000725363,"2023,2025",2,False,False,False,False,False,False,False,True,False,True
0000725394,"2020,2021,2022,2023,2025",5,False,False,False,False,True,True,True,True,False,True
0000726293,2017,1,False,True,False,False,False,False,False,False,False,False
0000726513,2016,1,True,False,False,False,False,False,False,False,False,False
0000726601,"2024,2025",2,False,False,False,False,False,False,False,False,True,True
0000726854,"2024,2025",2,False,False,False,False,False,False,False,False,True,True
0000726865,"2021,2022,2023,2024,2025",5,False,False,False,False,False,True,True,True,True,True
0000727892,"2024,2025",2,False,False,False,False,False,False,False,False,True,True
0000727920,"2024,2025",2,False,False,False,False,False,False,False,False,True,True
0000728387,2025,1,False,False,False,False,False,False,False,False,False,True
0000728391,2025,1,False,False,False,False,False,False,False,False,False,True
0000729580,2025,1,False,False,False,False,False,False,False,False,False,True
0000729986,2025,1,False,False,False,False,False,False,False,False,False,True
0000730255,"2020,2021",2,False,False,False,False,True,True,False,False,False,False
0000730263,"2024,2025",2,False,False,False,False,False,False,False,False,True,True
0000730272,2025,1,False,False,False,False,False,False,False,False,False,True
0000730464,"2021,2024,2025",3,False,False,False,False,False,True,False,False,True,True
0000730708,"2024,2025",2,False,False,False,False,False,False,False,False,True,True
0000731012,2025,1,False,False,False,False,False,False,False,False,False,True
0000731766,"2024,2025",2,False,False,False,False,False,False,False,False,True,True
0000732026,2021,1,False,False,False,False,False,True,False,False,False,False
0000732417,"2024,2025",2,False,False,False,False,False,False,False,False,True,True
0000732712,"2022,2023,2024,2025",4,False,False,False,False,False,False,True,True,True,True
0000732717,"2024,2025",2,False,False,False,False,False,False,False,False,True,True
0000732834,"2024,2025",2,False,False,False,False,False,False,False,False,True,True
0000733076,"2024,2025",2,False,False,False,False,False,False,False,False,True,True
0000733269,"2021,2022,2023,2024,2025",5,False,False,False,False,False,True,True,True,True,True
0000736012,"2021,2022",2,False,False,False,False,False,True,True,False,False,False
0000736772,2025,1,False,False,False,False,False,False,False,False,False,True
0000737468,"2024,2025",2,False,False,False,False,False,False,False,False,True,True
0000737758,"2023,2024,2025",3,False,False,False,False,False,False,False,True,True,True
0000737875,2025,1,False,False,False,False,False,False,False,False,False,True
0000738214,"2022,2023,2024,2025",4,False,False,False,False,False,False,True,True,True,True
0000740260,"2024,2025",2,False,False,False,False,False,False,False,False,True,True
0000740971,2025,1,False,False,False,False,False,False,False,False,False,True
0000742112,"2017,2018,2019,2020,2021,2023",6,False,True,True,True,True,True,False,True,False,False
0000742278,2025,1,False,False,False,False,False,False,False,False,False,True
0000743238,"2024,2025",2,False,False,False,False,False,False,False,False,True,True
0000743367,2025,1,False,False,False,False,False,False,False,False,False,True
0000743758,"2020,2021,2022,2023,2024",5,False,False,False,False,True,True,True,True,True,False
0000743988,"2019,2020,2021",3,False,False,False,True,True,True,False,False,False,False
0000744452,2025,1,False,False,False,False,False,False,False,False,False,True
0000744455,2018,1,False,False,True,False,False,False,False,False,False,False
0000745308,"2024,2025",2,False,False,False,False,False,False,False,False,True,True
0000745732,"2024,2025",2,False,False,False,False,False,False,False,False,True,True
0000746514,2023,1,False,False,False,False,False,False,False,True,False,False
0000746515,2025,1,False,False,False,False,False,False,False,False,False,True
0000746598,"2023,2024,2025",3,False,False,False,False,False,False,False,True,True,True
0000746838,"2020,2021,2022,2023,2024,2025",6,False,False,False,False,True,True,True,True,True,True
0000748268,"2017,2018,2019,2021,2022,2023,2024",7,False,True,True,True,False,True,True,True,True,False
0000749251,"2023,2024,2025",3,False,False,False,False,False,False,False,True,True,True
0000749647,"2023,2024,2025",3,False,False,False,False,False,False,False,True,True,True
0000749660,"2016,2017,2018,2019,2020,2021,2022,2023,2024,2025",10,True,True,True,True,True,True,True,True,True,True
0000750004,"2024,2025",2,False,False,False,False,False,False,False,False,True,True
0000750574,2025,1,False,False,False,False,False,False,False,False,False,True
0000750577,2025,1,False,False,False,False,False,False,False,False,False,True
0000750686,"2024,2025",2,False,False,False,False,False,False,False,False,True,True
0000751364,"2024,2025",2,False,False,False,False,False,False,False,False,True,True
0000751978,"2019,2020,2021,2022,2023,2024,2025",7,False,False,False,True,True,True,True,True,True,True
0000752642,2025,1,False,False,False,False,False,False,False,False,False,True
0000753308,"2024,2025",2,False,False,False,False,False,False,False,False,True,True
0000753568,2016,1,True,False,False,False,False,False,False,False,False,False
0000754811,"2021,2022,2023",3,False,False,False,False,False,True,True,True,False,False
0000759944,"2021,2022,2023,2024,2025",5,False,False,False,False,False,True,True,True,True,True
0000763563,2025,1,False,False,False,False,False,False,False,False,False,True
0000763901,"2024,2025",2,False,False,False,False,False,False,False,False,True,True
0000763907,"2023,2024,2025",3,False,False,False,False,False,False,False,True,True,True
0000764038,"2024,2025",2,False,False,False,False,False,False,False,False,True,True
0000764065,"2024,2025",2,False,False,False,False,False,False,False,False,True,True
0000764180,"2024,2025",2,False,False,False,False,False,False,False,False,True,True
0000764401,2025,1,False,False,False,False,False,False,False,False,False,True
0000764478,"2021,2022,2023,2024,2025",5,False,False,False,False,False,True,True,True,True,True
0000764622,"2024,2025",2,False,False,False,False,False,False,False,False,True,True
0000765207,2025,1,False,False,False,False,False,False,False,False,False,True
0000765880,2025,1,False,False,False,False,False,False,False,False,False,True
0000766421,"2021,2022,2023,2024,2025",5,False,False,False,False,False,True,True,True,True,True
0000766704,"2022,2023,2025",3,False,False,False,False,False,False,True,True,False,True
0000766829,"2024,2025",2,False,False,False,False,False,False,False,False,True,True
0000768408,"2024,2025",2,False,False,False,False,False,False,False,False,True,True
0000768411,"2016,2017,2018,2019,2020,2021,2022",7,True,True,True,True,True,True,True,False,False,False
0000768899,"2018,2019,2020,2021,2022,2023,2024,2025",8,False,False,True,True,True,True,True,True,True,True
0000769397,"2021,2022,2023,2024,2025",5,False,False,False,False,False,True,True,True,True,True
0000771266,"2024,2025",2,False,False,False,False,False,False,False,False,True,True
0000771497,"2024,2025",2,False,False,False,False,False,False,False,False,True,True
0000771856,"2021,2022,2023,2024,2025",5,False,False,False,False,False,True,True,True,True,True
0000772406,"2024,2025",2,False,False,False,False,False,False,False,False,True,True
0000773717,2025,1,False,False,False,False,False,False,False,False,False,True
0000773840,"2023,2024,2025",3,False,False,False,False,False,False,False,True,True,True
0000774415,"2022,2023,2024,2025",4,False,False,False,False,False,False,True,True,True,True
0000775158,"2021,2024",2,False,False,False,False,False,True,False,False,True,False
0000775215,"2024,2025",2,False,False,False,False,False,False,False,False,True,True
0000776867,"2017,2018",2,False,True,True,False,False,False,False,False,False,False
0000776901,"2024,2025",2,False,False,False,False,False,False,False,False,True,True
0000777917,"2023,2024,2025",3,False,False,False,False,False,False,False,True,True,True
0000779152,"2022,2023,2024,2025",4,False,False,False,False,False,False,True,True,True,True
0000780571,"2024,2025",2,False,False,False,False,False,False,False,False,True,True
0000783325,2025,1,False,False,False,False,False,False,False,False,False,True
0000783412,"2023,2024,2025",3,False,False,False,False,False,False,False,True,True,True
0000784199,"2023,2024,2025",3,False,False,False,False,False,False,False,True,True,True
0000784977,"2023,2024,2025",3,False,False,False,False,False,False,False,True,True,True
0000785557,"2020,2021,2022,2023,2024,2025",6,False,False,False,False,True,True,True,True,True,True
0000785786,"2024,2025",2,False,False,False,False,False,False,False,False,True,True
0000787250,2025,1,False,False,False,False,False,False,False,False,False,True
0000788611,"2021,2022,2023,2024,2025",5,False,False,False,False,False,True,True,True,True,True
0000788784,"2024,2025",2,False,False,False,False,False,False,False,False,True,True
0000788816,2025,1,False,False,False,False,False,False,False,False,False,True
0000788965,2024,1,False,False,False,False,False,False,False,False,True,False
0000789019,"2016,2017,2018,2019,2020,2021,2022,2023,2024,2025",10,True,True,True,True,True,True,True,True,True,True
0000789460,2025,1,False,False,False,False,False,False,False,False,False,True
0000789570,"2017,2025",2,False,True,False,False,False,False,False,False,False,True
0000789933,"2024,2025",2,False,False,False,False,False,False,False,False,True,True
0000790051,2025,1,False,False,False,False,False,False,False,False,False,True
0000790359,2025,1,False,False,False,False,False,False,False,False,False,True
0000790526,"2020,2021,2022,2023,2024,2025",6,False,False,False,False,True,True,True,True,True,True
0000790816,"2016,2017,2018,2019,2020,2021,2022,2023,2024",9,True,True,True,True,True,True,True,True,True,False
0000791963,"2023,2024,2025",3,False,False,False,False,False,False,False,True,True,True
0000792130,2018,1,False,False,True,False,False,False,False,False,False,False
0000792966,2025,1,False,False,False,False,False,False,False,False,False,True
0000793074,"2024,2025",2,False,False,False,False,False,False,False,False,True,True
0000793306,2025,1,False,False,False,False,False,False,False,False,False,True
0000793733,"2024,2025",2,False,False,False,False,False,False,False,False,True,True
0000793952,"2024,2025",2,False,False,False,False,False,False,False,False,True,True
0000794323,"2023,2024,2025",3,False,False,False,False,False,False,False,True,True,True
0000794367,"2021,2024,2025",3,False,False,False,False,False,True,False,False,True,True
0000795212,"2022,2023",2,False,False,False,False,False,False,True,True,False,False
0000795266,"2022,2023,2024,2025",4,False,False,False,False,False,False,True,True,True,True
0000795403,"2024,2025",2,False,False,False,False,False,False,False,False,True,True
0000795800,2024,1,False,False,False,False,False,False,False,False,True,False
0000796343,"2017,2018,2019,2020,2021,2022,2023,2024,2025",9,False,True,True,True,True,True,True,True,True,True
0000796534,2025,1,False,False,False,False,False,False,False,False,False,True
0000797465,2025,1,False,False,False,False,False,False,False,False,False,True
0000797468,2025,1,False,False,False,False,False,False,False,False,False,True
0000797542,"2016,2017,2023,2024,2025",5,True,True,False,False,False,False,False,True,True,True
0000797721,"2021,2022,2023,2024,2025",5,False,False,False,False,False,True,True,True,True,True
0000798081,2025,1,False,False,False,False,False,False,False,False,False,True
0000798287,2025,1,False,False,False,False,False,False,False,False,False,True
0000798354,"2021,2024,2025",3,False,False,False,False,False,True,False,False,True,True
0000798941,"2024,2025",2,False,False,False,False,False,False,False,False,True,True
0000799233,"2024,2025",2,False,False,False,False,False,False,False,False,True,True
0000799288,"2021,2022",2,False,False,False,False,False,True,True,False,False,False
0000799292,"2023,2024,2025",3,False,False,False,False,False,False,False,True,True,True
0000800240,"2019,2020,2021,2022,2023,2024,2025",7,False,False,False,True,True,True,True,True,True,True
0000800457,"2024,2025",2,False,False,False,False,False,False,False,False,True,True
0000801337,"2024,2025",2,False,False,False,False,False,False,False,False,True,True
0000802257,"2020,2021,2024,2025",4,False,False,False,False,True,True,False,False,True,True
0000802481,"2020,2024,2025",3,False,False,False,False,True,False,False,False,True,True
0000803578,"2020,2021,2022,2024,2025",5,False,False,False,False,True,True,True,False,True,True
0000803649,"2024,2025",2,False,False,False,False,False,False,False,False,True,True
0000804269,"2024,2025",2,False,False,False,False,False,False,False,False,True,True
0000804328,"2016,2017,2018,2019,2020,2021,2022,2023,2024,2025",10,True,True,True,True,True,True,True,True,True,True
0000804753,"2020,2021,2022",3,False,False,False,False,True,True,True,False,False,False
0000807863,"2016,2017,2018,2019,2020,2021,2022,2023,2024,2025",10,True,True,True,True,True,True,True,True,True,True
0000808362,"2018,2020,2021,2022,2023",5,False,False,True,False,True,True,True,True,False,False
0000808461,"2016,2017,2018",3,True,True,True,False,False,False,False,False,False,False
0000809248,"2021,2022,2023,2024",4,False,False,False,False,False,True,True,True,True,False
0000810136,"2024,2025",2,False,False,False,False,False,False,False,False,True,True
0000810332,2025,1,False,False,False,False,False,False,False,False,False,True
0000810958,"2024,2025",2,False,False,False,False,False,False,False,False,True,True
0000811156,2025,1,False,False,False,False,False,False,False,False,False,True
0000811222,2023,1,False,False,False,False,False,False,False,True,False,False
0000811596,2025,1,False,False,False,False,False,False,False,False,False,True
0000811830,"2022,2023,2024,2025",4,False,False,False,False,False,False,True,True,True,True
0000812011,"2018,2019,2020,2021,2024,2025",6,False,False,True,True,True,True,False,False,True,True
0000812074,"2024,2025",2,False,False,False,False,False,False,False,False,True,True
0000812128,"2016,2017,2018,2019,2020,2021,2022",7,True,True,True,True,True,True,True,False,False,False
0000813672,"2017,2018,2019,2020,2021,2022,2023,2024,2025",9,False,True,True,True,True,True,True,True,True,True
0000813762,"2024,2025",2,False,False,False,False,False,False,False,False,True,True
0000813828,"2023,2024,2025",3,False,False,False,False,False,False,False,True,True,True
0000814453,2025,1,False,False,False,False,False,False,False,False,False,True
0000814547,"2016,2017,2018,2019,2020,2021,2022,2023,2024,2025",10,True,True,True,True,True,True,True,True,True,True
0000814586,2023,1,False,False,False,False,False,False,False,True,False,False
0000815097,2025,1,False,False,False,False,False,False,False,False,False,True
0000815917,"2024,2025",2,False,False,False,False,False,False,False,False,True,True
0000816761,"2019,2020,2021,2022,2023,2024,2025",7,False,False,False,True,True,True,True,True,True,True
0000817720,"2018,2019,2020,2021,2022,2023,2024,2025",8,False,False,True,True,True,True,True,True,True,True
0000818033,"2017,2018,2019,2020",4,False,True,True,True,True,False,False,False,False,False
0000818479,"2022,2023,2024,2025",4,False,False,False,False,False,False,True,True,True,True
0000818686,"2023,2024,2025",3,False,False,False,False,False,False,False,True,True,True
0000819793,"2016,2017,2021,2024,2025",5,True,True,False,False,False,True,False,False,True,True
0000819926,"2018,2019,2020,2021",4,False,False,True,True,True,True,False,False,False,False
0000820027,"2024,2025",2,False,False,False,False,False,False,False,False,True,True
0000820313,"2024,2025",2,False,False,False,False,False,False,False,False,True,True
0000820318,"2023,2024,2025",3,False,False,False,False,False,False,False,True,True,True
0000821002,"2024,2025",2,False,False,False,False,False,False,False,False,True,True
0000821026,2025,1,False,False,False,False,False,False,False,False,False,True
0000821130,"2024,2025",2,False,False,False,False,False,False,False,False,True,True
0000821189,2025,1,False,False,False,False,False,False,False,False,False,True
0000822370,"2016,2017,2018",3,True,True,True,False,False,False,False,False,False,False
0000822416,"2024,2025",2,False,False,False,False,False,False,False,False,True,True
0000822663,"2020,2021,2022,2025",4,False,False,False,False,True,True,True,False,False,True
0000822818,"2024,2025",2,False,False,False,False,False,False,False,False,True,True
0000823094,2019,1,False,False,False,True,False,False,False,False,False,False
0000823277,"2024,2025",2,False,False,False,False,False,False,False,False,True,True
0000823768,"2023,2024,2025",3,False,False,False,False,False,False,False,True,True,True
0000824142,2025,1,False,False,False,False,False,False,False,False,False,True
0000824416,"2021,2022,2023,2024,2025",5,False,False,False,False,False,True,True,True,True,True
0000825313,"2017,2021,2022,2023,2024,2025",6,False,True,False,False,False,True,True,True,True,True
0000825322,"2019,2021,2022",3,False,False,False,True,False,True,True,False,False,False
0000825542,2025,1,False,False,False,False,False,False,False,False,False,True
0000826154,"2024,2025",2,False,False,False,False,False,False,False,False,True,True
0000826675,"2024,2025",2,False,False,False,False,False,False,False,False,True,True
0000827052,"2024,2025",2,False,False,False,False,False,False,False,False,True,True
0000827054,"2021,2022,2024,2025",4,False,False,False,False,False,True,True,False,True,True
0000827099,2016,1,True,False,False,False,False,False,False,False,False,False
0000827187,"2019,2020,2021,2022,2023,2024,2025",7,False,False,False,True,True,True,True,True,True,True
0000827876,"2018,2019,2021,2024,2025",5,False,False,True,True,False,True,False,False,True,True
0000828146,"2024,2025",2,False,False,False,False,False,False,False,False,True,True
0000828878,2016,1,True,False,False,False,False,False,False,False,False,False
0000828944,"2021,2022,2023,2024,2025",5,False,False,False,False,False,True,True,True,True,True
0000829224,"2023,2024,2025",3,False,False,False,False,False,False,False,True,True,True
0000829323,"2018,2019,2020,2021,2022,2023,2024,2025",8,False,False,True,True,True,True,True,True,True,True
0000829325,"2021,2022",2,False,False,False,False,False,True,True,False,False,False
0000830616,2025,1,False,False,False,False,False,False,False,False,False,True
0000830656,2024,1,False,False,False,False,False,False,False,False,True,False
0000831001,"2021,2024,2025",3,False,False,False,False,False,True,False,False,True,True
0000831259,"2020,2021,2023,2024,2025",5,False,False,False,False,True,True,False,True,True,True
0000831641,"2019,2020,2021,2022,2023,2024,2025",7,False,False,False,True,True,True,True,True,True,True
0000832101,"2024,2025",2,False,False,False,False,False,False,False,False,True,True
0000832988,"2019,2020,2021,2022,2023,2024,2025",7,False,False,False,True,True,True,True,True,True,True
0000833079,"2024,2025",2,False,False,False,False,False,False,False,False,True,True
0000833444,"2020,2021,2022,2023,2024,2025",6,False,False,False,False,True,True,True,True,True,True
0000833640,2025,1,False,False,False,False,False,False,False,False,False,True
0000834071,"2024,2025",2,False,False,False,False,False,False,False,False,True,True
0000834365,2025,1,False,False,False,False,False,False,False,False,False,True
0000835357,"2024,2025",2,False,False,False,False,False,False,False,False,True,True
0000835662,"2017,2018,2019,2020,2021,2022",6,False,True,True,True,True,True,True,False,False,False
0000835887,"2016,2018,2019,2020",4,True,False,True,True,True,False,False,False,False,False
0000836147,2025,1,False,False,False,False,False,False,False,False,False,True
0000836157,"2018,2019,2020,2021,2022,2023,2024,2025",8,False,False,True,True,True,True,True,True,True,True
0000836564,"2019,2025",2,False,False,False,True,False,False,False,False,False,True
0000837010,"2024,2025",2,False,False,False,False,False,False,False,False,True,True
0000837465,"2019,2020,2021,2022,2023,2024,2025",7,False,False,False,True,True,True,True,True,True,True
0000837852,"2017,2018,2019,2020,2021,2022,2023,2024",8,False,True,True,True,True,True,True,True,True,False
0000840715,"2020,2021,2022,2023,2024,2025",6,False,False,False,False,True,True,True,True,True,True
0000842162,"2020,2024,2025",3,False,False,False,False,True,False,False,False,True,True
0000842633,"2017,2024,2025",3,False,True,False,False,False,False,False,False,True,True
0000843006,"2023,2024,2025",3,False,False,False,False,False,False,False,True,True,True
0000844965,"2024,2025",2,False,False,False,False,False,False,False,False,True,True
0000845819,"2019,2020,2021",3,False,False,False,True,True,True,False,False,False,False
0000845877,"2024,2025",2,False,False,False,False,False,False,False,False,True,True
0000846377,"2024,2025",2,False,False,False,False,False,False,False,False,True,True
0000846913,2025,1,False,False,False,False,False,False,False,False,False,True
0000847942,"2023,2024,2025",3,False,False,False,False,False,False,False,True,True,True
0000849146,"2018,2019,2020,2021,2022,2023,2024,2025",8,False,False,True,True,True,True,True,True,True,True
0000849395,"2024,2025",2,False,False,False,False,False,False,False,False,True,True
0000849399,"2017,2018,2019,2023,2024,2025",6,False,True,True,True,False,False,False,True,True,True
0000849636,2023,1,False,False,False,False,False,False,False,True,False,False
0000850141,2025,1,False,False,False,False,False,False,False,False,False,True
0000851205,"2018,2019,2020,2021,2022,2023,2024,2025",8,False,False,True,True,True,True,True,True,True,True
0000851520,"2016,2017,2018,2019,2020,2021,2022,2023,2024,2025",10,True,True,True,True,True,True,True,True,True,True
0000851968,"2024,2025",2,False,False,False,False,False,False,False,False,True,True
0000853816,"2024,2025",2,False,False,False,False,False,False,False,False,True,True
0000854560,2025,1,False,False,False,False,False,False,False,False,False,True
0000854775,"2020,2021,2022,2023,2024,2025",6,False,False,False,False,True,True,True,True,True,True
0000854800,"2021,2022,2023",3,False,False,False,False,False,True,True,True,False,False
0000855612,"2018,2019,2020,2021",4,False,False,True,True,True,True,False,False,False,False
0000855658,"2019,2020,2021,2022,2023,2024,2025",7,False,False,False,True,True,True,True,True,True,True
0000855683,"2024,2025",2,False,False,False,False,False,False,False,False,True,True
0000856982,"2023,2024,2025",3,False,False,False,False,False,False,False,True,True,True
0000856984,"2020,2021,2022,2023,2024,2025",6,False,False,False,False,True,True,True,True,True,True
0000857005,"2016,2017,2018,2019,2020,2021,2024,2025",8,True,True,True,True,True,True,False,False,True,True
0000857737,"2017,2018,2019,2020,2021",5,False,True,True,True,True,True,False,False,False,False
0000857855,"2022,2023,2024,2025",4,False,False,False,False,False,False,True,True,True,True
0000858470,2025,1,False,False,False,False,False,False,False,False,False,True
0000858877,"2017,2018,2019,2020,2021,2022,2023,2024,2025",9,False,True,True,True,True,True,True,True,True,True
0000859737,"2020,2021,2022,2023,2024,2025",6,False,False,False,False,True,True,True,True,True,True
0000860413,"2024,2025",2,False,False,False,False,False,False,False,False,True,True
0000860546,"2021,2022,2023,2025",4,False,False,False,False,False,True,True,True,False,True
0000860730,"2023,2024,2025",3,False,False,False,False,False,False,False,True,True,True
0000860731,"2023,2024,2025",3,False,False,False,False,False,False,False,True,True,True
0000860748,2025,1,False,False,False,False,False,False,False,False,False,True
0000861441,"2018,2019,2020",3,False,False,True,True,True,False,False,False,False,False
0000861459,2025,1,False,False,False,False,False,False,False,False,False,True
0000861878,"2023,2024",2,False,False,False,False,False,False,False,True,True,False
0000861884,2025,1,False,False,False,False,False,False,False,False,False,True
0000862651,"2017,2019,2020,2021",4,False,True,False,True,True,True,False,False,False,False
0000862831,2025,1,False,False,False,False,False,False,False,False,False,True
0000862861,"2024,2025",2,False,False,False,False,False,False,False,False,True,True
0000864270,"2024,2025",2,False,False,False,False,False,False,False,False,True,True
0000864749,"2019,2021,2022,2023,2024,2025",6,False,False,False,True,False,True,True,True,True,True
0000866273,"2024,2025",2,False,False,False,False,False,False,False,False,True,True
0000866291,"2024,2025",2,False,False,False,False,False,False,False,False,True,True
0000866374,"2018,2019,2021,2022,2023,2024,2025",7,False,False,True,True,False,True,True,True,True,True
0000866439,"2021,2022,2023,2024,2025",5,False,False,False,False,False,True,True,True,True,True
0000866609,"2020,2021",2,False,False,False,False,True,True,False,False,False,False
0000866729,"2023,2024,2025",3,False,False,False,False,False,False,False,True,True,True
0000866787,"2024,2025",2,False,False,False,False,False,False,False,False,True,True
0000867038,2025,1,False,False,False,False,False,False,False,False,False,True
0000867840,"2024,2025",2,False,False,False,False,False,False,False,False,True,True
0000868278,"2023,2024,2025",3,False,False,False,False,False,False,False,True,True,True
0000868671,"2021,2022,2023,2024,2025",5,False,False,False,False,False,True,True,True,True,True
0000868780,"2024,2025",2,False,False,False,False,False,False,False,False,True,True
0000868857,"2021,2022,2025",3,False,False,False,False,False,True,True,False,False,True
0000871763,"2017,2018,2019,2020,2021,2022,2023,2024,2025",9,False,True,True,True,True,True,True,True,True,True
0000872589,"2023,2024,2025",3,False,False,False,False,False,False,False,True,True,True
0000872912,"2024,2025",2,False,False,False,False,False,False,False,False,True,True
0000873303,2025,1,False,False,False,False,False,False,False,False,False,True
0000873799,"2016,2017,2018,2019,2020",5,True,True,True,True,True,False,False,False,False,False
0000873860,"2024,2025",2,False,False,False,False,False,False,False,False,True,True
0000874015,"2024,2025",2,False,False,False,False,False,False,False,False,True,True
0000874238,"2024,2025",2,False,False,False,False,False,False,False,False,True,True
0000874292,"2022,2023",2,False,False,False,False,False,False,True,True,False,False
0000874396,"2024,2025",2,False,False,False,False,False,False,False,False,True,True
0000874499,"2024,2025",2,False,False,False,False,False,False,False,False,True,True
0000874501,"2023,2024,2025",3,False,False,False,False,False,False,False,True,True,True
0000874716,"2019,2020,2024,2025",4,False,False,False,True,True,False,False,False,True,True
0000874761,"2023,2024,2025",3,False,False,False,False,False,False,False,True,True,True
0000874766,"2022,2023,2024,2025",4,False,False,False,False,False,False,True,True,True,True
0000874866,"2016,2017,2018,2019,2020,2021,2022,2023,2024,2025",10,True,True,True,True,True,True,True,True,True,True
0000874977,2021,1,False,False,False,False,False,True,False,False,False,False
0000875045,"2018,2022,2023,2024,2025",5,False,False,True,False,False,False,True,True,True,True
0000875320,"2024,2025",2,False,False,False,False,False,False,False,False,True,True
0000875357,2025,1,False,False,False,False,False,False,False,False,False,True
0000875582,2025,1,False,False,False,False,False,False,False,False,False,True
0000876167,"2017,2018,2019,2022,2024,2025",6,False,True,True,True,False,False,True,False,True,True
0000876343,2016,1,True,False,False,False,False,False,False,False,False,False
0000876378,"2019,2020,2021,2022,2023,2024",6,False,False,False,True,True,True,True,True,True,False
0000876427,2023,1,False,False,False,False,False,False,False,True,False,False
0000876437,"2021,2022,2023,2024,2025",5,False,False,False,False,False,True,True,True,True,True
0000876523,"2021,2022",2,False,False,False,False,False,True,True,False,False,False
0000876883,"2017,2018,2019,2021,2022,2023,2024,2025",8,False,True,True,True,False,True,True,True,True,True
0000877212,"2020,2021,2022,2023,2024,2025",6,False,False,False,False,True,True,True,True,True,True
0000877422,"2019,2020,2021,2022,2025",5,False,False,False,True,True,True,True,False,False,True
0000877860,"2024,2025",2,False,False,False,False,False,False,False,False,True,True
0000877890,"2018,2019,2020,2021,2022",5,False,False,True,True,True,True,True,False,False,False
0000878927,"2024,2025",2,False,False,False,False,False,False,False,False,True,True
0000878932,2024,1,False,False,False,False,False,False,False,False,True,False
0000879101,"2024,2025",2,False,False,False,False,False,False,False,False,True,True
0000879169,"2024,2025",2,False,False,False,False,False,False,False,False,True,True
0000879407,"2023,2024,2025",3,False,False,False,False,False,False,False,True,True,True
0000879526,"2024,2025",2,False,False,False,False,False,False,False,False,True,True
0000879585,"2023,2024,2025",3,False,False,False,False,False,False,False,True,True,True
0000879682,"2021,2022",2,False,False,False,False,False,True,True,False,False,False
0000879911,"2022,2023,2024",3,False,False,False,False,False,False,True,True,True,False
0000880117,2025,1,False,False,False,False,False,False,False,False,False,True
0000880242,2024,1,False,False,False,False,False,False,False,False,True,False
0000880266,"2022,2023",2,False,False,False,False,False,False,True,True,False,False
0000880631,"2021,2025",2,False,False,False,False,False,True,False,False,False,True
0000880807,"2024,2025",2,False,False,False,False,False,False,False,False,True,True
0000881453,2025,1,False,False,False,False,False,False,False,False,False,True
0000882095,"2024,2025",2,False,False,False,False,False,False,False,False,True,True
0000882184,"2023,2024,2025",3,False,False,False,False,False,False,False,True,True,True
0000882291,"2024,2025",2,False,False,False,False,False,False,False,False,True,True
0000882508,"2019,2020,2021,2022,2023,2024,2025",7,False,False,False,True,True,True,True,True,True,True
0000882796,"2023,2024,2025",3,False,False,False,False,False,False,False,True,True,True
0000882835,"2023,2024,2025",3,False,False,False,False,False,False,False,True,True,True
0000883241,"2018,2019,2020,2021,2022,2023,2024,2025",8,False,False,True,True,True,True,True,True,True,True
0000883569,"2023,2024,2025",3,False,False,False,False,False,False,False,True,True,True
0000883902,"2024,2025",2,False,False,False,False,False,False,False,False,True,True
0000883948,"2024,2025",2,False,False,False,False,False,False,False,False,True,True
0000883975,"2020,2021,2022,2023,2024,2025",6,False,False,False,False,True,True,True,True,True,True
0000883984,"2022,2023,2024,2025",4,False,False,False,False,False,False,True,True,True,True
0000884144,"2018,2023,2024,2025",4,False,False,True,False,False,False,False,True,True,True
0000884269,2025,1,False,False,False,False,False,False,False,False,False,True
0000884614,"2023,2024,2025",3,False,False,False,False,False,False,False,True,True,True
0000884624,2022,1,False,False,False,False,False,False,True,False,False,False
0000884650,2025,1,False,False,False,False,False,False,False,False,False,True
0000884713,2024,1,False,False,False,False,False,False,False,False,True,False
0000884887,"2020,2021,2022,2023,2024,2025",6,False,False,False,False,True,True,True,True,True,True
0000885275,"2024,2025",2,False,False,False,False,False,False,False,False,True,True
0000885550,2025,1,False,False,False,False,False,False,False,False,False,True
0000885568,"2024,2025",2,False,False,False,False,False,False,False,False,True,True
0000885590,2025,1,False,False,False,False,False,False,False,False,False,True
0000885639,"2024,2025",2,False,False,False,False,False,False,False,False,True,True
0000885725,"2024,2025",2,False,False,False,False,False,False,False,False,True,True
0000885975,2025,1,False,False,False,False,False,False,False,False,False,True
0000886128,2025,1,False,False,False,False,False,False,False,False,False,True
0000886136,2025,1,False,False,False,False,False,False,False,False,False,True
0000886158,2023,1,False,False,False,False,False,False,False,True,False,False
0000886163,2021,1,False,False,False,False,False,True,False,False,False,False
0000886206,"2023,2024,2025",3,False,False,False,False,False,False,False,True,True,True
0000886346,"2024,2025",2,False,False,False,False,False,False,False,False,True,True
0000886744,"2022,2023,2024,2025",4,False,False,False,False,False,False,True,True,True,True
0000886982,"2019,2020,2023,2024,2025",5,False,False,False,True,True,False,False,True,True,True
0000887343,"2024,2025",2,False,False,False,False,False,False,False,False,True,True
0000887359,"2024,2025",2,False,False,False,False,False,False,False,False,True,True
0000887596,"2024,2025",2,False,False,False,False,False,False,False,False,True,True
0000887730,"2019,2020",2,False,False,False,True,True,False,False,False,False,False
0000887905,2025,1,False,False,False,False,False,False,False,False,False,True
0000887921,"2022,2023",2,False,False,False,False,False,False,True,True,False,False
0000887936,"2018,2019,2020,2023,2024,2025",6,False,False,True,True,True,False,False,True,True,True
0000888471,"2023,2024,2025",3,False,False,False,False,False,False,False,True,True,True
0000888491,"2021,2022,2023,2024,2025",5,False,False,False,False,False,True,True,True,True,True
0000889331,"2024,2025",2,False,False,False,False,False,False,False,False,True,True
0000889348,"2024,2025",2,False,False,False,False,False,False,False,False,True,True
0000889353,"2023,2024",2,False,False,False,False,False,False,False,True,True,False
0000889609,2025,1,False,False,False,False,False,False,False,False,False,True
0000889900,2025,1,False,False,False,False,False,False,False,False,False,True
0000889971,2024,1,False,False,False,False,False,False,False,False,True,False
0000890394,"2021,2022,2025",3,False,False,False,False,False,True,True,False,False,True
0000890547,"2022,2023",2,False,False,False,False,False,False,True,True,False,False
0000890564,"2019,2020,2021,2022,2023,2024,2025",7,False,False,False,True,True,True,True,True,True,True
0000890821,"2017,2018,2019,2020,2022,2023",6,False,True,True,True,True,False,True,True,False,False
0000890926,"2019,2021,2023,2024,2025",5,False,False,False,True,False,True,False,True,True,True
0000891024,2024,1,False,False,False,False,False,False,False,False,True,False
0000891103,"2023,2024,2025",3,False,False,False,False,False,False,False,True,True,True
0000891166,"2019,2020,2021,2022,2023,2024,2025",7,False,False,False,True,True,True,True,True,True,True
0000891532,"2024,2025",2,False,False,False,False,False,False,False,False,True,True
0000892482,2020,1,False,False,False,False,True,False,False,False,False,False
0000892537,"2020,2021,2022",3,False,False,False,False,True,True,True,False,False,False
0000892553,"2018,2019,2024,2025",4,False,False,True,True,False,False,False,False,True,True
0000893538,"2024,2025",2,False,False,False,False,False,False,False,False,True,True
0000893691,2024,1,False,False,False,False,False,False,False,False,True,False
0000893739,2016,1,True,False,False,False,False,False,False,False,False,False
0000893949,"2016,2017,2018,2019,2020,2021,2022,2023,2024,2025",10,True,True,True,True,True,True,True,True,True,True
0000894405,"2020,2023,2024,2025",4,False,False,False,False,True,False,False,True,True,True
0000894501,"2024,2025",2,False,False,False,False,False,False,False,False,True,True
0000894556,"2024,2025",2,False,False,False,False,False,False,False,False,True,True
0000894871,"2021,2022,2023,2024,2025",5,False,False,False,False,False,True,True,True,True,True
0000895051,2021,1,False,False,False,False,False,True,False,False,False,False
0000895417,2025,1,False,False,False,False,False,False,False,False,False,True
0000895419,2025,1,False,False,False,False,False,False,False,False,False,True
0000895421,"2016,2024,2025",3,True,False,False,False,False,False,False,False,True,True
0000895447,"2020,2021,2022,2023,2024,2025",6,False,False,False,False,True,True,True,True,True,True
0000895665,2023,1,False,False,False,False,False,False,False,True,False,False
0000895728,2025,1,False,False,False,False,False,False,False,False,False,True
0000896159,"2024,2025",2,False,False,False,False,False,False,False,False,True,True
0000896262,2025,1,False,False,False,False,False,False,False,False,False,True
0000896264,2025,1,False,False,False,False,False,False,False,False,False,True
0000896429,"2022,2024,2025",3,False,False,False,False,False,False,True,False,True,True
0000896493,"2023,2024,2025",3,False,False,False,False,False,False,False,True,True,True
0000896622,"2024,2025",2,False,False,False,False,False,False,False,False,True,True
0000896878,"2017,2018,2019,2020,2021,2022,2023,2024,2025",9,False,True,True,True,True,True,True,True,True,True
0000897078,2019,1,False,False,False,True,False,False,False,False,False,False
0000897448,"2022,2025",2,False,False,False,False,False,False,True,False,False,True
0000897723,"2021,2022,2023,2024,2025",5,False,False,False,False,False,True,True,True,True,True
0000898174,"2024,2025",2,False,False,False,False,False,False,False,False,True,True
0000898293,"2024,2025",2,False,False,False,False,False,False,False,False,True,True
0000898437,2025,1,False,False,False,False,False,False,False,False,False,True
0000899051,"2023,2024,2025",3,False,False,False,False,False,False,False,True,True,True
0000899394,2024,1,False,False,False,False,False,False,False,False,True,False
0000899460,"2023,2024,2025",3,False,False,False,False,False,False,False,True,True,True
0000899689,"2024,2025",2,False,False,False,False,False,False,False,False,True,True
0000899715,"2024,2025",2,False,False,False,False,False,False,False,False,True,True
0000899923,"2022,2023,2024,2025",4,False,False,False,False,False,False,True,True,True,True
0000900075,"2018,2019,2020,2021,2022,2023,2024,2025",8,False,False,True,True,True,True,True,True,True,True
0000901491,"2024,2025",2,False,False,False,False,False,False,False,False,True,True
0000902791,"2024,2025",2,False,False,False,False,False,False,False,False,True,True
0000903129,"2021,2022,2023,2024,2025",5,False,False,False,False,False,True,True,True,True,True
0000903419,"2024,2025",2,False,False,False,False,False,False,False,False,True,True
0000903651,"2017,2018,2019,2020,2021,2022,2023,2024,2025",9,False,True,True,True,True,True,True,True,True,True
0000906107,"2024,2025",2,False,False,False,False,False,False,False,False,True,True
0000906163,"2022,2023,2024",3,False,False,False,False,False,False,True,True,True,False
0000906345,"2024,2025",2,False,False,False,False,False,False,False,False,True,True
0000906465,"2024,2025",2,False,False,False,False,False,False,False,False,True,True
0000906709,2025,1,False,False,False,False,False,False,False,False,False,True
0000906780,2017,1,False,True,False,False,False,False,False,False,False,False
0000907471,2025,1,False,False,False,False,False,False,False,False,False,True
0000907654,2025,1,False,False,False,False,False,False,False,False,False,True
0000908255,2025,1,False,False,False,False,False,False,False,False,False,True
0000908259,"2020,2021,2022,2023,2024,2025",6,False,False,False,False,True,True,True,True,True,True
0000908937,"2024,2025",2,False,False,False,False,False,False,False,False,True,True
0000909108,"2024,2025",2,False,False,False,False,False,False,False,False,True,True
0000909494,"2021,2022,2023,2024,2025",5,False,False,False,False,False,True,True,True,True,True
0000909724,2024,1,False,False,False,False,False,False,False,False,True,False
0000909832,"2024,2025",2,False,False,False,False,False,False,False,False,True,True
0000910267,2025,1,False,False,False,False,False,False,False,False,False,True
0000910329,2025,1,False,False,False,False,False,False,False,False,False,True
0000910406,"2024,2025",2,False,False,False,False,False,False,False,False,True,True
0000910467,2023,1,False,False,False,False,False,False,False,True,False,False
0000910521,"2024,2025",2,False,False,False,False,False,False,False,False,True,True
0000910606,"2024,2025",2,False,False,False,False,False,False,False,False,True,True
0000910638,"2021,2022,2023,2024,2025",5,False,False,False,False,False,True,True,True,True,True
0000911147,"2024,2025",2,False,False,False,False,False,False,False,False,True,True
0000911177,"2016,2017,2018,2019,2020,2021",6,True,True,True,True,True,True,False,False,False,False
0000911216,"2024,2025",2,False,False,False,False,False,False,False,False,True,True
0000911421,2016,1,True,False,False,False,False,False,False,False,False,False
0000912093,"2022,2023,2024,2025",4,False,False,False,False,False,False,True,True,True,True
0000912463,2025,1,False,False,False,False,False,False,False,False,False,True
0000912544,"2023,2024,2025",3,False,False,False,False,False,False,False,True,True,True
0000912593,2025,1,False,False,False,False,False,False,False,False,False,True
0000912595,2025,1,False,False,False,False,False,False,False,False,False,True
0000912615,"2024,2025",2,False,False,False,False,False,False,False,False,True,True
0000912728,"2024,2025",2,False,False,False,False,False,False,False,False,True,True
0000912752,"2021,2022,2023,2024,2025",5,False,False,False,False,False,True,True,True,True,True
0000912766,"2019,2020,2022,2023,2024,2025",6,False,False,False,True,True,False,True,True,True,True
0000913142,"2022,2023,2024,2025",4,False,False,False,False,False,False,True,True,True,True
0000913144,"2020,2021,2022,2023,2024,2025",6,False,False,False,False,True,True,True,True,True,True
0000913241,"2024,2025",2,False,False,False,False,False,False,False,False,True,True
0000913277,"2024,2025",2,False,False,False,False,False,False,False,False,True,True
0000913341,2025,1,False,False,False,False,False,False,False,False,False,True
0000913778,"2017,2018,2019,2024",4,False,True,True,True,False,False,False,False,True,False
0000914025,"2019,2020,2021,2022",4,False,False,False,True,True,True,True,False,False,False
0000914156,2025,1,False,False,False,False,False,False,False,False,False,True
0000914208,"2024,2025",2,False,False,False,False,False,False,False,False,True,True
0000914475,"2023,2024,2025",3,False,False,False,False,False,False,False,True,True,True
0000914747,"2016,2017,2018",3,True,True,True,False,False,False,False,False,False,False
0000914748,2025,1,False,False,False,False,False,False,False,False,False,True
0000915358,2022,1,False,False,False,False,False,False,True,False,False,False
0000915389,"2023,2024,2025",3,False,False,False,False,False,False,False,True,True,True
0000915778,"2018,2019,2020,2021",4,False,False,True,True,True,True,False,False,False,False
0000915779,"2023,2024,2025",3,False,False,False,False,False,False,False,True,True,True
0000915840,"2024,2025",2,False,False,False,False,False,False,False,False,True,True
0000915912,"2024,2025",2,False,False,False,False,False,False,False,False,True,True
0000916076,2025,1,False,False,False,False,False,False,False,False,False,True
0000916365,"2018,2019,2020,2021,2022,2023,2024,2025",8,False,False,True,True,True,True,True,True,True,True
0000916540,"2024,2025",2,False,False,False,False,False,False,False,False,True,True
0000916789,"2024,2025",2,False,False,False,False,False,False,False,False,True,True
0000917225,2022,1,False,False,False,False,False,False,True,False,False,False
0000917251,2025,1,False,False,False,False,False,False,False,False,False,True
0000917273,"2018,2019,2020,2021,2022,2023,2024,2025",8,False,False,True,True,True,True,True,True,True,True
0000917470,2025,1,False,False,False,False,False,False,False,False,False,True
0000917520,2025,1,False,False,False,False,False,False,False,False,False,True
0000918160,2020,1,False,False,False,False,True,False,False,False,False,False
0000918251,2025,1,False,False,False,False,False,False,False,False,False,True
0000918580,"2018,2019",2,False,False,True,True,False,False,False,False,False,False
0000918965,"2021,2022,2023,2025",4,False,False,False,False,False,True,True,True,False,True
0000919012,"2023,2024,2025",3,False,False,False,False,False,False,False,True,True,True
0000919175,2018,1,False,False,True,False,False,False,False,False,False,False
0000919864,2025,1,False,False,False,False,False,False,False,False,False,True
0000920112,2024,1,False,False,False,False,False,False,False,False,True,False
0000920148,"2019,2020,2021,2022,2023,2024,2025",7,False,False,False,True,True,True,True,True,True,True
0000920371,2025,1,False,False,False,False,False,False,False,False,False,True
0000920427,"2022,2023,2024,2025",4,False,False,False,False,False,False,True,True,True,True
0000920522,"2024,2025",2,False,False,False,False,False,False,False,False,True,True
0000920760,2025,1,False,False,False,False,False,False,False,False,False,True
0000920990,2023,1,False,False,False,False,False,False,False,True,False,False
0000921114,2025,1,False,False,False,False,False,False,False,False,False,True
0000921299,"2024,2025",2,False,False,False,False,False,False,False,False,True,True
0000921557,2025,1,False,False,False,False,False,False,False,False,False,True
0000921582,"2021,2022,2023,2024,2025",5,False,False,False,False,False,True,True,True,True,True
0000921638,"2022,2023",2,False,False,False,False,False,False,True,True,False,False
0000921825,2025,1,False,False,False,False,False,False,False,False,False,True
0000922224,2025,1,False,False,False,False,False,False,False,False,False,True
0000922521,"2020,2021,2022,2023",4,False,False,False,False,True,True,True,True,False,False
0000922621,"2024,2025",2,False,False,False,False,False,False,False,False,True,True
0000922864,"2021,2022,2023,2024",4,False,False,False,False,False,True,True,True,True,False
0000923120,"2024,2025",2,False,False,False,False,False,False,False,False,True,True
0000923139,"2023,2024,2025",3,False,False,False,False,False,False,False,True,True,True
0000923571,"2021,2022,2023",3,False,False,False,False,False,True,True,True,False,False
0000923601,"2024,2025",2,False,False,False,False,False,False,False,False,True,True
0000923796,2025,1,False,False,False,False,False,False,False,False,False,True
0000924168,"2021,2025",2,False,False,False,False,False,True,False,False,False,True
0000924383,"2023,2024,2025",3,False,False,False,False,False,False,False,True,True,True
0000924515,"2020,2025",2,False,False,False,False,True,False,False,False,False,True
0000924805,"2020,2023,2024,2025",4,False,False,False,False,True,False,False,True,True,True
0000924822,"2021,2022,2023,2024,2025",5,False,False,False,False,False,True,True,True,True,True
0000925263,"2016,2017,2018",3,True,True,True,False,False,False,False,False,False,False
0000925306,"2016,2017",2,True,True,False,False,False,False,False,False,False,False
0000926282,"2023,2024,2025",3,False,False,False,False,False,False,False,True,True,True
0000926326,"2021,2024,2025",3,False,False,False,False,False,True,False,False,True,True
0000926423,"2023,2024,2025",3,False,False,False,False,False,False,False,True,True,True
0000926617,"2021,2022,2023,2024,2025",5,False,False,False,False,False,True,True,True,True,True
0000926660,"2021,2022,2023,2024,2025",5,False,False,False,False,False,True,True,True,True,True
0000927003,"2020,2022,2023,2024,2025",5,False,False,False,False,True,False,True,True,True,True
0000927066,"2020,2021,2022,2023,2024,2025",6,False,False,False,False,True,True,True,True,True,True
0000927628,"2019,2020,2021,2022,2023,2024,2025",7,False,False,False,True,True,True,True,True,True,True
0000927653,"2024,2025",2,False,False,False,False,False,False,False,False,True,True
0000928054,"2021,2022,2023,2024,2025",5,False,False,False,False,False,True,True,True,True,True
0000928465,2025,1,False,False,False,False,False,False,False,False,False,True
0000928576,"2024,2025",2,False,False,False,False,False,False,False,False,True,True
0000928658,"2024,2025",2,False,False,False,False,False,False,False,False,True,True
0000929008,"2024,2025",2,False,False,False,False,False,False,False,False,True,True
0000929351,"2024,2025",2,False,False,False,False,False,False,False,False,True,True
0000929940,"2017,2018,2019,2020,2021,2022",6,False,True,True,True,True,True,True,False,False,False
0000930236,"2024,2025",2,False,False,False,False,False,False,False,False,True,True
0000930420,"2017,2020,2021,2022,2023,2024,2025",7,False,True,False,False,True,True,True,True,True,True
0000931015,2025,1,False,False,False,False,False,False,False,False,False,True
0000931148,2024,1,False,False,False,False,False,False,False,False,True,False
0000931182,"2024,2025",2,False,False,False,False,False,False,False,False,True,True
0000932021,"2024,2025",2,False,False,False,False,False,False,False,False,True,True
0000932696,"2019,2020,2021,2022,2023,2024,2025",7,False,False,False,True,True,True,True,True,True,True
0000932781,2025,1,False,False,False,False,False,False,False,False,False,True
0000933034,2025,1,False,False,False,False,False,False,False,False,False,True
0000933036,2025,1,False,False,False,False,False,False,False,False,False,True
0000933136,"2019,2022,2024,2025",4,False,False,False,True,False,False,True,False,True,True
0000933738,2018,1,False,False,True,False,False,False,False,False,False,False
0000933972,2022,1,False,False,False,False,False,False,True,False,False,False
0000933974,2025,1,False,False,False,False,False,False,False,False,False,True
0000934549,"2017,2018,2019,2020",4,False,True,True,True,True,False,False,False,False,False
0000934796,2024,1,False,False,False,False,False,False,False,False,True,False
0000935036,"2018,2019,2020,2021,2022,2023,2024,2025",8,False,False,True,True,True,True,True,True,True,True
0000935703,"2024,2025",2,False,False,False,False,False,False,False,False,True,True
0000936395,"2017,2018,2019,2020,2021,2022,2023,2024,2025",9,False,True,True,True,True,True,True,True,True,True
0000936468,"2021,2022,2023,2024,2025",5,False,False,False,False,False,True,True,True,True,True
0000936528,"2024,2025",2,False,False,False,False,False,False,False,False,True,True
0000937098,"2024,2025",2,False,False,False,False,False,False,False,False,True,True
0000937556,"2023,2024,2025",3,False,False,False,False,False,False,False,True,True,True
0000937834,"2024,2025",2,False,False,False,False,False,False,False,False,True,True
0000939767,2025,1,False,False,False,False,False,False,False,False,False,True
0000940942,"2018,2019,2020,2021,2022,2024,2025",7,False,False,True,True,True,True,True,False,True,True
0000940944,"2024,2025",2,False,False,False,False,False,False,False,False,True,True
0000943452,"2021,2022,2023,2024,2025",5,False,False,False,False,False,True,True,True,True,True
0000943535,"2021,2022,2023,2024,2025",5,False,False,False,False,False,True,True,True,True,True
0000943819,"2022,2023,2024,2025",4,False,False,False,False,False,False,True,True,True,True
0000944148,"2019,2020,2021,2022,2023,2024,2025",7,False,False,False,True,True,True,True,True,True,True
0000944695,"2018,2019,2020,2021,2022,2023,2024,2025",8,False,False,True,True,True,True,True,True,True,True
0000945114,"2021,2022,2023,2024,2025",5,False,False,False,False,False,True,True,True,True,True
0000945384,2020,1,False,False,False,False,True,False,False,False,False,False
0000945394,"2016,2025",2,True,False,False,False,False,False,False,False,False,True
0000945841,2025,1,False,False,False,False,False,False,False,False,False,True
0000945983,2025,1,False,False,False,False,False,False,False,False,False,True
0000945989,"2018,2019",2,False,False,True,True,False,False,False,False,False,False
0000946454,2023,1,False,False,False,False,False,False,False,True,False,False
0000946486,2025,1,False,False,False,False,False,False,False,False,False,True
0000946581,"2024,2025",2,False,False,False,False,False,False,False,False,True,True
0000946673,2025,1,False,False,False,False,False,False,False,False,False,True
0000947484,"2024,2025",2,False,False,False,False,False,False,False,False,True,True
0000947559,2025,1,False,False,False,False,False,False,False,False,False,True
0000948320,"2016,2017,2024,2025",4,True,True,False,False,False,False,False,False,True,True
0000948708,"2024,2025",2,False,False,False,False,False,False,False,False,True,True
0000949039,2024,1,False,False,False,False,False,False,False,False,True,False
0000949158,"2016,2017,2018,2019",4,True,True,True,True,False,False,False,False,False,False
0000949858,2025,1,False,False,False,False,False,False,False,False,False,True
0000949870,"2016,2017,2025",3,True,True,False,False,False,False,False,False,False,True
0001000045,2020,1,False,False,False,False,True,False,False,False,False,False
0001000209,"2024,2025",2,False,False,False,False,False,False,False,False,True,True
0001000228,2025,1,False,False,False,False,False,False,False,False,False,True
0001000229,"2021,2022,2023",3,False,False,False,False,False,True,True,True,False,False
0001000230,2025,1,False,False,False,False,False,False,False,False,False,True
0001000623,"2024,2025",2,False,False,False,False,False,False,False,False,True,True
0001000694,2025,1,False,False,False,False,False,False,False,False,False,True
0001000697,2025,1,False,False,False,False,False,False,False,False,False,True
0001000753,2025,1,False,False,False,False,False,False,False,False,False,True
0001001082,"2020,2024,2025",3,False,False,False,False,True,False,False,False,True,True
0001001233,"2024,2025",2,False,False,False,False,False,False,False,False,True,True
0001001250,"2024,2025",2,False,False,False,False,False,False,False,False,True,True
0001001316,2025,1,False,False,False,False,False,False,False,False,False,True
0001001614,"2021,2024,2025",3,False,False,False,False,False,True,False,False,True,True
0001001838,"2024,2025",2,False,False,False,False,False,False,False,False,True,True
0001001902,2025,1,False,False,False,False,False,False,False,False,False,True
0001001907,"2017,2018,2019,2020,2024",5,False,True,True,True,True,False,False,False,True,False
0001002047,"2018,2019,2020,2021,2022,2023,2024,2025",8,False,False,True,True,True,True,True,True,True,True
0001002517,"2016,2017,2018,2019,2020,2021,2022",7,True,True,True,True,True,True,True,False,False,False
0001002638,"2016,2017,2018,2019,2020,2021,2022,2023,2024,2025",10,True,True,True,True,True,True,True,True,True,True
0001002910,"2024,2025",2,False,False,False,False,False,False,False,False,True,True
0001003078,"2019,2020,2021,2022,2023,2024,2025",7,False,False,False,True,True,True,True,True,True,True
0001003815,2024,1,False,False,False,False,False,False,False,False,True,False
0001004036,"2024,2025",2,False,False,False,False,False,False,False,False,True,True
0001004155,2025,1,False,False,False,False,False,False,False,False,False,True
0001004434,"2024,2025",2,False,False,False,False,False,False,False,False,True,True
0001004702,2025,1,False,False,False,False,False,False,False,False,False,True
0001004980,2025,1,False,False,False,False,False,False,False,False,False,True
0001004989,2025,1,False,False,False,False,False,False,False,False,False,True
0001005210,"2023,2024,2025",3,False,False,False,False,False,False,False,True,True,True
0001005229,2025,1,False,False,False,False,False,False,False,False,False,True
0001005731,"2023,2024,2025",3,False,False,False,False,False,False,False,True,True,True
0001005757,"2018,2019,2020,2021,2024,2025",6,False,False,True,True,True,True,False,False,True,True
0001005817,2025,1,False,False,False,False,False,False,False,False,False,True
0001006281,2025,1,False,False,False,False,False,False,False,False,False,True
0001006837,"2021,2022,2023,2024,2025",5,False,False,False,False,False,True,True,True,True,True
0001008586,"2016,2017,2018,2019,2020,2022,2023",7,True,True,True,True,True,False,True,True,False,False
0001009759,"2024,2025",2,False,False,False,False,False,False,False,False,True,True
0001010086,"2024,2025",2,False,False,False,False,False,False,False,False,True,True
0001010612,"2018,2019,2020,2021",4,False,False,True,True,True,True,False,False,False,False
0001011006,"2016,2017",2,True,True,False,False,False,False,False,False,False,False
0001011060,2025,1,False,False,False,False,False,False,False,False,False,True
0001011659,"2020,2021",2,False,False,False,False,True,True,False,False,False,False
0001012100,"2016,2017,2025",3,True,True,False,False,False,False,False,False,False,True
0001012477,2021,1,False,False,False,False,False,True,False,False,False,False
0001013237,"2021,2022,2023,2024,2025",5,False,False,False,False,False,True,True,True,True,True
0001013462,"2017,2020,2023,2024,2025",5,False,True,False,False,True,False,False,True,True,True
0001013488,2025,1,False,False,False,False,False,False,False,False,False,True
0001013857,"2016,2017,2018,2019,2020,2021,2022,2023,2024,2025",10,True,True,True,True,True,True,True,True,True,True
0001013871,"2023,2024,2025",3,False,False,False,False,False,False,False,True,True,True
0001013880,"2017,2018,2019,2020,2021,2022,2023,2024,2025",9,False,True,True,True,True,True,True,True,True,True
0001013934,"2018,2019,2020,2021,2022,2023,2024,2025",8,False,False,True,True,True,True,True,True,True,True
0001014052,"2016,2017,2018,2019",4,True,True,True,True,False,False,False,False,False,False
0001014473,"2023,2024,2025",3,False,False,False,False,False,False,False,True,True,True
0001014739,"2024,2025",2,False,False,False,False,False,False,False,False,True,True
0001014763,"2016,2017,2018,2021,2022,2023,2024,2025",8,True,True,True,False,False,True,True,True,True,True
0001015155,"2018,2023,2024",3,False,False,True,False,False,False,False,True,True,False
0001015328,2025,1,False,False,False,False,False,False,False,False,False,True
0001015383,"2020,2024,2025",3,False,False,False,False,True,False,False,False,True,True
0001016125,"2017,2018,2019",3,False,True,True,True,False,False,False,False,False,False
0001017110,"2020,2021,2022,2023",4,False,False,False,False,True,True,True,True,False,False
0001017303,"2024,2025",2,False,False,False,False,False,False,False,False,True,True
0001017480,"2021,2022,2023,2024",4,False,False,False,False,False,True,True,True,True,False
0001018164,2025,1,False,False,False,False,False,False,False,False,False,True
0001018399,"2024,2025",2,False,False,False,False,False,False,False,False,True,True
0001018724,"2019,2020,2021,2022,2023,2024,2025",7,False,False,False,True,True,True,True,True,True,True
0001018840,"2022,2023,2024,2025",4,False,False,False,False,False,False,True,True,True,True
0001019034,2025,1,False,False,False,False,False,False,False,False,False,True
0001019849,"2017,2018,2022,2023,2024,2025",6,False,True,True,False,False,False,True,True,True,True
0001020569,"2020,2021,2022,2023,2024,2025",6,False,False,False,False,True,True,True,True,True,True
0001020859,"2023,2025",2,False,False,False,False,False,False,False,True,False,True
0001021096,2021,1,False,False,False,False,False,True,False,False,False,False
0001021561,"2024,2025",2,False,False,False,False,False,False,False,False,True,True
0001021604,2021,1,False,False,False,False,False,True,False,False,False,False
0001021635,"2024,2025",2,False,False,False,False,False,False,False,False,True,True
0001021860,"2018,2019,2020,2021,2022,2023,2024,2025",8,False,False,True,True,True,True,True,True,True,True
0001022079,"2019,2020,2021,2022,2023,2024,2025",7,False,False,False,True,True,True,True,True,True,True
0001022321,"2024,2025",2,False,False,False,False,False,False,False,False,True,True
0001022344,2025,1,False,False,False,False,False,False,False,False,False,True
0001022408,"2019,2020,2021,2022,2023,2024,2025",7,False,False,False,True,True,True,True,True,True,True
0001022505,"2020,2021,2023,2024,2025",5,False,False,False,False,True,True,False,True,True,True
0001022652,"2018,2019,2020,2021,2022,2023,2024,2025",8,False,False,True,True,True,True,True,True,True,True
0001023313,"2019,2020,2021,2024,2025",5,False,False,False,True,True,True,False,False,True,True
0001023459,"2016,2017,2018,2019,2020,2021,2022,2023,2024,2025",10,True,True,True,True,True,True,True,True,True,True
0001023731,"2018,2019,2020,2021,2022,2023,2024,2025",8,False,False,True,True,True,True,True,True,True,True
0001023994,"2017,2024",2,False,True,False,False,False,False,False,False,True,False
0001024305,"2018,2019,2020,2021,2022,2023,2024,2025",8,False,False,True,True,True,True,True,True,True,True
0001024478,"2021,2022,2023,2024,2025",5,False,False,False,False,False,True,True,True,True,True
0001024795,"2021,2025",2,False,False,False,False,False,True,False,False,False,True
0001025378,2025,1,False,False,False,False,False,False,False,False,False,True
0001025561,2023,1,False,False,False,False,False,False,False,True,False,False
0001025835,2025,1,False,False,False,False,False,False,False,False,False,True
0001025996,"2024,2025",2,False,False,False,False,False,False,False,False,True,True
0001026214,"2022,2024,2025",3,False,False,False,False,False,False,True,False,True,True
0001026655,2025,1,False,False,False,False,False,False,False,False,False,True
0001028215,2018,1,False,False,True,False,False,False,False,False,False,False
0001028918,"2024,2025",2,False,False,False,False,False,False,False,False,True,True
0001029142,2025,1,False,False,False,False,False,False,False,False,False,True
0001029744,"2022,2023,2024",3,False,False,False,False,False,False,True,True,True,False
0001030469,"2024,2025",2,False,False,False,False,False,False,False,False,True,True
0001030894,2025,1,False,False,False,False,False,False,False,False,False,True
0001031029,"2020,2021,2022,2023",4,False,False,False,False,True,True,True,True,False,False
0001031203,"2021,2022,2023,2024",4,False,False,False,False,False,True,True,True,True,False
0001031296,"2024,2025",2,False,False,False,False,False,False,False,False,True,True
0001031308,"2021,2022,2023,2024,2025",5,False,False,False,False,False,True,True,True,True,True
0001032033,"2024,2025",2,False,False,False,False,False,False,False,False,True,True
0001032208,2025,1,False,False,False,False,False,False,False,False,False,True
0001032220,"2021,2022,2023,2024,2025",5,False,False,False,False,False,True,True,True,True,True
0001032975,"2017,2018,2019,2020,2021,2022,2023,2024,2025",9,False,True,True,True,True,True,True,True,True,True
0001033128,2025,1,False,False,False,False,False,False,False,False,False,True
0001034054,2025,1,False,False,False,False,False,False,False,False,False,True
0001034670,"2017,2018,2025",3,False,True,True,False,False,False,False,False,False,True
0001034760,"2022,2023,2024,2025",4,False,False,False,False,False,False,True,True,True,True
0001034842,"2021,2024,2025",3,False,False,False,False,False,True,False,False,True,True
0001035002,"2024,2025",2,False,False,False,False,False,False,False,False,True,True
0001035092,2025,1,False,False,False,False,False,False,False,False,False,True
0001035267,"2023,2024,2025",3,False,False,False,False,False,False,False,True,True,True
0001035443,"2024,2025",2,False,False,False,False,False,False,False,False,True,True
0001035748,2018,1,False,False,True,False,False,False,False,False,False,False
0001035976,"2022,2023",2,False,False,False,False,False,False,True,True,False,False
0001036044,"2023,2024",2,False,False,False,False,False,False,False,True,True,False
0001036188,"2017,2018,2019,2020,2021",5,False,True,True,True,True,True,False,False,False,False
0001036262,"2024,2025",2,False,False,False,False,False,False,False,False,True,True
0001036848,"2022,2023,2024",3,False,False,False,False,False,False,True,True,True,False
0001037016,2019,1,False,False,False,True,False,False,False,False,False,False
0001037038,"2023,2024,2025",3,False,False,False,False,False,False,False,True,True,True
0001037189,"2016,2017",2,True,True,False,False,False,False,False,False,False,False
0001037540,"2023,2024,2025",3,False,False,False,False,False,False,False,True,True,True
0001037646,"2024,2025",2,False,False,False,False,False,False,False,False,True,True
0001037676,2024,1,False,False,False,False,False,False,False,False,True,False
0001037976,"2019,2020,2021,2022,2023,2024,2025",7,False,False,False,True,True,True,True,True,True,True
0001038074,"2022,2024,2025",3,False,False,False,False,False,False,True,False,True,True
0001038133,"2022,2023",2,False,False,False,False,False,False,True,True,False,False
0001038357,2024,1,False,False,False,False,False,False,False,False,True,False
0001038509,"2023,2024,2025",3,False,False,False,False,False,False,False,True,True,True
0001038773,2025,1,False,False,False,False,False,False,False,False,False,True
0001039280,"2018,2019,2020,2021,2022,2023,2024,2025",8,False,False,True,True,True,True,True,True,True,True
0001039399,"2023,2024,2025",3,False,False,False,False,False,False,False,True,True,True
0001039466,"2021,2022,2023,2024",4,False,False,False,False,False,True,True,True,True,False
0001039828,"2024,2025",2,False,False,False,False,False,False,False,False,True,True
0001040130,"2024,2025",2,False,False,False,False,False,False,False,False,True,True
0001040161,"2021,2022,2023,2024,2025",5,False,False,False,False,False,True,True,True,True,True
0001040426,2018,1,False,False,True,False,False,False,False,False,False,False
0001040470,"2023,2024,2025",3,False,False,False,False,False,False,False,True,True,True
0001040765,"2024,2025",2,False,False,False,False,False,False,False,False,True,True
0001040792,"2017,2018",2,False,True,True,False,False,False,False,False,False,False
0001040829,"2024,2025",2,False,False,False,False,False,False,False,False,True,True
0001040896,"2022,2023,2024,2025",4,False,False,False,False,False,False,True,True,True,True
0001041024,2025,1,False,False,False,False,False,False,False,False,False,True
0001041061,"2021,2022,2023,2024,2025",5,False,False,False,False,False,True,True,True,True,True
0001041368,2025,1,False,False,False,False,False,False,False,False,False,True
0001041514,"2016,2018",2,True,False,True,False,False,False,False,False,False,False
0001041657,"2024,2025",2,False,False,False,False,False,False,False,False,True,True
0001041803,"2024,2025",2,False,False,False,False,False,False,False,False,True,True
0001042046,"2022,2023,2024,2025",4,False,False,False,False,False,False,True,True,True,True
0001042074,2024,1,False,False,False,False,False,False,False,False,True,False
0001042187,"2023,2024,2025",3,False,False,False,False,False,False,False,True,True,True
0001042418,2025,1,False,False,False,False,False,False,False,False,False,True
0001042642,2025,1,False,False,False,False,False,False,False,False,False,True
0001042729,"2024,2025",2,False,False,False,False,False,False,False,False,True,True
0001042773,"2022,2024,2025",3,False,False,False,False,False,False,True,False,True,True
0001042776,2025,1,False,False,False,False,False,False,False,False,False,True
0001043000,2025,1,False,False,False,False,False,False,False,False,False,True
0001043121,"2023,2024,2025",3,False,False,False,False,False,False,False,True,True,True
0001043219,"2024,2025",2,False,False,False,False,False,False,False,False,True,True
0001043277,"2018,2019,2020,2021,2022,2023,2024,2025",8,False,False,True,True,True,True,True,True,True,True
0001043337,2024,1,False,False,False,False,False,False,False,False,True,False
0001043509,"2016,2017,2018,2019,2020,2021,2022,2023,2024,2025",10,True,True,True,True,True,True,True,True,True,True
0001043565,"2016,2017,2018,2019,2020",5,True,True,True,True,True,False,False,False,False,False
0001043604,"2016,2017,2018,2019,2020,2021,2022,2023,2024,2025",10,True,True,True,True,True,True,True,True,True,True
0001043951,"2023,2024,2025",3,False,False,False,False,False,False,False,True,True,True
0001043961,2025,1,False,False,False,False,False,False,False,False,False,True
0001044378,"2019,2020,2021,2022",4,False,False,False,True,True,True,True,False,False,False
0001044777,"2016,2017,2018,2019,2020,2021,2022,2024,2025",9,True,True,True,True,True,True,True,False,True,True
0001045425,2019,1,False,False,False,True,False,False,False,False,False,False
0001045450,"2024,2025",2,False,False,False,False,False,False,False,False,True,True
0001045810,"2016,2017,2018,2019,2020,2021,2022,2023,2024,2025",10,True,True,True,True,True,True,True,True,True,True
0001046025,2025,1,False,False,False,False,False,False,False,False,False,True
0001046050,2025,1,False,False,False,False,False,False,False,False,False,True
0001046102,"2019,2020,2021,2022,2023,2024,2025",7,False,False,False,True,True,True,True,True,True,True
0001046257,"2023,2024,2025",3,False,False,False,False,False,False,False,True,True,True
0001046311,"2024,2025",2,False,False,False,False,False,False,False,False,True,True
0001046327,"2019,2020,2021,2022",4,False,False,False,True,True,True,True,False,False,False
0001046568,"2019,2020,2021,2022,2023,2024,2025",7,False,False,False,True,True,True,True,True,True,True
0001047122,"2016,2020",2,True,False,False,False,True,False,False,False,False,False
0001047127,"2020,2021,2022,2023,2024,2025",6,False,False,False,False,True,True,True,True,True,True
0001047166,2025,1,False,False,False,False,False,False,False,False,False,True
0001047340,"2023,2024",2,False,False,False,False,False,False,False,True,True,False
0001047862,"2024,2025",2,False,False,False,False,False,False,False,False,True,True
0001048286,2025,1,False,False,False,False,False,False,False,False,False,True
0001048477,2025,1,False,False,False,False,False,False,False,False,False,True
0001048695,"2020,2021,2022,2023,2024,2025",6,False,False,False,False,True,True,True,True,True,True
0001048911,"2019,2020,2021,2022,2023,2024,2025",7,False,False,False,True,True,True,True,True,True,True
0001049011,"2022,2023,2024",3,False,False,False,False,False,False,True,True,True,False
0001049502,"2022,2023,2024,2025",4,False,False,False,False,False,False,True,True,True,True
0001049521,"2019,2020,2021,2022,2023,2024,2025",7,False,False,False,True,True,True,True,True,True,True
0001049782,"2024,2025",2,False,False,False,False,False,False,False,False,True,True
0001050377,"2023,2024,2025",3,False,False,False,False,False,False,False,True,True,True
0001050441,2025,1,False,False,False,False,False,False,False,False,False,True
0001050446,"2016,2017,2018,2019,2020,2022,2023,2024,2025",9,True,True,True,True,True,False,True,True,True,True
0001050915,2025,1,False,False,False,False,False,False,False,False,False,True
0001051343,2024,1,False,False,False,False,False,False,False,False,True,False
0001051470,"2023,2024,2025",3,False,False,False,False,False,False,False,True,True,True
0001051512,"2024,2025",2,False,False,False,False,False,False,False,False,True,True
0001051627,"2024,2025",2,False,False,False,False,False,False,False,False,True,True
0001052054,"2018,2019,2020,2021,2022",5,False,False,True,True,True,True,True,False,False,False
0001052354,2025,1,False,False,False,False,False,False,False,False,False,True
0001052595,2019,1,False,False,False,True,False,False,False,False,False,False
0001052752,"2024,2025",2,False,False,False,False,False,False,False,False,True,True
0001053059,"2024,2025",2,False,False,False,False,False,False,False,False,True,True
0001053352,"2024,2025",2,False,False,False,False,False,False,False,False,True,True
0001053369,"2024,2025",2,False,False,False,False,False,False,False,False,True,True
0001053374,"2016,2017,2018",3,True,True,True,False,False,False,False,False,False,False
0001053507,"2024,2025",2,False,False,False,False,False,False,False,False,True,True
0001053691,"2023,2024,2025",3,False,False,False,False,False,False,False,True,True,True
0001053706,"2016,2017,2025",3,True,True,False,False,False,False,False,False,False,True
0001054721,"2017,2018,2019,2020,2021,2022,2023",7,False,True,True,True,True,True,True,True,False,False
0001054905,"2024,2025",2,False,False,False,False,False,False,False,False,True,True
0001055726,2025,1,False,False,False,False,False,False,False,False,False,True
0001056285,2022,1,False,False,False,False,False,False,True,False,False,False
0001056288,"2019,2020,2021,2022,2023,2024,2025",7,False,False,False,True,True,True,True,True,True,True
0001056358,2025,1,False,False,False,False,False,False,False,False,False,True
0001056386,"2019,2020",2,False,False,False,True,True,False,False,False,False,False
0001056696,2025,1,False,False,False,False,False,False,False,False,False,True
0001056903,"2024,2025",2,False,False,False,False,False,False,False,False,True,True
0001056943,2025,1,False,False,False,False,False,False,False,False,False,True
0001057051,"2016,2017,2018",3,True,True,True,False,False,False,False,False,False,False
0001057060,2025,1,False,False,False,False,False,False,False,False,False,True
0001057352,"2022,2023,2024,2025",4,False,False,False,False,False,False,True,True,True,True
0001057379,"2017,2024,2025",3,False,True,False,False,False,False,False,False,True,True
0001057706,"2024,2025",2,False,False,False,False,False,False,False,False,True,True
0001058057,"2020,2021",2,False,False,False,False,True,True,False,False,False,False
0001058090,"2024,2025",2,False,False,False,False,False,False,False,False,True,True
0001058290,"2018,2019,2020,2021,2022,2023,2024,2025",8,False,False,True,True,True,True,True,True,True,True
0001058623,2025,1,False,False,False,False,False,False,False,False,False,True
0001058867,2025,1,False,False,False,False,False,False,False,False,False,True
0001059142,"2019,2025",2,False,False,False,True,False,False,False,False,False,True
0001059556,"2019,2024,2025",3,False,False,False,True,False,False,False,False,True,True
0001060349,2022,1,False,False,False,False,False,False,True,False,False,False
0001060386,"2016,2017,2018,2019,2020,2021,2022,2023,2024",9,True,True,True,True,True,True,True,True,True,False
0001060822,"2024,2025",2,False,False,False,False,False,False,False,False,True,True
0001061937,"2024,2025",2,False,False,False,False,False,False,False,False,True,True
0001062231,"2024,2025",2,False,False,False,False,False,False,False,False,True,True
0001063761,2025,1,False,False,False,False,False,False,False,False,False,True
0001064722,"2021,2022,2023,2024,2025",5,False,False,False,False,False,True,True,True,True,True
0001064728,"2024,2025",2,False,False,False,False,False,False,False,False,True,True
0001065059,2025,1,False,False,False,False,False,False,False,False,False,True
0001065078,"2024,2025",2,False,False,False,False,False,False,False,False,True,True
0001065088,"2018,2019,2020,2021,2022,2023,2024,2025",8,False,False,True,True,True,True,True,True,True,True
0001065280,"2024,2025",2,False,False,False,False,False,False,False,False,True,True
0001065696,"2021,2023,2024",3,False,False,False,False,False,True,False,True,True,False
0001066194,"2016,2017,2018,2019,2020,2021,2022,2023,2024,2025",10,True,True,True,True,True,True,True,True,True,True
0001066247,"2024,2025",2,False,False,False,False,False,False,False,False,True,True
0001066605,"2022,2024,2025",3,False,False,False,False,False,False,True,False,True,True
0001066656,"2016,2017,2018,2019,2020,2021,2022,2023,2024,2025",10,True,True,True,True,True,True,True,True,True,True
0001066658,2016,1,True,False,False,False,False,False,False,False,False,False
0001066764,"2023,2024,2025",3,False,False,False,False,False,False,False,True,True,True
0001066923,"2018,2020,2021",3,False,False,True,False,True,True,False,False,False,False
0001067294,"2024,2025",2,False,False,False,False,False,False,False,False,True,True
0001067701,2025,1,False,False,False,False,False,False,False,False,False,True
0001068237,"2016,2017,2018",3,True,True,True,False,False,False,False,False,False,False
0001068689,"2024,2025",2,False,False,False,False,False,False,False,False,True,True
0001068851,2025,1,False,False,False,False,False,False,False,False,False,True
0001069183,"2017,2018,2019,2020,2021,2022,2023,2024,2025",9,False,True,True,True,True,True,True,True,True,True
0001069202,2025,1,False,False,False,False,False,False,False,False,False,True
0001069258,"2017,2018,2019,2020,2021,2022,2023,2024,2025",9,False,True,True,True,True,True,True,True,True,True
0001069530,2025,1,False,False,False,False,False,False,False,False,False,True
0001069533,"2024,2025",2,False,False,False,False,False,False,False,False,True,True
0001069899,2025,1,False,False,False,False,False,False,False,False,False,True
0001070081,2025,1,False,False,False,False,False,False,False,False,False,True
0001070154,2021,1,False,False,False,False,False,True,False,False,False,False
0001070235,"2020,2021,2022,2023,2024,2025",6,False,False,False,False,True,True,True,True,True,True
0001070423,2025,1,False,False,False,False,False,False,False,False,False,True
0001070494,"2019,2024,2025",3,False,False,False,True,False,False,False,False,True,True
0001070750,"2024,2025",2,False,False,False,False,False,False,False,False,True,True
0001070985,"2021,2022,2023,2024,2025",5,False,False,False,False,False,True,True,True,True,True
0001071739,"2021,2022,2023,2024,2025",5,False,False,False,False,False,True,True,True,True,True
0001071840,"2024,2025",2,False,False,False,False,False,False,False,False,True,True
0001073349,"2018,2019",2,False,False,True,True,False,False,False,False,False,False
0001073489,2020,1,False,False,False,False,True,False,False,False,False,False
0001074828,"2021,2022,2023,2024,2025",5,False,False,False,False,False,True,True,True,True,True
0001075415,2025,1,False,False,False,False,False,False,False,False,False,True
0001075531,"2017,2018,2019,2020,2021,2022,2023,2024,2025",9,False,True,True,True,True,True,True,True,True,True
0001075736,"2023,2025",2,False,False,False,False,False,False,False,True,False,True
0001076481,2016,1,True,False,False,False,False,False,False,False,False,False
0001076930,"2023,2024",2,False,False,False,False,False,False,False,True,True,False
0001077183,2025,1,False,False,False,False,False,False,False,False,False,True
0001077428,2025,1,False,False,False,False,False,False,False,False,False,True
0001077771,"2022,2023",2,False,False,False,False,False,False,True,True,False,False
0001078075,"2024,2025",2,False,False,False,False,False,False,False,False,True,True
0001078207,"2020,2021,2022,2023",4,False,False,False,False,True,True,True,True,False,False
0001078271,"2017,2018,2019,2020,2021,2022,2023,2024,2025",9,False,True,True,True,True,True,True,True,True,True
0001080014,2025,1,False,False,False,False,False,False,False,False,False,True
0001080319,"2019,2020",2,False,False,False,True,True,False,False,False,False,False
0001080657,2025,1,False,False,False,False,False,False,False,False,False,True
0001081316,"2024,2025",2,False,False,False,False,False,False,False,False,True,True
0001081745,"2018,2019,2020,2021,2022,2023,2024,2025",8,False,False,True,True,True,True,True,True,True,True
0001081938,"2021,2022,2023",3,False,False,False,False,False,True,True,True,False,False
0001082324,"2023,2024,2025",3,False,False,False,False,False,False,False,True,True,True
0001082554,"2024,2025",2,False,False,False,False,False,False,False,False,True,True
0001082733,2025,1,False,False,False,False,False,False,False,False,False,True
0001083220,"2018,2020,2021,2022,2023,2024,2025",7,False,False,True,False,True,True,True,True,True,True
0001083301,"2024,2025",2,False,False,False,False,False,False,False,False,True,True
0001083446,"2022,2023,2024,2025",4,False,False,False,False,False,False,True,True,True,True
0001083743,"2021,2022,2023,2024,2025",5,False,False,False,False,False,True,True,True,True,True
0001084048,"2024,2025",2,False,False,False,False,False,False,False,False,True,True
0001084267,"2017,2018,2019,2020,2021,2022,2023,2024,2025",9,False,True,True,True,True,True,True,True,True,True
0001084370,2018,1,False,False,True,False,False,False,False,False,False,False
0001084384,"2018,2019",2,False,False,True,True,False,False,False,False,False,False
0001084475,"2021,2022,2023,2024,2025",5,False,False,False,False,False,True,True,True,True,True
0001084554,2025,1,False,False,False,False,False,False,False,False,False,True
0001084577,"2019,2020,2021,2022",4,False,False,False,True,True,True,True,False,False,False
0001084765,"2021,2022,2023,2024,2025",5,False,False,False,False,False,True,True,True,True,True
0001084869,"2016,2017,2018,2019,2020,2023,2024,2025",8,True,True,True,True,True,False,False,True,True,True
0001085392,"2024,2025",2,False,False,False,False,False,False,False,False,True,True
0001085869,"2020,2021,2022,2023,2024",5,False,False,False,False,True,True,True,True,True,False
0001086222,"2024,2025",2,False,False,False,False,False,False,False,False,True,True
0001086600,2025,1,False,False,False,False,False,False,False,False,False,True
0001086745,2025,1,False,False,False,False,False,False,False,False,False,True
0001087022,"2021,2022",2,False,False,False,False,False,True,True,False,False,False
0001087294,"2022,2025",2,False,False,False,False,False,False,True,False,False,True
0001087934,2016,1,True,False,False,False,False,False,False,False,False,False
0001088034,"2024,2025",2,False,False,False,False,False,False,False,False,True,True
0001088413,"2024,2025",2,False,False,False,False,False,False,False,False,True,True
0001089063,"2024,2025",2,False,False,False,False,False,False,False,False,True,True
0001089143,"2019,2020",2,False,False,False,True,True,False,False,False,False,False
0001089511,2021,1,False,False,False,False,False,True,False,False,False,False
0001089748,"2024,2025",2,False,False,False,False,False,False,False,False,True,True
0001089815,"2021,2022,2023,2024,2025",5,False,False,False,False,False,True,True,True,True,True
0001089819,2025,1,False,False,False,False,False,False,False,False,False,True
0001089872,"2017,2018,2019,2020,2021,2022,2023,2024,2025",9,False,True,True,True,True,True,True,True,True,True
0001090009,2025,1,False,False,False,False,False,False,False,False,False,True
0001090012,"2018,2020,2021,2022,2023,2024,2025",7,False,False,True,False,True,True,True,True,True,True
0001090727,"2019,2024,2025",3,False,False,False,True,False,False,False,False,True,True
0001090872,"2019,2020,2021,2022,2023,2024,2025",7,False,False,False,True,True,True,True,True,True,True
0001091667,"2024,2025",2,False,False,False,False,False,False,False,False,True,True
0001091748,"2024,2025",2,False,False,False,False,False,False,False,False,True,True
0001091983,2016,1,True,False,False,False,False,False,False,False,False,False
0001092699,"2024,2025",2,False,False,False,False,False,False,False,False,True,True
0001093557,"2017,2018,2019,2020,2021,2022,2023,2024,2025",9,False,True,True,True,True,True,True,True,True,True
0001093691,"2021,2022,2023",3,False,False,False,False,False,True,True,True,False,False
0001094093,2025,1,False,False,False,False,False,False,False,False,False,True
0001094285,"2024,2025",2,False,False,False,False,False,False,False,False,True,True
0001094392,2019,1,False,False,False,True,False,False,False,False,False,False
0001094831,"2024,2025",2,False,False,False,False,False,False,False,False,True,True
0001095007,"2016,2017,2018",3,True,True,True,False,False,False,False,False,False,False
0001095073,2025,1,False,False,False,False,False,False,False,False,False,True
0001095130,2019,1,False,False,False,True,False,False,False,False,False,False
0001095277,"2017,2018",2,False,True,True,False,False,False,False,False,False,False
0001095315,"2022,2023",2,False,False,False,False,False,False,True,True,False,False
0001095565,"2022,2023,2024,2025",4,False,False,False,False,False,False,True,True,True,True
0001095981,2025,1,False,False,False,False,False,False,False,False,False,True
0001096275,"2022,2023,2025",3,False,False,False,False,False,False,True,True,False,True
0001096343,"2024,2025",2,False,False,False,False,False,False,False,False,True,True
0001096385,2018,1,False,False,True,False,False,False,False,False,False,False
0001097149,"2020,2022,2023,2024,2025",5,False,False,False,False,True,False,True,True,True,True
0001097396,"2016,2017,2018,2019,2020",5,True,True,True,True,True,False,False,False,False,False
0001097864,"2019,2020,2021,2022,2023,2024,2025",7,False,False,False,True,True,True,True,True,True,True
0001098009,"2022,2023,2024,2025",4,False,False,False,False,False,False,True,True,True,True
0001098151,"2024,2025",2,False,False,False,False,False,False,False,False,True,True
0001098296,"2024,2025",2,False,False,False,False,False,False,False,False,True,True
0001098972,"2022,2023,2025",3,False,False,False,False,False,False,True,True,False,True
0001099160,"2024,2025",2,False,False,False,False,False,False,False,False,True,True
0001099219,"2016,2017,2018,2019,2020,2021,2022,2023,2024,2025",10,True,True,True,True,True,True,True,True,True,True
0001099590,"2019,2020,2021,2022,2023,2024,2025",7,False,False,False,True,True,True,True,True,True,True
0001099800,"2021,2022,2024,2025",4,False,False,False,False,False,True,True,False,True,True
0001100682,"2019,2020,2021,2022,2023,2024,2025",7,False,False,False,True,True,True,True,True,True,True
0001100778,"2018,2019",2,False,False,True,True,False,False,False,False,False,False
0001100917,2017,1,False,True,False,False,False,False,False,False,False,False
0001101215,"2022,2023,2024,2025",4,False,False,False,False,False,False,True,True,True,True
0001101239,"2019,2023,2024,2025",4,False,False,False,True,False,False,False,True,True,True
0001101302,"2017,2018,2019,2020,2021,2022,2023,2024,2025",9,False,True,True,True,True,True,True,True,True,True
0001101396,"2021,2022",2,False,False,False,False,False,True,True,False,False,False
0001101433,2025,1,False,False,False,False,False,False,False,False,False,True
0001101680,"2023,2024",2,False,False,False,False,False,False,False,True,True,False
0001102266,"2016,2017,2018,2019",4,True,True,True,True,False,False,False,False,False,False
0001102934,"2017,2018,2019,2020,2021",5,False,True,True,True,True,True,False,False,False,False
0001102942,2023,1,False,False,False,False,False,False,False,True,False,False
0001102993,"2017,2018,2019,2020,2021,2022,2023,2024,2025",9,False,True,True,True,True,True,True,True,True,True
0001103795,"2017,2018,2019,2020,2021,2022,2023,2024",8,False,True,True,True,True,True,True,True,True,False
0001103982,"2024,2025",2,False,False,False,False,False,False,False,False,True,True
0001104038,"2023,2024",2,False,False,False,False,False,False,False,True,True,False
0001104188,"2016,2017,2018",3,True,True,True,False,False,False,False,False,False,False
0001104506,"2023,2024,2025",3,False,False,False,False,False,False,False,True,True,True
0001104855,"2016,2017,2018,2019,2021",5,True,True,True,True,False,True,False,False,False,False
0001106213,"2022,2023,2024,2025",4,False,False,False,False,False,False,True,True,True,True
0001106644,2025,1,False,False,False,False,False,False,False,False,False,True
0001107280,"2021,2022,2023,2024,2025",5,False,False,False,False,False,True,True,True,True,True
0001107421,2025,1,False,False,False,False,False,False,False,False,False,True
0001107843,"2018,2019,2020,2021,2023,2024,2025",7,False,False,True,True,True,True,False,True,True,True
0001108109,"2023,2024,2025",3,False,False,False,False,False,False,False,True,True,True
0001108134,"2022,2023,2024,2025",4,False,False,False,False,False,False,True,True,True,True
0001108426,"2023,2024,2025",3,False,False,False,False,False,False,False,True,True,True
0001108524,"2016,2017,2018,2019,2020,2021,2022,2023,2024,2025",10,True,True,True,True,True,True,True,True,True,True
0001108630,"2021,2022",2,False,False,False,False,False,True,True,False,False,False
0001108645,"2022,2023,2024",3,False,False,False,False,False,False,True,True,True,False
0001108967,2019,1,False,False,False,True,False,False,False,False,False,False
0001109116,"2020,2021,2022,2023,2024,2025",6,False,False,False,False,True,True,True,True,True,True
0001109354,"2020,2021,2024,2025",4,False,False,False,False,True,True,False,False,True,True
0001109357,"2024,2025",2,False,False,False,False,False,False,False,False,True,True
0001109448,"2017,2021,2022,2023,2024,2025",6,False,True,False,False,False,True,True,True,True,True
0001110361,2016,1,True,False,False,False,False,False,False,False,False,False
0001110611,"2021,2022,2023,2024,2025",5,False,False,False,False,False,True,True,True,True,True
0001110803,"2022,2023,2024,2025",4,False,False,False,False,False,False,True,True,True,True
0001111335,"2017,2018,2019,2020,2021,2022,2023,2024,2025",9,False,True,True,True,True,True,True,True,True,True
0001113148,2023,1,False,False,False,False,False,False,False,True,False,False
0001113169,"2024,2025",2,False,False,False,False,False,False,False,False,True,True
0001113232,"2024,2025",2,False,False,False,False,False,False,False,False,True,True
0001113809,"2024,2025",2,False,False,False,False,False,False,False,False,True,True
0001114483,2025,1,False,False,False,False,False,False,False,False,False,True
0001114925,"2020,2021,2022,2023,2024,2025",6,False,False,False,False,True,True,True,True,True,True
0001114927,"2020,2021,2022,2023,2024,2025",6,False,False,False,False,True,True,True,True,True,True
0001115055,"2024,2025",2,False,False,False,False,False,False,False,False,True,True
0001115128,"2022,2023",2,False,False,False,False,False,False,True,True,False,False
0001115222,2018,1,False,False,True,False,False,False,False,False,False,False
0001116132,"2023,2024,2025",3,False,False,False,False,False,False,False,True,True,True
0001116463,2025,1,False,False,False,False,False,False,False,False,False,True
0001116942,"2024,2025",2,False,False,False,False,False,False,False,False,True,True
0001117171,"2024,2025",2,False,False,False,False,False,False,False,False,True,True
0001117297,"2023,2024,2025",3,False,False,False,False,False,False,False,True,True,True
0001117480,"2024,2025",2,False,False,False,False,False,False,False,False,True,True
0001118417,"2020,2021,2022,2023,2024",5,False,False,False,False,True,True,True,True,True,False
0001119190,2025,1,False,False,False,False,False,False,False,False,False,True
0001120193,"2018,2019,2020,2021,2023,2024,2025",7,False,False,True,True,True,True,False,True,True,True
0001120370,"2024,2025",2,False,False,False,False,False,False,False,False,True,True
0001120914,"2019,2020,2021,2022,2023,2024,2025",7,False,False,False,True,True,True,True,True,True,True
0001120970,"2021,2022,2023,2024,2025",5,False,False,False,False,False,True,True,True,True,True
0001121142,"2019,2020,2021,2022,2023",5,False,False,False,True,True,True,True,True,False,False
0001121484,"2024,2025",2,False,False,False,False,False,False,False,False,True,True
0001121702,"2021,2022,2023",3,False,False,False,False,False,True,True,True,False,False
0001121795,"2021,2022,2023,2024,2025",5,False,False,False,False,False,True,True,True,True,True
0001122904,"2017,2018,2020,2021,2023,2024,2025",7,False,True,True,False,True,True,False,True,True,True
0001122976,2025,1,False,False,False,False,False,False,False,False,False,True
0001123360,"2023,2024,2025",3,False,False,False,False,False,False,False,True,True,True
0001123494,2025,1,False,False,False,False,False,False,False,False,False,True
0001123852,"2024,2025",2,False,False,False,False,False,False,False,False,True,True
0001124105,2025,1,False,False,False,False,False,False,False,False,False,True
0001124140,"2018,2024,2025",3,False,False,True,False,False,False,False,False,True,True
0001124198,"2024,2025",2,False,False,False,False,False,False,False,False,True,True
0001124524,"2021,2023,2024,2025",4,False,False,False,False,False,True,False,True,True,True
0001124610,"2020,2021,2022,2023",4,False,False,False,False,True,True,True,True,False,False
0001124796,2025,1,False,False,False,False,False,False,False,False,False,True
0001124804,"2019,2025",2,False,False,False,True,False,False,False,False,False,True
0001124941,2025,1,False,False,False,False,False,False,False,False,False,True
0001125259,2025,1,False,False,False,False,False,False,False,False,False,True
0001125345,"2024,2025",2,False,False,False,False,False,False,False,False,True,True
0001125376,"2024,2025",2,False,False,False,False,False,False,False,False,True,True
0001125920,"2018,2019",2,False,False,True,True,False,False,False,False,False,False
0001126003,2016,1,True,False,False,False,False,False,False,False,False,False
0001126115,"2022,2023",2,False,False,False,False,False,False,True,True,False,False
0001126328,2025,1,False,False,False,False,False,False,False,False,False,True
0001126741,"2016,2017,2018,2019,2020,2021,2022,2023,2024,2025",10,True,True,True,True,True,True,True,True,True,True
0001126956,"2024,2025",2,False,False,False,False,False,False,False,False,True,True
0001127371,2025,1,False,False,False,False,False,False,False,False,False,True
0001127475,"2018,2019,2020,2021,2022,2023,2024,2025",8,False,False,True,True,True,True,True,True,True,True
0001127537,"2024,2025",2,False,False,False,False,False,False,False,False,True,True
0001127703,"2024,2025",2,False,False,False,False,False,False,False,False,True,True
0001128361,2025,1,False,False,False,False,False,False,False,False,False,True
0001128725,2018,1,False,False,True,False,False,False,False,False,False,False
0001128928,"2024,2025",2,False,False,False,False,False,False,False,False,True,True
0001129260,2020,1,False,False,False,False,True,False,False,False,False,False
0001129542,2018,1,False,False,True,False,False,False,False,False,False,False
0001130144,2025,1,False,False,False,False,False,False,False,False,False,True
0001130310,"2022,2024,2025",3,False,False,False,False,False,False,True,False,True,True
0001130464,"2024,2025",2,False,False,False,False,False,False,False,False,True,True
0001130713,"2018,2019,2020,2021,2022,2023,2024,2025",8,False,False,True,True,True,True,True,True,True,True
0001130781,"2024,2025",2,False,False,False,False,False,False,False,False,True,True
0001131096,"2017,2018",2,False,True,True,False,False,False,False,False,False,False
0001131554,"2017,2018,2019,2020,2021,2022,2024,2025",8,False,True,True,True,True,True,True,False,True,True
0001131903,"2017,2018,2019,2020,2021,2022,2023,2024,2025",9,False,True,True,True,True,True,True,True,True,True
0001132105,"2024,2025",2,False,False,False,False,False,False,False,False,True,True
0001132509,"2016,2017,2018,2019,2020",5,True,True,True,True,True,False,False,False,False,False
0001133311,"2024,2025",2,False,False,False,False,False,False,False,False,True,True
0001133421,"2022,2023,2024,2025",4,False,False,False,False,False,False,True,True,True,True
0001134115,"2022,2023",2,False,False,False,False,False,False,True,True,False,False
0001135185,2021,1,False,False,False,False,False,True,False,False,False,False
0001135971,"2024,2025",2,False,False,False,False,False,False,False,False,True,True
0001136174,"2018,2019,2020,2021,2022,2023,2024,2025",8,False,False,True,True,True,True,True,True,True,True
0001136869,"2021,2022,2023,2024,2025",5,False,False,False,False,False,True,True,True,True,True
0001136893,"2016,2017,2018,2019,2020,2021,2022,2023,2024,2025",10,True,True,True,True,True,True,True,True,True,True
0001137774,"2023,2024,2025",3,False,False,False,False,False,False,False,True,True,True
0001137789,"2018,2019,2020,2021,2022,2023,2024,2025",8,False,False,True,True,True,True,True,True,True,True
0001137883,2025,1,False,False,False,False,False,False,False,False,False,True
0001138118,2025,1,False,False,False,False,False,False,False,False,False,True
0001138476,"2023,2024,2025",3,False,False,False,False,False,False,False,True,True,True
0001138639,"2023,2024,2025",3,False,False,False,False,False,False,False,True,True,True
0001138723,"2020,2021,2022,2023,2024,2025",6,False,False,False,False,True,True,True,True,True,True
0001139614,2016,1,True,False,False,False,False,False,False,False,False,False
0001140102,"2020,2021,2022,2023,2024,2025",6,False,False,False,False,True,True,True,True,True,True
0001140215,"2024,2025",2,False,False,False,False,False,False,False,False,True,True
0001140536,"2021,2022,2023,2024,2025",5,False,False,False,False,False,True,True,True,True,True
0001140859,"2023,2024,2025",3,False,False,False,False,False,False,False,True,True,True
0001141103,"2022,2023,2024,2025",4,False,False,False,False,False,False,True,True,True,True
0001141284,"2023,2024,2025",3,False,False,False,False,False,False,False,True,True,True
0001141391,"2017,2018,2019,2020,2021,2022,2023,2024,2025",9,False,True,True,True,True,True,True,True,True,True
0001141688,"2024,2025",2,False,False,False,False,False,False,False,False,True,True
0001141788,"2016,2020,2021",3,True,False,False,False,True,True,False,False,False,False
0001141964,"2024,2025",2,False,False,False,False,False,False,False,False,True,True
0001142750,"2024,2025",2,False,False,False,False,False,False,False,False,True,True
0001144215,"2021,2022,2023,2024,2025",5,False,False,False,False,False,True,True,True,True,True
0001144879,"2022,2023,2024,2025",4,False,False,False,False,False,False,True,True,True,True
0001145197,"2024,2025",2,False,False,False,False,False,False,False,False,True,True
0001145255,"2023,2024,2025",3,False,False,False,False,False,False,False,True,True,True
0001145765,"2023,2024,2025",3,False,False,False,False,False,False,False,True,True,True
0001145986,2025,1,False,False,False,False,False,False,False,False,False,True
0001156039,"2024,2025",2,False,False,False,False,False,False,False,False,True,True
0001156174,2024,1,False,False,False,False,False,False,False,False,True,False
0001156375,"2024,2025",2,False,False,False,False,False,False,False,False,True,True
0001157408,"2018,2019,2020,2023,2024,2025",6,False,False,True,True,True,False,False,True,True,True
0001157601,"2024,2025",2,False,False,False,False,False,False,False,False,True,True
0001157602,2016,1,True,False,False,False,False,False,False,False,False,False
0001157762,2019,1,False,False,False,True,False,False,False,False,False,False
0001158114,"2024,2025",2,False,False,False,False,False,False,False,False,True,True
0001158172,"2022,2023,2024,2025",4,False,False,False,False,False,False,True,True,True,True
0001158324,"2024,2025",2,False,False,False,False,False,False,False,False,True,True
0001158419,2016,1,True,False,False,False,False,False,False,False,False,False
0001158449,"2016,2017,2018,2019,2020,2021,2022,2023,2024",9,True,True,True,True,True,True,True,True,True,False
0001158463,"2021,2022,2024,2025",4,False,False,False,False,False,True,True,False,True,True
0001158780,"2020,2021,2022,2023,2024,2025",6,False,False,False,False,True,True,True,True,True,True
0001158895,"2024,2025",2,False,False,False,False,False,False,False,False,True,True
0001159036,2025,1,False,False,False,False,False,False,False,False,False,True
0001159167,"2016,2017,2018,2019,2020,2021,2022,2023,2024,2025",10,True,True,True,True,True,True,True,True,True,True
0001160308,"2018,2019,2020,2021",4,False,False,True,True,True,True,False,False,False,False
0001160661,2025,1,False,False,False,False,False,False,False,False,False,True
0001160951,"2020,2021,2022",3,False,False,False,False,True,True,True,False,False,False
0001160958,2021,1,False,False,False,False,False,True,False,False,False,False
0001161728,2025,1,False,False,False,False,False,False,False,False,False,True
0001162112,"2018,2019,2020,2021",4,False,False,True,True,True,True,False,False,False,False
0001162194,"2021,2024",2,False,False,False,False,False,True,False,False,True,False
0001162461,2021,1,False,False,False,False,False,True,False,False,False,False
0001162896,"2024,2025",2,False,False,False,False,False,False,False,False,True,True
0001163165,"2020,2021,2024,2025",4,False,False,False,False,True,True,False,False,True,True
0001163302,"2024,2025",2,False,False,False,False,False,False,False,False,True,True
0001163739,"2021,2022,2023,2024,2025",5,False,False,False,False,False,True,True,True,True,True
0001164727,"2024,2025",2,False,False,False,False,False,False,False,False,True,True
0001164863,"2020,2021,2022,2023,2024,2025",6,False,False,False,False,True,True,True,True,True,True
0001165320,"2021,2022,2023,2024",4,False,False,False,False,False,True,True,True,True,False
0001165639,"2020,2021,2022",3,False,False,False,False,True,True,True,False,False,False
0001166003,"2018,2021,2022,2023,2024,2025",6,False,False,True,False,False,True,True,True,True,True
0001166388,"2017,2018,2019,2020,2021,2022,2023,2024,2025",9,False,True,True,True,True,True,True,True,True,True
0001166691,"2024,2025",2,False,False,False,False,False,False,False,False,True,True
0001166928,"2024,2025",2,False,False,False,False,False,False,False,False,True,True
0001167419,"2016,2017,2021,2022,2023,2024,2025",7,True,True,False,False,False,True,True,True,True,True
0001168165,"2022,2024,2025",3,False,False,False,False,False,False,True,False,True,True
0001168455,2025,1,False,False,False,False,False,False,False,False,False,True
0001169445,"2023,2024,2025",3,False,False,False,False,False,False,False,True,True,True
0001169561,"2021,2022,2023,2024,2025",5,False,False,False,False,False,True,True,True,True,True
0001169652,"2017,2018,2019,2020,2021,2022",6,False,True,True,True,True,True,True,False,False,False
0001169749,2016,1,True,False,False,False,False,False,False,False,False,False
0001169770,2025,1,False,False,False,False,False,False,False,False,False,True
0001169987,"2021,2022,2023",3,False,False,False,False,False,True,True,True,False,False
0001170010,"2020,2021,2022,2023,2024,2025",6,False,False,False,False,True,True,True,True,True,True
0001171155,2019,1,False,False,False,True,False,False,False,False,False,False
0001171326,"2022,2023,2024,2025",4,False,False,False,False,False,False,True,True,True,True
0001171486,"2024,2025",2,False,False,False,False,False,False,False,False,True,True
0001171662,2018,1,False,False,True,False,False,False,False,False,False,False
0001171759,2025,1,False,False,False,False,False,False,False,False,False,True
0001172052,"2022,2023,2024,2025",4,False,False,False,False,False,False,True,True,True,True
0001173204,"2024,2025",2,False,False,False,False,False,False,False,False,True,True
0001173281,2020,1,False,False,False,False,True,False,False,False,False,False
0001173489,"2016,2017,2018,2019,2020,2021,2022,2023,2024,2025",10,True,True,True,True,True,True,True,True,True,True
0001173514,2025,1,False,False,False,False,False,False,False,False,False,True
0001174850,"2023,2024,2025",3,False,False,False,False,False,False,False,True,True,True
0001174891,"2024,2025",2,False,False,False,False,False,False,False,False,True,True
0001175454,"2023,2024,2025",3,False,False,False,False,False,False,False,True,True,True
0001175535,"2024,2025",2,False,False,False,False,False,False,False,False,True,True
0001175680,"2019,2020,2024,2025",4,False,False,False,True,True,False,False,False,True,True
0001176309,2025,1,False,False,False,False,False,False,False,False,False,True
0001176948,"2016,2017,2018,2019,2020,2021,2023,2024,2025",9,True,True,True,True,True,True,False,True,True,True
0001177394,"2017,2018,2019,2020,2023,2024,2025",7,False,True,True,True,True,False,False,True,True,True
0001177609,"2024,2025",2,False,False,False,False,False,False,False,False,True,True
0001177702,"2024,2025",2,False,False,False,False,False,False,False,False,True,True
0001178253,2024,1,False,False,False,False,False,False,False,False,True,False
0001178377,"2018,2019,2020",3,False,False,True,True,True,False,False,False,False,False
0001178697,"2023,2025",2,False,False,False,False,False,False,False,True,False,True
0001178727,"2020,2021,2022,2023,2024",5,False,False,False,False,True,True,True,True,True,False
0001178879,"2024,2025",2,False,False,False,False,False,False,False,False,True,True
0001178970,"2024,2025",2,False,False,False,False,False,False,False,False,True,True
0001179929,"2019,2024,2025",3,False,False,False,True,False,False,False,False,True,True
0001180262,2025,1,False,False,False,False,False,False,False,False,False,True
0001182731,"2022,2023,2024",3,False,False,False,False,False,False,True,True,True,False
0001183765,"2017,2023,2024",3,False,True,False,False,False,False,False,True,True,False
0001185348,"2024,2025",2,False,False,False,False,False,False,False,False,True,True
0001187953,"2024,2025",2,False,False,False,False,False,False,False,False,True,True
0001192448,"2024,2025",2,False,False,False,False,False,False,False,False,True,True
0001193311,"2024,2025",2,False,False,False,False,False,False,False,False,True,True
0001195734,2025,1,False,False,False,False,False,False,False,False,False,True
0001196501,"2020,2021",2,False,False,False,False,True,True,False,False,False,False
0001200375,"2017,2018,2019,2020,2021,2022,2023,2024,2025",9,False,True,True,True,True,True,True,True,True,True
0001201792,"2019,2020,2021,2022,2023,2024,2025",7,False,False,False,True,True,True,True,True,True,True
0001206264,"2023,2025",2,False,False,False,False,False,False,False,True,False,True
0001207074,"2016,2017,2018,2019,2020",5,True,True,True,True,True,False,False,False,False,False
0001208208,2017,1,False,True,False,False,False,False,False,False,False,False
0001209028,"2016,2017,2018,2019,2020,2021,2022",7,True,True,True,True,True,True,True,False,False,False
0001209709,"2016,2017,2018,2019,2020,2021,2022,2023,2024,2025",10,True,True,True,True,True,True,True,True,True,True
0001210677,"2022,2023,2024,2025",4,False,False,False,False,False,False,True,True,True,True
0001210708,"2024,2025",2,False,False,False,False,False,False,False,False,True,True
0001211583,2025,1,False,False,False,False,False,False,False,False,False,True
0001211805,"2021,2022,2023,2024,2025",5,False,False,False,False,False,True,True,True,True,True
0001212458,"2016,2017,2018,2019,2020,2021",6,True,True,True,True,True,True,False,False,False,False
0001212545,"2024,2025",2,False,False,False,False,False,False,False,False,True,True
0001213809,"2024,2025",2,False,False,False,False,False,False,False,False,True,True
0001214816,"2024,2025",2,False,False,False,False,False,False,False,False,True,True
0001217234,"2020,2021,2022,2023,2024",5,False,False,False,False,True,True,True,True,True,False
0001218683,"2023,2024,2025",3,False,False,False,False,False,False,False,True,True,True
0001219601,"2024,2025",2,False,False,False,False,False,False,False,False,True,True
0001223533,"2018,2019",2,False,False,True,True,False,False,False,False,False,False
0001224133,"2018,2019,2020,2021,2022,2023,2024,2025",8,False,False,True,True,True,True,True,True,True,True
0001224608,"2024,2025",2,False,False,False,False,False,False,False,False,True,True
0001225307,2021,1,False,False,False,False,False,True,False,False,False,False
0001227025,"2019,2020,2021,2022",4,False,False,False,True,True,True,True,False,False,False
0001227265,"2016,2017,2018,2019,2020,2021,2022,2023,2024,2025",10,True,True,True,True,True,True,True,True,True,True
0001227268,"2016,2017,2018",3,True,True,True,False,False,False,False,False,False,False
0001227500,2025,1,False,False,False,False,False,False,False,False,False,True
0001227654,2025,1,False,False,False,False,False,False,False,False,False,True
0001228454,2025,1,False,False,False,False,False,False,False,False,False,True
0001228627,2025,1,False,False,False,False,False,False,False,False,False,True
0001231457,"2023,2024,2025",3,False,False,False,False,False,False,False,True,True,True
0001232524,"2024,2025",2,False,False,False,False,False,False,False,False,True,True
0001235468,"2020,2021,2022,2023,2024,2025",6,False,False,False,False,True,True,True,True,True,True
0001237831,"2019,2020,2021,2022,2023,2024,2025",7,False,False,False,True,True,True,True,True,True,True
0001244937,"2016,2017",2,True,True,False,False,False,False,False,False,False,False
0001253176,2024,1,False,False,False,False,False,False,False,False,True,False
0001253689,"2024,2025",2,False,False,False,False,False,False,False,False,True,True
0001253986,"2022,2023,2024,2025",4,False,False,False,False,False,False,True,True,True,True
0001254699,"2024,2025",2,False,False,False,False,False,False,False,False,True,True
0001255474,2022,1,False,False,False,False,False,False,True,False,False,False
0001258602,"2024,2025",2,False,False,False,False,False,False,False,False,True,True
0001259429,"2016,2017,2018",3,True,True,True,False,False,False,False,False,False,False
0001259515,"2016,2017,2018,2019",4,True,True,True,True,False,False,False,False,False,False
0001260221,"2024,2025",2,False,False,False,False,False,False,False,False,True,True
0001261249,2021,1,False,False,False,False,False,True,False,False,False,False
0001261333,"2020,2021,2022,2023,2024,2025",6,False,False,False,False,True,True,True,True,True,True
0001261379,"2022,2023,2024,2025",4,False,False,False,False,False,False,True,True,True,True
0001262039,"2018,2019,2020,2021,2022,2023,2024,2025",8,False,False,True,True,True,True,True,True,True,True
0001262823,2025,1,False,False,False,False,False,False,False,False,False,True
0001262976,"2022,2023,2024,2025",4,False,False,False,False,False,False,True,True,True,True
0001263364,2025,1,False,False,False,False,False,False,False,False,False,True
0001265131,2025,1,False,False,False,False,False,False,False,False,False,True
0001265521,"2023,2024,2025",3,False,False,False,False,False,False,False,True,True,True
0001265848,2018,1,False,False,True,False,False,False,False,False,False,False
0001267238,"2018,2024,2025",3,False,False,True,False,False,False,False,False,True,True
0001267426,2024,1,False,False,False,False,False,False,False,False,True,False
0001267565,2016,1,True,False,False,False,False,False,False,False,False,False
0001267919,2021,1,False,False,False,False,False,True,False,False,False,False
0001269026,2025,1,False,False,False,False,False,False,False,False,False,True
0001269190,"2016,2017,2018,2019,2020",5,True,True,True,True,True,False,False,False,False,False
0001270436,"2024,2025",2,False,False,False,False,False,False,False,False,True,True
0001271024,2016,1,True,False,False,False,False,False,False,False,False,False
0001271833,"2024,2025",2,False,False,False,False,False,False,False,False,True,True
0001271834,"2024,2025",2,False,False,False,False,False,False,False,False,True,True
0001272830,"2020,2021,2022",3,False,False,False,False,True,True,True,False,False,False
0001272842,"2023,2024,2025",3,False,False,False,False,False,False,False,True,True,True
0001273441,2024,1,False,False,False,False,False,False,False,False,True,False
0001273636,"2021,2022",2,False,False,False,False,False,True,True,False,False,False
0001273813,"2023,2024,2025",3,False,False,False,False,False,False,False,True,True,True
0001274173,"2024,2025",2,False,False,False,False,False,False,False,False,True,True
0001274494,"2024,2025",2,False,False,False,False,False,False,False,False,True,True
0001274737,"2022,2023,2024,2025",4,False,False,False,False,False,False,True,True,True,True
0001275014,"2020,2021,2022,2023,2024,2025",6,False,False,False,False,True,True,True,True,True,True
0001275101,2025,1,False,False,False,False,False,False,False,False,False,True
0001275158,"2024,2025",2,False,False,False,False,False,False,False,False,True,True
0001275187,"2024,2025",2,False,False,False,False,False,False,False,False,True,True
0001275477,2025,1,False,False,False,False,False,False,False,False,False,True
0001276187,2025,1,False,False,False,False,False,False,False,False,False,True
0001276520,"2020,2021,2022,2023,2024,2025",6,False,False,False,False,True,True,True,True,True,True
0001277856,2016,1,True,False,False,False,False,False,False,False,False,False
0001277902,"2024,2025",2,False,False,False,False,False,False,False,False,True,True
0001278021,"2019,2020,2021,2024,2025",5,False,False,False,True,True,True,False,False,True,True
0001278027,2025,1,False,False,False,False,False,False,False,False,False,True
0001278752,"2021,2024,2025",3,False,False,False,False,False,True,False,False,True,True
0001279695,"2024,2025",2,False,False,False,False,False,False,False,False,True,True
0001280058,"2018,2019,2020,2021,2022,2023,2024,2025",8,False,False,True,True,True,True,True,True,True,True
0001280263,"2016,2017,2018,2019,2020,2021,2022,2023,2024,2025",10,True,True,True,True,True,True,True,True,True,True
0001280396,"2021,2022",2,False,False,False,False,False,True,True,False,False,False
0001280452,"2023,2024,2025",3,False,False,False,False,False,False,False,True,True,True
0001280784,"2021,2022,2023,2024,2025",5,False,False,False,False,False,True,True,True,True,True
0001281761,"2022,2023,2024,2025",4,False,False,False,False,False,False,True,True,True,True
0001281845,2024,1,False,False,False,False,False,False,False,False,True,False
0001281984,"2019,2020,2021,2022,2023",5,False,False,False,True,True,True,True,True,False,False
0001282631,"2018,2019,2020,2021,2022,2023,2024,2025",8,False,False,True,True,True,True,True,True,True,True
0001282980,"2023,2024,2025",3,False,False,False,False,False,False,False,True,True,True
0001283699,"2023,2024,2025",3,False,False,False,False,False,False,False,True,True,True
0001284812,"2024,2025",2,False,False,False,False,False,False,False,False,True,True
0001286043,"2024,2025",2,False,False,False,False,False,False,False,False,True,True
0001286139,"2022,2023,2024,2025",4,False,False,False,False,False,False,True,True,True,True
0001286225,"2018,2019,2020,2021",4,False,False,True,True,True,True,False,False,False,False
0001286648,"2022,2023",2,False,False,False,False,False,False,True,True,False,False
0001286681,"2024,2025",2,False,False,False,False,False,False,False,False,True,True
0001287213,2025,1,False,False,False,False,False,False,False,False,False,True
0001287750,"2022,2023,2025",3,False,False,False,False,False,False,True,True,False,True
0001287865,2021,1,False,False,False,False,False,True,False,False,False,False
0001288403,2023,1,False,False,False,False,False,False,False,True,False,False
0001288469,"2018,2019,2021,2022,2023,2024,2025",7,False,False,True,True,False,True,True,True,True,True
0001288847,"2016,2017,2018,2019,2020,2021,2022,2023,2024,2025",10,True,True,True,True,True,True,True,True,True,True
0001289308,"2023,2024,2025",3,False,False,False,False,False,False,False,True,True,True
0001289419,"2016,2017,2019,2020,2021,2022,2023,2024,2025",9,True,True,False,True,True,True,True,True,True,True
0001289460,2025,1,False,False,False,False,False,False,False,False,False,True
0001289848,"2024,2025",2,False,False,False,False,False,False,False,False,True,True
0001289850,"2020,2021",2,False,False,False,False,True,True,False,False,False,False
0001289945,"2020,2021,2022,2023,2024,2025",6,False,False,False,False,True,True,True,True,True,True
0001290658,"2018,2019,2020,2021,2022,2023,2024,2025",8,False,False,True,True,True,True,True,True,True,True
0001290677,"2024,2025",2,False,False,False,False,False,False,False,False,True,True
0001293282,"2019,2020,2021,2022,2023,2024",6,False,False,False,True,True,True,True,True,True,False
0001293818,"2020,2021,2022,2023,2024,2025",6,False,False,False,False,True,True,True,True,True,True
0001294649,2016,1,True,False,False,False,False,False,False,False,False,False
0001295810,2025,1,False,False,False,False,False,False,False,False,False,True
0001295947,2025,1,False,False,False,False,False,False,False,False,False,True
0001296445,2025,1,False,False,False,False,False,False,False,False,False,True
0001296884,2025,1,False,False,False,False,False,False,False,False,False,True
0001297989,"2019,2020,2021,2022,2023,2024,2025",7,False,False,False,True,True,True,True,True,True,True
0001297996,"2019,2020,2021,2022,2023,2024,2025",7,False,False,False,True,True,True,True,True,True,True
0001298675,"2024,2025",2,False,False,False,False,False,False,False,False,True,True
0001299130,"2024,2025",2,False,False,False,False,False,False,False,False,True,True
0001299709,"2024,2025",2,False,False,False,False,False,False,False,False,True,True
0001300485,"2024,2025",2,False,False,False,False,False,False,False,False,True,True
0001300514,"2023,2025",2,False,False,False,False,False,False,False,True,False,True
0001300734,"2016,2017,2018,2019,2020,2021,2022,2023,2024",9,True,True,True,True,True,True,True,True,True,False
0001301031,2016,1,True,False,False,False,False,False,False,False,False,False
0001302215,2025,1,False,False,False,False,False,False,False,False,False,True
0001303652,2019,1,False,False,False,True,False,False,False,False,False,False
0001304161,2025,1,False,False,False,False,False,False,False,False,False,True
0001304280,"2024,2025",2,False,False,False,False,False,False,False,False,True,True
0001304492,"2023,2024,2025",3,False,False,False,False,False,False,False,True,True,True
0001306830,"2024,2025",2,False,False,False,False,False,False,False,False,True,True
0001307624,"2022,2023",2,False,False,False,False,False,False,True,True,False,False
0001307748,"2024,2025",2,False,False,False,False,False,False,False,False,True,True
0001307954,"2024,2025",2,False,False,False,False,False,False,False,False,True,True
0001308208,2024,1,False,False,False,False,False,False,False,False,True,False
0001308547,"2023,2024,2025",3,False,False,False,False,False,False,False,True,True,True
0001309108,"2020,2021,2022,2023,2024,2025",6,False,False,False,False,True,True,True,True,True,True
0001309141,2016,1,True,False,False,False,False,False,False,False,False,False
0001311370,"2020,2024,2025",3,False,False,False,False,True,False,False,False,True,True
0001313275,"2018,2019,2022,2023,2024",5,False,False,True,True,False,False,True,True,True,False
0001314052,"2018,2019,2020,2021,2022,2023,2024,2025",8,False,False,True,True,True,True,True,True,True,True
0001314102,2025,1,False,False,False,False,False,False,False,False,False,True
0001314196,"2019,2022,2023,2024,2025",5,False,False,False,True,False,False,True,True,True,True
0001314727,"2019,2020,2024,2025",4,False,False,False,True,True,False,False,False,True,True
0001315098,"2021,2022,2023,2024,2025",5,False,False,False,False,False,True,True,True,True,True
0001315257,2025,1,False,False,False,False,False,False,False,False,False,True
0001316016,"2018,2019",2,False,False,True,True,False,False,False,False,False,False
0001316944,"2018,2019,2020,2021,2022,2023,2024,2025",8,False,False,True,True,True,True,True,True,True,True
0001317630,2025,1,False,False,False,False,False,False,False,False,False,True
0001317880,2016,1,True,False,False,False,False,False,False,False,False,False
0001318008,"2024,2025",2,False,False,False,False,False,False,False,False,True,True
0001318220,"2022,2023,2024,2025",4,False,False,False,False,False,False,True,True,True,True
0001318268,2022,1,False,False,False,False,False,False,True,False,False,False
0001318482,"2016,2017,2018,2019,2020,2021,2022",7,True,True,True,True,True,True,True,False,False,False
0001318484,"2020,2025",2,False,False,False,False,True,False,False,False,False,True
0001318568,"2024,2025",2,False,False,False,False,False,False,False,False,True,True
0001318605,"2018,2019,2020,2021,2022,2023,2024,2025",8,False,False,True,True,True,True,True,True,True,True
0001318742,"2023,2024,2025",3,False,False,False,False,False,False,False,True,True,True
0001319161,"2016,2017,2018,2019,2020,2021,2022,2023,2024,2025",10,True,True,True,True,True,True,True,True,True,True
0001319643,2025,1,False,False,False,False,False,False,False,False,False,True
0001319947,"2024,2025",2,False,False,False,False,False,False,False,False,True,True
0001320350,"2023,2024,2025",3,False,False,False,False,False,False,False,True,True,True
0001320461,"2018,2019,2020,2021,2022,2023,2024,2025",8,False,False,True,True,True,True,True,True,True,True
0001320695,"2024,2025",2,False,False,False,False,False,False,False,False,True,True
0001320760,"2023,2024,2025",3,False,False,False,False,False,False,False,True,True,True
0001320854,2025,1,False,False,False,False,False,False,False,False,False,True
0001321655,"2021,2022,2023,2024,2025",5,False,False,False,False,False,True,True,True,True,True
0001323468,2025,1,False,False,False,False,False,False,False,False,False,True
0001323885,2025,1,False,False,False,False,False,False,False,False,False,True
0001324424,"2017,2018,2019,2020,2021,2022,2023,2024,2025",9,False,True,True,True,True,True,True,True,True,True
0001324736,"2022,2023",2,False,False,False,False,False,False,True,True,False,False
0001324759,2025,1,False,False,False,False,False,False,False,False,False,True
0001324772,2016,1,True,False,False,False,False,False,False,False,False,False
0001325618,2025,1,False,False,False,False,False,False,False,False,False,True
0001325670,"2022,2023,2024,2025",4,False,False,False,False,False,False,True,True,True,True
0001325676,"2016,2017,2018,2019,2020,2021,2022,2023,2024,2025",10,True,True,True,True,True,True,True,True,True,True
0001325814,"2024,2025",2,False,False,False,False,False,False,False,False,True,True
0001325878,"2024,2025",2,False,False,False,False,False,False,False,False,True,True
0001325964,"2023,2024,2025",3,False,False,False,False,False,False,False,True,True,True
0001326110,2021,1,False,False,False,False,False,True,False,False,False,False
0001326141,"2020,2024",2,False,False,False,False,True,False,False,False,True,False
0001326160,2025,1,False,False,False,False,False,False,False,False,False,True
0001326190,"2016,2017",2,True,True,False,False,False,False,False,False,False,False
0001326205,"2023,2024,2025",3,False,False,False,False,False,False,False,True,True,True
0001326706,2025,1,False,False,False,False,False,False,False,False,False,True
0001326732,2025,1,False,False,False,False,False,False,False,False,False,True
0001326771,"2024,2025",2,False,False,False,False,False,False,False,False,True,True
0001326801,"2016,2017,2018,2019,2020,2021,2022,2023,2024,2025",10,True,True,True,True,True,True,True,True,True,True
0001327273,"2024,2025",2,False,False,False,False,False,False,False,False,True,True
0001327318,"2023,2024,2025",3,False,False,False,False,False,False,False,True,True,True
0001327567,"2018,2019,2020,2021,2022,2023,2024,2025",8,False,False,True,True,True,True,True,True,True,True
0001327607,"2024,2025",2,False,False,False,False,False,False,False,False,True,True
0001327688,"2018,2023,2024,2025",4,False,False,True,False,False,False,False,True,True,True
0001327811,"2016,2017,2018,2019,2020,2021,2022,2023,2024,2025",10,True,True,True,True,True,True,True,True,True,True
0001327978,"2024,2025",2,False,False,False,False,False,False,False,False,True,True
0001328581,"2017,2024,2025",3,False,True,False,False,False,False,False,False,True,True
0001329842,"2024,2025",2,False,False,False,False,False,False,False,False,True,True
0001330399,"2024,2025",2,False,False,False,False,False,False,False,False,True,True
0001331421,"2024,2025",2,False,False,False,False,False,False,False,False,True,True
0001331451,"2024,2025",2,False,False,False,False,False,False,False,False,True,True
0001331463,"2024,2025",2,False,False,False,False,False,False,False,False,True,True
0001331465,2025,1,False,False,False,False,False,False,False,False,False,True
0001331520,"2024,2025",2,False,False,False,False,False,False,False,False,True,True
0001331612,"2022,2023,2024",3,False,False,False,False,False,False,True,True,True,False
0001331754,"2024,2025",2,False,False,False,False,False,False,False,False,True,True
0001331757,2025,1,False,False,False,False,False,False,False,False,False,True
0001331875,"2024,2025",2,False,False,False,False,False,False,False,False,True,True
0001332349,"2024,2025",2,False,False,False,False,False,False,False,False,True,True
0001333493,"2023,2024,2025",3,False,False,False,False,False,False,False,True,True,True
0001333519,"2016,2017,2018,2019",4,True,True,True,True,False,False,False,False,False,False
0001333986,"2021,2024,2025",3,False,False,False,False,False,True,False,False,True,True
0001334036,"2024,2025",2,False,False,False,False,False,False,False,False,True,True
0001334325,"2019,2020,2021,2022,2023,2024",6,False,False,False,True,True,True,True,True,True,False
0001334478,2016,1,True,False,False,False,False,False,False,False,False,False
0001334589,"2017,2018,2019",3,False,True,True,True,False,False,False,False,False,False
0001334933,"2024,2025",2,False,False,False,False,False,False,False,False,True,True
0001334978,"2024,2025",2,False,False,False,False,False,False,False,False,True,True
0001335112,"2021,2022,2023,2024",4,False,False,False,False,False,True,True,True,True,False
0001336047,"2024,2025",2,False,False,False,False,False,False,False,False,True,True
0001336706,2025,1,False,False,False,False,False,False,False,False,False,True
0001336917,"2024,2025",2,False,False,False,False,False,False,False,False,True,True
0001336920,"2017,2021,2022,2023,2024,2025",6,False,True,False,False,False,True,True,True,True,True
0001337013,2025,1,False,False,False,False,False,False,False,False,False,True
0001337619,"2016,2017,2018,2019,2020,2021,2022,2023,2024",9,True,True,True,True,True,True,True,True,True,False
0001338749,2025,1,False,False,False,False,False,False,False,False,False,True
0001339005,"2024,2025",2,False,False,False,False,False,False,False,False,True,True
0001339469,2016,1,True,False,False,False,False,False,False,False,False,False
0001339605,"2024,2025",2,False,False,False,False,False,False,False,False,True,True
0001339970,"2023,2024,2025",3,False,False,False,False,False,False,False,True,True,True
0001340476,2025,1,False,False,False,False,False,False,False,False,False,True
0001341235,"2024,2025",2,False,False,False,False,False,False,False,False,True,True
0001341317,"2024,2025",2,False,False,False,False,False,False,False,False,True,True
0001341318,2025,1,False,False,False,False,False,False,False,False,False,True
0001341439,"2018,2019,2020,2021,2022,2023,2024,2025",8,False,False,True,True,True,True,True,True,True,True
0001341766,2025,1,False,False,False,False,False,False,False,False,False,True
0001342219,"2022,2023,2024",3,False,False,False,False,False,False,True,True,True,False
0001342792,"2021,2022,2023",3,False,False,False,False,False,True,True,True,False,False
0001342958,2025,1,False,False,False,False,False,False,False,False,False,True
0001343009,"2018,2019,2020,2021,2022,2023,2024",7,False,False,True,True,True,True,True,True,True,False
0001345016,"2018,2021,2022,2023,2024,2025",6,False,False,True,False,False,True,True,True,True,True
0001345122,2021,1,False,False,False,False,False,True,False,False,False,False
0001345126,2021,1,False,False,False,False,False,True,False,False,False,False
0001345991,"2016,2017,2018",3,True,True,True,False,False,False,False,False,False,False
0001346022,2025,1,False,False,False,False,False,False,False,False,False,True
0001346830,"2024,2025",2,False,False,False,False,False,False,False,False,True,True
0001347123,2025,1,False,False,False,False,False,False,False,False,False,True
0001347858,"2022,2023",2,False,False,False,False,False,False,True,True,False,False
0001348036,"2019,2020,2021,2022",4,False,False,False,True,True,True,True,False,False,False
0001348334,2017,1,False,True,False,False,False,False,False,False,False,False
0001348362,2020,1,False,False,False,False,True,False,False,False,False,False
0001348952,"2024,2025",2,False,False,False,False,False,False,False,False,True,True
0001349706,2025,1,False,False,False,False,False,False,False,False,False,True
0001349929,"2021,2022,2023",3,False,False,False,False,False,True,True,True,False,False
0001350156,2025,1,False,False,False,False,False,False,False,False,False,True
0001350593,2025,1,False,False,False,False,False,False,False,False,False,True
0001350653,2025,1,False,False,False,False,False,False,False,False,False,True
0001351636,"2018,2019,2020,2021,2022,2023,2024,2025",8,False,False,True,True,True,True,True,True,True,True
0001352010,"2019,2020,2021,2022,2023,2024,2025",7,False,False,False,True,True,True,True,True,True,True
0001352952,"2016,2017,2018,2019,2020",5,True,True,True,True,True,False,False,False,False,False
0001353283,"2016,2017,2018,2019,2020,2021,2022,2023",8,True,True,True,True,True,True,True,True,False,False
0001353538,"2022,2023",2,False,False,False,False,False,False,True,True,False,False
0001354866,"2017,2018,2019",3,False,True,True,True,False,False,False,False,False,False
0001355001,"2024,2025",2,False,False,False,False,False,False,False,False,True,True
0001355096,"2017,2018,2019,2020,2021,2022,2024,2025",8,False,True,True,True,True,True,True,False,True,True
0001355839,"2024,2025",2,False,False,False,False,False,False,False,False,True,True
0001355848,"2024,2025",2,False,False,False,False,False,False,False,False,True,True
0001356090,2025,1,False,False,False,False,False,False,False,False,False,True
0001356093,"2021,2022,2024,2025",4,False,False,False,False,False,True,True,False,True,True
0001356104,"2017,2018,2019,2020",4,False,True,True,True,True,False,False,False,False,False
0001356115,"2024,2025",2,False,False,False,False,False,False,False,False,True,True
0001356564,2017,1,False,True,False,False,False,False,False,False,False,False
0001356570,2025,1,False,False,False,False,False,False,False,False,False,True
0001356576,2025,1,False,False,False,False,False,False,False,False,False,True
0001357459,"2021,2022,2023,2024",4,False,False,False,False,False,True,True,True,True,False
0001357615,"2019,2020,2021,2022,2023,2024,2025",7,False,False,False,True,True,True,True,True,True,True
0001357671,"2020,2022,2023",3,False,False,False,False,True,False,True,True,False,False
0001357874,"2020,2021",2,False,False,False,False,True,True,False,False,False,False
0001357878,2025,1,False,False,False,False,False,False,False,False,False,True
0001358633,2022,1,False,False,False,False,False,False,True,False,False,False
0001359687,2024,1,False,False,False,False,False,False,False,False,True,False
0001359841,2025,1,False,False,False,False,False,False,False,False,False,True
0001359931,"2023,2024,2025",3,False,False,False,False,False,False,False,True,True,True
0001360214,"2024,2025",2,False,False,False,False,False,False,False,False,True,True
0001360565,2025,1,False,False,False,False,False,False,False,False,False,True
0001360901,2025,1,False,False,False,False,False,False,False,False,False,True
0001361113,"2020,2021,2022,2023,2024,2025",6,False,False,False,False,True,True,True,True,True,True
0001361394,"2016,2017",2,True,True,False,False,False,False,False,False,False,False
0001361538,2025,1,False,False,False,False,False,False,False,False,False,True
0001361658,"2021,2024,2025",3,False,False,False,False,False,True,False,False,True,True
0001362004,2025,1,False,False,False,False,False,False,False,False,False,True
0001362190,"2020,2021,2022,2023,2024,2025",6,False,False,False,False,True,True,True,True,True,True
0001362468,2025,1,False,False,False,False,False,False,False,False,False,True
0001362703,"2021,2022,2024",3,False,False,False,False,False,True,True,False,True,False
0001363829,2025,1,False,False,False,False,False,False,False,False,False,True
0001364250,"2024,2025",2,False,False,False,False,False,False,False,False,True,True
0001364742,"2021,2022,2023,2024",4,False,False,False,False,False,True,True,True,True,False
0001364885,"2024,2025",2,False,False,False,False,False,False,False,False,True,True
0001364954,"2017,2018,2019,2020,2021,2022,2023,2024,2025",9,False,True,True,True,True,True,True,True,True,True
0001364962,"2016,2017,2018",3,True,True,True,False,False,False,False,False,False,False
0001365135,"2021,2023,2025",3,False,False,False,False,False,True,False,True,False,True
0001365555,2018,1,False,False,True,False,False,False,False,False,False,False
0001365916,"2017,2018,2019,2020,2021,2022,2023",7,False,True,True,True,True,True,True,True,False,False
0001366527,2019,1,False,False,False,True,False,False,False,False,False,False
0001366561,"2019,2020,2021,2022,2023,2024",6,False,False,False,True,True,True,True,True,True,False
0001366868,2025,1,False,False,False,False,False,False,False,False,False,True
0001367859,2025,1,False,False,False,False,False,False,False,False,False,True
0001368265,2025,1,False,False,False,False,False,False,False,False,False,True
0001368275,"2021,2022",2,False,False,False,False,False,True,True,False,False,False
0001368308,2019,1,False,False,False,True,False,False,False,False,False,False
0001368365,"2018,2019,2020,2021,2022,2023,2024",7,False,False,True,True,True,True,True,True,True,False
0001368458,"2022,2024,2025",3,False,False,False,False,False,False,True,False,True,True
0001368514,"2024,2025",2,False,False,False,False,False,False,False,False,True,True
0001368622,"2019,2020,2021,2022,2023,2024,2025",7,False,False,False,True,True,True,True,True,True,True
0001368757,2025,1,False,False,False,False,False,False,False,False,False,True
0001369290,"2018,2019,2020,2021,2022,2023,2024",7,False,False,True,True,True,True,True,True,True,False
0001369568,"2022,2023",2,False,False,False,False,False,False,True,True,False,False
0001369628,2016,1,True,False,False,False,False,False,False,False,False,False
0001370450,"2023,2024,2025",3,False,False,False,False,False,False,False,True,True,True
0001370637,"2016,2017,2018,2019,2020,2021,2022,2023,2024,2025",10,True,True,True,True,True,True,True,True,True,True
0001370755,"2021,2024",2,False,False,False,False,False,True,False,False,True,False
0001370880,"2016,2017,2018,2019,2020,2021,2022",7,True,True,True,True,True,True,True,False,False,False
0001370946,"2024,2025",2,False,False,False,False,False,False,False,False,True,True
0001371217,2021,1,False,False,False,False,False,True,False,False,False,False
0001371285,"2021,2022,2023,2024,2025",5,False,False,False,False,False,True,True,True,True,True
0001371489,"2018,2023,2024,2025",4,False,False,True,False,False,False,False,True,True,True
0001372020,2017,1,False,True,False,False,False,False,False,False,False,False
0001372183,"2022,2023",2,False,False,False,False,False,False,True,True,False,False
0001372299,2025,1,False,False,False,False,False,False,False,False,False,True
0001372414,2019,1,False,False,False,True,False,False,False,False,False,False
0001372612,"2019,2020,2021,2022,2023,2024,2025",7,False,False,False,True,True,True,True,True,True,True
0001373670,2025,1,False,False,False,False,False,False,False,False,False,True
0001373715,"2018,2019,2020,2021,2022,2023,2024,2025",8,False,False,True,True,True,True,True,True,True,True
0001374310,"2022,2024,2025",3,False,False,False,False,False,False,True,False,True,True
0001374339,"2022,2023,2024,2025",4,False,False,False,False,False,False,True,True,True,True
0001374690,"2024,2025",2,False,False,False,False,False,False,False,False,True,True
0001375151,2019,1,False,False,False,True,False,False,False,False,False,False
0001375205,2025,1,False,False,False,False,False,False,False,False,False,True
0001375365,"2019,2020,2021,2022,2023,2024,2025",7,False,False,False,True,True,True,True,True,True,True
0001375793,"2019,2020,2021,2022,2023,2024,2025",7,False,False,False,True,True,True,True,True,True,True
0001376139,"2024,2025",2,False,False,False,False,False,False,False,False,True,True
0001376227,"2024,2025",2,False,False,False,False,False,False,False,False,True,True
0001376321,"2020,2025",2,False,False,False,False,True,False,False,False,False,True
0001376804,"2019,2020,2021",3,False,False,False,True,True,True,False,False,False,False
0001376986,"2023,2024,2025",3,False,False,False,False,False,False,False,True,True,True
0001377121,2025,1,False,False,False,False,False,False,False,False,False,True
0001377149,"2016,2017,2018,2019,2020,2021,2022,2023,2024,2025",10,True,True,True,True,True,True,True,True,True,True
0001377789,"2023,2024,2025",3,False,False,False,False,False,False,False,True,True,True
0001377936,"2018,2019,2020,2021,2022,2023,2024",7,False,False,True,True,True,True,True,True,True,False
0001378125,2019,1,False,False,False,True,False,False,False,False,False,False
0001378140,"2020,2021,2022,2023,2024,2025",6,False,False,False,False,True,True,True,True,True,True
0001378590,"2016,2018,2019,2020,2021,2022,2023,2024,2025",9,True,False,True,True,True,True,True,True,True,True
0001378624,2017,1,False,True,False,False,False,False,False,False,False,False
0001378950,2025,1,False,False,False,False,False,False,False,False,False,True
0001379006,"2016,2017,2018",3,True,True,True,False,False,False,False,False,False,False
0001379041,"2019,2020,2021,2024,2025",5,False,False,False,True,True,True,False,False,True,True
0001379245,2023,1,False,False,False,False,False,False,False,True,False,False
0001380106,2025,1,False,False,False,False,False,False,False,False,False,True
0001381197,"2024,2025",2,False,False,False,False,False,False,False,False,True,True
0001381507,2023,1,False,False,False,False,False,False,False,True,False,False
0001381531,"2016,2017,2018,2019,2020,2021,2022,2024,2025",9,True,True,True,True,True,True,True,False,True,True
0001381871,"2022,2023,2024",3,False,False,False,False,False,False,True,True,True,False
0001382101,"2023,2024,2025",3,False,False,False,False,False,False,False,True,True,True
0001382574,"2021,2022,2023,2024,2025",5,False,False,False,False,False,True,True,True,True,True
0001382821,"2018,2019,2021,2022,2023,2024,2025",7,False,False,True,True,False,True,True,True,True,True
0001382943,2020,1,False,False,False,False,True,False,False,False,False,False
0001383088,"2024,2025",2,False,False,False,False,False,False,False,False,True,True
0001383312,"2018,2019,2020,2021,2022,2023,2024,2025",8,False,False,True,True,True,True,True,True,True,True
0001383394,"2020,2021,2022,2023",4,False,False,False,False,True,True,True,True,False,False
0001383701,2017,1,False,True,False,False,False,False,False,False,False,False
0001384101,"2016,2017,2018,2019,2020,2021,2022,2023,2024,2025",10,True,True,True,True,True,True,True,True,True,True
0001384135,"2016,2017,2018,2019,2020,2021",6,True,True,True,True,True,True,False,False,False,False
0001384905,"2019,2020,2021,2022,2023,2024,2025",7,False,False,False,True,True,True,True,True,True,True
0001385157,"2022,2023,2024,2025",4,False,False,False,False,False,False,True,True,True,True
0001385280,2025,1,False,False,False,False,False,False,False,False,False,True
0001385292,"2017,2018,2019",3,False,True,True,True,False,False,False,False,False,False
0001385613,2025,1,False,False,False,False,False,False,False,False,False,True
0001385799,"2016,2017",2,True,True,False,False,False,False,False,False,False,False
0001385818,2025,1,False,False,False,False,False,False,False,False,False,True
0001385849,"2024,2025",2,False,False,False,False,False,False,False,False,True,True
0001385867,"2017,2018,2019,2020,2021,2022",6,False,True,True,True,True,True,True,False,False,False
0001386164,"2016,2017,2018,2019,2020",5,True,True,True,True,True,False,False,False,False,False
0001386278,"2020,2024,2025",3,False,False,False,False,True,False,False,False,True,True
0001386301,"2022,2023,2024,2025",4,False,False,False,False,False,False,True,True,True,True
0001386570,"2024,2025",2,False,False,False,False,False,False,False,False,True,True
0001387061,2025,1,False,False,False,False,False,False,False,False,False,True
0001387467,"2021,2024,2025",3,False,False,False,False,False,True,False,False,True,True
0001388295,"2023,2024,2025",3,False,False,False,False,False,False,False,True,True,True
0001388410,"2019,2020",2,False,False,False,True,True,False,False,False,False,False
0001388430,"2019,2020",2,False,False,False,True,True,False,False,False,False,False
0001388658,"2019,2020,2021,2022,2023,2024,2025",7,False,False,False,True,True,True,True,True,True,True
0001389050,"2024,2025",2,False,False,False,False,False,False,False,False,True,True
0001389067,2023,1,False,False,False,False,False,False,False,True,False,False
0001389122,"2022,2023,2024,2025",4,False,False,False,False,False,False,True,True,True,True
0001389123,"2022,2023,2024,2025",4,False,False,False,False,False,False,True,True,True,True
0001389124,"2022,2023,2024,2025",4,False,False,False,False,False,False,True,True,True,True
0001389125,"2022,2023,2024,2025",4,False,False,False,False,False,False,True,True,True,True
0001389128,"2022,2023,2024,2025",4,False,False,False,False,False,False,True,True,True,True
0001389170,"2024,2025",2,False,False,False,False,False,False,False,False,True,True
0001389518,2024,1,False,False,False,False,False,False,False,False,True,False
0001390478,"2024,2025",2,False,False,False,False,False,False,False,False,True,True
0001390777,"2022,2023,2024,2025",4,False,False,False,False,False,False,True,True,True,True
0001390844,"2018,2019,2020",3,False,False,True,True,True,False,False,False,False,False
0001391127,2023,1,False,False,False,False,False,False,False,True,False,False
0001391426,"2024,2025",2,False,False,False,False,False,False,False,False,True,True
0001392272,2025,1,False,False,False,False,False,False,False,False,False,True
0001392694,"2023,2024",2,False,False,False,False,False,False,False,True,True,False
0001392972,"2018,2019,2020,2021,2022,2023,2024,2025",8,False,False,True,True,True,True,True,True,True,True
0001393052,"2019,2020,2021,2022,2023,2024,2025",7,False,False,False,True,True,True,True,True,True,True
0001393311,"2024,2025",2,False,False,False,False,False,False,False,False,True,True
0001393548,2017,1,False,True,False,False,False,False,False,False,False,False
0001393584,"2021,2022,2023,2024,2025",5,False,False,False,False,False,True,True,True,True,True
0001393612,"2018,2019,2024,2025",4,False,False,True,True,False,False,False,False,True,True
0001393726,"2021,2022,2023,2024,2025",5,False,False,False,False,False,True,True,True,True,True
0001393781,2021,1,False,False,False,False,False,True,False,False,False,False
0001393818,"2016,2017,2018,2019,2020,2021,2022,2023,2024,2025",10,True,True,True,True,True,True,True,True,True,True
0001393883,"2019,2023,2024,2025",4,False,False,False,True,False,False,False,True,True,True
0001394056,"2018,2019,2020,2021,2022,2023,2024,2025",8,False,False,True,True,True,True,True,True,True,True
0001394108,"2018,2019,2020,2021,2022,2023,2024,2025",8,False,False,True,True,True,True,True,True,True,True
0001394638,"2020,2022,2023,2024,2025",5,False,False,False,False,True,False,True,True,True,True
0001395848,2020,1,False,False,False,False,True,False,False,False,False,False
0001395937,"2020,2023,2024,2025",4,False,False,False,False,True,False,False,True,True,True
0001395942,"2024,2025",2,False,False,False,False,False,False,False,False,True,True
0001396009,"2024,2025",2,False,False,False,False,False,False,False,False,True,True
0001396238,2016,1,True,False,False,False,False,False,False,False,False,False
0001396536,"2016,2017,2018,2019,2020,2021,2022,2023,2024,2025",10,True,True,True,True,True,True,True,True,True,True
0001396814,"2023,2024,2025",3,False,False,False,False,False,False,False,True,True,True
0001397047,"2023,2024",2,False,False,False,False,False,False,False,True,True,False
0001397183,"2021,2022,2023,2024,2025",5,False,False,False,False,False,True,True,True,True,True
0001397187,2025,1,False,False,False,False,False,False,False,False,False,True
0001397702,"2023,2024",2,False,False,False,False,False,False,False,True,True,False
0001397911,"2024,2025",2,False,False,False,False,False,False,False,False,True,True
0001398659,"2017,2018,2019,2020,2021,2022,2023,2024,2025",9,False,True,True,True,True,True,True,True,True,True
0001398805,"2019,2022,2023,2024,2025",5,False,False,False,True,False,False,True,True,True,True
0001398987,"2024,2025",2,False,False,False,False,False,False,False,False,True,True
0001399352,"2018,2019,2020,2021",4,False,False,True,True,True,True,False,False,False,False
0001399520,"2024,2025",2,False,False,False,False,False,False,False,False,True,True
0001400118,"2024,2025",2,False,False,False,False,False,False,False,False,True,True
0001400482,2016,1,True,False,False,False,False,False,False,False,False,False
0001400891,"2024,2025",2,False,False,False,False,False,False,False,False,True,True
0001401040,2025,1,False,False,False,False,False,False,False,False,False,True
0001401395,"2022,2024",2,False,False,False,False,False,False,True,False,True,False
0001401564,2025,1,False,False,False,False,False,False,False,False,False,True
0001401667,2025,1,False,False,False,False,False,False,False,False,False,True
0001401680,"2016,2017,2018,2019,2020,2021",6,True,True,True,True,True,True,False,False,False,False
0001401708,2023,1,False,False,False,False,False,False,False,True,False,False
0001401914,"2024,2025",2,False,False,False,False,False,False,False,False,True,True
0001402057,"2019,2020,2021,2022,2023,2024,2025",7,False,False,False,True,True,True,True,True,True,True
0001402436,"2018,2019,2020,2021,2022,2023,2024,2025",8,False,False,True,True,True,True,True,True,True,True
0001402829,2019,1,False,False,False,True,False,False,False,False,False,False
0001402945,2022,1,False,False,False,False,False,False,True,False,False,False
0001403085,"2016,2017",2,True,True,False,False,False,False,False,False,False,False
0001403161,"2017,2019,2020,2023,2024,2025",6,False,True,False,True,True,False,False,True,True,True
0001403475,"2022,2023,2024,2025",4,False,False,False,False,False,False,True,True,True,True
0001403528,"2023,2024,2025",3,False,False,False,False,False,False,False,True,True,True
0001403568,"2019,2020,2021,2022,2023,2024,2025",7,False,False,False,True,True,True,True,True,True,True
0001404123,"2020,2021,2022,2023",4,False,False,False,False,True,True,True,True,False,False
0001404281,2025,1,False,False,False,False,False,False,False,False,False,True
0001404624,"2017,2018,2019",3,False,True,True,True,False,False,False,False,False,False
0001404644,"2022,2023,2024,2025",4,False,False,False,False,False,False,True,True,True,True
0001404655,"2017,2018,2019,2020,2023,2024,2025",7,False,True,True,True,True,False,False,True,True,True
0001404912,"2023,2024,2025",3,False,False,False,False,False,False,False,True,True,True
0001405495,"2019,2020,2021,2022,2023,2024,2025",7,False,False,False,True,True,True,True,True,True,True
0001405513,"2024,2025",2,False,False,False,False,False,False,False,False,True,True
0001406587,"2023,2024,2025",3,False,False,False,False,False,False,False,True,True,True
0001406666,"2018,2019,2020,2021,2022,2023,2024,2025",8,False,False,True,True,True,True,True,True,True,True
0001407583,2023,1,False,False,False,False,False,False,False,True,False,False
0001407878,"2018,2019,2020,2021",4,False,False,True,True,True,True,False,False,False,False
0001407973,"2023,2024,2025",3,False,False,False,False,False,False,False,True,True,True
0001408100,"2021,2022,2023,2024,2025",5,False,False,False,False,False,True,True,True,True,True
0001408198,"2019,2020,2021,2022,2023,2024,2025",7,False,False,False,True,True,True,True,True,True,True
0001408443,"2024,2025",2,False,False,False,False,False,False,False,False,True,True
0001408710,"2023,2024,2025",3,False,False,False,False,False,False,False,True,True,True
0001409171,"2024,2025",2,False,False,False,False,False,False,False,False,True,True
0001409269,"2018,2019,2020,2021,2022,2023,2024,2025",8,False,False,True,True,True,True,True,True,True,True
0001409624,2024,1,False,False,False,False,False,False,False,False,True,False
0001409970,"2020,2022,2023,2024,2025",5,False,False,False,False,True,False,True,True,True,True
0001410098,2024,1,False,False,False,False,False,False,False,False,True,False
0001410384,"2017,2018,2020,2021,2022,2023,2024,2025",8,False,True,True,False,True,True,True,True,True,True
0001410636,"2019,2020,2021,2022",4,False,False,False,True,True,True,True,False,False,False
0001411057,"2024,2025",2,False,False,False,False,False,False,False,False,True,True
0001411059,2019,1,False,False,False,True,False,False,False,False,False,False
0001411165,2022,1,False,False,False,False,False,False,True,False,False,False
0001411207,"2024,2025",2,False,False,False,False,False,False,False,False,True,True
0001411342,2025,1,False,False,False,False,False,False,False,False,False,True
0001411579,2025,1,False,False,False,False,False,False,False,False,False,True
0001411688,2024,1,False,False,False,False,False,False,False,False,True,False
0001411690,"2019,2020,2021,2023,2024,2025",6,False,False,False,True,True,True,False,True,True,True
0001412043,2016,1,True,False,False,False,False,False,False,False,False,False
0001412408,"2022,2023,2024,2025",4,False,False,False,False,False,False,True,True,True,True
0001412486,"2024,2025",2,False,False,False,False,False,False,False,False,True,True
0001412665,"2024,2025",2,False,False,False,False,False,False,False,False,True,True
0001413329,"2018,2021,2022,2023,2024,2025",6,False,False,True,False,False,True,True,True,True,True
0001413447,"2022,2023,2024,2025",4,False,False,False,False,False,False,True,True,True,True
0001413754,"2021,2022,2023,2024",4,False,False,False,False,False,True,True,True,True,False
0001413891,"2019,2025",2,False,False,False,True,False,False,False,False,False,True
0001414043,2022,1,False,False,False,False,False,False,True,False,False,False
0001414767,"2022,2023,2024,2025",4,False,False,False,False,False,False,True,True,True,True
0001414932,"2018,2019,2020,2021,2022,2023,2024,2025",8,False,False,True,True,True,True,True,True,True,True
0001415404,"2024,2025",2,False,False,False,False,False,False,False,False,True,True
0001415605,2022,1,False,False,False,False,False,False,True,False,False,False
0001415813,"2022,2023,2024,2025",4,False,False,False,False,False,False,True,True,True,True
0001416090,2025,1,False,False,False,False,False,False,False,False,False,True
0001416172,2018,1,False,False,True,False,False,False,False,False,False,False
0001416265,"2021,2022,2023,2024,2025",5,False,False,False,False,False,True,True,True,True,True
0001417398,"2021,2024,2025",3,False,False,False,False,False,True,False,False,True,True
0001417663,"2023,2024",2,False,False,False,False,False,False,False,True,True,False
0001417892,"2024,2025",2,False,False,False,False,False,False,False,False,True,True
0001417926,2025,1,False,False,False,False,False,False,False,False,False,True
0001418076,"2023,2024",2,False,False,False,False,False,False,False,True,True,False
0001418091,"2019,2020,2021,2022",4,False,False,False,True,True,True,True,False,False,False
0001418100,"2018,2019,2020,2021,2022,2023",6,False,False,True,True,True,True,True,True,False,False
0001418135,"2022,2023,2024,2025",4,False,False,False,False,False,False,True,True,True,True
0001419041,"2023,2024,2025",3,False,False,False,False,False,False,False,True,True,True
0001419275,2025,1,False,False,False,False,False,False,False,False,False,True
0001419536,"2024,2025",2,False,False,False,False,False,False,False,False,True,True
0001419612,2025,1,False,False,False,False,False,False,False,False,False,True
0001419806,"2024,2025",2,False,False,False,False,False,False,False,False,True,True
0001420302,"2018,2019,2020",3,False,False,True,True,True,False,False,False,False,False
0001420520,"2022,2023,2024,2025",4,False,False,False,False,False,False,True,True,True,True
0001420565,"2024,2025",2,False,False,False,False,False,False,False,False,True,True
0001420720,"2020,2021,2022,2023,2024,2025",6,False,False,False,False,True,True,True,True,True,True
0001420800,"2024,2025",2,False,False,False,False,False,False,False,False,True,True
0001420811,2016,1,True,False,False,False,False,False,False,False,False,False
0001420924,2025,1,False,False,False,False,False,False,False,False,False,True
0001421461,2025,1,False,False,False,False,False,False,False,False,False,True
0001421517,2022,1,False,False,False,False,False,False,True,False,False,False
0001422059,2017,1,False,True,False,False,False,False,False,False,False,False
0001422143,"2023,2024,2025",3,False,False,False,False,False,False,False,True,True,True
0001422892,"2020,2021,2023,2024,2025",5,False,False,False,False,True,True,False,True,True,True
0001422930,"2021,2022,2023,2024,2025",5,False,False,False,False,False,True,True,True,True,True
0001423774,"2021,2022,2023,2024",4,False,False,False,False,False,True,True,True,True,False
0001423869,2025,1,False,False,False,False,False,False,False,False,False,True
0001424657,"2019,2022,2025",3,False,False,False,True,False,False,True,False,False,True
0001424755,"2018,2019",2,False,False,True,True,False,False,False,False,False,False
0001424844,2020,1,False,False,False,False,True,False,False,False,False,False
0001424929,"2024,2025",2,False,False,False,False,False,False,False,False,True,True
0001425292,"2024,2025",2,False,False,False,False,False,False,False,False,True,True
0001425627,"2022,2023,2024,2025",4,False,False,False,False,False,False,True,True,True,True
0001426332,2024,1,False,False,False,False,False,False,False,False,True,False
0001426800,2025,1,False,False,False,False,False,False,False,False,False,True
0001427437,"2024,2025",2,False,False,False,False,False,False,False,False,True,True
0001427570,"2022,2023,2024,2025",4,False,False,False,False,False,False,True,True,True,True
0001428040,"2016,2017",2,True,True,False,False,False,False,False,False,False,False
0001428042,"2016,2017",2,True,True,False,False,False,False,False,False,False,False
0001428043,"2016,2017",2,True,True,False,False,False,False,False,False,False,False
0001428336,"2024,2025",2,False,False,False,False,False,False,False,False,True,True
0001428397,2016,1,True,False,False,False,False,False,False,False,False,False
0001428439,"2020,2021,2022,2023,2024,2025",6,False,False,False,False,True,True,True,True,True,True
0001428522,"2016,2017,2022",3,True,True,False,False,False,False,True,False,False,False
0001429260,2025,1,False,False,False,False,False,False,False,False,False,True
0001429393,"2022,2023,2024,2025",4,False,False,False,False,False,False,True,True,True,True
0001430723,2025,1,False,False,False,False,False,False,False,False,False,True
0001431567,"2024,2025",2,False,False,False,False,False,False,False,False,True,True
0001431695,"2022,2023,2024,2025",4,False,False,False,False,False,False,True,True,True,True
0001431959,"2023,2024",2,False,False,False,False,False,False,False,True,True,False
0001432133,"2021,2022,2023,2024,2025",5,False,False,False,False,False,True,True,True,True,True
0001432150,"2016,2017",2,True,True,False,False,False,False,False,False,False,False
0001433195,"2019,2020,2021,2024,2025",5,False,False,False,True,True,True,False,False,True,True
0001433270,"2024,2025",2,False,False,False,False,False,False,False,False,True,True
0001433642,"2023,2024,2025",3,False,False,False,False,False,False,False,True,True,True
0001433660,"2023,2024,2025",3,False,False,False,False,False,False,False,True,True,True
0001433714,"2018,2019,2020,2021",4,False,False,True,True,True,True,False,False,False,False
0001434316,2025,1,False,False,False,False,False,False,False,False,False,True
0001434588,2025,1,False,False,False,False,False,False,False,False,False,True
0001434621,"2024,2025",2,False,False,False,False,False,False,False,False,True,True
0001434868,"2024,2025",2,False,False,False,False,False,False,False,False,True,True
0001435064,"2021,2022,2023,2024,2025",5,False,False,False,False,False,True,True,True,True,True
0001436126,"2016,2018,2019,2020,2021,2022,2023,2024,2025",9,True,False,True,True,True,True,True,True,True,True
0001436229,"2024,2025",2,False,False,False,False,False,False,False,False,True,True
0001436975,2025,1,False,False,False,False,False,False,False,False,False,True
0001437071,2025,1,False,False,False,False,False,False,False,False,False,True
0001437107,"2022,2024,2025",3,False,False,False,False,False,False,True,False,True,True
0001437226,"2018,2019,2020,2021,2022,2023,2024,2025",8,False,False,True,True,True,True,True,True,True,True
0001437283,"2020,2021,2022,2023,2024,2025",6,False,False,False,False,True,True,True,True,True,True
0001437352,"2023,2024",2,False,False,False,False,False,False,False,True,True,False
0001437402,"2022,2025",2,False,False,False,False,False,False,True,False,False,True
0001437479,"2024,2025",2,False,False,False,False,False,False,False,False,True,True
0001437491,"2018,2019,2020,2021,2022,2023,2024",7,False,False,True,True,True,True,True,True,True,False
0001437578,"2020,2021,2024,2025",4,False,False,False,False,True,True,False,False,True,True
0001437750,2025,1,False,False,False,False,False,False,False,False,False,True
0001437925,"2024,2025",2,False,False,False,False,False,False,False,False,True,True
0001437958,2025,1,False,False,False,False,False,False,False,False,False,True
0001438133,"2021,2022,2023,2024,2025",5,False,False,False,False,False,True,True,True,True,True
0001438231,"2019,2020,2021,2022,2023,2024,2025",7,False,False,False,True,True,True,True,True,True,True
0001438423,"2023,2024,2025",3,False,False,False,False,False,False,False,True,True,True
0001438461,"2021,2022,2023,2024,2025",5,False,False,False,False,False,True,True,True,True,True
0001438533,"2023,2024,2025",3,False,False,False,False,False,False,False,True,True,True
0001438943,2024,1,False,False,False,False,False,False,False,False,True,False
0001439222,"2023,2024,2025",3,False,False,False,False,False,False,False,True,True,True
0001439264,"2022,2023,2024,2025",4,False,False,False,False,False,False,True,True,True,True
0001439288,2025,1,False,False,False,False,False,False,False,False,False,True
0001439404,"2016,2017,2018,2019,2020,2021,2022",7,True,True,True,True,True,True,True,False,False,False
0001439725,"2021,2022,2023,2024,2025",5,False,False,False,False,False,True,True,True,True,True
0001440153,2022,1,False,False,False,False,False,False,True,False,False,False
0001441683,"2018,2019,2020,2021,2022,2023,2024,2025",8,False,False,True,True,True,True,True,True,True,True
0001441816,"2023,2024,2025",3,False,False,False,False,False,False,False,True,True,True
0001442145,"2018,2019,2020,2021,2022,2023,2024,2025",8,False,False,True,True,True,True,True,True,True,True
0001442236,"2024,2025",2,False,False,False,False,False,False,False,False,True,True
0001442836,"2024,2025",2,False,False,False,False,False,False,False,False,True,True
0001443611,"2019,2020,2021,2023",4,False,False,False,True,True,True,False,True,False,False
0001443646,"2016,2017,2018,2019,2020,2021,2022,2023,2024,2025",10,True,True,True,True,True,True,True,True,True,True
0001443669,"2022,2023,2024,2025",4,False,False,False,False,False,False,True,True,True,True
0001444192,2025,1,False,False,False,False,False,False,False,False,False,True
0001444363,"2018,2019,2020",3,False,False,True,True,True,False,False,False,False,False
0001444380,"2022,2023,2024,2025",4,False,False,False,False,False,False,True,True,True,True
0001445283,2021,1,False,False,False,False,False,True,False,False,False,False
0001445305,"2021,2024,2025",3,False,False,False,False,False,True,False,False,True,True
0001446159,"2018,2019,2020,2021,2022,2023,2024,2025",8,False,False,True,True,True,True,True,True,True,True
0001447028,2025,1,False,False,False,False,False,False,False,False,False,True
0001447362,"2020,2021,2022,2023,2024,2025",6,False,False,False,False,True,True,True,True,True,True
0001447380,"2018,2019,2020,2021,2022,2023,2024,2025",8,False,False,True,True,True,True,True,True,True,True
0001447669,"2017,2018,2019,2021,2022,2023,2024,2025",8,False,True,True,True,False,True,True,True,True,True
0001448056,"2019,2020,2021,2022,2023",5,False,False,False,True,True,True,True,True,False,False
0001448431,"2021,2022,2023,2024,2025",5,False,False,False,False,False,True,True,True,True,True
0001448893,2025,1,False,False,False,False,False,False,False,False,False,True
0001449278,2016,1,True,False,False,False,False,False,False,False,False,False
0001449488,2024,1,False,False,False,False,False,False,False,False,True,False
0001449792,2024,1,False,False,False,False,False,False,False,False,True,False
0001450704,"2022,2023,2024",3,False,False,False,False,False,False,True,True,True,False
0001450720,"2022,2023,2024,2025",4,False,False,False,False,False,False,True,True,True,True
0001450722,"2022,2023,2024,2025",4,False,False,False,False,False,False,True,True,True,True
0001450973,"2016,2019",2,True,False,False,True,False,False,False,False,False,False
0001451505,2025,1,False,False,False,False,False,False,False,False,False,True
0001451809,"2024,2025",2,False,False,False,False,False,False,False,False,True,True
0001451929,2019,1,False,False,False,True,False,False,False,False,False,False
0001452751,2017,1,False,True,False,False,False,False,False,False,False,False
0001452936,"2021,2022,2023,2024,2025",5,False,False,False,False,False,True,True,True,True,True
0001453593,"2022,2023,2024,2025",4,False,False,False,False,False,False,True,True,True,True
0001453814,"2018,2019",2,False,False,True,True,False,False,False,False,False,False
0001454124,2019,1,False,False,False,True,False,False,False,False,False,False
0001454510,2023,1,False,False,False,False,False,False,False,True,False,False
0001454789,"2024,2025",2,False,False,False,False,False,False,False,False,True,True
0001454938,"2022,2023,2024,2025",4,False,False,False,False,False,False,True,True,True,True
0001455684,"2023,2024,2025",3,False,False,False,False,False,False,False,True,True,True
0001456212,2019,1,False,False,False,True,False,False,False,False,False,False
0001456772,2025,1,False,False,False,False,False,False,False,False,False,True
0001457612,2019,1,False,False,False,True,False,False,False,False,False,False
0001458412,2024,1,False,False,False,False,False,False,False,False,True,False
0001458581,"2016,2017",2,True,True,False,False,False,False,False,False,False,False
0001459188,"2023,2024",2,False,False,False,False,False,False,False,True,True,False
0001459200,"2017,2018,2019,2020,2021,2022,2023,2024,2025",9,False,True,True,True,True,True,True,True,True,True
0001459417,"2017,2018,2019,2020,2021,2022,2023,2024",8,False,True,True,True,True,True,True,True,True,False
0001459839,2025,1,False,False,False,False,False,False,False,False,False,True
0001460329,"2016,2017,2018,2019,2020,2021,2023,2024,2025",9,True,True,True,True,True,True,False,True,True,True
0001460602,"2019,2020,2021,2022,2023,2024",6,False,False,False,True,True,True,True,True,True,False
0001461219,2025,1,False,False,False,False,False,False,False,False,False,True
0001461237,2025,1,False,False,False,False,False,False,False,False,False,True
0001462056,"2022,2023,2024,2025",4,False,False,False,False,False,False,True,True,True,True
0001462120,"2024,2025",2,False,False,False,False,False,False,False,False,True,True
0001462223,"2020,2021,2022,2023,2024,2025",6,False,False,False,False,True,True,True,True,True,True
0001462418,"2024,2025",2,False,False,False,False,False,False,False,False,True,True
0001463101,"2024,2025",2,False,False,False,False,False,False,False,False,True,True
0001463172,"2017,2018,2019,2020,2021,2022",6,False,True,True,True,True,True,True,False,False,False
0001463208,"2024,2025",2,False,False,False,False,False,False,False,False,True,True
0001463913,"2024,2025",2,False,False,False,False,False,False,False,False,True,True
0001463972,"2018,2019,2020,2021,2022,2023,2024,2025",8,False,False,True,True,True,True,True,True,True,True
0001464343,"2022,2023,2024,2025",4,False,False,False,False,False,False,True,True,True,True
0001464423,2025,1,False,False,False,False,False,False,False,False,False,True
0001464790,2025,1,False,False,False,False,False,False,False,False,False,True
0001466026,"2024,2025",2,False,False,False,False,False,False,False,False,True,True
0001466258,2025,1,False,False,False,False,False,False,False,False,False,True
0001466593,"2024,2025",2,False,False,False,False,False,False,False,False,True,True
0001466815,2016,1,True,False,False,False,False,False,False,False,False,False
0001467373,"2016,2017,2018,2019,2020,2021,2022,2023,2024,2025",10,True,True,True,True,True,True,True,True,True,True
0001467623,"2019,2020,2021,2022,2023,2024,2025",7,False,False,False,True,True,True,True,True,True,True
0001467760,2025,1,False,False,False,False,False,False,False,False,False,True
0001467761,"2021,2022,2023,2024,2025",5,False,False,False,False,False,True,True,True,True,True
0001467858,2025,1,False,False,False,False,False,False,False,False,False,True
0001468174,"2024,2025",2,False,False,False,False,False,False,False,False,True,True
0001468327,"2021,2022,2023,2024,2025",5,False,False,False,False,False,True,True,True,True,True
0001468328,"2024,2025",2,False,False,False,False,False,False,False,False,True,True
0001468492,"2022,2023,2024,2025",4,False,False,False,False,False,False,True,True,True,True
0001468666,"2017,2018,2019,2020,2021,2022,2023,2024",8,False,True,True,True,True,True,True,True,True,False
0001468679,"2021,2022",2,False,False,False,False,False,True,True,False,False,False
0001468748,"2024,2025",2,False,False,False,False,False,False,False,False,True,True
0001468910,"2023,2024,2025",3,False,False,False,False,False,False,False,True,True,True
0001469367,"2023,2024,2025",3,False,False,False,False,False,False,False,True,True,True
0001470099,"2018,2019,2020",3,False,False,True,True,True,False,False,False,False,False
0001471265,2025,1,False,False,False,False,False,False,False,False,False,True
0001471781,"2017,2018,2019,2020,2021,2022,2023,2024,2025",9,False,True,True,True,True,True,True,True,True,True
0001472012,"2023,2024,2025",3,False,False,False,False,False,False,False,True,True,True
0001472595,"2019,2020,2021,2022",4,False,False,False,True,True,True,True,False,False,False
0001472787,"2019,2023,2024,2025",4,False,False,False,True,False,False,False,True,True,True
0001473334,"2023,2024,2025",3,False,False,False,False,False,False,False,True,True,True
0001473490,"2024,2025",2,False,False,False,False,False,False,False,False,True,True
0001473844,"2024,2025",2,False,False,False,False,False,False,False,False,True,True
0001474167,"2024,2025",2,False,False,False,False,False,False,False,False,True,True
0001474432,"2017,2018,2019,2020,2021,2022,2023,2024,2025",9,False,True,True,True,True,True,True,True,True,True
0001474439,"2020,2021",2,False,False,False,False,True,True,False,False,False,False
0001474735,"2024,2025",2,False,False,False,False,False,False,False,False,True,True
0001474903,"2020,2021,2022,2023,2024,2025",6,False,False,False,False,True,True,True,True,True,True
0001475115,"2023,2024,2025",3,False,False,False,False,False,False,False,True,True,True
0001475841,"2024,2025",2,False,False,False,False,False,False,False,False,True,True
0001475922,"2021,2022,2023,2024,2025",5,False,False,False,False,False,True,True,True,True,True
0001476034,"2024,2025",2,False,False,False,False,False,False,False,False,True,True
0001476204,2025,1,False,False,False,False,False,False,False,False,False,True
0001476765,2021,1,False,False,False,False,False,True,False,False,False,False
0001476840,"2021,2022,2023,2024,2025",5,False,False,False,False,False,True,True,True,True,True
0001476963,2021,1,False,False,False,False,False,True,False,False,False,False
0001477200,"2016,2017",2,True,True,False,False,False,False,False,False,False,False
0001477333,"2020,2021,2022,2023,2024,2025",6,False,False,False,False,True,True,True,True,True,True
0001477425,2018,1,False,False,True,False,False,False,False,False,False,False
0001477449,"2018,2019,2020,2021,2022,2023,2024,2025",8,False,False,True,True,True,True,True,True,True,True
0001477720,"2023,2024,2025",3,False,False,False,False,False,False,False,True,True,True
0001477815,"2022,2024,2025",3,False,False,False,False,False,False,True,False,True,True
0001477960,2025,1,False,False,False,False,False,False,False,False,False,True
0001478069,"2022,2023",2,False,False,False,False,False,False,True,True,False,False
0001478242,"2019,2020,2021,2022,2023,2024,2025",7,False,False,False,True,True,True,True,True,True,True
0001478320,"2020,2021,2022,2023,2024,2025",6,False,False,False,False,True,True,True,True,True,True
0001479094,2025,1,False,False,False,False,False,False,False,False,False,True
0001479615,2025,1,False,False,False,False,False,False,False,False,False,True
0001479681,"2023,2024",2,False,False,False,False,False,False,False,True,True,False
0001481443,2024,1,False,False,False,False,False,False,False,False,True,False
0001481504,"2020,2021,2022,2023,2024,2025",6,False,False,False,False,True,True,True,True,True,True
0001481582,2025,1,False,False,False,False,False,False,False,False,False,True
0001481646,"2021,2022,2023,2024",4,False,False,False,False,False,True,True,True,True,False
0001481792,"2018,2019,2020,2021,2022,2023,2024,2025",8,False,False,True,True,True,True,True,True,True,True
0001481832,"2021,2022",2,False,False,False,False,False,True,True,False,False,False
0001482541,"2019,2020,2021,2022",4,False,False,False,True,True,True,True,False,False,False
0001482554,"2018,2019,2020,2021,2022,2023",6,False,False,True,True,True,True,True,True,False,False
0001482981,"2024,2025",2,False,False,False,False,False,False,False,False,True,True
0001483510,"2022,2023",2,False,False,False,False,False,False,True,True,False,False
0001484612,"2021,2022,2023,2024,2025",5,False,False,False,False,False,True,True,True,True,True
0001484769,"2019,2020,2021,2022,2023,2024,2025",7,False,False,False,True,True,True,True,True,True,True
0001484778,"2021,2022,2023,2024,2025",5,False,False,False,False,False,True,True,True,True,True
0001485029,"2016,2017,2018,2019,2020,2021,2022,2023,2024",9,True,True,True,True,True,True,True,True,True,False
0001486159,"2024,2025",2,False,False,False,False,False,False,False,False,True,True
0001486957,"2020,2025",2,False,False,False,False,True,False,False,False,False,True
0001487101,"2018,2019",2,False,False,True,True,False,False,False,False,False,False
0001487197,"2024,2025",2,False,False,False,False,False,False,False,False,True,True
0001487428,2025,1,False,False,False,False,False,False,False,False,False,True
0001487712,2022,1,False,False,False,False,False,False,True,False,False,False
0001487952,"2024,2025",2,False,False,False,False,False,False,False,False,True,True
0001488039,"2019,2020,2024,2025",4,False,False,False,True,True,False,False,False,True,True
0001488139,2025,1,False,False,False,False,False,False,False,False,False,True
0001488419,"2019,2021",2,False,False,False,True,False,True,False,False,False,False
0001488813,"2024,2025",2,False,False,False,False,False,False,False,False,True,True
0001489096,"2024,2025",2,False,False,False,False,False,False,False,False,True,True
0001489393,"2019,2020,2025",3,False,False,False,True,True,False,False,False,False,True
0001490660,2016,1,True,False,False,False,False,False,False,False,False,False
0001490873,"2024,2025",2,False,False,False,False,False,False,False,False,True,True
0001490906,2025,1,False,False,False,False,False,False,False,False,False,True
0001490927,2017,1,False,True,False,False,False,False,False,False,False,False
0001490978,"2020,2021,2022,2023,2024,2025",6,False,False,False,False,True,True,True,True,True,True
0001491419,"2024,2025",2,False,False,False,False,False,False,False,False,True,True
0001492151,"2016,2017",2,True,True,False,False,False,False,False,False,False,False
0001492298,"2024,2025",2,False,False,False,False,False,False,False,False,True,True
0001492422,2022,1,False,False,False,False,False,False,True,False,False,False
0001492617,"2023,2024",2,False,False,False,False,False,False,False,True,True,False
0001492633,"2016,2018,2019,2020,2021,2022",6,True,False,True,True,True,True,True,False,False,False
0001492658,"2018,2019,2020",3,False,False,True,True,True,False,False,False,False,False
0001492674,"2022,2023,2024",3,False,False,False,False,False,False,True,True,True,False
0001492691,"2021,2024,2025",3,False,False,False,False,False,True,False,False,True,True
0001492915,"2020,2021",2,False,False,False,False,True,True,False,False,False,False
0001493594,2025,1,False,False,False,False,False,False,False,False,False,True
0001493976,"2024,2025",2,False,False,False,False,False,False,False,False,True,True
0001494259,"2024,2025",2,False,False,False,False,False,False,False,False,True,True
0001494413,"2016,2017,2018,2019,2020,2021,2022,2023,2024",9,True,True,True,True,True,True,True,True,True,False
0001494877,"2019,2020,2021,2022,2023,2024,2025",7,False,False,False,True,True,True,True,True,True,True
0001494891,2025,1,False,False,False,False,False,False,False,False,False,True
0001494904,"2018,2021,2022,2023,2024,2025",6,False,False,True,False,False,True,True,True,True,True
0001495231,"2021,2022,2023,2024,2025",5,False,False,False,False,False,True,True,True,True,True
0001495320,2025,1,False,False,False,False,False,False,False,False,False,True
0001495584,"2019,2020",2,False,False,False,True,True,False,False,False,False,False
0001495648,2025,1,False,False,False,False,False,False,False,False,False,True
0001495932,"2023,2024,2025",3,False,False,False,False,False,False,False,True,True,True
0001496099,"2024,2025",2,False,False,False,False,False,False,False,False,True,True
0001496443,2025,1,False,False,False,False,False,False,False,False,False,True
0001496690,2025,1,False,False,False,False,False,False,False,False,False,True
0001496963,"2022,2024",2,False,False,False,False,False,False,True,False,True,False
0001497230,"2023,2024,2025",3,False,False,False,False,False,False,False,True,True,True
0001497253,2025,1,False,False,False,False,False,False,False,False,False,True
0001497645,2025,1,False,False,False,False,False,False,False,False,False,True
0001497770,"2024,2025",2,False,False,False,False,False,False,False,False,True,True
0001498067,"2020,2021,2022,2025",4,False,False,False,False,True,True,True,False,False,True
0001498148,"2017,2018,2019,2020,2021,2022,2023,2024,2025",9,False,True,True,True,True,True,True,True,True,True
0001498233,"2023,2024",2,False,False,False,False,False,False,False,True,True,False
0001498710,"2023,2025",2,False,False,False,False,False,False,False,True,False,True
0001498828,"2024,2025",2,False,False,False,False,False,False,False,False,True,True
0001499275,2025,1,False,False,False,False,False,False,False,False,False,True
0001499832,"2024,2025",2,False,False,False,False,False,False,False,False,True,True
0001499961,"2019,2020,2021,2023,2024,2025",6,False,False,False,True,True,True,False,True,True,True
0001500198,"2019,2020,2021,2022,2023,2024",6,False,False,False,True,True,True,True,True,True,False
0001500217,"2024,2025",2,False,False,False,False,False,False,False,False,True,True
0001500242,"2017,2018",2,False,True,True,False,False,False,False,False,False,False
0001500435,"2016,2018,2019,2021,2024,2025",6,True,False,True,True,False,True,False,False,True,True
0001500881,2025,1,False,False,False,False,False,False,False,False,False,True
0001501134,"2021,2022,2023",3,False,False,False,False,False,True,True,True,False,False
0001501570,2025,1,False,False,False,False,False,False,False,False,False,True
0001501585,"2018,2019,2020,2021,2022,2023,2024,2025",8,False,False,True,True,True,True,True,True,True,True
0001501697,"2021,2022,2023,2024,2025",5,False,False,False,False,False,True,True,True,True,True
0001501729,2025,1,False,False,False,False,False,False,False,False,False,True
0001501756,"2022,2024,2025",3,False,False,False,False,False,False,True,False,True,True
0001501796,"2023,2024,2025",3,False,False,False,False,False,False,False,True,True,True
0001501989,"2023,2024,2025",3,False,False,False,False,False,False,False,True,True,True
0001502966,2025,1,False,False,False,False,False,False,False,False,False,True
0001504008,2025,1,False,False,False,False,False,False,False,False,False,True
0001504461,2025,1,False,False,False,False,False,False,False,False,False,True
0001504776,"2021,2022,2023,2024,2025",5,False,False,False,False,False,True,True,True,True,True
0001504886,"2016,2017,2018",3,True,True,True,False,False,False,False,False,False,False
0001505155,"2017,2023,2024,2025",4,False,True,False,False,False,False,False,True,True,True
0001505497,2024,1,False,False,False,False,False,False,False,False,True,False
0001505512,"2023,2024,2025",3,False,False,False,False,False,False,False,True,True,True
0001505732,"2024,2025",2,False,False,False,False,False,False,False,False,True,True
0001505952,"2019,2020,2021,2022,2023,2024,2025",7,False,False,False,True,True,True,True,True,True,True
0001506251,2025,1,False,False,False,False,False,False,False,False,False,True
0001506293,"2020,2021,2022,2023,2024,2025",6,False,False,False,False,True,True,True,True,True,True
0001506307,"2024,2025",2,False,False,False,False,False,False,False,False,True,True
0001506929,2025,1,False,False,False,False,False,False,False,False,False,True
0001506983,"2021,2022,2023,2024",4,False,False,False,False,False,True,True,True,True,False
0001507079,"2024,2025",2,False,False,False,False,False,False,False,False,True,True
0001507605,"2024,2025",2,False,False,False,False,False,False,False,False,True,True
0001508381,"2016,2017,2019,2020,2021,2022,2023",7,True,True,False,True,True,True,True,True,False,False
0001508655,2024,1,False,False,False,False,False,False,False,False,True,False
0001509223,"2023,2024,2025",3,False,False,False,False,False,False,False,True,True,True
0001509470,"2023,2024,2025",3,False,False,False,False,False,False,False,True,True,True
0001509570,"2024,2025",2,False,False,False,False,False,False,False,False,True,True
0001510247,"2020,2021,2022",3,False,False,False,False,True,True,True,False,False,False
0001510295,"2024,2025",2,False,False,False,False,False,False,False,False,True,True
0001510832,"2021,2022",2,False,False,False,False,False,True,True,False,False,False
0001511737,"2024,2025",2,False,False,False,False,False,False,False,False,True,True
0001512228,"2022,2023,2024,2025",4,False,False,False,False,False,False,True,True,True,True
0001512499,"2021,2022,2023,2024",4,False,False,False,False,False,True,True,True,True,False
0001512673,"2017,2018,2019,2020,2021,2022,2023,2024,2025",9,False,True,True,True,True,True,True,True,True,True
0001512762,"2023,2024,2025",3,False,False,False,False,False,False,False,True,True,True
0001512931,2025,1,False,False,False,False,False,False,False,False,False,True
0001513761,"2023,2024,2025",3,False,False,False,False,False,False,False,True,True,True
0001514056,"2018,2019,2020,2021,2022,2023",6,False,False,True,True,True,True,True,True,False,False
0001514226,2016,1,True,False,False,False,False,False,False,False,False,False
0001514281,2025,1,False,False,False,False,False,False,False,False,False,True
0001514416,"2022,2024,2025",3,False,False,False,False,False,False,True,False,True,True
0001514443,2025,1,False,False,False,False,False,False,False,False,False,True
0001514991,"2024,2025",2,False,False,False,False,False,False,False,False,True,True
0001515139,"2018,2023,2024,2025",4,False,False,True,False,False,False,False,True,True,True
0001515673,"2018,2025",2,False,False,True,False,False,False,False,False,False,True
0001515816,"2024,2025",2,False,False,False,False,False,False,False,False,True,True
0001516513,"2022,2023,2024,2025",4,False,False,False,False,False,False,True,True,True,True
0001516805,2016,1,True,False,False,False,False,False,False,False,False,False
0001516887,"2018,2019,2020,2021,2022",5,False,False,True,True,True,True,True,False,False,False
0001516912,"2024,2025",2,False,False,False,False,False,False,False,False,True,True
0001517022,"2023,2024,2025",3,False,False,False,False,False,False,False,True,True,True
0001517175,2025,1,False,False,False,False,False,False,False,False,False,True
0001517228,2025,1,False,False,False,False,False,False,False,False,False,True
0001517302,"2024,2025",2,False,False,False,False,False,False,False,False,True,True
0001517375,"2020,2021,2022,2023,2024,2025",6,False,False,False,False,True,True,True,True,True,True
0001517413,"2020,2021,2022,2023,2024,2025",6,False,False,False,False,True,True,True,True,True,True
0001518520,2019,1,False,False,False,True,False,False,False,False,False,False
0001518715,"2024,2025",2,False,False,False,False,False,False,False,False,True,True
0001519177,"2022,2023",2,False,False,False,False,False,False,True,True,False,False
0001519401,"2024,2025",2,False,False,False,False,False,False,False,False,True,True
0001519449,"2023,2024,2025",3,False,False,False,False,False,False,False,True,True,True
0001519472,2025,1,False,False,False,False,False,False,False,False,False,True
0001519751,"2023,2024,2025",3,False,False,False,False,False,False,False,True,True,True
0001520118,2025,1,False,False,False,False,False,False,False,False,False,True
0001520262,"2024,2025",2,False,False,False,False,False,False,False,False,True,True
0001520358,"2024,2025",2,False,False,False,False,False,False,False,False,True,True
0001520566,2018,1,False,False,True,False,False,False,False,False,False,False
0001520697,"2024,2025",2,False,False,False,False,False,False,False,False,True,True
0001521036,"2020,2021,2022,2023,2024,2025",6,False,False,False,False,True,True,True,True,True,True
0001521332,"2019,2020,2021,2022,2023,2024,2025",7,False,False,False,True,True,True,True,True,True,True
0001521951,2025,1,False,False,False,False,False,False,False,False,False,True
0001522540,"2022,2023,2024,2025",4,False,False,False,False,False,False,True,True,True,True
0001522690,"2019,2020",2,False,False,False,True,True,False,False,False,False,False
0001522727,2025,1,False,False,False,False,False,False,False,False,False,True
0001523855,2018,1,False,False,True,False,False,False,False,False,False,False
0001524223,"2019,2020,2021,2022",4,False,False,False,True,True,True,True,False,False,False
0001524358,"2023,2025",2,False,False,False,False,False,False,False,True,False,True
0001524472,2025,1,False,False,False,False,False,False,False,False,False,True
0001524607,2021,1,False,False,False,False,False,True,False,False,False,False
0001524931,2024,1,False,False,False,False,False,False,False,False,True,False
0001525221,2025,1,False,False,False,False,False,False,False,False,False,True
0001526113,2025,1,False,False,False,False,False,False,False,False,False,True
0001526243,"2024,2025",2,False,False,False,False,False,False,False,False,True,True
0001526520,"2017,2018,2019,2020,2021,2022,2023,2024,2025",9,False,True,True,True,True,True,True,True,True,True
0001526689,"2018,2019",2,False,False,True,True,False,False,False,False,False,False
0001527166,"2023,2024,2025",3,False,False,False,False,False,False,False,True,True,True
0001527469,"2024,2025",2,False,False,False,False,False,False,False,False,True,True
0001527541,"2016,2018",2,True,False,True,False,False,False,False,False,False,False
0001527613,2025,1,False,False,False,False,False,False,False,False,False,True
0001527702,"2020,2022,2023,2024,2025",5,False,False,False,False,True,False,True,True,True,True
0001527728,"2023,2024,2025",3,False,False,False,False,False,False,False,True,True,True
0001527753,"2020,2021,2022,2023,2024,2025",6,False,False,False,False,True,True,True,True,True,True
0001527844,2019,1,False,False,False,True,False,False,False,False,False,False
0001528061,"2017,2018",2,False,True,True,False,False,False,False,False,False,False
0001528115,2025,1,False,False,False,False,False,False,False,False,False,True
0001528129,"2018,2019,2020,2024,2025",5,False,False,True,True,True,False,False,False,True,True
0001528287,"2022,2023,2024,2025",4,False,False,False,False,False,False,True,True,True,True
0001528396,"2017,2018,2019,2020,2021,2022,2023,2024,2025",9,False,True,True,True,True,True,True,True,True,True
0001528557,"2018,2019",2,False,False,True,True,False,False,False,False,False,False
0001528985,"2024,2025",2,False,False,False,False,False,False,False,False,True,True
0001529113,"2016,2017,2018,2019,2020,2021,2022,2023,2024,2025",10,True,True,True,True,True,True,True,True,True,True
0001529274,"2022,2023,2024,2025",4,False,False,False,False,False,False,True,True,True,True
0001529377,"2024,2025",2,False,False,False,False,False,False,False,False,True,True
0001529628,2020,1,False,False,False,False,True,False,False,False,False,False
0001529864,"2019,2020,2021,2022,2023,2024,2025",7,False,False,False,True,True,True,True,True,True,True
0001530249,2025,1,False,False,False,False,False,False,False,False,False,True
0001530425,"2022,2023",2,False,False,False,False,False,False,True,True,False,False
0001530766,"2020,2021,2022,2023,2024,2025",6,False,False,False,False,True,True,True,True,True,True
0001530950,"2016,2017,2018,2022,2023,2024,2025",7,True,True,True,False,False,False,True,True,True,True
0001531031,"2022,2023,2024,2025",4,False,False,False,False,False,False,True,True,True,True
0001531048,"2022,2023,2024",3,False,False,False,False,False,False,True,True,True,False
0001531177,2022,1,False,False,False,False,False,False,True,False,False,False
0001531978,"2022,2023,2024,2025",4,False,False,False,False,False,False,True,True,True,True
0001532063,2018,1,False,False,True,False,False,False,False,False,False,False
0001533615,2025,1,False,False,False,False,False,False,False,False,False,True
0001533758,2025,1,False,False,False,False,False,False,False,False,False,True
0001533932,2019,1,False,False,False,True,False,False,False,False,False,False
0001533998,"2018,2019,2020,2021,2022,2023,2024,2025",8,False,False,True,True,True,True,True,True,True,True
0001534133,"2022,2023",2,False,False,False,False,False,False,True,True,False,False
0001534154,"2019,2021,2022,2023,2024,2025",6,False,False,False,True,False,True,True,True,True,True
0001534248,"2020,2021",2,False,False,False,False,True,True,False,False,False,False
0001534701,"2024,2025",2,False,False,False,False,False,False,False,False,True,True
0001534708,"2024,2025",2,False,False,False,False,False,False,False,False,True,True
0001534969,"2022,2023,2024,2025",4,False,False,False,False,False,False,True,True,True,True
0001535079,2021,1,False,False,False,False,False,True,False,False,False,False
0001535379,"2018,2019,2020,2021",4,False,False,True,True,True,True,False,False,False,False
0001535527,"2020,2021,2022,2023,2024,2025",6,False,False,False,False,True,True,True,True,True,True
0001535778,2025,1,False,False,False,False,False,False,False,False,False,True
0001535929,"2022,2024,2025",3,False,False,False,False,False,False,True,False,True,True
0001537054,"2024,2025",2,False,False,False,False,False,False,False,False,True,True
0001538210,"2021,2022,2023,2024",4,False,False,False,False,False,True,True,True,True,False
0001538217,"2020,2021,2022,2023,2024",5,False,False,False,False,True,True,True,True,True,False
0001538263,2025,1,False,False,False,False,False,False,False,False,False,True
0001538379,"2024,2025",2,False,False,False,False,False,False,False,False,True,True
0001538716,"2020,2021,2022,2023,2024,2025",6,False,False,False,False,True,True,True,True,True,True
0001538990,2025,1,False,False,False,False,False,False,False,False,False,True
0001539638,2025,1,False,False,False,False,False,False,False,False,False,True
0001539778,2020,1,False,False,False,False,True,False,False,False,False,False
0001539838,2025,1,False,False,False,False,False,False,False,False,False,True
0001539894,"2017,2018,2020,2021,2022",5,False,True,True,False,True,True,True,False,False,False
0001540184,"2020,2021",2,False,False,False,False,True,True,False,False,False,False
0001540615,2021,1,False,False,False,False,False,True,False,False,False,False
0001540684,2025,1,False,False,False,False,False,False,False,False,False,True
0001540755,"2019,2020,2021,2022",4,False,False,False,True,True,True,True,False,False,False
0001541119,2025,1,False,False,False,False,False,False,False,False,False,True
0001541884,"2018,2019,2020,2021,2022,2023",6,False,False,True,True,True,True,True,True,False,False
0001542447,"2024,2025",2,False,False,False,False,False,False,False,False,True,True
0001542574,"2021,2022,2023,2024,2025",5,False,False,False,False,False,True,True,True,True,True
0001543042,2025,1,False,False,False,False,False,False,False,False,False,True
0001543066,2021,1,False,False,False,False,False,True,False,False,False,False
0001543151,"2021,2022,2023,2024,2025",5,False,False,False,False,False,True,True,True,True,True
0001543418,"2018,2019,2020,2021,2022,2024,2025",7,False,False,True,True,True,True,True,False,True,True
0001543916,"2022,2023",2,False,False,False,False,False,False,True,True,False,False
0001544206,2025,1,False,False,False,False,False,False,False,False,False,True
0001544227,"2024,2025",2,False,False,False,False,False,False,False,False,True,True
0001544229,2018,1,False,False,True,False,False,False,False,False,False,False
0001544522,"2021,2022,2023,2024,2025",5,False,False,False,False,False,True,True,True,True,True
0001545018,"2024,2025",2,False,False,False,False,False,False,False,False,True,True
0001545232,2017,1,False,True,False,False,False,False,False,False,False,False
0001546296,2025,1,False,False,False,False,False,False,False,False,False,True
0001546417,"2024,2025",2,False,False,False,False,False,False,False,False,True,True
0001546853,2025,1,False,False,False,False,False,False,False,False,False,True
0001547546,"2024,2025",2,False,False,False,False,False,False,False,False,True,True
0001547903,2025,1,False,False,False,False,False,False,False,False,False,True
0001548240,2019,1,False,False,False,True,False,False,False,False,False,False
0001548309,2016,1,True,False,False,False,False,False,False,False,False,False
0001549346,"2017,2018,2019,2020,2021,2022,2023,2024,2025",9,False,True,True,True,True,True,True,True,True,True
0001549595,"2021,2022,2023,2024,2025",5,False,False,False,False,False,True,True,True,True,True
0001549631,"2021,2022,2023,2024,2025",5,False,False,False,False,False,True,True,True,True,True
0001550518,"2017,2018",2,False,True,True,False,False,False,False,False,False,False
0001550695,"2024,2025",2,False,False,False,False,False,False,False,False,True,True
0001551152,"2021,2025",2,False,False,False,False,False,True,False,False,False,True
0001551206,2017,1,False,True,False,False,False,False,False,False,False,False
0001551901,"2024,2025",2,False,False,False,False,False,False,False,False,True,True
0001552000,"2024,2025",2,False,False,False,False,False,False,False,False,True,True
0001552033,"2016,2017,2018,2019,2020,2021,2022,2023,2024,2025",10,True,True,True,True,True,True,True,True,True,True
0001552189,2021,1,False,False,False,False,False,True,False,False,False,False
0001552198,2025,1,False,False,False,False,False,False,False,False,False,True
0001552493,"2024,2025",2,False,False,False,False,False,False,False,False,True,True
0001552797,2025,1,False,False,False,False,False,False,False,False,False,True
0001552800,"2024,2025",2,False,False,False,False,False,False,False,False,True,True
0001552979,"2022,2023",2,False,False,False,False,False,False,True,True,False,False
0001553404,2025,1,False,False,False,False,False,False,False,False,False,True
0001553788,"2024,2025",2,False,False,False,False,False,False,False,False,True,True
0001554818,"2021,2022,2023,2024,2025",5,False,False,False,False,False,True,True,True,True,True
0001554859,"2021,2022,2023",3,False,False,False,False,False,True,True,True,False,False
0001555279,"2021,2022,2023,2024,2025",5,False,False,False,False,False,True,True,True,True,True
0001555280,"2021,2022,2023,2024,2025",5,False,False,False,False,False,True,True,True,True,True
0001556148,"2018,2019",2,False,False,True,True,False,False,False,False,False,False
0001556263,"2018,2019",2,False,False,True,True,False,False,False,False,False,False
0001556593,"2024,2025",2,False,False,False,False,False,False,False,False,True,True
0001556739,"2021,2022,2023,2024,2025",5,False,False,False,False,False,True,True,True,True,True
0001556801,2018,1,False,False,True,False,False,False,False,False,False,False
0001557127,2022,1,False,False,False,False,False,False,True,False,False,False
0001557746,"2024,2025",2,False,False,False,False,False,False,False,False,True,True
0001558569,"2022,2023,2024,2025",4,False,False,False,False,False,False,True,True,True,True
0001558583,2018,1,False,False,True,False,False,False,False,False,False,False
0001559356,2020,1,False,False,False,False,True,False,False,False,False,False
0001559720,"2021,2022,2023,2024,2025",5,False,False,False,False,False,True,True,True,True,True
0001559865,"2024,2025",2,False,False,False,False,False,False,False,False,True,True
0001560143,"2024,2025",2,False,False,False,False,False,False,False,False,True,True
0001560241,"2018,2019,2020,2021,2024",5,False,False,True,True,True,True,False,False,True,False
0001560258,2025,1,False,False,False,False,False,False,False,False,False,True
0001560327,"2017,2024,2025",3,False,True,False,False,False,False,False,False,True,True
0001560385,"2024,2025",2,False,False,False,False,False,False,False,False,True,True
0001560672,2025,1,False,False,False,False,False,False,False,False,False,True
0001561032,2025,1,False,False,False,False,False,False,False,False,False,True
0001561550,"2020,2021,2022,2023,2024,2025",6,False,False,False,False,True,True,True,True,True,True
0001561880,"2022,2023,2024",3,False,False,False,False,False,False,True,True,True,False
0001561894,2025,1,False,False,False,False,False,False,False,False,False,True
0001562088,"2022,2023,2024,2025",4,False,False,False,False,False,False,True,True,True,True
0001562401,2025,1,False,False,False,False,False,False,False,False,False,True
0001562476,"2024,2025",2,False,False,False,False,False,False,False,False,True,True
0001563190,"2021,2022,2023,2024,2025",5,False,False,False,False,False,True,True,True,True,True
0001563665,"2019,2020,2021",3,False,False,False,True,True,True,False,False,False,False
0001563756,2025,1,False,False,False,False,False,False,False,False,False,True
0001563880,"2024,2025",2,False,False,False,False,False,False,False,False,True,True
0001563922,"2024,2025",2,False,False,False,False,False,False,False,False,True,True
0001564406,"2021,2022,2023",3,False,False,False,False,False,True,True,True,False,False
0001564408,"2018,2019,2021,2022,2023,2024,2025",7,False,False,True,True,False,True,True,True,True,True
0001564618,2024,1,False,False,False,False,False,False,False,False,True,False
0001564708,"2023,2024,2025",3,False,False,False,False,False,False,False,True,True,True
0001564902,2025,1,False,False,False,False,False,False,False,False,False,True
0001565228,"2021,2022,2023,2024,2025",5,False,False,False,False,False,True,True,True,True,True
0001565687,"2021,2022,2023,2024,2025",5,False,False,False,False,False,True,True,True,True,True
0001566044,"2024,2025",2,False,False,False,False,False,False,False,False,True,True
0001566469,"2017,2018,2019,2020,2021,2022,2023",7,False,True,True,True,True,True,True,True,False,False
0001566561,"2016,2017",2,True,True,False,False,False,False,False,False,False,False
0001566610,"2021,2025",2,False,False,False,False,False,True,False,False,False,True
0001566826,"2022,2023,2024,2025",4,False,False,False,False,False,False,True,True,True,True
0001566895,2021,1,False,False,False,False,False,True,False,False,False,False
0001567094,"2023,2024,2025",3,False,False,False,False,False,False,False,True,True,True
0001567892,"2024,2025",2,False,False,False,False,False,False,False,False,True,True
0001567900,"2017,2018,2019,2020,2021,2022,2023,2024,2025",9,False,True,True,True,True,True,True,True,True,True
0001568100,"2020,2021,2022,2023,2024,2025",6,False,False,False,False,True,True,True,True,True,True
0001568385,"2020,2022,2023,2024,2025",5,False,False,False,False,True,False,True,True,True,True
0001568651,"2022,2023,2024,2025",4,False,False,False,False,False,False,True,True,True,True
0001568969,"2022,2023,2024,2025",4,False,False,False,False,False,False,True,True,True,True
0001569345,"2021,2022,2023,2024,2025",5,False,False,False,False,False,True,True,True,True,True
0001569455,"2023,2024,2025",3,False,False,False,False,False,False,False,True,True,True
0001570562,2025,1,False,False,False,False,False,False,False,False,False,True
0001570585,"2016,2018,2024,2025",4,True,False,True,False,False,False,False,False,True,True
0001570827,"2018,2019,2020,2021,2022,2023,2024,2025",8,False,False,True,True,True,True,True,True,True,True
0001571123,"2021,2022,2023,2024,2025",5,False,False,False,False,False,True,True,True,True,True
0001571283,"2024,2025",2,False,False,False,False,False,False,False,False,True,True
0001571776,2025,1,False,False,False,False,False,False,False,False,False,True
0001571949,"2021,2022,2023,2024,2025",5,False,False,False,False,False,True,True,True,True,True
0001571996,"2018,2019,2020,2021,2022,2023,2024,2025",8,False,False,True,True,True,True,True,True,True,True
0001572565,"2019,2020,2021,2022",4,False,False,False,True,True,True,True,False,False,False
0001572616,"2024,2025",2,False,False,False,False,False,False,False,False,True,True
0001572694,2025,1,False,False,False,False,False,False,False,False,False,True
0001573221,"2020,2021,2022,2023,2024,2025",6,False,False,False,False,True,True,True,True,True,True
0001574219,"2023,2024,2025",3,False,False,False,False,False,False,False,True,True,True
0001574540,2024,1,False,False,False,False,False,False,False,False,True,False
0001574774,"2019,2020",2,False,False,False,True,True,False,False,False,False,False
0001574863,"2017,2018",2,False,True,True,False,False,False,False,False,False,False
0001574910,2019,1,False,False,False,True,False,False,False,False,False,False
0001575142,"2023,2024",2,False,False,False,False,False,False,False,True,True,False
0001575345,2020,1,False,False,False,False,True,False,False,False,False,False
0001575434,"2022,2023,2024",3,False,False,False,False,False,False,True,True,True,False
0001575515,2025,1,False,False,False,False,False,False,False,False,False,True
0001575793,"2022,2023,2024",3,False,False,False,False,False,False,True,True,True,False
0001575828,2025,1,False,False,False,False,False,False,False,False,False,True
0001575975,2019,1,False,False,False,True,False,False,False,False,False,False
0001576018,2025,1,False,False,False,False,False,False,False,False,False,True
0001576169,2020,1,False,False,False,False,True,False,False,False,False,False
0001576263,2023,1,False,False,False,False,False,False,False,True,False,False
0001576280,"2019,2020,2021,2022,2023,2024,2025",7,False,False,False,True,True,True,True,True,True,True
0001576427,"2016,2017,2018,2019,2020,2021,2022,2023,2024,2025",10,True,True,True,True,True,True,True,True,True,True
0001576914,"2021,2022,2023",3,False,False,False,False,False,True,True,True,False,False
0001576940,"2024,2025",2,False,False,False,False,False,False,False,False,True,True
0001576942,"2024,2025",2,False,False,False,False,False,False,False,False,True,True
0001577445,"2021,2022,2023,2024,2025",5,False,False,False,False,False,True,True,True,True,True
0001577526,"2021,2022,2023,2024,2025",5,False,False,False,False,False,True,True,True,True,True
0001577545,"2024,2025",2,False,False,False,False,False,False,False,False,True,True
0001577670,"2024,2025",2,False,False,False,False,False,False,False,False,True,True
0001577791,"2018,2019,2020,2021",4,False,False,True,True,True,True,False,False,False,False
0001577916,"2021,2022,2023,2024,2025",5,False,False,False,False,False,True,True,True,True,True
0001577966,2021,1,False,False,False,False,False,True,False,False,False,False
0001578732,"2024,2025",2,False,False,False,False,False,False,False,False,True,True
0001579091,"2023,2024,2025",3,False,False,False,False,False,False,False,True,True,True
0001579157,2025,1,False,False,False,False,False,False,False,False,False,True
0001579214,"2024,2025",2,False,False,False,False,False,False,False,False,True,True
0001579241,"2022,2023,2024,2025",4,False,False,False,False,False,False,True,True,True,True
0001579298,"2024,2025",2,False,False,False,False,False,False,False,False,True,True
0001579684,"2021,2022,2023,2024,2025",5,False,False,False,False,False,True,True,True,True,True
0001579733,"2021,2024,2025",3,False,False,False,False,False,True,False,False,True,True
0001579877,"2024,2025",2,False,False,False,False,False,False,False,False,True,True
0001579910,2022,1,False,False,False,False,False,False,True,False,False,False
0001580156,"2016,2020,2021,2022",4,True,False,False,False,True,True,True,False,False,False
0001580345,"2024,2025",2,False,False,False,False,False,False,False,False,True,True
0001580490,"2019,2020,2021,2022,2023,2024,2025",7,False,False,False,True,True,True,True,True,True,True
0001580560,"2022,2023,2024,2025",4,False,False,False,False,False,False,True,True,True,True
0001580670,2025,1,False,False,False,False,False,False,False,False,False,True
0001580808,"2018,2019,2020,2021,2022,2023,2024,2025",8,False,False,True,True,True,True,True,True,True,True
0001580864,"2021,2022,2023,2024,2025",5,False,False,False,False,False,True,True,True,True,True
0001580905,2025,1,False,False,False,False,False,False,False,False,False,True
0001581068,2025,1,False,False,False,False,False,False,False,False,False,True
0001581091,"2018,2019,2020,2021,2022,2023,2024,2025",8,False,False,True,True,True,True,True,True,True,True
0001581220,2016,1,True,False,False,False,False,False,False,False,False,False
0001581280,"2023,2024,2025",3,False,False,False,False,False,False,False,True,True,True
0001581760,"2022,2023,2024,2025",4,False,False,False,False,False,False,True,True,True,True
0001581776,2025,1,False,False,False,False,False,False,False,False,False,True
0001581990,2025,1,False,False,False,False,False,False,False,False,False,True
0001582554,2021,1,False,False,False,False,False,True,False,False,False,False
0001582605,"2024,2025",2,False,False,False,False,False,False,False,False,True,True
0001582961,"2023,2024,2025",3,False,False,False,False,False,False,False,True,True,True
0001582982,"2018,2020,2021,2022,2023,2024,2025",7,False,False,True,False,True,True,True,True,True,True
0001583138,2016,1,True,False,False,False,False,False,False,False,False,False
0001583648,2025,1,False,False,False,False,False,False,False,False,False,True
0001583708,"2021,2022,2023,2024,2025",5,False,False,False,False,False,True,True,True,True,True
0001583771,"2021,2022,2023,2024",4,False,False,False,False,False,True,True,True,True,False
0001584207,2021,1,False,False,False,False,False,True,False,False,False,False
0001584423,"2018,2019,2020",3,False,False,True,True,True,False,False,False,False,False
0001584509,"2024,2025",2,False,False,False,False,False,False,False,False,True,True
0001584549,"2024,2025",2,False,False,False,False,False,False,False,False,True,True
0001584693,"2021,2022,2023,2024,2025",5,False,False,False,False,False,True,True,True,True,True
0001584754,2023,1,False,False,False,False,False,False,False,True,False,False
0001584831,"2023,2024,2025",3,False,False,False,False,False,False,False,True,True,True
0001584952,2020,1,False,False,False,False,True,False,False,False,False,False
0001585002,2016,1,True,False,False,False,False,False,False,False,False,False
0001585364,"2024,2025",2,False,False,False,False,False,False,False,False,True,True
0001585389,2025,1,False,False,False,False,False,False,False,False,False,True
0001585521,"2022,2023,2024,2025",4,False,False,False,False,False,False,True,True,True,True
0001585608,"2024,2025",2,False,False,False,False,False,False,False,False,True,True
0001585689,"2024,2025",2,False,False,False,False,False,False,False,False,True,True
0001585755,2018,1,False,False,True,False,False,False,False,False,False,False
0001586372,2018,1,False,False,True,False,False,False,False,False,False,False
0001586452,"2016,2017,2018,2020",4,True,True,True,False,True,False,False,False,False,False
0001586495,"2022,2023,2024,2025",4,False,False,False,False,False,False,True,True,True,True
0001587063,2016,1,True,False,False,False,False,False,False,False,False,False
0001587523,"2017,2018,2019,2020,2021",5,False,True,True,True,True,True,False,False,False,False
0001587732,2025,1,False,False,False,False,False,False,False,False,False,True
0001587987,"2024,2025",2,False,False,False,False,False,False,False,False,True,True
0001588978,"2021,2022,2023,2024,2025",5,False,False,False,False,False,True,True,True,True,True
0001589149,2025,1,False,False,False,False,False,False,False,False,False,True
0001589804,2025,1,False,False,False,False,False,False,False,False,False,True
0001590364,2024,1,False,False,False,False,False,False,False,False,True,False
0001590383,"2017,2018,2019",3,False,True,True,True,False,False,False,False,False,False
0001590418,"2020,2021,2022,2023,2024,2025",6,False,False,False,False,True,True,True,True,True,True
0001590496,"2023,2024,2025",3,False,False,False,False,False,False,False,True,True,True
0001590584,"2023,2024,2025",3,False,False,False,False,False,False,False,True,True,True
0001590714,"2016,2017,2018,2019,2020,2024,2025",7,True,True,True,True,True,False,False,False,True,True
0001590715,2025,1,False,False,False,False,False,False,False,False,False,True
0001590750,"2024,2025",2,False,False,False,False,False,False,False,False,True,True
0001590955,"2019,2020,2021,2022,2023,2024,2025",7,False,False,False,True,True,True,True,True,True,True
0001590976,"2024,2025",2,False,False,False,False,False,False,False,False,True,True
0001591165,2018,1,False,False,True,False,False,False,False,False,False,False
0001591587,2024,1,False,False,False,False,False,False,False,False,True,False
0001591588,"2024,2025",2,False,False,False,False,False,False,False,False,True,True
0001591698,"2021,2022,2023,2024,2025",5,False,False,False,False,False,True,True,True,True,True
0001591913,2023,1,False,False,False,False,False,False,False,True,False,False
0001592016,"2016,2020,2021,2022,2023",5,True,False,False,False,True,True,True,True,False,False
0001592057,2024,1,False,False,False,False,False,False,False,False,True,False
0001592386,2025,1,False,False,False,False,False,False,False,False,False,True
0001592592,2016,1,True,False,False,False,False,False,False,False,False,False
0001593001,"2021,2024,2025",3,False,False,False,False,False,True,False,False,True,True
0001593034,"2018,2019,2020",3,False,False,True,True,True,False,False,False,False,False
0001593184,"2024,2025",2,False,False,False,False,False,False,False,False,True,True
0001593195,"2018,2019,2020",3,False,False,True,True,True,False,False,False,False,False
0001593275,"2024,2025",2,False,False,False,False,False,False,False,False,True,True
0001593538,2022,1,False,False,False,False,False,False,True,False,False,False
0001593549,"2022,2023,2024,2025",4,False,False,False,False,False,False,True,True,True,True
0001593773,"2024,2025",2,False,False,False,False,False,False,False,False,True,True
0001594114,"2021,2022,2023",3,False,False,False,False,False,True,True,True,False,False
0001594805,2025,1,False,False,False,False,False,False,False,False,False,True
0001595585,2020,1,False,False,False,False,True,False,False,False,False,False
0001595974,"2016,2017,2018,2019,2020,2021,2022,2023,2024,2025",10,True,True,True,True,True,True,True,True,True,True
0001596532,"2019,2020,2021,2022,2023,2024,2025",7,False,False,False,True,True,True,True,True,True,True
0001596783,"2022,2023,2024",3,False,False,False,False,False,False,True,True,True,False
0001596946,"2017,2021",2,False,True,False,False,False,True,False,False,False,False
0001596961,"2019,2020,2021",3,False,False,False,True,True,True,False,False,False,False
0001596967,2025,1,False,False,False,False,False,False,False,False,False,True
0001597033,"2024,2025",2,False,False,False,False,False,False,False,False,True,True
0001597264,"2022,2023,2024,2025",4,False,False,False,False,False,False,True,True,True,True
0001597339,"2024,2025",2,False,False,False,False,False,False,False,False,True,True
0001597553,"2024,2025",2,False,False,False,False,False,False,False,False,True,True
0001597672,"2024,2025",2,False,False,False,False,False,False,False,False,True,True
0001597846,"2016,2017,2018,2020,2021,2022,2023,2025",8,True,True,True,False,True,True,True,True,False,True
0001597892,2024,1,False,False,False,False,False,False,False,False,True,False
0001598014,"2018,2019,2020,2021,2022",5,False,False,True,True,True,True,True,False,False,False
0001598428,2025,1,False,False,False,False,False,False,False,False,False,True
0001598646,"2023,2024,2025",3,False,False,False,False,False,False,False,True,True,True
0001598665,"2024,2025",2,False,False,False,False,False,False,False,False,True,True
0001598981,"2022,2023,2024,2025",4,False,False,False,False,False,False,True,True,True,True
0001599298,2025,1,False,False,False,False,False,False,False,False,False,True
0001599385,2016,1,True,False,False,False,False,False,False,False,False,False
0001599617,"2024,2025",2,False,False,False,False,False,False,False,False,True,True
0001599901,"2024,2025",2,False,False,False,False,False,False,False,False,True,True
0001600033,"2023,2024,2025",3,False,False,False,False,False,False,False,True,True,True
0001600222,2025,1,False,False,False,False,False,False,False,False,False,True
0001600347,"2023,2024,2025",3,False,False,False,False,False,False,False,True,True,True
0001600626,"2024,2025",2,False,False,False,False,False,False,False,False,True,True
0001600641,"2022,2023,2024,2025",4,False,False,False,False,False,False,True,True,True,True
0001600847,"2022,2023,2024",3,False,False,False,False,False,False,True,True,True,False
0001600983,"2022,2023,2024,2025",4,False,False,False,False,False,False,True,True,True,True
0001601046,"2020,2021,2022,2023,2024,2025",6,False,False,False,False,True,True,True,True,True,True
0001601280,"2021,2022,2023,2024,2025",5,False,False,False,False,False,True,True,True,True,True
0001601485,"2022,2023,2024,2025",4,False,False,False,False,False,False,True,True,True,True
0001601548,"2024,2025",2,False,False,False,False,False,False,False,False,True,True
0001601705,2025,1,False,False,False,False,False,False,False,False,False,True
0001601712,"2018,2019,2020,2021,2022,2023,2024,2025",8,False,False,True,True,True,True,True,True,True,True
0001601830,"2021,2022,2023,2024,2025",5,False,False,False,False,False,True,True,True,True,True
0001602065,2025,1,False,False,False,False,False,False,False,False,False,True
0001602381,"2016,2017",2,True,True,False,False,False,False,False,False,False,False
0001602409,"2024,2025",2,False,False,False,False,False,False,False,False,True,True
0001602658,"2024,2025",2,False,False,False,False,False,False,False,False,True,True
0001603145,"2024,2025",2,False,False,False,False,False,False,False,False,True,True
0001603207,2024,1,False,False,False,False,False,False,False,False,True,False
0001603291,"2024,2025",2,False,False,False,False,False,False,False,False,True,True
0001603454,"2021,2024,2025",3,False,False,False,False,False,True,False,False,True,True
0001603652,"2023,2024,2025",3,False,False,False,False,False,False,False,True,True,True
0001603669,2025,1,False,False,False,False,False,False,False,False,False,True
0001603923,"2022,2025",2,False,False,False,False,False,False,True,False,False,True
0001604028,"2024,2025",2,False,False,False,False,False,False,False,False,True,True
0001604082,2016,1,True,False,False,False,False,False,False,False,False,False
0001604083,2025,1,False,False,False,False,False,False,False,False,False,True
0001604191,"2023,2024,2025",3,False,False,False,False,False,False,False,True,True,True
0001604665,2025,1,False,False,False,False,False,False,False,False,False,True
0001604778,"2019,2022,2023,2024,2025",5,False,False,False,True,False,False,True,True,True,True
0001604821,"2022,2023,2024,2025",4,False,False,False,False,False,False,True,True,True,True
0001604930,"2021,2022",2,False,False,False,False,False,True,True,False,False,False
0001605057,"2022,2023,2024",3,False,False,False,False,False,False,True,True,True,False
0001605331,"2019,2020,2021,2022,2023,2024,2025",7,False,False,False,True,True,True,True,True,True,True
0001605888,2025,1,False,False,False,False,False,False,False,False,False,True
0001606163,"2024,2025",2,False,False,False,False,False,False,False,False,True,True
0001606498,"2024,2025",2,False,False,False,False,False,False,False,False,True,True
0001606745,"2017,2018,2019,2020,2021,2022,2023,2024,2025",9,False,True,True,True,True,True,True,True,True,True
0001606757,"2023,2024,2025",3,False,False,False,False,False,False,False,True,True,True
0001606909,"2021,2022,2023,2024,2025",5,False,False,False,False,False,True,True,True,True,True
0001607484,"2023,2025",2,False,False,False,False,False,False,False,True,False,True
0001607678,2025,1,False,False,False,False,False,False,False,False,False,True
0001607939,"2022,2023,2024,2025",4,False,False,False,False,False,False,True,True,True,True
0001607962,2025,1,False,False,False,False,False,False,False,False,False,True
0001609139,2022,1,False,False,False,False,False,False,True,False,False,False
0001609151,"2022,2023,2024,2025",4,False,False,False,False,False,False,True,True,True,True
0001609253,2018,1,False,False,True,False,False,False,False,False,False,False
0001609550,"2022,2023,2024,2025",4,False,False,False,False,False,False,True,True,True,True
0001609671,2023,1,False,False,False,False,False,False,False,True,False,False
0001609702,2021,1,False,False,False,False,False,True,False,False,False,False
0001609711,"2019,2020,2021,2022,2023,2024,2025",7,False,False,False,True,True,True,True,True,True,True
0001609727,2019,1,False,False,False,True,False,False,False,False,False,False
0001609804,2025,1,False,False,False,False,False,False,False,False,False,True
0001609809,2025,1,False,False,False,False,False,False,False,False,False,True
0001609988,"2017,2018,2019,2020,2021,2022",6,False,True,True,True,True,True,True,False,False,False
0001610250,2025,1,False,False,False,False,False,False,False,False,False,True
0001610532,2018,1,False,False,True,False,False,False,False,False,False,False
0001610618,"2023,2024,2025",3,False,False,False,False,False,False,False,True,True,True
0001610796,"2024,2025",2,False,False,False,False,False,False,False,False,True,True
0001610820,"2023,2024,2025",3,False,False,False,False,False,False,False,True,True,True
0001610853,"2016,2018,2019,2025",4,True,False,True,True,False,False,False,False,False,True
0001610950,"2021,2022,2023",3,False,False,False,False,False,True,True,True,False,False
0001611052,"2021,2022,2023,2024,2025",5,False,False,False,False,False,True,True,True,True,True
0001611277,2020,1,False,False,False,False,True,False,False,False,False,False
0001611647,"2024,2025",2,False,False,False,False,False,False,False,False,True,True
0001611983,"2024,2025",2,False,False,False,False,False,False,False,False,True,True
0001612126,2025,1,False,False,False,False,False,False,False,False,False,True
0001613103,"2020,2021,2022,2023,2024,2025",6,False,False,False,False,True,True,True,True,True,True
0001613665,2019,1,False,False,False,True,False,False,False,False,False,False
0001613780,2025,1,False,False,False,False,False,False,False,False,False,True
0001614178,"2018,2019,2020,2021,2022,2023,2024,2025",8,False,False,True,True,True,True,True,True,True,True
0001614556,"2023,2024,2025",3,False,False,False,False,False,False,False,True,True,True
0001614806,"2024,2025",2,False,False,False,False,False,False,False,False,True,True
0001614826,"2019,2020,2021,2022",4,False,False,False,True,True,True,True,False,False,False
0001615063,2025,1,False,False,False,False,False,False,False,False,False,True
0001615165,"2018,2019,2020,2021,2022,2023,2024,2025",8,False,False,True,True,True,True,True,True,True,True
0001615219,2025,1,False,False,False,False,False,False,False,False,False,True
0001615222,2025,1,False,False,False,False,False,False,False,False,False,True
0001615942,2019,1,False,False,False,True,False,False,False,False,False,False
0001616000,"2024,2025",2,False,False,False,False,False,False,False,False,True,True
0001616533,"2018,2019,2020,2021,2022,2023,2024,2025",8,False,False,True,True,True,True,True,True,True,True
0001616543,"2024,2025",2,False,False,False,False,False,False,False,False,True,True
0001616707,"2024,2025",2,False,False,False,False,False,False,False,False,True,True
0001616736,2020,1,False,False,False,False,True,False,False,False,False,False
0001616862,"2024,2025",2,False,False,False,False,False,False,False,False,True,True
0001617242,2025,1,False,False,False,False,False,False,False,False,False,True
0001617406,2025,1,False,False,False,False,False,False,False,False,False,True
0001617553,"2021,2022,2023,2024,2025",5,False,False,False,False,False,True,True,True,True,True
0001617640,"2018,2019,2022,2023,2024,2025",6,False,False,True,True,False,False,True,True,True,True
0001617867,"2024,2025",2,False,False,False,False,False,False,False,False,True,True
0001618563,2025,1,False,False,False,False,False,False,False,False,False,True
0001618673,"2024,2025",2,False,False,False,False,False,False,False,False,True,True
0001618732,"2019,2023,2024,2025",4,False,False,False,True,False,False,False,True,True,True
0001618755,"2024,2025",2,False,False,False,False,False,False,False,False,True,True
0001618756,"2024,2025",2,False,False,False,False,False,False,False,False,True,True
0001618921,2024,1,False,False,False,False,False,False,False,False,True,False
0001619174,2018,1,False,False,True,False,False,False,False,False,False,False
0001619312,2025,1,False,False,False,False,False,False,False,False,False,True
0001619856,2025,1,False,False,False,False,False,False,False,False,False,True
0001619954,"2017,2018,2019,2020,2021",5,False,True,True,True,True,True,False,False,False,False
0001620179,"2019,2020,2021,2022,2023,2024",6,False,False,False,True,True,True,True,True,True,False
0001620393,"2024,2025",2,False,False,False,False,False,False,False,False,True,True
0001620459,"2023,2024,2025",3,False,False,False,False,False,False,False,True,True,True
0001620533,2025,1,False,False,False,False,False,False,False,False,False,True
0001621199,"2018,2020",2,False,False,True,False,True,False,False,False,False,False
0001621368,2025,1,False,False,False,False,False,False,False,False,False,True
0001621379,2025,1,False,False,False,False,False,False,False,False,False,True
0001621434,2016,1,True,False,False,False,False,False,False,False,False,False
0001621672,"2020,2021,2022,2023,2024,2025",6,False,False,False,False,True,True,True,True,True,True
0001621906,"2024,2025",2,False,False,False,False,False,False,False,False,True,True
0001622229,2025,1,False,False,False,False,False,False,False,False,False,True
0001622536,2025,1,False,False,False,False,False,False,False,False,False,True
0001622822,2018,1,False,False,True,False,False,False,False,False,False,False
0001622879,2021,1,False,False,False,False,False,True,False,False,False,False
0001623526,"2020,2021,2022,2023,2024,2025",6,False,False,False,False,True,True,True,True,True,True
0001623590,2024,1,False,False,False,False,False,False,False,False,True,False
0001623925,"2024,2025",2,False,False,False,False,False,False,False,False,True,True
0001624322,2024,1,False,False,False,False,False,False,False,False,True,False
0001624326,"2019,2023,2025",3,False,False,False,True,False,False,False,True,False,True
0001624512,2025,1,False,False,False,False,False,False,False,False,False,True
0001624517,2025,1,False,False,False,False,False,False,False,False,False,True
0001624985,"2021,2022,2023,2024,2025",5,False,False,False,False,False,True,True,True,True,True
0001625101,2022,1,False,False,False,False,False,False,True,False,False,False
0001625123,"2024,2025",2,False,False,False,False,False,False,False,False,True,True
0001625278,"2022,2023,2024,2025",4,False,False,False,False,False,False,True,True,True,True
0001625426,2025,1,False,False,False,False,False,False,False,False,False,True
0001625641,"2021,2022,2023,2024,2025",5,False,False,False,False,False,True,True,True,True,True
0001625941,"2024,2025",2,False,False,False,False,False,False,False,False,True,True
0001626115,"2021,2022,2024,2025",4,False,False,False,False,False,True,True,False,True,True
0001626450,"2023,2024,2025",3,False,False,False,False,False,False,False,True,True,True
0001626853,"2019,2020",2,False,False,False,True,True,False,False,False,False,False
0001627014,"2019,2020,2021,2022,2023",5,False,False,False,True,True,True,True,True,False,False
0001627223,"2024,2025",2,False,False,False,False,False,False,False,False,True,True
0001627282,"2023,2024,2025",3,False,False,False,False,False,False,False,True,True,True
0001627475,"2019,2020,2021,2022,2023,2024,2025",7,False,False,False,True,True,True,True,True,True,True
0001627611,"2018,2022",2,False,False,True,False,False,False,True,False,False,False
0001627857,"2018,2019,2020,2021,2022",5,False,False,True,True,True,True,True,False,False,False
0001628104,2019,1,False,False,False,True,False,False,False,False,False,False
0001628112,2025,1,False,False,False,False,False,False,False,False,False,True
0001628171,"2024,2025",2,False,False,False,False,False,False,False,False,True,True
0001628369,"2024,2025",2,False,False,False,False,False,False,False,False,True,True
0001628808,2025,1,False,False,False,False,False,False,False,False,False,True
0001628908,"2024,2025",2,False,False,False,False,False,False,False,False,True,True
0001628945,2022,1,False,False,False,False,False,False,True,False,False,False
0001629019,"2024,2025",2,False,False,False,False,False,False,False,False,True,True
0001629261,2018,1,False,False,True,False,False,False,False,False,False,False
0001629665,"2021,2022",2,False,False,False,False,False,True,True,False,False,False
0001630031,2025,1,False,False,False,False,False,False,False,False,False,True
0001630113,"2022,2023,2024,2025",4,False,False,False,False,False,False,True,True,True,True
0001630176,"2017,2018,2020,2021,2022,2023,2024,2025",8,False,True,True,False,True,True,True,True,True,True
0001630212,"2023,2024,2025",3,False,False,False,False,False,False,False,True,True,True
0001630472,2025,1,False,False,False,False,False,False,False,False,False,True
0001630627,"2024,2025",2,False,False,False,False,False,False,False,False,True,True
0001630690,"2024,2025",2,False,False,False,False,False,False,False,False,True,True
0001631282,"2019,2020,2021,2022,2023,2024,2025",7,False,False,False,True,True,True,True,True,True,True
0001631406,2025,1,False,False,False,False,False,False,False,False,False,True
0001631569,2025,1,False,False,False,False,False,False,False,False,False,True
0001631574,"2019,2020,2021,2022,2023,2024,2025",7,False,False,False,True,True,True,True,True,True,True
0001632127,"2023,2024,2025",3,False,False,False,False,False,False,False,True,True,True
0001632323,2018,1,False,False,True,False,False,False,False,False,False,False
0001632790,"2024,2025",2,False,False,False,False,False,False,False,False,True,True
0001632814,2025,1,False,False,False,False,False,False,False,False,False,True
0001632970,2025,1,False,False,False,False,False,False,False,False,False,True
0001633070,"2020,2021,2022,2023",4,False,False,False,False,True,True,True,True,False,False
0001633336,2024,1,False,False,False,False,False,False,False,False,True,False
0001633533,2025,1,False,False,False,False,False,False,False,False,False,True
0001633858,2025,1,False,False,False,False,False,False,False,False,False,True
0001633917,"2020,2021,2022,2023,2024,2025",6,False,False,False,False,True,True,True,True,True,True
0001633978,"2018,2019,2020,2021,2022,2023,2024,2025",8,False,False,True,True,True,True,True,True,True,True
0001634117,"2018,2019,2020,2021,2022,2023,2024,2025",8,False,False,True,True,True,True,True,True,True,True
0001634172,"2023,2025",2,False,False,False,False,False,False,False,True,False,True
0001634452,"2022,2025",2,False,False,False,False,False,False,True,False,False,True
0001635077,"2023,2024,2025",3,False,False,False,False,False,False,False,True,True,True
0001635088,"2021,2022,2023,2024,2025",5,False,False,False,False,False,True,True,True,True,True
0001635136,"2018,2019,2020,2021,2022,2023",6,False,False,True,True,True,True,True,True,False,False
0001635282,"2022,2023,2024,2025",4,False,False,False,False,False,False,True,True,True,True
0001635327,"2024,2025",2,False,False,False,False,False,False,False,False,True,True
0001635984,"2016,2017,2018,2019,2020,2021,2022",7,True,True,True,True,True,True,True,False,False,False
0001636023,2016,1,True,False,False,False,False,False,False,False,False,False
0001636222,"2024,2025",2,False,False,False,False,False,False,False,False,True,True
0001636282,"2024,2025",2,False,False,False,False,False,False,False,False,True,True
0001636315,"2024,2025",2,False,False,False,False,False,False,False,False,True,True
0001636422,"2020,2021,2022,2023,2024,2025",6,False,False,False,False,True,True,True,True,True,True
0001636509,"2019,2020",2,False,False,False,True,True,False,False,False,False,False
0001636651,"2024,2025",2,False,False,False,False,False,False,False,False,True,True
0001637008,"2024,2025",2,False,False,False,False,False,False,False,False,True,True
0001637207,2025,1,False,False,False,False,False,False,False,False,False,True
0001637459,"2022,2023,2024,2025",4,False,False,False,False,False,False,True,True,True,True
0001637715,"2023,2024,2025",3,False,False,False,False,False,False,False,True,True,True
0001637873,"2021,2022,2023,2024,2025",5,False,False,False,False,False,True,True,True,True,True
0001637880,2025,1,False,False,False,False,False,False,False,False,False,True
0001638287,"2021,2022",2,False,False,False,False,False,True,True,False,False,False
0001638290,"2024,2025",2,False,False,False,False,False,False,False,False,True,True
0001638826,2025,1,False,False,False,False,False,False,False,False,False,True
0001639225,2020,1,False,False,False,False,True,False,False,False,False,False
0001639234,"2019,2020",2,False,False,False,True,True,False,False,False,False,False
0001639300,2025,1,False,False,False,False,False,False,False,False,False,True
0001639353,"2023,2025",2,False,False,False,False,False,False,False,True,False,True
0001639438,2025,1,False,False,False,False,False,False,False,False,False,True
0001639691,2025,1,False,False,False,False,False,False,False,False,False,True
0001639825,"2022,2023,2024,2025",4,False,False,False,False,False,False,True,True,True,True
0001640147,"2021,2022,2023,2024,2025",5,False,False,False,False,False,True,True,True,True,True
0001640428,"2019,2020,2021,2022,2023,2024,2025",7,False,False,False,True,True,True,True,True,True,True
0001640584,"2024,2025",2,False,False,False,False,False,False,False,False,True,True
0001641398,"2020,2021,2022,2023,2024,2025",6,False,False,False,False,True,True,True,True,True,True
0001641489,"2022,2023,2024,2025",4,False,False,False,False,False,False,True,True,True,True
0001641614,"2024,2025",2,False,False,False,False,False,False,False,False,True,True
0001641991,2022,1,False,False,False,False,False,False,True,False,False,False
0001642375,"2017,2018,2019,2020,2021",5,False,True,True,True,True,True,False,False,False,False
0001642380,"2016,2017,2018,2019,2021,2022,2023,2025",8,True,True,True,True,False,True,True,True,False,True
0001642862,"2019,2020",2,False,False,False,True,True,False,False,False,False,False
0001642896,"2022,2023,2024,2025",4,False,False,False,False,False,False,True,True,True,True
0001643269,"2021,2022,2023",3,False,False,False,False,False,True,True,True,False,False
0001643293,2025,1,False,False,False,False,False,False,False,False,False,True
0001643721,2024,1,False,False,False,False,False,False,False,False,True,False
0001643953,2025,1,False,False,False,False,False,False,False,False,False,True
0001644378,"2024,2025",2,False,False,False,False,False,False,False,False,True,True
0001644675,"2018,2019,2020,2021,2022",5,False,False,True,True,True,True,True,False,False,False
0001644943,"2023,2024,2025",3,False,False,False,False,False,False,False,True,True,True
0001644963,2025,1,False,False,False,False,False,False,False,False,False,True
0001645070,"2021,2022,2023,2024",4,False,False,False,False,False,True,True,True,True,False
0001645155,"2019,2020,2021,2022,2023,2024",6,False,False,False,True,True,True,True,True,True,False
0001645260,"2021,2022",2,False,False,False,False,False,True,True,False,False,False
0001645460,"2021,2025",2,False,False,False,False,False,True,False,False,False,True
0001645569,"2021,2022,2023",3,False,False,False,False,False,True,True,True,False,False
0001645590,"2017,2018,2019,2020,2021,2022,2023,2024,2025",9,False,True,True,True,True,True,True,True,True,True
0001645666,2025,1,False,False,False,False,False,False,False,False,False,True
0001645842,"2021,2022",2,False,False,False,False,False,True,True,False,False,False
0001646188,"2021,2022,2023,2024,2025",5,False,False,False,False,False,True,True,True,True,True
0001646383,2017,1,False,True,False,False,False,False,False,False,False,False
0001646614,2024,1,False,False,False,False,False,False,False,False,True,False
0001646972,"2019,2020,2024,2025",4,False,False,False,True,True,False,False,False,True,True
0001647088,2024,1,False,False,False,False,False,False,False,False,True,False
0001647339,"2016,2017",2,True,True,False,False,False,False,False,False,False,False
0001647639,"2021,2022,2023,2024,2025",5,False,False,False,False,False,True,True,True,True,True
0001647705,2021,1,False,False,False,False,False,True,False,False,False,False
0001647822,"2023,2024,2025",3,False,False,False,False,False,False,False,True,True,True
0001647980,"2023,2025",2,False,False,False,False,False,False,False,True,False,True
0001648195,2025,1,False,False,False,False,False,False,False,False,False,True
0001648903,"2017,2018,2019,2020,2021,2022,2023",7,False,True,True,True,True,True,True,True,False,False
0001648960,"2024,2025",2,False,False,False,False,False,False,False,False,True,True
0001649094,"2024,2025",2,False,False,False,False,False,False,False,False,True,True
0001649184,"2024,2025",2,False,False,False,False,False,False,False,False,True,True
0001649739,"2024,2025",2,False,False,False,False,False,False,False,False,True,True
0001649749,"2022,2024,2025",3,False,False,False,False,False,False,True,False,True,True
0001649904,"2022,2024,2025",3,False,False,False,False,False,False,True,False,True,True
0001649989,"2024,2025",2,False,False,False,False,False,False,False,False,True,True
0001650101,2024,1,False,False,False,False,False,False,False,False,True,False
0001650164,"2023,2024,2025",3,False,False,False,False,False,False,False,True,True,True
0001650372,"2023,2024,2025",3,False,False,False,False,False,False,False,True,True,True
0001650505,"2018,2019,2020",3,False,False,True,True,True,False,False,False,False,False
0001650648,"2021,2022,2023,2024",4,False,False,False,False,False,True,True,True,True,False
0001650664,"2024,2025",2,False,False,False,False,False,False,False,False,True,True
0001650729,"2024,2025",2,False,False,False,False,False,False,False,False,True,True
0001650739,"2021,2022,2023",3,False,False,False,False,False,True,True,True,False,False
0001650962,"2021,2022",2,False,False,False,False,False,True,True,False,False,False
0001651094,"2018,2019,2020,2021,2022",5,False,False,True,True,True,True,True,False,False,False
0001651308,"2023,2024,2025",3,False,False,False,False,False,False,False,True,True,True
0001651311,2025,1,False,False,False,False,False,False,False,False,False,True
0001651562,"2021,2022,2023,2024,2025",5,False,False,False,False,False,True,True,True,True,True
0001651790,2025,1,False,False,False,False,False,False,False,False,False,True
0001651944,2023,1,False,False,False,False,False,False,False,True,False,False
0001651992,2024,1,False,False,False,False,False,False,False,False,True,False
0001652044,"2017,2018,2019,2020,2021,2022,2023,2024,2025",9,False,True,True,True,True,True,True,True,True,True
0001652130,"2023,2024,2025",3,False,False,False,False,False,False,False,True,True,True
0001652535,"2024,2025",2,False,False,False,False,False,False,False,False,True,True
0001652561,"2019,2020,2021,2022",4,False,False,False,True,True,True,True,False,False,False
0001652842,"2017,2021",2,False,True,False,False,False,True,False,False,False,False
0001652935,2025,1,False,False,False,False,False,False,False,False,False,True
0001652958,2025,1,False,False,False,False,False,False,False,False,False,True
0001653323,2025,1,False,False,False,False,False,False,False,False,False,True
0001653477,"2024,2025",2,False,False,False,False,False,False,False,False,True,True
0001653482,"2023,2024,2025",3,False,False,False,False,False,False,False,True,True,True
0001653558,"2019,2020,2021",3,False,False,False,True,True,True,False,False,False,False
0001653653,"2024,2025",2,False,False,False,False,False,False,False,False,True,True
0001654151,"2023,2024",2,False,False,False,False,False,False,False,True,True,False
0001654330,2025,1,False,False,False,False,False,False,False,False,False,True
0001655050,"2022,2023",2,False,False,False,False,False,False,True,True,False,False
0001655153,2025,1,False,False,False,False,False,False,False,False,False,True
0001655210,"2023,2024,2025",3,False,False,False,False,False,False,False,True,True,True
0001655591,2025,1,False,False,False,False,False,False,False,False,False,True
0001655759,2025,1,False,False,False,False,False,False,False,False,False,True
0001655888,2025,1,False,False,False,False,False,False,False,False,False,True
0001656053,2018,1,False,False,True,False,False,False,False,False,False,False
0001656472,"2024,2025",2,False,False,False,False,False,False,False,False,True,True
0001656634,"2019,2020,2021,2022,2023,2024",6,False,False,False,True,True,True,True,True,True,False
0001656839,2023,1,False,False,False,False,False,False,False,True,False,False
0001657573,"2021,2022,2023,2024,2025",5,False,False,False,False,False,True,True,True,True,True
0001657788,"2024,2025",2,False,False,False,False,False,False,False,False,True,True
0001657853,2025,1,False,False,False,False,False,False,False,False,False,True
0001658247,"2024,2025",2,False,False,False,False,False,False,False,False,True,True
0001658551,"2023,2024,2025",3,False,False,False,False,False,False,False,True,True,True
0001659166,"2024,2025",2,False,False,False,False,False,False,False,False,True,True
0001659183,"2019,2020,2021,2022",4,False,False,False,True,True,True,True,False,False,False
0001659323,2025,1,False,False,False,False,False,False,False,False,False,True
0001659329,2023,1,False,False,False,False,False,False,False,True,False,False
0001659617,"2024,2025",2,False,False,False,False,False,False,False,False,True,True
0001659981,"2024,2025",2,False,False,False,False,False,False,False,False,True,True
0001660134,"2023,2024,2025",3,False,False,False,False,False,False,False,True,True,True
0001660280,"2019,2020,2021,2022,2024,2025",6,False,False,False,True,True,True,True,False,True,True
0001660334,"2024,2025",2,False,False,False,False,False,False,False,False,True,True
0001661039,"2019,2020,2021,2022,2023,2024",6,False,False,False,True,True,True,True,True,True,False
0001661059,"2020,2021",2,False,False,False,False,True,True,False,False,False,False
0001661136,2025,1,False,False,False,False,False,False,False,False,False,True
0001661181,2025,1,False,False,False,False,False,False,False,False,False,True
0001661306,"2024,2025",2,False,False,False,False,False,False,False,False,True,True
0001661460,2024,1,False,False,False,False,False,False,False,False,True,False
0001661589,2023,1,False,False,False,False,False,False,False,True,False,False
0001661600,"2021,2022,2023,2024,2025",5,False,False,False,False,False,True,True,True,True,True
0001661779,2024,1,False,False,False,False,False,False,False,False,True,False
0001661998,"2023,2024",2,False,False,False,False,False,False,False,True,True,False
0001662382,"2019,2020,2021,2022,2023",5,False,False,False,True,True,True,True,True,False,False
0001662684,"2018,2019,2020,2021,2022,2023,2024,2025",8,False,False,True,True,True,True,True,True,True,True
0001662774,"2023,2025",2,False,False,False,False,False,False,False,True,False,True
0001662972,2025,1,False,False,False,False,False,False,False,False,False,True
0001662991,"2021,2022,2023,2024,2025",5,False,False,False,False,False,True,True,True,True,True
0001663038,2025,1,False,False,False,False,False,False,False,False,False,True
0001663244,2025,1,False,False,False,False,False,False,False,False,False,True
0001663645,"2023,2025",2,False,False,False,False,False,False,False,True,False,True
0001664682,"2023,2025",2,False,False,False,False,False,False,False,True,False,True
0001664703,"2022,2023,2024,2025",4,False,False,False,False,False,False,True,True,True,True
0001664710,"2023,2024,2025",3,False,False,False,False,False,False,False,True,True,True
0001664998,"2021,2022",2,False,False,False,False,False,True,True,False,False,False
0001665081,2023,1,False,False,False,False,False,False,False,True,False,False
0001665300,"2024,2025",2,False,False,False,False,False,False,False,False,True,True
0001665598,2021,1,False,False,False,False,False,True,False,False,False,False
0001665918,2025,1,False,False,False,False,False,False,False,False,False,True
0001666071,"2018,2024,2025",3,False,False,True,False,False,False,False,False,True,True
0001666134,"2021,2022,2023,2024,2025",5,False,False,False,False,False,True,True,True,True,True
0001666138,"2021,2022,2023,2024,2025",5,False,False,False,False,False,True,True,True,True,True
0001666156,"2023,2024,2025",3,False,False,False,False,False,False,False,True,True,True
0001666244,2025,1,False,False,False,False,False,False,False,False,False,True
0001666267,2019,1,False,False,False,True,False,False,False,False,False,False
0001666291,"2024,2025",2,False,False,False,False,False,False,False,False,True,True
0001666700,"2024,2025",2,False,False,False,False,False,False,False,False,True,True
0001667011,"2021,2022,2023,2024,2025",5,False,False,False,False,False,True,True,True,True,True
0001667313,"2016,2017,2018,2019,2020,2021,2022,2023,2024,2025",10,True,True,True,True,True,True,True,True,True,True
0001668105,"2019,2020,2021",3,False,False,False,True,True,True,False,False,False,False
0001668243,"2023,2024,2025",3,False,False,False,False,False,False,False,True,True,True
0001668397,"2024,2025",2,False,False,False,False,False,False,False,False,True,True
0001668673,2024,1,False,False,False,False,False,False,False,False,True,False
0001669162,"2024,2025",2,False,False,False,False,False,False,False,False,True,True
0001669393,2025,1,False,False,False,False,False,False,False,False,False,True
0001669479,2018,1,False,False,True,False,False,False,False,False,False,False
0001669600,"2017,2018,2019",3,False,True,True,True,False,False,False,False,False,False
0001669779,"2024,2025",2,False,False,False,False,False,False,False,False,True,True
0001669811,"2018,2019,2020,2021,2022,2023,2024,2025",8,False,False,True,True,True,True,True,True,True,True
0001669990,2025,1,False,False,False,False,False,False,False,False,False,True
0001670076,2025,1,False,False,False,False,False,False,False,False,False,True
0001670349,"2021,2022",2,False,False,False,False,False,True,True,False,False,False
0001670541,"2024,2025",2,False,False,False,False,False,False,False,False,True,True
0001670592,2025,1,False,False,False,False,False,False,False,False,False,True
0001670601,2025,1,False,False,False,False,False,False,False,False,False,True
0001671284,"2024,2025",2,False,False,False,False,False,False,False,False,True,True
0001671520,"2024,2025",2,False,False,False,False,False,False,False,False,True,True
0001671858,"2024,2025",2,False,False,False,False,False,False,False,False,True,True
0001671927,"2024,2025",2,False,False,False,False,False,False,False,False,True,True
0001671933,"2020,2021,2022,2023,2024,2025",6,False,False,False,False,True,True,True,True,True,True
0001672013,2025,1,False,False,False,False,False,False,False,False,False,True
0001672255,"2017,2018",2,False,True,True,False,False,False,False,False,False,False
0001672572,"2024,2025",2,False,False,False,False,False,False,False,False,True,True
0001672609,2025,1,False,False,False,False,False,False,False,False,False,True
0001672619,"2024,2025",2,False,False,False,False,False,False,False,False,True,True
0001672688,"2021,2022,2023,2024,2025",5,False,False,False,False,False,True,True,True,True,True
0001673358,"2017,2018,2019,2020,2021,2022,2023,2024,2025",9,False,True,True,True,True,True,True,True,True,True
0001673481,2021,1,False,False,False,False,False,True,False,False,False,False
0001673542,2025,1,False,False,False,False,False,False,False,False,False,True
0001673772,"2023,2024,2025",3,False,False,False,False,False,False,False,True,True,True
0001673985,"2024,2025",2,False,False,False,False,False,False,False,False,True,True
0001674101,"2023,2024,2025",3,False,False,False,False,False,False,False,True,True,True
0001674168,2025,1,False,False,False,False,False,False,False,False,False,True
0001674227,"2019,2020,2021,2022,2023,2024,2025",7,False,False,False,True,True,True,True,True,True,True
0001674335,"2024,2025",2,False,False,False,False,False,False,False,False,True,True
0001674416,"2024,2025",2,False,False,False,False,False,False,False,False,True,True
0001674440,"2021,2022,2023,2024,2025",5,False,False,False,False,False,True,True,True,True,True
0001674632,2025,1,False,False,False,False,False,False,False,False,False,True
0001674862,"2024,2025",2,False,False,False,False,False,False,False,False,True,True
0001674910,"2023,2024,2025",3,False,False,False,False,False,False,False,True,True,True
0001674930,"2020,2021,2022,2024,2025",5,False,False,False,False,True,True,True,False,True,True
0001675149,2025,1,False,False,False,False,False,False,False,False,False,True
0001675442,"2018,2019",2,False,False,True,True,False,False,False,False,False,False
0001675634,"2017,2018,2019,2020,2021,2022,2023,2024",8,False,True,True,True,True,True,True,True,True,False
0001675644,2025,1,False,False,False,False,False,False,False,False,False,True
0001675820,"2017,2018,2019,2020",4,False,True,True,True,True,False,False,False,False,False
0001676163,"2022,2023,2024,2025",4,False,False,False,False,False,False,True,True,True,True
0001676238,"2021,2022,2023,2024,2025",5,False,False,False,False,False,True,True,True,True,True
0001676479,2024,1,False,False,False,False,False,False,False,False,True,False
0001676725,"2021,2022,2023,2025",4,False,False,False,False,False,True,True,True,False,True
0001677077,2025,1,False,False,False,False,False,False,False,False,False,True
0001677390,2025,1,False,False,False,False,False,False,False,False,False,True
0001677703,"2017,2018,2019,2021,2022,2023,2024,2025",8,False,True,True,True,False,True,True,True,True,True
0001678038,"2023,2024,2025",3,False,False,False,False,False,False,False,True,True,True
0001678105,2025,1,False,False,False,False,False,False,False,False,False,True
0001678660,"2024,2025",2,False,False,False,False,False,False,False,False,True,True
0001678740,2025,1,False,False,False,False,False,False,False,False,False,True
0001679049,"2024,2025",2,False,False,False,False,False,False,False,False,True,True
0001679268,"2022,2023,2024,2025",4,False,False,False,False,False,False,True,True,True,True
0001679273,"2023,2024,2025",3,False,False,False,False,False,False,False,True,True,True
0001679327,2025,1,False,False,False,False,False,False,False,False,False,True
0001679363,"2020,2021,2022,2023,2024",5,False,False,False,False,True,True,True,True,True,False
0001679379,"2023,2024",2,False,False,False,False,False,False,False,True,True,False
0001679420,2025,1,False,False,False,False,False,False,False,False,False,True
0001679688,"2020,2021,2022,2023,2024,2025",6,False,False,False,False,True,True,True,True,True,True
0001679788,"2022,2023,2024,2025",4,False,False,False,False,False,False,True,True,True,True
0001679826,"2020,2021,2022",3,False,False,False,False,True,True,True,False,False,False
0001680062,"2022,2023,2024,2025",4,False,False,False,False,False,False,True,True,True,True
0001680132,"2021,2022,2023",3,False,False,False,False,False,True,True,True,False,False
0001680139,"2021,2022,2023,2024,2025",5,False,False,False,False,False,True,True,True,True,True
0001680247,"2024,2025",2,False,False,False,False,False,False,False,False,True,True
0001680367,2025,1,False,False,False,False,False,False,False,False,False,True
0001680378,2025,1,False,False,False,False,False,False,False,False,False,True
0001680379,"2024,2025",2,False,False,False,False,False,False,False,False,True,True
0001680581,"2020,2021,2022,2023",4,False,False,False,False,True,True,True,True,False,False
0001680873,2023,1,False,False,False,False,False,False,False,True,False,False
0001681087,"2024,2025",2,False,False,False,False,False,False,False,False,True,True
0001681400,"2018,2020",2,False,False,True,False,True,False,False,False,False,False
0001681459,"2021,2023,2024,2025",4,False,False,False,False,False,True,False,True,True,True
0001681556,"2023,2024",2,False,False,False,False,False,False,False,True,True,False
0001681622,"2023,2024,2025",3,False,False,False,False,False,False,False,True,True,True
0001681682,"2023,2024,2025",3,False,False,False,False,False,False,False,True,True,True
0001681769,"2020,2021,2022,2023",4,False,False,False,False,True,True,True,True,False,False
0001681903,2024,1,False,False,False,False,False,False,False,False,True,False
0001682149,"2023,2025",2,False,False,False,False,False,False,False,True,False,True
0001682220,"2021,2022,2023,2024",4,False,False,False,False,False,True,True,True,True,False
0001682265,"2024,2025",2,False,False,False,False,False,False,False,False,True,True
0001682325,"2020,2021,2022",3,False,False,False,False,True,True,True,False,False,False
0001682745,2025,1,False,False,False,False,False,False,False,False,False,True
0001682852,"2019,2020,2021,2022,2023,2024,2025",7,False,False,False,True,True,True,True,True,True,True
0001683252,"2019,2021,2022,2023,2024",5,False,False,False,True,False,True,True,True,True,False
0001683300,"2024,2025",2,False,False,False,False,False,False,False,False,True,True
0001683489,2023,1,False,False,False,False,False,False,False,True,False,False
0001683553,"2024,2025",2,False,False,False,False,False,False,False,False,True,True
0001683606,"2018,2019,2020,2021,2022,2023,2024,2025",8,False,False,True,True,True,True,True,True,True,True
0001683695,"2023,2024,2025",3,False,False,False,False,False,False,False,True,True,True
0001684682,2025,1,False,False,False,False,False,False,False,False,False,True
0001685040,"2024,2025",2,False,False,False,False,False,False,False,False,True,True
0001685054,2025,1,False,False,False,False,False,False,False,False,False,True
0001686150,2023,1,False,False,False,False,False,False,False,True,False,False
0001686400,2022,1,False,False,False,False,False,False,True,False,False,False
0001687031,"2023,2025",2,False,False,False,False,False,False,False,True,False,True
0001687202,"2024,2025",2,False,False,False,False,False,False,False,False,True,True
0001687229,"2024,2025",2,False,False,False,False,False,False,False,False,True,True
0001687374,2023,1,False,False,False,False,False,False,False,True,False,False
0001687542,2025,1,False,False,False,False,False,False,False,False,False,True
0001688126,2025,1,False,False,False,False,False,False,False,False,False,True
0001688476,"2021,2022,2023",3,False,False,False,False,False,True,True,True,False,False
0001688568,"2018,2019,2020,2021,2022,2023,2024,2025",8,False,False,True,True,True,True,True,True,True,True
0001688667,2018,1,False,False,True,False,False,False,False,False,False,False
0001688757,2025,1,False,False,False,False,False,False,False,False,False,True
0001689084,"2021,2022,2023",3,False,False,False,False,False,True,True,True,False,False
0001689111,"2023,2024,2025",3,False,False,False,False,False,False,False,True,True,True
0001689375,"2024,2025",2,False,False,False,False,False,False,False,False,True,True
0001689417,2023,1,False,False,False,False,False,False,False,True,False,False
0001689548,2025,1,False,False,False,False,False,False,False,False,False,True
0001689657,2023,1,False,False,False,False,False,False,False,True,False,False
0001689796,"2019,2020,2021,2022,2023,2024",6,False,False,False,True,True,True,True,True,True,False
0001689923,"2019,2020,2021,2022,2023,2024",6,False,False,False,True,True,True,True,True,True,False
0001690012,"2024,2025",2,False,False,False,False,False,False,False,False,True,True
0001690080,2025,1,False,False,False,False,False,False,False,False,False,True
0001690255,2025,1,False,False,False,False,False,False,False,False,False,True
0001690334,"2024,2025",2,False,False,False,False,False,False,False,False,True,True
0001690384,"2018,2019,2020",3,False,False,True,True,True,False,False,False,False,False
0001690536,2025,1,False,False,False,False,False,False,False,False,False,True
0001690577,2025,1,False,False,False,False,False,False,False,False,False,True
0001690585,"2024,2025",2,False,False,False,False,False,False,False,False,True,True
0001690666,"2017,2018,2019,2020",4,False,True,True,True,True,False,False,False,False,False
0001690680,"2023,2024,2025",3,False,False,False,False,False,False,False,True,True,True
0001690820,"2018,2019,2020,2021,2022,2023,2024,2025",8,False,False,True,True,True,True,True,True,True,True
0001691077,"2021,2022",2,False,False,False,False,False,True,True,False,False,False
0001691198,2023,1,False,False,False,False,False,False,False,True,False,False
0001691303,2025,1,False,False,False,False,False,False,False,False,False,True
0001691421,"2021,2022,2023,2024,2025",5,False,False,False,False,False,True,True,True,True,True
0001691430,"2018,2020",2,False,False,True,False,True,False,False,False,False,False
0001692063,"2021,2022,2023,2024,2025",5,False,False,False,False,False,True,True,True,True,True
0001692427,2025,1,False,False,False,False,False,False,False,False,False,True
0001692819,"2024,2025",2,False,False,False,False,False,False,False,False,True,True
0001693256,"2019,2020,2021,2022,2023,2024,2025",7,False,False,False,True,True,True,True,True,True,True
0001693368,2025,1,False,False,False,False,False,False,False,False,False,True
0001693577,"2023,2024,2025",3,False,False,False,False,False,False,False,True,True,True
0001694187,"2019,2020",2,False,False,False,True,True,False,False,False,False,False
0001694426,2025,1,False,False,False,False,False,False,False,False,False,True
0001695154,"2024,2025",2,False,False,False,False,False,False,False,False,True,True
0001695473,"2023,2024,2025",3,False,False,False,False,False,False,False,True,True,True
0001696195,"2023,2024,2025",3,False,False,False,False,False,False,False,True,True,True
0001696411,2022,1,False,False,False,False,False,False,True,False,False,False
0001696707,2023,1,False,False,False,False,False,False,False,True,False,False
0001697412,"2021,2022",2,False,False,False,False,False,True,True,False,False,False
0001697500,"2020,2021,2024,2025",4,False,False,False,False,True,True,False,False,True,True
0001697532,"2024,2025",2,False,False,False,False,False,False,False,False,True,True
0001697851,"2018,2019,2020,2021,2022,2023,2024,2025",8,False,False,True,True,True,True,True,True,True,True
0001697935,"2021,2022,2023",3,False,False,False,False,False,True,True,True,False,False
0001698022,"2023,2024,2025",3,False,False,False,False,False,False,False,True,True,True
0001698113,"2021,2022,2023",3,False,False,False,False,False,True,True,True,False,False
0001698209,2019,1,False,False,False,True,False,False,False,False,False,False
0001698685,2023,1,False,False,False,False,False,False,False,True,False,False
0001699031,"2024,2025",2,False,False,False,False,False,False,False,False,True,True
0001699099,"2023,2024,2025",3,False,False,False,False,False,False,False,True,True,True
0001699136,"2024,2025",2,False,False,False,False,False,False,False,False,True,True
0001699150,"2024,2025",2,False,False,False,False,False,False,False,False,True,True
0001699462,2023,1,False,False,False,False,False,False,False,True,False,False
0001699683,2018,1,False,False,True,False,False,False,False,False,False,False
0001699838,"2022,2023,2024,2025",4,False,False,False,False,False,False,True,True,True,True
0001700849,"2023,2024",2,False,False,False,False,False,False,False,True,True,False
0001701108,2025,1,False,False,False,False,False,False,False,False,False,True
0001701478,"2023,2024,2025",3,False,False,False,False,False,False,False,True,True,True
0001701541,2020,1,False,False,False,False,True,False,False,False,False,False
0001701605,"2018,2020,2021,2022,2023,2024,2025",7,False,False,True,False,True,True,True,True,True,True
0001701638,"2024,2025",2,False,False,False,False,False,False,False,False,True,True
0001701732,"2019,2020,2021,2022,2023,2024,2025",7,False,False,False,True,True,True,True,True,True,True
0001701756,"2024,2025",2,False,False,False,False,False,False,False,False,True,True
0001701758,"2024,2025",2,False,False,False,False,False,False,False,False,True,True
0001701963,"2024,2025",2,False,False,False,False,False,False,False,False,True,True
0001702494,2025,1,False,False,False,False,False,False,False,False,False,True
0001702510,2022,1,False,False,False,False,False,False,True,False,False,False
0001702746,2025,1,False,False,False,False,False,False,False,False,False,True
0001702780,2025,1,False,False,False,False,False,False,False,False,False,True
0001702924,"2024,2025",2,False,False,False,False,False,False,False,False,True,True
0001703056,"2022,2023,2024,2025",4,False,False,False,False,False,False,True,True,True,True
0001703057,"2021,2022,2023,2024,2025",5,False,False,False,False,False,True,True,True,True,True
0001703647,"2024,2025",2,False,False,False,False,False,False,False,False,True,True
0001703956,2025,1,False,False,False,False,False,False,False,False,False,True
0001704292,"2021,2024,2025",3,False,False,False,False,False,True,False,False,True,True
0001704711,"2024,2025",2,False,False,False,False,False,False,False,False,True,True
0001704715,"2024,2025",2,False,False,False,False,False,False,False,False,True,True
0001704720,"2020,2021,2022,2023,2024,2025",6,False,False,False,False,True,True,True,True,True,True
0001705110,"2023,2024,2025",3,False,False,False,False,False,False,False,True,True,True
0001705163,2023,1,False,False,False,False,False,False,False,True,False,False
0001705338,"2021,2022,2023",3,False,False,False,False,False,True,True,True,False,False
0001705843,"2021,2022,2023,2024,2025",5,False,False,False,False,False,True,True,True,True,True
0001705873,"2024,2025",2,False,False,False,False,False,False,False,False,True,True
0001706303,2025,1,False,False,False,False,False,False,False,False,False,True
0001706403,2025,1,False,False,False,False,False,False,False,False,False,True
0001706431,"2020,2021,2022,2023,2024,2025",6,False,False,False,False,True,True,True,True,True,True
0001706509,"2020,2021,2022,2023,2024,2025",6,False,False,False,False,True,True,True,True,True,True
0001706524,2019,1,False,False,False,True,False,False,False,False,False,False
0001706946,"2018,2019,2024,2025",4,False,False,True,True,False,False,False,False,True,True
0001707258,"2019,2020",2,False,False,False,True,True,False,False,False,False,False
0001707753,"2019,2020,2021,2022,2023,2024,2025",7,False,False,False,True,True,True,True,True,True,True
0001707817,"2023,2025",2,False,False,False,False,False,False,False,True,False,True
0001708055,"2019,2020,2021,2022,2023,2024,2025",7,False,False,False,True,True,True,True,True,True,True
0001708331,2025,1,False,False,False,False,False,False,False,False,False,True
0001708341,"2021,2022,2023,2024,2025",5,False,False,False,False,False,True,True,True,True,True
0001708527,"2022,2023,2024,2025",4,False,False,False,False,False,False,True,True,True,True
0001708599,"2019,2020,2021,2022,2023",5,False,False,False,True,True,True,True,True,False,False
0001709442,"2023,2024,2025",3,False,False,False,False,False,False,False,True,True,True
0001709587,2019,1,False,False,False,True,False,False,False,False,False,False
0001709628,2025,1,False,False,False,False,False,False,False,False,False,True
0001709682,"2024,2025",2,False,False,False,False,False,False,False,False,True,True
0001709967,"2024,2025",2,False,False,False,False,False,False,False,False,True,True
0001710155,"2023,2024,2025",3,False,False,False,False,False,False,False,True,True,True
0001710261,2025,1,False,False,False,False,False,False,False,False,False,True
0001710340,"2021,2022,2023,2024,2025",5,False,False,False,False,False,True,True,True,True,True
0001710350,2025,1,False,False,False,False,False,False,False,False,False,True
0001710360,2025,1,False,False,False,False,False,False,False,False,False,True
0001710482,2025,1,False,False,False,False,False,False,False,False,False,True
0001710798,2025,1,False,False,False,False,False,False,False,False,False,True
0001711142,2025,1,False,False,False,False,False,False,False,False,False,True
0001711269,"2019,2025",2,False,False,False,True,False,False,False,False,False,True
0001711279,2025,1,False,False,False,False,False,False,False,False,False,True
0001711291,"2018,2019,2020,2021,2022",5,False,False,True,True,True,True,True,False,False,False
0001711786,"2023,2024,2025",3,False,False,False,False,False,False,False,True,True,True
0001711929,2025,1,False,False,False,False,False,False,False,False,False,True
0001711933,"2022,2023,2024,2025",4,False,False,False,False,False,False,True,True,True,True
0001712184,"2024,2025",2,False,False,False,False,False,False,False,False,True,True
0001712463,"2022,2023,2024,2025",4,False,False,False,False,False,False,True,True,True,True
0001712762,"2023,2024,2025",3,False,False,False,False,False,False,False,True,True,True
0001713226,2025,1,False,False,False,False,False,False,False,False,False,True
0001713445,"2024,2025",2,False,False,False,False,False,False,False,False,True,True
0001713683,"2018,2020,2021,2022,2023,2024,2025",7,False,False,True,False,True,True,True,True,True,True
0001713832,2022,1,False,False,False,False,False,False,True,False,False,False
0001713952,"2020,2021,2022,2023",4,False,False,False,False,True,True,True,True,False,False
0001714174,2025,1,False,False,False,False,False,False,False,False,False,True
0001714679,2025,1,False,False,False,False,False,False,False,False,False,True
0001714899,2025,1,False,False,False,False,False,False,False,False,False,True
0001715768,"2022,2023",2,False,False,False,False,False,False,True,True,False,False
0001715824,2025,1,False,False,False,False,False,False,False,False,False,True
0001715846,2025,1,False,False,False,False,False,False,False,False,False,True
0001716166,"2024,2025",2,False,False,False,False,False,False,False,False,True,True
0001716186,"2024,2025",2,False,False,False,False,False,False,False,False,True,True
0001716187,"2023,2025",2,False,False,False,False,False,False,False,True,False,True
0001716558,2025,1,False,False,False,False,False,False,False,False,False,True
0001716583,2021,1,False,False,False,False,False,True,False,False,False,False
0001716602,2025,1,False,False,False,False,False,False,False,False,False,True
0001716621,2025,1,False,False,False,False,False,False,False,False,False,True
0001717115,"2024,2025",2,False,False,False,False,False,False,False,False,True,True
0001717307,2025,1,False,False,False,False,False,False,False,False,False,True
0001717310,"2019,2020,2024,2025",4,False,False,False,True,True,False,False,False,True,True
0001717547,2024,1,False,False,False,False,False,False,False,False,True,False
0001717556,"2022,2023",2,False,False,False,False,False,False,True,True,False,False
0001718108,2021,1,False,False,False,False,False,True,False,False,False,False
0001718304,2025,1,False,False,False,False,False,False,False,False,False,True
0001718512,2025,1,False,False,False,False,False,False,False,False,False,True
0001718852,"2021,2022,2023",3,False,False,False,False,False,True,True,True,False,False
0001718939,"2022,2023,2024,2025",4,False,False,False,False,False,False,True,True,True,True
0001719195,2025,1,False,False,False,False,False,False,False,False,False,True
0001719199,2025,1,False,False,False,False,False,False,False,False,False,True
0001719395,"2021,2022,2023",3,False,False,False,False,False,True,True,True,False,False
0001719406,"2024,2025",2,False,False,False,False,False,False,False,False,True,True
0001719489,"2018,2019,2020,2021,2022,2023",6,False,False,True,True,True,True,True,True,False,False
0001719714,"2024,2025",2,False,False,False,False,False,False,False,False,True,True
0001720116,"2019,2020,2021,2022,2023,2024,2025",7,False,False,False,True,True,True,True,True,True,True
0001720286,"2021,2022,2023,2024,2025",5,False,False,False,False,False,True,True,True,True,True
0001720420,"2023,2024,2025",3,False,False,False,False,False,False,False,True,True,True
0001720474,2025,1,False,False,False,False,False,False,False,False,False,True
0001720580,"2024,2025",2,False,False,False,False,False,False,False,False,True,True
0001720635,"2024,2025",2,False,False,False,False,False,False,False,False,True,True
0001720671,"2023,2024",2,False,False,False,False,False,False,False,True,True,False
0001720748,2025,1,False,False,False,False,False,False,False,False,False,True
0001720893,"2019,2020,2021,2022,2023,2024,2025",7,False,False,False,True,True,True,True,True,True,True
0001720990,"2021,2022,2023,2024",4,False,False,False,False,False,True,True,True,True,False
0001721386,"2019,2020",2,False,False,False,True,True,False,False,False,False,False
0001721484,2024,1,False,False,False,False,False,False,False,False,True,False
0001721741,2024,1,False,False,False,False,False,False,False,False,True,False
0001721781,2025,1,False,False,False,False,False,False,False,False,False,True
0001721905,2025,1,False,False,False,False,False,False,False,False,False,True
0001721947,"2022,2023,2024,2025",4,False,False,False,False,False,False,True,True,True,True
0001722010,"2024,2025",2,False,False,False,False,False,False,False,False,True,True
0001722194,2025,1,False,False,False,False,False,False,False,False,False,True
0001722438,"2021,2022,2023,2024",4,False,False,False,False,False,True,True,True,True,False
0001722482,"2024,2025",2,False,False,False,False,False,False,False,False,True,True
0001722684,"2024,2025",2,False,False,False,False,False,False,False,False,True,True
0001722964,"2022,2023,2024,2025",4,False,False,False,False,False,False,True,True,True,True
0001722969,"2022,2024",2,False,False,False,False,False,False,True,False,True,False
0001723128,"2020,2021,2022,2024,2025",5,False,False,False,False,True,True,True,False,True,True
0001723580,"2021,2022,2023",3,False,False,False,False,False,True,True,True,False,False
0001723648,"2021,2022,2023",3,False,False,False,False,False,True,True,True,False,False
0001723788,2025,1,False,False,False,False,False,False,False,False,False,True
0001724177,2025,1,False,False,False,False,False,False,False,False,False,True
0001724521,"2024,2025",2,False,False,False,False,False,False,False,False,True,True
0001724670,"2018,2020",2,False,False,True,False,True,False,False,False,False,False
0001724965,2025,1,False,False,False,False,False,False,False,False,False,True
0001724979,"2021,2022",2,False,False,False,False,False,True,True,False,False,False
0001725057,"2023,2024,2025",3,False,False,False,False,False,False,False,True,True,True
0001725134,"2020,2024",2,False,False,False,False,True,False,False,False,True,False
0001725160,"2021,2022,2024,2025",4,False,False,False,False,False,True,True,False,True,True
0001725255,2025,1,False,False,False,False,False,False,False,False,False,True
0001725430,"2021,2022,2023",3,False,False,False,False,False,True,True,True,False,False
0001725579,"2019,2020,2021",3,False,False,False,True,True,True,False,False,False,False
0001725872,2024,1,False,False,False,False,False,False,False,False,True,False
0001726079,2025,1,False,False,False,False,False,False,False,False,False,True
0001726445,"2021,2022,2023,2024",4,False,False,False,False,False,True,True,True,True,False
0001726711,"2024,2025",2,False,False,False,False,False,False,False,False,True,True
0001726978,"2019,2020,2022,2023,2024,2025",6,False,False,False,True,True,False,True,True,True,True
0001727196,"2024,2025",2,False,False,False,False,False,False,False,False,True,True
0001727255,2025,1,False,False,False,False,False,False,False,False,False,True
0001727263,"2020,2021,2022,2023,2024,2025",6,False,False,False,False,True,True,True,True,True,True
0001728205,"2023,2024,2025",3,False,False,False,False,False,False,False,True,True,True
0001728328,"2024,2025",2,False,False,False,False,False,False,False,False,True,True
0001728339,2025,1,False,False,False,False,False,False,False,False,False,True
0001728688,"2024,2025",2,False,False,False,False,False,False,False,False,True,True
0001729149,2025,1,False,False,False,False,False,False,False,False,False,True
0001729750,"2021,2022,2023",3,False,False,False,False,False,True,True,True,False,False
0001729756,2020,1,False,False,False,False,True,False,False,False,False,False
0001729997,2025,1,False,False,False,False,False,False,False,False,False,True
0001730168,"2020,2021,2022,2023,2024,2025",6,False,False,False,False,True,True,True,True,True,True
0001730430,"2024,2025",2,False,False,False,False,False,False,False,False,True,True
0001730463,"2024,2025",2,False,False,False,False,False,False,False,False,True,True
0001730869,"2021,2022,2023,2024",4,False,False,False,False,False,True,True,True,True,False
0001730984,2025,1,False,False,False,False,False,False,False,False,False,True
0001731044,2025,1,False,False,False,False,False,False,False,False,False,True
0001731056,2025,1,False,False,False,False,False,False,False,False,False,True
0001731289,"2019,2020",2,False,False,False,True,True,False,False,False,False,False
0001731348,2025,1,False,False,False,False,False,False,False,False,False,True
0001732406,2025,1,False,False,False,False,False,False,False,False,False,True
0001732409,2025,1,False,False,False,False,False,False,False,False,False,True
0001732845,2023,1,False,False,False,False,False,False,False,True,False,False
0001732963,2025,1,False,False,False,False,False,False,False,False,False,True
0001733186,"2019,2020,2021,2022",4,False,False,False,True,True,True,True,False,False,False
0001733257,"2021,2022",2,False,False,False,False,False,True,True,False,False,False
0001733443,"2024,2025",2,False,False,False,False,False,False,False,False,True,True
0001733998,2024,1,False,False,False,False,False,False,False,False,True,False
0001734103,2025,1,False,False,False,False,False,False,False,False,False,True
0001734342,"2022,2025",2,False,False,False,False,False,False,True,False,False,True
0001734713,2025,1,False,False,False,False,False,False,False,False,False,True
0001734722,"2021,2022,2023,2024,2025",5,False,False,False,False,False,True,True,True,True,True
0001734750,"2022,2023,2024,2025",4,False,False,False,False,False,False,True,True,True,True
0001735438,2025,1,False,False,False,False,False,False,False,False,False,True
0001735646,2025,1,False,False,False,False,False,False,False,False,False,True
0001735707,"2022,2024,2025",3,False,False,False,False,False,False,True,False,True,True
0001736035,"2022,2023,2024,2025",4,False,False,False,False,False,False,True,True,True,True
0001736243,2025,1,False,False,False,False,False,False,False,False,False,True
0001736297,"2024,2025",2,False,False,False,False,False,False,False,False,True,True
0001736730,2025,1,False,False,False,False,False,False,False,False,False,True
0001736862,2025,1,False,False,False,False,False,False,False,False,False,True
0001736946,"2019,2020,2021,2022,2023,2024,2025",7,False,False,False,True,True,True,True,True,True,True
0001737193,"2024,2025",2,False,False,False,False,False,False,False,False,True,True
0001737287,"2023,2024,2025",3,False,False,False,False,False,False,False,True,True,True
0001737372,"2022,2023",2,False,False,False,False,False,False,True,True,False,False
0001737523,"2023,2024,2025",3,False,False,False,False,False,False,False,True,True,True
0001737706,2025,1,False,False,False,False,False,False,False,False,False,True
0001737927,"2023,2024,2025",3,False,False,False,False,False,False,False,True,True,True
0001737953,2025,1,False,False,False,False,False,False,False,False,False,True
0001738021,2025,1,False,False,False,False,False,False,False,False,False,True
0001738177,2024,1,False,False,False,False,False,False,False,False,True,False
0001738827,"2020,2021,2024,2025",4,False,False,False,False,True,True,False,False,True,True
0001739104,"2023,2024,2025",3,False,False,False,False,False,False,False,True,True,True
0001739410,"2022,2023,2024,2025",4,False,False,False,False,False,False,True,True,True,True
0001739445,2025,1,False,False,False,False,False,False,False,False,False,True
0001739566,2025,1,False,False,False,False,False,False,False,False,False,True
0001739936,"2019,2020,2021,2022,2023",5,False,False,False,True,True,True,True,True,False,False
0001739940,"2019,2021,2022,2023,2024,2025",6,False,False,False,True,False,True,True,True,True,True
0001739942,"2020,2021,2022,2023,2024,2025",6,False,False,False,False,True,True,True,True,True,True
0001740040,2025,1,False,False,False,False,False,False,False,False,False,True
0001740279,"2024,2025",2,False,False,False,False,False,False,False,False,True,True
0001740332,"2020,2021,2023,2024,2025",5,False,False,False,False,True,True,False,True,True,True
0001740450,2025,1,False,False,False,False,False,False,False,False,False,True
0001740742,2024,1,False,False,False,False,False,False,False,False,True,False
0001740797,"2020,2021,2022,2023,2024,2025",6,False,False,False,False,True,True,True,True,True,True
0001740849,2025,1,False,False,False,False,False,False,False,False,False,True
0001741489,"2020,2021,2022,2023,2024,2025",6,False,False,False,False,True,True,True,True,True,True
0001741830,"2023,2024,2025",3,False,False,False,False,False,False,False,True,True,True
0001742313,2025,1,False,False,False,False,False,False,False,False,False,True
0001742383,2025,1,False,False,False,False,False,False,False,False,False,True
0001743415,"2023,2024,2025",3,False,False,False,False,False,False,False,True,True,True
0001743725,"2019,2020,2021,2022,2023,2024,2025",7,False,False,False,True,True,True,True,True,True,True
0001743745,2025,1,False,False,False,False,False,False,False,False,False,True
0001743759,"2024,2025",2,False,False,False,False,False,False,False,False,True,True
0001743881,"2024,2025",2,False,False,False,False,False,False,False,False,True,True
0001744179,"2018,2020,2021,2022",4,False,False,True,False,True,True,True,False,False,False
0001744489,"2023,2024,2025",3,False,False,False,False,False,False,False,True,True,True
0001744494,"2023,2024,2025",3,False,False,False,False,False,False,False,True,True,True
0001744659,"2024,2025",2,False,False,False,False,False,False,False,False,True,True
0001745032,"2022,2025",2,False,False,False,False,False,False,True,False,False,True
0001745078,"2022,2023,2024,2025",4,False,False,False,False,False,False,True,True,True,True
0001745317,"2021,2022",2,False,False,False,False,False,True,True,False,False,False
0001745529,2025,1,False,False,False,False,False,False,False,False,False,True
0001745916,2025,1,False,False,False,False,False,False,False,False,False,True
0001745999,2025,1,False,False,False,False,False,False,False,False,False,True
0001746109,"2024,2025",2,False,False,False,False,False,False,False,False,True,True
0001746278,"2022,2023,2024",3,False,False,False,False,False,False,True,True,True,False
0001746406,2025,1,False,False,False,False,False,False,False,False,False,True
0001746466,"2024,2025",2,False,False,False,False,False,False,False,False,True,True
0001746618,"2023,2024,2025",3,False,False,False,False,False,False,False,True,True,True
0001747009,2024,1,False,False,False,False,False,False,False,False,True,False
0001747068,"2024,2025",2,False,False,False,False,False,False,False,False,True,True
0001747079,"2022,2023,2025",3,False,False,False,False,False,False,True,True,False,True
0001747748,"2021,2022,2023",3,False,False,False,False,False,True,True,True,False,False
0001747777,2025,1,False,False,False,False,False,False,False,False,False,True
0001748137,"2024,2025",2,False,False,False,False,False,False,False,False,True,True
0001748790,"2024,2025",2,False,False,False,False,False,False,False,False,True,True
0001748824,"2024,2025",2,False,False,False,False,False,False,False,False,True,True
0001748945,2025,1,False,False,False,False,False,False,False,False,False,True
0001749723,"2024,2025",2,False,False,False,False,False,False,False,False,True,True
0001750106,"2021,2022,2023,2024,2025",5,False,False,False,False,False,True,True,True,True,True
0001750149,"2023,2025",2,False,False,False,False,False,False,False,True,False,True
0001750153,"2021,2022,2023,2024",4,False,False,False,False,False,True,True,True,True,False
0001750284,"2021,2022,2023,2024,2025",5,False,False,False,False,False,True,True,True,True,True
0001750735,"2024,2025",2,False,False,False,False,False,False,False,False,True,True
0001751008,"2022,2023,2024,2025",4,False,False,False,False,False,False,True,True,True,True
0001751707,2023,1,False,False,False,False,False,False,False,True,False,False
0001751743,2025,1,False,False,False,False,False,False,False,False,False,True
0001751788,"2021,2023,2024,2025",4,False,False,False,False,False,True,False,True,True,True
0001751874,2025,1,False,False,False,False,False,False,False,False,False,True
0001752363,2025,1,False,False,False,False,False,False,False,False,False,True
0001752474,"2020,2021,2022,2023,2024",5,False,False,False,False,True,True,True,True,True,False
0001753373,"2023,2025",2,False,False,False,False,False,False,False,True,False,True
0001753539,"2021,2022,2023,2024,2025",5,False,False,False,False,False,True,True,True,True,True
0001753648,"2019,2020",2,False,False,False,True,True,False,False,False,False,False
0001753945,2023,1,False,False,False,False,False,False,False,True,False,False
0001754068,"2024,2025",2,False,False,False,False,False,False,False,False,True,True
0001754226,"2024,2025",2,False,False,False,False,False,False,False,False,True,True
0001754301,"2023,2024,2025",3,False,False,False,False,False,False,False,True,True,True
0001754820,"2021,2022,2023,2024",4,False,False,False,False,False,True,True,True,True,False
0001754913,2025,1,False,False,False,False,False,False,False,False,False,True
0001755237,"2022,2023,2024,2025",4,False,False,False,False,False,False,True,True,True,True
0001755347,2025,1,False,False,False,False,False,False,False,False,False,True
0001755672,"2024,2025",2,False,False,False,False,False,False,False,False,True,True
0001755755,"2024,2025",2,False,False,False,False,False,False,False,False,True,True
0001755953,"2024,2025",2,False,False,False,False,False,False,False,False,True,True
0001756390,2025,1,False,False,False,False,False,False,False,False,False,True
0001756497,"2020,2021,2022",3,False,False,False,False,True,True,True,False,False,False
0001756655,2025,1,False,False,False,False,False,False,False,False,False,True
0001756761,2025,1,False,False,False,False,False,False,False,False,False,True
0001757018,2025,1,False,False,False,False,False,False,False,False,False,True
0001757073,"2024,2025",2,False,False,False,False,False,False,False,False,True,True
0001757715,"2020,2021,2022,2023",4,False,False,False,False,True,True,True,True,False,False
0001757898,"2024,2025",2,False,False,False,False,False,False,False,False,True,True
0001757925,2025,1,False,False,False,False,False,False,False,False,False,True
0001757932,"2021,2022",2,False,False,False,False,False,True,True,False,False,False
0001758009,"2019,2020,2021,2022,2023,2024,2025",7,False,False,False,True,True,True,True,True,True,True
0001758021,2025,1,False,False,False,False,False,False,False,False,False,True
0001758057,"2021,2022,2023,2024,2025",5,False,False,False,False,False,True,True,True,True,True
0001758292,2025,1,False,False,False,False,False,False,False,False,False,True
0001758488,"2024,2025",2,False,False,False,False,False,False,False,False,True,True
0001758699,"2022,2023,2024,2025",4,False,False,False,False,False,False,True,True,True,True
0001758730,"2020,2021,2022,2023,2024,2025",6,False,False,False,False,True,True,True,True,True,True
0001758766,"2021,2022,2023,2024,2025",5,False,False,False,False,False,True,True,True,True,True
0001758882,2025,1,False,False,False,False,False,False,False,False,False,True
0001758901,"2024,2025",2,False,False,False,False,False,False,False,False,True,True
0001759008,2021,1,False,False,False,False,False,True,False,False,False,False
0001759186,2025,1,False,False,False,False,False,False,False,False,False,True
0001759425,"2023,2024,2025",3,False,False,False,False,False,False,False,True,True,True
0001759509,"2020,2021,2022,2023,2024,2025",6,False,False,False,False,True,True,True,True,True,True
0001759546,2021,1,False,False,False,False,False,True,False,False,False,False
0001759631,2025,1,False,False,False,False,False,False,False,False,False,True
0001759655,"2022,2023,2024,2025",4,False,False,False,False,False,False,True,True,True,True
0001759774,2025,1,False,False,False,False,False,False,False,False,False,True
0001759824,"2024,2025",2,False,False,False,False,False,False,False,False,True,True
0001760173,"2020,2021,2022,2023",4,False,False,False,False,True,True,True,True,False,False
0001760233,"2024,2025",2,False,False,False,False,False,False,False,False,True,True
0001760337,2025,1,False,False,False,False,False,False,False,False,False,True
0001760542,"2024,2025",2,False,False,False,False,False,False,False,False,True,True
0001760683,2020,1,False,False,False,False,True,False,False,False,False,False
0001760689,2025,1,False,False,False,False,False,False,False,False,False,True
0001760903,"2021,2022",2,False,False,False,False,False,True,True,False,False,False
0001760965,2025,1,False,False,False,False,False,False,False,False,False,True
0001761312,"2024,2025",2,False,False,False,False,False,False,False,False,True,True
0001761325,2025,1,False,False,False,False,False,False,False,False,False,True
0001761612,"2023,2024,2025",3,False,False,False,False,False,False,False,True,True,True
0001761696,"2020,2021,2023,2024,2025",5,False,False,False,False,True,True,False,True,True,True
0001761918,"2024,2025",2,False,False,False,False,False,False,False,False,True,True
0001762322,"2021,2022,2023",3,False,False,False,False,False,True,True,True,False,False
0001763329,"2024,2025",2,False,False,False,False,False,False,False,False,True,True
0001763333,2025,1,False,False,False,False,False,False,False,False,False,True
0001763415,2025,1,False,False,False,False,False,False,False,False,False,True
0001763501,"2024,2025",2,False,False,False,False,False,False,False,False,True,True
0001763502,"2023,2024,2025",3,False,False,False,False,False,False,False,True,True,True
0001763660,"2020,2021,2022,2023,2024,2025",6,False,False,False,False,True,True,True,True,True,True
0001763925,"2020,2023",2,False,False,False,False,True,False,False,True,False,False
0001763950,"2021,2022,2023,2024,2025",5,False,False,False,False,False,True,True,True,True,True
0001764013,"2024,2025",2,False,False,False,False,False,False,False,False,True,True
0001764046,"2020,2021,2022,2023,2024,2025",6,False,False,False,False,True,True,True,True,True,True
0001764925,"2020,2021",2,False,False,False,False,True,True,False,False,False,False
0001766037,"2024,2025",2,False,False,False,False,False,False,False,False,True,True
0001766352,"2020,2021,2022",3,False,False,False,False,True,True,True,False,False,False
0001766363,"2024,2025",2,False,False,False,False,False,False,False,False,True,True
0001766367,2025,1,False,False,False,False,False,False,False,False,False,True
0001766478,2025,1,False,False,False,False,False,False,False,False,False,True
0001766502,"2024,2025",2,False,False,False,False,False,False,False,False,True,True
0001766660,2025,1,False,False,False,False,False,False,False,False,False,True
0001767042,2025,1,False,False,False,False,False,False,False,False,False,True
0001767837,2025,1,False,False,False,False,False,False,False,False,False,True
0001768224,"2024,2025",2,False,False,False,False,False,False,False,False,True,True
0001768267,"2019,2020,2021,2022,2023,2024,2025",7,False,False,False,True,True,True,True,True,True,True
0001768446,"2022,2023,2024,2025",4,False,False,False,False,False,False,True,True,True,True
0001769318,2020,1,False,False,False,False,True,False,False,False,False,False
0001769617,"2024,2025",2,False,False,False,False,False,False,False,False,True,True
0001769624,2024,1,False,False,False,False,False,False,False,False,True,False
0001769759,"2024,2025",2,False,False,False,False,False,False,False,False,True,True
0001769804,"2021,2022,2023,2024",4,False,False,False,False,False,True,True,True,True,False
0001770121,"2023,2024,2025",3,False,False,False,False,False,False,False,True,True,True
0001770141,"2020,2021,2022,2023,2024",5,False,False,False,False,True,True,True,True,True,False
0001770450,"2020,2021,2022,2023,2024,2025",6,False,False,False,False,True,True,True,True,True,True
0001770787,2025,1,False,False,False,False,False,False,False,False,False,True
0001771200,2025,1,False,False,False,False,False,False,False,False,False,True
0001771501,2025,1,False,False,False,False,False,False,False,False,False,True
0001771917,2024,1,False,False,False,False,False,False,False,False,True,False
0001771995,"2024,2025",2,False,False,False,False,False,False,False,False,True,True
0001772028,2021,1,False,False,False,False,False,True,False,False,False,False
0001772177,"2024,2025",2,False,False,False,False,False,False,False,False,True,True
0001772527,2025,1,False,False,False,False,False,False,False,False,False,True
0001772695,"2024,2025",2,False,False,False,False,False,False,False,False,True,True
0001772720,2025,1,False,False,False,False,False,False,False,False,False,True
0001772757,"2021,2022",2,False,False,False,False,False,True,True,False,False,False
0001772921,"2023,2024,2025",3,False,False,False,False,False,False,False,True,True,True
0001773339,2025,1,False,False,False,False,False,False,False,False,False,True
0001773383,"2020,2021,2022,2023,2024,2025",6,False,False,False,False,True,True,True,True,True,True
0001773427,2025,1,False,False,False,False,False,False,False,False,False,True
0001773751,"2020,2023,2024,2025",4,False,False,False,False,True,False,False,True,True,True
0001774155,"2021,2022",2,False,False,False,False,False,True,True,False,False,False
0001774170,"2020,2021,2022,2023,2024,2025",6,False,False,False,False,True,True,True,True,True,True
0001774675,"2021,2022,2023,2024,2025",5,False,False,False,False,False,True,True,True,True,True
0001774801,"2024,2025",2,False,False,False,False,False,False,False,False,True,True
0001774857,2025,1,False,False,False,False,False,False,False,False,False,True
0001775194,"2021,2022,2023,2025",4,False,False,False,False,False,True,True,True,False,True
0001775625,"2020,2021,2022,2023",4,False,False,False,False,True,True,True,True,False,False
0001775734,"2023,2024,2025",3,False,False,False,False,False,False,False,True,True,True
0001775756,"2024,2025",2,False,False,False,False,False,False,False,False,True,True
0001776086,2025,1,False,False,False,False,False,False,False,False,False,True
0001776111,"2024,2025",2,False,False,False,False,False,False,False,False,True,True
0001776197,"2022,2023",2,False,False,False,False,False,False,True,True,False,False
0001776661,2025,1,False,False,False,False,False,False,False,False,False,True
0001776721,2023,1,False,False,False,False,False,False,False,True,False,False
0001776903,2020,1,False,False,False,False,True,False,False,False,False,False
0001776909,"2020,2024,2025",3,False,False,False,False,True,False,False,False,True,True
0001776932,2022,1,False,False,False,False,False,False,True,False,False,False
0001777319,"2024,2025",2,False,False,False,False,False,False,False,False,True,True
0001777835,2021,1,False,False,False,False,False,True,False,False,False,False
0001777921,"2020,2021,2022,2024,2025",5,False,False,False,False,True,True,True,False,True,True
0001777946,"2021,2022,2023,2024",4,False,False,False,False,False,True,True,True,True,False
0001778129,2025,1,False,False,False,False,False,False,False,False,False,True
0001778232,2025,1,False,False,False,False,False,False,False,False,False,True
0001779020,"2021,2022,2023,2024",4,False,False,False,False,False,True,True,True,True,False
0001779128,2025,1,False,False,False,False,False,False,False,False,False,True
0001779372,"2022,2023,2024,2025",4,False,False,False,False,False,False,True,True,True,True
0001779474,"2024,2025",2,False,False,False,False,False,False,False,False,True,True
0001780131,2025,1,False,False,False,False,False,False,False,False,False,True
0001780201,"2023,2024,2025",3,False,False,False,False,False,False,False,True,True,True
0001780678,2025,1,False,False,False,False,False,False,False,False,False,True
0001780859,"2023,2025",2,False,False,False,False,False,False,False,True,False,True
0001781089,2025,1,False,False,False,False,False,False,False,False,False,True
0001781174,"2023,2024,2025",3,False,False,False,False,False,False,False,True,True,True
0001781335,"2024,2025",2,False,False,False,False,False,False,False,False,True,True
0001781405,"2021,2022,2023",3,False,False,False,False,False,True,True,True,False,False
0001781730,2025,1,False,False,False,False,False,False,False,False,False,True
0001781755,"2022,2023,2024,2025",4,False,False,False,False,False,False,True,True,True,True
0001781983,"2022,2023,2024,2025",4,False,False,False,False,False,False,True,True,True,True
0001782107,"2023,2024,2025",3,False,False,False,False,False,False,False,True,True,True
0001782170,"2021,2022,2023,2024,2025",5,False,False,False,False,False,True,True,True,True,True
0001782524,2025,1,False,False,False,False,False,False,False,False,False,True
0001782754,"2023,2024",2,False,False,False,False,False,False,False,True,True,False
0001783180,"2021,2022,2023,2024",4,False,False,False,False,False,True,True,True,True,False
0001783183,"2023,2024,2025",3,False,False,False,False,False,False,False,True,True,True
0001783317,"2021,2022",2,False,False,False,False,False,True,True,False,False,False
0001783398,"2024,2025",2,False,False,False,False,False,False,False,False,True,True
0001783875,2021,1,False,False,False,False,False,True,False,False,False,False
0001783879,"2021,2022,2023,2024,2025",5,False,False,False,False,False,True,True,True,True,True
0001784254,2025,1,False,False,False,False,False,False,False,False,False,True
0001784535,2025,1,False,False,False,False,False,False,False,False,False,True
0001784851,"2023,2024",2,False,False,False,False,False,False,False,True,True,False
0001784970,"2020,2021,2022,2023,2024,2025",6,False,False,False,False,True,True,True,True,True,True
0001785056,"2024,2025",2,False,False,False,False,False,False,False,False,True,True
0001785173,2025,1,False,False,False,False,False,False,False,False,False,True
0001785279,"2024,2025",2,False,False,False,False,False,False,False,False,True,True
0001785345,"2021,2022,2023,2024",4,False,False,False,False,False,True,True,True,True,False
0001785424,"2021,2022,2023,2024,2025",5,False,False,False,False,False,True,True,True,True,True
0001785592,"2024,2025",2,False,False,False,False,False,False,False,False,True,True
0001785881,2025,1,False,False,False,False,False,False,False,False,False,True
0001786008,"2023,2024,2025",3,False,False,False,False,False,False,False,True,True,True
0001786108,"2021,2024,2025",3,False,False,False,False,False,True,False,False,True,True
0001786205,"2022,2023,2024,2025",4,False,False,False,False,False,False,True,True,True,True
0001786248,"2024,2025",2,False,False,False,False,False,False,False,False,True,True
0001786352,"2020,2021,2022,2023,2024,2025",6,False,False,False,False,True,True,True,True,True,True
0001786835,2025,1,False,False,False,False,False,False,False,False,False,True
0001787000,2025,1,False,False,False,False,False,False,False,False,False,True
0001787001,2025,1,False,False,False,False,False,False,False,False,False,True
0001787306,2025,1,False,False,False,False,False,False,False,False,False,True
0001787640,2022,1,False,False,False,False,False,False,True,False,False,False
0001787740,"2023,2024",2,False,False,False,False,False,False,False,True,True,False
0001788028,2025,1,False,False,False,False,False,False,False,False,False,True
0001788230,2025,1,False,False,False,False,False,False,False,False,False,True
0001788841,"2022,2024",2,False,False,False,False,False,False,True,False,True,False
0001788882,"2021,2022,2023,2024,2025",5,False,False,False,False,False,True,True,True,True,True
0001788999,"2023,2024,2025",3,False,False,False,False,False,False,False,True,True,True
0001789029,"2022,2025",2,False,False,False,False,False,False,True,False,False,True
0001789192,"2021,2024,2025",3,False,False,False,False,False,True,False,False,True,True
0001789769,2025,1,False,False,False,False,False,False,False,False,False,True
0001789832,"2024,2025",2,False,False,False,False,False,False,False,False,True,True
0001789940,"2021,2022,2023,2024,2025",5,False,False,False,False,False,True,True,True,True,True
0001789954,2025,1,False,False,False,False,False,False,False,False,False,True
0001790013,"2024,2025",2,False,False,False,False,False,False,False,False,True,True
0001790121,2022,1,False,False,False,False,False,False,True,False,False,False
0001790169,2024,1,False,False,False,False,False,False,False,False,True,False
0001790340,"2022,2023,2024,2025",4,False,False,False,False,False,False,True,True,True,True
0001790441,2025,1,False,False,False,False,False,False,False,False,False,True
0001790625,"2022,2023",2,False,False,False,False,False,False,True,True,False,False
0001791091,"2021,2022",2,False,False,False,False,False,True,True,False,False,False
0001791295,2025,1,False,False,False,False,False,False,False,False,False,True
0001792044,"2024,2025",2,False,False,False,False,False,False,False,False,True,True
0001792158,"2024,2025",2,False,False,False,False,False,False,False,False,True,True
0001792414,2025,1,False,False,False,False,False,False,False,False,False,True
0001792509,"2021,2022,2024,2025",4,False,False,False,False,False,True,True,False,True,True
0001792581,"2021,2022,2023,2024,2025",5,False,False,False,False,False,True,True,True,True,True
0001792789,"2021,2023,2024,2025",4,False,False,False,False,False,True,False,True,True,True
0001792905,"2023,2024,2025",3,False,False,False,False,False,False,False,True,True,True
0001792941,2025,1,False,False,False,False,False,False,False,False,False,True
0001793165,2025,1,False,False,False,False,False,False,False,False,False,True
0001793229,"2021,2022,2023,2024,2025",5,False,False,False,False,False,True,True,True,True,True
0001793294,"2020,2021",2,False,False,False,False,True,True,False,False,False,False
0001793659,"2024,2025",2,False,False,False,False,False,False,False,False,True,True
0001793744,2025,1,False,False,False,False,False,False,False,False,False,True
0001794515,"2021,2022,2023,2024,2025",5,False,False,False,False,False,True,True,True,True,True
0001794621,2022,1,False,False,False,False,False,False,True,False,False,False
0001794669,"2024,2025",2,False,False,False,False,False,False,False,False,True,True
0001794717,"2021,2022",2,False,False,False,False,False,True,True,False,False,False
0001794776,2025,1,False,False,False,False,False,False,False,False,False,True
0001794783,"2020,2021,2022,2023,2024,2025",6,False,False,False,False,True,True,True,True,True,True
0001794905,"2022,2023",2,False,False,False,False,False,False,True,True,False,False
0001795815,2025,1,False,False,False,False,False,False,False,False,False,True
0001796022,"2024,2025",2,False,False,False,False,False,False,False,False,True,True
0001796160,"2023,2024",2,False,False,False,False,False,False,False,True,True,False
0001796209,2025,1,False,False,False,False,False,False,False,False,False,True
0001796280,"2023,2024,2025",3,False,False,False,False,False,False,False,True,True,True
0001796514,2024,1,False,False,False,False,False,False,False,False,True,False
0001797056,2025,1,False,False,False,False,False,False,False,False,False,True
0001797099,2021,1,False,False,False,False,False,True,False,False,False,False
0001797288,2025,1,False,False,False,False,False,False,False,False,False,True
0001797679,2025,1,False,False,False,False,False,False,False,False,False,True
0001798270,"2022,2023,2024",3,False,False,False,False,False,False,True,True,True,False
0001798388,2025,1,False,False,False,False,False,False,False,False,False,True
0001798562,"2022,2023,2024",3,False,False,False,False,False,False,True,True,True,False
0001799208,"2021,2022,2023,2024,2025",5,False,False,False,False,False,True,True,True,True,True
0001799385,2025,1,False,False,False,False,False,False,False,False,False,True
0001799448,2025,1,False,False,False,False,False,False,False,False,False,True
0001799463,2025,1,False,False,False,False,False,False,False,False,False,True
0001800227,"2022,2023,2024,2025",4,False,False,False,False,False,False,True,True,True,True
0001800294,"2024,2025",2,False,False,False,False,False,False,False,False,True,True
0001800315,2025,1,False,False,False,False,False,False,False,False,False,True
0001800347,"2021,2022,2023,2024,2025",5,False,False,False,False,False,True,True,True,True,True
0001800392,2023,1,False,False,False,False,False,False,False,True,False,False
0001800637,"2021,2022,2023,2024",4,False,False,False,False,False,True,True,True,True,False
0001800667,"2024,2025",2,False,False,False,False,False,False,False,False,True,True
0001801169,"2021,2022,2023,2024,2025",5,False,False,False,False,False,True,True,True,True,True
0001801170,"2021,2022,2023,2024,2025",5,False,False,False,False,False,True,True,True,True,True
0001801338,"2024,2025",2,False,False,False,False,False,False,False,False,True,True
0001801417,"2022,2023",2,False,False,False,False,False,False,True,True,False,False
0001801602,2025,1,False,False,False,False,False,False,False,False,False,True
0001801661,"2021,2022,2023,2024,2025",5,False,False,False,False,False,True,True,True,True,True
0001802156,2025,1,False,False,False,False,False,False,False,False,False,True
0001802215,"2024,2025",2,False,False,False,False,False,False,False,False,True,True
0001802255,2025,1,False,False,False,False,False,False,False,False,False,True
0001802450,"2021,2023,2024,2025",4,False,False,False,False,False,True,False,True,True,True
0001802749,2021,1,False,False,False,False,False,True,False,False,False,False
0001802768,"2024,2025",2,False,False,False,False,False,False,False,False,True,True
0001802974,2025,1,False,False,False,False,False,False,False,False,False,True
0001803096,"2023,2024,2025",3,False,False,False,False,False,False,False,True,True,True
0001803308,2025,1,False,False,False,False,False,False,False,False,False,True
0001803498,"2021,2022,2023,2024,2025",5,False,False,False,False,False,True,True,True,True,True
0001803599,"2021,2022,2023,2024,2025",5,False,False,False,False,False,True,True,True,True,True
0001803696,"2021,2022,2023,2024,2025",5,False,False,False,False,False,True,True,True,True,True
0001803702,"2023,2024,2025",3,False,False,False,False,False,False,False,True,True,True
0001803737,"2024,2025",2,False,False,False,False,False,False,False,False,True,True
0001803858,"2023,2024,2025",3,False,False,False,False,False,False,False,True,True,True
0001803901,"2022,2023,2024,2025",4,False,False,False,False,False,False,True,True,True,True
0001803977,"2024,2025",2,False,False,False,False,False,False,False,False,True,True
0001804176,"2021,2022,2023,2024,2025",5,False,False,False,False,False,True,True,True,True,True
0001804591,"2021,2022,2023,2024,2025",5,False,False,False,False,False,True,True,True,True,True
0001804745,2025,1,False,False,False,False,False,False,False,False,False,True
0001805077,"2021,2022,2024,2025",4,False,False,False,False,False,True,True,False,True,True
0001805284,"2021,2022,2023,2024,2025",5,False,False,False,False,False,True,True,True,True,True
0001805385,"2021,2022,2023,2024,2025",5,False,False,False,False,False,True,True,True,True,True
0001805387,"2021,2022,2023,2024",4,False,False,False,False,False,True,True,True,True,False
0001805521,"2022,2023,2024,2025",4,False,False,False,False,False,False,True,True,True,True
0001805526,"2023,2024,2025",3,False,False,False,False,False,False,False,True,True,True
0001805651,"2021,2022,2023,2024,2025",5,False,False,False,False,False,True,True,True,True,True
0001805833,"2022,2023,2024,2025",4,False,False,False,False,False,False,True,True,True,True
0001805890,2024,1,False,False,False,False,False,False,False,False,True,False
0001806310,"2021,2024,2025",3,False,False,False,False,False,True,False,False,True,True
0001806837,"2022,2023,2024,2025",4,False,False,False,False,False,False,True,True,True,True
0001806944,2025,1,False,False,False,False,False,False,False,False,False,True
0001806952,"2022,2023,2024,2025",4,False,False,False,False,False,False,True,True,True,True
0001807120,"2023,2024,2025",3,False,False,False,False,False,False,False,True,True,True
0001807166,"2021,2022,2023,2024,2025",5,False,False,False,False,False,True,True,True,True,True
0001807594,"2021,2022,2023",3,False,False,False,False,False,True,True,True,False,False
0001807707,"2021,2022,2023",3,False,False,False,False,False,True,True,True,False,False
0001807794,"2022,2023,2024,2025",4,False,False,False,False,False,False,True,True,True,True
0001807846,"2022,2023,2024,2025",4,False,False,False,False,False,False,True,True,True,True
0001807887,"2022,2023,2024,2025",4,False,False,False,False,False,False,True,True,True,True
0001807901,2021,1,False,False,False,False,False,True,False,False,False,False
0001808158,2025,1,False,False,False,False,False,False,False,False,False,True
0001808220,"2022,2023,2024,2025",4,False,False,False,False,False,False,True,True,True,True
0001808377,"2023,2024,2025",3,False,False,False,False,False,False,False,True,True,True
0001808665,"2022,2025",2,False,False,False,False,False,False,True,False,False,True
0001808805,"2022,2023,2024,2025",4,False,False,False,False,False,False,True,True,True,True
0001808834,"2024,2025",2,False,False,False,False,False,False,False,False,True,True
0001808997,2025,1,False,False,False,False,False,False,False,False,False,True
0001809104,"2021,2022,2023,2024,2025",5,False,False,False,False,False,True,True,True,True,True
0001809519,"2021,2022,2023,2024,2025",5,False,False,False,False,False,True,True,True,True,True
0001809987,"2024,2025",2,False,False,False,False,False,False,False,False,True,True
0001810019,"2021,2022,2023,2024,2025",5,False,False,False,False,False,True,True,True,True,True
0001810050,2025,1,False,False,False,False,False,False,False,False,False,True
0001810491,2021,1,False,False,False,False,False,True,False,False,False,False
0001810560,2021,1,False,False,False,False,False,True,False,False,False,False
0001810806,"2021,2022,2023,2024,2025",5,False,False,False,False,False,True,True,True,True,True
0001811063,"2024,2025",2,False,False,False,False,False,False,False,False,True,True
0001811109,2021,1,False,False,False,False,False,True,False,False,False,False
0001811115,"2023,2024",2,False,False,False,False,False,False,False,True,True,False
0001811210,"2021,2024,2025",3,False,False,False,False,False,True,False,False,True,True
0001811414,2025,1,False,False,False,False,False,False,False,False,False,True
0001811856,"2022,2023",2,False,False,False,False,False,False,True,True,False,False
0001811972,2025,1,False,False,False,False,False,False,False,False,False,True
0001811999,"2023,2024",2,False,False,False,False,False,False,False,True,True,False
0001812173,"2021,2022,2023,2024,2025",5,False,False,False,False,False,True,True,True,True,True
0001812360,"2021,2023,2024,2025",4,False,False,False,False,False,True,False,True,True,True
0001812364,"2021,2022,2023,2024,2025",5,False,False,False,False,False,True,True,True,True,True
0001812554,"2024,2025",2,False,False,False,False,False,False,False,False,True,True
0001812604,"2023,2025",2,False,False,False,False,False,False,False,True,False,True
0001812727,"2021,2022,2023,2024,2025",5,False,False,False,False,False,True,True,True,True,True
0001813658,"2021,2022,2023",3,False,False,False,False,False,True,True,True,False,False
0001813756,2021,1,False,False,False,False,False,True,False,False,False,False
0001813793,"2021,2022",2,False,False,False,False,False,True,True,False,False,False
0001813814,"2022,2023,2024",3,False,False,False,False,False,False,True,True,True,False
0001813914,"2021,2022,2023,2024",4,False,False,False,False,False,True,True,True,True,False
0001814114,"2024,2025",2,False,False,False,False,False,False,False,False,True,True
0001814329,2024,1,False,False,False,False,False,False,False,False,True,False
0001814389,"2024,2025",2,False,False,False,False,False,False,False,False,True,True
0001814728,"2021,2022",2,False,False,False,False,False,True,True,False,False,False
0001815086,"2021,2022,2023",3,False,False,False,False,False,True,True,True,False,False
0001815442,"2022,2023,2024,2025",4,False,False,False,False,False,False,True,True,True,True
0001815526,2021,1,False,False,False,False,False,True,False,False,False,False
0001815903,2025,1,False,False,False,False,False,False,False,False,False,True
0001815974,"2023,2024,2025",3,False,False,False,False,False,False,False,True,True,True
0001816017,"2021,2022,2023,2024,2025",5,False,False,False,False,False,True,True,True,True,True
0001816048,2021,1,False,False,False,False,False,True,False,False,False,False
0001816114,2021,1,False,False,False,False,False,True,False,False,False,False
0001816147,2025,1,False,False,False,False,False,False,False,False,False,True
0001816233,"2021,2022,2023,2024",4,False,False,False,False,False,True,True,True,True,False
0001816431,"2021,2022,2023,2024,2025",5,False,False,False,False,False,True,True,True,True,True
0001816554,"2024,2025",2,False,False,False,False,False,False,False,False,True,True
0001816581,"2022,2023,2024,2025",4,False,False,False,False,False,False,True,True,True,True
0001816590,"2022,2023,2024,2025",4,False,False,False,False,False,False,True,True,True,True
0001816613,"2021,2022,2023,2024,2025",5,False,False,False,False,False,True,True,True,True,True
0001816696,2021,1,False,False,False,False,False,True,False,False,False,False
0001816708,"2022,2023,2024,2025",4,False,False,False,False,False,False,True,True,True,True
0001816736,"2023,2024,2025",3,False,False,False,False,False,False,False,True,True,True
0001816861,2025,1,False,False,False,False,False,False,False,False,False,True
0001816906,2021,1,False,False,False,False,False,True,False,False,False,False
0001816937,2025,1,False,False,False,False,False,False,False,False,False,True
0001817004,"2022,2023,2024,2025",4,False,False,False,False,False,False,True,True,True,True
0001817071,2021,1,False,False,False,False,False,True,False,False,False,False
0001817229,"2024,2025",2,False,False,False,False,False,False,False,False,True,True
0001817232,"2021,2022,2023,2024,2025",5,False,False,False,False,False,True,True,True,True,True
0001817241,"2024,2025",2,False,False,False,False,False,False,False,False,True,True
0001817358,"2024,2025",2,False,False,False,False,False,False,False,False,True,True
0001817511,"2022,2023,2024,2025",4,False,False,False,False,False,False,True,True,True,True
0001817713,"2023,2024,2025",3,False,False,False,False,False,False,False,True,True,True
0001817760,2025,1,False,False,False,False,False,False,False,False,False,True
0001817944,"2021,2022",2,False,False,False,False,False,True,True,False,False,False
0001818093,"2022,2023,2024,2025",4,False,False,False,False,False,False,True,True,True,True
0001818152,"2021,2022,2023,2024,2025",5,False,False,False,False,False,True,True,True,True,True
0001818201,"2021,2022,2023,2024,2025",5,False,False,False,False,False,True,True,True,True,True
0001818254,2025,1,False,False,False,False,False,False,False,False,False,True
0001818331,"2021,2022,2023,2024,2025",5,False,False,False,False,False,True,True,True,True,True
0001818383,"2021,2022,2023,2024,2025",5,False,False,False,False,False,True,True,True,True,True
0001818502,"2021,2022,2023,2024,2025",5,False,False,False,False,False,True,True,True,True,True
0001818644,"2021,2022,2023,2024,2025",5,False,False,False,False,False,True,True,True,True,True
0001818674,"2023,2024",2,False,False,False,False,False,False,False,True,True,False
0001818874,"2021,2022,2023,2024,2025",5,False,False,False,False,False,True,True,True,True,True
0001819035,"2021,2022",2,False,False,False,False,False,True,True,False,False,False
0001819113,"2022,2023",2,False,False,False,False,False,False,True,True,False,False
0001819133,"2024,2025",2,False,False,False,False,False,False,False,False,True,True
0001819142,"2021,2022,2023,2024,2025",5,False,False,False,False,False,True,True,True,True,True
0001819175,"2021,2022,2023",3,False,False,False,False,False,True,True,True,False,False
0001819253,"2024,2025",2,False,False,False,False,False,False,False,False,True,True
0001819263,2021,1,False,False,False,False,False,True,False,False,False,False
0001819394,"2021,2022,2023,2024,2025",5,False,False,False,False,False,True,True,True,True,True
0001819395,"2023,2024,2025",3,False,False,False,False,False,False,False,True,True,True
0001819404,"2021,2022,2023,2024,2025",5,False,False,False,False,False,True,True,True,True,True
0001819411,"2023,2024,2025",3,False,False,False,False,False,False,False,True,True,True
0001819438,2025,1,False,False,False,False,False,False,False,False,False,True
0001819493,"2023,2024,2025",3,False,False,False,False,False,False,False,True,True,True
0001819574,"2021,2022,2023,2024,2025",5,False,False,False,False,False,True,True,True,True,True
0001819576,2025,1,False,False,False,False,False,False,False,False,False,True
0001819584,"2021,2022,2023",3,False,False,False,False,False,True,True,True,False,False
0001819608,"2021,2022",2,False,False,False,False,False,True,True,False,False,False
0001819796,"2024,2025",2,False,False,False,False,False,False,False,False,True,True
0001819810,"2023,2024,2025",3,False,False,False,False,False,False,False,True,True,True
0001819848,2021,1,False,False,False,False,False,True,False,False,False,False
0001819928,"2022,2023,2024,2025",4,False,False,False,False,False,False,True,True,True,True
0001819974,"2024,2025",2,False,False,False,False,False,False,False,False,True,True
0001819989,2025,1,False,False,False,False,False,False,False,False,False,True
0001820144,"2023,2024,2025",3,False,False,False,False,False,False,False,True,True,True
0001820302,"2022,2023,2024,2025",4,False,False,False,False,False,False,True,True,True,True
0001820566,"2021,2022,2024,2025",4,False,False,False,False,False,True,True,False,True,True
0001820630,2023,1,False,False,False,False,False,False,False,True,False,False
0001820721,"2021,2022,2023,2024",4,False,False,False,False,False,True,True,True,True,False
0001820872,"2023,2024,2025",3,False,False,False,False,False,False,False,True,True,True
0001820875,"2021,2022,2023,2024,2025",5,False,False,False,False,False,True,True,True,True,True
0001820877,"2021,2022,2023,2024",4,False,False,False,False,False,True,True,True,True,False
0001820878,"2021,2022,2023,2024",4,False,False,False,False,False,True,True,True,True,False
0001820931,"2021,2022",2,False,False,False,False,False,True,True,False,False,False
0001820953,"2021,2022,2023,2024,2025",5,False,False,False,False,False,True,True,True,True,True
0001821146,"2021,2022",2,False,False,False,False,False,True,True,False,False,False
0001821159,2025,1,False,False,False,False,False,False,False,False,False,True
0001821169,2022,1,False,False,False,False,False,False,True,False,False,False
0001821175,"2021,2022,2023",3,False,False,False,False,False,True,True,True,False,False
0001821393,"2022,2023,2024",3,False,False,False,False,False,False,True,True,True,False
0001821586,"2023,2024,2025",3,False,False,False,False,False,False,False,True,True,True
0001821595,2021,1,False,False,False,False,False,True,False,False,False,False
0001821742,"2021,2022",2,False,False,False,False,False,True,True,False,False,False
0001821769,"2021,2025",2,False,False,False,False,False,True,False,False,False,True
0001821788,"2021,2022,2023",3,False,False,False,False,False,True,True,True,False,False
0001821812,"2022,2023",2,False,False,False,False,False,False,True,True,False,False
0001821825,"2024,2025",2,False,False,False,False,False,False,False,False,True,True
0001821946,2025,1,False,False,False,False,False,False,False,False,False,True
0001822027,"2021,2022",2,False,False,False,False,False,True,True,False,False,False
0001822145,"2022,2023,2024",3,False,False,False,False,False,False,True,True,True,False
0001822166,2025,1,False,False,False,False,False,False,False,False,False,True
0001822219,2021,1,False,False,False,False,False,True,False,False,False,False
0001822250,"2021,2022,2023,2024",4,False,False,False,False,False,True,True,True,True,False
0001822309,"2021,2022",2,False,False,False,False,False,True,True,False,False,False
0001822359,"2022,2023,2025",3,False,False,False,False,False,False,True,True,False,True
0001822462,"2021,2022,2023,2024,2025",5,False,False,False,False,False,True,True,True,True,True
0001822691,"2021,2022,2023",3,False,False,False,False,False,True,True,True,False,False
0001822792,"2021,2022",2,False,False,False,False,False,True,True,False,False,False
0001822835,"2021,2022",2,False,False,False,False,False,True,True,False,False,False
0001822873,2022,1,False,False,False,False,False,False,True,False,False,False
0001822928,"2024,2025",2,False,False,False,False,False,False,False,False,True,True
0001822929,"2021,2022,2023",3,False,False,False,False,False,True,True,True,False,False
0001822935,2021,1,False,False,False,False,False,True,False,False,False,False
0001822966,"2024,2025",2,False,False,False,False,False,False,False,False,True,True
0001822993,"2024,2025",2,False,False,False,False,False,False,False,False,True,True
0001823000,2025,1,False,False,False,False,False,False,False,False,False,True
0001823086,"2021,2022,2023",3,False,False,False,False,False,True,True,True,False,False
0001823143,"2021,2022",2,False,False,False,False,False,True,True,False,False,False
0001823144,2025,1,False,False,False,False,False,False,False,False,False,True
0001823239,"2024,2025",2,False,False,False,False,False,False,False,False,True,True
0001823466,"2022,2023,2024,2025",4,False,False,False,False,False,False,True,True,True,True
0001823529,"2022,2023,2024,2025",4,False,False,False,False,False,False,True,True,True,True
0001823575,"2022,2023,2024",3,False,False,False,False,False,False,True,True,True,False
0001823584,2023,1,False,False,False,False,False,False,False,True,False,False
0001823593,"2021,2022,2023",3,False,False,False,False,False,True,True,True,False,False
0001823608,"2024,2025",2,False,False,False,False,False,False,False,False,True,True
0001823634,"2021,2022",2,False,False,False,False,False,True,True,False,False,False
0001823652,"2022,2023,2025",3,False,False,False,False,False,False,True,True,False,True
0001823707,"2021,2022",2,False,False,False,False,False,True,True,False,False,False
0001823722,2025,1,False,False,False,False,False,False,False,False,False,True
0001823766,"2021,2022",2,False,False,False,False,False,True,True,False,False,False
0001823767,"2021,2022",2,False,False,False,False,False,True,True,False,False,False
0001823794,2025,1,False,False,False,False,False,False,False,False,False,True
0001823826,"2021,2022,2023",3,False,False,False,False,False,True,True,True,False,False
0001823878,"2024,2025",2,False,False,False,False,False,False,False,False,True,True
0001823882,"2022,2023,2024",3,False,False,False,False,False,False,True,True,True,False
0001823896,"2021,2022,2023",3,False,False,False,False,False,True,True,True,False,False
0001823945,"2024,2025",2,False,False,False,False,False,False,False,False,True,True
0001824013,"2021,2022",2,False,False,False,False,False,True,True,False,False,False
0001824119,2022,1,False,False,False,False,False,False,True,False,False,False
0001824153,"2021,2022,2023",3,False,False,False,False,False,True,True,True,False,False
0001824211,2022,1,False,False,False,False,False,False,True,False,False,False
0001824301,"2021,2022",2,False,False,False,False,False,True,True,False,False,False
0001824403,"2024,2025",2,False,False,False,False,False,False,False,False,True,True
0001824482,"2024,2025",2,False,False,False,False,False,False,False,False,True,True
0001824502,2025,1,False,False,False,False,False,False,False,False,False,True
0001824577,2021,1,False,False,False,False,False,True,False,False,False,False
0001824734,"2021,2022,2023",3,False,False,False,False,False,True,True,True,False,False
0001824884,"2021,2022,2023",3,False,False,False,False,False,True,True,True,False,False
0001824920,"2022,2023,2024,2025",4,False,False,False,False,False,False,True,True,True,True
0001824963,2021,1,False,False,False,False,False,True,False,False,False,False
0001825024,"2022,2023,2024,2025",4,False,False,False,False,False,False,True,True,True,True
0001825088,"2024,2025",2,False,False,False,False,False,False,False,False,True,True
0001825248,2025,1,False,False,False,False,False,False,False,False,False,True
0001825249,2021,1,False,False,False,False,False,True,False,False,False,False
0001825254,"2021,2022",2,False,False,False,False,False,True,True,False,False,False
0001825367,2023,1,False,False,False,False,False,False,False,True,False,False
0001825384,2025,1,False,False,False,False,False,False,False,False,False,True
0001825452,"2023,2024,2025",3,False,False,False,False,False,False,False,True,True,True
0001825473,"2021,2022,2023",3,False,False,False,False,False,True,True,True,False,False
0001825480,"2021,2022",2,False,False,False,False,False,True,True,False,False,False
0001825962,"2022,2023",2,False,False,False,False,False,False,True,True,False,False
0001826000,"2024,2025",2,False,False,False,False,False,False,False,False,True,True
0001826011,"2021,2022,2023,2024,2025",5,False,False,False,False,False,True,True,True,True,True
0001826018,"2021,2022,2023",3,False,False,False,False,False,True,True,True,False,False
0001826059,2022,1,False,False,False,False,False,False,True,False,False,False
0001826333,2021,1,False,False,False,False,False,True,False,False,False,False
0001826397,"2022,2023,2024,2025",4,False,False,False,False,False,False,True,True,True,True
0001826457,"2022,2023,2024,2025",4,False,False,False,False,False,False,True,True,True,True
0001826470,"2024,2025",2,False,False,False,False,False,False,False,False,True,True
0001826667,"2023,2024,2025",3,False,False,False,False,False,False,False,True,True,True
0001826681,"2021,2022,2023,2024,2025",5,False,False,False,False,False,True,True,True,True,True
0001826889,"2021,2023",2,False,False,False,False,False,True,False,True,False,False
0001826892,"2024,2025",2,False,False,False,False,False,False,False,False,True,True
0001827054,"2023,2025",2,False,False,False,False,False,False,False,True,False,True
0001827087,2025,1,False,False,False,False,False,False,False,False,False,True
0001827090,"2021,2022,2023,2024,2025",5,False,False,False,False,False,True,True,True,True,True
0001827183,"2023,2025",2,False,False,False,False,False,False,False,True,False,True
0001827248,"2021,2022",2,False,False,False,False,False,True,True,False,False,False
0001827506,"2024,2025",2,False,False,False,False,False,False,False,False,True,True
0001827821,2022,1,False,False,False,False,False,False,True,False,False,False
0001827980,"2022,2023",2,False,False,False,False,False,False,True,True,False,False
0001828016,"2021,2022,2023,2024,2025",5,False,False,False,False,False,True,True,True,True,True
0001828105,"2021,2022,2023,2024,2025",5,False,False,False,False,False,True,True,True,True,True
0001828108,"2022,2023,2024,2025",4,False,False,False,False,False,False,True,True,True,True
0001828182,2023,1,False,False,False,False,False,False,False,True,False,False
0001828318,"2021,2022,2023,2024,2025",5,False,False,False,False,False,True,True,True,True,True
0001828377,2022,1,False,False,False,False,False,False,True,False,False,False
0001828478,"2021,2022",2,False,False,False,False,False,True,True,False,False,False
0001828522,2024,1,False,False,False,False,False,False,False,False,True,False
0001828536,"2021,2022,2023,2024,2025",5,False,False,False,False,False,True,True,True,True,True
0001828588,"2021,2022,2023,2025",4,False,False,False,False,False,True,True,True,False,True
0001828608,"2022,2023",2,False,False,False,False,False,False,True,True,False,False
0001828672,2022,1,False,False,False,False,False,False,True,False,False,False
0001828673,2025,1,False,False,False,False,False,False,False,False,False,True
0001828723,"2023,2024,2025",3,False,False,False,False,False,False,False,True,True,True
0001828735,"2021,2022",2,False,False,False,False,False,True,True,False,False,False
0001828739,"2024,2025",2,False,False,False,False,False,False,False,False,True,True
0001828748,"2021,2023,2024,2025",4,False,False,False,False,False,True,False,True,True,True
0001828791,"2021,2022,2023,2024,2025",5,False,False,False,False,False,True,True,True,True,True
0001828805,"2022,2023,2024,2025",4,False,False,False,False,False,False,True,True,True,True
0001828852,"2022,2023,2024",3,False,False,False,False,False,False,True,True,True,False
0001828937,"2024,2025",2,False,False,False,False,False,False,False,False,True,True
0001828962,"2023,2024,2025",3,False,False,False,False,False,False,False,True,True,True
0001828972,"2022,2023,2024,2025",4,False,False,False,False,False,False,True,True,True,True
0001829247,"2023,2024,2025",3,False,False,False,False,False,False,False,True,True,True
0001829280,"2021,2022,2025",3,False,False,False,False,False,True,True,False,False,True
0001829311,"2021,2022,2023,2024,2025",5,False,False,False,False,False,True,True,True,True,True
0001829426,"2021,2022",2,False,False,False,False,False,True,True,False,False,False
0001829558,2022,1,False,False,False,False,False,False,True,False,False,False
0001829576,2025,1,False,False,False,False,False,False,False,False,False,True
0001829802,2025,1,False,False,False,False,False,False,False,False,False,True
0001829864,"2021,2022,2023,2024,2025",5,False,False,False,False,False,True,True,True,True,True
0001829966,"2021,2023",2,False,False,False,False,False,True,False,True,False,False
0001829999,"2021,2022",2,False,False,False,False,False,True,True,False,False,False
0001830029,"2021,2022,2023,2024",4,False,False,False,False,False,True,True,True,True,False
0001830043,"2021,2022,2023,2024,2025",5,False,False,False,False,False,True,True,True,True,True
0001830072,2025,1,False,False,False,False,False,False,False,False,False,True
0001830081,"2022,2023,2024,2025",4,False,False,False,False,False,False,True,True,True,True
0001830188,2024,1,False,False,False,False,False,False,False,False,True,False
0001830197,2022,1,False,False,False,False,False,False,True,False,False,False
0001830210,"2021,2022,2023,2024",4,False,False,False,False,False,True,True,True,True,False
0001830214,"2022,2023,2024,2025",4,False,False,False,False,False,False,True,True,True,True
0001830315,"2023,2025",2,False,False,False,False,False,False,False,True,False,True
0001830392,"2021,2022,2023",3,False,False,False,False,False,True,True,True,False,False
0001830503,"2023,2024",2,False,False,False,False,False,False,False,True,True,False
0001831006,"2022,2023,2024",3,False,False,False,False,False,False,True,True,True,False
0001831097,"2024,2025",2,False,False,False,False,False,False,False,False,True,True
0001831236,2021,1,False,False,False,False,False,True,False,False,False,False
0001831363,2022,1,False,False,False,False,False,False,True,False,False,False
0001831631,"2021,2022,2024,2025",4,False,False,False,False,False,True,True,False,True,True
0001831651,2025,1,False,False,False,False,False,False,False,False,False,True
0001831828,"2024,2025",2,False,False,False,False,False,False,False,False,True,True
0001831840,"2021,2022,2023,2024,2025",5,False,False,False,False,False,True,True,True,True,True
0001831915,"2022,2023,2024,2025",4,False,False,False,False,False,False,True,True,True,True
0001831964,"2023,2024",2,False,False,False,False,False,False,False,True,True,False
0001831978,"2022,2023,2024",3,False,False,False,False,False,False,True,True,True,False
0001832038,2025,1,False,False,False,False,False,False,False,False,False,True
0001832148,2025,1,False,False,False,False,False,False,False,False,False,True
0001832161,"2022,2024,2025",3,False,False,False,False,False,False,True,False,True,True
0001832168,"2022,2023,2024",3,False,False,False,False,False,False,True,True,True,False
0001832332,2025,1,False,False,False,False,False,False,False,False,False,True
0001832351,2022,1,False,False,False,False,False,False,True,False,False,False
0001832415,"2022,2023",2,False,False,False,False,False,False,True,True,False,False
0001832433,2023,1,False,False,False,False,False,False,False,True,False,False
0001832466,"2022,2023,2024,2025",4,False,False,False,False,False,False,True,True,True,True
0001832483,"2023,2024,2025",3,False,False,False,False,False,False,False,True,True,True
0001832505,2022,1,False,False,False,False,False,False,True,False,False,False
0001832511,"2024,2025",2,False,False,False,False,False,False,False,False,True,True
0001832696,2022,1,False,False,False,False,False,False,True,False,False,False
0001832737,2022,1,False,False,False,False,False,False,True,False,False,False
0001832765,"2021,2022",2,False,False,False,False,False,True,True,False,False,False
0001832873,"2023,2024,2025",3,False,False,False,False,False,False,False,True,True,True
0001832874,2023,1,False,False,False,False,False,False,False,True,False,False
0001832950,2022,1,False,False,False,False,False,False,True,False,False,False
0001833197,"2023,2024,2025",3,False,False,False,False,False,False,False,True,True,True
0001833214,"2024,2025",2,False,False,False,False,False,False,False,False,True,True
0001833498,"2022,2023,2024,2025",4,False,False,False,False,False,False,True,True,True,True
0001833522,2025,1,False,False,False,False,False,False,False,False,False,True
0001833563,2025,1,False,False,False,False,False,False,False,False,False,True
0001833756,"2021,2022,2023,2024,2025",5,False,False,False,False,False,True,True,True,True,True
0001833769,"2021,2022,2023,2024,2025",5,False,False,False,False,False,True,True,True,True,True
0001833908,"2021,2022",2,False,False,False,False,False,True,True,False,False,False
0001834376,2025,1,False,False,False,False,False,False,False,False,False,True
0001834488,2025,1,False,False,False,False,False,False,False,False,False,True
0001834494,"2024,2025",2,False,False,False,False,False,False,False,False,True,True
0001834543,2024,1,False,False,False,False,False,False,False,False,True,False
0001834584,"2022,2024,2025",3,False,False,False,False,False,False,True,False,True,True
0001834622,"2024,2025",2,False,False,False,False,False,False,False,False,True,True
0001834755,"2022,2023",2,False,False,False,False,False,False,True,True,False,False
0001835236,"2021,2022",2,False,False,False,False,False,True,True,False,False,False
0001835268,2025,1,False,False,False,False,False,False,False,False,False,True
0001835378,"2022,2023,2024",3,False,False,False,False,False,False,True,True,True,False
0001835416,"2021,2022,2023,2024",4,False,False,False,False,False,True,True,True,True,False
0001835512,"2023,2024",2,False,False,False,False,False,False,False,True,True,False
0001835567,"2022,2023",2,False,False,False,False,False,False,True,True,False,False
0001835579,"2024,2025",2,False,False,False,False,False,False,False,False,True,True
0001835591,"2022,2023,2024",3,False,False,False,False,False,False,True,True,True,False
0001835597,2025,1,False,False,False,False,False,False,False,False,False,True
0001835632,"2022,2023,2024,2025",4,False,False,False,False,False,False,True,True,True,True
0001835681,"2021,2022,2023,2024",4,False,False,False,False,False,True,True,True,True,False
0001835800,"2022,2023",2,False,False,False,False,False,False,True,True,False,False
0001835830,"2023,2024,2025",3,False,False,False,False,False,False,False,True,True,True
0001835856,"2022,2023,2025",3,False,False,False,False,False,False,True,True,False,True
0001835972,"2023,2024",2,False,False,False,False,False,False,False,True,True,False
0001836100,"2021,2022,2023,2024",4,False,False,False,False,False,True,True,True,True,False
0001836154,2021,1,False,False,False,False,False,True,False,False,False,False
0001836190,"2021,2022",2,False,False,False,False,False,True,True,False,False,False
0001836259,"2021,2022",2,False,False,False,False,False,True,True,False,False,False
0001836274,"2022,2023",2,False,False,False,False,False,False,True,True,False,False
0001836337,"2021,2022",2,False,False,False,False,False,True,True,False,False,False
0001836478,"2022,2023",2,False,False,False,False,False,False,True,True,False,False
0001836517,"2021,2022",2,False,False,False,False,False,True,True,False,False,False
0001836547,2022,1,False,False,False,False,False,False,True,False,False,False
0001836833,"2022,2023,2024,2025",4,False,False,False,False,False,False,True,True,True,True
0001836875,"2024,2025",2,False,False,False,False,False,False,False,False,True,True
0001836894,2022,1,False,False,False,False,False,False,True,False,False,False
0001836967,2021,1,False,False,False,False,False,True,False,False,False,False
0001836981,"2021,2022,2023,2024,2025",5,False,False,False,False,False,True,True,True,True,True
0001837014,"2024,2025",2,False,False,False,False,False,False,False,False,True,True
0001837067,2022,1,False,False,False,False,False,False,True,False,False,False
0001837160,2022,1,False,False,False,False,False,False,True,False,False,False
0001837238,2022,1,False,False,False,False,False,False,True,False,False,False
0001837240,"2022,2023,2024",3,False,False,False,False,False,False,True,True,True,False
0001837344,"2022,2023",2,False,False,False,False,False,False,True,True,False,False
0001837393,2022,1,False,False,False,False,False,False,True,False,False,False
0001837412,"2021,2022,2023",3,False,False,False,False,False,True,True,True,False,False
0001837671,"2024,2025",2,False,False,False,False,False,False,False,False,True,True
0001837686,"2022,2023,2024,2025",4,False,False,False,False,False,False,True,True,True,True
0001837774,2024,1,False,False,False,False,False,False,False,False,True,False
0001837997,2022,1,False,False,False,False,False,False,True,False,False,False
0001838000,"2022,2023",2,False,False,False,False,False,False,True,True,False,False
0001838126,"2024,2025",2,False,False,False,False,False,False,False,False,True,True
0001838128,"2022,2023",2,False,False,False,False,False,False,True,True,False,False
0001838163,"2024,2025",2,False,False,False,False,False,False,False,False,True,True
0001838176,2022,1,False,False,False,False,False,False,True,False,False,False
0001838293,"2021,2022,2023",3,False,False,False,False,False,True,True,True,False,False
0001838359,"2022,2023,2024,2025",4,False,False,False,False,False,False,True,True,True,True
0001838406,2025,1,False,False,False,False,False,False,False,False,False,True
0001838433,2022,1,False,False,False,False,False,False,True,False,False,False
0001838513,"2022,2023,2024,2025",4,False,False,False,False,False,False,True,True,True,True
0001838544,2022,1,False,False,False,False,False,False,True,False,False,False
0001838615,"2023,2024,2025",3,False,False,False,False,False,False,False,True,True,True
0001838672,"2022,2023,2024",3,False,False,False,False,False,False,True,True,True,False
0001838814,"2022,2023",2,False,False,False,False,False,False,True,True,False,False
0001838876,"2024,2025",2,False,False,False,False,False,False,False,False,True,True
0001838883,2022,1,False,False,False,False,False,False,True,False,False,False
0001838987,"2024,2025",2,False,False,False,False,False,False,False,False,True,True
0001839132,2023,1,False,False,False,False,False,False,False,True,False,False
0001839133,"2021,2022,2023,2024,2025",5,False,False,False,False,False,True,True,True,True,True
0001839285,"2021,2022,2023,2024,2025",5,False,False,False,False,False,True,True,True,True,True
0001839341,"2022,2024,2025",3,False,False,False,False,False,False,True,False,True,True
0001839439,"2021,2022,2023,2024",4,False,False,False,False,False,True,True,True,True,False
0001839530,"2024,2025",2,False,False,False,False,False,False,False,False,True,True
0001839550,2022,1,False,False,False,False,False,False,True,False,False,False
0001839608,"2023,2024",2,False,False,False,False,False,False,False,True,True,False
0001839610,"2022,2023",2,False,False,False,False,False,False,True,True,False,False
0001839839,"2024,2025",2,False,False,False,False,False,False,False,False,True,True
0001839998,2022,1,False,False,False,False,False,False,True,False,False,False
0001840102,2025,1,False,False,False,False,False,False,False,False,False,True
0001840121,"2023,2025",2,False,False,False,False,False,False,False,True,False,True
0001840161,"2022,2023",2,False,False,False,False,False,False,True,True,False,False
0001840199,2022,1,False,False,False,False,False,False,True,False,False,False
0001840225,"2022,2023",2,False,False,False,False,False,False,True,True,False,False
0001840233,"2024,2025",2,False,False,False,False,False,False,False,False,True,True
0001840292,"2021,2022,2023,2024,2025",5,False,False,False,False,False,True,True,True,True,True
0001840317,"2022,2023,2024,2025",4,False,False,False,False,False,False,True,True,True,True
0001840425,"2023,2024",2,False,False,False,False,False,False,False,True,True,False
0001840439,"2022,2023,2024,2025",4,False,False,False,False,False,False,True,True,True,True
0001840502,"2023,2024,2025",3,False,False,False,False,False,False,False,True,True,True
0001840563,2024,1,False,False,False,False,False,False,False,False,True,False
0001840574,"2023,2024,2025",3,False,False,False,False,False,False,False,True,True,True
0001840644,2025,1,False,False,False,False,False,False,False,False,False,True
0001840748,2025,1,False,False,False,False,False,False,False,False,False,True
0001840776,"2023,2024,2025",3,False,False,False,False,False,False,False,True,True,True
0001840780,"2022,2023,2024,2025",4,False,False,False,False,False,False,True,True,True,True
0001840856,"2021,2022,2023,2024,2025",5,False,False,False,False,False,True,True,True,True,True
0001840877,"2022,2023,2024,2025",4,False,False,False,False,False,False,True,True,True,True
0001840904,"2021,2022,2023,2024,2025",5,False,False,False,False,False,True,True,True,True,True
0001841125,"2022,2023,2024",3,False,False,False,False,False,False,True,True,True,False
0001841156,"2021,2022,2023,2024,2025",5,False,False,False,False,False,True,True,True,True,True
0001841209,2023,1,False,False,False,False,False,False,False,True,False,False
0001841330,"2024,2025",2,False,False,False,False,False,False,False,False,True,True
0001841387,"2023,2024,2025",3,False,False,False,False,False,False,False,True,True,True
0001841389,2022,1,False,False,False,False,False,False,True,False,False,False
0001841408,"2022,2023,2024,2025",4,False,False,False,False,False,False,True,True,True,True
0001841425,"2022,2025",2,False,False,False,False,False,False,True,False,False,True
0001841514,2025,1,False,False,False,False,False,False,False,False,False,True
0001841586,"2022,2023",2,False,False,False,False,False,False,True,True,False,False
0001841800,"2022,2023",2,False,False,False,False,False,False,True,True,False,False
0001841867,2022,1,False,False,False,False,False,False,True,False,False,False
0001841873,"2022,2023",2,False,False,False,False,False,False,True,True,False,False
0001841925,"2022,2023,2024,2025",4,False,False,False,False,False,False,True,True,True,True
0001841948,2022,1,False,False,False,False,False,False,True,False,False,False
0001841968,2025,1,False,False,False,False,False,False,False,False,False,True
0001842138,2024,1,False,False,False,False,False,False,False,False,True,False
0001842223,2022,1,False,False,False,False,False,False,True,False,False,False
0001842295,2025,1,False,False,False,False,False,False,False,False,False,True
0001842329,2022,1,False,False,False,False,False,False,True,False,False,False
0001842356,"2022,2023,2024,2025",4,False,False,False,False,False,False,True,True,True,True
0001842373,2022,1,False,False,False,False,False,False,True,False,False,False
0001842384,2022,1,False,False,False,False,False,False,True,False,False,False
0001842563,"2023,2024,2025",3,False,False,False,False,False,False,False,True,True,True
0001842566,"2021,2022,2023,2024,2025",5,False,False,False,False,False,True,True,True,True,True
0001842718,"2021,2022,2023,2024,2025",5,False,False,False,False,False,True,True,True,True,True
0001843121,"2022,2023",2,False,False,False,False,False,False,True,True,False,False
0001843165,2025,1,False,False,False,False,False,False,False,False,False,True
0001843388,"2022,2023",2,False,False,False,False,False,False,True,True,False,False
0001843714,"2023,2024,2025",3,False,False,False,False,False,False,False,True,True,True
0001843724,"2023,2024,2025",3,False,False,False,False,False,False,False,True,True,True
0001843762,"2022,2023",2,False,False,False,False,False,False,True,True,False,False
0001843823,2025,1,False,False,False,False,False,False,False,False,False,True
0001843862,"2022,2023",2,False,False,False,False,False,False,True,True,False,False
0001844135,2022,1,False,False,False,False,False,False,True,False,False,False
0001844270,"2022,2023",2,False,False,False,False,False,False,True,True,False,False
0001844280,"2021,2022,2023",3,False,False,False,False,False,True,True,True,False,False
0001844336,2022,1,False,False,False,False,False,False,True,False,False,False
0001844363,"2022,2023",2,False,False,False,False,False,False,True,True,False,False
0001844389,2021,1,False,False,False,False,False,True,False,False,False,False
0001844392,"2021,2022,2023,2024,2025",5,False,False,False,False,False,True,True,True,True,True
0001844417,"2022,2023,2024",3,False,False,False,False,False,False,True,True,True,False
0001844419,2024,1,False,False,False,False,False,False,False,False,True,False
0001844452,2025,1,False,False,False,False,False,False,False,False,False,True
0001844505,"2022,2023,2024,2025",4,False,False,False,False,False,False,True,True,True,True
0001844635,2023,1,False,False,False,False,False,False,False,True,False,False
0001844650,2022,1,False,False,False,False,False,False,True,False,False,False
0001844744,2021,1,False,False,False,False,False,True,False,False,False,False
0001844817,"2023,2024",2,False,False,False,False,False,False,False,True,True,False
0001844840,2022,1,False,False,False,False,False,False,True,False,False,False
0001844862,2023,1,False,False,False,False,False,False,False,True,False,False
0001844908,2022,1,False,False,False,False,False,False,True,False,False,False
0001844971,"2024,2025",2,False,False,False,False,False,False,False,False,True,True
0001844998,"2023,2024,2025",3,False,False,False,False,False,False,False,True,True,True
0001845013,"2022,2023",2,False,False,False,False,False,False,True,True,False,False
0001845022,"2023,2024,2025",3,False,False,False,False,False,False,False,True,True,True
0001845123,2025,1,False,False,False,False,False,False,False,False,False,True
0001845149,"2022,2023",2,False,False,False,False,False,False,True,True,False,False
0001845437,"2022,2023,2025",3,False,False,False,False,False,False,True,True,False,True
0001845459,"2024,2025",2,False,False,False,False,False,False,False,False,True,True
0001845550,"2024,2025",2,False,False,False,False,False,False,False,False,True,True
0001845580,2022,1,False,False,False,False,False,False,True,False,False,False
0001845815,"2022,2023,2024,2025",4,False,False,False,False,False,False,True,True,True,True
0001845942,"2022,2023,2024,2025",4,False,False,False,False,False,False,True,True,True,True
0001846068,"2022,2023",2,False,False,False,False,False,False,True,True,False,False
0001846069,"2022,2023,2024,2025",4,False,False,False,False,False,False,True,True,True,True
0001846253,"2023,2024,2025",3,False,False,False,False,False,False,False,True,True,True
0001846510,2025,1,False,False,False,False,False,False,False,False,False,True
0001846576,"2022,2023,2024,2025",4,False,False,False,False,False,False,True,True,True,True
0001846750,"2022,2023",2,False,False,False,False,False,False,True,True,False,False
0001846809,"2022,2024",2,False,False,False,False,False,False,True,False,True,False
0001846968,"2021,2022,2023",3,False,False,False,False,False,True,True,True,False,False
0001847064,"2024,2025",2,False,False,False,False,False,False,False,False,True,True
0001847075,2022,1,False,False,False,False,False,False,True,False,False,False
0001847152,"2022,2023",2,False,False,False,False,False,False,True,True,False,False
0001847241,"2021,2022,2023,2024",4,False,False,False,False,False,True,True,True,True,False
0001847355,"2024,2025",2,False,False,False,False,False,False,False,False,True,True
0001847367,"2024,2025",2,False,False,False,False,False,False,False,False,True,True
0001847590,"2022,2023,2024,2025",4,False,False,False,False,False,False,True,True,True,True
0001847846,2023,1,False,False,False,False,False,False,False,True,False,False
0001847874,"2022,2023,2025",3,False,False,False,False,False,False,True,True,False,True
0001847986,"2022,2023,2024,2025",4,False,False,False,False,False,False,True,True,True,True
0001848097,2022,1,False,False,False,False,False,False,True,False,False,False
0001848165,2022,1,False,False,False,False,False,False,True,False,False,False
0001848410,2022,1,False,False,False,False,False,False,True,False,False,False
0001848411,2023,1,False,False,False,False,False,False,False,True,False,False
0001848437,"2022,2023,2024,2025",4,False,False,False,False,False,False,True,True,True,True
0001848672,"2023,2024,2025",3,False,False,False,False,False,False,False,True,True,True
0001848756,"2022,2023,2024",3,False,False,False,False,False,False,True,True,True,False
0001848795,2022,1,False,False,False,False,False,False,True,False,False,False
0001848821,"2022,2023,2024",3,False,False,False,False,False,False,True,True,True,False
0001848861,"2022,2023,2024,2025",4,False,False,False,False,False,False,True,True,True,True
0001848898,"2022,2023",2,False,False,False,False,False,False,True,True,False,False
0001848948,"2022,2023",2,False,False,False,False,False,False,True,True,False,False
0001848959,2022,1,False,False,False,False,False,False,True,False,False,False
0001849056,"2022,2023,2024,2025",4,False,False,False,False,False,False,True,True,True,True
0001849089,"2024,2025",2,False,False,False,False,False,False,False,False,True,True
0001849221,2025,1,False,False,False,False,False,False,False,False,False,True
0001849253,"2024,2025",2,False,False,False,False,False,False,False,False,True,True
0001849294,"2023,2024",2,False,False,False,False,False,False,False,True,True,False
0001849380,"2023,2024,2025",3,False,False,False,False,False,False,False,True,True,True
0001849475,"2022,2023",2,False,False,False,False,False,False,True,True,False,False
0001849548,"2022,2023,2024",3,False,False,False,False,False,False,True,True,True,False
0001849635,"2024,2025",2,False,False,False,False,False,False,False,False,True,True
0001849820,"2022,2023,2024,2025",4,False,False,False,False,False,False,True,True,True,True
0001849894,2025,1,False,False,False,False,False,False,False,False,False,True
0001849902,"2022,2023,2024",3,False,False,False,False,False,False,True,True,True,False
0001850051,"2022,2023",2,False,False,False,False,False,False,True,True,False,False
0001850079,"2022,2023,2024",3,False,False,False,False,False,False,True,True,True,False
0001850119,2025,1,False,False,False,False,False,False,False,False,False,True
0001850262,"2022,2023,2024,2025",4,False,False,False,False,False,False,True,True,True,True
0001850266,"2023,2024",2,False,False,False,False,False,False,False,True,True,False
0001850316,2022,1,False,False,False,False,False,False,True,False,False,False
0001850502,"2022,2023,2024",3,False,False,False,False,False,False,True,True,True,False
0001850767,"2023,2024,2025",3,False,False,False,False,False,False,False,True,True,True
0001850838,"2021,2022,2023,2024",4,False,False,False,False,False,True,True,True,True,False
0001850938,"2024,2025",2,False,False,False,False,False,False,False,False,True,True
0001851003,"2021,2022,2023,2024,2025",5,False,False,False,False,False,True,True,True,True,True
0001851115,"2023,2025",2,False,False,False,False,False,False,False,True,False,True
0001851174,2022,1,False,False,False,False,False,False,True,False,False,False
0001851194,"2024,2025",2,False,False,False,False,False,False,False,False,True,True
0001851266,"2022,2023",2,False,False,False,False,False,False,True,True,False,False
0001851322,"2024,2025",2,False,False,False,False,False,False,False,False,True,True
0001851484,2025,1,False,False,False,False,False,False,False,False,False,True
0001851625,2022,1,False,False,False,False,False,False,True,False,False,False
0001851657,2024,1,False,False,False,False,False,False,False,False,True,False
0001851860,"2022,2023",2,False,False,False,False,False,False,True,True,False,False
0001851909,"2022,2023",2,False,False,False,False,False,False,True,True,False,False
0001851959,"2022,2023,2024",3,False,False,False,False,False,False,True,True,True,False
0001851961,"2022,2023,2025",3,False,False,False,False,False,False,True,True,False,True
0001852019,"2022,2023,2024",3,False,False,False,False,False,False,True,True,True,False
0001852117,"2021,2022,2023",3,False,False,False,False,False,True,True,True,False,False
0001852131,"2023,2024,2025",3,False,False,False,False,False,False,False,True,True,True
0001852207,2025,1,False,False,False,False,False,False,False,False,False,True
0001852244,"2022,2023,2024,2025",4,False,False,False,False,False,False,True,True,True,True
0001852407,"2022,2023",2,False,False,False,False,False,False,True,True,False,False
0001852736,2024,1,False,False,False,False,False,False,False,False,True,False
0001852749,2024,1,False,False,False,False,False,False,False,False,True,False
0001852889,"2023,2024,2025",3,False,False,False,False,False,False,False,True,True,True
0001852931,"2021,2022,2023",3,False,False,False,False,False,True,True,True,False,False
0001852973,"2022,2023,2024",3,False,False,False,False,False,False,True,True,True,False
0001853044,"2024,2025",2,False,False,False,False,False,False,False,False,True,True
0001853047,2025,1,False,False,False,False,False,False,False,False,False,True
0001853070,"2022,2023",2,False,False,False,False,False,False,True,True,False,False
0001853112,2022,1,False,False,False,False,False,False,True,False,False,False
0001853138,"2024,2025",2,False,False,False,False,False,False,False,False,True,True
0001853145,2025,1,False,False,False,False,False,False,False,False,False,True
0001853314,"2021,2022",2,False,False,False,False,False,True,True,False,False,False
0001853651,2022,1,False,False,False,False,False,False,True,False,False,False
0001854149,"2024,2025",2,False,False,False,False,False,False,False,False,True,True
0001854270,2025,1,False,False,False,False,False,False,False,False,False,True
0001854275,"2022,2023,2024,2025",4,False,False,False,False,False,False,True,True,True,True
0001854401,"2024,2025",2,False,False,False,False,False,False,False,False,True,True
0001854445,"2021,2022,2023,2024,2025",5,False,False,False,False,False,True,True,True,True,True
0001854458,"2022,2023",2,False,False,False,False,False,False,True,True,False,False
0001854461,"2022,2023",2,False,False,False,False,False,False,True,True,False,False
0001854463,"2022,2023,2024,2025",4,False,False,False,False,False,False,True,True,True,True
0001854480,"2022,2023,2024",3,False,False,False,False,False,False,True,True,True,False
0001854583,2024,1,False,False,False,False,False,False,False,False,True,False
0001854863,2022,1,False,False,False,False,False,False,True,False,False,False
0001854963,"2023,2025",2,False,False,False,False,False,False,False,True,False,True
0001855168,2022,1,False,False,False,False,False,False,True,False,False,False
0001855351,"2022,2023",2,False,False,False,False,False,False,True,True,False,False
0001855447,"2023,2024,2025",3,False,False,False,False,False,False,False,True,True,True
0001855457,"2022,2023",2,False,False,False,False,False,False,True,True,False,False
0001855467,"2022,2023,2024",3,False,False,False,False,False,False,True,True,True,False
0001855474,2025,1,False,False,False,False,False,False,False,False,False,True
0001855485,2022,1,False,False,False,False,False,False,True,False,False,False
0001855631,"2022,2023,2024",3,False,False,False,False,False,False,True,True,True,False
0001855644,"2022,2024,2025",3,False,False,False,False,False,False,True,False,True,True
0001855747,"2024,2025",2,False,False,False,False,False,False,False,False,True,True
0001855751,2022,1,False,False,False,False,False,False,True,False,False,False
0001855781,2025,1,False,False,False,False,False,False,False,False,False,True
0001856028,2024,1,False,False,False,False,False,False,False,False,True,False
0001856031,"2022,2023,2024,2025",4,False,False,False,False,False,False,True,True,True,True
0001856242,"2022,2023",2,False,False,False,False,False,False,True,True,False,False
0001856314,2025,1,False,False,False,False,False,False,False,False,False,True
0001856430,2024,1,False,False,False,False,False,False,False,False,True,False
0001856437,"2022,2023,2024,2025",4,False,False,False,False,False,False,True,True,True,True
0001856485,"2024,2025",2,False,False,False,False,False,False,False,False,True,True
0001856519,2022,1,False,False,False,False,False,False,True,False,False,False
0001856525,2025,1,False,False,False,False,False,False,False,False,False,True
0001856608,2024,1,False,False,False,False,False,False,False,False,True,False
0001856689,2022,1,False,False,False,False,False,False,True,False,False,False
0001856696,"2022,2023",2,False,False,False,False,False,False,True,True,False,False
0001856725,"2024,2025",2,False,False,False,False,False,False,False,False,True,True
0001856948,2023,1,False,False,False,False,False,False,False,True,False,False
0001856961,"2023,2024",2,False,False,False,False,False,False,False,True,True,False
0001856967,2025,1,False,False,False,False,False,False,False,False,False,True
0001857086,"2022,2023,2024,2025",4,False,False,False,False,False,False,True,True,True,True
0001857154,2025,1,False,False,False,False,False,False,False,False,False,True
0001857410,2024,1,False,False,False,False,False,False,False,False,True,False
0001857518,"2022,2023",2,False,False,False,False,False,False,True,True,False,False
0001857816,"2024,2025",2,False,False,False,False,False,False,False,False,True,True
0001857853,"2024,2025",2,False,False,False,False,False,False,False,False,True,True
0001857855,"2022,2025",2,False,False,False,False,False,False,True,False,False,True
0001858028,"2022,2023,2024",3,False,False,False,False,False,False,True,True,True,False
0001858180,2023,1,False,False,False,False,False,False,False,True,False,False
0001858257,"2021,2022,2023,2024,2025",5,False,False,False,False,False,True,True,True,True,True
0001858289,2025,1,False,False,False,False,False,False,False,False,False,True
0001858681,2025,1,False,False,False,False,False,False,False,False,False,True
0001858684,"2022,2023",2,False,False,False,False,False,False,True,True,False,False
0001858685,"2022,2025",2,False,False,False,False,False,False,True,False,False,True
0001858848,"2022,2023,2024,2025",4,False,False,False,False,False,False,True,True,True,True
0001858865,2025,1,False,False,False,False,False,False,False,False,False,True
0001859199,"2023,2024,2025",3,False,False,False,False,False,False,False,True,True,True
0001859285,"2022,2023,2024",3,False,False,False,False,False,False,True,True,True,False
0001859807,2022,1,False,False,False,False,False,False,True,False,False,False
0001859919,2025,1,False,False,False,False,False,False,False,False,False,True
0001860424,2025,1,False,False,False,False,False,False,False,False,False,True
0001860514,"2021,2022,2023,2025",4,False,False,False,False,False,True,True,True,False,True
0001860543,"2022,2023",2,False,False,False,False,False,False,True,True,False,False
0001860657,"2022,2023,2024,2025",4,False,False,False,False,False,False,True,True,True,True
0001860663,2022,1,False,False,False,False,False,False,True,False,False,False
0001860742,2025,1,False,False,False,False,False,False,False,False,False,True
0001860782,2022,1,False,False,False,False,False,False,True,False,False,False
0001860871,"2022,2023,2024,2025",4,False,False,False,False,False,False,True,True,True,True
0001861107,"2024,2025",2,False,False,False,False,False,False,False,False,True,True
0001861541,"2022,2023,2024",3,False,False,False,False,False,False,True,True,True,False
0001861560,"2024,2025",2,False,False,False,False,False,False,False,False,True,True
0001861622,"2022,2023,2024,2025",4,False,False,False,False,False,False,True,True,True,True
0001861657,"2022,2023",2,False,False,False,False,False,False,True,True,False,False
0001861795,"2021,2022,2023,2024,2025",5,False,False,False,False,False,True,True,True,True,True
0001862068,"2022,2023,2024",3,False,False,False,False,False,False,True,True,True,False
0001862080,2025,1,False,False,False,False,False,False,False,False,False,True
0001862150,"2023,2025",2,False,False,False,False,False,False,False,True,False,True
0001862327,"2022,2023",2,False,False,False,False,False,False,True,True,False,False
0001862463,"2022,2023,2024,2025",4,False,False,False,False,False,False,True,True,True,True
0001862935,2025,1,False,False,False,False,False,False,False,False,False,True
0001863294,"2022,2023",2,False,False,False,False,False,False,True,True,False,False
0001863688,"2023,2025",2,False,False,False,False,False,False,False,True,False,True
0001863719,2024,1,False,False,False,False,False,False,False,False,True,False
0001863990,"2024,2025",2,False,False,False,False,False,False,False,False,True,True
0001864032,2024,1,False,False,False,False,False,False,False,False,True,False
0001864196,2025,1,False,False,False,False,False,False,False,False,False,True
0001864448,"2021,2022,2023",3,False,False,False,False,False,True,True,True,False,False
0001864531,2025,1,False,False,False,False,False,False,False,False,False,True
0001864891,"2021,2022",2,False,False,False,False,False,True,True,False,False,False
0001864943,"2024,2025",2,False,False,False,False,False,False,False,False,True,True
0001865107,2025,1,False,False,False,False,False,False,False,False,False,True
0001865111,2024,1,False,False,False,False,False,False,False,False,True,False
0001865120,"2022,2023,2024,2025",4,False,False,False,False,False,False,True,True,True,True
0001865174,"2024,2025",2,False,False,False,False,False,False,False,False,True,True
0001865191,"2022,2023",2,False,False,False,False,False,False,True,True,False,False
0001865468,"2022,2023",2,False,False,False,False,False,False,True,True,False,False
0001865631,"2022,2023,2024,2025",4,False,False,False,False,False,False,True,True,True,True
0001865697,2024,1,False,False,False,False,False,False,False,False,True,False
0001865701,"2022,2023",2,False,False,False,False,False,False,True,True,False,False
0001865782,"2024,2025",2,False,False,False,False,False,False,False,False,True,True
0001865975,"2022,2023",2,False,False,False,False,False,False,True,True,False,False
0001866368,"2022,2023,2024,2025",4,False,False,False,False,False,False,True,True,True,True
0001866390,2023,1,False,False,False,False,False,False,False,True,False,False
0001866493,"2023,2025",2,False,False,False,False,False,False,False,True,False,True
0001866550,"2021,2022,2023,2024",4,False,False,False,False,False,True,True,True,True,False
0001866581,"2024,2025",2,False,False,False,False,False,False,False,False,True,True
0001866633,"2022,2023,2024,2025",4,False,False,False,False,False,False,True,True,True,True
0001866692,"2021,2022,2023,2024,2025",5,False,False,False,False,False,True,True,True,True,True
0001866757,"2021,2022,2023,2024,2025",5,False,False,False,False,False,True,True,True,True,True
0001866816,"2022,2023,2024,2025",4,False,False,False,False,False,False,True,True,True,True
0001866838,"2022,2023,2024,2025",4,False,False,False,False,False,False,True,True,True,True
0001867066,2025,1,False,False,False,False,False,False,False,False,False,True
0001867072,"2021,2022,2023,2024,2025",5,False,False,False,False,False,True,True,True,True,True
0001867096,"2023,2024,2025",3,False,False,False,False,False,False,False,True,True,True
0001867287,2023,1,False,False,False,False,False,False,False,True,False,False
0001867757,"2022,2023",2,False,False,False,False,False,False,True,True,False,False
0001867949,2025,1,False,False,False,False,False,False,False,False,False,True
0001868159,"2024,2025",2,False,False,False,False,False,False,False,False,True,True
0001868269,2024,1,False,False,False,False,False,False,False,False,True,False
0001868275,"2022,2024,2025",3,False,False,False,False,False,False,True,False,True,True
0001868279,"2024,2025",2,False,False,False,False,False,False,False,False,True,True
0001868419,2025,1,False,False,False,False,False,False,False,False,False,True
0001868516,2025,1,False,False,False,False,False,False,False,False,False,True
0001868573,2024,1,False,False,False,False,False,False,False,False,True,False
0001868640,"2022,2023,2024,2025",4,False,False,False,False,False,False,True,True,True,True
0001868726,"2024,2025",2,False,False,False,False,False,False,False,False,True,True
0001868778,"2021,2022,2023,2024,2025",5,False,False,False,False,False,True,True,True,True,True
0001868878,2025,1,False,False,False,False,False,False,False,False,False,True
0001868941,"2021,2022,2023,2024,2025",5,False,False,False,False,False,True,True,True,True,True
0001869141,"2022,2023",2,False,False,False,False,False,False,True,True,False,False
0001869198,"2024,2025",2,False,False,False,False,False,False,False,False,True,True
0001869453,2025,1,False,False,False,False,False,False,False,False,False,True
0001869601,"2023,2024,2025",3,False,False,False,False,False,False,False,True,True,True
0001869699,2025,1,False,False,False,False,False,False,False,False,False,True
0001869974,"2022,2025",2,False,False,False,False,False,False,True,False,False,True
0001870144,"2023,2024,2025",3,False,False,False,False,False,False,False,True,True,True
0001870267,"2024,2025",2,False,False,False,False,False,False,False,False,True,True
0001870404,2025,1,False,False,False,False,False,False,False,False,False,True
0001870471,2022,1,False,False,False,False,False,False,True,False,False,False
0001870600,2025,1,False,False,False,False,False,False,False,False,False,True
0001870925,"2022,2023",2,False,False,False,False,False,False,True,True,False,False
0001870997,2022,1,False,False,False,False,False,False,True,False,False,False
0001871509,2025,1,False,False,False,False,False,False,False,False,False,True
0001871630,"2024,2025",2,False,False,False,False,False,False,False,False,True,True
0001871638,"2022,2023,2024,2025",4,False,False,False,False,False,False,True,True,True,True
0001872347,"2023,2025",2,False,False,False,False,False,False,False,True,False,True
0001872356,2023,1,False,False,False,False,False,False,False,True,False,False
0001872371,"2023,2024,2025",3,False,False,False,False,False,False,False,True,True,True
0001872789,"2024,2025",2,False,False,False,False,False,False,False,False,True,True
0001873324,"2022,2023",2,False,False,False,False,False,False,True,True,False,False
0001873441,"2022,2023,2024",3,False,False,False,False,False,False,True,True,True,False
0001873722,"2022,2023,2024,2025",4,False,False,False,False,False,False,True,True,True,True
0001874097,"2021,2022,2023,2024,2025",5,False,False,False,False,False,True,True,True,True,True
0001874178,"2023,2024,2025",3,False,False,False,False,False,False,False,True,True,True
0001874315,2025,1,False,False,False,False,False,False,False,False,False,True
0001874875,"2022,2023,2024,2025",4,False,False,False,False,False,False,True,True,True,True
0001874944,"2022,2023,2024,2025",4,False,False,False,False,False,False,True,True,True,True
0001875493,"2024,2025",2,False,False,False,False,False,False,False,False,True,True
0001876255,2025,1,False,False,False,False,False,False,False,False,False,True
0001876588,"2022,2023,2024,2025",4,False,False,False,False,False,False,True,True,True,True
0001876714,"2022,2023",2,False,False,False,False,False,False,True,True,False,False
0001877461,"2023,2024,2025",3,False,False,False,False,False,False,False,True,True,True
0001877939,2023,1,False,False,False,False,False,False,False,True,False,False
0001878848,2025,1,False,False,False,False,False,False,False,False,False,True
0001878897,"2022,2023,2024,2025",4,False,False,False,False,False,False,True,True,True,True
0001879001,2025,1,False,False,False,False,False,False,False,False,False,True
0001879016,"2022,2023,2024,2025",4,False,False,False,False,False,False,True,True,True,True
0001879293,"2023,2024,2025",3,False,False,False,False,False,False,False,True,True,True
0001879373,"2024,2025",2,False,False,False,False,False,False,False,False,True,True
0001879403,"2024,2025",2,False,False,False,False,False,False,False,False,True,True
0001879726,"2023,2024,2025",3,False,False,False,False,False,False,False,True,True,True
0001879814,"2022,2023,2024,2025",4,False,False,False,False,False,False,True,True,True,True
0001879848,2025,1,False,False,False,False,False,False,False,False,False,True
0001880187,2025,1,False,False,False,False,False,False,False,False,False,True
0001880431,"2024,2025",2,False,False,False,False,False,False,False,False,True,True
0001880438,"2024,2025",2,False,False,False,False,False,False,False,False,True,True
0001880613,"2022,2023,2024,2025",4,False,False,False,False,False,False,True,True,True,True
0001880661,"2022,2024,2025",3,False,False,False,False,False,False,True,False,True,True
0001881326,2025,1,False,False,False,False,False,False,False,False,False,True
0001881462,"2022,2023,2024",3,False,False,False,False,False,False,True,True,True,False
0001881487,"2023,2025",2,False,False,False,False,False,False,False,True,False,True
0001881741,2023,1,False,False,False,False,False,False,False,True,False,False
0001882078,"2022,2023",2,False,False,False,False,False,False,True,True,False,False
0001882198,"2022,2023,2024,2025",4,False,False,False,False,False,False,True,True,True,True
0001882781,2025,1,False,False,False,False,False,False,False,False,False,True
0001882850,"2024,2025",2,False,False,False,False,False,False,False,False,True,True
0001883085,"2024,2025",2,False,False,False,False,False,False,False,False,True,True
0001883246,2025,1,False,False,False,False,False,False,False,False,False,True
0001883313,"2023,2024,2025",3,False,False,False,False,False,False,False,True,True,True
0001883685,"2023,2024,2025",3,False,False,False,False,False,False,False,True,True,True
0001883788,"2022,2023,2024,2025",4,False,False,False,False,False,False,True,True,True,True
0001883835,2025,1,False,False,False,False,False,False,False,False,False,True
0001883962,"2022,2023",2,False,False,False,False,False,False,True,True,False,False
0001883983,"2022,2023,2024",3,False,False,False,False,False,False,True,True,True,False
0001883984,"2024,2025",2,False,False,False,False,False,False,False,False,True,True
0001884046,"2024,2025",2,False,False,False,False,False,False,False,False,True,True
0001884164,"2022,2023,2024,2025",4,False,False,False,False,False,False,True,True,True,True
0001884697,2022,1,False,False,False,False,False,False,True,False,False,False
0001885461,"2022,2023,2024,2025",4,False,False,False,False,False,False,True,True,True,True
0001885522,"2023,2024,2025",3,False,False,False,False,False,False,False,True,True,True
0001885849,"2022,2023,2024",3,False,False,False,False,False,False,True,True,True,False
0001885855,2025,1,False,False,False,False,False,False,False,False,False,True
0001885968,2025,1,False,False,False,False,False,False,False,False,False,True
0001886268,2023,1,False,False,False,False,False,False,False,True,False,False
0001886362,"2023,2024",2,False,False,False,False,False,False,False,True,True,False
0001886799,2024,1,False,False,False,False,False,False,False,False,True,False
0001886894,"2024,2025",2,False,False,False,False,False,False,False,False,True,True
0001887944,"2024,2025",2,False,False,False,False,False,False,False,False,True,True
0001888447,2025,1,False,False,False,False,False,False,False,False,False,True
0001888654,"2024,2025",2,False,False,False,False,False,False,False,False,True,True
0001888734,2022,1,False,False,False,False,False,False,True,False,False,False
0001888886,"2023,2024,2025",3,False,False,False,False,False,False,False,True,True,True
0001889106,"2023,2024,2025",3,False,False,False,False,False,False,False,True,True,True
0001889123,"2022,2023,2024,2025",4,False,False,False,False,False,False,True,True,True,True
0001889297,2025,1,False,False,False,False,False,False,False,False,False,True
0001889450,"2022,2023,2024,2025",4,False,False,False,False,False,False,True,True,True,True
0001889539,"2023,2024,2025",3,False,False,False,False,False,False,False,True,True,True
0001889668,2025,1,False,False,False,False,False,False,False,False,False,True
0001889956,"2024,2025",2,False,False,False,False,False,False,False,False,True,True
0001890702,"2023,2024,2025",3,False,False,False,False,False,False,False,True,True,True
0001891101,"2023,2024,2025",3,False,False,False,False,False,False,False,True,True,True
0001891818,2025,1,False,False,False,False,False,False,False,False,False,True
0001892292,"2023,2024,2025",3,False,False,False,False,False,False,False,True,True,True
0001892322,"2022,2023,2024,2025",4,False,False,False,False,False,False,True,True,True,True
0001892492,2023,1,False,False,False,False,False,False,False,True,False,False
0001892747,"2023,2024,2025",3,False,False,False,False,False,False,False,True,True,True
0001892922,"2023,2024",2,False,False,False,False,False,False,False,True,True,False
0001893219,"2022,2023,2024",3,False,False,False,False,False,False,True,True,True,False
0001893311,"2023,2024",2,False,False,False,False,False,False,False,True,True,False
0001894057,2022,1,False,False,False,False,False,False,True,False,False,False
0001894525,2025,1,False,False,False,False,False,False,False,False,False,True
0001894562,"2023,2024,2025",3,False,False,False,False,False,False,False,True,True,True
0001894714,2025,1,False,False,False,False,False,False,False,False,False,True
0001894954,2024,1,False,False,False,False,False,False,False,False,True,False
0001895116,2025,1,False,False,False,False,False,False,False,False,False,True
0001895249,"2023,2024,2025",3,False,False,False,False,False,False,False,True,True,True
0001895262,"2024,2025",2,False,False,False,False,False,False,False,False,True,True
0001895567,2025,1,False,False,False,False,False,False,False,False,False,True
0001895618,"2023,2024,2025",3,False,False,False,False,False,False,False,True,True,True
0001896212,"2022,2023,2025",3,False,False,False,False,False,False,True,True,False,True
0001897762,"2024,2025",2,False,False,False,False,False,False,False,False,True,True
0001897982,"2023,2024",2,False,False,False,False,False,False,False,True,True,False
0001898474,"2024,2025",2,False,False,False,False,False,False,False,False,True,True
0001898496,"2022,2023,2024,2025",4,False,False,False,False,False,False,True,True,True,True
0001899883,2025,1,False,False,False,False,False,False,False,False,False,True
0001900454,"2024,2025",2,False,False,False,False,False,False,False,False,True,True
0001900520,2025,1,False,False,False,False,False,False,False,False,False,True
0001901164,2025,1,False,False,False,False,False,False,False,False,False,True
0001901203,"2024,2025",2,False,False,False,False,False,False,False,False,True,True
0001901297,2025,1,False,False,False,False,False,False,False,False,False,True
0001901305,2024,1,False,False,False,False,False,False,False,False,True,False
0001901336,2024,1,False,False,False,False,False,False,False,False,True,False
0001901440,"2024,2025",2,False,False,False,False,False,False,False,False,True,True
0001901606,2025,1,False,False,False,False,False,False,False,False,False,True
0001901612,2025,1,False,False,False,False,False,False,False,False,False,True
0001901637,2025,1,False,False,False,False,False,False,False,False,False,True
0001901799,2025,1,False,False,False,False,False,False,False,False,False,True
0001901814,2025,1,False,False,False,False,False,False,False,False,False,True
0001902314,2025,1,False,False,False,False,False,False,False,False,False,True
0001902649,"2024,2025",2,False,False,False,False,False,False,False,False,True,True
0001902733,"2022,2023,2024,2025",4,False,False,False,False,False,False,True,True,True,True
0001902794,"2023,2024",2,False,False,False,False,False,False,False,True,True,False
0001903595,2025,1,False,False,False,False,False,False,False,False,False,True
0001903688,2025,1,False,False,False,False,False,False,False,False,False,True
0001905956,"2022,2023,2024,2025",4,False,False,False,False,False,False,True,True,True,True
0001906324,"2024,2025",2,False,False,False,False,False,False,False,False,True,True
0001907059,2025,1,False,False,False,False,False,False,False,False,False,True
0001907425,"2023,2024,2025",3,False,False,False,False,False,False,False,True,True,True
0001907982,"2023,2024,2025",3,False,False,False,False,False,False,False,True,True,True
0001909152,2022,1,False,False,False,False,False,False,True,False,False,False
0001909770,"2023,2024,2025",3,False,False,False,False,False,False,False,True,True,True
0001910139,"2022,2023,2024,2025",4,False,False,False,False,False,False,True,True,True,True
0001910851,"2023,2024",2,False,False,False,False,False,False,False,True,True,False
0001911321,2025,1,False,False,False,False,False,False,False,False,False,True
0001911545,"2023,2024,2025",3,False,False,False,False,False,False,False,True,True,True
0001912461,"2023,2024,2025",3,False,False,False,False,False,False,False,True,True,True
0001912509,2025,1,False,False,False,False,False,False,False,False,False,True
0001912582,2025,1,False,False,False,False,False,False,False,False,False,True
0001912724,2025,1,False,False,False,False,False,False,False,False,False,True
0001913577,"2023,2024,2025",3,False,False,False,False,False,False,False,True,True,True
0001913593,2025,1,False,False,False,False,False,False,False,False,False,True
0001913724,"2024,2025",2,False,False,False,False,False,False,False,False,True,True
0001913971,2025,1,False,False,False,False,False,False,False,False,False,True
0001914023,"2023,2024",2,False,False,False,False,False,False,False,True,True,False
0001914496,2025,1,False,False,False,False,False,False,False,False,False,True
0001915328,"2023,2024,2025",3,False,False,False,False,False,False,False,True,True,True
0001915380,"2023,2024,2025",3,False,False,False,False,False,False,False,True,True,True
0001915657,"2024,2025",2,False,False,False,False,False,False,False,False,True,True
0001916099,2025,1,False,False,False,False,False,False,False,False,False,True
0001918712,"2024,2025",2,False,False,False,False,False,False,False,False,True,True
0001919182,"2024,2025",2,False,False,False,False,False,False,False,False,True,True
0001919246,"2024,2025",2,False,False,False,False,False,False,False,False,True,True
0001919369,2025,1,False,False,False,False,False,False,False,False,False,True
0001920145,"2024,2025",2,False,False,False,False,False,False,False,False,True,True
0001920406,"2023,2024,2025",3,False,False,False,False,False,False,False,True,True,True
0001921064,2025,1,False,False,False,False,False,False,False,False,False,True
0001921865,"2023,2024,2025",3,False,False,False,False,False,False,False,True,True,True
0001921963,2024,1,False,False,False,False,False,False,False,False,True,False
0001922331,"2024,2025",2,False,False,False,False,False,False,False,False,True,True
0001922335,"2023,2024,2025",3,False,False,False,False,False,False,False,True,True,True
0001923622,2025,1,False,False,False,False,False,False,False,False,False,True
0001923780,"2024,2025",2,False,False,False,False,False,False,False,False,True,True
0001923891,"2024,2025",2,False,False,False,False,False,False,False,False,True,True
0001924780,2025,1,False,False,False,False,False,False,False,False,False,True
0001924870,"2023,2025",2,False,False,False,False,False,False,False,True,False,True
0001925309,2024,1,False,False,False,False,False,False,False,False,True,False
0001925531,2025,1,False,False,False,False,False,False,False,False,False,True
0001926900,"2023,2025",2,False,False,False,False,False,False,False,True,False,True
0001927678,"2023,2024,2025",3,False,False,False,False,False,False,False,True,True,True
0001928446,"2024,2025",2,False,False,False,False,False,False,False,False,True,True
0001929561,"2024,2025",2,False,False,False,False,False,False,False,False,True,True
0001929589,"2023,2024",2,False,False,False,False,False,False,False,True,True,False
0001930021,"2023,2024,2025",3,False,False,False,False,False,False,False,True,True,True
0001930054,"2023,2024,2025",3,False,False,False,False,False,False,False,True,True,True
0001930087,2025,1,False,False,False,False,False,False,False,False,False,True
0001930313,"2024,2025",2,False,False,False,False,False,False,False,False,True,True
0001930679,2025,1,False,False,False,False,False,False,False,False,False,True
0001932244,"2022,2023,2024",3,False,False,False,False,False,False,True,True,True,False
0001932393,"2023,2024,2025",3,False,False,False,False,False,False,False,True,True,True
0001932591,2025,1,False,False,False,False,False,False,False,False,False,True
0001932997,2025,1,False,False,False,False,False,False,False,False,False,True
0001934064,"2023,2024",2,False,False,False,False,False,False,False,True,True,False
0001934850,"2024,2025",2,False,False,False,False,False,False,False,False,True,True
0001934945,2025,1,False,False,False,False,False,False,False,False,False,True
0001935092,"2023,2024,2025",3,False,False,False,False,False,False,False,True,True,True
0001935979,"2022,2023",2,False,False,False,False,False,False,True,True,False,False
0001936224,"2024,2025",2,False,False,False,False,False,False,False,False,True,True
0001936255,"2024,2025",2,False,False,False,False,False,False,False,False,True,True
0001936258,2025,1,False,False,False,False,False,False,False,False,False,True
0001936737,"2024,2025",2,False,False,False,False,False,False,False,False,True,True
0001937096,2023,1,False,False,False,False,False,False,False,True,False,False
0001937926,2025,1,False,False,False,False,False,False,False,False,False,True
0001937985,2025,1,False,False,False,False,False,False,False,False,False,True
0001937987,"2024,2025",2,False,False,False,False,False,False,False,False,True,True
0001938109,"2023,2024,2025",3,False,False,False,False,False,False,False,True,True,True
0001938338,"2024,2025",2,False,False,False,False,False,False,False,False,True,True
0001939365,2024,1,False,False,False,False,False,False,False,False,True,False
0001939433,"2024,2025",2,False,False,False,False,False,False,False,False,True,True
0001940177,"2024,2025",2,False,False,False,False,False,False,False,False,True,True
0001941029,2025,1,False,False,False,False,False,False,False,False,False,True
0001942599,"2023,2024,2025",3,False,False,False,False,False,False,False,True,True,True
0001943289,"2024,2025",2,False,False,False,False,False,False,False,False,True,True
0001943896,"2024,2025",2,False,False,False,False,False,False,False,False,True,True
0001944048,"2023,2024,2025",3,False,False,False,False,False,False,False,True,True,True
0001944366,"2024,2025",2,False,False,False,False,False,False,False,False,True,True
0001944831,2025,1,False,False,False,False,False,False,False,False,False,True
0001945422,2024,1,False,False,False,False,False,False,False,False,True,False
0001945619,"2024,2025",2,False,False,False,False,False,False,False,False,True,True
0001946021,"2023,2024,2025",3,False,False,False,False,False,False,False,True,True,True
0001946375,2025,1,False,False,False,False,False,False,False,False,False,True
0001946573,2025,1,False,False,False,False,False,False,False,False,False,True
0001947210,"2024,2025",2,False,False,False,False,False,False,False,False,True,True
0001947861,2024,1,False,False,False,False,False,False,False,False,True,False
0001948056,"2024,2025",2,False,False,False,False,False,False,False,False,True,True
0001948175,"2023,2024,2025",3,False,False,False,False,False,False,False,True,True,True
0001948368,2025,1,False,False,False,False,False,False,False,False,False,True
0001948455,2025,1,False,False,False,False,False,False,False,False,False,True
0001949543,"2024,2025",2,False,False,False,False,False,False,False,False,True,True
0001949864,"2024,2025",2,False,False,False,False,False,False,False,False,True,True
0001950140,2025,1,False,False,False,False,False,False,False,False,False,True
0001950141,2025,1,False,False,False,False,False,False,False,False,False,True
0001950572,"2024,2025",2,False,False,False,False,False,False,False,False,True,True
0001950803,"2024,2025",2,False,False,False,False,False,False,False,False,True,True
0001950976,2025,1,False,False,False,False,False,False,False,False,False,True
0001952853,2025,1,False,False,False,False,False,False,False,False,False,True
0001952976,2025,1,False,False,False,False,False,False,False,False,False,True
0001953926,2025,1,False,False,False,False,False,False,False,False,False,True
0001954360,2024,1,False,False,False,False,False,False,False,False,True,False
0001955010,2025,1,False,False,False,False,False,False,False,False,False,True
0001955520,"2024,2025",2,False,False,False,False,False,False,False,False,True,True
0001956055,"2024,2025",2,False,False,False,False,False,False,False,False,True,True
0001956955,"2024,2025",2,False,False,False,False,False,False,False,False,True,True
0001957662,"2024,2025",2,False,False,False,False,False,False,False,False,True,True
0001957845,"2024,2025",2,False,False,False,False,False,False,False,False,True,True
0001958086,"2024,2025",2,False,False,False,False,False,False,False,False,True,True
0001958140,"2024,2025",2,False,False,False,False,False,False,False,False,True,True
0001958501,2025,1,False,False,False,False,False,False,False,False,False,True
0001958777,2025,1,False,False,False,False,False,False,False,False,False,True
0001959023,"2024,2025",2,False,False,False,False,False,False,False,False,True,True
0001959472,"2024,2025",2,False,False,False,False,False,False,False,False,True,True
0001959568,"2024,2025",2,False,False,False,False,False,False,False,False,True,True
0001959604,"2024,2025",2,False,False,False,False,False,False,False,False,True,True
0001959961,"2024,2025",2,False,False,False,False,False,False,False,False,True,True
0001960262,"2023,2024,2025",3,False,False,False,False,False,False,False,True,True,True
0001960847,2025,1,False,False,False,False,False,False,False,False,False,True
0001961629,"2024,2025",2,False,False,False,False,False,False,False,False,True,True
0001961847,"2024,2025",2,False,False,False,False,False,False,False,False,True,True
0001962918,2025,1,False,False,False,False,False,False,False,False,False,True
0001963088,"2024,2025",2,False,False,False,False,False,False,False,False,True,True
0001963685,"2024,2025",2,False,False,False,False,False,False,False,False,True,True
0001964738,"2024,2025",2,False,False,False,False,False,False,False,False,True,True
0001964789,"2023,2024,2025",3,False,False,False,False,False,False,False,True,True,True
0001964979,"2023,2024,2025",3,False,False,False,False,False,False,False,True,True,True
0001965040,"2024,2025",2,False,False,False,False,False,False,False,False,True,True
0001965934,2025,1,False,False,False,False,False,False,False,False,False,True
0001966002,"2024,2025",2,False,False,False,False,False,False,False,False,True,True
0001966434,"2024,2025",2,False,False,False,False,False,False,False,False,True,True
0001966494,"2024,2025",2,False,False,False,False,False,False,False,False,True,True
0001966734,"2023,2024",2,False,False,False,False,False,False,False,True,True,False
0001967649,2025,1,False,False,False,False,False,False,False,False,False,True
0001967945,"2024,2025",2,False,False,False,False,False,False,False,False,True,True
0001968487,"2024,2025",2,False,False,False,False,False,False,False,False,True,True
0001968915,2025,1,False,False,False,False,False,False,False,False,False,True
0001969475,2024,1,False,False,False,False,False,False,False,False,True,False
0001970622,"2024,2025",2,False,False,False,False,False,False,False,False,True,True
0001970781,"2024,2025",2,False,False,False,False,False,False,False,False,True,True
0001971213,"2024,2025",2,False,False,False,False,False,False,False,False,True,True
0001971381,"2024,2025",2,False,False,False,False,False,False,False,False,True,True
0001971532,"2024,2025",2,False,False,False,False,False,False,False,False,True,True
0001972529,"2024,2025",2,False,False,False,False,False,False,False,False,True,True
0001972920,"2024,2025",2,False,False,False,False,False,False,False,False,True,True
0001973266,"2024,2025",2,False,False,False,False,False,False,False,False,True,True
0001973476,2025,1,False,False,False,False,False,False,False,False,False,True
0001974138,2025,1,False,False,False,False,False,False,False,False,False,True
0001974587,2024,1,False,False,False,False,False,False,False,False,True,False
0001974640,"2024,2025",2,False,False,False,False,False,False,False,False,True,True
0001974793,"2023,2024,2025",3,False,False,False,False,False,False,False,True,True,True
0001975736,2025,1,False,False,False,False,False,False,False,False,False,True
0001975931,2023,1,False,False,False,False,False,False,False,True,False,False
0001976336,2025,1,False,False,False,False,False,False,False,False,False,True
0001976663,"2023,2024,2025",3,False,False,False,False,False,False,False,True,True,True
0001976719,2025,1,False,False,False,False,False,False,False,False,False,True
0001976923,2024,1,False,False,False,False,False,False,False,False,True,False
0001976927,2025,1,False,False,False,False,False,False,False,False,False,True
0001977837,"2023,2024,2025",3,False,False,False,False,False,False,False,True,True,True
0001978111,"2024,2025",2,False,False,False,False,False,False,False,False,True,True
0001979005,"2024,2025",2,False,False,False,False,False,False,False,False,True,True
0001979306,2025,1,False,False,False,False,False,False,False,False,False,True
0001979330,"2024,2025",2,False,False,False,False,False,False,False,False,True,True
0001979748,"2024,2025",2,False,False,False,False,False,False,False,False,True,True
0001979859,2025,1,False,False,False,False,False,False,False,False,False,True
0001980295,"2024,2025",2,False,False,False,False,False,False,False,False,True,True
0001981535,2025,1,False,False,False,False,False,False,False,False,False,True
0001981599,2025,1,False,False,False,False,False,False,False,False,False,True
0001981769,2025,1,False,False,False,False,False,False,False,False,False,True
0001981792,"2024,2025",2,False,False,False,False,False,False,False,False,True,True
0001982178,"2024,2025",2,False,False,False,False,False,False,False,False,True,True
0001982518,2025,1,False,False,False,False,False,False,False,False,False,True
0001982701,2025,1,False,False,False,False,False,False,False,False,False,True
0001983514,2025,1,False,False,False,False,False,False,False,False,False,True
0001983736,"2023,2024,2025",3,False,False,False,False,False,False,False,True,True,True
0001984060,2025,1,False,False,False,False,False,False,False,False,False,True
0001984086,"2024,2025",2,False,False,False,False,False,False,False,False,True,True
0001984246,"2024,2025",2,False,False,False,False,False,False,False,False,True,True
0001985554,"2024,2025",2,False,False,False,False,False,False,False,False,True,True
0001985684,"2024,2025",2,False,False,False,False,False,False,False,False,True,True
0001986395,2025,1,False,False,False,False,False,False,False,False,False,True
0001987221,2025,1,False,False,False,False,False,False,False,False,False,True
0001987419,2025,1,False,False,False,False,False,False,False,False,False,True
0001987731,2025,1,False,False,False,False,False,False,False,False,False,True
0001988494,2025,1,False,False,False,False,False,False,False,False,False,True
0001989817,2025,1,False,False,False,False,False,False,False,False,False,True
0001990354,"2024,2025",2,False,False,False,False,False,False,False,False,True,True
0001991192,"2024,2025",2,False,False,False,False,False,False,False,False,True,True
0001991524,"2024,2025",2,False,False,False,False,False,False,False,False,True,True
0001991792,2025,1,False,False,False,False,False,False,False,False,False,True
0001992084,2025,1,False,False,False,False,False,False,False,False,False,True
0001992243,2025,1,False,False,False,False,False,False,False,False,False,True
0001992508,2025,1,False,False,False,False,False,False,False,False,False,True
0001993004,"2024,2025",2,False,False,False,False,False,False,False,False,True,True
0001994342,"2024,2025",2,False,False,False,False,False,False,False,False,True,True
0001994624,2025,1,False,False,False,False,False,False,False,False,False,True
0001994702,2025,1,False,False,False,False,False,False,False,False,False,True
0001994754,2025,1,False,False,False,False,False,False,False,False,False,True
0001995500,2025,1,False,False,False,False,False,False,False,False,False,True
0001995807,2025,1,False,False,False,False,False,False,False,False,False,True
0001995920,"2024,2025",2,False,False,False,False,False,False,False,False,True,True
0001996001,2025,1,False,False,False,False,False,False,False,False,False,True
0001996192,"2024,2025",2,False,False,False,False,False,False,False,False,True,True
0001996810,2025,1,False,False,False,False,False,False,False,False,False,True
0001996862,"2024,2025",2,False,False,False,False,False,False,False,False,True,True
0001997652,"2024,2025",2,False,False,False,False,False,False,False,False,True,True
0001997859,"2024,2025",2,False,False,False,False,False,False,False,False,True,True
0001998392,2025,1,False,False,False,False,False,False,False,False,False,True
0001999480,"2024,2025",2,False,False,False,False,False,False,False,False,True,True
0001999538,2025,1,False,False,False,False,False,False,False,False,False,True
0002000597,"2024,2025",2,False,False,False,False,False,False,False,False,True,True
0002000640,"2024,2025",2,False,False,False,False,False,False,False,False,True,True
0002000762,"2024,2025",2,False,False,False,False,False,False,False,False,True,True
0002001557,"2024,2025",2,False,False,False,False,False,False,False,False,True,True
0002002473,2025,1,False,False,False,False,False,False,False,False,False,True
0002005951,"2024,2025",2,False,False,False,False,False,False,False,False,True,True
0002006016,2025,1,False,False,False,False,False,False,False,False,False,True
0002006370,2025,1,False,False,False,False,False,False,False,False,False,True
0002006440,2025,1,False,False,False,False,False,False,False,False,False,True
0002007596,2025,1,False,False,False,False,False,False,False,False,False,True
0002007855,2025,1,False,False,False,False,False,False,False,False,False,True
0002008861,2025,1,False,False,False,False,False,False,False,False,False,True
0002009312,2025,1,False,False,False,False,False,False,False,False,False,True
0002010653,2025,1,False,False,False,False,False,False,False,False,False,True
0002010788,2025,1,False,False,False,False,False,False,False,False,False,True
0002010930,2025,1,False,False,False,False,False,False,False,False,False,True
0002011134,2025,1,False,False,False,False,False,False,False,False,False,True
0002011208,"2024,2025",2,False,False,False,False,False,False,False,False,True,True
0002011286,"2024,2025",2,False,False,False,False,False,False,False,False,True,True
0002011641,"2024,2025",2,False,False,False,False,False,False,False,False,True,True
0002012265,2025,1,False,False,False,False,False,False,False,False,False,True
0002012383,2025,1,False,False,False,False,False,False,False,False,False,True
0002012481,2025,1,False,False,False,False,False,False,False,False,False,True
0002012593,"2024,2025",2,False,False,False,False,False,False,False,False,True,True
0002012807,"2024,2025",2,False,False,False,False,False,False,False,False,True,True
0002012839,2025,1,False,False,False,False,False,False,False,False,False,True
0002013639,2025,1,False,False,False,False,False,False,False,False,False,True
0002013744,2025,1,False,False,False,False,False,False,False,False,False,True
0002013745,2025,1,False,False,False,False,False,False,False,False,False,True
0002013807,"2024,2025",2,False,False,False,False,False,False,False,False,True,True
0002013825,2025,1,False,False,False,False,False,False,False,False,False,True
0002014596,2025,1,False,False,False,False,False,False,False,False,False,True
0002014982,2025,1,False,False,False,False,False,False,False,False,False,True
0002015845,2025,1,False,False,False,False,False,False,False,False,False,True
0002016167,"2024,2025",2,False,False,False,False,False,False,False,False,True,True
0002016420,2025,1,False,False,False,False,False,False,False,False,False,True
0002017206,2025,1,False,False,False,False,False,False,False,False,False,True
0002017758,2025,1,False,False,False,False,False,False,False,False,False,True
0002017898,2025,1,False,False,False,False,False,False,False,False,False,True
0002018064,2025,1,False,False,False,False,False,False,False,False,False,True
0002018145,2025,1,False,False,False,False,False,False,False,False,False,True
0002019505,2025,1,False,False,False,False,False,False,False,False,False,True
0002020017,2025,1,False,False,False,False,False,False,False,False,False,True
0002020385,2025,1,False,False,False,False,False,False,False,False,False,True
0002020919,"2024,2025",2,False,False,False,False,False,False,False,False,True,True
0002020987,2025,1,False,False,False,False,False,False,False,False,False,True
0002022416,2025,1,False,False,False,False,False,False,False,False,False,True
0002022503,2025,1,False,False,False,False,False,False,False,False,False,True
0002022626,"2024,2025",2,False,False,False,False,False,False,False,False,True,True
0002022685,2025,1,False,False,False,False,False,False,False,False,False,True
0002023106,2025,1,False,False,False,False,False,False,False,False,False,True
0002023554,2025,1,False,False,False,False,False,False,False,False,False,True
0002023658,"2024,2025",2,False,False,False,False,False,False,False,False,True,True
0002023730,2025,1,False,False,False,False,False,False,False,False,False,True
0002024203,2025,1,False,False,False,False,False,False,False,False,False,True
0002024274,2025,1,False,False,False,False,False,False,False,False,False,True
0002024306,2025,1,False,False,False,False,False,False,False,False,False,True
0002024812,2025,1,False,False,False,False,False,False,False,False,False,True
0002025341,2025,1,False,False,False,False,False,False,False,False,False,True
0002025410,"2024,2025",2,False,False,False,False,False,False,False,False,True,True
0002025878,2025,1,False,False,False,False,False,False,False,False,False,True
0002026353,2025,1,False,False,False,False,False,False,False,False,False,True
0002027317,2025,1,False,False,False,False,False,False,False,False,False,True
0002028293,2025,1,False,False,False,False,False,False,False,False,False,True
0002028336,2025,1,False,False,False,False,False,False,False,False,False,True
0002028355,2025,1,False,False,False,False,False,False,False,False,False,True
0002028516,2025,1,False,False,False,False,False,False,False,False,False,True
0002028614,2025,1,False,False,False,False,False,False,False,False,False,True
0002028686,2025,1,False,False,False,False,False,False,False,False,False,True
0002028699,2025,1,False,False,False,False,False,False,False,False,False,True
0002028707,2025,1,False,False,False,False,False,False,False,False,False,True
0002029023,2025,1,False,False,False,False,False,False,False,False,False,True
0002029118,2025,1,False,False,False,False,False,False,False,False,False,True
0002029492,2025,1,False,False,False,False,False,False,False,False,False,True
0002029769,2025,1,False,False,False,False,False,False,False,False,False,True
0002030476,2025,1,False,False,False,False,False,False,False,False,False,True
0002030482,2025,1,False,False,False,False,False,False,False,False,False,True
0002030522,2025,1,False,False,False,False,False,False,False,False,False,True
0002030763,2025,1,False,False,False,False,False,False,False,False,False,True
0002030772,2025,1,False,False,False,False,False,False,False,False,False,True
0002030781,2025,1,False,False,False,False,False,False,False,False,False,True
0002030829,2025,1,False,False,False,False,False,False,False,False,False,True
0002030954,2025,1,False,False,False,False,False,False,False,False,False,True
0002031283,2025,1,False,False,False,False,False,False,False,False,False,True
0002031750,2025,1,False,False,False,False,False,False,False,False,False,True
0002032019,2025,1,False,False,False,False,False,False,False,False,False,True
0002032020,2025,1,False,False,False,False,False,False,False,False,False,True
0002032528,2025,1,False,False,False,False,False,False,False,False,False,True
0002032545,2025,1,False,False,False,False,False,False,False,False,False,True
0002032772,2025,1,False,False,False,False,False,False,False,False,False,True
0002032950,2025,1,False,False,False,False,False,False,False,False,False,True
0002032966,2025,1,False,False,False,False,False,False,False,False,False,True
0002033264,2025,1,False,False,False,False,False,False,False,False,False,True
0002033695,2025,1,False,False,False,False,False,False,False,False,False,True
0002034418,2025,1,False,False,False,False,False,False,False,False,False,True
0002034721,2025,1,False,False,False,False,False,False,False,False,False,True
0002037804,2025,1,False,False,False,False,False,False,False,False,False,True
0002038118,2025,1,False,False,False,False,False,False,False,False,False,True
0002038432,2025,1,False,False,False,False,False,False,False,False,False,True
0002038439,2025,1,False,False,False,False,False,False,False,False,False,True
0002039058,2025,1,False,False,False,False,False,False,False,False,False,True
0002039612,2025,1,False,False,False,False,False,False,False,False,False,True
0002039768,2025,1,False,False,False,False,False,False,False,False,False,True
0002040127,2025,1,False,False,False,False,False,False,False,False,False,True
0002040807,2025,1,False,False,False,False,False,False,False,False,False,True
0002042694,"2024,2025",2,False,False,False,False,False,False,False,False,True,True
0002044009,2025,1,False,False,False,False,False,False,False,False,False,True
0002044180,2025,1,False,False,False,False,False,False,False,False,False,True
0002044491,2025,1,False,False,False,False,False,False,False,False,False,True
0002044614,2025,1,False,False,False,False,False,False,False,False,False,True
0002044630,2025,1,False,False,False,False,False,False,False,False,False,True
0002047497,2025,1,False,False,False,False,False,False,False,False,False,True
0002050338,2025,1,False,False,False,False,False,False,False,False,False,True
0002052959,2025,1,False,False,False,False,False,False,False,False,False,True
0002057381,2025,1,False,False,False,False,False,False,False,False,False,True
