cik,name,name_clean,ticker,gvkey,sic,name_source
0000001750,AAR CORP,aar,AIR,1004,5080.0,base
0000001800,ABBOTT LABORATORIES,abbott laboratories,ABT,1078,3845.0,base
0000001961,WORLDS INC,worlds,WDDD,1084,7370.0,base
0000002098,ACME UNITED CORP,acme united,ACU,1104,3842.0,base
0000002178,ADAMS RESOURCES & ENERGY INC,adams resources energy,AE,1121,5172.0,crosswalk
0000002186,BK Technologies Corp,bk technologies,RWC,1117,3663.0,base
0000002488,ADVANCED MICRO DEVICES INC,advanced micro devices,AMD,1161,3674.0,base
0000002969,"Air Products & Chemicals, Inc.",air products chemicals,APD,1209,2810.0,base
0000003146,SPIRE ALABAMA INC,spire alabama,,1224,4924.0,base
0000003153,ALABAMA POWER CO,alabama power,ALPPRN,1225,4911.0,base
0000003197,CECO ENVIRONMENTAL CORP,ceco environmental,CECE,1050,3564.0,base
0000003453,"Matson, Inc.",matson,MATX,1254,4400.0,base
0000003499,ALEXANDERS INC,alexanders,ALX,1257,6798.0,base
0000003545,"ALICO, INC.",alico,ALCO,1266,100.0,base
0000003570,"Cheniere Energy, Inc.",cheniere energy,LNG,29453,1311.0,base
0000004127,"SKYWORKS SOLUTIONS, INC.",skyworks solutions,SWKS,1327,3674.0,base
0000004281,Howmet Aerospace Inc.,howmet aerospace,AA,28192,3728.0,base
0000004447,HESS CORP,hess,HES,1380,1311.0,base
0000004457,U-Haul Holding Co /NV/,uhaul holding co nv,UHAL,1393,7510.0,base
0000004515,"AMERICAN AIRLINES, INC.",american airlines,,1388,4512.0,base
0000004904,AMERICAN ELECTRIC POWER CO INC,american electric power,AEP,1440,4911.0,base
0000004962,AMERICAN EXPRESS CO,american express,AXP,1447,6141.0,base
0000004977,AFLAC INC,aflac,AFL,1449,6321.0,base
0000005272,"AMERICAN INTERNATIONAL GROUP, INC.",american international group,AIG,1487,6331.0,base
0000005513,Unum Group,unum,UNM,12726,6321.0,base
0000005981,AMERICAN VANGUARD CORP,american vanguard,AVD,1585,2870.0,base
0000006176,AMPCO PITTSBURGH CORP,ampco pittsburgh,AP,1613,3312.0,base
0000006201,American Airlines Group Inc.,american airlines,AAL,1045,4512.0,base
0000006207,AMREP CORP.,amrep,AXR,1618,6552.0,base
0000006281,ANALOG DEVICES INC,analog devices,ADI,1632,3674.0,base
0000006769,Apache Corp,apache,APA,,1311.0,ticker_map
0000006845,"APOGEE ENTERPRISES, INC.",apogee enterprises,APOG,1686,3442.0,base
0000006879,APPALACHIAN POWER CO,appalachian power,,1689,4911.0,base
0000006951,APPLIED MATERIALS INC /DE,applied materials inc de,AMAT,1704,3559.0,base
0000006955,ENERPAC TOOL GROUP CORP,enerpac tool,ATU,1706,3533.0,base
0000007084,Archer-Daniels-Midland Co,archerdanielsmidland,ADM,1722,2070.0,base
0000007286,ARIZONA PUBLIC SERVICE CO,arizona public service,,1742,4911.0,base
0000007323,"ENTERGY ARKANSAS, LLC",entergy arkansas,,1745,4911.0,base
0000007332,SOUTHWESTERN ENERGY CO,southwestern energy,SWN,9904,1311.0,crosswalk
0000007431,ARMSTRONG WORLD INDUSTRIES INC,armstrong world industries,AWI,175689,3290.0,base
0000007536,"ARROW ELECTRONICS, INC.",arrow electronics,ARW,1773,5065.0,base
0000007623,ARTS WAY MANUFACTURING CO INC,arts way manufacturing,ARTW,1783,3523.0,base
0000007789,ASSOCIATED BANC-CORP,associated banccorp,ASBC,11842,6020.0,base
0000008063,ASTRONICS CORP,astronics,ATRO,1823,3640.0,base
0000008146,"AstroNova, Inc.",astronova,ALOT,1820,3577.0,base
0000008177,ATLANTIC AMERICAN CORP,atlantic american,AAME,16671,6321.0,base
0000008192,ATLANTIC CITY ELECTRIC CO,atlantic city electric,,14437,4911.0,base
0000008504,AgEagle Aerial Systems Inc.,ageagle aerial systems,EJXR,27339,3721.0,base
0000008670,AUTOMATIC DATA PROCESSING INC,automatic data processing,ADP,1891,7374.0,base
0000008818,Avery Dennison Corp,avery dennison,AVY,1913,2670.0,base
0000008858,AVNET INC,avnet,AVT,1919,5065.0,base
0000008947,AZZ INC,azz,AZZ,1926,3470.0,base
0000009092,BADGER METER INC,badger meter,BMI,1968,3824.0,base
0000009326,BALCHEM CORP,balchem,BCPC,1979,2860.0,base
0000009389,BALL Corp,ball,BLL,1988,3411.0,base
0000009466,BALTIMORE GAS & ELECTRIC CO,baltimore gas electric,,144580,4911.0,base
0000009984,BARNES GROUP INC,barnes,B,2049,3490.0,crosswalk
0000010048,BARNWELL INDUSTRIES INC,barnwell industries,BRN,2052,1311.0,base
0000010329,BASSETT FURNITURE INDUSTRIES INC,bassett furniture industries,BSET,2080,2511.0,base
0000010456,BAXTER INTERNATIONAL INC,baxter international,BAX,2086,3841.0,base
0000010795,BECTON DICKINSON & CO,becton dickinson,BDX,2111,3841.0,base
0000011544,BERKLEY W R CORP,berkley w r,BER,14822,6331.0,base
0000012040,FLANIGANS ENTERPRISES INC,flanigans enterprises,BDL,4759,5812.0,base
0000012208,"BIO-RAD LABORATORIES, INC.",biorad laboratories,BIO,2220,3826.0,base
0000012239,Dominari Holdings Inc.,dominari,SPEX,18738,6282.0,base
0000012659,H&R BLOCK INC,hr block,HRB,2269,7200.0,base
0000012927,BOEING CO,boeing,BA,2285,3721.0,base
0000013156,"Galaxy Gaming, Inc.",galaxy gaming,GLXZ,183109,3990.0,base
0000013372,NSTAR ELECTRIC CO,nstar electric,,115567,4911.0,base
0000014177,BRIDGFORD FOODS CORP,bridgford foods,BRID,2390,2013.0,base
0000014272,BRISTOL MYERS SQUIBB CO,bristol myers squibb,BMY,2403,2834.0,base
0000014693,BROWN FORMAN CORP,brown forman,BFB,2435,2085.0,base
0000014707,CALERES INC,caleres,BWS,2436,5661.0,base
0000014846,BRT Apartments Corp.,brt apartments,BRT,1949,6798.0,base
0000014930,BRUNSWICK CORP,brunswick,BC,2444,3510.0,base
0000015357,CHASE GENERAL CORP,chase general,,154984,2060.0,base
0000015615,MASTEC INC,mastec,MTZ,2497,1623.0,base
0000015847,BUTLER NATIONAL CORP,butler national,BUKS,2519,8741.0,base
0000016040,CABOT CORP,cabot,CBT,2593,2890.0,base
0000016058,CACI INTERNATIONAL INC /DE/,caci international inc de,CACI,2596,7373.0,base
0000016160,CAL-MAINE FOODS INC,calmaine foods,CALM,64275,200.0,base
0000016732,CAMPBELL'S Co,campbells,CPB,2663,2030.0,base
0000016875,CANADIAN PACIFIC KANSAS CITY LTD/CN,canadian pacific kansas city ltdcn,,2698,4011.0,base
0000016918,"CONSTELLATION BRANDS, INC.",constellation brands,STZ,2710,2082.0,base
0000017313,CAPITAL SOUTHWEST CORP,capital southwest,CSWC,20029,6797.0,base
0000017797,"DUKE ENERGY PROGRESS, LLC.",duke energy progress llc,,144848,4911.0,base
0000017843,CARPENTER TECHNOLOGY CORP,carpenter technology,CRS,2787,3312.0,base
0000018230,CATERPILLAR INC,caterpillar,CAT,2817,3531.0,base
0000018255,CATO CORP,cato,CATO,2818,5621.0,base
0000018349,SYNOVUS FINANCIAL CORP,synovus financial,SNV,13041,6020.0,base
0000018498,GENESCO INC,genesco,GCO,5109,5661.0,base
0000018654,Ameren Illinois Co,ameren illinois,CIP,24868,4931.0,base
0000018672,CLECO POWER LLC,cleco power,,145268,4911.0,base
0000018926,"Lumen Technologies, Inc.",lumen technologies,CTL,2884,4813.0,base
0000019584,CHEMED CORP,chemed,CHE,2960,8082.0,base
0000019617,JPMORGAN CHASE & CO,jpmorgan chase,JPM,2968,6020.0,base
0000019745,CHESAPEAKE UTILITIES CORP,chesapeake utilities,CPK,2986,4923.0,base
0000019871,CHICAGO RIVET & MACHINE CO,chicago rivet machine,CVR,2999,3452.0,base
0000020212,Churchill Downs Inc,churchill downs,CHDN,3028,7990.0,base
0000020286,CINCINNATI FINANCIAL CORP,cincinnati financial,CINF,14824,6331.0,base
0000020290,"Duke Energy Ohio, Inc.",duke energy ohio,,3039,4931.0,base
0000020520,"Frontier Communications Parent, Inc.",frontier communications parent,FTR,135484,4813.0,base
0000020639,AmBase Corp,ambase,ABCP,24010,9995.0,base
0000020947,CLEVELAND ELECTRIC ILLUMINATING CO,cleveland electric illuminating,CEI,12564,4911.0,base
0000021076,CLOROX CO /DE/,clorox co de,CLX,3121,2842.0,base
0000021175,CNA FINANCIAL CORP,cna financial,CNA,2558,6331.0,base
0000021344,COCA COLA CO,coca cola,KO,3144,2086.0,base
0000021535,COHU INC,cohu,COHU,3158,3825.0,base
0000021665,COLGATE PALMOLIVE CO,colgate palmolive,CL,3170,2844.0,base
0000022356,COMMERCE BANCSHARES INC /MO/,commerce bancshares inc mo,CBSH,3238,6020.0,base
0000022444,COMMERCIAL METALS Co,commercial metals,CMC,3246,3312.0,base
0000022606,COMMONWEALTH EDISON Co,commonwealth edison,,31596,4911.0,base
0000022701,"SUNation Energy, Inc.",sunation energy,JCS,41076,3620.0,base
0000022767,TEXAS NEW MEXICO POWER CO,texas new mexico power,,10502,4911.0,base
0000023194,COMSTOCK RESOURCES INC,comstock resources,CRK,34010,1311.0,base
0000023197,COMTECH TELECOMMUNICATIONS CORP /DE/,comtech telecommunications corp de,CMTL,3358,3663.0,base
0000023217,CONAGRA BRANDS INC.,conagra brands,CAG,3362,2000.0,base
0000023426,CONNECTICUT LIGHT & POWER CO,connecticut light power,CLP,3392,4911.0,base
0000023632,CONSOLIDATED EDISON CO OF NEW YORK INC,consolidated edison co of new york,,105999,4931.0,base
0000023795,"CTO Realty Growth, Inc.",cto realty growth,CTO,3429,6798.0,base
0000024090,"CITIZENS, INC.",citizens,CIA,16775,6311.0,base
0000024545,MOLSON COORS BEVERAGE CO,molson coors beverage,TAP,3505,2082.0,base
0000024741,CORNING INC /NY,corning inc ny,GLW,3532,3357.0,base
0000025232,COUSINS PROPERTIES INC,cousins properties,CUZ,3562,6798.0,base
0000025445,"Crane NXT, Co.",crane nxt,CR,42284,3580.0,base
0000025475,CRAWFORD & CO,crawford,CRDA,3581,6411.0,base
0000025598,ONEMAIN FINANCE CORP,onemain finance,,3591,6141.0,base
0000025743,"TherapeuticsMD, Inc.",therapeuticsmd,TXMD,183322,2834.0,base
0000025895,CROWN CRAFTS INC,crown crafts,CRWS,3622,2211.0,base
0000026058,CTS CORP,cts,CTS,2577,3670.0,base
0000026172,CUMMINS INC,cummins,CMI,3650,3510.0,base
0000026324,CURTISS WRIGHT CORP,curtiss wright,CW,3662,3728.0,base
0000026780,DANA INC,dana,DAN,3734,3714.0,base
0000027093,U.S. GOLD CORP.,us gold,DRAM,32014,1000.0,base
0000027419,TARGET CORP,target,TGT,3813,5331.0,base
0000027430,DAYTON POWER & LIGHT CO,dayton power light,,12612,4931.0,base
0000027673,DEERE JOHN CAPITAL CORP,deere john capital,,3836,6153.0,base
0000027879,DELMARVA POWER & LIGHT CO /DE/,delmarva power light co de,,114789,4911.0,base
0000027904,"DELTA AIR LINES, INC.",delta air lines,DAL,3851,4512.0,base
0000027996,DELUXE CORP,deluxe,DLX,3863,2780.0,base
0000028385,DTE Electric Co,dte electric,,65089,4911.0,base
0000028412,COMERICA INC /NEW/,comerica inc new,CMA,3231,6020.0,base
0000028823,"DIEBOLD NIXDORF, Inc",diebold nixdorf,DBD,3946,3578.0,base
0000028917,"DILLARD'S, INC.",dillards,DDS,3964,5311.0,base
0000029002,DIODES INC /DEL/,diodes inc del,DIOD,3969,3674.0,base
0000029332,DIXIE GROUP INC,dixie,DXYN,4001,2273.0,base
0000029534,DOLLAR GENERAL CORP,dollar general,DG,4016,5331.0,base
0000029644,DONALDSON Co INC,donaldson,DCI,4036,3714.0,base
0000029905,DOVER Corp,dover,DOV,4058,3559.0,base
0000029915,DOW CHEMICAL CO /DE/,dow chemical co de,DOW,,2821.0,base
0000029989,OMNICOM GROUP INC.,omnicom,OMC,4066,7311.0,base
0000030305,DUCOMMUN INC /DE/,ducommun inc de,DCO,4091,3728.0,base
0000030371,"Duke Energy Carolinas, LLC",duke energy carolinas,DUK,180942,4911.0,base
0000030554,"EIDP, Inc.",eidp,DD,4087,2820.0,base
0000030625,FLOWSERVE CORP,flowserve,FLS,4108,3561.0,base
0000030697,Wendy's Co,wendys,WEN,3708,5812.0,base
0000031107,EASTERN CO,eastern,EML,4186,3420.0,base
0000031235,EASTMAN KODAK CO,eastman kodak,KODK,4194,3861.0,base
0000031462,ECOLAB INC.,ecolab,ECL,4213,2842.0,base
0000031667,EDUCATIONAL DEVELOPMENT CORP,educational development,EDUC,4225,5190.0,base
0000031791,"REVVITY, INC.",revvity,PKI,4145,3826.0,base
0000032604,EMERSON ELECTRIC CO,emerson electric,EMR,4321,3823.0,base
0000032621,EMERSON RADIO CORP,emerson radio,MSN,4322,3651.0,base
0000033002,"ENNIS, INC.",ennis,EBF,4390,2761.0,base
0000033185,EQUIFAX INC,equifax,EFX,4423,7323.0,base
0000033213,EQT Corp,eqt,EQT,4430,1311.0,base
0000033488,ESCALADE INC,escalade,ESCA,4448,3949.0,base
0000033533,ESPEY MFG & ELECTRONICS CORP,espey mfg electronics,ESP,4450,3679.0,base
0000033992,"KINGSTONE COMPANIES, INC.",kingstone companies,KINS,4485,6331.0,base
0000034067,DMC Global Inc.,dmc global,BOOM,4497,3533.0,base
0000034088,EXXON MOBIL CORP,exxon mobil,XOM,4503,2911.0,base
0000034285,RELIABILITY INC,reliability,RLBY,35849,7361.0,base
0000034563,FARMER BROTHERS CO,farmer brothers,FARM,4579,2090.0,base
0000034782,1ST SOURCE CORP,1st source,SRCE,15199,6020.0,base
0000034903,FEDERAL REALTY INVESTMENT TRUST,federal realty investment trust,FRT,4605,6798.0,base
0000034956,"TENAX THERAPEUTICS, INC.",tenax therapeutics,OXBT,27939,2836.0,base
0000035527,FIFTH THIRD BANCORP,fifth third bancorp,FITB,4640,6020.0,base
0000036029,FIRST FINANCIAL BANKSHARES INC,first financial bankshares,FFIN,29101,6020.0,base
0000036104,US BANCORP \DE\,us bancorp de,USB,4723,6020.0,base
0000036146,TRUSTMARK CORP,trustmark,TRMK,4685,6020.0,base
0000036270,M&T BANK CORP,mt bank,MTB,4699,6020.0,base
0000036377,"FIRST HAWAIIAN, INC.",first hawaiian,,27665,6020.0,base
0000036840,FIRST REAL ESTATE INVESTMENT TRUST OF NEW JERSEY,first real estate investment trust of new jersey,FREVS,20059,6798.0,base
0000036966,FIRST HORIZON CORP,first horizon,FHN,4737,6020.0,base
0000037472,FLEXSTEEL INDUSTRIES INC,flexsteel industries,FLXS,4771,2510.0,base
0000037634,FLORIDA POWER & LIGHT CO,florida power light,,4798,4911.0,base
0000037637,"DUKE ENERGY FLORIDA, LLC",duke energy florida,,4799,4911.0,base
0000037785,FMC CORP,fmc,FMC,4510,2870.0,base
0000037808,FNB CORP/PA/,fnb corppa,FNB,18049,6020.0,base
0000037996,FORD MOTOR CO,ford motor,F,4839,3711.0,base
0000038009,FORD MOTOR CREDIT CO LLC,ford motor credit,,4840,6159.0,base
0000038264,"Forward Industries, Inc.",forward industries,FORD,62262,8711.0,base
0000038723,1st FRANKLIN FINANCIAL CORP,1st franklin financial,,181727,6141.0,base
0000038725,FRANKLIN ELECTRIC CO INC,franklin electric,FELE,4881,3621.0,base
0000038777,FRANKLIN RESOURCES INC,franklin resources,BEN,4885,6282.0,base
0000039020,FREQUENCY ELECTRONICS INC,frequency electronics,FEIM,4900,3825.0,base
0000039092,FRIEDMAN INDUSTRIES INC,friedman industries,FRD,4903,3310.0,base
0000039263,"CULLEN/FROST BANKERS, INC.",cullenfrost bankers,CFR,3643,6020.0,base
0000039311,INDEPENDENT BANK CORP /MI/,independent bank corp mi,IBCP,16890,6020.0,base
0000039368,FULLER H B CO,fuller h b,FUL,4926,2891.0,base
0000039899,TEGNA INC,tegna,GCI,4988,4833.0,base
0000039911,GAP INC,gap,GPS,4990,5651.0,base
0000040211,GATX CORP,gatx,GMT,4941,4700.0,base
0000040533,GENERAL DYNAMICS CORP,general dynamics,GD,5046,3721.0,base
0000040545,GENERAL ELECTRIC CO,general electric,GE,5047,3724.0,base
0000040570,GEE Group Inc.,gee,JOB,5050,7361.0,base
0000040704,GENERAL MILLS INC,general mills,GIS,5071,2040.0,base
0000040729,Ally Financial Inc.,ally financial,,5072,6172.0,base
0000040987,GENUINE PARTS CO,genuine parts,GPC,5125,5013.0,base
0000041091,GEORGIA POWER CO,georgia power,GPEPRA,5135,4911.0,base
0000041719,Magnera Corp,magnera,GLT,50852,2600.0,base
0000042582,GOODYEAR TIRE & RUBBER CO /OH/,goodyear tire rubber co oh,GT,5234,3011.0,base
0000042682,GORMAN RUPP CO,gorman rupp,GRC,5237,3561.0,base
0000042888,GRACO INC,graco,GGG,5252,3561.0,base
0000043196,"GRAY MEDIA, INC",gray media,GTN,5284,4833.0,base
0000043920,"GREIF, INC",greif,GEF,5338,2650.0,base
0000045012,HALLIBURTON CO,halliburton,HAL,5439,1389.0,base
0000045876,ENVIRI Corp,enviri,HSC,5496,3390.0,base
0000045919,HARTE HANKS INC,harte hanks,HHS,12545,7331.0,base
0000046080,"HASBRO, INC.",hasbro,HAS,5518,3944.0,base
0000046129,ALLIENT INC,allient,AMOT,5520,3621.0,base
0000046195,BANK OF HAWAII CORP,bank of hawaii,BOH,2005,6020.0,base
0000046207,HAWAIIAN ELECTRIC CO INC,hawaiian electric,,5525,4911.0,base
0000046250,HAWKINS INC,hawkins,HWKN,5530,5160.0,base
0000046619,HEICO CORP,heico,HEI,5567,3724.0,base
0000046765,"Helmerich & Payne, Inc.",helmerich payne,HP,5581,1381.0,base
0000047111,HERSHEY CO,hershey,HSY,5597,2060.0,base
0000047129,HERTZ CORP,hertz,,,,base
0000047217,HP INC,hp,HPQ,5606,3570.0,base
0000047307,CRAWFORD UNITED Corp,crawford united,HICKA,5621,3490.0,base
0000048287,HNI CORP,hni,HNI,5690,2522.0,base
0000048465,HORMEL FOODS CORP /DE/,hormel foods corp de,HRL,5709,2011.0,base
0000048732,CENTERPOINT ENERGY HOUSTON ELECTRIC LLC,centerpoint energy houston electric,,155969,4911.0,base
0000048898,HUBBELL INC,hubbell,HUBA,5764,3640.0,base
0000049071,HUMANA INC,humana,HUM,27914,6324.0,base
0000049196,HUNTINGTON BANCSHARES INC /MD/,huntington bancshares inc md,HBAN,5786,6020.0,base
0000049600,EASTGROUP PROPERTIES INC,eastgroup properties,EGP,4193,6798.0,base
0000049648,IDAHO POWER CO,idaho power,IDAHOPWR,145269,4911.0,base
0000049754,"Dine Brands Global, Inc.",dine brands global,DIN,24291,6794.0,base
0000049826,ILLINOIS TOOL WORKS INC,illinois tool works,ITW,5878,3560.0,base
0000049938,IMPERIAL OIL LTD,imperial oil,,5903,2911.0,base
0000050172,INDIANA MICHIGAN POWER CO,indiana michigan power,,5914,4911.0,base
0000050292,IEH Corp,ieh,IEHC,,3678.0,base
0000050471,"ReposiTrak, Inc.",repositrak,PCYG,116166,7370.0,base
0000050493,INGLES MARKETS INC,ingles markets,IMKTA,12972,5411.0,base
0000050725,GRIFFON CORP,griffon,GFF,5987,3420.0,base
0000050863,INTEL CORP,intel,INTC,6008,3674.0,base
0000051143,INTERNATIONAL BUSINESS MACHINES CORP,international business machines,IBM,6066,7370.0,base
0000051253,INTERNATIONAL FLAVORS & FRAGRANCES INC,international flavors fragrances,IFF,6078,2860.0,base
0000051434,INTERNATIONAL PAPER CO /NEW/,international paper co new,IP,6104,2631.0,base
0000051644,"INTERPUBLIC GROUP OF COMPANIES, INC.",interpublic group of companies,IPG,6136,7311.0,base
0000052428,AMERIPRISE CERTIFICATE CO,ameriprise certificate,,,,base
0000052485,INTERSTATE POWER & LIGHT CO,interstate power light,,12555,4931.0,base
0000052827,RAYONIER INC,rayonier,RYN,5862,6798.0,base
0000052988,JACOBS SOLUTIONS INC.,jacobs solutions,JEC,6216,8700.0,base
0000054187,MAYS J W INC,mays j w,MAYS,7138,6512.0,base
0000054381,KAMAN CORP,kaman,KAMN,6326,3720.0,crosswalk
0000054476,"EVERGY METRO, INC.",evergy metro,,156654,4911.0,base
0000054507,"EVERGY KANSAS CENTRAL, INC.",evergy kansas central,WR,34057,4911.0,base
0000055067,KELLANOVA,kellanova,K,6375,2040.0,base
0000055135,KELLY SERVICES INC,kelly services,KELYAKELYB,6379,7363.0,base
0000055234,KENILWORTH SYSTEMS CORP,kenilworth systems,,6385,8090.0,base
0000055242,KENNAMETAL INC,kennametal,KMT,6386,3540.0,base
0000055387,KENTUCKY UTILITIES CO,kentucky utilities,,25588,4911.0,base
0000055529,KEWAUNEE SCIENTIFIC CORP /DE/,kewaunee scientific corp de,KEQU,6410,3821.0,base
0000055785,KIMBERLY CLARK CORP,kimberly clark,KMB,6435,2621.0,base
0000056047,KIRBY CORP,kirby,KEX,6461,4400.0,base
0000056679,KORN FERRY,korn ferry,KFY,118267,7361.0,base
0000056701,KOSS CORP,koss,KOSS,6497,3651.0,base
0000056868,PRIMEENERGY RESOURCES CORP,primeenergy resources,PNRG,6311,1311.0,base
0000056873,KROGER CO,kroger,KR,6502,5411.0,base
0000056978,KULICKE & SOFFA INDUSTRIES INC,kulicke soffa industries,KLIC,6509,3559.0,base
0000057131,LA-Z-BOY INC,lazboy,LZB,6543,2510.0,base
0000057183,SPIRE MISSOURI INC,spire missouri,,156655,4924.0,base
0000057515,MARZETTI CO,marzetti,LANC,6573,2030.0,base
0000058361,"LEE ENTERPRISES, Inc",lee enterprises,,,,base
0000058492,LEGGETT & PLATT INC,leggett platt,LEG,6649,2510.0,base
0000059255,VALHI INC /DE/,valhi inc de,VHI,12578,2810.0,base
0000059440,VECTOR GROUP LTD,vector,VGR,13963,2111.0,crosswalk
0000059478,ELI LILLY & Co,eli lilly,LLY,6730,2834.0,base
0000059527,LINCOLN ELECTRIC HOLDINGS INC,lincoln electric,LECO,6737,3540.0,base
0000059558,LINCOLN NATIONAL CORP,lincoln national,LNC,6742,6311.0,base
0000060086,LOEWS CORP,loews,L,6781,6331.0,base
0000060519,LOUISIANA-PACIFIC CORP,louisianapacific,LPX,6821,2400.0,base
0000060549,LOUISVILLE GAS & ELECTRIC CO /KY/,louisville gas electric co ky,,23465,4931.0,base
0000060667,LOWES COMPANIES INC,lowes companies,LOW,6829,5211.0,base
0000060714,"LSB INDUSTRIES, INC.",lsb industries,LXU,6528,2810.0,base
0000061004,LGL GROUP INC,lgl,LGL,6848,3679.0,base
0000061339,MADISON GAS & ELECTRIC CO,madison gas electric,MGEE,156656,4931.0,base
0000061398,TELLURIAN INC,tellurian,MPET,30241,1311.0,crosswalk
0000061986,MANITOWOC CO INC,manitowoc,MTW,6994,3530.0,base
0000062234,MARCUS CORP,marcus,MCS,7022,7830.0,base
0000062362,MARINE PETROLEUM TRUST,marine petroleum trust,,7034,6792.0,base
0000062709,"MARSH & MCLENNAN COMPANIES, INC.",marsh mclennan companies,MMC,7065,6411.0,base
0000062996,MASCO CORP /DE/,masco corp de,MAS,7085,3430.0,base
0000063276,MATTEL INC /DE/,mattel inc de,MAT,7116,3942.0,base
0000063296,MATTHEWS INTERNATIONAL CORP,matthews international,MATW,30477,3990.0,base
0000063330,MAUI LAND & PINEAPPLE CO INC,maui land pineapple,MLP,7117,6552.0,base
0000063754,MCCORMICK & CO INC,mccormick,MKC,7146,2090.0,base
0000063908,MCDONALDS CORP,mcdonalds,MCD,7154,5812.0,base
0000064040,S&P Global Inc.,sp global,MHP,7163,7323.0,base
0000064463,"Soluna Holdings, Inc",soluna holdings,MKTY,7183,7372.0,base
0000064472,GENCOR INDUSTRIES INC,gencor industries,GNCI,,3531.0,base
0000064803,CVS HEALTH Corp,cvs health,CVS,7241,8000.0,base
0000064996,MERCURY GENERAL CORP,mercury general,MCY,17035,6331.0,base
0000065172,MESABI TRUST,mesabi trust,MSB,7279,6795.0,base
0000065270,METHODE ELECTRONICS INC,methode electronics,METH,7291,3678.0,base
0000065312,"EVI INDUSTRIES, INC.",evi industries,DCU,7295,5080.0,base
0000065596,SIEBERT FINANCIAL CORP,siebert financial,SIEB,7315,6211.0,base
0000065759,MICROPAC INDUSTRIES INC,micropac industries,MPAD,7344,3674.0,crosswalk
0000065770,"MICROVISION, INC.",microvision,MVIS,63531,3679.0,base
0000065984,ENTERGY CORP /DE/,entergy corp de,ETR,7366,4911.0,base
0000066004,MIDDLESEX WATER CO,middlesex water,MSEX,7368,4941.0,base
0000066382,"MILLERKNOLL, INC.",millerknoll,MLHR,7401,2520.0,base
0000066418,MEXCO ENERGY CORP,mexco energy,MXC,7309,1311.0,base
0000066570,MSA Safety Inc,msa safety,MSA,7420,3842.0,base
0000066740,3M CO,3m,MMM,7435,9997.0,base
0000066756,ALLETE INC,allete,ALE,7437,4931.0,base
0000066901,"ENTERGY MISSISSIPPI, LLC",entergy mississippi,,7449,4911.0,base
0000066904,MISSISSIPPI POWER CO,mississippi power,MPF,7450,4911.0,base
0000067215,DYCOM INDUSTRIES INC,dycom industries,DY,4115,1623.0,base
0000067347,MODINE MANUFACTURING CO,modine manufacturing,MOD,7486,3585.0,base
0000067716,MDU RESOURCES GROUP INC,mdu resources,MDU,6867,4932.0,base
0000067887,MOOG INC.,moog,MOGA,7549,3728.0,base
0000068505,"Motorola Solutions, Inc.",motorola solutions,MSI,7585,3663.0,base
0000068622,QWEST CORP,qwest,,148998,4813.0,base
0000069422,INTERGROUP CORP,intergroup,INTG,7632,7011.0,base
0000069488,MYERS INDUSTRIES INC,myers industries,MYE,7636,3089.0,base
0000069633,"NAPCO SECURITY TECHNOLOGIES, INC",napco security technologies,NSSC,7685,3669.0,base
0000069733,"NATHANS FAMOUS, INC.",nathans famous,NATH,7696,2013.0,base
0000069891,NATIONAL BEVERAGE CORP,national beverage,FIZZ,24463,2086.0,base
0000070145,NATIONAL FUEL GAS CO,national fuel gas,NFG,7733,4924.0,base
0000070318,TENET HEALTHCARE CORP,tenet healthcare,THC,7750,8062.0,base
0000070487,NATIONAL RESEARCH CORP,national research,NRCIA,65587,7389.0,base
0000070502,NATIONAL RURAL UTILITIES COOPERATIVE FINANCE CORP /DC/,national rural utilities cooperative finance corp dc,,7769,6159.0,base
0000070858,BANK OF AMERICA CORP /DE/,bank of america corp de,BAC,7647,6020.0,base
0000070866,NCR Voyix Corp,ncr voyix,NCR,7648,7372.0,base
0000071180,NEVADA POWER CO,nevada power,,145270,4911.0,base
0000071508,"ENTERGY NEW ORLEANS, LLC",entergy new orleans,EYNO,7851,4931.0,base
0000071557,"Nuvera Communications, Inc.",nuvera communications,NULM,7863,4813.0,base
0000071691,NEW YORK TIMES CO,new york times,NYT,7866,2711.0,base
0000071829,NPK International Inc.,npk international,NR,7882,7359.0,base
0000072162,NL INDUSTRIES INC,nl industries,NL,7658,3562.0,base
0000072205,NOBILITY HOMES INC,nobility homes,NOBH,7911,2451.0,base
0000072331,NORDSON CORP,nordson,NDSN,7921,3569.0,base
0000072333,NORDSTROM INC,nordstrom,JWN,7922,5651.0,base
0000072444,"Vaxart, Inc.",vaxart,BOTA,33114,2836.0,base
0000072573,MOVADO GROUP INC,movado,MOV,7951,3873.0,base
0000072633,NORTH EUROPEAN OIL ROYALTY TRUST,north european oil royalty trust,NRT,7959,6792.0,base
0000072741,EVERSOURCE ENERGY,eversource energy,NU,7970,4931.0,base
0000072903,XCEL ENERGY INC,xcel energy,XEL,7977,4931.0,base
0000072909,NORTHERN STATES POWER CO /WI/,northern states power co wi,,7978,4931.0,base
0000072971,WELLS FARGO & COMPANY/MN,wells fargo companymn,WFC,8007,6020.0,base
0000073020,NORTHWEST NATURAL GAS CO,northwest natural gas,NWN,,4924.0,base
0000073124,NORTHERN TRUST CORP,northern trust,NTRS,7982,6020.0,base
0000073290,BIOMERICA INC,biomerica,BMRA,7662,2835.0,base
0000073309,NUCOR CORP,nucor,NUE,8030,3312.0,base
0000073756,OCEANEERING INTERNATIONAL INC,oceaneering international,OII,8079,1389.0,base
0000073960,OHIO EDISON CO,ohio edison,OE,107682,4911.0,base
0000073986,OHIO POWER CO,ohio power,,8102,4911.0,base
0000074046,Oil-Dri Corp of America,oildri corp of america,ODC,8105,3290.0,base
0000074145,OKLAHOMA GAS & ELECTRIC CO,oklahoma gas electric,,115687,4911.0,base
0000074208,"UDR, Inc.",udr,UDR,10894,6798.0,base
0000074260,OLD REPUBLIC INTERNATIONAL CORP,old republic international,ORI,14828,6331.0,base
0000074303,OLIN Corp,olin,OLN,8123,2810.0,base
0000075208,OVERSEAS SHIPHOLDING GROUP,overseas shipholding,OSG,8210,4412.0,crosswalk
0000075252,OWENS & MINOR INC/VA/,owens minor incva,OMI,8213,5047.0,base
0000075288,OXFORD INDUSTRIES INC,oxford industries,OXM,8219,2300.0,base
0000075362,PACCAR INC,paccar,PCAR,8253,3711.0,base
0000075488,PACIFIC GAS & ELECTRIC Co,pacific gas electric,PCG,65092,4931.0,base
0000075594,PACIFICORP /OR/,pacificorp or,,8290,4911.0,base
0000075677,PACKAGING CORP OF AMERICA,packaging corp of america,PKG,128978,2650.0,base
0000076267,PARK AEROSPACE CORP,park aerospace,PKE,8348,3672.0,base
0000076282,PARK OHIO HOLDINGS CORP,park ohio,PKOH,8350,5072.0,base
0000076334,Parker-Hannifin Corp,parkerhannifin,PH,8358,3490.0,base
0000076605,PATRICK INDUSTRIES INC,patrick industries,PATK,8386,3714.0,base
0000077360,PENTAIR plc,pentair,PNR,8463,3561.0,base
0000077476,PEPSICO INC,pepsico,PEP,8479,2080.0,base
0000077543,TUTOR PERINI CORP,tutor perini,TPC,8486,1600.0,base
0000078003,PFIZER INC,pfizer,PFE,8530,2834.0,base
0000078100,PECO ENERGY CO,peco energy,,145347,4931.0,base
0000078128,"Essential Utilities, Inc.",essential utilities,WTR,8542,4941.0,base
0000078239,PVH CORP. /DE/,pvh corp de,PVH,8551,2300.0,base
0000078460,PIEDMONT NATURAL GAS CO INC,piedmont natural gas,PNY,8577,4924.0,base
0000078749,AGILYSYS INC,agilysys,AGYS,8599,7372.0,base
0000078814,PITNEY BOWES INC /DE/,pitney bowes inc de,PBI,8606,3579.0,base
0000078890,BRINKS CO,brinks,BCO,28590,7381.0,base
0000079282,"BROWN & BROWN, INC.",brown brown,BRO,15417,6411.0,base
0000079661,PORTSMOUTH SQUARE INC,portsmouth square,PRSI,22549,7011.0,base
0000079732,POTOMAC ELECTRIC POWER CO,potomac electric power,POM,155277,4911.0,base
0000079879,PPG INDUSTRIES INC,ppg industries,PPG,8247,2851.0,base
0000080035,PREFORMED LINE PRODUCTS CO,preformed line products,PLPC,19305,3640.0,base
0000080172,NATIONAL PRESTO INDUSTRIES INC,national presto industries,NPK,7762,3480.0,base
0000080420,POWELL INDUSTRIES INC,powell industries,POWL,8699,3613.0,base
0000080424,PROCTER & GAMBLE Co,procter gamble,PG,8762,2840.0,base
0000080661,PROGRESSIVE CORP/OH/,progressive corpoh,PGR,13341,6331.0,base
0000081018,PUBLIC SERVICE CO OF COLORADO,public service co of colorado,,66591,4931.0,base
0000081020,"Duke Energy Indiana, LLC",duke energy indiana,,15448,4911.0,base
0000081023,PUBLIC SERVICE CO OF NEW MEXICO,public service co of new mexico,,156818,4931.0,base
0000081027,PUBLIC SERVICE CO OF OKLAHOMA,public service co of oklahoma,,8809,4911.0,base
0000081033,PUBLIC SERVICE ELECTRIC & GAS CO,public service electric gas,PEGPR,12749,4931.0,base
0000081061,PUBLIX SUPER MARKETS INC,publix super markets,,8815,5411.0,base
0000081100,PUGET SOUND ENERGY INC,puget sound energy,,156819,4931.0,base
0000081362,QUAKER CHEMICAL CORP,quaker chemical,KWR,8850,2990.0,base
0000081955,RAND CAPITAL CORP,rand capital,RAND,19605,6797.0,base
0000082020,UNITED STATES LIME & MINERALS INC,united states lime minerals,USLM,8947,1400.0,base
0000082473,INNSUITES HOSPITALITY TRUST,innsuites hospitality trust,IHT,8987,6798.0,base
0000082811,REGAL REXNORD CORP,regal rexnord,RBC,9016,3621.0,base
0000083246,HSBC USA INC /MD/,hsbc usa inc md,HUSI,9061,6020.0,base
0000083350,RESERVE PETROLEUM CO,reserve petroleum,RSRV,22962,1311.0,base
0000084112,"GEORGE RISK INDUSTRIES, INC.",george risk industries,RSKIA,9154,3669.0,base
0000084129,RITE AID CORP,rite aid,RAD,9155,5912.0,crosswalk
0000084246,RLI CORP,rli,RLI,13342,6331.0,base
0000084748,ROGERS CORP,rogers,ROG,9216,3672.0,base
0000084839,ROLLINS INC,rollins,ROL,9225,7340.0,base
0000085535,ROYAL GOLD INC,royal gold,RGLD,,6795.0,base
0000085961,RYDER SYSTEM INC,ryder system,R,9299,7510.0,base
0000086115,SAFEGUARD SCIENTIFICS INC,safeguard scientifics,SFE,9355,6799.0,crosswalk
0000086312,"TRAVELERS COMPANIES, INC.",travelers companies,TRV,62689,6331.0,base
0000086521,SAN DIEGO GAS & ELECTRIC CO,san diego gas electric,SDO,65090,4931.0,base
0000087050,Neonode Inc.,neonode,NEON,178153,3663.0,base
0000087347,SCHLUMBERGER LIMITED/NV,schlumberger limitednv,SLB,9465,1389.0,base
0000088000,Horizon Kinetics Holding Corp,horizon kinetics,SLGD,9521,6282.0,base
0000088121,SEABOARD CORP /DE/,seaboard corp de,SEB,9538,9997.0,base
0000088205,"SPX Technologies, Inc.",spx technologies,SPW,5087,3585.0,base
0000088941,SEMTECH CORP,semtech,SMTC,9599,3674.0,base
0000088948,Seneca Foods Corp,seneca foods,SENEA,8582,2033.0,base
0000089089,SERVICE CORP INTERNATIONAL,service corp international,SCI,9611,7200.0,base
0000089140,SERVOTRONICS INC /DE/,servotronics inc de,SVT,9619,3621.0,base
0000089439,MUELLER INDUSTRIES INC,mueller industries,MLI,15343,3350.0,base
0000089800,SHERWIN WILLIAMS CO,sherwin williams,SHW,9667,2851.0,base
0000090144,SIERRA PACIFIC POWER CO,sierra pacific power,,9691,4931.0,base
0000090498,SIMMONS FIRST NATIONAL CORP,simmons first national,SFNC,19355,6020.0,base
0000090896,"Champion Homes, Inc.",champion homes,SKY,33652,2451.0,base
0000091142,SMITH A O CORP,smith a o,AOS,9771,3630.0,base
0000091419,J M SMUCKER Co,j m smucker,SJM,9777,2033.0,base
0000091440,Snap-on Inc,snapon,SNA,9778,3420.0,base
0000091576,KEYCORP /NEW/,keycorp new,KEY,9783,6020.0,base
0000091668,SOLITRON DEVICES INC,solitron devices,SODI,9799,3674.0,base
0000091767,SONOCO PRODUCTS CO,sonoco products,SON,9815,2650.0,base
0000091882,"DOMINION ENERGY SOUTH CAROLINA, INC.",dominion energy south carolina,SCG,9828,4931.0,base
0000092103,SOUTHERN CALIFORNIA EDISON Co,southern california edison,SCE,14912,4911.0,base
0000092108,SOUTHERN CALIFORNIA GAS CO,southern california gas,SOCG,9848,4924.0,base
0000092116,Golden State Water CO,golden state water,,147222,4941.0,base
0000092122,SOUTHERN CO,southern,SO,9850,4911.0,base
0000092230,TRUIST FINANCIAL CORP,truist financial,BBT,11856,6020.0,base
0000092380,SOUTHWEST AIRLINES CO,southwest airlines,LUV,9882,4512.0,base
0000092416,SOUTHWEST GAS CORP,southwest gas,SWX,,4923.0,base
0000092487,SOUTHWESTERN ELECTRIC POWER CO,southwestern electric power,,9902,4911.0,base
0000092521,SOUTHWESTERN PUBLIC SERVICE CO,southwestern public service,,9906,4911.0,base
0000093314,VOLITIONRX LTD,volitionrx,VNRX,10761,2835.0,base
0000093389,"STANDARD MOTOR PRODUCTS, INC.",standard motor products,SMP,10000,3690.0,base
0000093410,CHEVRON CORP,chevron,CVX,2991,2911.0,base
0000093556,"STANLEY BLACK & DECKER, INC.",stanley black decker,SWK,10016,3540.0,base
0000093751,STATE STREET CORP,state street,STT,10035,6282.0,base
0000094049,STEPAN CO,stepan,SCL,10056,2840.0,base
0000094344,STEWART INFORMATION SERVICES CORP,stewart information services,STC,10086,6361.0,base
0000094845,LEVI STRAUSS & CO,levi strauss,,16476,2300.0,base
0000095029,STURM RUGER & CO INC,sturm ruger,RGR,10124,3480.0,base
0000095552,SUPERIOR INDUSTRIES INTERNATIONAL INC,superior industries international,SUP,10195,3714.0,base
0000095574,"SUPERIOR GROUP OF COMPANIES, INC.",superior group of companies,SGC,10198,2300.0,base
0000095953,ASCENT INDUSTRIES CO.,ascent industries,SYNL,10236,3317.0,base
0000096021,SYSCO CORP,sysco,SYY,10247,5140.0,base
0000096223,Jefferies Financial Group Inc.,jefferies financial,LUK,6682,6211.0,base
0000096271,TAMPA ELECTRIC CO,tampa electric,,10327,4931.0,base
0000096536,"TAYLOR DEVICES, INC.",taylor devices,TAYD,10349,3569.0,base
0000096793,SUNLINK HEALTH SYSTEMS INC,sunlink health systems,SSY,10380,5912.0,crosswalk
0000096869,TEJON RANCH CO,tejon ranch,TRC,10390,100.0,base
0000096885,TEL-INSTRUMENT ELECTRONICS,telinstrument electronics,TIK,22761,3825.0,crosswalk
0000096943,TELEFLEX INC,teleflex,TFX,10407,3841.0,base
0000097134,TENNANT CO,tennant,TNC,10441,3580.0,base
0000097210,"TERADYNE, INC",teradyne,TER,10453,3825.0,base
0000097216,TEREX CORP,terex,TEX,7991,3530.0,base
0000097476,TEXAS INSTRUMENTS INC,texas instruments,TXN,10499,3674.0,base
0000097745,THERMO FISHER SCIENTIFIC INC.,thermo fisher scientific,TMO,10530,3826.0,base
0000098222,TIDEWATER INC,tidewater,TDW,10565,4400.0,base
0000098362,TIMKEN CO,timken,TKR,10581,3562.0,base
0000098677,TOOTSIE ROLL INDUSTRIES INC,tootsie roll industries,TR,10609,2060.0,base
0000099106,TRANS-LUX CORP,translux,TNLX,10658,3990.0,crosswalk
0000099250,"TRANSCONTINENTAL GAS PIPE LINE COMPANY, LLC",transcontinental gas pipe line company,,10678,4922.0,base
0000099302,TRANSCAT INC,transcat,TRNS,10685,8734.0,base
0000099780,TRINITY INDUSTRIES INC,trinity industries,TRN,10735,3743.0,base
0000100122,TUCSON ELECTRIC POWER CO,tucson electric power,,66624,4911.0,base
0000100378,TWIN DISC INC,twin disc,TWIN,10777,3560.0,base
0000100493,"TYSON FOODS, INC.",tyson foods,TSN,10793,2011.0,base
0000100517,"United Airlines Holdings, Inc.",united airlines holdings,UAL,10795,4512.0,base
0000100591,ARGAN INC,argan,AGX,8832,8711.0,base
0000100726,UNIFI INC,unifi,UFI,10839,2200.0,base
0000100790,UNION CARBIDE CORP /NEW/,union carbide corp new,,10857,2860.0,base
0000100826,UNION ELECTRIC CO,union electric,UEP,116304,4911.0,base
0000100885,UNION PACIFIC CORP,union pacific,UNP,10867,4011.0,base
0000101199,UNITED FIRE GROUP INC,united fire,UFCS,17252,6331.0,base
0000101295,UNITED GUARDIAN INC,united guardian,UG,10902,2834.0,base
0000101382,UMB FINANCIAL CORP,umb financial,UMBF,10916,6020.0,base
0000101538,UNITED STATES ANTIMONY CORP,united states antimony,UAMY,10930,3330.0,base
0000101594,US ENERGY CORP,us energy,USEG,10938,1311.0,base
0000101778,MARATHON OIL CORP,marathon oil,MRO,7017,1311.0,crosswalk
0000101829,RTX Corp,rtx,UTX,10983,3724.0,base
0000101984,UNIVERSAL ELECTRONICS INC,universal electronics,UEIC,27828,3651.0,base
0000102037,UNIVERSAL CORP /VA/,universal corp va,UVV,11017,5150.0,base
0000102109,"UNIVERSAL SAFETY PRODUCTS, INC.",universal safety products,UUU,11027,3669.0,base
0000102212,UNIVEST FINANCIAL Corp,univest financial,UVSP,19817,6020.0,base
0000102729,VALMONT INDUSTRIES INC,valmont industries,VMI,11094,3440.0,base
0000102752,VSE CORP,vse,VSEC,11065,4581.0,base
0000103145,VEECO INSTRUMENTS INC,veeco instruments,VECO,11124,3559.0,base
0000103379,V F CORP,v f,VFC,11060,2300.0,base
0000103595,VILLAGE SUPER MARKET INC,village super market,VLGEA,11178,5411.0,base
0000103682,VIRGINIA ELECTRIC & POWER CO,virginia electric power,VEL,11188,4911.0,base
0000103730,VISHAY INTERTECHNOLOGY INC,vishay intertechnology,VSH,11191,3670.0,base
0000104169,Walmart Inc.,walmart,WMT,11259,5331.0,base
0000104889,Graham Holdings Co,graham,WPO,11300,8200.0,base
0000104894,Elme Communities,elme communities,WRE,11301,6798.0,base
0000104918,AVISTA CORP,avista,AVA,11304,4931.0,base
0000105016,WATSCO INC,watsco,WSO,11313,5070.0,base
0000105132,WD 40 CO,wd 40,WDFC,11234,2890.0,base
0000105319,"WW INTERNATIONAL, INC.",ww international,WTW,145308,7200.0,base
0000105418,WEIS MARKETS INC,weis markets,WMK,11343,5411.0,base
0000105634,"EMCOR Group, Inc.",emcor group,EME,6223,1731.0,base
0000105744,"New Concept Energy, Inc.",new concept energy,GBR,11372,6512.0,base
0000105770,WEST PHARMACEUTICAL SERVICES INC,west pharmaceutical services,WST,11376,3060.0,base
0000106040,WESTERN DIGITAL CORP,western digital,WDC,11399,3572.0,base
0000106532,WEYCO GROUP INC,weyco,WEYS,11455,5130.0,base
0000106535,WEYERHAEUSER CO,weyerhaeuser,WY,11456,2400.0,base
0000106640,WHIRLPOOL CORP /DE/,whirlpool corp de,WHR,11465,3630.0,base
0000107140,"JOHN WILEY & SONS, INC.",john wiley sons,JWA,11499,2721.0,base
0000107263,"WILLIAMS COMPANIES, INC.",williams companies,WMB,11506,4922.0,base
0000107687,WINNEBAGO INDUSTRIES INC,winnebago industries,WGO,11537,3790.0,base
0000107815,WISCONSIN ELECTRIC POWER CO,wisconsin electric power,WELPP,13353,4931.0,base
0000107832,WISCONSIN POWER & LIGHT CO,wisconsin power light,WISLI,14580,4931.0,base
0000107833,WISCONSIN PUBLIC SERVICE CORP,wisconsin public service,,65095,4931.0,base
0000108312,"Woodward, Inc.",woodward,WWD,11580,3720.0,base
0000108385,WORLD ACCEPTANCE CORP,world acceptance,WRLD,24725,6141.0,base
0000108516,"WORTHINGTON ENTERPRISES, INC.",worthington enterprises,WOR,11600,3390.0,base
0000108772,XEROX CORP,xerox,XRX,,7389.0,base
0000108985,YORK WATER CO,york water,YORW,11657,4941.0,base
0000109177,"Spectrum Brands Holdings, Inc.",spectrum brands holdings,HRG,11670,3634.0,base
0000109198,TJX COMPANIES INC /DE/,tjx companies inc de,TJX,11672,5651.0,base
0000109380,"ZIONS BANCORPORATION, NATIONAL ASSOCIATION /UT/",zions bancorporation national association ut,ZION,11687,6020.0,base
0000109563,APPLIED INDUSTRIAL TECHNOLOGIES INC,applied industrial technologies,AIT,2101,5080.0,base
0000109657,"GT Biopharma, Inc.",gt biopharma,OXIS,3691,2834.0,base
0000110019,NORTHWEST PIPELINE LLC,northwest pipeline,,7994,4922.0,base
0000110471,WOLVERINE WORLD WIDE INC /DE/,wolverine world wide inc de,WWW,11566,3140.0,base
0000110621,RPM INTERNATIONAL INC/DE/,rpm international incde,RPM,8902,2890.0,base
0000200406,JOHNSON & JOHNSON,johnson johnson,JNJ,6266,2834.0,base
0000201533,CONSUMERS ENERGY CO,consumers energy,CMS,13948,4931.0,base
0000202058,"L3HARRIS TECHNOLOGIES, INC. /DE/",l3harris technologies inc de,HRS,5492,3812.0,base
0000202584,"SYSTEM ENERGY RESOURCES, INC",system energy resources,,7365,4911.0,base
0000202947,CAPITAL PROPERTIES INC /RI/,capital properties inc ri,CPI,2735,6519.0,base
0000203596,WESBANCO INC,wesbanco,WSBC,17151,6020.0,base
0000205402,GRAYBAR ELECTRIC CO INC,graybar electric,,5288,5063.0,base
0000215466,"Coeur Mining, Inc.",coeur mining,CDE,3153,1040.0,base
0000216085,HAVERTY FURNITURE COMPANIES INC,haverty furniture companies,HVT,5523,5712.0,base
0000216228,ITT INC.,itt,ITT,5860,3561.0,base
0000217346,TEXTRON INC,textron,TXT,10519,3721.0,base
0000230557,SELECTIVE INSURANCE GROUP INC,selective insurance,SIGI,17115,6331.0,base
0000275053,NATURES SUNSHINE PRODUCTS INC,natures sunshine products,NATR,7799,2834.0,base
0000275880,PARSONS CORP,parsons,,35158,7370.0,base
0000276720,PURE CYCLE CORP,pure cycle,PYCO,8826,6552.0,base
0000277135,"W.W. GRAINGER, INC.",ww grainger,GWW,5256,5000.0,base
0000277509,FEDERAL SIGNAL CORP /DE/,federal signal corp de,FSS,4608,3711.0,base
0000277638,DAVEY TREE EXPERT CO,davey tree expert,,3801,700.0,base
0000277948,CSX CORP,csx,CSX,2574,4011.0,base
0000278165,OMNIQ Corp.,omniq,LRMK,155894,7370.0,base
0000278166,"CAVCO INDUSTRIES, INC.",cavco industries,CVCO,2820,2452.0,base
0000310142,SENSIENT TECHNOLOGIES CORP,sensient technologies,SXT,11012,2860.0,base
0000310158,"Merck & Co., Inc.",merck co,MRK,7257,2834.0,base
0000310354,STANDEX INTERNATIONAL CORP/DE/,standex international corpde,SXI,10008,3670.0,base
0000310522,FEDERAL NATIONAL MORTGAGE ASSOCIATION FANNIE MAE,federal national mortgage association fannie mae,FNMA,4601,6111.0,base
0000310764,STRYKER CORP,stryker,SYK,10115,3841.0,base
0000311094,WESTAMERICA BANCORPORATION,westamerica bancorporation,WABC,14253,6020.0,base
0000312257,INNOVATIVE FOOD HOLDINGS INC,innovative food,IVFH,264393,5140.0,base
0000313143,HAEMONETICS CORP,haemonetics,HAE,24021,3841.0,base
0000313364,MESA ROYALTY TRUST/TX,mesa royalty trusttx,MTR,7277,6792.0,base
0000313616,DANAHER CORP /DE/,danaher corp de,DHR,3735,3826.0,base
0000313927,CHURCH & DWIGHT CO INC /DE/,church dwight co inc de,CHD,3026,2840.0,base
0000314203,McEwen Mining Inc.,mcewen mining,USGL,9728,1040.0,base
0000314227,"TOMI Environmental Solutions, Inc.",tomi environmental solutions,,180146,3559.0,base
0000314489,FIRST BUSEY CORP /NV/,first busey corp nv,BUSE,18329,6020.0,base
0000314808,Valaris Ltd,valaris,ESV,2270,1381.0,base
0000315131,PHX MINERALS INC.,phx minerals,PHX,,1311.0,base
0000315189,DEERE & CO,deere,DE,3835,3523.0,base
0000315213,ROBERT HALF INC.,robert half,RHI,2312,7363.0,base
0000315256,PUBLIC SERVICE CO OF NEW HAMPSHIRE,public service co of new hampshire,,8806,4911.0,base
0000315293,Aon plc,aon,AOC,3221,6411.0,base
0000315374,HURCO COMPANIES INC,hurco companies,HURC,5788,3541.0,base
0000315545,"PROVECTUS BIOPHARMACEUTICALS, INC.",provectus biopharmaceuticals,PVCT,9330,2834.0,base
0000315709,INTERNATIONAL BANCSHARES CORP,international bancshares,IBOC,22086,6020.0,base
0000315852,RANGE RESOURCES CORP,range resources,RRC,6788,1311.0,base
0000315958,CREDITRISKMONITOR COM INC,creditriskmonitor com,CRMZ,7841,7323.0,base
0000316253,ENZO BIOCHEM INC,enzo biochem,ENZ,4418,3826.0,crosswalk
0000316709,SCHWAB CHARLES CORP,schwab charles,SCHW,13988,6282.0,base
0000317187,PPL ELECTRIC UTILITIES CORP,ppl electric utilities,PPL,145348,4911.0,base
0000317540,"Coca-Cola Consolidated, Inc.",cocacola consolidated,COKE,3138,2086.0,base
0000317788,"Digital Turbine, Inc.",digital turbine,MNDL,9551,7372.0,base
0000318154,AMGEN INC,amgen,AMGN,1602,2836.0,base
0000318299,"SPARTA COMMERCIAL SERVICES, INC.",sparta commercial services,SRCO,40564,7371.0,base
0000318300,PEOPLES BANCORP INC,peoples bancorp,PEBO,17106,6020.0,base
0000318306,ABEONA THERAPEUTICS INC.,abeona therapeutics,ACCP,12713,2836.0,base
0000318673,SECURITY NATIONAL FINANCIAL CORP,security national financial,SNFCA,17180,6311.0,base
0000318833,TEAM INC,team,TISI,10353,8734.0,base
0000319201,KLA CORP,kla,KLAC,6304,3827.0,base
0000319458,ENSERVCO CORP,enservco,ASPN,185323,1389.0,crosswalk
0000319654,PERMIAN BASIN ROYALTY TRUST,permian basin royalty trust,PBT,8493,6792.0,base
0000319655,SAN JUAN BASIN ROYALTY TRUST,san juan basin royalty trust,SJT,9393,6792.0,base
0000319687,"UNITED AIRLINES, INC.",united airlines,CAL,10484,4512.0,base
0000320017,"LISATA THERAPEUTICS, INC.",lisata therapeutics,NBS,4632,2836.0,base
0000320121,TELOS CORP,telos,TLSRP,2578,7373.0,base
0000320187,"NIKE, Inc.",nike,NKE,7906,3021.0,base
0000320193,Apple Inc.,apple,AAPL,1690,3663.0,base
0000320335,GLOBE LIFE INC.,globe life,TMK,10614,6311.0,base
0000320340,CoreCard Corp,corecard,INS,6013,7372.0,base
0000350698,"AUTONATION, INC.",autonation,AN,9063,5500.0,base
0000350852,COMMUNITY TRUST BANCORP INC /KY/,community trust bancorp inc ky,CTBI,19262,6020.0,base
0000350868,ITERIS INC,iteris,ITI,8087,3669.0,crosswalk
0000350894,SEI INVESTMENTS CO,sei investments,SEIC,9317,6282.0,base
0000351569,Ameris Bancorp,ameris bancorp,ABCB,30222,6020.0,base
0000351789,ELECTRO SENSORS INC,electro sensors,ELSE,4275,3823.0,base
0000351817,SILVERBOW RESOURCES INC,silverbow resources,SFY,10221,1311.0,crosswalk
0000351834,SunOpta Inc.,sunopta,STKL,12761,2090.0,base
0000351998,DATA I/O CORP,data io,DAIO,3761,3825.0,base
0000352049,TOLEDO EDISON CO,toledo edison,TE,10601,4911.0,base
0000352541,ALLIANT ENERGY CORP,alliant energy,LNT,11554,4931.0,base
0000352825,FOSTER L B CO,foster l b,FSTR,4860,5051.0,base
0000352915,UNIVERSAL HEALTH SERVICES INC,universal health services,UHS,11032,8062.0,base
0000352955,"CKX LANDS, INC.",ckx lands,CKX,22861,6519.0,base
0000352991,ADVANCED OXYGEN TECHNOLOGIES INC,advanced oxygen technologies,,1718,6512.0,base
0000353184,AIR T INC,air t,AIRT,1210,4513.0,base
0000354190,Arthur J. Gallagher & Co.,arthur j gallagher,AJG,4973,6411.0,base
0000354647,CVB FINANCIAL CORP,cvb financial,CVBF,20019,6020.0,base
0000354707,HAWAIIAN ELECTRIC INDUSTRIES INC,hawaiian electric industries,HE,5526,4911.0,base
0000354950,"HOME DEPOT, INC.",home depot,HD,5680,5211.0,base
0000354963,SHENANDOAH TELECOMMUNICATIONS CO/VA/,shenandoah telecommunications cova,SHEN,9664,4813.0,base
0000355019,FONAR CORP,fonar,FONR,4826,8071.0,base
0000355811,GENTEX CORP,gentex,GNTX,5116,3714.0,base
0000355948,"RICHARDSON ELECTRONICS, LTD.",richardson electronics,RELL,9125,5065.0,base
0000356037,CSP INC /MA/,csp inc ma,CSPI,2573,7373.0,base
0000356171,TRICO BANCSHARES /,trico bancshares,TCBK,28155,6020.0,base
0000356309,NEW JERSEY RESOURCES CORP,new jersey resources,NJR,7849,4924.0,base
0000356590,GLOBAL TECH INDS GROUP INC,global tech inds,TTII,12807,3590.0,crosswalk
0000357173,OLD SECOND BANCORP INC,old second bancorp,OSBC,19150,6020.0,base
0000357294,HOVNANIAN ENTERPRISES INC,hovnanian enterprises,HOV,5750,1531.0,base
0000357301,TRUSTCO BANK CORP N Y,trustco bank corp n y,TRST,17245,6035.0,base
0000700564,FULTON FINANCIAL CORP,fulton financial,FULT,14172,6020.0,base
0000700565,"FIRST MID BANCSHARES, INC.",first mid bancshares,FMBH,29994,6020.0,base
0000700764,VICTORY OILFIELD TECH INC,victory oilfield tech,VYEY,148532,3533.0,crosswalk
0000700841,"RCM TECHNOLOGIES, INC.",rcm technologies,RCMT,8892,7363.0,base
0000700923,MYR GROUP INC.,myr,MYRG,180646,1623.0,base
0000701288,ATRION CORP,atrion,ATRI,1234,3841.0,crosswalk
0000701347,CENTRAL PACIFIC FINANCIAL CORP,central pacific financial,CPF,16705,6020.0,base
0000701374,SIX FLAGS ENTERTAINMENT -OLD,six flags entertainment old,PKS,10567,7996.0,crosswalk
0000701719,Envela Corp,envela,DGSE,12096,5990.0,base
0000701985,"Bath & Body Works, Inc.",bath body works,LTD,6733,5990.0,base
0000702165,NORFOLK SOUTHERN CORP,norfolk southern,NSC,7923,4011.0,base
0000703351,"BRINKER INTERNATIONAL, INC",brinker international,EAT,3007,5812.0,base
0000703604,"Distribution Solutions Group, Inc.",distribution solutions group,LAWS,6617,5080.0,base
0000704440,"KORU Medical Systems, Inc.",koru medical systems,REPR,13239,3841.0,base
0000704532,ONTO INNOVATION INC.,onto innovation,NANO,126423,3823.0,base
0000704562,AVID BIOSERVICES INC,avid bioservices,PPHM,14603,2835.0,crosswalk
0000705432,SOUTHSIDE BANCSHARES INC,southside bancshares,SBSI,62979,6020.0,base
0000706129,HORIZON BANCORP INC /IN/,horizon bancorp inc in,HBNC,18533,6020.0,base
0000706698,UTAH MEDICAL PRODUCTS INC,utah medical products,UTMD,11051,3845.0,base
0000706863,UNION BANKSHARES INC,union bankshares,UNB,111537,6020.0,base
0000707179,OLD NATIONAL BANCORP /IN/,old national bancorp in,ONB,17095,6020.0,base
0000707388,"STAR EQUITY HOLDINGS, INC.",star equity holdings,DRAD,145080,1520.0,base
0000707549,LAM RESEARCH CORP,lam research,LRCX,6565,3559.0,base
0000707605,AMERISERV FINANCIAL INC /PA/,ameriserv financial inc pa,ASRV,17269,6020.0,base
0000708781,CASS INFORMATION SYSTEMS INC,cass information systems,CASS,25201,7389.0,base
0000708821,PAR TECHNOLOGY CORP,par technology,PTC,8334,7371.0,base
0000708955,FIRST FINANCIAL BANCORP /OH/,first financial bancorp oh,FFBC,17195,6020.0,base
0000709005,NOBLE ROMANS INC,noble romans,NROM,7914,5812.0,base
0000709283,QUANTUM CORP /DE/,quantum corp de,QTM,8867,3572.0,base
0000709337,FARMERS NATIONAL BANC CORP /OH/,farmers national banc corp oh,FMNB,29855,6020.0,base
0000710752,SABINE ROYALTY TRUST,sabine royalty trust,,9346,6792.0,base
0000711034,THUNDER MOUNTAIN GOLD INC,thunder mountain gold,THMG,22002,1040.0,base
0000711377,NEOGEN CORP,neogen,NEOG,16453,2834.0,base
0000711404,"COOPER COMPANIES, INC.",cooper companies,COO,3504,3851.0,base
0000711669,COLONY BANKCORP INC,colony bankcorp,CBAN,66504,6020.0,base
0000711772,CAMBRIDGE BANCORP,cambridge bancorp,,110979,6020.0,crosswalk
0000712034,ACCO BRANDS Corp,acco brands,ADB,164506,3990.0,base
0000712515,ELECTRONIC ARTS INC.,electronic arts,EA,16721,7372.0,base
0000712534,FIRST MERCHANTS CORP,first merchants,FRME,16845,6020.0,base
0000712537,FIRST COMMONWEALTH FINANCIAL CORP /PA/,first commonwealth financial corp pa,FCF,18241,6020.0,base
0000712770,ONE LIBERTY PROPERTIES INC,one liberty properties,OLP,8148,6798.0,base
0000712771,"ConnectOne Bancorp, Inc.",connectone bancorp,CNBC,17724,6020.0,base
0000713425,LOGILITY SPPLY CHAIN SOL INC,logility spply chain sol,AMSWA,1562,7372.0,crosswalk
0000713676,"PNC FINANCIAL SERVICES GROUP, INC.",pnc financial services group,PNC,8245,6020.0,base
0000714256,Sanara MedTech Inc.,sanara medtech,WNDM,23623,3842.0,base
0000714310,VALLEY NATIONAL BANCORP,valley national bancorp,VLY,11861,6020.0,base
0000714395,"GERMAN AMERICAN BANCORP, INC.",german american bancorp,GABC,28278,6020.0,base
0000714562,FIRST FINANCIAL CORP /IN/,first financial corp in,THFF,18276,6020.0,base
0000714712,JUNIATA VALLEY FINANCIAL CORP,juniata valley financial,JUVF,31385,6020.0,base
0000715072,RENASANT CORP,renasant,RNST,25173,6020.0,base
0000715446,Anixa Biosciences Inc,anixa biosciences,COPY,12717,2836.0,base
0000715579,ACNB CORP,acnb,ACNB,17173,6020.0,base
0000715787,INTERFACE INC,interface,TILE,6034,2273.0,base
0000715957,"DOMINION ENERGY, INC",dominion energy,D,4029,4911.0,base
0000716133,CINCINNATI BELL INC,cincinnati bell,CBB,3036,4813.0,base
0000716314,GRAHAM CORP,graham,GHM,5254,3443.0,base
0000716605,PENNS WOODS BANCORP INC,penns woods bancorp,PWOD,19159,6020.0,base
0000716634,READING INTERNATIONAL INC,reading international,RDI,31629,7830.0,base
0000716643,REGIS CORP,regis,RGS,9023,7200.0,base
0000717423,MURPHY OIL CORP,murphy oil,MUR,7620,1311.0,base
0000717538,ARROW FINANCIAL CORP,arrow financial,AROW,16668,6020.0,base
0000717605,HEXCEL CORP /DE/,hexcel corp de,HXL,5608,2821.0,base
0000717720,VALUE LINE INC,value line,VALU,11099,2721.0,base
0000717806,"FIRST US BANCSHARES, INC.",first us bancshares,USBI,66597,6020.0,base
0000717954,UNIFIRST CORP,unifirst,UNF,10840,2300.0,base
0000718332,"RAVE RESTAURANT GROUP, INC.",rave restaurant group,PZZI,3369,5812.0,base
0000718413,COMMUNITY BANCORP /VT,community bancorp vt,CMTV,21525,6020.0,base
0000718937,STAAR SURGICAL CO,staar surgical,STAA,9969,3851.0,base
0000719135,Apyx Medical Corp,apyx medical,BVX,12719,3845.0,base
0000719220,S&T BANCORP INC,st bancorp,STBA,19570,6020.0,base
0000719274,GIGA-TRONICS INC,gigatronics,GIGA,5165,3670.0,crosswalk
0000719402,FIRST NATIONAL CORP /VA/,first national corp va,FXNC,66355,6020.0,base
0000719413,HECLA MINING CO/DE/,hecla mining code,HL,5560,1040.0,base
0000719494,INRAD OPTICS INC,inrad optics,INRD,6021,3679.0,crosswalk
0000719733,KEY TRONIC CORP,key tronic,KTCC,6416,3670.0,base
0000719955,WILLIAMS SONOMA INC,williams sonoma,WSM,11511,5961.0,base
0000720005,RAYMOND JAMES FINANCIAL INC,raymond james financial,RJF,8898,6211.0,base
0000720154,"Inotiv, Inc.",inotiv,BASI,,8731.0,base
0000720500,AMTECH SYSTEMS INC,amtech systems,ASYS,8864,3559.0,base
0000720672,STIFEL FINANCIAL CORP,stifel financial,SF,11770,6211.0,base
0000720762,NON INVASIVE MONITOR,non invasive monitor,NIMU,2240,9995.0,crosswalk
0000720858,INVESTORS TITLE CO,investors title,ITIC,14401,6361.0,base
0000720875,DYNATRONICS CORP,dynatronics,DYNT,4124,3845.0,base
0000721371,CARDINAL HEALTH INC,cardinal health,CAH,2751,5122.0,base
0000721693,Smart Powerr Corp.,smart powerr,CREG,145407,3620.0,base
0000721994,LAKELAND FINANCIAL CORP,lakeland financial,LKFN,18732,6020.0,base
0000722313,NORTECH SYSTEMS INC,nortech systems,NSYS,3962,3679.0,base
0000722572,FRANKLIN WIRELESS CORP,franklin wireless,FKWL,14112,3661.0,base
0000723125,MICRON TECHNOLOGY INC,micron technology,MU,7343,3674.0,base
0000723188,"COMMUNITY FINANCIAL SYSTEM, INC.",community financial system,CBU,16790,6020.0,base
0000723254,CINTAS CORP,cintas,CTAS,3062,7200.0,base
0000723531,PAYCHEX INC,paychex,PAYX,8402,8721.0,base
0000723603,CULP INC,culp,CFI,3647,2211.0,base
0000723612,"AVIS BUDGET GROUP, INC.",avis budget group,CAR,3278,7510.0,base
0000723646,FRANKLIN FINANCIAL SERVICES CORP /PA/,franklin financial services corp pa,FRAF,18385,6020.0,base
0000723733,MULTI SOLUTIONS II INC,multi solutions ii,MULT,17822,9995.0,crosswalk
0000724004,MESA LABORATORIES INC /CO/,mesa laboratories inc co,MLAB,7275,3821.0,base
0000724445,BURZYNSKI RESEARCH INSTITUTE INC,burzynski research institute,BZYR,22401,2836.0,base
0000724742,Trinity Place Holdings Inc.,trinity place,TPHS,10235,6512.0,base
0000724910,NVE CORP /NEW/,nve corp new,NVEC,21743,3674.0,base
0000725363,CEL SCI CORP,cel sci,CVM,,2836.0,base
0000725394,DALRADA FINANCIAL CORP,dalrada financial,IMTO,,5045.0,base
0000726601,CAPITAL CITY BANK GROUP INC,capital city bank,CCBG,20109,6020.0,base
0000726728,REALTY INCOME CORP,realty income,O,30822,6798.0,base
0000726854,CITY HOLDING CO,city,CHCO,16781,6020.0,base
0000726865,LINCOLN NATIONAL LIFE INSURANCE CO /IN/,lincoln national life insurance co in,,,,base
0000726958,CASEYS GENERAL STORES INC,caseys general stores,CASY,2807,5412.0,base
0000727207,"Accelerate Diagnostics, Inc",accelerate diagnostics,AXDX,21118,2835.0,base
0000727273,CADIZ INC,cadiz,CDZI,12964,4941.0,base
0000727346,"SELECTIS HEALTH, INC.",selectis health,GBCS,13913,6798.0,base
0000727510,"ENZON PHARMACEUTICALS, INC.",enzon pharmaceuticals,ENZN,4409,2836.0,base
0000727892,RIVERSOURCE LIFE INSURANCE CO,riversource life insurance,,,,base
0000727920,Equitable Financial Life Insurance Co,equitable financial life insurance,,,,base
0000728385,Birchtech Corp.,birchtech,MEEC,187548,4950.0,base
0000728387,"Perspective Therapeutics, Inc.",perspective therapeutics,ISR,,3841.0,base
0000728391,"IPALCO ENTERPRISES, INC.",ipalco enterprises,,6178,4911.0,base
0000728535,HUNT J B TRANSPORT SERVICES INC,hunt j b transport services,JBHT,5783,4213.0,base
0000729580,BEL FUSE INC /NJ,bel fuse inc nj,BELFB,2124,3677.0,base
0000729986,UNITED BANKSHARES INC/WV,united bankshares incwv,UBSI,17248,6020.0,base
0000730263,THOR INDUSTRIES INC,thor industries,THO,10549,3716.0,base
0000730272,REPLIGEN CORP,repligen,RGEN,12181,2836.0,base
0000730349,TOFUTTI BRANDS INC,tofutti brands,TOF,10598,2024.0,base
0000730464,Adtalem Global Education Inc.,adtalem global education,DV,3905,8200.0,base
0000730669,FCCC INC,fccc,FCIC,4695,9995.0,crosswalk
0000730708,SEACOAST BANKING CORP OF FLORIDA,seacoast banking corp of florida,SBCF,17184,6020.0,base
0000731012,HEALTHCARE SERVICES GROUP INC,healthcare services,HCSG,5539,8090.0,base
0000731288,PACCAR FINANCIAL CORP,paccar financial,,14043,6153.0,base
0000731653,UNITED BANCORP INC /OH/,united bancorp inc oh,UBCP,27886,6020.0,base
0000731766,UNITEDHEALTH GROUP INC,unitedhealth,UNH,10903,6324.0,base
0000731802,ATMOS ENERGY CORP,atmos energy,ATO,4383,4924.0,base
0000732026,TRIO-TECH INTERNATIONAL,triotech international,TRT,10740,3559.0,base
0000732417,HILLS BANCORPORATION,hills bancorporation,HBIA,112542,6020.0,base
0000732712,VERIZON COMMUNICATIONS INC,verizon communications,VZ,2136,4812.0,base
0000732717,AT&T INC.,att,T,9899,4812.0,base
0000732834,"CONTINENTAL RESOURCES, INC",continental resources,CLR,3469,1311.0,base
0000733076,BRIGHTHOUSE LIFE INSURANCE Co,brighthouse life insurance,,20521,6311.0,base
0000733269,"LiveRamp Holdings, Inc.",liveramp holdings,ACXM,2536,7370.0,base
0000733590,TRANSCONTINENTAL REALTY INVESTORS INC,transcontinental realty investors,TCI,3410,6513.0,base
0000736012,INTRUSION INC,intrusion,INTZ,25302,7372.0,base
0000736772,CNB FINANCIAL CORP/PA,cnb financial corppa,CCNE,17534,6020.0,base
0000737468,WASHINGTON TRUST BANCORP INC,washington trust bancorp,WASH,19873,6020.0,base
0000737758,TORO CO,toro,TTC,10618,3523.0,base
0000737875,FIRST KEYSTONE CORP,first keystone,FKYS,18301,6020.0,base
0000738214,"AEMETIS, INC",aemetis,AEBF,162453,2860.0,base
0000739421,CITIZENS FINANCIAL SERVICES INC,citizens financial services,CZFS,21521,6020.0,base
0000740260,"Ventas, Inc.",ventas,VTR,110179,6798.0,base
0000740663,FIRST OF LONG ISLAND CORP,first of long island,FLIC,18307,6020.0,base
0000740806,F&M BANK CORP,fm bank,FMBM,106373,6020.0,base
0000740971,OLD POINT FINANCIAL CORP,old point financial,OPOF,66313,6020.0,base
0000741516,AMERICAN NATL BANKSHARES,american natl bankshares,AMNB,17367,6020.0,crosswalk
0000742278,RPC INC,rpc,RES,8901,1389.0,base
0000743238,"SHYFT GROUP, INC.",shyft group,SPAR,,3711.0,base
0000743367,BAR HARBOR BANKSHARES,bar harbor bankshares,BHB,31895,6020.0,base
0000743758,AIADVERTISING INC,aiadvertising,WNYN,112544,7310.0,crosswalk
0000744187,REX AMERICAN RESOURCES Corp,rex american resources,REX,1864,2860.0,base
0000744218,"Celldex Therapeutics, Inc.",celldex therapeutics,AVAN,179598,2836.0,base
0000744452,BNB PLUS CORP.,bnb plus,APDN,106126,8731.0,base
0000744825,AMERICAN SHARED HOSPITAL SERVICES,american shared hospital services,AMS,1559,8090.0,base
0000745308,ST JOE Co,st joe,JOE,12544,7011.0,base
0000745732,"ROSS STORES, INC.",ross stores,ROST,9248,5651.0,base
0000746210,"Oblong, Inc.",oblong,GLOWE,36003,7370.0,base
0000746514,NEW ENGLAND REALTY ASSOCIATES LIMITED PARTNERSHIP,new england realty associates limited partnership,NEN,14639,6513.0,base
0000746515,EXPEDITORS INTERNATIONAL OF WASHINGTON INC,expeditors international of washington,EXPD,4494,4731.0,base
0000746598,BRADY CORP,brady,BRC,2352,3990.0,base
0000746838,UNISYS CORP,unisys,UIS,2504,7373.0,base
0000747540,SURGE COMPONENTS INC,surge components,SPRS,21040,5065.0,base
0000748268,"Red Cat Holdings, Inc.",red cat holdings,BBLF,35223,3721.0,base
0000748592,Eterna Therapeutics Inc.,eterna therapeutics,NTN,38496,2836.0,base
0000748790,GLOBAL CLEAN ENERGY HOLDINGS,global clean energy,GCEH,25849,2070.0,crosswalk
0000749251,GARTNER INC,gartner,IT,12441,8700.0,base
0000749647,"Imunon, Inc.",imunon,CLSN,2990,2836.0,base
0000749660,ICAD INC,icad,ICAD,12874,7372.0,base
0000750004,"Light & Wonder, Inc.",light wonder,SGMS,10991,3570.0,base
0000750558,QNB CORP,qnb,QNBC,23357,6020.0,base
0000750574,"AUBURN NATIONAL BANCORPORATION, INC",auburn national bancorporation,AUBN,61055,6020.0,base
0000750577,HANCOCK WHITNEY CORP,hancock whitney,HBHC,24232,6020.0,base
0000750686,CAMDEN NATIONAL CORP,camden national,CAC,65548,6020.0,base
0000751364,"NNN REIT, INC.",nnn reit,NNN,12140,6798.0,base
0000751365,VIRCO MFG CORPORATION,virco mfg,VIRC,11185,2531.0,base
0000751978,VICOR CORP,vicor,VICR,21238,3679.0,base
0000752294,ELECTRONIC SYSTEM TECH INC,electronic system tech,ELST,21563,3661.0,crosswalk
0000752642,"UMH PROPERTIES, INC.",umh properties,UMH,10917,6798.0,base
0000752714,MCGRATH RENTCORP,mcgrath rentcorp,MGRC,7161,7359.0,base
0000753308,NEXTERA ENERGY INC,nextera energy,NEE,4517,4911.0,base
0000754811,U S GLOBAL INVESTORS INC,u s global investors,GROW,12407,6282.0,base
0000755001,UNITIL CORP,unitil,UTL,10999,4931.0,base
0000758743,VIDEO DISPLAY CORP,video display,VIDE,11169,3670.0,crosswalk
0000759944,CITIZENS FINANCIAL GROUP INC/RI,citizens financial group incri,,21825,6020.0,base
0000760498,BANCFIRST CORP /OK/,bancfirst corp ok,BANF,28022,6020.0,base
0000761648,"CEDAR REALTY TRUST, INC.",cedar realty trust,CDR,13189,6798.0,base
0000763532,LSI INDUSTRIES INC,lsi industries,LYTS,6527,3640.0,base
0000763563,CHEMUNG FINANCIAL CORP,chemung financial,CHMG,17877,6020.0,base
0000763744,LCI INDUSTRIES,lci industries,DW,11796,3711.0,base
0000763901,"POPULAR, INC.",popular,BPOP,2002,6020.0,base
0000763907,FIRST UNITED CORP/MD/,first united corpmd,FUNC,18358,6020.0,base
0000764038,SouthState Corp,southstate,SCBT,64547,6020.0,base
0000764065,CLEVELAND-CLIFFS INC.,clevelandcliffs,CLF,3107,3310.0,base
0000764180,"ALTRIA GROUP, INC.",altria group,MO,8543,2111.0,base
0000764195,VBI VACCINES INC,vbi vaccines,,25289,2836.0,crosswalk
0000764401,INSTEEL INDUSTRIES INC,insteel industries,IIIN,4498,3310.0,base
0000764478,BEST BUY CO INC,best buy,BBY,2184,5731.0,base
0000764622,PINNACLE WEST CAPITAL CORP,pinnacle west capital,PNW,1075,4911.0,base
0000764630,SHOREPOWER TECHNOLOGIES INC.,shorepower technologies,,108680,3690.0,base
0000764764,CATERPILLAR FINANCIAL SERVICES CORP,caterpillar financial services,,21436,6159.0,base
0000764897,"Broad Street Realty, Inc.",broad street realty,BARA,37992,6512.0,base
0000765207,"First Bancorp, Inc /ME/",first bancorp inc me,FNLC,111940,6020.0,base
0000765880,"HEALTHPEAK PROPERTIES, INC.",healthpeak properties,HCP,13125,6798.0,base
0000766404,MULTI SOFT INC,multi soft,MSOF,13346,7372.0,crosswalk
0000766421,"ALASKA AIR GROUP, INC.",alaska air group,ALK,1230,4512.0,base
0000766704,WELLTOWER INC.,welltower,HCN,5543,6798.0,base
0000766792,CVD EQUIPMENT CORP,cvd equipment,CVV,2581,3559.0,base
0000766829,SJW GROUP,sjw,SJW,9324,4941.0,base
0000767405,"SB FINANCIAL GROUP, INC.",sb financial group,SBFG,63058,6020.0,base
0000768216,LOGICQUEST TECHNOLOGY INC,logicquest technology,BGAT,109927,9995.0,crosswalk
0000768408,CYANOTECH CORP,cyanotech,CYAN,12575,2833.0,base
0000768835,BIG LOTS INC,big lots,BIG,12123,5331.0,crosswalk
0000768899,"TrueBlue, Inc.",trueblue,TBI,22207,7363.0,base
0000769397,"Autodesk, Inc.",autodesk,ADSK,1878,7370.0,base
0000769520,MIDDLEBY Corp,middleby,MIDD,13570,3580.0,base
0000770460,PEOPLES FINANCIAL CORP /MS/,peoples financial corp ms,PFBX,112254,6020.0,base
0000771266,KOPIN CORP,kopin,KOPN,25166,3674.0,base
0000771497,ABM INDUSTRIES INC /DE/,abm industries inc de,ABM,1410,7340.0,base
0000771856,"CHAMPIONS ONCOLOGY, INC.",champions oncology,CSBR,14983,2836.0,base
0000771999,"DSS, INC.",dss,DMC,18290,7373.0,base
0000772406,"CIRRUS LOGIC, INC.",cirrus logic,CRUS,16401,3674.0,base
0000773141,"M.D.C. HOLDINGS, INC.",mdc holdings,MDC,6865,1531.0,base
0000773318,VERITEC INC,veritec,VRTC,12731,7372.0,crosswalk
0000773717,"American Clean Resources Group, Inc.",american clean resources group,PAQS,186721,1040.0,base
0000773840,HONEYWELL INTERNATIONAL INC,honeywell international,HON,1300,9997.0,base
0000774415,OneSolution Technology Inc.,onesolution technology,,,,base
0000775057,ALTEX INDUSTRIES INC,altex industries,,12088,1311.0,base
0000775215,"HBT Financial, Inc.",hbt financial,,35759,6020.0,base
0000776867,WHITE MOUNTAINS INSURANCE GROUP LTD,white mountains insurance,WTM,11729,6331.0,base
0000776901,INDEPENDENT BANK CORP,independent bank,INDB,16889,6020.0,base
0000777917,PRUCO LIFE INSURANCE CO,pruco life insurance,,,,base
0000778164,"Alto Ingredients, Inc.",alto ingredients,PEIX,163595,2860.0,base
0000779152,JACK HENRY & ASSOCIATES INC,jack henry associates,JKHY,11811,7389.0,base
0000779544,ARK RESTAURANTS CORP,ark restaurants,ARKR,11872,5812.0,base
0000780571,"ITRON, INC.",itron,ITRI,29133,3824.0,base
0000783324,VISTA GOLD CORP,vista gold,VGZ,12321,1040.0,base
0000783325,"WEC ENERGY GROUP, INC.",wec energy group,WEC,11550,4931.0,base
0000783412,DAILY JOURNAL CORP,daily journal,DJCO,12568,7372.0,base
0000784199,"ARTIVION, INC.",artivion,CRY,27823,3842.0,base
0000784977,PORTLAND GENERAL ELECTRIC CO /OR/,portland general electric co or,POR,12428,4911.0,base
0000785161,Encompass Health Corp,encompass health,HLS,12589,8060.0,base
0000785557,DLH Holdings Corp.,dlh,TSTF,12304,8090.0,base
0000785786,PLEXUS CORP,plexus,PLXS,12945,3672.0,base
0000785956,J&J SNACK FOODS CORP,jj snack foods,JJSF,12825,2050.0,base
0000787250,DPL INC,dpl,DPL,3814,4911.0,base
0000787253,NATURAL ALTERNATIVES INTERNATIONAL INC,natural alternatives international,NAII,13765,2834.0,base
0000788329,JOHNSON OUTDOORS INC,johnson outdoors,JOUT,13906,3690.0,base
0000788611,"NextTrip, Inc.",nexttrip,,185587,7372.0,base
0000788784,PUBLIC SERVICE ENTERPRISE GROUP INC,public service enterprise,PEG,8810,4931.0,base
0000788816,OGLETHORPE POWER CORP,oglethorpe power,,15171,4991.0,base
0000788920,PRO DEX INC,pro dex,PDEX,12458,3841.0,base
0000788965,HALLADOR ENERGY CO,hallador energy,HNRG,19129,4911.0,base
0000789019,MICROSOFT CORP,microsoft,MSFT,12141,7372.0,base
0000789460,WORLD KINECT CORP,world kinect,INT,12471,5172.0,base
0000789570,MGM Resorts International,mgm resorts international,MGM,14418,7990.0,base
0000789933,NACCO INDUSTRIES INC,nacco industries,NC,7938,1221.0,base
0000790051,CARLISLE COMPANIES INC,carlisle companies,CSL,2771,2950.0,base
0000790179,Prestige Capital Corp,prestige capital,PGEC,,6792.0,ticker_map
0000790273,CONECTISYS CORP,conectisys,,61888,9995.0,base
0000790359,NBT BANCORP INC,nbt bancorp,NBTB,19094,6020.0,base
0000790526,"RadNet, Inc.",radnet,PMDX,13071,8071.0,base
0000790816,BRANDYWINE REALTY TRUST,brandywine realty trust,BDN,13562,6798.0,base
0000791908,XOMA Royalty Corp,xoma royalty,XOMA,12252,2836.0,base
0000791963,OPPENHEIMER HOLDINGS INC,oppenheimer,OPY,13453,6211.0,base
0000792935,ETHEMA HEALTH Corp,ethema health,,13631,8060.0,base
0000792966,FARMERS & MERCHANTS BANCORP INC,farmers merchants bancorp,FMAO,112572,6020.0,base
0000792987,ASTEC INDUSTRIES INC,astec industries,ASTE,12262,3531.0,base
0000793074,WERNER ENTERPRISES INC,werner enterprises,WERN,12266,4213.0,base
0000793306,BLUE DOLPHIN ENERGY CO,blue dolphin energy,BDCO,170804,4922.0,base
0000793524,RESEARCH FRONTIERS INC,research frontiers,REFR,12377,8731.0,base
0000793733,SKYWEST INC,skywest,SKYW,12392,4512.0,base
0000793952,"HARLEY-DAVIDSON, INC.",harleydavidson,HOG,12389,3751.0,base
0000794170,"Toll Brothers, Inc.",toll brothers,TOL,12395,1531.0,base
0000794323,"Level 3 Parent, LLC",level 3 parent,LVLT,13440,4813.0,base
0000794367,"Macy's, Inc.",macys,FD,4611,5311.0,base
0000794619,AMERICAN WOODMARK CORP,american woodmark,AMWD,12379,2430.0,base
0000795266,KB HOME,kb home,KBH,12689,1531.0,base
0000795403,WATTS WATER TECHNOLOGIES INC,watts water technologies,WTS,12445,3490.0,base
0000796343,ADOBE INC.,adobe,ADBE,12540,7370.0,base
0000796505,"Clearfield, Inc.",clearfield,CLFD,12482,3679.0,base
0000796534,NATIONAL BANKSHARES INC,national bankshares,NKSH,25481,6020.0,base
0000797465,"HG Holdings, Inc.",hg holdings,STLY,25923,6361.0,base
0000797468,OCCIDENTAL PETROLEUM CORP /DE/,occidental petroleum corp de,OXY,8068,1311.0,base
0000797542,Viewbix Inc.,viewbix,ZAXS,51841,7370.0,base
0000797564,"HST Global, Inc.",hst global,NTHH,12573,2836.0,base
0000797721,VIASAT INC,viasat,VSAT,64088,4899.0,base
0000798081,LAKELAND INDUSTRIES INC,lakeland industries,LAKE,12597,3842.0,base
0000798287,PAMT CORP,pamt,PTSI,12598,4213.0,base
0000798354,FISERV INC,fiserv,FISV,12635,7389.0,base
0000798359,CENTERSPACE,centerspace,IRET,65640,6798.0,base
0000798528,ODYSSEY MARINE EXPLORATION INC,odyssey marine exploration,OMEX,65374,4400.0,base
0000798783,UNIVERSAL HEALTH REALTY INCOME TRUST,universal health realty income trust,UHT,13580,6798.0,base
0000798941,FIRST CITIZENS BANCSHARES INC /DE/,first citizens bancshares inc de,FCNCA,4690,6020.0,base
0000799165,DAWSON GEOPHYSICAL CO,dawson geophysical,TGE,3806,1382.0,base
0000799167,MARTEN TRANSPORT LTD,marten transport,MRTN,12625,4213.0,base
0000799233,HEARTLAND EXPRESS INC,heartland express,HTLD,12840,4213.0,base
0000799288,"LANDS' END, INC.",lands end,,19581,5961.0,base
0000799292,"M/I HOMES, INC.",mi homes,MHO,12615,1531.0,base
0000799698,LadRx Corp,ladrx,CYTR,13184,2836.0,base
0000799850,AMERICAS CARMART INC,americas carmart,CRMT,13602,5500.0,base
0000800240,ODP Corp,odp,ODP,14624,5940.0,base
0000800457,DONEGAL GROUP INC,donegal,DGICA,16714,6331.0,base
0000801337,WEBSTER FINANCIAL CORP,webster financial,WBS,17150,6020.0,base
0000802257,"Mitesco, Inc.",mitesco,TNTY,26720,7370.0,base
0000802481,PILGRIMS PRIDE CORP,pilgrims pride,PPC,12785,2015.0,base
0000803164,CHOICEONE FINANCIAL SERVICES INC,choiceone financial services,,66453,6020.0,base
0000803578,"FIREFLY NEUROSCIENCE, INC.",firefly neuroscience,IAIC,21663,7371.0,base
0000803649,EQC Liquidating Trust,eqc liquidating trust,CWH,13579,6798.0,base
0000804269,"General Motors Financial Company, Inc.",general motors financial company,ACF,17197,6141.0,base
0000804328,QUALCOMM INC/DE,qualcomm incde,QCOM,24800,3674.0,base
0000805676,PARK NATIONAL CORP /OH/,park national corp oh,PRK,19318,6020.0,base
0000805928,"Axogen, Inc.",axogen,LECT,190355,3842.0,base
0000806172,SONO TEK CORP,sono tek,SOTK,13176,3690.0,base
0000806279,CODORUS VALLEY BANCORP,codorus valley bancorp,CVLY,17715,6020.0,crosswalk
0000806517,PSYCHEMEDICS CORP,psychemedics,PMD,13733,8071.0,base
0000807707,VOXX INTERNATIONAL CORP,voxx international,VOXX,13354,3651.0,crosswalk
0000807863,MITEK SYSTEMS INC,mitek systems,MITK,,3577.0,base
0000807882,JACK IN THE BOX INC,jack in the box,JACK,13092,5812.0,base
0000809248,CARROLS RESTAURANT GROUP INC,carrols restaurant,TAST,176249,5812.0,crosswalk
0000810136,PHOTRONICS INC,photronics,PLAB,13200,3674.0,base
0000810332,MESA AIR GROUP INC,mesa air,MESA,,4512.0,base
0000810958,CITIZENS & NORTHERN CORP,citizens northern,CZNC,18037,6020.0,base
0000811156,CMS ENERGY CORP,cms energy,CMS,3439,4931.0,base
0000811212,THERMOGENESIS HOLDINGS INC,thermogenesis,KOOL,13794,3821.0,crosswalk
0000811222,Cardiff Lexington Corp,cardiff lexington,CDIF,160895,8011.0,base
0000811240,BIOLASE INC,biolase,BIOL,23291,3843.0,crosswalk
0000811532,Cedar Fair LP,cedar fair lp,FUN,,7990.0,ticker_map
0000811589,FIRST BANCORP /NC/,first bancorp nc,FBNC,16777,6020.0,base
0000811596,KAISER ALUMINUM CORP,kaiser aluminum,KALU,24293,3350.0,base
0000811641,IMMUCELL CORP /DE/,immucell corp de,ICCC,13235,2835.0,base
0000811808,SUMMIT FINANCIAL GROUP INC,summit financial,SMMF,110250,6020.0,crosswalk
0000811830,"Santander Holdings USA, Inc.",santander holdings usa,SOV,17130,6020.0,base
0000812011,VAIL RESORTS INC,vail resorts,MTN,64344,7990.0,base
0000812074,"O-I Glass, Inc. /DE/",oi glass inc de,OI,8215,3221.0,base
0000812152,RIDGEFIELD ACQUISITION CORP,ridgefield acquisition,RDGA,21432,9995.0,base
0000812306,PROCYON CORP,procyon,PCYN,19551,3842.0,crosswalk
0000812796,"SOLIGENIX, INC.",soligenix,SNGX,13484,2836.0,base
0000813298,"DESTINATION XL GROUP, INC.",destination xl group,CMRG,13381,5651.0,base
0000813672,CADENCE DESIGN SYSTEMS INC,cadence design systems,CDNS,13421,7372.0,base
0000813716,CIRTRAN CORP,cirtran,CIRC,137884,2086.0,base
0000813762,ICAHN ENTERPRISES L.P.,icahn enterprises lp,IEP,13709,9997.0,base
0000813828,Paramount Global,paramount global,CBS,,4833.0,base
0000814453,NEWELL BRANDS INC.,newell brands,NWL,7875,3630.0,base
0000814547,FAIR ISAAC CORP,fair isaac,FICO,13824,7373.0,base
0000814585,MBIA INC,mbia,MBI,13561,6351.0,base
0000814586,"Lifeway Foods, Inc.",lifeway foods,LWAY,15087,2020.0,base
0000814676,CPS TECHNOLOGIES CORP/DE/,cps technologies corpde,CPSH,13582,3679.0,base
0000814926,"CAPSTONE COMPANIES, INC.",capstone companies,CHDO,66665,3640.0,base
0000815097,CARNIVAL CORP,carnival,CCL,13498,4400.0,base
0000815556,FASTENAL CO,fastenal,FAST,14225,5000.0,base
0000815917,JONES FINANCIAL COMPANIES LLLP,jones financial companies lllp,,14107,6211.0,base
0000816761,TERADATA CORP /DE/,teradata corp de,TDC,178310,7370.0,base
0000816956,CONMED Corp,conmed,CNMD,13623,3845.0,base
0000817720,SYNAPTICS Inc,synaptics,SYNA,142814,3674.0,base
0000818033,"HERON THERAPEUTICS, INC. /DE/",heron therapeutics inc de,APPA,13786,2836.0,base
0000818479,DENTSPLY SIRONA Inc.,dentsply sirona,XRAY,13700,3843.0,base
0000818677,SECURITY FEDERAL CORP,security federal,SFDL,109981,6020.0,base
0000818686,TEVA PHARMACEUTICAL INDUSTRIES LTD,teva pharmaceutical industries,,14538,2834.0,base
0000819050,FRESH TRACKS THERAPEUTIC INC,fresh tracks therapeutic,VICL,35632,2834.0,crosswalk
0000819793,ALBANY INTERNATIONAL CORP /DE/,albany international corp de,AIN,14084,2221.0,base
0000820027,AMERIPRISE FINANCIAL INC,ameriprise financial,AMP,164708,6282.0,base
0000820313,AMPHENOL CORP /DE/,amphenol corp de,APH,14282,3678.0,base
0000820318,COHERENT CORP.,coherent,IIVI,14561,3827.0,base
0000820771,Goliath Film & Media Holdings,goliath film media,CADTD,170763,7812.0,base
0000821002,G III APPAREL GROUP LTD /DE/,g iii apparel group ltd de,GIII,19402,2300.0,base
0000821026,"Andersons, Inc.",andersons,ANDE,1659,5150.0,base
0000821130,UNITED STATES CELLULAR CORP,united states cellular,USM,14369,4812.0,base
0000821189,EOG RESOURCES INC,eog resources,EOG,16478,1311.0,base
0000821483,"PAR PACIFIC HOLDINGS, INC.",par pacific holdings,DPTR,22447,2911.0,base
0000822370,"Emmaus Life Sciences, Inc.",emmaus life sciences,CNSO,35472,2834.0,base
0000822416,PULTEGROUP INC/MI/,pultegroup incmi,PHM,8823,1531.0,base
0000822663,INTERPARFUMS INC,interparfums,IPAR,14309,2844.0,base
0000822818,CLEAN HARBORS INC,clean harbors,CLH,14027,4955.0,base
0000823277,CHS INC,chs,CHSCP,134464,5150.0,base
0000823768,WASTE MANAGEMENT INC,waste management,WM,14477,4953.0,base
0000824142,"AAON, INC.",aaon,AAON,21542,3585.0,base
0000824410,SANDY SPRING BANCORP INC,sandy spring bancorp,SASR,62654,6020.0,base
0000824416,QUEST PATENT RESEARCH CORP,quest patent research,,19253,7370.0,base
0000825313,ALLIANCEBERNSTEIN HOLDING L.P.,alliancebernstein holding lp,AB,14592,6799.0,base
0000825324,Good Times Restaurants Inc.,good times restaurants,GTIM,22543,5812.0,base
0000825542,SCOTTS MIRACLE-GRO CO,scotts miraclegro,SMG,20185,2870.0,base
0000825788,DIVALL INSURED INCOME PROPERTIES 2 LIMITED PARTNERSHIP,divall insured income properties 2 limited partnership,DIVALL,,6500.0,base
0000826154,ORRSTOWN FINANCIAL SERVICES INC,orrstown financial services,ORRF,111819,6020.0,base
0000826253,AURA SYSTEMS INC,aura systems,AUSI,14913,3621.0,base
0000826675,DYNEX CAPITAL INC,dynex capital,DX,14403,6798.0,base
0000827052,EDISON INTERNATIONAL,edison international,EIX,9846,4911.0,base
0000827054,MICROCHIP TECHNOLOGY INC,microchip technology,MCHP,27965,3674.0,base
0000827187,Sleep Number Corp,sleep number,SCSS,116504,2510.0,base
0000827876,"CLEANSPARK, INC.",cleanspark,,186904,7370.0,base
0000828146,INTERLINK ELECTRONICS INC,interlink electronics,LINK,28374,3679.0,base
0000828944,WSFS FINANCIAL CORP,wsfs financial,WSFS,17132,6035.0,base
0000829224,STARBUCKS CORP,starbucks,SBUX,25434,5812.0,base
0000829323,"Inuvo, Inc.",inuvo,THK,23226,7370.0,base
0000830616,"SCI Engineered Materials, Inc.",sci engineered materials,SCCI,20177,4011.0,base
0000830656,PRESSURE BIOSCIENCES INC,pressure biosciences,PBIO,63901,8731.0,crosswalk
0000831001,CITIGROUP INC,citigroup,C,3243,6199.0,base
0000831259,FREEPORT-MCMORAN INC,freeportmcmoran,FCX,14590,1000.0,base
0000831378,LVPAI GROUP Ltd,lvpai,FTGI,142338,9995.0,base
0000831641,TETRA TECH INC,tetra tech,TTEK,24783,8711.0,base
0000832101,IDEX CORP /DE/,idex corp de,IEX,15267,3561.0,base
0000832428,E.W. SCRIPPS Co,ew scripps,SSP,14535,4833.0,base
0000832480,UTG INC,utg,UTGI,22338,6311.0,base
0000832489,"GeoVax Labs, Inc.",geovax labs,DNTK,24966,2836.0,base
0000832988,SIGNET JEWELERS LTD,signet jewelers,SIG,15520,5944.0,base
0000833079,Meritage Homes CORP,meritage homes,MTH,14790,1531.0,base
0000833444,Johnson Controls International plc,johnson controls international,TYC,6268,3585.0,base
0000833640,POWER INTEGRATIONS INC,power integrations,POWI,66032,3674.0,base
0000834071,TOYOTA MOTOR CREDIT CORP,toyota motor credit,,15136,6141.0,base
0000834365,BIOLIFE SOLUTIONS INC,biolife solutions,BLFS,17199,2836.0,base
0000835011,MGP INGREDIENTS INC,mgp ingredients,MGPI,14891,2085.0,base
0000835324,"Stock Yards Bancorp, Inc.",stock yards bancorp,SYBT,22717,6020.0,base
0000835357,EQUITABLE FINANCIAL LIFE INSURANCE CO OF AMERICA,equitable financial life insurance co of america,,,,base
0000835662,"AiXin Life International, Inc.",aixin life international,MCAR,33136,5122.0,base
0000836147,MIDDLEFIELD BANC CORP,middlefield banc,MBCN,139705,6020.0,base
0000836157,LINDSAY CORP,lindsay,LNN,14954,3523.0,base
0000836564,Mosaic ImmunoEngineering Inc.,mosaic immunoengineering,PTSC,,6794.0,base
0000836690,INNOVATIVE SOLUTIONS & SUPPORT INC,innovative solutions support,ISSC,135844,3575.0,base
0000837010,VOYA RETIREMENT INSURANCE & ANNUITY Co,voya retirement insurance annuity,,63734,6311.0,base
0000837465,Topgolf Callaway Brands Corp.,topgolf callaway brands,ELY,24978,3949.0,base
0000837852,IDEANOMICS INC,ideanomics,YOD,24658,3713.0,crosswalk
0000838875,WILLAMETTE VALLEY VINEYARDS INC,willamette valley vineyards,WVVI,30666,2084.0,base
0000839087,VASO Corp,vaso,VASO,14985,5047.0,base
0000839470,"WESTWATER RESOURCES, INC.",westwater resources,URRE,15240,3620.0,base
0000840489,"FirstCash Holdings, Inc.",firstcash holdings,FCFS,24157,5900.0,base
0000840715,CLEARONE INC,clearone,CLRO,18549,3663.0,base
0000842023,BIO-TECHNE Corp,biotechne,TECH,15414,2836.0,base
0000842162,LEAR CORP,lear,LEA,16477,2531.0,base
0000842517,ISABELLA BANK Corp,isabella bank,ISBA,157307,6020.0,base
0000842518,EVANS BANCORP INC,evans bancorp,EVBN,65176,6020.0,base
0000842633,TRIMAS CORP,trimas,TRS,15252,3460.0,base
0000842717,"BLUE RIDGE BANKSHARES, INC.",blue ridge bankshares,,105616,6020.0,base
0000843006,ACCESS Newswire Inc.,access newswire,ISDR,183139,7370.0,base
0000844059,"FRP HOLDINGS, INC.",frp holdings,PATR,12926,6513.0,base
0000844856,Healthier Choices Management Corp.,healthier choices management,VPCOR,184312,2111.0,base
0000844887,DIAMONDHEAD CASINO CORP,diamondhead casino,DHCC,15800,7990.0,base
0000844965,TETRA TECHNOLOGIES INC,tetra technologies,TTI,21237,1389.0,base
0000845385,PRINCETON CAPITAL CORP,princeton capital,RONE,22706,6797.0,base
0000845819,"KonaTel, Inc.",konatel,,20932,4812.0,base
0000845877,FEDERAL AGRICULTURAL MORTGAGE CORP,federal agricultural mortgage,AGM,15153,6162.0,base
0000846377,"Totaligent, Inc.",totaligent,WKLI,,6153.0,base
0000846475,ZYNEX INC,zynex,ZYNX,129441,3845.0,base
0000846617,"Dime Community Bancshares, Inc. /NY/",dime community bancshares inc ny,BDGE,63135,6020.0,base
0000846901,LAKELAND BANCORP INC,lakeland bancorp,LBAI,109621,6020.0,crosswalk
0000846913,"FUEL TECH, INC.",fuel tech,FTEK,28819,3559.0,base
0000847942,STRATEGIC ACQUISITIONS INC /NV/,strategic acquisitions inc nv,STQN,23369,6153.0,base
0000849145,Heritage Global Inc.,heritage global,COBT,15824,6799.0,base
0000849146,Lifevantage Corp,lifevantage,LFVN,25027,2834.0,base
0000849395,CRH PUBLIC LTD CO,crh public ltd,,,,base
0000849399,Gen Digital Inc.,gen digital,SYMC,15855,7372.0,base
0000849401,"ADM TRONICS UNLIMITED, INC.",adm tronics unlimited,,21116,3845.0,base
0000849869,SILGAN HOLDINGS INC,silgan,SLGN,64389,3411.0,base
0000850033,BP PRUDHOE BAY ROYALTY TRUST,bp prudhoe bay royalty trust,,15350,6792.0,base
0000850141,HORACE MANN EDUCATORS CORP /DE/,horace mann educators corp de,HMN,24678,6331.0,base
0000850209,"FOOT LOCKER, INC.",foot locker,FL,11584,5661.0,base
0000850429,TREDEGAR CORP,tredegar,TG,15459,3350.0,base
0000850460,ENCORE WIRE CORP,encore wire,WIRE,25572,3357.0,crosswalk
0000851205,COGNEX CORP,cognex,CGNX,16188,3823.0,base
0000851310,HARMONIC INC,harmonic,HLIT,31843,3663.0,base
0000851520,EXPONENT INC,exponent,EXPO,23027,8742.0,base
0000851968,MOHAWK INDUSTRIES INC,mohawk industries,MHK,25119,2273.0,base
0000852772,DENNY'S Corp,dennys,DENN,19398,5812.0,base
0000853816,LANDSTAR SYSTEM INC,landstar system,LSTR,21440,4213.0,base
0000854560,"GREAT SOUTHERN BANCORP, INC.",great southern bancorp,GSBC,19428,6020.0,base
0000854775,DIGI INTERNATIONAL INC,digi international,DGII,16710,3576.0,base
0000855658,LATTICE SEMICONDUCTOR CORP,lattice semiconductor,LSCC,16597,3674.0,base
0000855683,MILESTONE SCIENTIFIC INC.,milestone scientific,MS,61496,3843.0,base
0000855787,TRULEUM INC,truleum,,27594,1311.0,crosswalk
0000856982,MERIT MEDICAL SYSTEMS INC,merit medical systems,MMSI,21777,3841.0,base
0000856984,"QHSLab, Inc.",qhslab,MABAA,21505,2835.0,base
0000857005,PTC INC.,ptc,PTC,18699,7372.0,base
0000857855,UNITED COMMUNITY BANKS INC,united community banks,UCBI,64794,6020.0,base
0000857949,Enlightify Inc.,enlightify,CGAG,21241,2870.0,base
0000858470,Coterra Energy Inc.,coterra energy,COG,20548,1311.0,base
0000858877,"CISCO SYSTEMS, INC.",cisco systems,CSCO,20779,3576.0,base
0000859070,FIRST COMMUNITY BANKSHARES INC /VA/,first community bankshares inc va,FCBC,26071,6020.0,base
0000859737,HOLOGIC INC,hologic,HOLX,20904,3844.0,base
0000860413,FIRST INTERSTATE BANCSYSTEM INC,first interstate bancsystem,FIBK,184167,6020.0,base
0000860543,JACKSAM CORP,jacksam,ATVG,34453,3559.0,crosswalk
0000860546,COPT DEFENSE PROPERTIES,copt defense properties,OFC,24825,6798.0,base
0000860730,"HCA Healthcare, Inc.",hca healthcare,HCA,22260,8062.0,base
0000860731,TYLER TECHNOLOGIES INC,tyler technologies,TYL,10789,7373.0,base
0000860748,KEMPER Corp,kemper,KMPR,21503,6331.0,base
0000861459,GRANITE CONSTRUCTION INC,granite construction,GVA,21429,1600.0,base
0000861842,CATHAY GENERAL BANCORP,cathay general bancorp,CATY,23500,6020.0,base
0000861878,STERICYCLE INC,stericycle,SRCL,63527,4955.0,crosswalk
0000861884,"RELIANCE, INC.",reliance,RS,30671,5051.0,base
0000862022,HUGOTON ROYALTY TRUST,hugoton royalty trust,HGT,119594,6792.0,base
0000862668,ESCALON MEDICAL CORP,escalon medical,ESMC,25711,3845.0,base
0000862692,CRYO CELL INTERNATIONAL INC,cryo cell international,CCEL,23790,8090.0,base
0000862831,FINANCIAL INSTITUTIONS INC,financial institutions,FISI,121713,6020.0,base
0000862861,ALT5 Sigma Corp,alt5 sigma,ARCI,24660,6200.0,base
0000863110,ARTESIAN RESOURCES CORP,artesian resources,ARTNA,17341,4941.0,base
0000863436,BENCHMARK ELECTRONICS INC,benchmark electronics,BHE,23084,3672.0,base
0000863894,VERU INC.,veru,FHCO,22817,2834.0,base
0000864240,SYPRIS SOLUTIONS INC,sypris solutions,SYPR,30220,3714.0,base
0000864270,AMERICAN HONDA FINANCE CORP,american honda finance,,,,base
0000864749,TRIMBLE INC.,trimble,TRMB,22815,3829.0,base
0000865752,Monster Beverage Corp,monster beverage,HANS,24316,2086.0,base
0000866273,MATRIX SERVICE CO,matrix service,MTRX,23195,1623.0,base
0000866291,"ALLEGRO MICROSYSTEMS, INC.",allegro microsystems,,37309,3674.0,base
0000866374,FLEX LTD.,flex,FLEX,30170,3672.0,base
0000866439,"DarkPulse, Inc.",darkpulse,KLMK,33858,3674.0,base
0000866706,ESCO TECHNOLOGIES INC,esco technologies,ESE,23224,3825.0,base
0000866729,SCHOLASTIC CORP,scholastic,SCHL,9466,2731.0,base
0000866787,AUTOZONE INC,autozone,AZO,23809,5531.0,base
0000866829,HELIX ENERGY SOLUTIONS GROUP INC,helix energy solutions,CDIS,65006,1389.0,base
0000867028,FOMO WORLDWIDE INC,fomo worldwide,,20547,7389.0,crosswalk
0000867038,SPINDLETOP OIL & GAS CO,spindletop oil gas,SPND,24131,1311.0,base
0000867840,"PRECISION OPTICS CORPORATION, INC.",precision optics corporation,POCI,24842,3845.0,base
0000868278,"ProPhase Labs, Inc.",prophase labs,QGLY,31418,2834.0,base
0000868671,"GLACIER BANCORP, INC.",glacier bancorp,GBCI,16832,6020.0,base
0000868780,"Dorman Products, Inc.",dorman products,DORM,23753,3714.0,base
0000868857,AECOM,aecom,ACM,147988,8711.0,base
0000871763,ManpowerGroup Inc.,manpowergroup,MAN,14370,7363.0,base
0000872589,"REGENERON PHARMACEUTICALS, INC.",regeneron pharmaceuticals,REGN,23812,2834.0,base
0000872912,"DELCATH SYSTEMS, INC.",delcath systems,DCTH,140023,3841.0,base
0000873303,"Sarepta Therapeutics, Inc.",sarepta therapeutics,SRPT,64857,2836.0,base
0000873860,ONITY GROUP INC.,onity,OCN,63639,6162.0,base
0000874015,IONIS PHARMACEUTICALS INC,ionis pharmaceuticals,ISIS,24040,2836.0,base
0000874238,"STERLING INFRASTRUCTURE, INC.",sterling infrastructure,STRL,5559,1700.0,base
0000874396,"LIFETIME BRANDS, INC",lifetime brands,LCUT,24099,3420.0,base
0000874499,GULFPORT ENERGY CORP,gulfport energy,GPOR,26069,1311.0,base
0000874501,AMBAC FINANCIAL GROUP INC,ambac financial,ABK,24287,6351.0,base
0000874716,IDEXX LABORATORIES INC /DE,idexx laboratories inc de,IDXX,24197,2835.0,base
0000874761,AES CORP,aes,AES,24216,4991.0,base
0000874766,"HARTFORD INSURANCE GROUP, INC.",hartford insurance group,HIG,61739,6331.0,base
0000874866,CORVEL CORP,corvel,CRVL,24225,6411.0,base
0000875045,BIOGEN INC.,biogen,BIIB,24468,2836.0,base
0000875320,VERTEX PHARMACEUTICALS INC / MA,vertex pharmaceuticals inc ma,VRTX,24344,2836.0,base
0000875355,"LENDWAY, INC.",lendway,ISIG,24204,6159.0,base
0000875357,BOK FINANCIAL CORP,bok financial,BOKF,24447,6020.0,base
0000875582,NORTHERN TECHNOLOGIES INTERNATIONAL CORP,northern technologies international,NTI,19209,2890.0,base
0000875657,ULTRALIFE CORP,ultralife,ULBI,26045,3690.0,base
0000875729,BION ENVIRONMENTAL TECHNOLOGIES INC,bion environmental technologies,BNET,25360,2870.0,base
0000876167,PROGRESS SOFTWARE CORP /MA,progress software corp ma,PRGS,24352,7372.0,base
0000876343,"Lineage Cell Therapeutics, Inc.",lineage cell therapeutics,BTX,24996,2836.0,base
0000876378,ASENSUS SURGICAL INC,asensus surgical,TRXC,18666,3841.0,crosswalk
0000876427,"MONRO, INC.",monro,MNRO,24350,7500.0,base
0000876437,MGIC INVESTMENT CORP,mgic investment,MTG,24379,6351.0,base
0000876523,EZCORP INC,ezcorp,EZPW,24430,5900.0,base
0000876883,Stagwell Inc,stagwell,MDCA,39309,7311.0,base
0000877212,ZEBRA TECHNOLOGIES CORP,zebra technologies,ZBRA,24405,3577.0,base
0000877422,SpartanNash Co,spartannash,SPTN,28762,5141.0,base
0000877860,NATIONAL HEALTH INVESTORS INC,national health investors,NHI,24533,6798.0,base
0000878927,"OLD DOMINION FREIGHT LINE, INC.",old dominion freight line,ODFL,24617,4213.0,base
0000878932,"EQUUS TOTAL RETURN, INC.",equus total return,EQS,25709,6797.0,base
0000879101,KIMCO REALTY CORP,kimco realty,KIM,24731,6798.0,base
0000879169,INCYTE CORP,incyte,INCY,29127,2836.0,base
0000879407,"ARROWHEAD PHARMACEUTICALS, INC.",arrowhead pharmaceuticals,ARWR,28806,2836.0,base
0000879526,WABASH NATIONAL Corp,wabash national,WNC,24720,3715.0,base
0000879585,"ATN International, Inc.",atn international,ATNI,24708,4812.0,base
0000879635,MID PENN BANCORP INC,mid penn bancorp,MPB,66288,6020.0,base
0000879911,"APPLIED ENERGETICS, INC.",applied energetics,AERG,25088,3600.0,base
0000880117,SANFILIPPO JOHN B & SON INC,sanfilippo john b son,JBSS,24755,2060.0,base
0000880242,"BIOLARGO, INC.",biolargo,BLGO,24797,2860.0,base
0000880266,AGCO CORP /DE,agco corp de,AGCO,25180,3523.0,base
0000880417,"CSB Bancorp, Inc.",csb bancorp,CSBB,65924,6020.0,base
0000880631,"WisdomTree, Inc.",wisdomtree,WETF,24750,6282.0,base
0000880641,EAGLE FINANCIAL SERVICES INC,eagle financial services,EFSI,153616,6020.0,base
0000880807,AMERICAN SUPERCONDUCTOR CORP /DE/,american superconductor corp de,AMSC,24795,3621.0,base
0000880984,"ACORN ENERGY, INC.",acorn energy,ACFN,24912,3812.0,base
0000881453,FORTITUDE LIFE INSURANCE & ANNUITY CO,fortitude life insurance annuity,,,,base
0000881787,CROSS TIMBERS ROYALTY TRUST,cross timbers royalty trust,CRT,24980,6792.0,base
0000882095,"GILEAD SCIENCES, INC.",gilead sciences,GILD,24856,2836.0,base
0000882184,HORTON D R INC /DE/,horton d r inc de,DHI,25340,1531.0,base
0000882291,AETHLON MEDICAL INC,aethlon medical,AEMD,27983,3841.0,base
0000882361,Aptose Biosciences Inc.,aptose biosciences,,25750,2836.0,base
0000882508,QUICKLOGIC Corp,quicklogic,QUIK,65036,3674.0,base
0000882796,BIOCRYST PHARMACEUTICALS INC,biocryst pharmaceuticals,BCRX,29837,2836.0,base
0000882835,ROPER TECHNOLOGIES INC,roper technologies,ROP,24925,7370.0,base
0000883107,NANOPHASE TECHNOLOGIES Corp,nanophase technologies,NANX,65937,2810.0,base
0000883237,"VIRTUS INVESTMENT PARTNERS, INC.",virtus investment partners,VRTS,25030,6282.0,base
0000883241,SYNOPSYS INC,synopsys,SNPS,24975,7372.0,base
0000883569,"Fossil Group, Inc.",fossil group,FOSL,28118,3873.0,base
0000883902,"Cornerstone Building Brands, Inc.",cornerstone building brands,NCS,25130,3448.0,base
0000883948,Atlantic Union Bankshares Corp,atlantic union bankshares,UBSH,19713,6020.0,base
0000883975,Microbot Medical Inc.,microbot medical,STEM,29293,3845.0,base
0000883984,ICU MEDICAL INC/DE,icu medical incde,ICUI,25110,3841.0,base
0000884144,ASURE SOFTWARE INC,asure software,ASUR,25138,7370.0,base
0000884219,"Pursuit Attractions & Hospitality, Inc.",pursuit attractions hospitality,VVI,160785,7000.0,base
0000884269,ALPHA PRO TECH LTD,alpha pro tech,APT,62072,3089.0,base
0000884614,UGI CORP /PA/,ugi corp pa,UGI,10801,4932.0,base
0000884624,Orthofix Medical Inc.,orthofix medical,OFIX,28380,3841.0,base
0000884650,INFINITE GROUP INC,infinite,IMCI,,7370.0,base
0000884713,Cott Corp,cott,COT,,2086.0,ticker_map
0000884887,ROYAL CARIBBEAN CRUISES LTD,royal caribbean cruises,RCL,28191,4400.0,base
0000885245,BUCKLE INC,buckle,BKE,25234,5651.0,base
0000885275,WILSON BANK HOLDING CO,wilson bank,,264731,6020.0,base
0000885307,JEWETT CAMERON TRADING CO LTD,jewett cameron trading,JCTCF,25406,5031.0,base
0000885462,"GULF RESOURCES, INC.",gulf resources,DSFX,25935,2810.0,base
0000885508,STRATUS PROPERTIES INC,stratus properties,STRS,25462,6552.0,base
0000885550,CREDIT ACCEPTANCE CORP,credit acceptance,CACC,25339,6141.0,base
0000885568,OLD DOMINION ELECTRIC COOPERATIVE,old dominion electric cooperative,,127675,4911.0,base
0000885590,Bausch Health Companies Inc.,bausch health companies,VRX,29955,2834.0,base
0000885639,KOHLS Corp,kohls,KSS,25283,5311.0,base
0000885725,BOSTON SCIENTIFIC CORP,boston scientific,BSX,25279,3845.0,base
0000885975,CINEMARK USA INC /TX,cinemark usa inc tx,,60972,7830.0,base
0000885978,U S PHYSICAL THERAPY INC /NV,u s physical therapy inc nv,USPH,25318,8000.0,base
0000886128,FUELCELL ENERGY INC,fuelcell energy,FCEL,25430,3690.0,base
0000886136,SAGA COMMUNICATIONS INC,saga communications,SGA,27790,4832.0,base
0000886163,LIGAND PHARMACEUTICALS INC,ligand pharmaceuticals,LGND,25937,2834.0,base
0000886206,FRANKLIN COVEY CO,franklin covey,FC,25331,8200.0,base
0000886346,KADANT INC,kadant,KAI,25922,3550.0,base
0000886744,GERON CORP,geron,GERN,63405,2836.0,base
0000886835,SUPERIOR ENERGY SERVICES INC,superior energy services,SPN,25509,1389.0,crosswalk
0000886982,GOLDMAN SACHS GROUP INC,goldman sachs,GS,114628,6211.0,base
0000887343,"COLUMBIA BANKING SYSTEM, INC.",columbia banking system,COLB,65228,6020.0,base
0000887359,Vericel Corp,vericel,ASTM,64334,2836.0,base
0000887396,EMPIRE PETROLEUM CORP,empire petroleum,EMPR,26028,1311.0,base
0000887596,CHEESECAKE FACTORY INC,cheesecake factory,CAKE,25737,5812.0,base
0000887733,CENTRAL GARDEN & PET CO,central garden pet,CENT,25536,5140.0,base
0000887905,LTC PROPERTIES INC,ltc properties,LTC,25665,6798.0,base
0000887936,"FTI CONSULTING, INC",fti consulting,FCN,62823,8742.0,base
0000888471,NESTOR PARTNERS,nestor partners,,,,base
0000888491,OMEGA HEALTHCARE INVESTORS INC,omega healthcare investors,OHI,25633,6798.0,base
0000888981,NOCOPI TECHNOLOGIES INC/MD/,nocopi technologies incmd,NNUP,21361,6794.0,base
0000889331,LITTELFUSE INC /DE,littelfuse inc de,LFUS,25747,3613.0,base
0000889348,CPI AEROSTRUCTURES INC,cpi aerostructures,CVU,25726,3728.0,base
0000889609,"CONSUMER PORTFOLIO SERVICES, INC.",consumer portfolio services,CPSS,25852,6159.0,base
0000889900,PATTERSON UTI ENERGY INC,patterson uti energy,PTEN,29108,1389.0,base
0000889971,LIGHTPATH TECHNOLOGIES INC,lightpath technologies,LPTH,62217,3827.0,base
0000890066,GLEN BURNIE BANCORP,glen burnie bancorp,GLBZ,65050,6020.0,base
0000890394,Peraso Inc.,peraso,MOSY,40460,3674.0,base
0000890447,VERTEX ENERGY INC,vertex energy,WDWT,183704,5172.0,crosswalk
0000890564,ASGN Inc,asgn,ASGN,25749,7370.0,base
0000890821,"Enveric Biosciences, Inc.",enveric biosciences,SPZR,37640,2836.0,base
0000890926,RADIAN GROUP INC,radian,RDN,25895,6351.0,base
0000891014,MINERALS TECHNOLOGIES INC,minerals technologies,MTX,25870,2860.0,base
0000891024,PATTERSON COS INC,patterson cos,PDCO,25880,5047.0,crosswalk
0000891103,"Match Group, Inc.",match group,IACI,26061,7370.0,base
0000891166,"UNIVERSAL INSURANCE HOLDINGS, INC.",universal insurance holdings,UVE,26016,6331.0,base
0000891417,NANO MAGIC INC,nano magic,NNPP,27856,2842.0,crosswalk
0000891482,FULL HOUSE RESORTS INC,full house resorts,FLL,28749,7990.0,base
0000891532,PERMA FIX ENVIRONMENTAL SERVICES INC,perma fix environmental services,PESI,25979,4955.0,base
0000892553,CHART INDUSTRIES INC,chart industries,CIDI,25964,3443.0,base
0000893538,SM Energy Co,sm energy,SM,26013,1311.0,base
0000893691,MASONITE INTERNATIONAL CORP,masonite international,DOOR,20696,2430.0,crosswalk
0000893847,"HAWTHORN BANCSHARES, INC.",hawthorn bancshares,EXJF,111179,6020.0,base
0000893949,"Pediatrix Medical Group, Inc.",pediatrix medical group,PDX,61325,8011.0,base
0000894081,"Air Transport Services Group, Inc.",air transport services group,ATSG,155280,4512.0,base
0000894158,"Theriva Biologics, Inc.",theriva biologics,PP,177764,2834.0,base
0000894315,SITE Centers Corp.,site centers,DDR,27780,6798.0,base
0000894405,ARCBEST CORP /DE/,arcbest corp de,ABFS,1743,4213.0,base
0000894501,"GOLD ROCK HOLDINGS, INC.",gold rock holdings,,,,base
0000894556,"General Enterprise Ventures, Inc.",general enterprise ventures,GEVM,65842,4955.0,base
0000894560,BIOETHICS LTD,bioethics,,109519,9995.0,base
0000894627,VAALCO ENERGY INC /DE/,vaalco energy inc de,EGY,27199,1311.0,base
0000894671,OHIO VALLEY BANC CORP,ohio valley banc,OVBC,19137,6020.0,base
0000894871,"Arena Group Holdings, Inc.",arena group holdings,ISSM,29064,7370.0,base
0000895126,EXPAND ENERGY Corp,expand energy,CHK,27786,1311.0,base
0000895417,EQUITY LIFESTYLE PROPERTIES INC,equity lifestyle properties,ELS,27875,6798.0,base
0000895419,"WOLFSPEED, INC.",wolfspeed,CREE,27794,3674.0,base
0000895421,MORGAN STANLEY,morgan stanley,MS,12124,6211.0,base
0000895447,SHOE CARNIVAL INC,shoe carnival,SCVL,27938,5661.0,base
0000895456,"ROCKY BRANDS, INC.",rocky brands,RCKY,27776,3140.0,base
0000895728,ENBRIDGE INC,enbridge,,6135,4924.0,base
0000896156,ETHAN ALLEN INTERIORS INC,ethan allen interiors,ETH,23252,2510.0,base
0000896159,Chubb Ltd,chubb,ACE,28034,6331.0,base
0000896262,AMEDISYS INC,amedisys,AMED,30612,8082.0,base
0000896264,USANA HEALTH SCIENCES INC,usana health sciences,USNA,63863,2834.0,base
0000896429,"CANTALOUPE, INC.",cantaloupe,USAT,62213,7374.0,base
0000896493,"Hyperscale Data, Inc.",hyperscale data,DPW,64163,9997.0,base
0000896622,"APTARGROUP, INC.",aptargroup,ATR,28176,3089.0,base
0000896878,INTUIT INC.,intuit,INTU,27928,7372.0,base
0000897077,ALAMO GROUP INC,alamo,ALG,27960,3523.0,base
0000897078,"Resonate Blends, Inc.",resonate blends,FSTWC,19272,2833.0,base
0000897448,AMARIN CORP PLC\UK,amarin corp plcuk,AMRN,28027,2836.0,base
0000897723,SANMINA CORP,sanmina,SANM,28139,3672.0,base
0000898171,UWHARRIE CAPITAL CORP,uwharrie capital,,113339,6020.0,base
0000898173,O REILLY AUTOMOTIVE INC,o reilly automotive,ORLY,28180,5531.0,base
0000898174,REINSURANCE GROUP OF AMERICA INC,reinsurance group of america,RGA,28216,6311.0,base
0000898293,JABIL INC,jabil,JBL,28195,3672.0,base
0000898437,"Anika Therapeutics, Inc.",anika therapeutics,ANIK,28209,2836.0,base
0000899045,LAMAR MEDIA CORP/DE,lamar media corpde,,260298,6798.0,base
0000899051,ALLSTATE CORP,allstate,ALL,28349,6331.0,base
0000899394,HARBOR DIVERSIFIED INC,harbor diversified,HRBR,61976,4512.0,crosswalk
0000899460,MANNKIND CORP,mannkind,MNKD,160340,2836.0,base
0000899629,ACADIA REALTY TRUST,acadia realty trust,AKR,28323,6798.0,base
0000899689,VORNADO REALTY TRUST,vornado realty trust,VNO,11220,6798.0,base
0000899715,TANGER INC.,tanger,SKT,28340,6798.0,base
0000899751,TITAN INTERNATIONAL INC,titan international,TWI,28295,3523.0,base
0000899923,MYRIAD GENETICS INC,myriad genetics,MYGN,,2835.0,base
0000900075,COPART INC,copart,CPRT,29901,5010.0,base
0000901491,PAPA JOHNS INTERNATIONAL INC,papa johns international,PZZA,28397,5812.0,base
0000902791,BARRETT BUSINESS SERVICES INC,barrett business services,BBSI,28410,7363.0,base
0000903129,Gentherm Inc,gentherm,ARGN,28408,3714.0,base
0000903419,ALERUS FINANCIAL CORP,alerus financial,,18434,6020.0,base
0000903651,INNODATA INC,innodata,INOD,28717,8700.0,base
0000906107,EQUITY RESIDENTIAL,equity residential,EQR,28733,6798.0,base
0000906163,NVR INC,nvr,NVR,12459,1531.0,base
0000906345,CAMDEN PROPERTY TRUST,camden property trust,CPT,28629,6798.0,base
0000906465,QCR HOLDINGS INC,qcr,QCRH,28967,6020.0,base
0000906553,BOYD GAMING CORP,boyd gaming,BYD,29011,7011.0,base
0000906709,NEKTAR THERAPEUTICS,nektar therapeutics,NKTR,30137,2834.0,base
0000907242,MONARCH CASINO & RESORT INC,monarch casino resort,MCRI,28704,7990.0,base
0000907254,"SAUL CENTERS, INC.",saul centers,BFS,28769,6798.0,base
0000907471,"PATHWARD FINANCIAL, INC.",pathward financial,CASH,28866,6020.0,base
0000907654,"Oruka Therapeutics, Inc.",oruka therapeutics,NUVO,182309,2836.0,base
0000908255,BORGWARNER INC,borgwarner,BWA,28742,3714.0,base
0000908259,"Oncotelic Therapeutics, Inc.",oncotelic therapeutics,OXGN,35138,2836.0,base
0000908311,Creative Media & Community Trust Corp,creative media community trust,PCC,19966,6798.0,base
0000908315,WINMARK CORP,winmark,WINA,28785,6794.0,base
0000908937,SIRIUS XM HOLDINGS INC.,sirius xm,SIRI,30662,4832.0,base
0000909108,DIAMOND HILL INVESTMENT GROUP INC,diamond hill investment,DHIL,65235,6282.0,base
0000909494,TUCOWS INC /PA/,tucows inc pa,TCX,62723,7370.0,base
0000909724,TANDY LEATHER FACTORY INC,tandy leather factory,TLF,28675,5990.0,base
0000909832,COSTCO WHOLESALE CORP /NEW,costco wholesale corp new,COST,29028,5399.0,base
0000910073,"FLAGSTAR FINANCIAL, INC.",flagstar financial,NYCB,29282,6036.0,base
0000910108,LXP Industrial Trust,lxp industrial trust,LXP,29052,6798.0,base
0000910267,TITAN PHARMACEUTICALS INC,titan pharmaceuticals,TTNP,,2836.0,base
0000910329,MEDIFAST INC,medifast,MED,29517,2090.0,base
0000910406,HAIN CELESTIAL GROUP INC,hain celestial,HAIN,29609,2000.0,base
0000910521,DECKERS OUTDOOR CORP,deckers outdoor,DECK,29015,3140.0,base
0000910606,REGENCY CENTERS CORP,regency centers,REG,29099,6798.0,base
0000910612,CBL & ASSOCIATES PROPERTIES INC,cbl associates properties,CBL,29082,6798.0,base
0000910638,3D SYSTEMS CORP,3d systems,DDD,14898,3559.0,base
0000911147,CENTURY CASINOS INC /CO/,century casinos inc co,CNTY,29151,7990.0,base
0000911177,CASELLA WASTE SYSTEMS INC,casella waste systems,CWST,65702,4953.0,base
0000911216,PALATIN TECHNOLOGIES INC,palatin technologies,PTN,29086,2836.0,base
0000912061,NATURAL HEALTH TRENDS CORP,natural health trends,BHIP,60911,5122.0,base
0000912093,VIAVI SOLUTIONS INC.,viavi solutions,JDSU,29241,3661.0,base
0000912242,MACERICH CO,macerich,MAC,29868,6798.0,base
0000912463,GUESS INC,guess,GES,63447,2330.0,base
0000912544,NovelStem International Corp.,novelstem international,HOLL,,5990.0,base
0000912562,"GIBRALTAR INDUSTRIES, INC.",gibraltar industries,ROCK,29131,3310.0,base
0000912593,SUN COMMUNITIES INC,sun communities,SUI,29359,6798.0,base
0000912595,MID AMERICA APARTMENT COMMUNITIES INC.,mid america apartment communities,MAA,29649,6798.0,base
0000912603,RADIUS RECYCLING INC,radius recycling,SCHN,29217,5093.0,crosswalk
0000912615,URBAN OUTFITTERS INC,urban outfitters,URBN,29150,5651.0,base
0000912728,FORWARD AIR CORP,forward air,FWRD,29206,4210.0,base
0000912752,"Sinclair Broadcast Group, LLC",sinclair broadcast group,SBGI,,4833.0,base
0000912766,"LAUREATE EDUCATION, INC.",laureate education,SLVN,26305,8200.0,base
0000912767,UFP INDUSTRIES INC,ufp industries,UFPI,29156,2421.0,base
0000913142,BELDEN INC.,belden,BDC,28940,3670.0,base
0000913144,RENAISSANCERE HOLDINGS LTD,renaissancere,RNR,61406,6331.0,base
0000913241,"STEVEN MADDEN, LTD.",steven madden,SHOO,29382,3140.0,base
0000913277,Clarus Corp,clarus,CLRS,185372,3949.0,base
0000913341,C & F FINANCIAL CORP,c f financial,CFFI,65958,6020.0,base
0000913760,StoneX Group Inc.,stonex,INTL,31521,6200.0,base
0000914122,"Perma-Pipe International Holdings, Inc.",permapipe international holdings,MFRI,19431,3490.0,base
0000914139,PARKERVISION INC,parkervision,PRKR,29332,3663.0,base
0000914156,UFP TECHNOLOGIES INC,ufp technologies,UFPT,29449,3842.0,base
0000914208,Invesco Ltd.,invesco,IVZ,29804,6282.0,base
0000914475,NEUROCRINE BIOSCIENCES INC,neurocrine biosciences,NBIX,62921,2836.0,base
0000914712,STEEL CONNECT INC,steel connect,MLNK,29621,7389.0,crosswalk
0000914748,EVEREST REINSURANCE HOLDINGS INC,everest reinsurance,,,,base
0000915358,SIGMATRON INTERNATIONAL INC,sigmatron international,SGMA,29698,3672.0,base
0000915389,EASTMAN CHEMICAL CO,eastman chemical,EMN,29392,2800.0,base
0000915779,DAKTRONICS INC /SD/,daktronics inc sd,DAKT,29705,3990.0,base
0000915840,BEAZER HOMES USA INC,beazer homes usa,BZH,29755,1531.0,base
0000915912,AVALONBAY COMMUNITIES INC,avalonbay communities,AVB,29875,6798.0,base
0000915913,ALBEMARLE CORP,albemarle,ALB,29751,2810.0,base
0000916076,MARTIN MARIETTA MATERIALS INC,martin marietta materials,MLM,29733,1400.0,base
0000916365,TRACTOR SUPPLY CO /DE/,tractor supply co de,TSCO,29736,5200.0,base
0000916540,DARLING INGREDIENTS INC.,darling ingredients,DAR,30651,2070.0,base
0000916789,HELEN OF TROY LTD,helen of troy,HELE,5572,3634.0,base
0000916907,"SOUTHERN MISSOURI BANCORP, INC.",southern missouri bancorp,SMBC,30055,6036.0,base
0000917225,SOLITARIO RESOURCES CORP.,solitario resources,XPL,30473,1000.0,base
0000917251,AGREE REALTY CORP,agree realty,ADC,30067,6798.0,base
0000917273,RAMBUS INC,rambus,RMBS,64766,6794.0,base
0000917470,OLYMPIC STEEL INC,olympic steel,ZEUS,29870,5051.0,base
0000917491,FARO TECHNOLOGIES INC,faro technologies,FARO,65421,3829.0,base
0000917520,INTEGRA LIFESCIENCES HOLDINGS CORP,integra lifesciences,IART,61181,3842.0,base
0000918251,MOTORCAR PARTS OF AMERICA INC,motorcar parts of america,MPAA,29930,3690.0,base
0000918541,NN INC,nn,NNBR,29894,3562.0,base
0000918545,BALTIC INTERNATIONAL USA INC,baltic international usa,,30391,2810.0,base
0000918646,EAGLE MATERIALS INC,eagle materials,EXP,30032,3270.0,base
0000918965,"SCANSOURCE, INC.",scansource,SCSC,29910,5045.0,base
0000919012,AMERICAN EAGLE OUTFITTERS INC,american eagle outfitters,AEO,30059,5600.0,base
0000919864,Finward Bancorp,finward bancorp,NWINOB,107644,6020.0,base
0000920112,HEARTLAND FINANCIAL USA INC,heartland financial usa,HTLF,61693,6020.0,crosswalk
0000920148,LABCORP HOLDINGS INC.,labcorp,LH,14960,8071.0,base
0000920371,"Simpson Manufacturing Co., Inc.",simpson manufacturing co,SSD,30260,3420.0,base
0000920427,UNITY BANCORP INC /NJ/,unity bancorp inc nj,UNTY,62243,6020.0,base
0000920522,"ESSEX PROPERTY TRUST, INC.",essex property trust,ESS,30293,6798.0,base
0000920760,LENNAR CORP /NEW/,lennar corp new,LEN,6669,1531.0,base
0000921082,"HIGHWOODS PROPERTIES, INC.",highwoods properties,HIW,30298,6798.0,base
0000921114,"Armata Pharmaceuticals, Inc.",armata pharmaceuticals,TGEN,332115,2836.0,base
0000921183,HMN FINANCIAL INC,hmn financial,HMNF,30416,6035.0,crosswalk
0000921299,FIBROGEN INC,fibrogen,,21901,2836.0,base
0000921557,REPUBLIC BANCORP INC /KY/,republic bancorp inc ky,RBCAA,112721,6020.0,base
0000921582,IMAX CORP,imax,IMAX,30312,3861.0,base
0000921738,"PENN Entertainment, Inc.",penn entertainment,PENN,30259,7990.0,base
0000921825,FIRST INDUSTRIAL REALTY TRUST INC,first industrial realty trust,FR,30384,6798.0,base
0000922224,PPL Corp,ppl,PPL,8455,4911.0,base
0000922247,CYCLO THERAPEUTICS INC,cyclo therapeutics,CTDH,106100,2836.0,crosswalk
0000922358,FERRELLGAS PARTNERS L P,ferrellgas partners l p,FGP,13962,5900.0,base
0000922621,ERIE INDEMNITY CO,erie indemnity,ERIE,61380,6411.0,base
0000922864,APARTMENT INVESTMENT & MANAGEMENT CO,apartment investment management,AIV,30490,6798.0,base
0000923120,GREENBRIER COMPANIES INC,greenbrier companies,GBX,30463,3743.0,base
0000923139,FLUSHING FINANCIAL CORP,flushing financial,FFIC,61585,6020.0,base
0000923601,"Algorhythm Holdings, Inc.",algorhythm holdings,SMD,,3652.0,base
0000923796,GEO GROUP INC,geo,GGI,30536,8744.0,base
0000924168,"ENERGY FOCUS, INC/DE",energy focus incde,EFOI,30614,3640.0,base
0000924383,Genasys Inc.,genasys,ATCO,22373,3651.0,base
0000924515,GUIDED THERAPEUTICS INC,guided therapeutics,GTHP,65016,3845.0,base
0000924717,SURMODICS INC,surmodics,SRDX,66588,6794.0,crosswalk
0000924719,SMITH MIDLAND CORP,smith midland,SMID,61709,3272.0,base
0000924805,Freedom Holding Corp.,freedom,BMBM,26567,6211.0,base
0000924822,MILLER INDUSTRIES INC /TN/,miller industries inc tn,MLR,30558,3713.0,base
0000924901,"Veris Residential, Inc.",veris residential,CLI,30637,6798.0,base
0000925528,HUDSON TECHNOLOGIES INC /NY,hudson technologies inc ny,HDSN,30899,5070.0,base
0000925660,FLEXPOINT SENSOR SYSTEMS INC,flexpoint sensor systems,FLXT,114209,3679.0,crosswalk
0000925741,"BioCardia, Inc.",biocardia,CLIK,24598,2836.0,base
0000926282,"ADTRAN Holdings, Inc.",adtran holdings,ADTN,30576,3661.0,base
0000926326,"OMNICELL, INC.",omnicell,OMCL,142956,3559.0,base
0000926423,"MIND TECHNOLOGY, INC",mind technology,MIND,31214,3829.0,base
0000926617,Aspira Women's Health Inc.,aspira womens health,VRML,140042,2835.0,base
0000926660,"Apartment Income REIT, L.P.",apartment income reit lp,,,,base
0000926844,Fuss Brands Corp.,fuss brands,CBP,65229,9995.0,base
0000927003,ADVANCED ENERGY INDUSTRIES INC,advanced energy industries,AEIS,61562,3679.0,base
0000927066,DAVITA INC.,davita,DVA,61483,8090.0,base
0000927628,CAPITAL ONE FINANCIAL CORP,capital one financial,COF,30990,6141.0,base
0000927653,MCKESSON CORP,mckesson,MCK,7171,5122.0,base
0000928022,CALLON PETROLEUM CO/DE,callon petroleum code,CPE,15060,1311.0,crosswalk
0000928054,FLOTEK INDUSTRIES INC/CN/,flotek industries inccn,FTK,28347,2810.0,base
0000928340,Consolidated Water Co. Ltd.,consolidated water,CWCO,62618,4941.0,base
0000928465,AMCON DISTRIBUTING CO,amcon distributing,DIT,61122,5190.0,base
0000928576,MIDAMERICAN ENERGY CO,midamerican energy,,65298,4931.0,base
0000928658,"COVENANT LOGISTICS GROUP, INC.",covenant logistics group,CVTI,30877,4213.0,base
0000929008,WESCO INTERNATIONAL INC,wesco international,WCC,120444,5063.0,base
0000929351,STARZ ENTERTAINMENT CORP /CN/,starz entertainment corp cn,LGF,51514,7812.0,base
0000930236,REDWOOD TRUST INC,redwood trust,RWT,61129,6798.0,base
0000930245,GLOBAL ACQUISITIONS Corp,global acquisitions,AASP,31232,9995.0,base
0000930420,KFORCE INC,kforce,KFRC,61179,7363.0,base
0000930775,ENCISION INC,encision,ECIA,63122,3845.0,base
0000931015,Polaris Inc.,polaris,PII,14311,3790.0,base
0000931148,GRAFTECH INTERNATIONAL LTD,graftech international,GTI,61153,3620.0,base
0000931182,ERP OPERATING LTD PARTNERSHIP,erp operating ltd partnership,,,,base
0000931584,UNVL STAINLESS & ALLOY PRODS,unvl stainless alloy prods,USAP,31170,3312.0,crosswalk
0000932021,GLOBAL TECHNOLOGIES LTD,global technologies,GTLL,31588,3663.0,base
0000932696,INSIGHT ENTERPRISES INC,insight enterprises,NSIT,31453,5045.0,base
0000932781,FIRST COMMUNITY CORP /SC/,first community corp sc,FCCO,112295,6020.0,base
0000933034,STRATTEC SECURITY CORP,strattec security,STRT,31567,3714.0,base
0000933036,"UPBOUND GROUP, INC.",upbound group,RCII,31460,7350.0,base
0000933136,Mr. Cooper Group Inc.,mr cooper,WM,13888,6162.0,base
0000933738,ENGLOBAL CORP,englobal,ENG,61971,1311.0,crosswalk
0000933972,374Water Inc.,374water,PWVI,62819,3580.0,base
0000933974,"Azenta, Inc.",azenta,BRKS,31477,8731.0,base
0000934549,ACACIA RESEARCH CORP,acacia research,ACTG,61004,6794.0,base
0000934612,"BURLINGTON NORTHERN SANTA FE, LLC",burlington northern santa fe,BNI,2490,4011.0,base
0000934796,NETWORK CN INC,network cn,NWCN,66276,7310.0,crosswalk
0000935036,"ACI WORLDWIDE, INC.",aci worldwide,ACIW,31564,7370.0,base
0000935419,RCI HOSPITALITY HLDGS INC,rci hospitality hldgs,RICK,61418,5810.0,crosswalk
0000935703,"DOLLAR TREE, INC.",dollar tree,DLTR,31587,5331.0,base
0000936340,DTE ENERGY CO,dte energy,DTE,3897,4931.0,base
0000936395,CIENA CORP,ciena,CIEN,64356,3661.0,base
0000936468,LOCKHEED MARTIN CORP,lockheed martin,LMT,6774,3760.0,base
0000936528,WAFD INC,wafd,WAFD,17145,6020.0,base
0000937098,"TRINET GROUP, INC.",trinet group,,140988,8742.0,base
0000937556,MASIMO CORP,masimo,MASI,177881,3845.0,base
0000937834,METROPOLITAN LIFE INSURANCE CO,metropolitan life insurance,,20477,6311.0,base
0000939767,"EXELIXIS, INC.",exelixis,EXEL,133885,2836.0,base
0000939930,"PYXUS INTERNATIONAL, INC.",pyxus international,AOI,3937,5190.0,base
0000940942,"Hub Group, Inc.",hub group,HUBG,62378,4731.0,base
0000940944,DARDEN RESTAURANTS INC,darden restaurants,DRI,31846,5812.0,base
0000942126,TAITRON COMPONENTS INC,taitron components,TAIT,31738,5065.0,base
0000943452,WESTINGHOUSE AIR BRAKE TECHNOLOGIES CORP,westinghouse air brake technologies,WAB,60979,3743.0,base
0000943535,"WORLD HEALTH ENERGY HOLDINGS, INC.",world health energy holdings,,36430,7370.0,base
0000943819,RESMED INC,resmed,RMD,31887,3845.0,base
0000944075,"SOCKET MOBILE, INC.",socket mobile,SCKT,60801,3663.0,base
0000944148,"CBIZ, Inc.",cbiz,CBZ,31752,8721.0,base
0000944480,GSE SYSTEMS INC,gse systems,GVP,61077,7361.0,crosswalk
0000944695,"HANOVER INSURANCE GROUP, INC.",hanover insurance group,THG,61408,6331.0,base
0000944745,"CIVISTA BANCSHARES, INC.",civista bancshares,FCZA,21593,6020.0,base
0000944809,"OPKO HEALTH, INC.",opko health,OPK,61490,8071.0,base
0000945114,GLOBAL INDUSTRIAL Co,global industrial,SYX,60931,5090.0,base
0000945394,Service Properties Trust,service properties trust,HPT,61188,6798.0,base
0000945617,AMERICAN CANNABIS CO INC,american cannabis,NAWL,21939,8742.0,crosswalk
0000945841,POOL CORP,pool,POOL,61420,5090.0,base
0000945983,"Climb Global Solutions, Inc.",climb global solutions,WSTG,61028,5045.0,base
0000946486,WINDTREE THERAPEUTICS INC /DE/,windtree therapeutics inc de,DSCO,61140,2836.0,base
0000946563,RETRACTABLE TECHNOLOGIES INC,retractable technologies,RVP,143526,3841.0,base
0000946581,TAKE TWO INTERACTIVE SOFTWARE INC,take two interactive software,TTWO,64630,7372.0,base
0000946644,AIM ImmunoTech Inc.,aim immunotech,HEB,62525,2836.0,base
0000946647,PREMIER FINANCIAL CORP,premier financial,FDEF,28620,6020.0,base
0000946673,BANNER CORP,banner,BANR,61487,6020.0,base
0000947484,ARCH CAPITAL GROUP LTD.,arch capital,ACGL,61302,6331.0,base
0000947559,FIRST BANCSHARES INC /MS/,first bancshares inc ms,FBMS,152049,6020.0,base
0000948320,"LifeMD, Inc.",lifemd,,25472,8090.0,base
0000948708,"SMITH MICRO SOFTWARE, INC.",smith micro software,SMSI,61321,7372.0,base
0000949039,DIAMOND OFFSHRE DRILLING INC,diamond offshre drilling,DO,61409,1381.0,crosswalk
0000949157,CENTURY ALUMINUM CO,century aluminum,CENX,62516,3350.0,base
0000949858,"ACHIEVE LIFE SCIENCES, INC.",achieve life sciences,SNUS,32271,2834.0,base
0000949870,BOSTON BEER CO INC,boston beer,SAM,61581,2082.0,base
0000949961,INCOME OPPORTUNITY REALTY INVESTORS INC /TX/,income opportunity realty investors inc tx,IOT,12956,6162.0,base
0001000045,OLD MARKET CAPITAL Corp,old market capital,NICK,65365,4899.0,base
0001000209,MEDALLION FINANCIAL CORP,medallion financial,TAXI,62919,6159.0,base
0001000228,HENRY SCHEIN INC,henry schein,HSIC,61494,5047.0,base
0001000230,OPTICAL CABLE CORP,optical cable,OCCF,62553,3357.0,base
0001000623,"Mativ Holdings, Inc.",mativ holdings,SWM,61519,2800.0,base
0001000694,NOVAVAX INC,novavax,NVAX,61655,2836.0,base
0001000697,WATERS CORP /DE/,waters corp de,WAT,61574,3826.0,base
0001000753,"INSPERITY, INC.",insperity,NSP,64302,7363.0,base
0001001082,DISH Network CORP,dish network,DISH,60900,4841.0,base
0001001115,GEOSPACE TECHNOLOGIES CORP,geospace technologies,OYOG,65896,3829.0,base
0001001171,BROADWAY FINANCIAL CORP \DE\,broadway financial corp de,BYFC,61815,6035.0,base
0001001233,"SANGAMO THERAPEUTICS, INC",sangamo therapeutics,SGMO,133871,2836.0,base
0001001250,ESTEE LAUDER COMPANIES INC,estee lauder companies,EL,61567,2844.0,base
0001001316,"TG THERAPEUTICS, INC.",tg therapeutics,TGTX,61711,2834.0,base
0001001385,NORTHWEST PIPE CO,northwest pipe,NWPX,61635,3317.0,base
0001001601,"MGT CAPITAL INVESTMENTS, INC.",mgt capital investments,MSHT,63337,7374.0,base
0001001614,"Riley Exploration Permian, Inc.",riley exploration permian,TGC,,1311.0,base
0001001838,SOUTHERN COPPER CORP/,southern copper corp,SCCO,61811,1000.0,base
0001001902,INTEVAC INC,intevac,IVAC,61587,3559.0,base
0001001907,ASTROTECH Corp,astrotech,ASTC,61766,3829.0,base
0001002047,"NetApp, Inc.",netapp,NTAP,61591,3572.0,base
0001002590,"STAR GROUP, L.P.",star group lp,SGU,61735,5900.0,base
0001002638,OPEN TEXT CORP,open text,,61870,7370.0,base
0001002910,AMEREN CORP,ameren,AEE,10860,4931.0,base
0001003078,MSC INDUSTRIAL DIRECT CO INC,msc industrial direct,MSM,61732,5084.0,base
0001004036,TANGER PROPERTIES LTD PARTNERSHIP /NC/,tanger properties ltd partnership nc,,,,base
0001004155,SOUTHERN CO GAS,southern co gas,GAS,1837,4924.0,base
0001004434,"AFFILIATED MANAGERS GROUP, INC.",affiliated managers group,AMG,65886,6282.0,base
0001004702,OCEANFIRST FINANCIAL CORP,oceanfirst financial,OCFC,63232,6020.0,base
0001004724,"REGIONAL HEALTH PROPERTIES, INC",regional health properties,ADK,166485,8051.0,base
0001004980,PG&E Corp,pge,PCG,8264,4931.0,base
0001004989,"SPAR Group, Inc.",spar group,SGRP,62302,7389.0,base
0001005101,"Marygold Companies, Inc.",marygold companies,CNCG,108345,6282.0,base
0001005210,SUBURBAN PROPANE PARTNERS LP,suburban propane partners lp,SPH,62501,5900.0,base
0001005229,COLUMBUS MCKINNON CORP,columbus mckinnon,CMCO,62221,3530.0,base
0001005284,UNIVERSAL DISPLAY CORP \PA\,universal display corp pa,PANL,25274,3674.0,base
0001005286,"LIFECORE BIOMEDICAL, INC. \DE\",lifecore biomedical inc de,LNDC,62169,2834.0,base
0001005731,IDT CORP,idt,IDT,62396,4813.0,base
0001005757,CSG SYSTEMS INTERNATIONAL INC,csg systems international,CSGS,62266,7374.0,base
0001005817,TOMPKINS FINANCIAL CORP,tompkins financial,TMP,17240,6020.0,base
0001006028,"PURE BIOSCIENCE, INC.",pure bioscience,PURE,63448,2890.0,base
0001006045,IRIDEX CORP,iridex,IRIX,62168,3845.0,base
0001006281,"Protalix BioTherapeutics, Inc.",protalix biotherapeutics,OTIX,62592,2836.0,base
0001006655,EVOLUTION PETROLEUM CORP,evolution petroleum,EPM,62626,1311.0,base
0001006830,CONSUMERS BANCORP INC /OH/,consumers bancorp inc oh,CBKM,111640,6020.0,base
0001006837,INNOVATE Corp.,innovate,,63952,3440.0,base
0001007019,COFFEE HOLDING CO INC,coffee,JVA,160742,5140.0,base
0001007587,KVH INDUSTRIES INC \DE\,kvh industries inc de,KVHI,62549,4899.0,base
0001008586,STREAMLINE HEALTH SOLUTIONS INC.,streamline health solutions,STRM,62666,7373.0,base
0001008848,ACORDA THERAPEUTICS INC,acorda therapeutics,ACOR,156617,2836.0,crosswalk
0001009759,"Capstone Green Energy Holdings, Inc.",capstone green energy holdings,CPST,,3510.0,base
0001009829,JAKKS PACIFIC INC,jakks pacific,JAKK,62745,3944.0,base
0001009891,AIR INDUSTRIES GROUP,air industries,ASHN,166087,3728.0,base
0001010086,SIGA TECHNOLOGIES INC,siga technologies,SIGA,65376,2834.0,base
0001010470,PROVIDENT FINANCIAL HOLDINGS INC,provident financial,PROV,63178,6035.0,base
0001011060,Nordicus Partners Corp,nordicus partners,ASNB,63029,3842.0,base
0001011509,Golden Minerals Co,golden minerals,AUM,65921,1040.0,base
0001012019,RUSH ENTERPRISES INC \TX\,rush enterprises inc tx,RUSH,63000,5500.0,base
0001012100,SEALED AIR CORP/DE,sealed air corpde,,9555,3081.0,base
0001012477,AVADEL PHARMACEUTICALS PLC,avadel pharmaceuticals,FLML,63005,2834.0,base
0001013237,FACTSET RESEARCH SYSTEMS INC,factset research systems,FDS,63172,7370.0,base
0001013272,NORWOOD FINANCIAL CORP,norwood financial,NWFL,66155,6020.0,base
0001013462,ANSYS INC,ansys,ANSS,63080,7372.0,base
0001013488,BJs RESTAURANTS INC,bjs restaurants,BJRI,63739,5812.0,base
0001013706,"Wilhelmina International, Inc.",wilhelmina international,WHLM,63388,7900.0,base
0001013857,PEGASYSTEMS INC,pegasystems,PEGA,63290,7372.0,base
0001013871,"NRG ENERGY, INC.",nrg energy,NRG,135990,4911.0,base
0001013880,"TTEC Holdings, Inc.",ttec holdings,TTEC,63417,7389.0,base
0001013934,"Strategic Education, Inc.",strategic education,STRA,63338,8200.0,base
0001014473,VERISIGN INC/CA,verisign incca,VRSN,66368,7370.0,base
0001014739,"Option Care Health, Inc.",option care health,BIOS,35543,8090.0,base
0001014763,"Ainos, Inc.",ainos,AMAR,63446,2836.0,base
0001015328,WINTRUST FINANCIAL CORP,wintrust financial,WTFC,63781,6020.0,base
0001015383,Outdoor Holding Co,outdoor,RTRO,36153,3480.0,base
0001015739,AWARE INC /MA/,aware inc ma,AWRE,63454,7372.0,base
0001016178,CARVER BANCORP INC,carver bancorp,CARV,30857,6035.0,base
0001016281,CARRIAGE SERVICES INC,carriage services,CSV,63456,7200.0,base
0001016504,INTEGRATED BIOPHARMA INC,integrated biopharma,INB,61880,2834.0,base
0001017303,TRANSACT TECHNOLOGIES INC,transact technologies,TACT,63520,3577.0,base
0001017480,HIBBETT INC,hibbett,HIBB,63763,5940.0,crosswalk
0001017491,SEELOS THERAPEUTICS INC,seelos therapeutics,NEXM,34709,2836.0,crosswalk
0001017655,PAID INC,paid,PAYD,62178,7370.0,base
0001018164,WILLIS LEASE FINANCE CORP,willis lease finance,WLFC,63596,7359.0,base
0001018399,ENTERPRISE BANCORP INC /MA/,enterprise bancorp inc ma,EBTC,118525,6020.0,base
0001018724,AMAZON COM INC,amazon com,AMZN,64768,5961.0,base
0001018840,ABERCROMBIE & FITCH CO /DE/,abercrombie fitch co de,ANF,63643,5651.0,base
0001018963,ATI INC,ati,ATI,10405,3350.0,base
0001018979,AMERISAFE INC,amerisafe,AMSF,164572,6331.0,base
0001019034,BIO KEY INTERNATIONAL INC,bio key international,BKYI,64645,3829.0,base
0001019849,"PENSKE AUTOMOTIVE GROUP, INC.",penske automotive group,PAG,63847,5500.0,base
0001020214,CERUS CORP,cerus,CERS,64327,3842.0,base
0001020569,IRON MOUNTAIN INC,iron mountain,IRM,62374,6798.0,base
0001020710,DXP ENTERPRISES INC,dxp enterprises,DXPE,64223,5080.0,base
0001020859,UNITED NATURAL FOODS INC,united natural foods,UNFI,63927,5140.0,base
0001021162,TRIUMPH GROUP INC,triumph,TGI,63876,3728.0,base
0001021561,"NU SKIN ENTERPRISES, INC.",nu skin enterprises,NUS,64028,2844.0,base
0001021635,OGE ENERGY CORP.,oge energy,OGE,8113,4931.0,base
0001021860,NOV Inc.,nov,NOV,63892,3533.0,base
0001022079,QUEST DIAGNOSTICS INC,quest diagnostics,DGX,64166,8071.0,base
0001022321,GENESIS ENERGY LP,genesis energy lp,GEL,64063,5172.0,base
0001022344,SIMON PROPERTY GROUP L P /DE/,simon property group l p de,,,,base
0001022408,EPLUS INC,eplus,PLUS,63986,5045.0,base
0001022505,"SideChannel, Inc.",sidechannel,NSCT,64077,7372.0,base
0001022652,INSEEGO CORP.,inseego,NVTL,141178,3661.0,base
0001022671,STEEL DYNAMICS INC,steel dynamics,STLD,64030,3312.0,base
0001022899,"Protagenic Therapeutics, Inc.\new",protagenic therapeutics incnew,MILB,26922,2836.0,base
0001023024,ANI PHARMACEUTICALS INC,ani pharmaceuticals,ANIP,18204,2834.0,base
0001023128,LITHIA MOTORS INC,lithia motors,LAD,64175,5500.0,base
0001023313,"FORRESTER RESEARCH, INC.",forrester research,FORR,64061,8700.0,base
0001023459,"Simulations Plus, Inc.",simulations plus,SLP,64929,7372.0,base
0001023731,8X8 INC /DE/,8x8 inc de,EGHT,65021,7370.0,base
0001023994,SAFE & GREEN HOLDINGS CORP.,safe green,CSDI,194655,3440.0,base
0001024305,COTY INC.,coty,COTY,12151,2844.0,base
0001024478,"ROCKWELL AUTOMATION, INC",rockwell automation,ROK,9203,3620.0,base
0001024795,"HELIOS TECHNOLOGIES, INC.",helios technologies,SNHY,64254,3490.0,base
0001025378,W. P. Carey Inc.,w p carey,WPC,66354,6798.0,base
0001025771,CHASE PACKAGING CORP,chase packaging,CPKA,105867,9995.0,base
0001025835,ENTERPRISE FINANCIAL SERVICES CORP,enterprise financial services,EFSC,117141,6020.0,base
0001025996,KILROY REALTY CORP,kilroy realty,KRC,64306,6798.0,base
0001026214,FEDERAL HOME LOAN MORTGAGE CORP,federal home loan mortgage,FMCC,15208,6111.0,base
0001026655,CORE MOLDING TECHNOLOGIES INC,core molding technologies,CMT,14794,3089.0,base
0001027838,TACTILE SYSTEMS TECHNOLOGY INC,tactile systems technology,,26847,3845.0,base
0001028918,PACIFIC PREMIER BANCORP INC,pacific premier bancorp,PPBI,64979,6020.0,base
0001029125,PANBELA THERAPEUTICS INC,panbela therapeutics,,21263,2836.0,crosswalk
0001029142,DYNAVAX TECHNOLOGIES CORP,dynavax technologies,DVAX,141496,2836.0,base
0001029199,"EURONET WORLDWIDE, INC.",euronet worldwide,EEFT,64536,6099.0,base
0001030192,"Idaho Strategic Resources, Inc.",idaho strategic resources,NJMC,66246,1040.0,base
0001030469,OFG BANCORP,ofg bancorp,OFG,16981,6020.0,base
0001030894,CELESTICA INC,celestica,,,,base
0001031093,"SILVER BULL RESOURCES, INC.",silver bull resources,SVBR,177601,1000.0,base
0001031203,GROUP 1 AUTOMOTIVE INC,group 1 automotive,GPI,65718,5500.0,base
0001031235,"Global Self Storage, Inc.",global self storage,GIFD,64545,6798.0,base
0001031296,FIRSTENERGY CORP,firstenergy,FE,8099,4911.0,base
0001031308,BENTLEY SYSTEMS INC,bentley systems,,37076,7370.0,base
0001031316,FRANKLIN STREET PROPERTIES CORP /MA/,franklin street properties corp ma,FSP,163884,6798.0,base
0001031623,GULF ISLAND FABRICATION INC,gulf island fabrication,GIFI,64568,1389.0,base
0001032033,SLM Corp,slm,SLM,20430,6141.0,base
0001032208,SEMPRA,sempra,SRE,8272,4923.0,base
0001032220,"MAXIMUS, INC.",maximus,MMS,64901,7389.0,base
0001032975,LOGITECH INTERNATIONAL S.A.,logitech international sa,LOGI,102696,3577.0,base
0001033128,FIRST INDUSTRIAL LP,first industrial lp,,,,base
0001034054,SBA COMMUNICATIONS CORP,sba communications,SBAC,121382,6798.0,base
0001034670,AUTOLIV INC,autoliv,ALV,64690,3714.0,base
0001034760,WIDEPOINT CORP,widepoint,WDPT,62057,7370.0,base
0001034842,RIGEL PHARMACEUTICALS INC,rigel pharmaceuticals,RIGL,133468,2834.0,base
0001035002,VALERO ENERGY CORP/TX,valero energy corptx,VLO,15247,2911.0,base
0001035092,SHORE BANCSHARES INC,shore bancshares,SHBI,143153,6020.0,base
0001035201,CALIFORNIA WATER SERVICE GROUP,california water service,CWT,2628,4941.0,base
0001035267,INTUITIVE SURGICAL INC,intuitive surgical,ISRG,136725,3845.0,base
0001035443,"ALEXANDRIA REAL ESTATE EQUITIES, INC.",alexandria real estate equities,ARE,64821,6798.0,base
0001035976,FNCB BANCORP INC,fncb bancorp,FNCB,113978,6020.0,crosswalk
0001035983,COMFORT SYSTEMS USA INC,comfort systems usa,FIX,64997,1700.0,base
0001036044,"Identiv, Inc.",identiv,INVE,65552,3577.0,base
0001036262,INTEST CORP,intest,INTT,64915,3825.0,base
0001036848,Aerocentury Corp,aerocentury,ACY,,7359.0,ticker_map
0001037038,RALPH LAUREN CORP,ralph lauren,RL,64891,2300.0,base
0001037540,"BXP, Inc.",bxp,BXP,64925,6798.0,base
0001037646,METTLER TOLEDO INTERNATIONAL INC/,mettler toledo international inc,MTD,65772,3826.0,base
0001037676,ARCH RESOURCES INC,arch resources,ACI,14793,1220.0,crosswalk
0001037868,AMETEK INC/,ametek inc,AME,1598,3823.0,base
0001037976,JONES LANG LASALLE INC,jones lang lasalle,JLL,65108,6531.0,base
0001038074,SILICON LABORATORIES INC.,silicon laboratories,SLAB,133288,3674.0,base
0001038277,INTERNATIONAL ISOTOPES INC,international isotopes,INIS,65280,2835.0,base
0001038357,PIONEER NATURAL RESOURCES CO,pioneer natural resources,PXD,14359,1311.0,crosswalk
0001038509,PRUCO LIFE INSURANCE OF NEW JERSEY,pruco life insurance of new jersey,,,,base
0001038773,SMARTFINANCIAL INC.,smartfinancial,CSBQ,26179,6020.0,base
0001039065,OSI SYSTEMS INC,osi systems,OSIS,65607,3844.0,base
0001039280,NETSOL TECHNOLOGIES INC,netsol technologies,NTWK,107446,7372.0,base
0001039399,FORMFACTOR INC,formfactor,FORM,148390,3825.0,base
0001039466,NOVACCESS GLOBAL INC,novaccess global,XSNX,113822,2836.0,crosswalk
0001039684,ONEOK INC /NEW/,oneok inc new,OKE,8151,4923.0,base
0001039828,American National Group Inc.,american national,AEL,156383,6311.0,base
0001040130,PETMED EXPRESS INC,petmed express,PETS,65406,5912.0,base
0001040161,"PIXELWORKS, INC",pixelworks,PXLW,135044,3674.0,base
0001040470,AEHR TEST SYSTEMS,aehr test systems,AEHR,65286,3825.0,base
0001040765,VORNADO REALTY LP,vornado realty lp,,183674,6798.0,base
0001040829,"Ryman Hospitality Properties, Inc.",ryman hospitality properties,RHP,24620,6798.0,base
0001040896,"Intellicheck, Inc.",intellicheck,IDN,126020,7370.0,base
0001040971,SL GREEN REALTY CORP,sl green realty,SLG,65290,6798.0,base
0001041024,"ROCKWELL MEDICAL, INC.",rockwell medical,RMTI,66366,3842.0,base
0001041061,YUM BRANDS INC,yum brands,YUM,65417,5812.0,base
0001041368,RIVERVIEW BANCORP INC,riverview bancorp,RVSB,29061,6020.0,base
0001041514,LESAKA TECHNOLOGIES INC,lesaka technologies,UEPS,65540,7374.0,base
0001041657,"URBAN ONE, INC.",urban one,ROIAK,120301,4832.0,base
0001041803,PRICESMART INC,pricesmart,PSMT,65343,5331.0,base
0001041859,"Childrens Place, Inc.",childrens place,PLCE,65430,5600.0,base
0001042046,AMERICAN FINANCIAL GROUP INC,american financial,AFG,8431,6331.0,base
0001042074,CYMABAY THERAPEUTICS INC,cymabay therapeutics,,19600,2836.0,crosswalk
0001042187,YUNHONG GREEN CTI LTD.,yunhong green cti,CTIB,65765,3060.0,base
0001042418,"Inhibitor Therapeutics, Inc.",inhibitor therapeutics,CBTEQ,65703,2836.0,base
0001042642,DISH DBS CORP,dish dbs,,146206,4899.0,base
0001042729,MERCANTILE BANK CORP,mercantile bank,MBWM,65689,6020.0,base
0001042773,CENTERPOINT ENERGY RESOURCES CORP,centerpoint energy resources,,145350,4923.0,base
0001042776,"Piedmont Office Realty Trust, Inc.",piedmont office realty trust,PDM,146140,6798.0,base
0001042893,"Innovex International, Inc.",innovex international,DRQ,65671,3533.0,base
0001043000,"SONIDA SENIOR LIVING, INC.",sonida senior living,CSU,65732,8300.0,base
0001043121,BOSTON PROPERTIES LTD PARTNERSHIP,boston properties ltd partnership,,,,base
0001043186,"Stabilis Solutions, Inc.",stabilis solutions,AETI,35530,1311.0,base
0001043219,ANNALY CAPITAL MANAGEMENT INC,annaly capital management,NLY,65556,6798.0,base
0001043277,"C. H. ROBINSON WORLDWIDE, INC.",c h robinson worldwide,CHRW,65609,4213.0,base
0001043337,STONERIDGE INC,stoneridge,SRI,65590,3679.0,base
0001043509,SONIC AUTOMOTIVE INC,sonic automotive,SAH,65831,5500.0,base
0001043604,JUNIPER NETWORKS INC,juniper networks,JNPR,121718,3576.0,base
0001043951,CAMPBELL FUND TRUST,campbell fund trust,,,,base
0001043961,"Precipio, Inc.",precipio,TBIO,32078,8071.0,base
0001044777,OneSpan Inc.,onespan,VDSI,66686,3669.0,base
0001045450,EPR PROPERTIES,epr properties,EPR,65710,6798.0,base
0001045609,"Prologis, Inc.",prologis,AMB,29984,6798.0,base
0001045742,LIVE VENTURES Inc,live ventures,LIVE,66261,5700.0,base
0001045810,NVIDIA CORP,nvidia,NVDA,117768,3674.0,base
0001045942,"Track Group, Inc.",track group,SCRA,155941,7380.0,base
0001046025,HERITAGE FINANCIAL CORP /WA/,heritage financial corp wa,HFWA,66285,6020.0,base
0001046050,TIMBERLAND BANCORP INC,timberland bancorp,TSBK,66286,6036.0,base
0001046102,RB GLOBAL INC.,rb global,,65605,7389.0,base
0001046257,Ingredion Inc,ingredion,INGR,66016,2040.0,base
0001046311,CHOICE HOTELS INTERNATIONAL INC /DE,choice hotels international inc de,CHH,65615,6794.0,base
0001046568,PERDOCEO EDUCATION Corp,perdoceo education,CECO,66379,8200.0,base
0001047127,"AMKOR TECHNOLOGY, INC.",amkor technology,AMKR,110039,3674.0,base
0001047166,UNITED RENTALS NORTH AMERICA INC,united rentals north america,URI,,7359.0,base
0001047335,NATIONAL HEALTHCARE CORP,national healthcare,NHC,7741,8051.0,base
0001047340,FRESH DEL MONTE PRODUCE INC,fresh del monte produce,FDP,30443,100.0,base
0001047862,CONSOLIDATED EDISON INC,consolidated edison,ED,3413,4931.0,base
0001048268,"IES Holdings, Inc.",ies holdings,IES,66371,1731.0,base
0001048286,MARRIOTT INTERNATIONAL INC /MD/,marriott international inc md,MAR,28930,7011.0,base
0001048477,BIOMARIN PHARMACEUTICAL INC,biomarin pharmaceutical,BMRN,122257,2836.0,base
0001048695,"F5, INC.",f5,FFIV,121077,7373.0,base
0001048911,FEDEX CORP,fedex,FDX,4598,4513.0,base
0001049011,KID CASTLE EDUCATIONAL CORP,kid castle educational,KDCE,109846,9995.0,crosswalk
0001049502,MKS INSTRUMENTS INC,mks instruments,MKSI,119275,3823.0,base
0001049521,MERCURY SYSTEMS INC,mercury systems,MRCY,66393,3674.0,base
0001049606,COMPX INTERNATIONAL INC,compx international,CIX,66602,3420.0,base
0001049782,BROOKLINE BANCORP INC,brookline bancorp,BRKL,105670,6020.0,base
0001050377,PC CONNECTION INC,pc connection,PCCC,66586,5045.0,base
0001050441,EAGLE BANCORP INC,eagle bancorp,EGBN,111721,6020.0,base
0001050446,MICROSTRATEGY Inc,microstrategy,MSTR,111534,7372.0,base
0001050743,PEAPACK GLADSTONE FINANCIAL CORP,peapack gladstone financial,PGC,107817,6020.0,base
0001050797,COLUMBIA SPORTSWEAR CO,columbia sportswear,COLM,105936,2300.0,base
0001050825,STEELCASE INC,steelcase,SCS,66290,2522.0,base
0001050915,"QUANTA SERVICES, INC.",quanta services,PWR,66446,1731.0,base
0001051343,COMMUNITY WEST BANCSHRS -OLD,community west bancshrs old,CWBC,62646,6020.0,crosswalk
0001051470,CROWN CASTLE INC.,crown castle,CCI,113490,6798.0,base
0001051512,TELEPHONE & DATA SYSTEMS INC /DE/,telephone data systems inc de,TDS,10411,4812.0,base
0001051514,"STRATA Skin Sciences, Inc.",strata skin sciences,MELA,164293,3841.0,base
0001051627,AXT INC,axt,AXTI,110760,3674.0,base
0001052354,MAN AHL DIVERSIFIED I LP,man ahl diversified i lp,,,,base
0001052752,GETTY REALTY CORP /MD/,getty realty corp md,GTY,5149,6798.0,base
0001053059,ESSEX PORTFOLIO LP,essex portfolio lp,,,,base
0001053352,HERITAGE COMMERCE CORP,heritage commerce,HTBK,109599,6020.0,base
0001053369,ELITE PHARMACEUTICALS INC /NV/,elite pharmaceuticals inc nv,ELTP,106261,2834.0,base
0001053507,AMERICAN TOWER CORP /MA/,american tower corp ma,AMT,105365,6798.0,base
0001053584,MACATAWA BANK CORP,macatawa bank,MCBC,107325,6020.0,crosswalk
0001053691,CervoMed Inc.,cervomed,SMDI,26809,2836.0,base
0001053706,"CRA INTERNATIONAL, INC.",cra international,CRAI,109919,8111.0,base
0001054102,"INTERPACE BIOSCIENCES, INC.",interpace biosciences,PDII,110728,8071.0,base
0001054905,INNOSPEC INC.,innospec,OTL,110566,2810.0,base
0001055160,"MFA FINANCIAL, INC.",mfa financial,MFA,15101,6798.0,base
0001055726,"INOVIO PHARMACEUTICALS, INC.",inovio pharmaceuticals,GEB,66697,2836.0,base
0001056285,"KIRKLAND'S, INC",kirklands,KIRK,148391,5700.0,base
0001056288,"FEDERATED HERMES, INC.",federated hermes,FII,66731,6282.0,base
0001056358,MANNATECH INC,mannatech,MTEX,112968,2834.0,base
0001056696,MANHATTAN ASSOCIATES INC,manhattan associates,MANH,109826,7373.0,base
0001056903,AMERICAN STATES WATER CO,american states water,AWR,9849,4941.0,base
0001056943,PEOPLES FINANCIAL SERVICES CORP.,peoples financial services,PFIS,66394,6020.0,base
0001057060,MARINEMAX INC,marinemax,HZO,111103,5500.0,base
0001057352,"COSTAR GROUP, INC.",costar group,CSGP,112111,7370.0,base
0001057379,"HACKETT GROUP, INC.",hackett group,ANSR,111000,8742.0,base
0001057706,FIRST BANCORP /PR/,first bancorp pr,FBP,16821,6020.0,base
0001057877,IDACORP INC,idacorp,IDA,5870,4911.0,base
0001058090,CHIPOTLE MEXICAN GRILL INC,chipotle mexican grill,CMG,165914,5812.0,base
0001058290,COGNIZANT TECHNOLOGY SOLUTIONS CORP,cognizant technology solutions,CTSH,111864,7370.0,base
0001058307,NextPlat Corp,nextplat,SILV,118941,5961.0,base
0001058623,CUMULUS MEDIA INC,cumulus media,CMLS,112030,4832.0,base
0001058811,IMMERSION CORP,immersion,IMMR,126318,7372.0,crosswalk
0001058867,GUARANTY BANCSHARES INC /TX/,guaranty bancshares inc tx,GNTY,31265,6020.0,base
0001059142,Greystone Housing Impact Investors LP,greystone housing impact investors lp,ATAXZ,16641,6799.0,base
0001059262,SP PLUS CORP,sp plus,STAN,158737,7500.0,crosswalk
0001059556,MOODYS CORP /DE/,moodys corp de,MCO,139665,7323.0,base
0001060391,"REPUBLIC SERVICES, INC.",republic services,RSG,112168,4953.0,base
0001060822,CARTERS INC,carters,CRI,150278,2300.0,base
0001061027,VIRACTA THERAPEUTICS INC,viracta therapeutics,SSNS,23813,2836.0,crosswalk
0001061069,AVALON HOLDINGS CORP,avalon,AWX,110802,4955.0,base
0001061219,ENTERPRISE PRODUCTS PARTNERS L.P.,enterprise products partners lp,EPD,112876,1311.0,base
0001061630,"BLACKSTONE MORTGAGE TRUST, INC.",blackstone mortgage trust,BXMT,20791,6798.0,base
0001061937,HOST HOTELS & RESORTS L.P.,host hotels resorts lp,,260996,6798.0,base
0001061983,CYTOKINETICS INC,cytokinetics,CYTK,158563,2834.0,base
0001062231,AMERICAN AXLE & MANUFACTURING HOLDINGS INC,american axle manufacturing,AXL,117861,3714.0,base
0001062822,"LEXICON PHARMACEUTICALS, INC.",lexicon pharmaceuticals,LEXG,133868,2835.0,base
0001063537,RICEBRAN TECHNOLOGIES,ricebran technologies,RIBT,114415,2040.0,crosswalk
0001063761,SIMON PROPERTY GROUP INC /DE/,simon property group inc de,SPG,29389,6798.0,base
0001064722,GIVEMEPOWER CORP,givemepower,,66589,6500.0,base
0001064728,PEABODY ENERGY CORP,peabody energy,BTU,142460,1220.0,base
0001065059,CENTRUS ENERGY CORP,centrus energy,USU,112759,2810.0,base
0001065078,"NETWORK-1 TECHNOLOGIES, INC.",network1 technologies,NTIP,115831,6794.0,base
0001065088,EBAY INC,ebay,EBAY,114524,5961.0,base
0001065280,NETFLIX INC,netflix,NFLX,147579,7841.0,base
0001065696,LKQ CORP,lkq,LKQ,155394,5010.0,base
0001065837,SKECHERS USA INC,skechers usa,SKX,121142,3140.0,base
0001066194,EGAIN Corp,egain,EGAN,124036,7372.0,base
0001066247,REGENCY CENTERS LP,regency centers lp,,,,base
0001066605,HEIDRICK & STRUGGLES INTERNATIONAL INC,heidrick struggles international,HSII,120048,7361.0,base
0001066656,Ceres Classic L.P.,ceres classic lp,,,,base
0001066684,THEGLOBE COM INC,theglobe com,TGLO,115313,9995.0,base
0001066764,Bimergen Energy Corp,bimergen energy,NWMV,116025,7359.0,base
0001066923,Future FinTech Group Inc.,future fintech,SPU,149379,6159.0,base
0001067294,"CRACKER BARREL OLD COUNTRY STORE, INC",cracker barrel old country store,CBRL,3570,5812.0,base
0001067701,"UNITED RENTALS, INC.",united rentals,URI,66065,7350.0,base
0001067837,AUDACY INC,audacy,ETM,117902,4832.0,crosswalk
0001067983,BERKSHIRE HATHAWAY INC,berkshire hathaway,BRK,2176,9997.0,base
0001068689,"Data443 Risk Mitigation, Inc.",data443 risk mitigation,,114923,3060.0,base
0001068851,PROSPERITY BANCSHARES INC,prosperity bancshares,PRSP,115876,6020.0,base
0001069157,EAST WEST BANCORP INC,east west bancorp,EWBC,118042,6020.0,base
0001069183,"AXON ENTERPRISE, INC.",axon enterprise,TASR,143912,3480.0,base
0001069202,LENNOX INTERNATIONAL INC,lennox international,LII,122380,3585.0,base
0001069258,"KRATOS DEFENSE & SECURITY SOLUTIONS, INC.",kratos defense security solutions,KTOS,126056,7370.0,base
0001069394,FLEXIBLE SOLUTIONS INTERNATIONAL INC,flexible solutions international,FSI,126010,2810.0,base
0001069530,CASSAVA SCIENCES INC,cassava sciences,PTIE,137642,2834.0,base
0001069533,RGC RESOURCES INC,rgc resources,RGCO,9171,4924.0,base
0001069878,TREX CO INC,trex,TREX,119316,2400.0,base
0001069899,PHIBRO ANIMAL HEALTH CORP,phibro animal health,,20115,2833.0,base
0001070050,AppTech Payments Corp.,apptech payments,CSIB,165286,7389.0,base
0001070081,"PTC THERAPEUTICS, INC.",ptc therapeutics,PTCT,174134,2836.0,base
0001070235,BLACKBERRY Ltd,blackberry,,65986,7372.0,base
0001070296,FIRST CAPITAL INC,first capital,FCAP,117034,6020.0,base
0001070412,CNX Resources Corp,cnx resources,CNX,120093,1311.0,base
0001070423,PLAINS ALL AMERICAN PIPELINE LP,plains all american pipeline lp,PAA,116029,5171.0,base
0001070494,ACADIA PHARMACEUTICALS INC,acadia pharmaceuticals,ACAD,141846,2836.0,base
0001070524,GREENE COUNTY BANCORP INC,greene county bancorp,GCBC,117026,6035.0,base
0001070680,CF BANKSHARES INC.,cf bankshares,GCFC,117018,6020.0,base
0001070750,"HOST HOTELS & RESORTS, INC.",host hotels resorts,HST,7063,6798.0,base
0001070985,"CoreCivic, Inc.",corecivic,CXW,65084,6512.0,base
0001071236,RED RIVER BANCSHARES INC,red river bancshares,,35078,6020.0,base
0001071255,"GOLDEN ENTERTAINMENT, INC.",golden entertainment,LACO,117036,7990.0,base
0001071739,CENTENE CORP,centene,CNC,145552,6324.0,base
0001071840,"SolarWindow Technologies, Inc.",solarwindow technologies,OCTL,,2860.0,base
0001072379,NORTHWEST BIOTHERAPEUTICS INC,northwest biotherapeutics,NWBT,144887,2836.0,base
0001072627,KINGSWAY FINANCIAL SERVICES INC,kingsway financial services,KFS,61743,6331.0,base
0001074828,"USBC, Inc.",usbc,VSUL,166430,3845.0,base
0001074871,"Modular Medical, Inc.",modular medical,,165750,3841.0,base
0001074902,LCNB CORP,lcnb,LCNB,66210,6020.0,base
0001075415,DIVERSIFIED HEALTHCARE TRUST,diversified healthcare trust,SNH,124046,6798.0,base
0001075531,Booking Holdings Inc.,booking,PCLN,119314,4700.0,base
0001075706,CITIZENS HOLDING CO,citizens,CIZN,125234,6020.0,crosswalk
0001075736,"Crexendo, Inc.",crexendo,EXE,111629,7370.0,base
0001076930,NOVANTA INC,novanta,GSIG,61356,3679.0,base
0001077183,NEOGENOMICS INC,neogenomics,NEO,125794,8071.0,base
0001077428,TEXAS CAPITAL BANCSHARES INC/TX,texas capital bancshares inctx,TCBI,150306,6020.0,base
0001077688,HOOKER FURNISHINGS Corp,hooker furnishings,HOFT,122211,2510.0,base
0001078075,NETSCOUT SYSTEMS INC,netscout systems,NTCT,122902,7373.0,base
0001078207,BOWFLEX INC,bowflex,NLS,27760,3949.0,crosswalk
0001078271,EXTREME NETWORKS INC,extreme networks,EXTR,119574,3576.0,base
0001080014,"Innoviva, Inc.",innoviva,THRX,160668,2836.0,base
0001080340,"MANHATTAN BRIDGE CAPITAL, INC",manhattan bridge capital,DAGM,120456,6798.0,base
0001080448,PATRIOT GOLD CORP,patriot gold,PGOL,145892,1040.0,base
0001080657,"Presidio Property Trust, Inc.",presidio property trust,,36500,6798.0,base
0001081316,BERKSHIRE HATHAWAY ENERGY CO,berkshire hathaway energy,,13427,4991.0,base
0001081745,"INTELLINETICS, INC.",intellinetics,GWIV,170756,7372.0,base
0001081938,"CANNAPHARMARX, INC.",cannapharmarx,CCVR,23490,2834.0,base
0001082038,DURECT CORP,durect,DRRX,140044,2834.0,base
0001082324,VirnetX Holding Corp,virnetx,PASW,122175,7372.0,base
0001082554,UNITED THERAPEUTICS Corp,united therapeutics,UTHR,121440,2834.0,base
0001082733,"VISIUM TECHNOLOGIES, INC.",visium technologies,PWRI,125602,7370.0,base
0001083220,"XCel Brands, Inc.",xcel brands,NFBH,189757,5961.0,base
0001083301,TERAWULF INC.,terawulf,IKNX,40413,7370.0,base
0001083446,"Astrana Health, Inc.",astrana health,AMEH,32809,8090.0,base
0001083490,SUNRISE REAL ESTATE GROUP INC,sunrise real estate,SRRE,139133,6552.0,base
0001083522,JONES SODA CO,jones soda,JSDA,108693,2086.0,base
0001083743,"Flux Power Holdings, Inc.",flux power holdings,FLUX,,3690.0,base
0001084048,"ZIFF DAVIS, INC.",ziff davis,JCOM,122172,7370.0,base
0001084267,"Mobiquity Technologies, Inc.",mobiquity technologies,MOBQ,163850,7310.0,base
0001084475,"Video River Networks, Inc.",video river networks,NIHK,29772,3669.0,base
0001084554,LIGHTBRIDGE Corp,lightbridge,LTBR,140982,2860.0,base
0001084765,"RESOURCES CONNECTION, INC.",resources connection,RECN,141359,8742.0,base
0001084869,1 800 FLOWERS COM INC,1 800 flowers com,FLWS,122519,5961.0,base
0001084961,ENCORE CAPITAL GROUP INC,encore capital,ECPG,121815,6153.0,base
0001084991,NATURAL GAS SERVICES GROUP INC,natural gas services,NGS,150562,7359.0,base
0001085243,"VirTra, Inc",virtra,VTSI,65344,3690.0,base
0001085277,"SKINVISIBLE, INC.",skinvisible,SKVI,117114,2844.0,base
0001085392,PUGET ENERGY INC /WA,puget energy inc wa,PSD,8818,4931.0,base
0001085869,PERFICIENT INC,perficient,PRFT,122394,7370.0,crosswalk
0001085913,FARMERS & MERCHANTS BANCORP,farmers merchants bancorp,FMCB,31358,6020.0,base
0001086222,AKAMAI TECHNOLOGIES INC,akamai technologies,AKAM,125595,7370.0,base
0001086600,ALLIANCE RESOURCE PARTNERS LP,alliance resource partners lp,ARLP,122915,1220.0,base
0001086745,"AYRO, Inc.",ayro,WPCS,36535,3711.0,base
0001087294,CUMBERLAND PHARMACEUTICALS INC,cumberland pharmaceuticals,CPIX,178097,2834.0,base
0001088034,"Usio, Inc.",usio,PYDS,116209,6099.0,base
0001088413,"GREYSTONE LOGISTICS, INC.",greystone logistics,GLGI,31337,3089.0,base
0001088638,MASTERMIND INC,mastermind,CCON,34714,7310.0,crosswalk
0001088856,CORCEPT THERAPEUTICS INC,corcept therapeutics,CORT,146616,2834.0,base
0001089063,"DICK'S SPORTING GOODS, INC.",dicks sporting goods,DKS,150139,5940.0,base
0001089748,HUNTSMAN INTERNATIONAL LLC,huntsman international,,148256,2800.0,base
0001089815,Elite Health Systems Inc.,elite health systems,USNU,124395,6324.0,base
0001089819,Cleco Corporate Holdings LLC,cleco corporate,CNL,2859,4911.0,base
0001089872,"GAIA, INC",gaia,GAIA,125601,7370.0,base
0001089907,SWK Holdings Corp,swk,KANA,123998,6159.0,base
0001090009,SOUTHERN FIRST BANCSHARES INC,southern first bancshares,SFST,125580,6020.0,base
0001090012,DEVON ENERGY CORP/DE,devon energy corpde,DVN,14934,1311.0,base
0001090396,TABLE TRAC INC,table trac,TBTC,137721,7990.0,base
0001090425,LAMAR ADVERTISING CO/NEW,lamar advertising conew,LAMR,63422,6798.0,base
0001090727,UNITED PARCEL SERVICE INC,united parcel service,UPS,10920,4210.0,base
0001090872,"AGILENT TECHNOLOGIES, INC.",agilent technologies,A,126554,3826.0,base
0001091667,"CHARTER COMMUNICATIONS, INC. /MO/",charter communications inc mo,CHTR,126136,4841.0,base
0001091748,"Argo Group International Holdings, Inc.",argo group international holdings,AGII,15364,6351.0,base
0001092570,FULLNET COMMUNICATIONS INC,fullnet communications,FULO,129439,4899.0,crosswalk
0001092699,SPS COMMERCE INC,sps commerce,SPSC,183974,7370.0,base
0001092796,"SMITH & WESSON BRANDS, INC.",smith wesson brands,SWHC,115757,3480.0,base
0001093557,DEXCOM INC,dexcom,DXCM,162887,3845.0,base
0001093672,PEOPLES BANCORP OF NORTH CAROLINA INC,peoples bancorp of north carolina,PEBK,16989,6020.0,base
0001093691,PLUG POWER INC,plug power,PLUG,125604,3674.0,base
0001094032,QDM International Inc.,qdm international,DJRT,38616,6411.0,base
0001094038,"Marker Therapeutics, Inc.",marker therapeutics,TPIV,107843,2836.0,base
0001094093,PROGRESS ENERGY INC,progress energy,PGN,2783,4911.0,base
0001094285,TELEDYNE TECHNOLOGIES INC,teledyne technologies,TDY,126721,3812.0,base
0001094831,"BGC Group, Inc.",bgc group,BGCP,127377,6211.0,base
0001095073,"EVEREST GROUP, LTD.",everest group,RE,61388,6331.0,base
0001095565,HEALTHSTREAM INC,healthstream,HSTM,133766,7372.0,base
0001095651,Safehold Inc.,safehold,SFI,31958,6798.0,base
0001095981,"PLUS THERAPEUTICS, INC.",plus therapeutics,CYTX,254096,2836.0,base
0001096056,LUXFER HOLDINGS PLC,luxfer,,268208,3350.0,base
0001096275,Worksport Ltd,worksport,FNHI,35019,3714.0,base
0001096343,MARKEL GROUP INC.,markel,MKL,12909,6331.0,base
0001096752,EDGEWELL PERSONAL CARE Co,edgewell personal care,ENR,133367,3420.0,base
0001096938,"United Health Products, Inc.",united health products,UEEC,176503,3842.0,base
0001097149,ALIGN TECHNOLOGY INC,align technology,ALGN,141384,3843.0,base
0001097864,ON SEMICONDUCTOR CORP,on semiconductor,ONNN,134932,3674.0,base
0001098009,America Great Health,america great health,,19317,2834.0,base
0001098146,PATRIOT NATIONAL BANCORP INC,patriot national bancorp,PNBK,30647,6020.0,base
0001098151,FIDELITY D & D BANCORP INC,fidelity d d bancorp,FDBC,18182,6020.0,base
0001098296,MIDAMERICAN FUNDING LLC,midamerican funding,,13428,4931.0,base
0001098880,INTELGENX TECHNOLOGIES CORP,intelgenx technologies,IGXT,176198,2834.0,crosswalk
0001098972,AGENUS INC,agenus,AGEN,129466,2834.0,base
0001099132,MANHATTAN SCIENTIFICS INC,manhattan scientifics,MHTX,65991,8731.0,crosswalk
0001099160,BEASLEY BROADCAST GROUP INC,beasley broadcast,BBGI,129823,4832.0,base
0001099219,METLIFE INC,metlife,MET,133768,6311.0,base
0001099369,DESTINY MEDIA TECHNOLOGIES INC,destiny media technologies,DSNY,122202,7370.0,base
0001099590,MERCADOLIBRE INC,mercadolibre,MELI,178081,5960.0,base
0001099800,Edwards Lifesciences Corp,edwards lifesciences,EW,133366,3842.0,base
0001100397,AYALA PHARMACEUTIC INC,ayala pharmaceutic,ADXS,36302,2836.0,crosswalk
0001100682,"CHARLES RIVER LABORATORIES INTERNATIONAL, INC.",charles river laboratories international,CRL,137131,8731.0,base
0001101026,"Zivo Bioscience, Inc.",zivo bioscience,HEPI,137441,2834.0,base
0001101215,"BREAD FINANCIAL HOLDINGS, INC.",bread financial holdings,ADS,143974,6141.0,base
0001101239,EQUINIX INC,equinix,EQIX,138743,6798.0,base
0001101302,ENTEGRIS INC,entegris,ENTG,137573,3559.0,base
0001101433,QUOTEMEDIA INC,quotemedia,QMCI,29089,6200.0,base
0001101680,DZS INC,dzs,ZHNE,28071,3661.0,crosswalk
0001102238,AMERICAN REALTY INVESTORS INC,american realty investors,ARL,1545,6513.0,base
0001102993,LIVEPERSON INC,liveperson,LPSN,133869,7370.0,base
0001103795,"QS Energy, Inc.",qs energy,STWA,115411,3533.0,base
0001103833,"Crown Equity Holdings, Inc.",crown equity holdings,CRWE,63516,7310.0,base
0001103982,"Mondelez International, Inc.",mondelez international,MDLZ,142953,2052.0,base
0001104038,"VerifyMe, Inc.",verifyme,LLTI,141887,7373.0,base
0001104485,"NORTHERN OIL & GAS, INC.",northern oil gas,N,142337,1311.0,base
0001104506,INSMED Inc,insmed,INSM,136186,2836.0,base
0001104657,MATERION Corp,materion,MTRN,2448,3330.0,base
0001106213,SEAFARER EXPLORATION CORP,seafarer exploration,SFRX,141006,4400.0,base
0001106644,"CHINA PHARMA HOLDINGS, INC.",china pharma holdings,TSET,148239,2834.0,base
0001106838,"Sonnet BioTherapeutics Holdings, Inc.",sonnet biotherapeutics holdings,HOTR,,5812.0,base
0001107280,OCULUS INC.,oculus,USVO,108630,7373.0,base
0001107421,"Alaunos Therapeutics, Inc.",alaunos therapeutics,ESWB,165215,2836.0,base
0001107843,"QUALYS, INC.",qualys,QLYS,11745,7372.0,base
0001108109,COMMUNITY HEALTH SYSTEMS INC,community health systems,CYH,23714,8062.0,base
0001108134,BERKSHIRE HILLS BANCORP INC,berkshire hills bancorp,BHLB,74571,6020.0,base
0001108205,CURIS INC,curis,CRIS,138341,2836.0,base
0001108426,TXNM ENERGY INC,txnm energy,PNM,8807,4911.0,base
0001108524,"Salesforce, Inc.",salesforce,CRM,157855,7372.0,base
0001108645,CORRELATE ENERGY CORP,correlate energy,FOSI,36845,8700.0,crosswalk
0001109116,ENTRAVISION COMMUNICATIONS CORP,entravision communications,EVC,137943,7310.0,base
0001109242,HANMI FINANCIAL CORP,hanmi financial,HAFC,31368,6020.0,base
0001109354,BRUKER CORP,bruker,BRKR,138483,3826.0,base
0001109357,EXELON CORP,exelon,EXC,8539,4911.0,base
0001109448,ALLIANCEBERNSTEIN L.P.,alliancebernstein lp,,,,base
0001110607,"Koil Energy Solutions, Inc.",koil energy solutions,DPDW,22010,1382.0,base
0001110611,ON24 INC.,on24,,37787,7370.0,base
0001110803,"ILLUMINA, INC.",illumina,ILMN,138205,3826.0,base
0001110805,NUSTAR ENERGY LP,nustar energy lp,NS,141363,4610.0,crosswalk
0001111335,VISTEON CORP,visteon,VC,136648,3714.0,base
0001111711,NISOURCE INC.,nisource,NI,7974,4932.0,base
0001111741,"DYNARESOURCE, INC.",dynaresource,DYNR,63332,1040.0,base
0001111928,IPG PHOTONICS CORP,ipg photonics,IPGP,175955,3674.0,base
0001113169,PRICE T ROWE GROUP INC,price t rowe,TROW,12138,6282.0,base
0001113232,AXCELIS TECHNOLOGIES INC,axcelis technologies,ACLS,137602,3559.0,base
0001113313,ARVANA INC,arvana,TURI,139525,4400.0,base
0001113809,BUILD-A-BEAR WORKSHOP INC,buildabear workshop,BBW,161055,5945.0,base
0001114483,Integer Holdings Corp,integer,GB,140073,3845.0,base
0001114925,LANTRONIX INC,lantronix,LTRX,138467,3576.0,base
0001114927,FIRST NORTHERN COMMUNITY BANCORP,first northern community bancorp,FNRN,62365,6020.0,base
0001114995,IMPINJ INC,impinj,,27387,3674.0,base
0001115055,PINNACLE FINANCIAL PARTNERS INC,pinnacle financial partners,PNFP,139025,6020.0,base
0001116132,"TAPESTRY, INC.",tapestry,COH,140541,3100.0,base
0001116463,ORASURE TECHNOLOGIES INC,orasure technologies,OSUR,12915,2835.0,base
0001116942,TTM TECHNOLOGIES INC,ttm technologies,TTMI,139804,3672.0,base
0001117057,Planet Green Holdings Corp.,planet green,ALN,160196,2090.0,base
0001117171,"CBAK Energy Technology, Inc.",cbak energy technology,CBAK,148772,3690.0,base
0001117297,"QUINSTREET, INC",quinstreet,QNST,184263,7310.0,base
0001117480,CHIMERIX INC,chimerix,CMRX,17498,2836.0,base
0001119190,"HUMBL, INC.",humbl,IWTT,,5000.0,base
0001120193,"NASDAQ, INC.",nasdaq,NDAQ,149337,6200.0,base
0001120370,"BROADWIND, INC.",broadwind,TWRT,179249,3510.0,base
0001120914,PDF SOLUTIONS INC,pdf solutions,PDFS,144437,7370.0,base
0001120970,Comstock Inc.,comstock,LODE,147183,2911.0,base
0001121484,"OIL STATES INTERNATIONAL, INC",oil states international,OIS,142260,3533.0,base
0001121702,YIELD10 BIOSCIENCE INC,yield10 bioscience,MBLX,175490,8731.0,crosswalk
0001121788,GARMIN LTD,garmin,GRMN,141459,3812.0,base
0001121795,GHST World Inc.,ghst world,GHST,180912,3663.0,base
0001122904,"NETGEAR, INC.",netgear,NTGR,154039,3661.0,base
0001122976,AVIENT CORP,avient,POL,28194,2810.0,base
0001123360,GLOBAL PAYMENTS INC,global payments,GPN,141913,7374.0,base
0001123494,HARVARD BIOSCIENCE INC,harvard bioscience,HBIO,141469,3826.0,base
0001123596,"BAB, INC.",bab,BABB,141018,5810.0,base
0001123852,NORTHERN STATES POWER CO,northern states power,,145273,4931.0,base
0001124105,"GYRE THERAPEUTICS, INC.",gyre therapeutics,TRGT,25999,2836.0,base
0001124140,EXACT SCIENCES CORP,exact sciences,EXAS,141277,8731.0,base
0001124198,FLUOR CORP,fluor,FLR,4818,1600.0,base
0001124524,"Cryoport, Inc.",cryoport,CYRX,162146,3842.0,base
0001124796,"NLIGHT, INC.",nlight,,33420,3674.0,base
0001124804,Veradigm Inc.,veradigm,MDRX,,7373.0,base
0001124941,BEACON ROOFING SUPPLY INC,beacon roofing supply,BECN,,5030.0,base
0001125259,CARNIVAL PLC,carnival,CUK,140821,4400.0,base
0001125345,MACROGENICS INC,macrogenics,MGNX,18658,2836.0,base
0001125376,"ENSIGN GROUP, INC",ensign group,ENSG,178803,8051.0,base
0001126234,LUMOS PHARMA INC,lumos pharma,NLNK,36333,2836.0,crosswalk
0001126328,PRINCIPAL FINANCIAL GROUP INC,principal financial,PFG,145701,6282.0,base
0001126741,GSI TECHNOLOGY INC,gsi technology,GSIT,160213,3674.0,base
0001126956,SPIRE INC,spire,LG,6547,4924.0,base
0001127371,Community West Bancshares,community west bancshares,CVCY,63224,6020.0,base
0001127475,"Digital Brand Media & Marketing Group, Inc.",digital brand media marketing group,,152686,7310.0,base
0001127537,Pulmonx Corp,pulmonx,,36260,3841.0,base
0001127703,PROASSURANCE CORP,proassurance,PRA,24440,6331.0,base
0001128189,"ProtoKinetix, Inc.",protokinetix,PKTX,146539,2836.0,base
0001128281,"Saker Aviation Services, Inc.",saker aviation services,FBOR,111535,4581.0,base
0001128361,HOPE BANCORP INC,hope bancorp,BBCN,66235,6020.0,base
0001128928,FLOWERS FOODS INC,flowers foods,FLO,4809,2050.0,base
0001129155,MARINE PRODUCTS CORP,marine products,MPX,142546,3730.0,base
0001130144,SIERRA BANCORP,sierra bancorp,BSRR,105538,6020.0,base
0001130166,"Cyclacel Pharmaceuticals, Inc.",cyclacel pharmaceuticals,CYCC,160809,2836.0,base
0001130310,CENTERPOINT ENERGY INC,centerpoint energy,CNP,5742,4931.0,base
0001130464,BLACK HILLS CORP /SD/,black hills corp sd,BKH,2259,4923.0,base
0001130598,"Traws Pharma, Inc.",traws pharma,ONTX,18172,2836.0,base
0001130713,"BEYOND, INC.",beyond,OSTK,147868,5961.0,base
0001130781,NEURALBASE AI LTD.,neuralbase ai,AMDR,,7812.0,base
0001131312,ZION OIL & GAS INC,zion oil gas,ZN,163822,1311.0,base
0001131554,SYNCHRONOSS TECHNOLOGIES INC,synchronoss technologies,SNCR,166593,7370.0,base
0001131903,SPECTRAL CAPITAL Corp,spectral capital,FSAC,153630,7370.0,base
0001132105,"SPORTSMAN'S WAREHOUSE HOLDINGS, INC.",sportsmans warehouse holdings,,16009,5940.0,base
0001132509,New Momentum Corp.,new momentum,,176730,4700.0,base
0001132651,AMES NATIONAL CORP,ames national,ATLO,31718,6020.0,base
0001133062,JANEL CORP,janel,JLWT,147249,4731.0,base
0001133311,TRAVELZOO,travelzoo,TZOO,149721,7370.0,base
0001133416,GALECTIN THERAPEUTICS INC,galectin therapeutics,GALT,150221,2834.0,base
0001133421,NORTHROP GRUMMAN CORP /DE/,northrop grumman corp de,NOC,7985,3812.0,base
0001133818,"BIO-PATH HOLDINGS, INC.",biopath holdings,BPTH,165563,2836.0,base
0001133869,"CAPRICOR THERAPEUTICS, INC.",capricor therapeutics,CAPR,19205,2836.0,base
0001134115,INTERNATIONAL TOWER HILL MINES LTD,international tower hill mines,THM,107032,1000.0,base
0001134765,"Charlie's Holdings, Inc.",charlies holdings,PRH,35165,2100.0,base
0001135971,PEPCO HOLDINGS LLC,pepco,POM,8694,4911.0,base
0001136174,"Ontrak, Inc.",ontrak,HYTM,150761,8060.0,base
0001136869,"ZIMMER BIOMET HOLDINGS, INC.",zimmer biomet holdings,ZMH,144559,3842.0,base
0001136893,"Fidelity National Information Services, Inc.",fidelity national information services,FIS,165993,7374.0,base
0001137091,"POWER SOLUTIONS INTERNATIONAL, INC.",power solutions international,PSIX,187169,3510.0,base
0001137547,UNITED SECURITY BANCSHARES,united security bancshares,UBFO,64228,6020.0,base
0001137774,PRUDENTIAL FINANCIAL INC,prudential financial,PRU,143356,6311.0,base
0001137789,Seagate Technology Holdings plc,seagate technology,STX,150937,3572.0,base
0001137883,BRAINSTORM CELL THERAPEUTICS INC.,brainstorm cell therapeutics,BCLI,153957,2836.0,base
0001138118,"CBRE GROUP, INC.",cbre group,CBG,260774,6531.0,base
0001138476,PACIFIC HEALTH CARE ORGANIZATION INC,pacific health care organization,PHCO,66274,8090.0,base
0001138639,Infinera Corp,infinera,INFN,177257,3661.0,base
0001138723,ACCURAY INC,accuray,ARAY,176670,3845.0,base
0001138724,"Global Arena Holding, Inc.",global arena holding,DWMA,189955,7370.0,base
0001140102,"HireQuest, Inc.",hirequest,CCNI,35481,7363.0,base
0001140215,"REED'S, INC.",reeds,REEDR,176378,2086.0,base
0001140536,WILLIS TOWERS WATSON PLC,willis towers watson,WSH,144009,6411.0,base
0001140859,"Cencora, Inc.",cencora,ABC,31673,5122.0,base
0001141103,CROSS COUNTRY HEALTHCARE INC,cross country healthcare,CCRN,144396,7363.0,base
0001141197,PEDEVCO CORP,pedevco,PED,13460,1311.0,base
0001141240,LIQUIDMETAL TECHNOLOGIES INC,liquidmetal technologies,LQMT,146117,3310.0,base
0001141284,ACTELIS NETWORKS INC,actelis networks,,,,base
0001141391,Mastercard Inc,mastercard,MA,160225,7389.0,base
0001141688,LANDMARK BANCORP INC,landmark bancorp,LARK,29946,6020.0,base
0001141964,PUBLIC CO MANAGEMENT CORP,public co management,PUBC,,8742.0,base
0001142417,"NEXSTAR MEDIA GROUP, INC.",nexstar media group,NXST,149177,4833.0,base
0001142750,AMN HEALTHCARE SERVICES INC,amn healthcare services,AHS,144520,7363.0,base
0001143513,GLADSTONE CAPITAL CORP,gladstone capital,GLAD,145024,6797.0,base
0001144215,ACUITY INC. (DE),acuity inc de,AYI,146017,3640.0,base
0001144879,Applied Digital Corp.,applied digital,FLT,,3812.0,base
0001144980,ASBURY AUTOMOTIVE GROUP INC,asbury automotive,ABG,144640,5500.0,base
0001145197,INSULET CORP,insulet,PODD,177227,3845.0,base
0001145255,HENNESSY ADVISORS INC,hennessy advisors,HNNA,149906,6282.0,base
0001145604,"NIKA PHARMACEUTICALS, INC",nika pharmaceuticals,,154510,2834.0,base
0001145765,GLOBAL MACRO TRUST,global macro trust,,,,base
0001145986,ASPEN AEROGELS INC,aspen aerogels,,187550,2810.0,base
0001156039,"Elevance Health, Inc.",elevance health,WLP,145046,6324.0,base
0001156041,HOUSTON AMERICAN ENERGY CORP,houston american energy,HUSA,146659,1311.0,base
0001156174,LAKE AREA CORN PROCESSRS LLC,lake area corn processrs,,35064,2860.0,crosswalk
0001156375,CME GROUP INC.,cme,CME,149070,6200.0,base
0001156388,BIG 5 SPORTING GOODS Corp,big 5 sporting goods,BGFV,145041,5940.0,base
0001157075,"PharmaCyte Biotech, Inc.",pharmacyte biotech,NVLX,155913,2836.0,base
0001157408,"Stride, Inc.",stride,LRN,178976,8200.0,base
0001157601,"MADRIGAL PHARMACEUTICALS, INC.",madrigal pharmaceuticals,SNTA,27716,2834.0,base
0001157647,"Western New England Bancorp, Inc.",western new england bancorp,WFD,146607,6035.0,base
0001157762,CHINA AUTOMOTIVE SYSTEMS INC,china automotive systems,CAAS,149683,3714.0,base
0001158114,"APPLIED OPTOELECTRONICS, INC.",applied optoelectronics,AAOI,18564,3674.0,base
0001158172,"COMSCORE, INC.",comscore,SCOR,177780,8742.0,base
0001158324,"COGENT COMMUNICATIONS HOLDINGS, INC.",cogent communications holdings,CCOI,147204,4813.0,base
0001158449,ADVANCE AUTO PARTS INC,advance auto parts,AAP,145977,5531.0,base
0001158463,JETBLUE AIRWAYS CORP,jetblue airways,JBLU,147305,4512.0,base
0001158780,Pluri Inc.,pluri,PSTI,152008,2836.0,base
0001158895,LEMAITRE VASCULAR INC,lemaitre vascular,LMAT,174390,3841.0,base
0001159036,"HALOZYME THERAPEUTICS, INC.",halozyme therapeutics,HALO,151630,2836.0,base
0001159167,IROBOT CORP,irobot,IRBT,164416,3990.0,base
0001160308,Savara Inc,savara,ANX,31177,2834.0,base
0001160661,SOUTHERN POWER CO,southern power,,156820,4911.0,base
0001160791,GOLD RESOURCE CORP,gold resource,GORO,175503,1040.0,base
0001161728,MGE ENERGY INC,mge energy,MGEE,6932,4931.0,base
0001162194,STANDARD BIOTOOLS INC.,standard biotools,FLDM,179840,3826.0,base
0001162461,CUTERA INC,cutera,CUTR,146648,3845.0,crosswalk
0001162896,Prairie Operating Co.,prairie operating,WIZD,186553,1311.0,base
0001163165,CONOCOPHILLIPS,conocophillips,COP,8549,1311.0,base
0001163302,UNITED STATES STEEL CORP,united states steel,,23978,3312.0,base
0001163370,NORTHRIM BANCORP INC,northrim bancorp,NRIM,23450,6020.0,base
0001163389,NEW PEOPLES BANKSHARES INC,new peoples bankshares,NWPP,186838,6020.0,base
0001163609,SOUTH DAKOTA SOYBEAN PROCESSORS LLC,south dakota soybean processors,,37139,2070.0,base
0001163668,"SOUTH PLAINS FINANCIAL, INC.",south plains financial,,35101,6020.0,base
0001163739,NABORS INDUSTRIES LTD,nabors industries,NBR,1661,1381.0,base
0001164727,NEWMONT Corp /DE/,newmont corp de,NEM,7881,1040.0,base
0001164863,Enpro Inc.,enpro,NPO,148950,3050.0,base
0001165002,WESTWOOD HOLDINGS GROUP INC,westwood holdings,WHG,149082,6282.0,base
0001165320,GB SCIENCES INC,gb sciences,,157774,2834.0,crosswalk
0001166003,"XPO, Inc.",xpo,XPO,144998,4213.0,base
0001166388,VERINT SYSTEMS INC,verint systems,VRNT,147242,7370.0,base
0001166691,COMCAST CORP,comcast,CMCSA,3226,4841.0,base
0001166708,"Brownie's Marine Group, Inc",brownies marine group,BWMG,106687,3949.0,base
0001166928,WEST BANCORPORATION INC,west bancorporation,WTBA,63725,6020.0,base
0001167419,"Riot Platforms, Inc.",riot platforms,APNB,148170,7372.0,base
0001168165,CONSTELLATION ENERGY GENERATION LLC,constellation energy generation,,156418,4911.0,base
0001168455,PLUMAS BANCORP,plumas bancorp,PLBC,62139,6020.0,base
0001169445,"TruBridge, Inc.",trubridge,CPSI,147849,7372.0,base
0001169561,COMMVAULT SYSTEMS INC,commvault systems,CVLT,174077,7370.0,base
0001169770,"BANC OF CALIFORNIA, INC.",banc of california,BANC,136265,6020.0,base
0001170010,CARMAX INC,carmax,KMX,64410,5500.0,base
0001171326,ENTREPRENEUR UNIVERSE BRIGHT GROUP,entrepreneur universe bright,KRMA,,5961.0,base
0001171486,NATURAL RESOURCE PARTNERS LP,natural resource partners lp,NRP,150837,6795.0,base
0001171759,RED ROBIN GOURMET BURGERS INC,red robin gourmet burgers,RRGB,148470,5812.0,base
0001171838,"Sundance Strategies, Inc.",sundance strategies,JVEX,17767,6153.0,base
0001172052,SAFETY INSURANCE GROUP INC,safety insurance,SAFT,148469,6331.0,base
0001172178,LIBERTY STAR URANIUM & METALS CORP.,liberty star uranium metals,TTUM,154037,1000.0,base
0001172222,HAWAIIAN HOLDINGS INC,hawaiian,HA,60902,4512.0,crosswalk
0001172358,"DORCHESTER MINERALS, L.P.",dorchester minerals lp,DMLP,4045,6792.0,base
0001173204,Cineverse Corp.,cineverse,CIDM,155616,7822.0,base
0001173313,"ABVC BIOPHARMA, INC.",abvc biopharma,ECOC,39801,2836.0,base
0001173420,NOVAGOLD RESOURCES INC,novagold resources,NG,20600,1040.0,base
0001173489,CEVA INC,ceva,CEVA,135788,6794.0,base
0001173514,"HYSTER-YALE, INC.",hysteryale,HY,160681,3537.0,base
0001174850,NICOLET BANKSHARES INC,nicolet bankshares,,17875,6020.0,base
0001174891,"CalEthos, Inc.",calethos,UPBS,161833,9995.0,base
0001174922,WYNN RESORTS LTD,wynn resorts,WYNN,149318,7990.0,base
0001174940,ORAGENICS INC,oragenics,ONI,154605,2836.0,base
0001175151,Cytosorbents Corp,cytosorbents,CTSO,163965,3841.0,base
0001175454,"CORPAY, INC.",corpay,FLT,184700,7389.0,base
0001175535,Whitestone REIT,whitestone reit,,185453,6798.0,base
0001175680,CytoDyn Inc.,cytodyn,CYDY,164720,2836.0,base
0001176309,ORAMED PHARMACEUTICALS INC.,oramed pharmaceuticals,ORMP,,2834.0,base
0001176334,MARTIN MIDSTREAM PARTNERS L.P.,martin midstream partners lp,MMLP,150201,5172.0,base
0001176948,Ares Management Corp,ares management,,20412,6282.0,base
0001177394,TD SYNNEX CORP,td synnex,SNX,156155,5045.0,base
0001177609,"FIVE BELOW, INC",five below,FIVE,171141,5331.0,base
0001177648,ENANTA PHARMACEUTICALS INC,enanta pharmaceuticals,ENTA,16269,2836.0,base
0001177702,SAIA INC,saia,SCST,150481,4213.0,base
0001178253,SCYNEXIS INC,scynexis,,20040,2836.0,base
0001178670,"ALNYLAM PHARMACEUTICALS, INC.",alnylam pharmaceuticals,ALNY,264265,2836.0,base
0001178697,SONIM TECHNOLOGIES INC,sonim technologies,,35104,3663.0,base
0001178879,"AMICUS THERAPEUTICS, INC.",amicus therapeutics,FOLD,175008,2836.0,base
0001178970,PROVIDENT FINANCIAL SERVICES INC,provident financial services,PFS,150279,6036.0,base
0001179929,"MOLINA HEALTHCARE, INC.",molina healthcare,MOH,152149,6324.0,base
0001180262,HERBALIFE LTD.,herbalife,HLF,14269,2834.0,base
0001183765,MOLECULAR TEMPLATES INC,molecular templates,THLD,32267,2836.0,crosswalk
0001185348,PRA GROUP INC,pra,PRAA,150477,6153.0,base
0001187953,"CREATIVE MEDICAL TECHNOLOGY HOLDINGS, INC.",creative medical technology holdings,,182902,2836.0,base
0001190370,INNOVATIVE DESIGNS INC,innovative designs,IVDN,156583,3949.0,base
0001192448,GLAUKOS Corp,glaukos,,23990,3841.0,base
0001193311,ONCOR ELECTRIC DELIVERY CO LLC,oncor electric delivery,,155970,4911.0,base
0001195734,POTBELLY CORP,potbelly,PBPB,18839,5812.0,base
0001196298,NEPHROS INC,nephros,NEPH,151423,3841.0,base
0001200375,"CODEXIS, INC.",codexis,CDXS,179841,2836.0,base
0001201792,AMERICAN PUBLIC EDUCATION INC,american public education,APEI,178797,8200.0,base
0001205922,"VACCINEX, INC.",vaccinex,,33780,2836.0,base
0001206264,SOMNIGROUP INTERNATIONAL INC.,somnigroup international,TPX,156861,2510.0,base
0001209709,CERES TACTICAL SYSTEMATIC L.P.,ceres tactical systematic lp,,,,base
0001210677,FIRST ADVANTAGE CORP,first advantage,FADV,,7389.0,base
0001210708,"Hudson Global, Inc.",hudson global,HSON,153128,7361.0,base
0001211583,FENNEC PHARMACEUTICALS INC.,fennec pharmaceuticals,ADHXF,143909,2836.0,base
0001211805,"My Size, Inc.",my size,,296866,7372.0,base
0001212545,WESTERN ALLIANCE BANCORPORATION,western alliance bancorporation,WAL,163920,6020.0,base
0001213037,"Cardiff Oncology, Inc.",cardiff oncology,TROV,155387,2836.0,base
0001213809,DYADIC INTERNATIONAL INC,dyadic international,DIL,158055,2836.0,base
0001214816,AXIS CAPITAL HOLDINGS LTD,axis capital,AXS,153130,6331.0,base
0001217234,"CareDx, Inc.",caredx,,179834,2835.0,base
0001218683,Mawson Infrastructure Group Inc.,mawson infrastructure,DCMG,38328,7370.0,base
0001219601,"CROWN HOLDINGS, INC.",crown holdings,CCK,3619,3411.0,base
0001220754,ModivCare Inc,modivcare,PRSC,154758,4100.0,base
0001223389,CONN'S INC,conns,CONN,156614,5731.0,crosswalk
0001224133,MARCHEX INC,marchex,MCHX,157755,7389.0,base
0001224608,"CNO Financial Group, Inc.",cno financial group,CNO,12603,6321.0,base
0001226616,MEDICINOVA INC,medicinova,MNOV,162892,2836.0,base
0001227265,CERES ORION L.P.,ceres orion lp,,,,base
0001227500,EQUITY BANCSHARES INC,equity bancshares,,26347,6020.0,base
0001227636,"Neuronetics, Inc.",neuronetics,,33698,3845.0,base
0001227654,COMPASS MINERALS INTERNATIONAL INC,compass minerals international,CMP,157153,1400.0,base
0001228454,BCB BANCORP INC,bcb bancorp,BCBP,147312,6020.0,base
0001228627,"Opus Genetics, Inc.",opus genetics,RNN,37325,2834.0,base
0001230058,KAANAPALI LAND LLC,kaanapali land,,182497,6552.0,base
0001230245,PIPER SANDLER COMPANIES,piper sandler companies,PJC,8605,6211.0,base
0001230524,"Leopard Energy, Inc.",leopard energy,JVKG,165114,7372.0,base
0001231457,GENELUX Corp,genelux,,,,base
0001232524,Jazz Pharmaceuticals plc,jazz pharmaceuticals,JAZZ,177287,2834.0,base
0001232582,ASHFORD HOSPITALITY TRUST INC,ashford hospitality trust,AHT,155754,6798.0,base
0001234006,GLADSTONE COMMERCIAL CORP,gladstone commercial,GOOD,154739,6798.0,base
0001235468,LIQUIDITY SERVICES INC,liquidity services,LQDT,166213,5961.0,base
0001236275,"QXO, Inc.",qxo,TYRIA,170655,7370.0,base
0001237831,GLOBUS MEDICAL INC,globus medical,GMED,171002,3841.0,base
0001253176,VAPOTHERM INC,vapotherm,,34327,3845.0,crosswalk
0001253689,GLYCOMIMETICS INC,glycomimetics,GLYC,18878,2836.0,base
0001253986,ARBOR REALTY TRUST INC,arbor realty trust,ABR,160173,6798.0,base
0001254699,QVC INC,qvc,,13506,5961.0,base
0001257640,KRONOS WORLDWIDE INC,kronos worldwide,KRO,157354,2810.0,base
0001258602,NELNET INC,nelnet,NNI,155738,6141.0,base
0001259429,Oxford Square Capital Corp.,oxford square capital,TICC,157452,6797.0,base
0001260221,TransDigm Group INC,transdigm,TDG,148349,3728.0,base
0001260990,ONCTERNAL THERAPEUTICS INC,oncternal therapeutics,GTXI,35320,2836.0,crosswalk
0001261249,AGILE THERAPEUTICS INC,agile therapeutics,,20010,2834.0,crosswalk
0001261333,"DOCUSIGN, INC.",docusign,,33301,7370.0,base
0001261379,Frontier Funds,frontier funds,,,,base
0001261654,UNIVERSAL TECHNICAL INSTITUTE INC,universal technical institute,UTI,156633,8200.0,base
0001262039,"Fortinet, Inc.",fortinet,FTNT,183377,7372.0,base
0001262104,"Lite Strategy, Inc.",lite strategy,MSHL,157865,2834.0,base
0001262823,WESTLAKE CORP,westlake,WLK,160684,2821.0,base
0001262976,CIMPRESS plc,cimpress,VPRT,164086,2750.0,base
0001263364,Idaho Copper Corp,idaho copper,,185694,1090.0,base
0001265131,Hilltop Holdings Inc.,hilltop,HTH,156953,6199.0,base
0001265521,"Polomar Health Services, Inc.",polomar health services,,,,base
0001266806,"Vivani Medical, Inc.",vivani medical,,21421,3845.0,base
0001267238,"ASSURANT, INC.",assurant,AIZ,157057,6351.0,base
0001267332,MERRILL LYNCH DEPOSITOR INC INDEXPLUS TRUST SERIES 2003-1,merrill lynch depositor inc indexplus trust series 20031,,157833,6726.0,base
0001267565,"COLLEGIUM PHARMACEUTICAL, INC",collegium pharmaceutical,,23555,2834.0,base
0001267602,ALIMERA SCIENCES INC,alimera sciences,ALIM,180363,2834.0,crosswalk
0001267813,MARINUS PHARMACEUTICALS INC,marinus pharmaceuticals,,20567,2836.0,crosswalk
0001269026,"Sintx Technologies, Inc.",sintx technologies,,177981,3842.0,base
0001270436,Cohen & Co Inc.,cohen,IFMI,175674,6211.0,base
0001271833,CCO HOLDINGS LLC,cco,,,,base
0001271834,CCO HOLDINGS CAPITAL CORP,cco holdings capital,,,,base
0001272842,AIRGAIN INC,airgain,,27703,3663.0,base
0001273441,GRAN TIERRA ENERGY INC.,gran tierra energy,GTE,164046,1311.0,base
0001273685,"NEW YORK MORTGAGE TRUST, INC.",new york mortgage trust,NYMT,158053,6798.0,base
0001273813,ASSURED GUARANTY LTD,assured guaranty,AGO,157955,6351.0,base
0001274173,JANUS HENDERSON GROUP PLC,janus henderson,,259518,6282.0,base
0001274494,"FIRST SOLAR, INC.",first solar,FSLR,175404,3674.0,base
0001274737,EXAGEN INC.,exagen,,26528,2835.0,base
0001274792,MERRIMACK PHARMACEUTICALS,merrimack pharmaceuticals,MACK,187631,2836.0,crosswalk
0001275014,"Ultra Clean Holdings, Inc.",ultra clean holdings,UCTT,264416,3674.0,base
0001275101,BANK OF THE JAMES FINANCIAL GROUP INC,bank of the james financial,BOJF,136844,6020.0,base
0001275158,NOODLES & Co,noodles,NDLS,18047,5812.0,base
0001275187,ANGIODYNAMICS INC,angiodynamics,ANGO,264387,3841.0,base
0001275477,"BIMINI CAPITAL MANAGEMENT, INC.",bimini capital management,BMM,264510,6798.0,base
0001276187,Energy Transfer LP,energy transfer lp,ETE,165649,4922.0,base
0001276520,GENWORTH FINANCIAL INC,genworth financial,GNW,158354,6311.0,base
0001276531,"SCIENTIFIC ENERGY, INC",scientific energy,SCFE,164538,5960.0,base
0001277902,MVB FINANCIAL CORP,mvb financial,MVBF,144122,6020.0,base
0001278021,MARKETAXESS HOLDINGS INC,marketaxess,MKTX,158742,6200.0,base
0001278027,"B&G Foods, Inc.",bg foods,BGF,158743,2000.0,base
0001278752,MidCap Financial Investment Corp,midcap financial investment,AINV,,,base
0001279620,"Zoned Properties, Inc.",zoned properties,VNGM,165969,6512.0,base
0001279695,UNIVERSAL BIOSENSORS INC,universal biosensors,UBI,,3841.0,base
0001279704,"Cellectar Biosciences, Inc.",cellectar biosciences,,186974,2836.0,base
0001279715,"Wright Investors Service Holdings, Inc.",wright investors service holdings,NPDV,161069,9995.0,base
0001280058,BLACKBAUD INC,blackbaud,BLKB,260893,7370.0,base
0001280263,AMBARELLA INC,ambarella,AMBA,15420,3674.0,base
0001280452,MONOLITHIC POWER SYSTEMS INC,monolithic power systems,MPWR,160888,3674.0,base
0001280776,"IMMUNIC, INC.",immunic,,331856,2836.0,base
0001280784,"Hercules Capital, Inc.",hercules capital,HTGC,160541,6797.0,base
0001281761,REGIONS FINANCIAL CORP,regions financial,RF,4674,6020.0,base
0001281895,"ROCKET PHARMACEUTICALS, INC.",rocket pharmaceuticals,,32908,2836.0,base
0001282224,"Dolphin Entertainment, Inc.",dolphin entertainment,DPDM,175299,8700.0,base
0001282631,NETLIST INC,netlist,NLST,176035,3674.0,base
0001282637,NEWMARKET CORP,newmarket,NEU,4462,2860.0,base
0001282648,BATTALION OIL CORP,battalion oil,HK,174169,1311.0,base
0001282980,"Dror Ortho-Design, Inc.",dror orthodesign,NVNT,162656,3577.0,base
0001283337,STRUCTURED PRODUCTS CORP CRED ENHANCE CORTS TR FOR AON CAP A,structured products corp cred enhance corts tr for aon cap a,,141912,6726.0,base
0001283464,STRUCTURED PRODUCTS CORP CORTS TR FOR PECO ENERGY CAP TR III,structured products corp corts tr for peco energy cap tr iii,,142295,6726.0,base
0001283699,"T-Mobile US, Inc.",tmobile us,TMUS,17874,4812.0,base
0001284454,Yong Bai Chao New Retail Corp,yong bai chao new retail,EVCC,164400,3714.0,base
0001284812,"COHEN & STEERS, INC.",cohen steers,CNS,266214,6282.0,base
0001285550,"ClearPoint Neuro, Inc.",clearpoint neuro,MRIC,184077,3845.0,base
0001285785,MOSAIC CO,mosaic,MOS,162129,2870.0,base
0001285819,OMEROS CORP,omeros,OMER,183593,2836.0,base
0001286043,KITE REALTY GROUP TRUST,kite realty group trust,KRG,266315,6798.0,base
0001286139,"LEGALZOOM.COM, INC.",legalzoomcom,,,,base
0001286613,LINCOLN EDUCATIONAL SERVICES CORP,lincoln educational services,LINC,163668,8200.0,base
0001286681,DOMINOS PIZZA INC,dominos pizza,DPZ,160211,5812.0,base
0001287032,PROSPECT CAPITAL CORP,prospect capital,PSEC,160233,6797.0,base
0001287213,"DOUGLAS DYNAMICS, INC",douglas dynamics,PLOW,184258,3531.0,base
0001287750,ARES CAPITAL CORP,ares capital,ARCC,161966,6797.0,base
0001287865,MEDICAL PROPERTIES TRUST INC,medical properties trust,MPW,162160,6798.0,base
0001288403,W&T OFFSHORE INC,wt offshore,WTI,160341,1311.0,base
0001288469,"MAXLINEAR, INC",maxlinear,MXL,184551,3674.0,base
0001288750,TIMBERLINE RESOURCES CORP,timberline resources,TBLC,122273,1040.0,crosswalk
0001288847,"Five9, Inc.",five9,,19908,7370.0,base
0001288855,"OptimumBank Holdings, Inc.",optimumbank holdings,OPHC,153895,6020.0,base
0001289308,EnerSys,enersys,ENS,160893,3690.0,base
0001289340,"Stereotaxis, Inc.",stereotaxis,STXS,160375,3845.0,base
0001289419,"Morningstar, Inc.",morningstar,MORN,160373,6200.0,base
0001289460,"Texas Roadhouse, Inc.",texas roadhouse,TXRH,160376,5812.0,base
0001289490,Extra Space Storage Inc.,extra space storage,EXR,160479,6798.0,base
0001289636,PROFIRE ENERGY INC,profire energy,PFIE,176346,3533.0,crosswalk
0001289848,Huron Consulting Group Inc.,huron consulting,HURN,161997,8742.0,base
0001289850,"NeuroMetrix, Inc.",neurometrix,NURO,160488,3841.0,base
0001289945,"Spok Holdings, Inc",spok holdings,USMO,24844,4812.0,base
0001290476,Village Bank & Trust Financial Corp.,village bank trust financial,VBFC,140938,6020.0,base
0001290658,"IIOT-OXYS, Inc.",iiotoxys,CBSJ,32331,9995.0,base
0001290677,"Turning Point Brands, Inc.",turning point brands,,66929,2100.0,base
0001290900,"Commercial Vehicle Group, Inc.",commercial vehicle group,CVGI,160570,3714.0,base
0001293282,Techtarget Inc,techtarget,TTGT,,7389.0,ticker_map
0001293818,OPGEN INC,opgen,,23241,6200.0,base
0001293971,"bluebird bio, Inc.",bluebird bio,BLUE,17998,2836.0,base
0001294133,Inogen Inc,inogen,,19274,3845.0,base
0001295401,"Bancorp, Inc.",bancorp,TBBK,158587,6020.0,base
0001295810,"Sunstone Hotel Investors, Inc.",sunstone hotel investors,SHO,61163,6798.0,base
0001295947,Prestige Consumer Healthcare Inc.,prestige consumer healthcare,PBH,162335,2834.0,base
0001296445,"ORMAT TECHNOLOGIES, INC.",ormat technologies,ORA,160913,4911.0,base
0001296884,"Lightstone Value Plus REIT I, Inc.",lightstone value plus reit i,,27361,6798.0,base
0001297184,"Amphastar Pharmaceuticals, Inc.",amphastar pharmaceuticals,,20659,2834.0,base
0001297341,Kentucky First Federal Bancorp,kentucky first federal bancorp,KFFB,163069,6035.0,base
0001297937,"PARKS AMERICA, INC",parks america,PRKA,154360,7996.0,base
0001297989,"ExlService Holdings, Inc.",exlservice holdings,EXLS,162449,7374.0,base
0001297996,"DIGITAL REALTY TRUST, INC.",digital realty trust,DLR,160991,6798.0,base
0001298675,CubeSmart,cubesmart,CUBE,160990,6798.0,base
0001298946,DiamondRock Hospitality Co,diamondrock hospitality,DRH,160706,6798.0,base
0001299130,"PACIFIC BIOSCIENCES OF CALIFORNIA, INC.",pacific biosciences of california,PACB,185419,3826.0,base
0001299709,"Axos Financial, Inc.",axos financial,BOFI,162560,6035.0,base
0001299969,"Comstock Holding Companies, Inc.",comstock holding companies,CHCI,161072,6500.0,base
0001300485,"CubeSmart, L.P.",cubesmart lp,,,,base
0001300514,LAS VEGAS SANDS CORP,las vegas sands,LVS,161844,7990.0,base
0001300734,SHINECO INC,shineco,,23370,2835.0,crosswalk
0001301236,Sotherly Hotels Inc.,sotherly hotels,MDH,161852,6798.0,base
0001301787,BlueLinx Holdings Inc.,bluelinx,BXC,161813,5031.0,base
0001301991,SMARTMETRIC INC,smartmetric,,166743,3674.0,crosswalk
0001302028,MANITEX INTERNATIONAL INC,manitex international,MNTX,161843,3537.0,crosswalk
0001302215,"HOULIHAN LOKEY, INC.",houlihan lokey,,25219,6282.0,base
0001303942,BankFinancial CORP,bankfinancial,BFIN,161942,6020.0,base
0001304161,"Pharma-Bio Serv, Inc.",pharmabio serv,PBSV,176082,8742.0,base
0001304280,Novelis Inc.,novelis,NVL,162701,3350.0,base
0001304409,ATHENA GOLD CORP,athena gold,AHNR,,2082.0,base
0001304421,CONSOLIDATED COMM HLDGS INC,consolidated comm hldgs,CNSL,162127,4813.0,crosswalk
0001304492,Anterix Inc.,anterix,,20961,4899.0,base
0001305168,ARC DOCUMENT SOLUTIONS INC,arc document solutions,ARC,162076,7389.0,crosswalk
0001305253,EIGER BIOPHARMACEUTICALS INC,eiger biopharmaceuticals,CLDN,27046,2836.0,crosswalk
0001306830,Celanese Corp,celanese,CE,162254,2860.0,base
0001307579,LIQTECH INTERNATIONAL INC,liqtech international,BMOM,188355,3590.0,base
0001307748,InvenTrust Properties Corp.,inventrust properties,,19855,6798.0,base
0001307954,Huntsman CORP,huntsman,HUN,162401,2860.0,base
0001308027,Vystar Corp,vystar,VYST,183531,3600.0,base
0001308208,"UNIVERSAL LOGISTICS HOLDINGS, INC.",universal logistics holdings,UACL,162338,4210.0,base
0001308547,"Dolby Laboratories, Inc.",dolby laboratories,DLB,162354,6794.0,base
0001309082,"CAMBER ENERGY, INC.",camber energy,LEI,108319,3621.0,base
0001309108,WEX Inc.,wex,WEX,162385,7389.0,base
0001309402,Green Plains Inc.,green plains,GPRE,181269,2860.0,base
0001310488,"BIOFORCE NANOSCIENCES HOLDINGS, INC.",bioforce nanosciences holdings,SRVV,264430,2834.0,base
0001310527,QSAM BIOSCIENCES INC,qsam biosciences,,26555,2835.0,crosswalk
0001310630,China Foods Holdings Ltd.,china foods,ATER,65742,9995.0,base
0001311370,"Lazard, Inc.",lazard,LAZ,162559,6282.0,base
0001311673,"Yale Transaction Finders, Inc.",yale transaction finders,YTFD,177627,9995.0,base
0001313275,BRIGHTCOVE INC,brightcove,BCOV,187959,7370.0,crosswalk
0001314052,ANAVEX LIFE SCIENCES CORP.,anavex life sciences,,166447,2836.0,base
0001314102,"EyePoint Pharmaceuticals, Inc.",eyepoint pharmaceuticals,PSDV,253527,2836.0,base
0001314196,"OLB GROUP, INC.",olb group,OLBG,164053,7374.0,base
0001314727,Sonos Inc,sonos,,33767,3651.0,base
0001315098,Roblox Corp,roblox,,,,base
0001315257,Koppers Holdings Inc.,koppers,KOP,163113,2860.0,base
0001315399,"PARKE BANCORP, INC.",parke bancorp,PKBK,151544,6020.0,base
0001316517,KANDI TECHNOLOGIES GROUP,kandi technologies,KNDI,176169,3790.0,crosswalk
0001316835,"Builders FirstSource, Inc.",builders firstsource,BLDR,163036,2452.0,base
0001316944,Federal Home Loan Bank of San Francisco,federal home loan bank of san francisco,,,,base
0001317630,ITC Holdings Corp.,itc,ITC,163669,4911.0,base
0001317945,"Omega Flex, Inc.",omega flex,OFLX,164116,3490.0,base
0001318008,Zumiez Inc,zumiez,ZUMZ,162988,5651.0,base
0001318220,"Waste Connections, Inc.",waste connections,,110732,4953.0,base
0001318484,Citi Trends Inc,citi trends,CTRN,163051,5651.0,base
0001318568,Everi Holdings Inc.,everi,GCA,163678,7990.0,base
0001318605,"Tesla, Inc.",tesla,TSLA,184996,3711.0,base
0001318742,NCL CORP Ltd.,ncl corp,,,,base
0001319161,Warner Music Group Corp.,warner music,WMG,163118,3652.0,base
0001319229,TransMontaigne Partners LLC,transmontaigne partners,TLP,163594,4610.0,base
0001319643,"FinTrade Sherpa, Inc.",fintrade sherpa,,,,base
0001319947,Designer Brands Inc.,designer brands,DSW,24171,5661.0,base
0001320350,"LENSAR, Inc.",lensar,,36929,3845.0,base
0001320414,SELECT MEDICAL HOLDINGS CORP,select medical,SEM,174236,8060.0,base
0001320461,Cooper-Standard Holdings Inc.,cooperstandard,CPS,163765,3714.0,base
0001320695,"TreeHouse Foods, Inc.",treehouse foods,THS,163983,2050.0,base
0001320760,"TSS, Inc.",tss,TSSI,177528,7370.0,base
0001320854,"FreightCar America, Inc.",freightcar america,RAIL,162742,3743.0,base
0001321655,Palantir Technologies Inc.,palantir technologies,,36910,7370.0,base
0001321732,Penumbra Inc,penumbra,,26147,3841.0,base
0001321741,GLADSTONE INVESTMENT CORPORATION\DE,gladstone investment corporationde,GAIN,164155,6797.0,base
0001321834,"TNF Pharmaceuticals, Inc.",tnf pharmaceuticals,AKER,38664,2834.0,base
0001322439,EAGLE BULK SHIPPING INC,eagle bulk shipping,EGLE,163685,4412.0,crosswalk
0001323468,GLOBAL PARTNERS LP,global partners lp,GLP,163935,5171.0,base
0001323885,"AtriCure, Inc.",atricure,ATRC,163889,3841.0,base
0001324404,"CF Industries Holdings, Inc.",cf industries holdings,CF,163946,2870.0,base
0001324424,"Expedia Group, Inc.",expedia group,EXPE,126296,4700.0,base
0001324759,HONG YUAN HOLDING GROUP,hong yuan holding,CERP,,2821.0,base
0001324948,RBC Bearings INC,rbc bearings,ROLL,164557,3562.0,base
0001325618,IRADIMED CORP,iradimed,,20945,3841.0,base
0001325670,Primis Financial Corp.,primis financial,SONA,175607,6020.0,base
0001325676,Ceres Tactical Commodity L.P.,ceres tactical commodity lp,,,,base
0001325702,MAGNACHIP SEMICONDUCTOR Corp,magnachip semiconductor,MX,233491,3674.0,base
0001325814,Federal Home Loan Bank of Des Moines,federal home loan bank of des moines,,,,base
0001325878,Federal Home Loan Bank of Topeka,federal home loan bank of topeka,,,,base
0001325964,"Lightwave Logic, Inc.",lightwave logic,LWLG,106233,2821.0,base
0001326003,BLACKROCK CAPITAL INVT CORP,blackrock capital invt,,177782,6797.0,crosswalk
0001326110,"ImmunityBio, Inc.",immunitybio,,347007,2836.0,base
0001326160,Duke Energy CORP,duke energy,DUK,4093,4931.0,base
0001326190,"Altimmune, Inc.",altimmune,PIP,31249,2836.0,base
0001326200,GENCO SHIPPING & TRADING LTD,genco shipping trading,GSTL,163930,4412.0,base
0001326205,"IGC Pharma, Inc.",igc pharma,IGC,166491,2834.0,base
0001326380,GameStop Corp.,gamestop,GME,145049,5734.0,base
0001326706,"NanoVibronix, Inc.",nanovibronix,,20554,3845.0,base
0001326732,Xencor Inc,xencor,XNCR,18938,2836.0,base
0001326771,Federal Home Loan Bank of Cincinnati,federal home loan bank of cincinnati,,,,base
0001326801,"Meta Platforms, Inc.",meta platforms,FB,170617,7370.0,base
0001327068,"United States Oil Fund, LP",united states oil fund lp,USO,,6221.0,base
0001327273,"Lyra Therapeutics, Inc.",lyra therapeutics,,36300,3841.0,base
0001327318,"TrueCar, Inc.",truecar,,20540,7370.0,base
0001327567,Palo Alto Networks Inc,palo alto networks,PANW,171067,7370.0,base
0001327607,First Western Financial Inc,first western financial,,33704,6020.0,base
0001327688,OOMA INC,ooma,,24508,4813.0,base
0001327811,"Workday, Inc.",workday,WDAY,15044,7370.0,base
0001327978,Ares Real Estate Income Trust Inc.,ares real estate income trust,,,,base
0001328581,BOISE CASCADE Co,boise cascade,BCC,16486,5031.0,base
0001328598,Invesco CurrencyShares Euro Trust,invesco currencyshares euro trust,FXE,,6221.0,base
0001328792,TECHPRECISION CORP,techprecision,,178644,3490.0,base
0001329606,"Clean Energy Technologies, Inc.",clean energy technologies,PMFI,166740,5900.0,base
0001329842,Federal Home Loan Bank of New York,federal home loan bank of new york,,,,base
0001330399,Federal Home Loan Bank of Pittsburgh,federal home loan bank of pittsburgh,,,,base
0001331421,"HALLMARK VENTURE GROUP, INC.",hallmark venture group,,,,base
0001331451,Federal Home Loan Bank of Chicago,federal home loan bank of chicago,,,,base
0001331463,Federal Home Loan Bank of Boston,federal home loan bank of boston,,,,base
0001331465,Federal Home Loan Bank of Atlanta,federal home loan bank of atlanta,,,,base
0001331520,HOME BANCSHARES INC,home bancshares,HOMB,164633,6020.0,base
0001331612,INNOVATIVE MEDTECH INC,innovative medtech,FRHV,177335,8050.0,crosswalk
0001331754,Federal Home Loan Bank of Indianapolis,federal home loan bank of indianapolis,,,,base
0001331757,Federal Home Loan Bank of Dallas,federal home loan bank of dallas,,,,base
0001331875,"Fidelity National Financial, Inc.",fidelity national financial,FNT,165264,6361.0,base
0001332349,Brookdale Senior Living Inc.,brookdale senior living,BKD,164652,8050.0,base
0001332551,ACRES Commercial Realty Corp.,acres commercial realty,RSO,162925,6798.0,base
0001333274,MERCER INTERNATIONAL INC.,mercer international,MERC,14563,2611.0,base
0001333493,"eHealth, Inc.",ehealth,EHTH,174389,6411.0,base
0001333822,SemiLEDs Corp,semileds,LEDS,185380,3674.0,base
0001333986,"Equitable Holdings, Inc.",equitable holdings,,32767,6311.0,base
0001334036,"Crocs, Inc.",crocs,CROX,164755,3021.0,base
0001334325,"Coda Octopus Group, Inc.",coda octopus group,CDOC,183547,3812.0,base
0001334933,URANIUM ENERGY CORP,uranium energy,UEC,165798,1090.0,base
0001334978,"Clear Channel Outdoor Holdings, Inc.",clear channel outdoor holdings,CCO,164660,7310.0,base
0001335105,"LIXTE BIOTECHNOLOGY HOLDINGS, INC.",lixte biotechnology holdings,,178291,2836.0,base
0001335112,LOGIQ INC,logiq,CDCX,175188,7370.0,crosswalk
0001335258,"Live Nation Entertainment, Inc.",live nation entertainment,LYV,165746,7900.0,base
0001336047,"Boardwalk Pipeline Partners, LP",boardwalk pipeline partners lp,BWP,164756,4922.0,base
0001336706,NORTHPOINTE BANCSHARES INC,northpointe bancshares,,,,base
0001336917,"Under Armour, Inc.",under armour,UARM,165052,2300.0,base
0001336920,"Leidos Holdings, Inc.",leidos holdings,LDOS,165123,7373.0,base
0001337013,"InfuSystem Holdings, Inc",infusystem holdings,INFU,174428,7350.0,base
0001337068,"Magyar Bancorp, Inc.",magyar bancorp,MGYR,165465,6036.0,base
0001337298,FutureFuel Corp.,futurefuel,FF,287462,2860.0,base
0001337619,ENVESTNET INC,envestnet,ENV,184576,6282.0,crosswalk
0001338749,POTLATCHDELTIC CORP,potlatchdeltic,PCH,8692,6798.0,base
0001338929,"Authentic Holdings, Inc.",authentic holdings,PPBG,175074,2300.0,base
0001339005,FEMASYS INC,femasys,,,,base
0001339605,"H&E Equipment Services, Inc.",he equipment services,HEES,165856,5084.0,base
0001339970,aTYR PHARMA INC,atyr pharma,,23627,2836.0,base
0001340122,Calumet Specialty Products Partners LP,calumet specialty products partners lp,CLMT,,2911.0,ticker_map
0001340476,DIRTT ENVIRONMENTAL SOLUTIONS LTD,dirtt environmental solutions,,19267,3290.0,base
0001340909,"STRATS SM TRUST FOR WAL-MART STORES, INC. SECURITIES, SERIES 2005-4",strats sm trust for walmart stores inc securities series 20054,,165478,6726.0,base
0001341235,"Aldeyra Therapeutics, Inc.",aldeyra therapeutics,,20018,2836.0,base
0001341317,Bridgewater Bancshares Inc,bridgewater bancshares,,33131,6020.0,base
0001341318,"LAKE SHORE BANCORP, INC.",lake shore bancorp,LSBK,166197,6035.0,base
0001341439,ORACLE CORP,oracle,ORCL,12142,7372.0,base
0001341766,"Celsius Holdings, Inc.",celsius holdings,CSUH,175269,2086.0,base
0001342219,NAMLIONG SKYCOSMOS INC,namliong skycosmos,,175221,9995.0,crosswalk
0001342423,Limoneira CO,limoneira,LMNR,29962,100.0,base
0001342936,"Rivulet Entertainment, Inc.",rivulet entertainment,SMYD,177190,7812.0,base
0001342958,"DIGITAL ALLY, INC.",digital ally,DGLY,162233,3651.0,base
0001343009,CNBX Pharmaceuticals Inc.,cnbx pharmaceuticals,AMCM,187166,2834.0,base
0001343491,"STRATS(SM) TRUST FOR DOMINION RESOURCES, INC. SECURITIES, SERIES 2005-6",stratssm trust for dominion resources inc securities series 20056,,159187,6726.0,base
0001345016,YELP INC,yelp,YELP,196268,7370.0,base
0001345122,Compass Group Diversified Holdings LLC,compass group diversified,CODI,,3714.0,base
0001345126,Compass Diversified Holdings,compass diversified,CODI,166368,3600.0,base
0001346022,Enertopia Corp.,enertopia,ENRT,175071,1400.0,base
0001346655,CMG HOLDINGS GROUP INC,cmg holdings,CMGO,178074,7310.0,crosswalk
0001346830,"Cara Therapeutics, Inc.",cara therapeutics,CARA,19154,2836.0,base
0001347123,"EBR Systems, Inc.",ebr systems,,,,base
0001347178,Vanda Pharmaceuticals Inc.,vanda pharmaceuticals,VNDA,166435,2836.0,base
0001347652,CORENERGY INFRASTRUCTURE TR,corenergy infrastructure tr,CORR,165209,6798.0,crosswalk
0001347858,"22nd Century Group, Inc.",22nd century group,XXII,17185,2111.0,base
0001348362,Lexaria Bioscience Corp.,lexaria bioscience,LXRP,175505,2834.0,base
0001348911,"KalVista Pharmaceuticals, Inc.",kalvista pharmaceuticals,,29251,2836.0,base
0001348952,"ENTERGY LOUISIANA, LLC",entergy louisiana,,6823,4911.0,base
0001349436,SANDRIDGE ENERGY INC,sandridge energy,SD,176899,1311.0,base
0001349706,"TurnOnGreen, Inc.",turnongreen,,,,base
0001350102,"Ascent Solar Technologies, Inc.",ascent solar technologies,ASTI,166460,3674.0,base
0001350156,PREAXIA HEALTH CARE PAYMENT SYSTEMS INC.,preaxia health care payment systems,,,,base
0001350593,"Mueller Water Products, Inc.",mueller water products,MWA,166482,3490.0,base
0001350653,"Alphatec Holdings, Inc.",alphatec holdings,ATEC,166555,3842.0,base
0001351636,"SOUNDTHINKING, INC.",soundthinking,,31457,7370.0,base
0001352010,"EPAM Systems, Inc.",epam systems,EPAM,187697,7370.0,base
0001352952,CFN Enterprises Inc.,cfn enterprises,,179137,7370.0,base
0001353226,"STRATS(SM) Trust for Procter & Gamble Securities, Series 2006-1",stratssm trust for procter gamble securities series 20061,,177866,6726.0,base
0001354327,PGT INNOVATIONS INC,pgt innovations,PGTI,174049,3442.0,crosswalk
0001354866,Byrna Technologies Inc.,byrna technologies,,175457,3480.0,base
0001355001,Anywhere Real Estate Group LLC,anywhere real estate,H,,6531.0,base
0001355096,"QVC Group, Inc.",qvc group,LINTA,174147,5961.0,base
0001355790,International Stem Cell CORP,international stem cell,ISCO,175649,2836.0,base
0001355839,INTELLIGENT PROTECTION MANAGEMENT CORP.,intelligent protection management,STVI,28551,7370.0,base
0001355848,"Kartoon Studios, Inc.",kartoon studios,GNUS,183524,7812.0,base
0001356090,"PRECIGEN, INC.",precigen,XON,18315,2836.0,base
0001356093,"CREATIVE REALITIES, INC.",creative realities,RNIN,21554,7372.0,base
0001356115,NEXPOINT DIVERSIFIED REAL ESTATE TRUST,nexpoint diversified real estate trust,NHF,,,base
0001356284,"STRATS(SM) Trust for Goldman Sachs Group Securities, Series 2006-2",stratssm trust for goldman sachs group securities series 20062,,160845,6726.0,base
0001356570,WNS (HOLDINGS) LTD,wns holdings,,,,base
0001356576,"SUPERNUS PHARMACEUTICALS, INC.",supernus pharmaceuticals,SUPN,186159,2834.0,base
0001357459,"PALISADE BIO, INC.",palisade bio,CUR,38711,2836.0,base
0001357615,"KBR, INC.",kbr,KBR,174310,7370.0,base
0001357660,"STRATS(SM) Trust for Allstate Corp Securities, Series 2006-3",stratssm trust for allstate corp securities series 20063,,174228,6726.0,base
0001357874,PRECISION BIOSCIENCES INC,precision biosciences,,34883,2836.0,base
0001357878,"REGENEREX PHARMA, INC.",regenerex pharma,PEPT,,7389.0,base
0001357971,Energy Services of America CORP,energy services of america,ESA,174282,1623.0,base
0001358190,"IT TECH PACKAGING, INC.",it tech packaging,ORPN,176867,2621.0,base
0001358633,SENTIENT BRANDS HOLDINGS INC.,sentient brands,,185663,2834.0,base
0001359841,Hanesbrands Inc.,hanesbrands,HBI,175319,2300.0,base
0001359931,"Protara Therapeutics, Inc.",protara therapeutics,,36044,2836.0,base
0001360214,"HARROW, INC.",harrow,IMMY,176636,2834.0,base
0001360442,"Dogecoin Cash, Inc.",dogecoin cash,USUN,18387,8090.0,base
0001360565,"Where Food Comes From, Inc.",where food comes from,,175908,8700.0,base
0001360604,Healthcare Realty Trust Inc,healthcare realty trust,,28322,6798.0,base
0001360901,Evercore Inc.,evercore,EVR,174744,6200.0,base
0001361113,VARONIS SYSTEMS INC,varonis systems,,19044,7372.0,base
0001361538,Primoris Services Corp,primoris services,,175686,1623.0,base
0001361658,Travel & Leisure Co.,travel leisure,WYN,174729,6531.0,base
0001362004,"ICF International, Inc.",icf international,ICFI,174637,8742.0,base
0001362190,AUDIOEYE INC,audioeye,,17754,7370.0,base
0001362468,Allegiant Travel CO,allegiant travel,ALGT,175007,4512.0,base
0001362988,Aircastle LTD,aircastle,AYR,175110,7359.0,base
0001363829,Enstar Group LTD,enstar,ESGR,176602,6331.0,base
0001364250,Douglas Emmett Inc,douglas emmett,DEI,175307,6798.0,base
0001364479,HERC HOLDINGS INC,herc,HTZ,26749,7350.0,base
0001364742,Blackrock Inc,blackrock,BLK,,6211.0,ticker_map
0001364885,"Spirit AeroSystems Holdings, Inc.",spirit aerosystems holdings,SPR,164494,3728.0,base
0001364954,"CHEGG, INC",chegg,CHGG,18556,7370.0,base
0001365135,Western Union CO,western union,WU,175263,6099.0,base
0001366561,SMARTSHEET INC,smartsheet,,33275,7370.0,crosswalk
0001366868,"Globalstar, Inc.",globalstar,GSAT,175523,4899.0,base
0001367083,"Sonoma Pharmaceuticals, Inc.",sonoma pharmaceuticals,OCLS,175424,2834.0,base
0001367644,Emergent BioSolutions Inc.,emergent biosolutions,EBS,176022,2836.0,base
0001367859,Citizens Community Bancorp Inc.,citizens community bancorp,CZWI,266160,6020.0,base
0001368265,Clean Energy Fuels Corp.,clean energy fuels,CLNE,176343,5500.0,base
0001368365,REMARK HOLDINGS INC,remark,HSWI,178494,7372.0,crosswalk
0001368458,"Sally Beauty Holdings, Inc.",sally beauty holdings,SBH,175900,5990.0,base
0001368514,"ADMA BIOLOGICS, INC.",adma biologics,,17653,2836.0,base
0001368622,AeroVironment Inc,aerovironment,AVAV,176362,3721.0,base
0001368757,"GTJ REIT, INC.",gtj reit,,,,base
0001369290,"MYOMO, INC.",myomo,,31805,3845.0,base
0001369568,"CATALYST PHARMACEUTICALS, INC.",catalyst pharmaceuticals,CPRX,175966,2836.0,base
0001370053,"ANAPTYSBIO, INC",anaptysbio,,26162,2836.0,base
0001370450,"Willdan Group, Inc.",willdan group,WLDN,175654,8711.0,base
0001370637,ETSY INC,etsy,,23238,7370.0,base
0001370755,BlackRock TCP Capital Corp.,blackrock tcp capital,TCPC,171023,6797.0,base
0001370946,Owens Corning,owens corning,OC,8214,3290.0,base
0001371128,"NewHydrogen, Inc.",newhydrogen,BSRC,176785,3569.0,base
0001371285,"TRUPANION, INC.",trupanion,,20935,6399.0,base
0001371451,HIGHWATER ETHANOL LLC,highwater ethanol,,184827,2860.0,base
0001371489,Information Services Group Inc.,information services,III,176251,7374.0,base
0001371782,MV Oil Trust,mv oil trust,MVO,176408,1311.0,base
0001372020,Great Lakes Dredge & Dock CORP,great lakes dredge dock,GLDD,148223,1600.0,base
0001372299,"Ocugen, Inc.",ocugen,,35712,2836.0,base
0001372514,KIORA PHARMACEUTICALS INC,kiora pharmaceuticals,,21282,2834.0,base
0001372612,BOX INC,box,,20088,7370.0,base
0001372807,Portman Ridge Finance Corp,portman ridge finance,KCAP,176256,6797.0,base
0001373670,"Green Brick Partners, Inc.",green brick partners,BIOF,22047,1531.0,base
0001373715,"ServiceNow, Inc.",servicenow,NOW,171007,7372.0,base
0001374310,"Cboe Global Markets, Inc.",cboe global markets,CBOE,184500,6200.0,base
0001374328,"FITLIFE BRANDS, INC.",fitlife brands,FTLF,178413,2834.0,base
0001374339,ProMIS Neurosciences Inc.,promis neurosciences,,,,base
0001374567,"Luvu Brands, Inc.",luvu brands,WSCU,,2510.0,base
0001374690,"Larimar Therapeutics, Inc.",larimar therapeutics,,36536,2836.0,base
0001375195,CORETEC GROUP INC (THE),coretec group inc the,TDCP,28554,3663.0,crosswalk
0001375205,UR-ENERGY INC,urenergy,URG,165637,1090.0,base
0001375365,"Super Micro Computer, Inc.",super micro computer,SMCI,,3571.0,base
0001375793,"Metalert, Inc.",metalert,GTXO,176893,3663.0,base
0001376139,CVR ENERGY INC,cvr energy,CVI,178672,2911.0,base
0001376227,"United States Natural Gas Fund, LP",united states natural gas fund lp,UNG,,6221.0,base
0001376231,"VPR Brands, LP.",vpr brands lp,,179141,3990.0,base
0001376321,ZW Data Action Technologies Inc.,zw data action technologies,CNET,183224,7310.0,base
0001376339,"MIMEDX GROUP, INC.",mimedx group,MDXG,178157,2836.0,base
0001376793,"Cavitation Technologies, Inc.",cavitation technologies,,177281,3559.0,base
0001376804,Tierra Grande Resources Inc,tierra grande resources,BUKX,,1000.0,ticker_map
0001376986,Tennessee Valley Authority,tennessee valley authority,,10447,4911.0,base
0001377121,"Protagonist Therapeutics, Inc",protagonist therapeutics,,27670,2836.0,base
0001377149,CareView Communications Inc,careview communications,CRVW,160367,7372.0,base
0001377630,"National CineMedia, Inc.",national cinemedia,NCMI,176523,7310.0,base
0001377789,"AVIAT NETWORKS, INC.",aviat networks,AVNW,176572,3663.0,base
0001377936,SARATOGA INVESTMENT CORP.,saratoga investment,GNV,176999,6797.0,base
0001378140,"Ocean Power Technologies, Inc.",ocean power technologies,OPTT,260737,3612.0,base
0001378590,"Bridgeline Digital, Inc.",bridgeline digital,BLIN,176768,7370.0,base
0001378950,"CarParts.com, Inc.",carpartscom,PRTS,176593,5961.0,base
0001378992,BERRY GLOBAL GROUP INC,berry global,BERY,180483,3080.0,crosswalk
0001379006,"NANOVIRICIDES, INC.",nanoviricides,NNVC,160997,2836.0,base
0001379041,"Employers Holdings, Inc.",employers holdings,EIG,176591,6331.0,base
0001379785,"Barings BDC, Inc.",barings bdc,TCAP,176725,6797.0,base
0001380106,"RAPID MICRO BIOSYSTEMS, INC.",rapid micro biosystems,,,,base
0001381197,"Interactive Brokers Group, Inc.",interactive brokers group,IBKR,176701,6211.0,base
0001381531,Domtar CORP,domtar,UFS,176760,2621.0,base
0001381668,TFS Financial CORP,tfs financial,TFSL,176766,6035.0,base
0001381871,BOWMO INC,bowmo,UHLN,184597,7361.0,crosswalk
0001382101,"SUTRO BIOPHARMA, INC.",sutro biopharma,,34065,2836.0,base
0001382230,"ESSA Bancorp, Inc.",essa bancorp,ESSA,176703,6036.0,base
0001382574,"Scienture Holdings, Inc.",scienture holdings,,179507,7370.0,base
0001382821,Redfin Corp,redfin,,32102,6531.0,base
0001383082,INVESCO DB AGRICULTURE FUND,invesco db agriculture fund,DAG,,6221.0,base
0001383088,CYTTA CORP.,cytta,CYTA,,7389.0,base
0001383312,"BROADRIDGE FINANCIAL SOLUTIONS, INC.",broadridge financial solutions,BR,176928,7373.0,base
0001383414,PENNANTPARK INVESTMENT CORP,pennantpark investment,PNNT,177216,6797.0,base
0001383650,"Cheniere Energy Partners, L.P.",cheniere energy partners lp,CQP,176914,5171.0,base
0001384101,"VERACYTE, INC.",veracyte,VCYT,18947,2835.0,base
0001384195,"RING ENERGY, INC.",ring energy,RNGE,176840,1311.0,base
0001384905,"RingCentral, Inc.",ringcentral,RNG,18630,7370.0,base
0001385157,TE Connectivity plc,te connectivity,TEL,177267,3678.0,base
0001385280,"Cinemark Holdings, Inc.",cinemark holdings,CNK,177108,7830.0,base
0001385613,"GREENLIGHT CAPITAL RE, LTD.",greenlight capital re,GLRE,176973,6331.0,base
0001385818,"AYTU BIOPHARMA, INC",aytu biopharma,,179461,2836.0,base
0001385849,ENERGY FUELS INC,energy fuels,,107712,1090.0,base
0001386278,GREEN DOT CORP,green dot,GDOT,184392,7389.0,base
0001386301,"Research Solutions, Inc.",research solutions,RSSS,180345,7389.0,base
0001386570,ChromaDex Corp.,chromadex,CDXC,177367,2833.0,base
0001387061,"Lightstone Value Plus REIT V, Inc.",lightstone value plus reit v,,36036,6798.0,base
0001387467,ALPHA & OMEGA SEMICONDUCTOR Ltd,alpha omega semiconductor,AOSL,184604,3674.0,base
0001388295,OneMeta Inc.,onemeta,,,,base
0001388320,"Actinium Pharmaceuticals, Inc.",actinium pharmaceuticals,ATNM,16947,2836.0,base
0001388658,"iRhythm Technologies, Inc.",irhythm technologies,,28367,3845.0,base
0001389002,MARIN SOFTWARE INC,marin software,MRIN,17376,7370.0,crosswalk
0001389050,"Archrock, Inc.",archrock,EXH,65009,3533.0,base
0001389122,Frontier Balanced Fund,frontier balanced fund,,,,base
0001389123,Frontier Heritage Fund,frontier heritage fund,,,,base
0001389125,Frontier Select Fund,frontier select fund,,,,base
0001389128,Frontier Long/Short Commodity Fund,frontier longshort commodity fund,,,,base
0001389170,Targa Resources Corp.,targa resources,TRGP,185532,4923.0,base
0001389518,CLUBHOUSE MEDIA GROUP INC,clubhouse media,,38367,7310.0,crosswalk
0001389545,"NovaBay Pharmaceuticals, Inc.",novabay pharmaceuticals,NBY,177228,2834.0,base
0001390478,"SELLAS Life Sciences Group, Inc.",sellas life sciences group,GALE,32901,2836.0,base
0001390777,Bank of New York Mellon Corp,bank of new york mellon,BK,2019,6020.0,base
0001391135,LFTD PARTNERS INC.,lftd partners,AQSP,189858,2833.0,base
0001391426,Clean Vision Corp,clean vision,CVPH,,8011.0,base
0001391933,"QUAINT OAK BANCORP, INC.",quaint oak bancorp,,177856,6036.0,base
0001392272,CHAIN BRIDGE BANCORP INC,chain bridge bancorp,,,,base
0001392380,"Gevo, Inc.",gevo,GEVO,186437,2860.0,base
0001392694,"SurgePays, Inc.",surgepays,MKED,33382,4812.0,base
0001392972,"PROS Holdings, Inc.",pros holdings,PRO,177744,7370.0,base
0001393052,VEEVA SYSTEMS INC,veeva systems,VEEV,18689,7370.0,base
0001393311,Public Storage,public storage,PSA,10096,6798.0,base
0001393434,"OCULAR THERAPEUTIX, INC",ocular therapeutix,,21015,2836.0,base
0001393584,American Well Corp,american well,,36950,7370.0,base
0001393612,Discover Financial Services,discover financial services,DFS,177376,6141.0,base
0001393726,TIPTREE INC.,tiptree,CVTR,177640,6331.0,base
0001393772,"WEED, INC.",weed,UNMN,183302,2834.0,base
0001393781,Quality Industrial Corp.,quality industrial,,37939,7370.0,base
0001393818,Blackstone Inc.,blackstone,BX,177088,6282.0,base
0001393883,"DHI GROUP, INC.",dhi group,DHX,177943,7370.0,base
0001394056,"ONE STOP SYSTEMS, INC.",one stop systems,,32851,3571.0,base
0001394108,SUIC Worldwide Holdings Ltd.,suic worldwide,AJGI,184388,7370.0,base
0001394319,TRACON PHARMACEUTICALS INC,tracon pharmaceuticals,,22697,2836.0,crosswalk
0001394638,"Driveitaway Holdings, Inc.",driveitaway holdings,,,,base
0001395937,Syndax Pharmaceuticals Inc,syndax pharmaceuticals,,20649,2836.0,base
0001395942,"OPENLANE, Inc.",openlane,KAR,183581,7389.0,base
0001396009,Vulcan Materials CO,vulcan materials,VMC,11228,1400.0,base
0001396033,LL FLOORING HOLDINGS INC,ll flooring,LL,178806,5211.0,crosswalk
0001396440,Main Street Capital CORP,main street capital,MAIN,178529,6797.0,base
0001396536,"DUOS TECHNOLOGIES GROUP, INC.",duos technologies group,IOSA,23607,7372.0,base
0001396814,"Pacira BioSciences, Inc.",pacira biosciences,PCRX,185836,2834.0,base
0001396878,"United States Gasoline Fund, LP",united states gasoline fund lp,UGA,,6221.0,base
0001397016,Optex Systems Holdings Inc,optex systems,OPXS,182986,3827.0,base
0001397047,FLEXSHOPPER INC,flexshopper,,178907,6159.0,crosswalk
0001397183,"Iveda Solutions, Inc.",iveda solutions,IVDA,,1531.0,base
0001397187,lululemon athletica inc.,lululemon athletica,LULU,178015,2300.0,base
0001397702,SILK ROAD MEDICAL INC,silk road medical,,34882,3845.0,crosswalk
0001397911,LPL Financial Holdings Inc.,lpl financial,LPLA,178519,6211.0,base
0001398659,Genpact LTD,genpact,G,177983,7374.0,base
0001398733,"Aquestive Therapeutics, Inc.",aquestive therapeutics,,33743,2834.0,base
0001398805,Beam Global,beam global,EVSI,184345,3690.0,base
0001398987,Anywhere Real Estate Inc.,anywhere real estate,RLGY,174022,6531.0,base
0001399306,BREWBILT BREWING CO,brewbilt brewing,GRPR,178643,2082.0,crosswalk
0001399520,"ONE Group Hospitality, Inc.",one group hospitality,STKS,18978,5812.0,base
0001400118,Sagimet Biosciences Inc.,sagimet biosciences,,,,base
0001400810,"HCI Group, Inc.",hci group,HCI,179974,6331.0,base
0001400891,"iHeartMedia, Inc.",iheartmedia,CCMOV,3105,4832.0,base
0001401040,DiaMedica Therapeutics Inc.,diamedica therapeutics,,176992,2836.0,base
0001401257,"FORUM ENERGY TECHNOLOGIES, INC.",forum energy technologies,FET,171059,3533.0,base
0001401521,AMERICAN COASTAL INSURANCE Corp,american coastal insurance,UIHC,178823,6331.0,base
0001401564,"First Financial Northwest, Inc.",first financial northwest,FFNW,178545,6020.0,base
0001401667,"PUMA BIOTECHNOLOGY, INC.",puma biotechnology,PBYI,170945,2836.0,base
0001401835,Star Gold Corp.,star gold,SRGZ,178251,1000.0,base
0001401914,"Dare Bioscience, Inc.",dare bioscience,,32233,2834.0,base
0001402057,CDW Corp,cdw,CDW,28320,5045.0,base
0001402328,Sunshine Biopharma Inc.,sunshine biopharma,MWBN,178118,2836.0,base
0001402436,SS&C Technologies Holdings Inc,ssc technologies,SSNC,62965,7370.0,base
0001402829,Orion Group Holdings Inc,orion,ORN,179132,1600.0,base
0001403161,VISA INC.,visa,V,179534,6099.0,base
0001403475,Bank of Marin Bancorp,bank of marin bancorp,BMRC,31764,6020.0,base
0001403528,"Brookfield Oaktree Holdings, LLC",brookfield oaktree holdings,OAK,187491,6282.0,base
0001403568,"Ulta Beauty, Inc.",ulta beauty,ULTA,178704,5990.0,base
0001403708,Evoke Pharma Inc,evoke pharma,EVOK,18173,2834.0,base
0001404281,"Eledon Pharmaceuticals, Inc.",eledon pharmaceuticals,,31301,2836.0,base
0001404644,Neurogene Inc.,neurogene,,19717,2836.0,base
0001404655,HUBSPOT INC,hubspot,,21847,7370.0,base
0001404804,Omnitek Engineering Corp,omnitek engineering,OMTK,178387,3714.0,base
0001404912,KKR & Co. Inc.,kkr,KKR,179741,6311.0,base
0001405495,"InterDigital, Inc.",interdigital,IDCC,6100,6794.0,base
0001405513,"United States 12 Month Natural Gas Fund, LP",united states 12 month natural gas fund lp,UNL,,6221.0,base
0001405528,"United States 12 Month Oil Fund, LP",united states 12 month oil fund lp,USL,,6221.0,base
0001406587,Forestar Group Inc.,forestar,,179077,6552.0,base
0001406666,"CALIX, INC",calix,CALX,183903,3661.0,base
0001407623,RETAIL OPPORTUNITY INVTS CP,retail opportunity invts cp,NAQ,178539,6798.0,crosswalk
0001407878,DIGITAL LOCATIONS INC,digital locations,,178222,4899.0,crosswalk
0001407973,"Sonendo, Inc.",sonendo,,,,base
0001408075,GRAPHIC PACKAGING HOLDING CO,graphic packaging,GPK,25389,2650.0,base
0001408100,"Kennedy-Wilson Holdings, Inc.",kennedywilson holdings,KW,25632,6510.0,base
0001408146,SCANDIUM INTL MINING CORP,scandium intl mining,EMC,179903,1090.0,crosswalk
0001408198,MSCI Inc.,msci,MSCI,178507,6282.0,base
0001408443,Milestone Pharmaceuticals Inc.,milestone pharmaceuticals,,35100,2834.0,base
0001408534,"First Guaranty Bancshares, Inc.",first guaranty bancshares,,108979,6020.0,base
0001408710,Fabrinet,fabrinet,FN,179583,3670.0,base
0001409171,Titan Machinery Inc.,titan machinery,TITN,178973,5080.0,base
0001409269,Venus Concept Inc.,venus concept,,35850,3845.0,base
0001409375,"ORION ENERGY SYSTEMS, INC.",orion energy systems,OESX,179058,3640.0,base
0001409493,CHIMERA INVESTMENT CORP,chimera investment,CIM,178862,6798.0,base
0001409970,LendingClub Corp,lendingclub,,19647,6141.0,base
0001410098,CorMedix Inc.,cormedix,CRMD,183945,2834.0,base
0001410384,"Q2 Holdings, Inc.",q2 holdings,,19877,7370.0,base
0001410428,"XWELL, Inc.",xwell,VRNG,12987,7990.0,base
0001410636,"American Water Works Company, Inc.",american water works company,AWK,179437,4941.0,base
0001410738,Voip-pal.com Inc,voippalcom,,125996,4899.0,base
0001411057,"Cannabis Bioscience International Holdings, Inc.",cannabis bioscience international holdings,,,,base
0001411207,Allison Transmission Holdings Inc,allison transmission,ALSN,177966,3714.0,base
0001411342,Ellington Financial Inc.,ellington financial,EFC,183902,6798.0,base
0001411579,"AMC ENTERTAINMENT HOLDINGS, INC.",amc entertainment holdings,AMC,177637,7830.0,base
0001411685,"Vistagen Therapeutics, Inc.",vistagen therapeutics,VSTA,187368,2836.0,base
0001411688,CONTAINER STORE GROUP,container store,TCS,18842,5700.0,crosswalk
0001411690,"Bionano Genomics, Inc.",bionano genomics,,33749,3841.0,base
0001411906,AMPIO PHARMACEUTICALS INC,ampio pharmaceuticals,AMPE,184465,2834.0,crosswalk
0001412100,"Maiden Holdings, Ltd.",maiden holdings,MHLD,,6331.0,base
0001412126,RemSleep Holdings Inc.,remsleep,BVIG,185068,3845.0,base
0001412408,"Phreesia, Inc.",phreesia,,35377,7370.0,base
0001412486,"Cocrystal Pharma, Inc.",cocrystal pharma,,19467,2834.0,base
0001412665,"MidWestOne Financial Group, Inc.",midwestone financial group,MOFG,65796,6020.0,base
0001413119,"Kraig Biocraft Laboratories, Inc",kraig biocraft laboratories,,179372,2820.0,base
0001413329,Philip Morris International Inc.,philip morris international,PM,179621,2111.0,base
0001413447,NXP Semiconductors N.V.,nxp semiconductors nv,,184725,3674.0,base
0001413754,"MARIZYME, INC.",marizyme,GBSX,184789,2836.0,base
0001413837,First Foundation Inc.,first foundation,,20677,6020.0,base
0001413891,"HIGH WIRE NETWORKS, INC.",high wire networks,MVTG,179184,7373.0,base
0001413898,DallasNews Corp,dallasnews,AHC,179288,2711.0,base
0001414475,"Western Midstream Operating, LP",western midstream operating lp,WES,179831,1311.0,base
0001414767,Netcapital Inc.,netcapital,,38720,6211.0,base
0001414932,Oaktree Specialty Lending Corp,oaktree specialty lending,FSC,180193,6797.0,base
0001414953,EQUATOR Beverage Co,equator beverage,,187348,2086.0,base
0001415332,Lithium Corp,lithium,LTUM,180301,1400.0,base
0001415404,EchoStar CORP,echostar,SATS,179202,4899.0,base
0001415744,NORTHERN MINERALS & EXPLORATION LTD.,northern minerals exploration,,179750,1311.0,base
0001415813,Un Monde International Ltd.,un monde international,,,,base
0001416090,BLUSKY AI INC.,blusky ai,,26333,1040.0,base
0001416265,"PROSPER MARKETPLACE, INC",prosper marketplace,,21874,6199.0,base
0001416697,"Blue Line Protection Group, Inc.",blue line protection group,EGRV,180749,7381.0,base
0001417398,"Hillenbrand, Inc.",hillenbrand,HI,179657,3530.0,base
0001417663,"SANUWAVE Health, Inc.",sanuwave health,SNWV,181070,3845.0,base
0001417664,Sino Payments Inc,sino payments,SNPY,,8742.0,ticker_map
0001417892,Emeren Group Ltd,emeren,,,,base
0001417926,"INVO Fertility, Inc.",invo fertility,,180250,3841.0,base
0001418076,SLR Investment Corp.,slr investment,SLRC,184287,6797.0,base
0001418121,"Apple Hospitality REIT, Inc.",apple hospitality reit,,23977,6798.0,base
0001418135,Keurig Dr Pepper Inc.,keurig dr pepper,DPS,28877,2080.0,base
0001418819,Iridium Communications Inc.,iridium communications,IRDM,183640,4899.0,base
0001419041,"Forte Biosciences, Inc.",forte biosciences,,36609,2836.0,base
0001419051,THERAPEUTIC SOLUTIONS INTL,therapeutic solutions intl,TSOI,186871,2834.0,crosswalk
0001419275,RYVYL Inc.,ryvyl,,37212,7374.0,base
0001419536,Capital Bancorp Inc,capital bancorp,,34189,6020.0,base
0001419554,Bone Biologics Corp,bone biologics,,26579,2836.0,base
0001419612,"SOLAREDGE TECHNOLOGIES, INC.",solaredge technologies,,23119,3674.0,base
0001419793,"ORIGINCLEAR, INC.",originclear,,179866,2990.0,base
0001419806,RARE ELEMENT RESOURCES LTD,rare element resources,REE,155225,1090.0,base
0001419951,Data Storage Corp,data storage,DTST,179363,7370.0,base
0001420520,Atomera Inc,atomera,,27737,3674.0,base
0001420565,"Rein Therapeutics, Inc.",rein therapeutics,,31656,2836.0,base
0001420720,"iBio, Inc.",ibio,IBIO,180683,2836.0,base
0001420800,Enovis CORP,enovis,CFX,179577,3842.0,base
0001420924,"Adapti, Inc.",adapti,,,,base
0001421461,"Intrepid Potash, Inc.",intrepid potash,IPI,179843,1400.0,base
0001421517,"Energy Recovery, Inc.",energy recovery,ERII,179738,3559.0,base
0001421636,C-BOND SYSTEMS INC,cbond systems,WETM,33503,6799.0,crosswalk
0001422142,"Whitehawk Therapeutics, Inc.",whitehawk therapeutics,,39527,2836.0,base
0001422143,"Kura Oncology, Inc.",kura oncology,,26081,2836.0,base
0001422183,FS KKR Capital Corp,fs kkr capital,,20105,6797.0,base
0001422892,Singularity Future Technology Ltd.,singularity future technology,SINO,,4731.0,base
0001422930,"PubMatic, Inc.",pubmatic,,37510,7370.0,base
0001423221,Quanex Building Products CORP,quanex building products,NX,179819,3442.0,base
0001423689,AGNC Investment Corp.,agnc investment,AGNC,179889,6798.0,base
0001423774,ZUORA INC,zuora,,33232,7370.0,crosswalk
0001423869,PCB BANCORP,pcb bancorp,,157498,6020.0,base
0001423902,"Western Midstream Partners, LP",western midstream partners lp,WGP,16225,4922.0,base
0001424182,"Broadstone Net Lease, Inc.",broadstone net lease,,36967,6798.0,base
0001424404,WOLVERINE RESOURCES CORP,wolverine resources,WOLV,182900,1000.0,crosswalk
0001424657,Cuentas Inc.,cuentas,LNWZ,18885,4812.0,base
0001424768,VYCOR MEDICAL INC,vycor medical,VYCO,182610,3842.0,base
0001424864,Rise Gold Corp.,rise gold,AARI,180574,1000.0,base
0001424929,FOX FACTORY HOLDING CORP,fox factory,FOXF,18320,3751.0,base
0001425205,"IOVANCE BIOTHERAPEUTICS, INC.",iovance biotherapeutics,LBIO,180057,2836.0,base
0001425287,Workhorse Group Inc.,workhorse,AMPD,184957,3711.0,base
0001425292,"CVR PARTNERS, LP",cvr partners lp,UAN,186139,2870.0,base
0001425355,"Mill City Ventures III, Ltd",mill city ventures iii,MCVT,182501,6153.0,base
0001425450,ORTHOPEDIATRICS CORP,orthopediatrics,,27555,3842.0,base
0001425627,"SOBR Safe, Inc.",sobr safe,,36649,3829.0,base
0001426332,NGM BIOPHARMACEUTICAL INC,ngm biopharmaceutical,,34221,2836.0,crosswalk
0001426800,"ASSEMBLY BIOSCIENCES, INC.",assembly biosciences,VTUS,185289,2836.0,base
0001427437,"ENTERGY TEXAS, INC.",entergy texas,,179236,4911.0,base
0001427570,ReShape Lifesciences Inc.,reshape lifesciences,,178847,3845.0,base
0001427925,"TALPHERA, INC.",talphera,ACRX,185908,2834.0,base
0001428205,"Armour Residential REIT, Inc.",armour residential reit,ARR,183822,6798.0,base
0001428336,"HEALTHEQUITY, INC.",healthequity,,20823,6324.0,base
0001428439,"ROKU, INC",roku,,32382,4841.0,base
0001429260,"Fortress Biotech, Inc.",fortress biotech,CNDO,196269,2836.0,base
0001429393,"Trutankless, Inc.",trutankless,BOLC,187350,3630.0,base
0001429560,TREVENA INC,trevena,TRVN,18925,2836.0,crosswalk
0001429764,Blink Charging Co.,blink charging,CCGI,184049,3714.0,base
0001430300,GLOBAL WARMING SOLUTIONS INC,global warming solutions,,163618,8700.0,crosswalk
0001430306,Tonix Pharmaceuticals Holding Corp.,tonix pharmaceuticals,TAEI,190856,2836.0,base
0001430723,"ServisFirst Bancshares, Inc.",servisfirst bancshares,,16549,6020.0,base
0001431074,BERGIO INTERNATIONAL INC,bergio international,BRGO,183831,3910.0,crosswalk
0001431567,Oak Valley Bancorp,oak valley bancorp,OVLY,66158,6020.0,base
0001431695,Olo Inc.,olo,,,,base
0001431959,META MATERIALS INC,meta materials,TRCH,39108,3679.0,crosswalk
0001432133,KALTURA INC,kaltura,,,,base
0001433195,APPFOLIO INC,appfolio,,24071,7370.0,base
0001433270,ANTERO RESOURCES Corp,antero resources,AR,18465,1311.0,base
0001433607,"InspireMD, Inc.",inspiremd,NSPR,186953,3845.0,base
0001433642,Hamilton Lane INC,hamilton lane,,30076,6282.0,base
0001433660,JBT Marel Corp,jbt marel,JBT,180466,3550.0,base
0001434316,FATE THERAPEUTICS INC,fate therapeutics,FATE,18562,2836.0,base
0001434524,ClearSign Technologies Corp,clearsign technologies,CLIR,171155,3823.0,base
0001434588,"Grand Canyon Education, Inc.",grand canyon education,LOPE,180083,8200.0,base
0001434621,"LendingTree, Inc.",lendingtree,TREE,180423,6163.0,base
0001434647,"ZEVRA THERAPEUTICS, INC.",zevra therapeutics,,23339,2834.0,base
0001434728,"Global Water Resources, Inc.",global water resources,,186169,4941.0,base
0001434737,SPIRITS TIME INTERNATION INC,spirits time internation,,34352,5180.0,crosswalk
0001434868,"Esperion Therapeutics, Inc.",esperion therapeutics,ESPR,18162,2834.0,base
0001435064,CEMTREX INC,cemtrex,CTEI,114203,3829.0,base
0001435508,"First Savings Financial Group, Inc.",first savings financial group,FSFG,180958,6020.0,base
0001436126,"Mistras Group, Inc.",mistras group,MG,180229,8711.0,base
0001436208,Legacy Housing Corp,legacy housing,,33733,2451.0,base
0001436229,BTCS Inc.,btcs,,19767,7370.0,base
0001436425,"HOME BANCORP, INC.",home bancorp,HBCP,180183,6035.0,base
0001436975,"Lightstone Value Plus REIT II, Inc.",lightstone value plus reit ii,,21224,6798.0,base
0001437071,Invesco Mortgage Capital Inc.,invesco mortgage capital,IVR,180228,6798.0,base
0001437107,"Warner Bros. Discovery, Inc.",warner bros discovery,DISCA,164296,4841.0,base
0001437226,"Mastech Digital, Inc.",mastech digital,MHH,180822,7361.0,base
0001437283,"REGO PAYMENT ARCHITECTURES, INC.",rego payment architectures,VPIG,181309,7374.0,base
0001437352,EVERBRIDGE INC,everbridge,,27874,7370.0,crosswalk
0001437402,"ARDELYX, INC.",ardelyx,,20645,2836.0,base
0001437479,ENB Financial Corp,enb financial,ENBP,18008,6020.0,base
0001437491,RISKON INTERNATIONAL INC,riskon international,,27086,7389.0,crosswalk
0001437517,"CYBERLOQ TECHNOLOGIES, INC.",cyberloq technologies,ACTC,9099,7372.0,base
0001437578,BRIGHT HORIZONS FAMILY SOLUTIONS INC.,bright horizons family solutions,BFAM,65275,8351.0,base
0001437750,T-REX Acquisition Corp.,trex acquisition,SYNW,,7389.0,base
0001437925,"Golden Matrix Group, Inc.",golden matrix group,,,,base
0001437958,COASTAL FINANCIAL CORP,coastal financial,,33695,6020.0,base
0001438133,TANDEM DIABETES CARE INC,tandem diabetes care,TNDM,18899,3845.0,base
0001438231,Digimarc CORP,digimarc,DMRC,181290,7370.0,base
0001438423,EVERSPIN TECHNOLOGIES INC.,everspin technologies,,28087,3674.0,base
0001438461,Yinfu Gold Corp.,yinfu gold,ELRE,22371,7370.0,base
0001438533,"Travere Therapeutics, Inc.",travere therapeutics,RTRX,16848,2836.0,base
0001439095,MRC GLOBAL INC.,mrc global,MRC,180016,5051.0,base
0001439222,"AGIOS PHARMACEUTICALS, INC.",agios pharmaceuticals,AGIO,18159,2836.0,base
0001439264,Marvion Inc.,marvion,,,,base
0001439288,Zurn Elkay Water Solutions Corp,zurn elkay water solutions,RXN,,3560.0,base
0001439725,BIODESIX INC,biodesix,,37134,8071.0,base
0001440799,MMEX Resources Corp,mmex resources,QTUM,181800,2911.0,base
0001441236,Clearwater Paper Corp,clearwater paper,CLW,181931,2631.0,base
0001441683,APPIAN CORP,appian,,31236,7370.0,base
0001441816,"MongoDB, Inc.",mongodb,,32526,7370.0,base
0001442145,"Verisk Analytics, Inc.",verisk analytics,VRSK,180652,8742.0,base
0001442236,Quest Resource Holding Corp,quest resource,IRHC,16015,4950.0,base
0001442492,"Laredo Oil, Inc.",laredo oil,,183296,1382.0,base
0001442836,"Mersana Therapeutics, Inc.",mersana therapeutics,,31628,2836.0,base
0001442999,ALTEROLA BIOTECH INC,alterola biotech,,39040,2834.0,crosswalk
0001443611,SinglePoint Inc.,singlepoint,,36392,9997.0,base
0001443646,Booz Allen Hamilton Holding Corp,booz allen hamilton,BAH,185881,7370.0,base
0001443669,Proto Labs Inc,proto labs,PRLB,187696,3559.0,base
0001443863,BioCorRx Inc.,biocorrx,CEYY,195356,8093.0,base
0001444192,"Grace Therapeutics, Inc.",grace therapeutics,,186834,2833.0,base
0001444380,NEVRO CORP,nevro,,21916,3845.0,base
0001444839,Bravo Multinational Inc.,bravo multinational,GCHO,,1040.0,base
0001445283,"KINETA, INC./DE",kineta incde,,37588,2836.0,base
0001445305,WORKIVA INC,workiva,,22000,7370.0,base
0001445815,"BIOXYTRAN, INC",bioxytran,ADRV,34810,2836.0,base
0001445942,Texas Mineral Resources Corp.,texas mineral resources,TRER,30572,1090.0,base
0001446159,Predictive Oncology Inc.,predictive oncology,SKLN,183860,3841.0,base
0001446847,IRONWOOD PHARMACEUTICALS INC,ironwood pharmaceuticals,IRWD,184256,2834.0,base
0001447028,Arbutus Biopharma Corp,arbutus biopharma,,62475,2836.0,base
0001447051,Territorial Bancorp Inc.,territorial bancorp,TBNK,183247,6036.0,base
0001447362,CASTLE BIOSCIENCES INC,castle biosciences,,35396,8071.0,base
0001447380,MOBIVITY HOLDINGS CORP.,mobivity,MFON,183964,7372.0,base
0001447669,TWILIO INC,twilio,,27364,7370.0,base
0001448431,OptimizeRx Corp,optimizerx,OPRX,23464,7370.0,base
0001448597,AUGUSTA GOLD CORP.,augusta gold,BFGC,186410,1000.0,base
0001448705,"BASANITE, INC.",basanite,MMAX,186727,2820.0,base
0001448893,Essent Group Ltd.,essent,ESNT,18745,6351.0,base
0001449349,VIVOS INC,vivos,ADMD,109822,2835.0,base
0001449488,CSI COMPRESSCO LP,csi compressco lp,GSJK,181745,1382.0,crosswalk
0001449792,"PIONEER POWER SOLUTIONS, INC.",pioneer power solutions,PPSI,184133,3612.0,base
0001449794,"Embassy Bancorp, Inc.",embassy bancorp,EMYB,185168,6020.0,base
0001450720,Frontier Diversified Fund,frontier diversified fund,,,,base
0001450722,Frontier Masters Fund,frontier masters fund,,,,base
0001451505,Transocean Ltd.,transocean,RIG,28338,1381.0,base
0001451809,SITIME Corp,sitime,,35794,3674.0,base
0001452857,STEEL PARTNERS HOLDINGS L.P.,steel partners holdings lp,SPNHU,186823,9997.0,base
0001452936,"Pacific Oak Strategic Opportunity REIT, Inc.",pacific oak strategic opportunity reit,,36221,6798.0,base
0001453593,"Xtant Medical Holdings, Inc.",xtant medical holdings,BONE,185193,3842.0,base
0001453687,"Cartesian Therapeutics, Inc.",cartesian therapeutics,,27354,2836.0,base
0001454742,"GOOD GAMING, INC.",good gaming,HDSI,183615,7370.0,base
0001454789,"Astria Therapeutics, Inc.",astria therapeutics,,23980,2836.0,base
0001454938,Outbrain Inc.,outbrain,,,,base
0001455684,"TPI COMPOSITES, INC",tpi composites,,27574,3510.0,base
0001455863,AMERICOLD REALTY TRUST,americold realty trust,,32980,6798.0,base
0001456189,Leatt Corp,leatt,LEAT,164276,3949.0,base
0001456772,OFFICE PROPERTIES INCOME TRUST,office properties income trust,GOV,182701,6798.0,base
0001458412,CROSSFIRST BANKSHARES INC,crossfirst bankshares,,35455,6020.0,crosswalk
0001459200,"Alarm.com Holdings, Inc.",alarmcom holdings,,24135,7370.0,base
0001459417,2U INC,2u,,19881,8200.0,crosswalk
0001459839,"SI-BONE, Inc.",sibone,,34193,3842.0,base
0001460329,"Fluent, Inc.",fluent,IDI,183799,8742.0,base
0001460602,ORGENESIS INC,orgenesis,BOUT,183729,2836.0,crosswalk
0001461219,GRAHAM ALTERNATIVE INVESTMENT FUND I LLC,graham alternative investment fund i,,,,base
0001461237,GRAHAM ALTERNATIVE INVESTMENT FUND II LLC,graham alternative investment fund ii,,,,base
0001462056,"Backblaze, Inc.",backblaze,,,,base
0001462120,"Live Oak Bancshares, Inc.",live oak bancshares,,20299,6020.0,base
0001462223,"Nixxy, Inc.",nixxy,TRLI,35345,7370.0,base
0001462418,ALTISOURCE PORTFOLIO SOLUTIONS S.A.,altisource portfolio solutions sa,ASPS,183312,6531.0,base
0001463101,"Enphase Energy, Inc.",enphase energy,ENPH,187450,3674.0,base
0001463208,"Transportation & Logistics Systems, Inc.",transportation logistics systems,LRNC,185950,4731.0,base
0001463361,"Unity Biotechnology, Inc.",unity biotechnology,,33317,2836.0,base
0001463913,US Alliance Corp,us alliance,,,,base
0001463972,Vuzix Corp,vuzix,VUZI,184113,3827.0,base
0001464343,Atlanticus Holdings Corp,atlanticus,ATLC,119714,6141.0,base
0001464423,PennyMac Mortgage Investment Trust,pennymac mortgage investment trust,PMT,183324,6798.0,base
0001464790,"B. Riley Financial, Inc.",b riley financial,GAMR,178073,6211.0,base
0001464865,ACCREDITED SOLUTIONS INC,accredited solutions,LSTG,185312,2086.0,crosswalk
0001465128,"STARWOOD PROPERTY TRUST, INC.",starwood property trust,STWD,183388,6798.0,base
0001465470,NaturalShrimp Inc,naturalshrimp,,23082,200.0,base
0001465740,TWO HARBORS INVESTMENT CORP.,two harbors investment,TWO,183780,6798.0,base
0001466026,"Midland States Bancorp, Inc.",midland states bancorp,,187236,6020.0,base
0001466085,"INDEPENDENCE REALTY TRUST, INC.",independence realty trust,IRT,18494,6798.0,base
0001466258,Trane Technologies plc,trane technologies,IR,5959,3585.0,base
0001466593,Otter Tail Corp,otter tail,OTTR,8199,4911.0,base
0001467373,Accenture plc,accenture,ACN,143357,8742.0,base
0001467623,"DROPBOX, INC.",dropbox,,33152,7370.0,base
0001467760,"Apollo Commercial Real Estate Finance, Inc.",apollo commercial real estate finance,ARI,183606,6798.0,base
0001467761,"FiEE, Inc.",fiee,ZMTP,183666,3661.0,base
0001467858,General Motors Co,general motors,GM,5073,3711.0,base
0001468174,Hyatt Hotels Corp,hyatt hotels,H,183366,7011.0,base
0001468327,"Rent the Runway, Inc.",rent the runway,,,,base
0001468328,Addus HomeCare Corp,addus homecare,ADUS,183283,8082.0,base
0001468492,HeartSciences Inc.,heartsciences,,,,base
0001468639,VICAPSYS LIFE SCIENCES INC,vicapsys life sciences,SSGI,32999,2836.0,crosswalk
0001468666,SECUREWORKS CORP,secureworks,,26677,7372.0,crosswalk
0001468748,Kodiak Sciences Inc.,kodiak sciences,,34118,2836.0,base
0001468910,Millburn Multi-Markets Fund L.P.,millburn multimarkets fund lp,,,,base
0001468929,"NEXGEL, INC.",nexgel,,34624,3842.0,base
0001469367,Sunrun Inc.,sunrun,,24905,3620.0,base
0001469443,"Arcadia Biosciences, Inc.",arcadia biosciences,,23098,100.0,base
0001471265,"Northwest Bancshares, Inc.",northwest bancshares,NWBI,30932,6036.0,base
0001471727,"SRx Health Solutions, Inc.",srx health solutions,,184548,2040.0,base
0001471781,GBT Technologies Inc.,gbt technologies,,185115,6200.0,base
0001471824,Teucrium Commodity Trust,teucrium commodity trust,TAGS,,6221.0,base
0001472012,Immunome Inc.,immunome,,37035,2836.0,base
0001472091,PDS Biotechnology Corp,pds biotechnology,,34942,2836.0,base
0001472494,"United States Brent Oil Fund, LP",united states brent oil fund lp,BNO,,6221.0,base
0001472787,First American Financial Corp,first american financial,FAF,184899,6361.0,base
0001473334,"Nova Lifestyle, Inc.",nova lifestyle,STVS,184585,2510.0,base
0001473490,"Global AI, Inc.",global ai,MYCG,,5960.0,base
0001473844,"Stellar Bancorp, Inc.",stellar bancorp,,26270,6020.0,base
0001474098,Pebblebrook Hotel Trust,pebblebrook hotel trust,PEB,183830,6798.0,base
0001474167,Cosmos Health Inc.,cosmos health,PMLT,18874,5122.0,base
0001474432,"Pure Storage, Inc.",pure storage,,25756,3572.0,base
0001474464,New York REIT Liquidating LLC,new york reit liquidating,,20280,6798.0,base
0001474735,GENERAC HOLDINGS INC.,generac,GNRC,183736,3621.0,base
0001474903,"BGSF, INC.",bgsf,,20044,7363.0,base
0001475115,"Eventbrite, Inc.",eventbrite,,34076,7370.0,base
0001475841,National Bank Holdings Corp,national bank,NBHC,190963,6020.0,base
0001475922,"Primerica, Inc.",primerica,PRI,1414,6311.0,base
0001476034,Metropolitan Bank Holding Corp.,metropolitan bank,,32519,6020.0,base
0001476045,Chatham Lodging Trust,chatham lodging trust,CLDT,184688,6798.0,base
0001476150,Terreno Realty Corp,terreno realty,TRNO,183833,6798.0,base
0001476204,"Phillips Edison & Company, Inc.",phillips edison company,,26839,6798.0,base
0001476765,"GOLUB CAPITAL BDC, Inc.",golub capital bdc,GBDC,184689,6797.0,base
0001476840,"Expensify, Inc.",expensify,,,,base
0001476963,"Scorpius Holdings, Inc.",scorpius holdings,HTBX,17910,2836.0,base
0001477009,TREES CORP,trees,PMAP,18616,5990.0,crosswalk
0001477246,S&W SEED CO,sw seed,SANW,184259,100.0,crosswalk
0001477294,Sensata Technologies Holding plc,sensata technologies,ST,183942,3823.0,base
0001477333,"Cloudflare, Inc.",cloudflare,,35604,7370.0,base
0001477449,"Teladoc Health, Inc.",teladoc health,,24249,8090.0,base
0001477720,"Asana, Inc.",asana,,36964,7370.0,base
0001477815,"Sweetgreen, Inc.",sweetgreen,,,,base
0001477845,"Annovis Bio, Inc.",annovis bio,,35416,2836.0,base
0001477960,Catalyst Crew Technologies Corp.,catalyst crew technologies,,,,base
0001478242,IQVIA HOLDINGS INC.,iqvia,Q,17928,8731.0,base
0001478320,Adaptive Biotechnologies Corp,adaptive biotechnologies,,35279,2835.0,base
0001478454,"Eagle Bancorp Montana, Inc.",eagle bancorp montana,EBMT,133764,6020.0,base
0001479094,"STAG Industrial, Inc.",stag industrial,STAG,185339,6798.0,base
0001479247,United States Commodity Index Funds Trust,united states commodity index funds trust,USMI,,6221.0,base
0001479290,REVANCE THERAPEUTICS INC,revance therapeutics,,19471,2836.0,crosswalk
0001479419,"KALA BIO, Inc.",kala bio,,32018,2836.0,base
0001479615,Silence Therapeutics plc,silence therapeutics,,,,base
0001479681,"Nutex Health, Inc.",nutex health,,35824,8060.0,base
0001481028,"SUNHYDROGEN, INC.",sunhydrogen,HYSR,184962,3674.0,base
0001481504,"XERIANT, INC.",xeriant,BANJ,36803,3721.0,base
0001481582,Ryerson Holding Corp,ryerson,,5968,5051.0,base
0001481646,ACCOLADE INC,accolade,,36263,8090.0,crosswalk
0001481792,"Quad/Graphics, Inc.",quadgraphics,QUAD,184748,2750.0,base
0001482430,"KBS Real Estate Investment Trust III, Inc.",kbs real estate investment trust iii,,22560,6798.0,base
0001482512,"Hudson Pacific Properties, Inc.",hudson pacific properties,HPP,185018,6798.0,base
0001482541,CEA Industries Inc.,cea industries,SRNA,186779,3523.0,base
0001482554,"Hartford Creative Group, Inc.",hartford creative group,,194557,7011.0,base
0001482981,"Vita Coco Company, Inc.",vita coco company,,,,base
0001483510,EXPRESS INC,express,EXPR,184323,5600.0,crosswalk
0001483646,"BLACKSTAR ENTERPRISE GROUP, INC.",blackstar enterprise group,,66175,6159.0,base
0001484565,SOLENO THERAPEUTICS INC,soleno therapeutics,,20898,2836.0,base
0001484612,"Outset Medical, Inc.",outset medical,,36885,3845.0,base
0001484769,fuboTV Inc. /FL,fubotv inc fl,,17001,7370.0,base
0001484778,ThredUp Inc.,thredup,,,,base
0001485003,Carisma Therapeutics Inc.,carisma therapeutics,,19458,2836.0,base
0001485029,NEW ASIA HOLDINGS INC,new asia,,177615,7370.0,crosswalk
0001486159,Chord Energy Corp,chord energy,OAS,184442,1311.0,base
0001486957,"BWX Technologies, Inc.",bwx technologies,BWC,185229,3559.0,base
0001487197,BARFRESH FOOD GROUP INC.,barfresh food,BRFH,170535,2030.0,base
0001487428,Horizon Technology Finance Corp,horizon technology finance,HRZN,185821,6797.0,base
0001487712,AIR LEASE CORP,air lease,AL,186278,7359.0,base
0001487718,"AMERICAN BATTERY MATERIALS, INC.",american battery materials,,19533,1400.0,base
0001487798,ECA Marcellus Trust I,eca marcellus trust i,ECT,184602,1311.0,base
0001487918,OFS Capital Corp,ofs capital,OFS,16149,6797.0,base
0001487952,"Vishay Precision Group, Inc.",vishay precision group,VPG,185138,3674.0,base
0001488039,"ATOSSA THERAPEUTICS, INC.",atossa therapeutics,ATOS,185659,2836.0,base
0001488139,"Ameresco, Inc.",ameresco,AMRC,185128,1600.0,base
0001488813,"Customers Bancorp, Inc.",customers bancorp,CUBI,170396,6020.0,base
0001488917,"Electromed, Inc.",electromed,ELMD,185125,3845.0,base
0001489096,"Thermon Group Holdings, Inc.",thermon group holdings,THR,186360,3690.0,base
0001489393,LyondellBasell Industries N.V.,lyondellbasell industries nv,LYB,294524,2820.0,base
0001489874,Golden Growers Cooperative,golden growers cooperative,,20658,700.0,base
0001490161,Sow Good Inc.,sow good,ANFC,185181,2030.0,base
0001490281,"Groupon, Inc.",groupon,GRPN,187363,5960.0,base
0001490349,PhenixFIN Corp,phenixfin,MCC,186279,6797.0,base
0001490873,"ECO SCIENCE SOLUTIONS, INC.",eco science solutions,,,,base
0001490906,"Capitol Federal Financial, Inc.",capitol federal financial,CFFN,119414,6035.0,base
0001490978,"Schrodinger, Inc.",schrodinger,,36051,7372.0,base
0001491419,"LiveOne, Inc.",liveone,,187122,7370.0,base
0001492298,"Sabra Health Care REIT, Inc.",sabra health care reit,SBRA,185618,6798.0,base
0001492422,"Apellis Pharmaceuticals, Inc.",apellis pharmaceuticals,,26359,2836.0,base
0001492674,T2 BIOSYSTEMS INC,t2 biosystems,,21033,2835.0,crosswalk
0001492691,Knight-Swift Transportation Holdings Inc.,knightswift transportation,SWFT,30861,4213.0,base
0001493137,"Lifeloc Technologies, Inc",lifeloc technologies,,187411,3845.0,base
0001493225,"Northfield Bancorp, Inc.",northfield bancorp,NFBK,178834,6035.0,base
0001493594,"MACOM Technology Solutions Holdings, Inc.",macom technology solutions holdings,MTSI,187740,3674.0,base
0001493761,Turtle Beach Corp,turtle beach,PAMT,19602,3577.0,base
0001493976,"Kilroy Realty, L.P.",kilroy realty lp,KRLP,,6798.0,base
0001494259,"CarGurus, Inc.",cargurus,,32541,7370.0,base
0001494413,Two Hands Corp,two hands,,186464,7372.0,base
0001494582,BOSTON OMAHA Corp,boston omaha,,27977,7310.0,base
0001494650,"OptiNose, Inc.",optinose,,32451,2834.0,base
0001494877,"DIGITAL REALTY TRUST, L.P.",digital realty trust lp,,,,base
0001494891,"Sensus Healthcare, Inc.",sensus healthcare,,26908,3845.0,base
0001494904,"Global Indemnity Group, LLC",global indemnity group,GBLI,156384,6331.0,base
0001495231,"IZEA Worldwide, Inc.",izea worldwide,,187357,7370.0,base
0001495240,GLADSTONE LAND Corp,gladstone land,LAND,12081,6798.0,base
0001495320,"Vera Bradley, Inc.",vera bradley,VRA,185195,3100.0,base
0001495584,"Firsthand Technology Value Fund, Inc.",firsthand technology value fund,SVVC,186990,6797.0,base
0001495648,Blackwell 3D Construction Corp.,blackwell 3d construction,BFSO,,1311.0,base
0001495932,"eXp World Holdings, Inc.",exp world holdings,DSETD,18875,6531.0,base
0001496099,New Mountain Finance Corp,new mountain finance,NMFC,185585,6797.0,base
0001496323,"IGM Biosciences, Inc.",igm biosciences,,35639,2836.0,base
0001496443,"Paysign, Inc.",paysign,TPNL,105394,7389.0,base
0001496454,"CNL Healthcare Properties, Inc.",cnl healthcare properties,,22997,6798.0,base
0001496690,"BlueOne Card, Inc.",blueone card,ANSH,185891,7389.0,base
0001497230,"SMC Entertainment, Inc.",smc entertainment,,,,base
0001497253,"VivoSim Labs, INC.",vivosim labs,ONVO,170730,2836.0,base
0001497645,"Summit Hotel Properties, Inc.",summit hotel properties,INN,185396,6798.0,base
0001497649,Graphene & Solar Technologies Ltd,graphene solar technologies,VNGE,33103,1400.0,base
0001497770,"Walker & Dunlop, Inc.",walker dunlop,WD,185370,6162.0,base
0001498067,"CITRINE GLOBAL, CORP.",citrine global,BRDT,,7372.0,base
0001498148,Artificial Intelligence Technology Solutions Inc.,artificial intelligence technology solutions,,34036,7359.0,base
0001498382,"TuHURA Biosciences, Inc./NV",tuhura biosciences incnv,DMPI,17175,2836.0,base
0001498547,"CIM REAL ESTATE FINANCE TRUST, INC.",cim real estate finance trust,,18103,6798.0,base
0001498710,"Spirit Airlines, Inc.",spirit airlines,SAVE,185624,4512.0,base
0001498828,Howard Hughes Corp,howard hughes,HHC,,6798.0,base
0001499275,SANTO MINING CORP.,santo mining,SANP,,1000.0,base
0001499422,RBB Bancorp,rbb bancorp,,12035,6020.0,base
0001499717,STAFFING 360 SOLUTIONS INC,staffing 360 solutions,STAF,190572,7363.0,crosswalk
0001499832,"Townsquare Media, Inc.",townsquare media,,111974,4832.0,base
0001499961,MULLEN AUTOMOTIVE INC.,mullen automotive,NETE,40116,3711.0,base
0001500198,NEUROONE MEDICAL TECHNOLOGIES Corp,neuroone medical technologies,OSEO,32247,3845.0,base
0001500217,"American Assets Trust, Inc.",american assets trust,AAT,185549,6798.0,base
0001500305,SUSTAINABLE PROJS GROUP INC,sustainable projs,,19032,2810.0,crosswalk
0001500375,"Home Federal Bancorp, Inc. of Louisiana",home federal bancorp inc of louisiana,HFBL,162825,6035.0,base
0001500435,"GoPro, Inc.",gopro,,20644,3861.0,base
0001500881,enCore Energy Corp.,encore energy,,,,base
0001501570,"Veritex Holdings, Inc.",veritex holdings,,21633,6020.0,base
0001501585,"HUNTINGTON INGALLS INDUSTRIES, INC.",huntington ingalls industries,HII,186310,3730.0,base
0001501697,"X4 Pharmaceuticals, Inc",x4 pharmaceuticals,,34929,2836.0,base
0001501729,FS Specialty Lending Fund,fs specialty lending fund,,,,base
0001501756,"Adverum Biotechnologies, Inc.",adverum biotechnologies,,21020,2836.0,base
0001501796,"Aura Biosciences, Inc.",aura biosciences,,,,base
0001501989,"CytomX Therapeutics, Inc.",cytomx therapeutics,,26112,2836.0,base
0001502292,"Conifer Holdings, Inc.",conifer holdings,,25105,6331.0,base
0001502557,Kun Peng International Ltd.,kun peng international,MLGT,187264,5961.0,base
0001502966,"Hypha Labs, Inc.",hypha labs,,,,base
0001503274,Quanterix Corp,quanterix,,32792,3845.0,base
0001503658,LiquidValue Development Inc.,liquidvalue development,HMUS,,6500.0,base
0001503707,"NorthStar Healthcare Income, Inc.",northstar healthcare income,,26826,6798.0,base
0001503802,Karyopharm Therapeutics Inc.,karyopharm therapeutics,KPTI,18930,2836.0,base
0001504008,"BankUnited, Inc.",bankunited,BKU,185824,6020.0,base
0001504461,NGL Energy Partners LP,ngl energy partners lp,NGL,186501,5172.0,base
0001504619,PennantPark Floating Rate Capital Ltd.,pennantpark floating rate capital,PFLT,186893,6797.0,base
0001504678,"Loop Industries, Inc.",loop industries,,25332,2821.0,base
0001504776,Warby Parker Inc.,warby parker,,,,base
0001505155,"Upland Software, Inc.",upland software,,22040,7370.0,base
0001505413,VOC Energy Trust,voc energy trust,,186180,1311.0,base
0001505497,"BioRestorative Therapies, Inc.",biorestorative therapies,SCLZ,66042,2836.0,base
0001505512,Regulus Therapeutics Inc.,regulus therapeutics,RGLS,13835,2836.0,base
0001505732,"Bankwell Financial Group, Inc.",bankwell financial group,,160423,6020.0,base
0001505952,"DOMO, INC.",domo,,33603,7370.0,base
0001506251,"Citius Pharmaceuticals, Inc.",citius pharmaceuticals,,21807,2834.0,base
0001506293,"PINTEREST, INC.",pinterest,,35013,7370.0,base
0001506307,"KINDER MORGAN, INC.",kinder morgan,KMI,6310,4923.0,base
0001506492,"Nuwellis, Inc.",nuwellis,SSH,271987,3845.0,base
0001506928,AVINGER INC,avinger,,22704,3841.0,crosswalk
0001506929,"VERDE RESOURCES, INC.",verde resources,,19896,1040.0,base
0001506983,"Glucotrack, Inc.",glucotrack,,17024,3845.0,base
0001507079,"Floor & Decor Holdings, Inc.",floor decor holdings,,22155,5211.0,base
0001507605,"MARA Holdings, Inc.",mara holdings,MARA,4384,7370.0,base
0001507957,Ideal Power Inc.,ideal power,IPWR,18509,3674.0,base
0001508655,"Sixth Street Specialty Lending, Inc.",sixth street specialty lending,,19974,6797.0,base
0001509223,"Moatable, Inc.",moatable,,,,base
0001509261,"Rezolute, Inc.",rezolute,,17651,2836.0,base
0001509470,SURO CAPITAL CORP.,suro capital,GSVC,186993,6797.0,base
0001509570,"American Assets Trust, L.P.",american assets trust lp,,,,base
0001509589,"CIVITAS RESOURCES, INC.",civitas resources,BCEI,187698,1311.0,base
0001509745,"LEAP THERAPEUTICS, INC.",leap therapeutics,,29914,2836.0,base
0001509786,GUSKIN GOLD CORP,guskin gold,ISRB,37498,1040.0,crosswalk
0001509957,NASCENT PHARMA HOLDINGS INC,nascent pharma,,186693,2834.0,crosswalk
0001509991,Kosmos Energy Ltd.,kosmos energy,KOS,186276,1311.0,base
0001510295,Marathon Petroleum Corp,marathon petroleum,MPC,186989,2911.0,base
0001510518,GENUFOOD ENERGY ENZYMES CORP,genufood energy enzymes,,10871,2834.0,crosswalk
0001510964,"CV Sciences, Inc.",cv sciences,CANV,187711,2834.0,base
0001511337,RLJ Lodging Trust,rlj lodging trust,RLJ,186363,6798.0,base
0001511737,Ubiquiti Inc.,ubiquiti,UBNT,187462,3663.0,base
0001512228,NIOCORP DEVELOPMENTS LTD,niocorp developments,,107150,1090.0,base
0001512499,"LINDBLAD EXPEDITIONS HOLDINGS, INC.",lindblad expeditions holdings,CLAC,24351,4700.0,base
0001512673,"Block, Inc.",block,,26367,7374.0,base
0001512762,"Coherus BioSciences, Inc.",coherus biosciences,,21841,2836.0,base
0001512922,"PetVivo Holdings, Inc.",petvivo holdings,,20074,3842.0,base
0001512931,MONROE CAPITAL Corp,monroe capital,MRCC,16066,6797.0,base
0001513363,FIDUS INVESTMENT Corp,fidus investment,FDUS,187483,6797.0,base
0001513525,"ADIAL PHARMACEUTICALS, INC.",adial pharmaceuticals,,32395,2834.0,base
0001513761,Norwegian Cruise Line Holdings Ltd.,norwegian cruise line,NCLH,104432,4400.0,base
0001514056,Titan Environmental Solutions Inc.,titan environmental solutions,,26165,4950.0,base
0001514183,"Silo Pharma, Inc.",silo pharma,GDSW,170430,2836.0,base
0001514281,"AG Mortgage Investment Trust, Inc.",ag mortgage investment trust,MITT,186671,6798.0,base
0001514416,Bandwidth Inc.,bandwidth,,32571,7370.0,base
0001514443,"AMERIGUARD SECURITY SERVICES, INC.",ameriguard security services,,171213,7381.0,base
0001514705,"SunCoke Energy, Inc.",suncoke energy,SXC,186773,3312.0,base
0001514743,"IF Bancorp, Inc.",if bancorp,IROQ,187596,6035.0,base
0001514946,AXIM BIOTECHNOLOGIES INC,axim biotechnologies,AXIM,17716,2835.0,crosswalk
0001514991,AMC Networks Inc.,amc networks,AMCX,187406,4833.0,base
0001515139,WASTE ENERGY CORP.,waste energy,,18918,9995.0,base
0001515156,"Arq, Inc.",arq,ADES,156578,2890.0,base
0001515317,MAGELLAN COPPER & GOLD Corp,magellan copper gold,MAGE,,1000.0,base
0001515673,Ultragenyx Pharmaceutical Inc.,ultragenyx pharmaceutical,RARE,19149,2836.0,base
0001515816,"Plymouth Industrial REIT, Inc.",plymouth industrial reit,,20959,6798.0,base
0001516513,"Doximity, Inc.",doximity,,,,base
0001516551,"Skye Bioscience, Inc.",skye bioscience,,22116,2836.0,base
0001516912,"Origin Bancorp, Inc.",origin bancorp,,33459,6020.0,base
0001517022,"Akebia Therapeutics, Inc.",akebia therapeutics,,19859,2836.0,base
0001517175,"Chefs' Warehouse, Inc.",chefs warehouse,CHEF,186960,5140.0,base
0001517228,"CommScope Holding Company, Inc.",commscope holding company,COMM,18036,3663.0,base
0001517302,Artisan Partners Asset Management Inc.,artisan partners asset management,APAM,16113,6282.0,base
0001517375,"Sprout Social, Inc.",sprout social,,35922,7370.0,base
0001517413,"Fastly, Inc.",fastly,,35120,7370.0,base
0001517681,"Propanc Biopharma, Inc.",propanc biopharma,PPCH,11885,2836.0,base
0001518461,"AmpliTech Group, Inc.",amplitech group,,17396,3663.0,base
0001518621,"Orchid Island Capital, Inc.",orchid island capital,ORC,187148,6798.0,base
0001518715,"HomeStreet, Inc.",homestreet,HMST,18948,6020.0,base
0001519061,Trinseo PLC,trinseo,,187551,2821.0,base
0001519401,Regional Management Corp.,regional management,RM,187253,6141.0,base
0001519449,"Skyward Specialty Insurance Group, Inc.",skyward specialty insurance group,,,,base
0001519472,"SolarMax Technology, Inc.",solarmax technology,,,,base
0001519751,"Fortune Brands Innovations, Inc.",fortune brands innovations,FBHS,188255,3430.0,base
0001520006,Matador Resources Co,matador resources,MTDR,187812,1311.0,base
0001520048,Permianville Royalty Trust,permianville royalty trust,NDRO,187250,6792.0,base
0001520118,"MedWellAI, Inc.",medwellai,,18080,7370.0,base
0001520262,Alkermes plc.,alkermes plc,ALKS,24302,2836.0,base
0001520358,"Mama's Creations, Inc.",mamas creations,MMMB,17494,2030.0,base
0001520697,"Acadia Healthcare Company, Inc.",acadia healthcare company,ACHC,192255,8060.0,base
0001521036,"Lantheus Holdings, Inc.",lantheus holdings,,21004,2835.0,base
0001521332,Aptiv PLC,aptiv,DLPH,118122,3714.0,base
0001521951,"FIRST BUSINESS FINANCIAL SERVICES, INC.",first business financial services,FBIZ,165284,6020.0,base
0001522222,CLS HOLDINGS USA INC,cls holdings usa,,23782,5912.0,crosswalk
0001522540,"Marqeta, Inc.",marqeta,,,,base
0001522727,"USA Compression Partners, LP",usa compression partners lp,USAC,33449,1389.0,base
0001522767,MARIMED INC.,marimed,,21873,2834.0,base
0001522860,"Acutus Medical, Inc.",acutus medical,,36757,3841.0,base
0001524025,"TILLY'S, INC.",tillys,TLYS,187575,5600.0,base
0001524358,MARRIOTT VACATIONS WORLDWIDE Corp,marriott vacations worldwide,VAC,191255,7011.0,base
0001524472,Xylem Inc.,xylem,XYL,189491,3561.0,base
0001524741,U S SILICA HOLDINGS INC,u s silica,SLCA,181989,1400.0,crosswalk
0001524769,CHESAPEAKE GRANITE WASH TR,chesapeake granite wash tr,CHKR,194456,6792.0,crosswalk
0001524931,CHUY'S HOLDINGS INC,chuys,CHUY,187775,5812.0,crosswalk
0001525221,Bristow Group Inc.,bristow,ERA,,4522.0,base
0001525769,"Dave & Buster's Entertainment, Inc.",dave busters entertainment,,60923,7990.0,base
0001526113,"Global Net Lease, Inc.",global net lease,,23996,6798.0,base
0001526119,"Verastem, Inc.",verastem,VSTM,194255,2836.0,base
0001526243,PERPETUA RESOURCES CORP.,perpetua resources,,,,base
0001526520,"TripAdvisor, Inc.",tripadvisor,TRIP,199356,7370.0,base
0001527166,Carlyle Group Inc.,carlyle,CG,189459,6282.0,base
0001527469,Athene Holding Ltd.,athene,,318728,6311.0,base
0001527508,Pactiv Evergreen Inc.,pactiv evergreen,,36973,2650.0,base
0001527541,"Wheeler Real Estate Investment Trust, Inc.",wheeler real estate investment trust,WHLR,194256,6798.0,base
0001527590,Ready Capital Corp,ready capital,ZFC,183029,6798.0,base
0001527599,"SYNLOGIC, INC.",synlogic,,32365,2836.0,base
0001527613,CIMG Inc.,cimg,,,,base
0001527702,iQSTEL Inc,iqstel,,34070,4813.0,base
0001527728,Lunai Bioworks Inc.,lunai bioworks,,,,base
0001527753,"Personalis, Inc.",personalis,,35254,2835.0,base
0001528115,"Annexon, Inc.",annexon,,36768,2836.0,base
0001528129,"Vital Energy, Inc.",vital energy,LPI,187961,1311.0,base
0001528287,NeuroPace Inc,neuropace,,,,base
0001528356,Genie Energy Ltd.,genie energy,GNE,190590,4931.0,base
0001528396,"Guidewire Software, Inc.",guidewire software,GWRE,190455,7372.0,base
0001528849,RH,rh,RH,111873,5712.0,base
0001528985,"Inland Real Estate Income Trust, Inc.",inland real estate income trust,,27463,6798.0,base
0001529113,"XTI Aerospace, Inc.",xti aerospace,,148396,3721.0,base
0001529274,"ALKAMI TECHNOLOGY, INC.",alkami technology,,,,base
0001529377,Ares Commercial Real Estate Corp,ares commercial real estate,ACRE,189516,6798.0,base
0001529628,"Smart Sand, Inc.",smart sand,,22284,1400.0,base
0001529864,"Enova International, Inc.",enova international,,189517,6141.0,base
0001530163,Darkstar Ventures Inc,darkstar ventures,TBD,,5990.0,ticker_map
0001530249,"FS Bancorp, Inc.",fs bancorp,FSBW,181820,6036.0,base
0001530425,"Artisan Consumer Goods, Inc.",artisan consumer goods,,170995,2000.0,base
0001530721,Capri Holdings Ltd,capri,KORS,198058,2300.0,base
0001530746,"Kaya Holdings, Inc.",kaya holdings,,23618,2834.0,base
0001530766,"BioSig Technologies, Inc.",biosig technologies,,21824,3845.0,base
0001530804,Tronox Holdings plc,tronox,TROX,164363,2810.0,base
0001530950,"Post Holdings, Inc.",post holdings,POST,170527,2015.0,base
0001531031,"Esquire Financial Holdings, Inc.",esquire financial holdings,,31606,6020.0,base
0001531048,INARI MEDICAL INC,inari medical,,36236,3841.0,crosswalk
0001531152,"BJ's Wholesale Club Holdings, Inc.",bjs wholesale club holdings,,33718,5399.0,base
0001531978,"Paragon 28, Inc.",paragon 28,,,,base
0001532286,"Nine Energy Service, Inc.",nine energy service,,31507,1389.0,base
0001532383,VANJIA CORP,vanjia,,26478,1531.0,base
0001532619,Power REIT,power reit,PW,8611,6798.0,base
0001532961,"NV5 Global, Inc.",nv5 global,NVEE,17277,8711.0,base
0001533030,CRYOMASS TECHNOLOGIES INC,cryomass technologies,,19255,9995.0,crosswalk
0001533040,Phio Pharmaceuticals Corp.,phio pharmaceuticals,RXII,171187,2836.0,base
0001533357,DEFENSE TECHNOLOGIES INTERNATIONAL CORP.,defense technologies international,,139131,3829.0,base
0001533615,Global Medical REIT Inc.,global medical reit,SOOP,16125,6798.0,base
0001533743,"Processa Pharmaceuticals, Inc.",processa pharmaceuticals,,32846,2834.0,base
0001533758,Hughes Satellite Systems Corp,hughes satellite systems,,,,base
0001533924,Amplify Energy Corp.,amplify energy,MPO,194755,1311.0,base
0001533998,DarioHealth Corp.,dariohealth,,17485,8000.0,base
0001534120,"Avalo Therapeutics, Inc.",avalo therapeutics,,26149,2834.0,base
0001534133,"CalciMedica, Inc.",calcimedica,,37062,2834.0,base
0001534154,authID Inc.,authid,,23001,7372.0,base
0001534254,CION Investment Corp,cion investment,,23984,6797.0,base
0001534504,PBF Energy Inc.,pbf energy,PBF,196159,2911.0,base
0001534525,"Xenetic Biosciences, Inc.",xenetic biosciences,,237269,2836.0,base
0001534675,Tecnoglass Inc.,tecnoglass,TGLS,170765,3442.0,base
0001534701,Phillips 66,phillips 66,PSX,170841,2911.0,base
0001534708,"Beeline Holdings, Inc.",beeline holdings,EURC,18398,6162.0,base
0001534969,"SERA PROGNOSTICS, INC.",sera prognostics,,,,base
0001535079,Touchpoint Metrics Inc,touchpoint metrics,TPOI,,7372.0,ticker_map
0001535527,"CrowdStrike Holdings, Inc.",crowdstrike holdings,,35182,7370.0,base
0001535778,"MSC INCOME FUND, INC.",msc income fund,,39498,6797.0,base
0001535929,"Voya Financial, Inc.",voya financial,VOYA,16384,6311.0,base
0001535955,Lipocine Inc.,lipocine,MBARD,18424,2834.0,base
0001537028,INDEPENDENCE CONTRACT DRLLNG,independence contract drllng,,21165,1381.0,crosswalk
0001537054,Gogo Inc.,gogo,GOGO,170384,4899.0,base
0001537435,TECOGEN INC.,tecogen,TGEN,18114,3585.0,base
0001538210,NEXIMMUNE INC,neximmune,,37808,2836.0,crosswalk
0001538263,"HomeTrust Bancshares, Inc.",hometrust bancshares,HTBI,,6035.0,base
0001538379,"Ibotta, Inc.",ibotta,,,,base
0001538495,"Earth Science Tech, Inc.",earth science tech,,14063,2834.0,base
0001538716,Oportun Financial Corp,oportun financial,,35471,6141.0,base
0001538849,CrossAmerica Partners LP,crossamerica partners lp,LGP,15212,5172.0,base
0001538990,STORE CAPITAL LLC,store capital,,21630,6798.0,base
0001539029,"Clearside Biomedical, Inc.",clearside biomedical,,26798,2834.0,base
0001539638,"Triumph Financial, Inc.",triumph financial,,21815,6036.0,base
0001539838,"Diamondback Energy, Inc.",diamondback energy,FANG,170750,1311.0,base
0001539850,"Starco Brands, Inc.",starco brands,,13360,2844.0,base
0001540159,"Edesa Biotech, Inc.",edesa biotech,,35321,2836.0,base
0001540684,Atlas Lithium Corp,atlas lithium,,18019,1400.0,base
0001541119,"Sound Financial Bancorp, Inc.",sound financial bancorp,SFBC,179234,6020.0,base
0001541401,"Empire State Realty Trust, Inc.",empire state realty trust,ESRT,170714,6798.0,base
0001542447,"RREEF Property Trust, Inc.",rreef property trust,,,,base
0001542574,Prosper Funding LLC,prosper funding,,,,base
0001543042,COMM 2012-LC4 Mortgage Trust,comm 2012lc4 mortgage trust,,,,base
0001543151,"Uber Technologies, Inc",uber technologies,,35077,4100.0,base
0001543418,Trilogy Metals Inc.,trilogy metals,NCQ,171111,1000.0,base
0001543637,"Nu-Med Plus, Inc.",numed plus,NUMD,,3841.0,base
0001544206,"Carlyle Secured Lending, Inc.",carlyle secured lending,,31819,6797.0,base
0001544227,"Tempest Therapeutics, Inc.",tempest therapeutics,OVAS,39104,2836.0,base
0001544522,Freshworks Inc.,freshworks,,,,base
0001545018,J.P. Morgan Chase Commercial Mortgage Securities Trust 2012-C6,jp morgan chase commercial mortgage securities trust 2012c6,,,,base
0001545654,"Alexander & Baldwin, Inc.",alexander baldwin,ALEX,11756,6798.0,base
0001546296,"Professional Diversity Network, Inc.",professional diversity network,IPDN,8661,7361.0,base
0001546417,"Bloomin' Brands, Inc.",bloomin brands,BLMN,171049,5812.0,base
0001546853,"Skkynet Cloud Systems, Inc.",skkynet cloud systems,SKKY,17349,7370.0,base
0001547459,"Natural Grocers by Vitamin Cottage, Inc.",natural grocers by vitamin cottage,NGVC,11922,5400.0,base
0001547546,"Lument Finance Trust, Inc.",lument finance trust,OAKS,16884,6798.0,base
0001547903,"NMI Holdings, Inc.",nmi holdings,NMIH,11854,6351.0,base
0001549084,"EKSO BIONICS HOLDINGS, INC.",ekso bionics holdings,,17727,3845.0,base
0001549145,"BLUE BIOFUELS, INC.",blue biofuels,,17920,2990.0,base
0001549346,"Shutterstock, Inc.",shutterstock,SSTK,3382,7370.0,base
0001549595,"Nurix Therapeutics, Inc.",nurix therapeutics,,36767,2836.0,base
0001549631,"Quarta-Rad, Inc.",quartarad,,32242,5065.0,base
0001549922,Summit Midstream Partners LP,summit midstream partners lp,SMLP,,4922.0,ticker_map
0001549966,Silvercrest Asset Management Group Inc.,silvercrest asset management,SAMG,14551,6282.0,base
0001550453,TriLinc Global Impact Fund LLC,trilinc global impact fund,,36039,6799.0,base
0001550695,Performant Healthcare Inc,performant healthcare,PFMT,170965,7320.0,base
0001550913,"MacKenzie Realty Capital, Inc.",mackenzie realty capital,,34975,6798.0,base
0001551152,AbbVie Inc.,abbvie,ABBV,16101,2836.0,base
0001551182,Eaton Corp plc,eaton corp,ETN,4199,3620.0,base
0001551306,"Progyny, Inc.",progyny,,35708,8090.0,base
0001551901,Stellus Capital Investment Corp,stellus capital investment,SCM,16150,6797.0,base
0001552000,MPLX LP,mplx lp,MPLX,12294,4610.0,base
0001552033,TransUnion,transunion,,24638,7323.0,base
0001552189,PANACEA LIFE SCIENCS HOL INC,panacea life sciencs hol,,40234,2833.0,crosswalk
0001552198,"WhiteHorse Finance, Inc.",whitehorse finance,WHF,16608,6797.0,base
0001552275,Sunoco LP,sunoco lp,SUSP,12892,5172.0,base
0001552493,CNH Industrial Capital LLC,cnh industrial capital,,,,base
0001552797,"Delek Logistics Partners, LP",delek logistics partners lp,DKL,12833,5171.0,base
0001552800,"TILE SHOP HOLDINGS, INC.",tile shop holdings,TTS,13861,5700.0,base
0001553079,"Empire State Realty OP, L.P.",empire state realty op lp,,18850,6798.0,base
0001553404,Pacific Green Technologies Inc.,pacific green technologies,PGTK,,4955.0,base
0001553643,"RELMADA THERAPEUTICS, INC.",relmada therapeutics,,20720,2834.0,base
0001553788,"SPLASH BEVERAGE GROUP, INC.",splash beverage group,,36379,2080.0,base
0001554818,AUDDIA INC.,auddia,,36089,7370.0,base
0001554859,"Semler Scientific, Inc.",semler scientific,,19189,3845.0,base
0001555074,ACCELITRON ADN MTR CNTRL INC,accelitron adn mtr cntrl,AAMC,16720,6162.0,crosswalk
0001555279,908 Devices Inc.,908 devices,,37480,3826.0,base
0001555280,Zoetis Inc.,zoetis,ZTS,13721,2834.0,base
0001556263,SYROS PHARMACEUTICALS INC,syros pharmaceuticals,,27392,2836.0,crosswalk
0001556266,BAIYU HOLDINGS INC,baiyu,CCCR,18144,5051.0,crosswalk
0001556593,Rithm Capital Corp.,rithm capital,NRZ,17878,6798.0,base
0001556727,First Northwest Bancorp,first northwest bancorp,,22975,6020.0,base
0001556739,"Thryv Holdings, Inc.",thryv holdings,DXM,37130,2741.0,base
0001556801,"My City Builders, Inc.",my city builders,,17917,6552.0,base
0001557376,"Zeo ScientifiX, Inc.",zeo scientifix,,19135,2836.0,base
0001557746,"Aclaris Therapeutics, Inc.",aclaris therapeutics,,25904,2834.0,base
0001557798,"Tianci International, Inc.",tianci international,FPET,26083,4731.0,base
0001558569,iSpecimen Inc.,ispecimen,,,,base
0001559053,PROTHENA CORP PUBLIC LTD CO,prothena corp public ltd,PRTA,16745,2836.0,base
0001559356,BIOSTAX CORP,biostax,,7095,2836.0,crosswalk
0001559720,"Airbnb, Inc.",airbnb,,37460,7000.0,base
0001559865,"EVERTEC, Inc.",evertec,EVTC,185375,7374.0,base
0001559998,GAUCHO GROUP HOLDINGS INC,gaucho,,26832,9997.0,crosswalk
0001560143,WYTEC INTERNATIONAL INC,wytec international,,37365,3663.0,base
0001560241,G1 THERAPEUTICS INC,g1 therapeutics,,31294,2836.0,crosswalk
0001560258,"electroCore, Inc.",electrocore,,33614,3845.0,base
0001560327,"Rapid7, Inc.",rapid7,,24501,7372.0,base
0001560385,Liberty Media Corp,liberty media,,27189,4832.0,base
0001560672,Ellington Credit Co,ellington credit,EARN,17866,6798.0,base
0001561032,"National Healthcare Properties, Inc.",national healthcare properties,,35951,6798.0,base
0001561550,"Datadog, Inc.",datadog,,35620,7370.0,base
0001561680,"Tri Pointe Homes, Inc.",tri pointe homes,TPH,258869,1531.0,base
0001561880,LEGACY EDUCATION ALLIANCE,legacy education alliance,,22176,8200.0,crosswalk
0001561894,"HA Sustainable Infrastructure Capital, Inc.",ha sustainable infrastructure capital,HASI,17769,6798.0,base
0001561921,"TELA Bio, Inc.",tela bio,,35779,3841.0,base
0001562088,"Duolingo, Inc.",duolingo,,,,base
0001562151,"Crimson Wine Group, Ltd",crimson wine group,CWGL,17285,2084.0,base
0001562401,American Homes 4 Rent,american homes 4 rent,AMH,17639,6798.0,base
0001562463,First Internet Bancorp,first internet bancorp,INBK,162293,6020.0,base
0001562476,Taylor Morrison Home Corp,taylor morrison home,TMHC,16653,1531.0,base
0001562528,"Franklin BSP Realty Trust, Inc.",franklin bsp realty trust,,28069,6798.0,base
0001563190,"Compass, Inc.",compass,,,,base
0001563298,ENERGY & WATER DEVLPMNT CORP,energy water devlpmnt,,62209,3580.0,crosswalk
0001563568,"Envirotech Vehicles, Inc.",envirotech vehicles,,38407,3711.0,base
0001563577,"Galera Therapeutics, Inc.",galera therapeutics,,35768,2836.0,base
0001563665,"Harvard Apparatus Regenerative Technology, Inc.",harvard apparatus regenerative technology,HART,16719,2836.0,base
0001563756,"Lightstone Value Plus REIT III, Inc.",lightstone value plus reit iii,,36498,6798.0,base
0001563880,"Trevi Therapeutics, Inc.",trevi therapeutics,,35054,2834.0,base
0001563922,Greenbacker Renewable Energy Co LLC,greenbacker renewable energy,,,,base
0001564408,Snap Inc,snap,,30091,7370.0,base
0001564618,INDEPENDENT BK GRP INC,independent bk grp,IBTX,17451,6020.0,crosswalk
0001564708,NEWS CORP,news,NWS,18043,2711.0,base
0001564824,Allakos Inc.,allakos,,33721,2836.0,base
0001564902,United Parks & Resorts Inc.,united parks resorts,SEAS,186392,7996.0,base
0001565146,Gulf Coast Ultra Deep Royalty Trust,gulf coast ultra deep royalty trust,GULTU,18117,6792.0,base
0001565228,"Vislink Technologies, Inc.",vislink technologies,XGTI,289735,3663.0,base
0001565687,"Intapp, Inc.",intapp,,39070,7370.0,base
0001566044,VYNE Therapeutics Inc.,vyne therapeutics,,21522,2834.0,base
0001566243,ARAX HOLDINGS CORP,arax,,18908,7372.0,crosswalk
0001566610,"Verb Technology Company, Inc.",verb technology company,,21984,7370.0,base
0001566826,"LogicMark, Inc.",logicmark,,18490,3845.0,base
0001567094,CNH Industrial N.V.,cnh industrial nv,,,,base
0001567514,"Intra-Cellular Therapies, Inc.",intracellular therapies,ITCI,19412,2836.0,base
0001567683,"Clearway Energy, Inc.",clearway energy,NYLD,18293,4911.0,base
0001567892,Mallinckrodt plc,mallinckrodt,MNK,18086,2834.0,base
0001567900,BLACKBOXSTOCKS INC.,blackboxstocks,,26630,1000.0,base
0001567925,"Sila Realty Trust, Inc.",sila realty trust,,35770,6798.0,base
0001568100,"PagerDuty, Inc.",pagerduty,,34955,7370.0,base
0001568385,"Bright Mountain Media, Inc.",bright mountain media,,19394,7310.0,base
0001568651,"Oscar Health, Inc.",oscar health,,,,base
0001568969,"APPYEA, INC",appyea,,,,base
0001569083,MAKINGORG INC,makingorg,,20094,5140.0,crosswalk
0001569187,"Armada Hoffler Properties, Inc.",armada hoffler properties,AHH,17626,6798.0,base
0001569340,CELL SOURCE INC,cell source,,21027,2836.0,crosswalk
0001569345,"Sprinklr, Inc.",sprinklr,,,,base
0001569455,J.P. Morgan Chase Commercial Mortgage Securities Trust 2013-C10,jp morgan chase commercial mortgage securities trust 2013c10,,,,base
0001569994,"Waterstone Financial, Inc.",waterstone financial,WSBF,164365,6035.0,base
0001570562,"Evolus, Inc.",evolus,,32919,2834.0,base
0001570585,Liberty Global Ltd.,liberty global,LBTY,160549,4841.0,base
0001570827,"Victory Capital Holdings, Inc.",victory capital holdings,,21799,6282.0,base
0001570937,ALTAIR INTERNATIONAL CORP.,altair international,,19709,9995.0,base
0001571123,Science Applications International Corp,science applications international,SAIC,18683,7373.0,base
0001571283,"Rexford Industrial Realty, Inc.",rexford industrial realty,REXR,18071,6798.0,base
0001571329,Logan Ridge Finance Corp.,logan ridge finance,CPTA,18779,6797.0,base
0001571776,Cherry Hill Mortgage Investment Corp,cherry hill mortgage investment,CHMI,18073,6798.0,base
0001571934,"Synaptogenix, Inc.",synaptogenix,,37386,2836.0,base
0001571949,"Intercontinental Exchange, Inc.",intercontinental exchange,ICE,163610,6200.0,base
0001571996,Dell Technologies Inc.,dell technologies,,14489,3571.0,base
0001572334,Virginia National Bankshares Corp,virginia national bankshares,VABK,115960,6020.0,base
0001572386,GREENWAY TECHNOLOGIES INC,greenway technologies,,180899,3533.0,base
0001572616,"FRACTYL HEALTH, INC.",fractyl health,,,,base
0001572694,"Goldman Sachs BDC, Inc.",goldman sachs bdc,,23353,6797.0,base
0001573221,"TheRealReal, Inc.",therealreal,,35288,7370.0,base
0001573516,Murphy USA Inc.,murphy usa,MUSA,18498,5500.0,base
0001574085,Braemar Hotels & Resorts Inc.,braemar hotels resorts,AHP,19084,6798.0,base
0001574197,"Five Point Holdings, LLC",five point holdings,,31108,6552.0,base
0001574219,J.P. Morgan Chase Commercial Mortgage Securities Trust 2013-LC11,jp morgan chase commercial mortgage securities trust 2013lc11,,,,base
0001574235,"Pulmatrix, Inc.",pulmatrix,,24506,2836.0,base
0001574540,PHYSICIANS REALTY TR,physicians realty tr,DOC,18145,6798.0,crosswalk
0001575295,ALLIED CORP,allied,,36096,2834.0,crosswalk
0001575434,VERICITY INC,vericity,,35305,6311.0,crosswalk
0001575515,"Sprouts Farmers Market, Inc.",sprouts farmers market,SFM,17934,5411.0,base
0001575793,Energous Corp,energous,,19977,3690.0,base
0001575828,EXPRO GROUP HOLDINGS N.V.,expro group holdings nv,FI,206243,1389.0,base
0001575858,PureBase Corp,purebase,,22727,1000.0,base
0001575965,"Gaming & Leisure Properties, Inc.",gaming leisure properties,GLPI,18792,6798.0,base
0001576018,SiriusPoint Ltd,siriuspoint,TPRE,18441,6331.0,base
0001576197,"Strategic Environmental & Energy Resources, Inc.",strategic environmental energy resources,SENR,264694,4950.0,base
0001576280,"Guardant Health, Inc.",guardant health,,34102,8071.0,base
0001576427,Criteo S.A.,criteo sa,,18750,7311.0,base
0001576873,AMERICAN BATTERY TECHNOLOGY Co,american battery technology,,26366,1000.0,base
0001576940,"Century Communities, Inc.",century communities,,18004,1531.0,base
0001576942,"Stitch Fix, Inc.",stitch fix,,32688,5961.0,base
0001577445,Odysight.ai Inc.,odysightai,,38977,3845.0,base
0001577526,"C3.ai, Inc.",c3ai,,37517,7370.0,base
0001577545,JPMBB Commercial Mortgage Securities Trust 2013-C12,jpmbb commercial mortgage securities trust 2013c12,,,,base
0001577670,Ladder Capital Corp,ladder capital,,19440,6798.0,base
0001577916,"Premier, Inc.",premier,PINC,18624,8742.0,base
0001578348,"Investcorp Credit Management BDC, Inc.",investcorp credit management bdc,,19752,6797.0,base
0001578732,"Marcus & Millichap, Inc.",marcus millichap,MMI,19000,6531.0,base
0001579091,Maplebear Inc.,maplebear,,,,base
0001579157,VINCE HOLDING CORP.,vince,VNCE,19175,2300.0,base
0001579214,"Emerald Holding, Inc.",emerald holding,,30998,7389.0,base
0001579241,Allegion plc,allegion,ALLE,316056,3420.0,base
0001579298,"Burlington Stores, Inc.",burlington stores,BURL,18675,5600.0,base
0001579428,"Axsome Therapeutics, Inc.",axsome therapeutics,,26349,2836.0,base
0001579684,"Gannett Co., Inc.",gannett co,NEWM,19574,2711.0,base
0001579733,"Vital Farms, Inc.",vital farms,,36726,2015.0,base
0001579877,OUTFRONT Media Inc.,outfront media,,19507,6798.0,base
0001580063,BIORA THERAPEUTICS INC,biora therapeutics,,36619,2836.0,crosswalk
0001580149,BIOVIE INC.,biovie,,19549,2836.0,base
0001580345,TriplePoint Venture Growth BDC Corp.,triplepoint venture growth bdc,,19925,6797.0,base
0001580490,I-ON Digital Corp.,ion digital,,,,base
0001580560,Flywire Corp,flywire,,,,base
0001580670,"LGI Homes, Inc.",lgi homes,LGIH,18629,1531.0,base
0001580808,"A10 Networks, Inc.",a10 networks,,19849,7372.0,base
0001580864,"Vroom, Inc.",vroom,,36512,6141.0,base
0001580905,"Installed Building Products, Inc.",installed building products,,19516,1700.0,base
0001581068,Brixmor Property Group Inc.,brixmor property,BRX,18383,6798.0,base
0001581091,"RE/MAX Holdings, Inc.",remax holdings,RMAX,18578,6531.0,base
0001581280,Twist Bioscience Corp,twist bioscience,,34241,2836.0,base
0001581760,"Life360, Inc.",life360,,,,base
0001581776,"Mid-America Apartments, L.P.",midamerica apartments lp,,,,base
0001581990,PLAINS GP HOLDINGS LP,plains gp holdings lp,PAGP,18468,5171.0,base
0001582249,ACTAVIA LIFE SCIENCES INC,actavia life sciences,,27835,2836.0,crosswalk
0001582313,Xenon Pharmaceuticals Inc.,xenon pharmaceuticals,,21744,2836.0,base
0001582554,"Matinas BioPharma Holdings, Inc.",matinas biopharma holdings,,20756,2836.0,base
0001582605,JPMBB Commercial Mortgage Securities Trust 2013-C14,jpmbb commercial mortgage securities trust 2013c14,,,,base
0001582961,"DigitalOcean Holdings, Inc.",digitalocean holdings,,,,base
0001582982,"CareCloud, Inc.",carecloud,,20143,7370.0,base
0001583107,"Theravance Biopharma, Inc.",theravance biopharma,,20233,2834.0,base
0001583648,"PALVELLA THERAPEUTICS, INC.",palvella therapeutics,,22590,2836.0,base
0001583708,"SentinelOne, Inc.",sentinelone,,,,base
0001583771,"Hepion Pharmaceuticals, Inc.",hepion pharmaceuticals,,19761,2836.0,base
0001584207,"OneMain Holdings, Inc.",onemain holdings,LEAF,3592,6141.0,base
0001584509,Aramark,aramark,ARMK,186858,5812.0,base
0001584549,"Village Farms International, Inc.",village farms international,,157875,100.0,base
0001584693,SafeSpace Global Corp,safespace global,,21759,8742.0,base
0001584751,TALIS BIOMEDICAL CORP,talis biomedical,,37872,2835.0,crosswalk
0001584754,AKOUSTIS TECHNOLOGIES INC,akoustis technologies,,21042,3679.0,crosswalk
0001584831,OXBRIDGE RE HOLDINGS Ltd,oxbridge re,,19712,6331.0,base
0001585364,PERRIGO Co plc,perrigo,PRGO,24782,2834.0,base
0001585389,"SmartStop Self Storage REIT, Inc.",smartstop self storage reit,,40692,6798.0,base
0001585521,"Zoom Communications, Inc.",zoom communications,,35005,7370.0,base
0001585608,"Jaguar Health, Inc.",jaguar health,,32316,2834.0,base
0001585689,Hilton Worldwide Holdings Inc.,hilton worldwide,HLT,5643,7011.0,base
0001586454,PRIME MERIDIAN HOLDING CO,prime meridian,,18974,6020.0,crosswalk
0001586495,Leet Technology Inc.,leet technology,,,,base
0001586554,Target Group Inc.,target,,26221,2834.0,base
0001587523,Knowles Corp,knowles,,19518,3670.0,base
0001587732,"ONE Gas, Inc.",one gas,OGS,19517,4924.0,base
0001587987,"NewtekOne, Inc.",newtekone,,8060,6020.0,base
0001588972,SOCIETAL CDMO INC,societal cdmo,,19025,2834.0,crosswalk
0001588978,PROCEPT BioRobotics Corp,procept biorobotics,,,,base
0001589061,"Gyrodyne, LLC",gyrodyne,,5395,6512.0,base
0001589149,"Greenwave Technology Solutions, Inc.",greenwave technology solutions,,23237,4950.0,base
0001589526,Blue Bird Corp,blue bird,HCACU,23167,3713.0,base
0001589804,COMM 2013-CCRE13 Mortgage Trust,comm 2013ccre13 mortgage trust,,,,base
0001590364,FTAI Aviation Ltd.,ftai aviation,,19484,7359.0,base
0001590418,FOCUS UNIVERSAL INC.,focus universal,,21295,3829.0,base
0001590496,Aerkomm Inc.,aerkomm,,24732,4899.0,base
0001590560,uniQure N.V.,uniqure nv,,285085,2836.0,base
0001590584,Civeo Corp,civeo,,20020,7011.0,base
0001590695,TWINLAB CONSOLIDATED HLDGS,twinlab consolidated hldgs,,21860,2834.0,crosswalk
0001590714,Element Solutions Inc,element solutions,PAH,315318,2890.0,base
0001590715,American Resources Corp,american resources,,25589,1220.0,base
0001590717,"CareTrust REIT, Inc.",caretrust reit,,19582,6798.0,base
0001590750,"Viridian Therapeutics, Inc.\DE",viridian therapeutics incde,,30311,2836.0,base
0001590877,REGENXBIO Inc.,regenxbio,,26146,2836.0,base
0001590895,"Caesars Entertainment, Inc.",caesars entertainment,,21808,7990.0,base
0001590955,"Paycom Software, Inc.",paycom software,,20116,7370.0,base
0001590976,"MALIBU BOATS, INC.",malibu boats,MBUU,19391,3730.0,base
0001591587,ASSETMARK FIN HOLDINGS INC,assetmark fin,,34330,7370.0,crosswalk
0001591588,"A-Mark Precious Metals, Inc.",amark precious metals,,19172,5051.0,base
0001591670,Farmland Partners Inc.,farmland partners,,19526,6798.0,base
0001591698,Paylocity Holding Corp,paylocity,,19730,7370.0,base
0001591890,Fundamental Global Inc.,fundamental global,,61285,3861.0,base
0001592000,ENLINK MIDSTREAM LLC,enlink midstream,,19935,4922.0,crosswalk
0001592057,ENVIVA INC,enviva,,23296,2400.0,crosswalk
0001592386,"Virtu Financial, Inc.",virtu financial,,23432,6211.0,base
0001593001,"NightFood Holdings, Inc.",nightfood holdings,,,,base
0001593034,ENDO INTERNATIONAL PLC,endo international,,63645,2834.0,crosswalk
0001593184,"BIOREGENX, INC.",bioregenx,,,,base
0001593222,"City Office REIT, Inc.",city office reit,,19851,6798.0,base
0001593275,"Hamilton Insurance Group, Ltd.",hamilton insurance group,,,,base
0001593538,NAVIENT CORP,navient,,10121,6111.0,base
0001593548,"PlayAGS, Inc.",playags,,31386,3990.0,base
0001593549,"Livento Group, Inc.",livento group,,,,base
0001593773,AMJ Global Technology,amj global technology,,21876,7370.0,base
0001593899,"Atea Pharmaceuticals, Inc.",atea pharmaceuticals,,37292,2834.0,base
0001594204,ZHEN DING RESOURCES INC.,zhen ding resources,,13543,1000.0,base
0001594805,SHOPIFY INC.,shopify,,,,base
0001595097,"Corbus Pharmaceuticals Holdings, Inc.",corbus pharmaceuticals holdings,,22035,2836.0,base
0001595248,"Genprex, Inc.",genprex,,32254,2836.0,base
0001595527,American Strategic Investment Co.,american strategic investment,,36037,6512.0,base
0001595974,"MAGNITE, INC.",magnite,,19753,7310.0,base
0001596532,"Arista Networks, Inc.",arista networks,,20748,3576.0,base
0001596783,CATALENT INC,catalent,,20228,2834.0,crosswalk
0001596961,"RumbleOn, Inc.",rumbleon,,21035,5500.0,base
0001596967,Moelis & Co,moelis,,19927,6282.0,base
0001596993,DORIAN LPG LTD.,dorian lpg,,317264,4412.0,base
0001597033,Sabre Corp,sabre,,19649,7370.0,base
0001597264,Blueprint Medicines Corp,blueprint medicines,,23407,2836.0,base
0001597339,JPMBB Commercial Mortgage Securities Trust 2014-C18,jpmbb commercial mortgage securities trust 2014c18,,,,base
0001597553,"Sage Therapeutics, Inc.",sage therapeutics,,20943,2836.0,base
0001597672,RAYONIER ADVANCED MATERIALS INC.,rayonier advanced materials,,20502,2820.0,base
0001597846,Greenpro Capital Corp.,greenpro capital,,22879,8741.0,base
0001598428,Metallus Inc.,metallus,,20011,3312.0,base
0001598646,"Minerva Neurosciences, Inc.",minerva neurosciences,,20225,2836.0,base
0001598665,"Heritage Insurance Holdings, Inc.",heritage insurance holdings,,20422,6331.0,base
0001598981,SKYX Platforms Corp.,skyx platforms,,,,base
0001599117,"Mentor Capital, Inc.",mentor capital,,65052,6799.0,base
0001599298,Summit Therapeutics Inc.,summit therapeutics,,271357,2836.0,base
0001599407,1847 Holdings LLC,1847,,22362,5712.0,base
0001599617,DNOW Inc.,dnow,,20235,5084.0,base
0001599901,"Avidity Biosciences, Inc.",avidity biosciences,,36473,2836.0,base
0001600033,"e.l.f. Beauty, Inc.",elf beauty,,27907,2844.0,base
0001600222,"Phoenix Education Partners, Inc.",phoenix education partners,,,,base
0001600347,Hapi Metaverse Inc.,hapi metaverse,,,,base
0001600422,SUPERIOR DRILLING PRODUCTS,superior drilling products,,20147,3533.0,crosswalk
0001600438,GMS Inc.,gms,,22583,5030.0,base
0001600620,Aurinia Pharmaceuticals Inc.,aurinia pharmaceuticals,,117829,2836.0,base
0001600626,Peakstone Realty Trust,peakstone realty trust,,32671,6798.0,base
0001600641,"1stdibs.com, Inc.",1stdibscom,,,,base
0001600983,"Knightscope, Inc.",knightscope,,,,base
0001601046,"Keysight Technologies, Inc.",keysight technologies,,20232,3825.0,base
0001601280,"MediXall Group, Inc.",medixall group,,,,base
0001601485,"Elicio Therapeutics, Inc.",elicio therapeutics,,20307,2836.0,base
0001601548,"V2X, Inc.",v2x,,20661,8744.0,base
0001601705,COMM 2014-CCRE16 Mortgage Trust,comm 2014ccre16 mortgage trust,,,,base
0001601712,Synchrony Financial,synchrony financial,,20686,6141.0,base
0001601830,"RECURSION PHARMACEUTICALS, INC.",recursion pharmaceuticals,,,,base
0001602065,"Viper Energy, Inc.",viper energy,,,,base
0001602409,"FingerMotion, Inc.",fingermotion,,32367,4812.0,base
0001602658,Investar Holding Corp,investar,,20628,6020.0,base
0001603145,"XPLR Infrastructure, LP",xplr infrastructure lp,,20655,4911.0,base
0001603291,"EASTERN ENERGY GAS HOLDINGS, LLC",eastern energy gas holdings,,18965,4923.0,base
0001603454,Celcuity Inc.,celcuity,,32356,2835.0,base
0001603652,Urgent.ly Inc.,urgently,,,,base
0001603669,COMM 2014-CCRE17 Mortgage Trust,comm 2014ccre17 mortgage trust,,,,base
0001603756,AXONICS INC,axonics,,34342,3845.0,crosswalk
0001603793,"Norris Industries, Inc.",norris industries,,27032,1311.0,base
0001603923,Weatherford International plc,weatherford international,,4367,1381.0,base
0001603978,AQUABOUNTY TECHNOLOGIES INC,aquabounty technologies,,275862,2836.0,base
0001604028,"ADVANCED DRAINAGE SYSTEMS, INC.",advanced drainage systems,,20126,3080.0,base
0001604083,COMM 2014-UBS3 Mortgage Trust,comm 2014ubs3 mortgage trust,,,,base
0001604191,"Entero Therapeutics, Inc.",entero therapeutics,,27699,2836.0,base
0001604464,"Atara Biotherapeutics, Inc.",atara biotherapeutics,,21012,2836.0,base
0001604665,Westlake Chemical Partners LP,westlake chemical partners lp,,20473,2860.0,base
0001604738,Ashford Inc.,ashford,,22119,6282.0,base
0001604778,"Qorvo, Inc.",qorvo,,64853,3674.0,base
0001604821,"Natera, Inc.",natera,,24176,8071.0,base
0001604868,GrowGeneration Corp.,growgeneration,,28515,5200.0,base
0001604950,scPharmaceuticals Inc.,scpharmaceuticals,,32601,2836.0,base
0001605301,"CB Financial Services, Inc.",cb financial services,,18695,6020.0,base
0001605331,AB INTERNATIONAL GROUP CORP.,ab international,,,,base
0001605481,Nevada Canyon Gold Corp.,nevada canyon gold,,22967,1000.0,base
0001605607,"Paramount Group, Inc.",paramount group,,21604,6798.0,base
0001605888,ATLANTIC INTERNATIONAL CORP.,atlantic international,,,,base
0001606163,"Limbach Holdings, Inc.",limbach holdings,,20517,1700.0,base
0001606268,"Via Renewables, Inc.",via renewables,,20740,4931.0,base
0001606366,"El Pollo Loco Holdings, Inc.",el pollo loco holdings,,21124,5812.0,base
0001606498,"AVANOS MEDICAL, INC.",avanos medical,,21352,3842.0,base
0001606745,"Liberty TripAdvisor Holdings, Inc.",liberty tripadvisor holdings,,20699,7370.0,base
0001606757,"Kimball Electronics, Inc.",kimball electronics,,20692,3674.0,base
0001606909,Pangaea Logistics Solutions Ltd.,pangaea logistics solutions,,21904,4412.0,base
0001607484,J.P. Morgan Chase Commercial Mortgage Securities Trust 2014-C20,jp morgan chase commercial mortgage securities trust 2014c20,,,,base
0001607678,"Viking Therapeutics, Inc.",viking therapeutics,,21032,2836.0,base
0001607939,"Udemy, Inc.",udemy,,,,base
0001607962,Lifeward Ltd.,lifeward,,21103,3842.0,base
0001608092,KISSES FROM ITALY INC,kisses from italy,,35682,5812.0,crosswalk
0001609065,"Pathfinder Bancorp, Inc.",pathfinder bancorp,,62123,6020.0,base
0001609151,"Weave Communications, Inc.",weave communications,,,,base
0001609253,California Resources Corp,california resources,,21431,1311.0,base
0001609550,"Inspire Medical Systems, Inc.",inspire medical systems,,33435,3845.0,base
0001609711,GoDaddy Inc.,godaddy,,23071,7370.0,base
0001609804,Orion S.A.,orion sa,,20420,2890.0,base
0001609809,"Seres Therapeutics, Inc.",seres therapeutics,,24177,2836.0,base
0001610250,"Boot Barn Holdings, Inc.",boot barn holdings,,21898,5661.0,base
0001610618,"Cidara Therapeutics, Inc.",cidara therapeutics,,23358,2836.0,base
0001610796,JPMBB Commercial Mortgage Securities Trust 2014-C21,jpmbb commercial mortgage securities trust 2014c21,,,,base
0001610820,BriaCell Therapeutics Corp.,briacell therapeutics,,,,base
0001610853,"HELIUS MEDICAL TECHNOLOGIES, INC.",helius medical technologies,,21000,3845.0,base
0001611052,"PROCORE TECHNOLOGIES, INC.",procore technologies,,,,base
0001611547,Urban Edge Properties,urban edge properties,,22459,6798.0,base
0001611647,"Freshpet, Inc.",freshpet,,21798,2040.0,base
0001611983,Liberty Broadband Corp,liberty broadband,,21227,4812.0,base
0001612126,COMM 2014-UBS4 Mortgage Trust,comm 2014ubs4 mortgage trust,,,,base
0001612630,JOINT Corp,joint,,22082,6794.0,base
0001612720,NextDecade Corp.,nextdecade,,32244,4923.0,base
0001613103,Medtronic plc,medtronic,,7228,3845.0,base
0001613780,DBV Technologies S.A.,dbv technologies sa,,312079,2836.0,base
0001614178,"Yext, Inc.",yext,,30622,7370.0,base
0001614556,Star Alliance International Corp.,star alliance international,,,,base
0001614806,Rithm Property Trust Inc.,rithm property trust,,22853,6798.0,base
0001615063,"Inspired Entertainment, Inc.",inspired entertainment,,29666,7812.0,base
0001615165,"Veritone, Inc.",veritone,,31091,7370.0,base
0001615219,"Salarius Pharmaceuticals, Inc.",salarius pharmaceuticals,,35477,2836.0,base
0001615222,"Moody National REIT II, Inc.",moody national reit ii,,,,base
0001616000,"Xenia Hotels & Resorts, Inc.",xenia hotels resorts,,22983,6798.0,base
0001616156,"WEWARDS, INC.",wewards,,23022,7370.0,base
0001616262,"Rocky Mountain Chocolate Factory, Inc.",rocky mountain chocolate factory,,11976,2060.0,base
0001616318,VISTA OUTDOOR INC,vista outdoor,,22653,3480.0,crosswalk
0001616533,"Penguin Solutions, Inc.",penguin solutions,,31494,3674.0,base
0001616543,"Senseonics Holdings, Inc.",senseonics holdings,,26636,3845.0,base
0001616707,Wayfair Inc.,wayfair,,21540,5961.0,base
0001616788,LEGACY VENTURES INTL INC,legacy ventures intl,,23626,9995.0,crosswalk
0001616862,Axalta Coating Systems Ltd.,axalta coating systems,,22134,2851.0,base
0001617242,Kearny Financial Corp.,kearny financial,,161853,6036.0,base
0001617406,Park Hotels & Resorts Inc.,park hotels resorts,,27394,6798.0,base
0001617553,"ZIPRECRUITER, INC.",ziprecruiter,,,,base
0001617640,"ZILLOW GROUP, INC.",zillow group,,187039,7370.0,base
0001617867,"Autonomix Medical, Inc.",autonomix medical,,,,base
0001618563,National Storage Affiliates Trust,national storage affiliates trust,,23147,6798.0,base
0001618673,Performance Food Group Co,performance food,,28787,5140.0,base
0001618732,"Nutanix, Inc.",nutanix,,26746,7370.0,base
0001618755,Restaurant Brands International Limited Partnership,restaurant brands international limited partnership,,22402,5812.0,base
0001618756,Restaurant Brands International Inc.,restaurant brands international,,164471,5812.0,base
0001618835,"Evofem Biosciences, Inc.",evofem biosciences,,32961,2834.0,base
0001618921,WALGREENS BOOTS ALLIANCE INC,walgreens boots alliance,,11264,5912.0,crosswalk
0001619227,"Cloudweb, Inc.",cloudweb,,24730,9995.0,base
0001619312,"Lightstone Value Plus REIT IV, Inc.",lightstone value plus reit iv,,,,base
0001619856,"Caribou Biosciences, Inc.",caribou biosciences,,,,base
0001620179,EXELA TECHNOLOGIES INC,exela technologies,,32074,7374.0,crosswalk
0001620393,"NexPoint Residential Trust, Inc.",nexpoint residential trust,,23086,6798.0,base
0001620459,"James River Group Holdings, Ltd.",james river group holdings,,163924,6331.0,base
0001620463,"Athira Pharma, Inc.",athira pharma,,36915,2834.0,base
0001620533,Shake Shack Inc.,shake shack,,22672,5812.0,base
0001621227,Adaptimmune Therapeutics PLC,adaptimmune therapeutics,,23574,2836.0,base
0001621368,COMM 2014-UBS6 Mortgage Trust,comm 2014ubs6 mortgage trust,,,,base
0001621379,JPMBB Commercial Mortgage Securities Trust 2014-C24,jpmbb commercial mortgage securities trust 2014c24,,,,base
0001621434,"Black Stone Minerals, L.P.",black stone minerals lp,,23433,1311.0,base
0001621563,SUMMIT MATERIALS INC,summit materials,,22603,1400.0,crosswalk
0001621672,"Super League Enterprise, Inc.",super league enterprise,,34613,7370.0,base
0001621832,"Aqua Metals, Inc.",aqua metals,,24422,4953.0,base
0001621906,Western Uranium & Vanadium Corp.,western uranium vanadium,,27028,1090.0,base
0001622057,NASCENT BIOTECH INC,nascent biotech,,183616,2836.0,crosswalk
0001622194,"Easterly Government Properties, Inc.",easterly government properties,,22674,6798.0,base
0001622229,"Cogent Biosciences, Inc.",cogent biosciences,,36949,2836.0,base
0001622244,"One World Products, Inc.",one world products,,34874,2834.0,base
0001622345,"Polar Power, Inc.",polar power,,28091,3621.0,base
0001622536,Talen Energy Corp,talen energy,,,,base
0001622879,MEDICINE MAN TECHNLOGIES INC,medicine man technlogies,,26751,8742.0,crosswalk
0001623526,"Stoke Therapeutics, Inc.",stoke therapeutics,,35255,2836.0,base
0001623590,FINTECH SCION LTD,fintech scion,,33019,7370.0,crosswalk
0001623925,Antero Midstream Corp,antero midstream,,31109,4922.0,base
0001624322,"Business First Bancshares, Inc.",business first bancshares,,27235,6020.0,base
0001624326,PAVmed Inc.,pavmed,,23705,3841.0,base
0001624512,Boxlight Corp,boxlight,,24421,3861.0,base
0001624517,Yuenglings Ice Cream Corp,yuenglings ice cream,,,,base
0001624794,"CSW INDUSTRIALS, INC.",csw industrials,,24601,3559.0,base
0001624985,Tribal Rides International Corp.,tribal rides international,,,,base
0001625101,"PULSE BIOSCIENCES, INC.",pulse biosciences,,27252,3845.0,base
0001625123,JPMBB Commercial Mortgage Securities Trust 2014-C26,jpmbb commercial mortgage securities trust 2014c26,,,,base
0001625278,"NERDWALLET, INC.",nerdwallet,,,,base
0001625288,NEXIEN BIOPHARMA INC,nexien biopharma,,32603,2834.0,crosswalk
0001625426,COMM 2014-CCRE21 Mortgage Trust,comm 2014ccre21 mortgage trust,,,,base
0001625641,"CS Disco, Inc.",cs disco,,,,base
0001625941,ARES INDUSTRIAL REAL ESTATE INCOME TRUST Inc.,ares industrial real estate income trust,,,,base
0001626115,PJT Partners Inc.,pjt partners,,23247,6200.0,base
0001626199,ALPINE IMMUNE SCIENCES INC,alpine immune sciences,,32245,2836.0,crosswalk
0001626450,"BigCommerce Holdings, Inc.",bigcommerce holdings,,36754,7370.0,base
0001626644,"Odyssey Health, Inc.",odyssey health,,29856,3845.0,base
0001626745,FORTUNE VALLEY TREASURES INC,fortune valley treasures,,34430,5180.0,crosswalk
0001626878,XBiotech Inc.,xbiotech,,23297,2836.0,base
0001626971,"Corvus Pharmaceuticals, Inc.",corvus pharmaceuticals,,26895,2836.0,base
0001627223,Chemours Co,chemours,,22741,2860.0,base
0001627282,CaliberCos Inc.,calibercos,,,,base
0001627469,PHOTOZOU HOLDINGS INC,photozou,,35718,5960.0,crosswalk
0001627475,"UPWORK, INC",upwork,,34101,7361.0,base
0001628063,Seritage Growth Properties,seritage growth properties,,24330,6512.0,base
0001628112,COMM 2015-LC19 Mortgage Trust,comm 2015lc19 mortgage trust,,,,base
0001628171,"Revolution Medicines, Inc.",revolution medicines,,36083,2836.0,base
0001628369,Cushman & Wakefield plc,cushman wakefield,,33809,6531.0,base
0001628808,Profound Medical Corp.,profound medical,,,,base
0001628908,"Evolent Health, Inc.",evolent health,,23818,7372.0,base
0001629019,Merchants Bancorp,merchants bancorp,,32619,6020.0,base
0001629210,Paramount Gold Nevada Corp.,paramount gold nevada,,126036,1040.0,base
0001629665,MULIANG VIAGOO TECHNOLGY INC,muliang viagoo technolgy,,27680,2870.0,crosswalk
0001630031,Brixmor Operating Partnership LP,brixmor operating partnership lp,,22405,6798.0,base
0001630113,BIOTRICITY INC.,biotricity,,26891,3845.0,base
0001630176,HEALTHY EXTRACTS INC.,healthy extracts,,26354,2833.0,base
0001630212,Avalon GloboCare Corp.,avalon globocare,,34382,6512.0,base
0001630472,"TPG RE Finance Trust, Inc.",tpg re finance trust,,31966,6798.0,base
0001630627,"TREACE MEDICAL CONCEPTS, INC.",treace medical concepts,,,,base
0001630690,JPMBB Commercial Mortgage Securities Trust 2015-C27,jpmbb commercial mortgage securities trust 2015c27,,,,base
0001630805,"Babcock & Wilcox Enterprises, Inc.",babcock wilcox enterprises,,23865,3510.0,base
0001631282,DATASEA INC.,datasea,,26415,7372.0,base
0001631406,Morgan Stanley Bank of America Merrill Lynch Trust 2015-C21,morgan stanley bank of america merrill lynch trust 2015c21,,,,base
0001631569,Community Healthcare Trust Inc,community healthcare trust,,23556,6798.0,base
0001631574,Wave Life Sciences Ltd.,wave life sciences,,26340,2836.0,base
0001631596,KKR Real Estate Finance Trust Inc.,kkr real estate finance trust,,31251,6798.0,base
0001632127,"Cable One, Inc.",cable one,,23225,4841.0,base
0001632790,"ENERGIZER HOLDINGS, INC.",energizer holdings,,23083,3690.0,base
0001632814,COMM 2015-DC1 Mortgage Trust,comm 2015dc1 mortgage trust,,,,base
0001632970,"American Healthcare REIT, Inc.",american healthcare reit,,34970,6798.0,base
0001633336,"Crescent Capital BDC, Inc.",crescent capital bdc,,36133,6797.0,base
0001633533,Wells Fargo Commercial Mortgage Trust 2015-C27,wells fargo commercial mortgage trust 2015c27,,,,base
0001633858,Audax Credit BDC Inc.,audax credit bdc,,,,base
0001633917,"PayPal Holdings, Inc.",paypal holdings,,24616,7389.0,base
0001633931,TopBuild Corp,topbuild,,23245,1700.0,base
0001633932,ESSA PHARMA INC,essa pharma,,22964,2836.0,crosswalk
0001633978,Lumentum Holdings Inc.,lumentum,,23249,3661.0,base
0001634117,"Barnes & Noble Education, Inc.",barnes noble education,,23208,5940.0,base
0001634172,CSAIL 2015-C1 Commercial Mortgage Trust,csail 2015c1 commercial mortgage trust,,,,base
0001634293,"Exceed World, Inc.",exceed world,,32171,8200.0,base
0001634447,ISUN INC,isun,,35367,1700.0,crosswalk
0001634452,AB Private Credit Investors Corp,ab private credit investors,,,,base
0001634997,AVANGRID INC,avangrid,,26658,4911.0,crosswalk
0001635077,"Aclarion, Inc.",aclarion,,,,base
0001635088,Roivant Sciences Ltd.,roivant sciences,,,,base
0001635282,"Rimini Street, Inc.",rimini street,,19802,7370.0,base
0001635327,Flutter Entertainment plc,flutter entertainment,,,,base
0001635984,NATIONAL WESTERN LIFE GROUP,national western life,,17073,6311.0,crosswalk
0001636222,Wingstop Inc.,wingstop,,23843,5812.0,base
0001636282,"Spyre Therapeutics, Inc.",spyre therapeutics,,24599,2836.0,base
0001636315,"Kite Realty Group, L.P.",kite realty group lp,,,,base
0001636422,"Health Catalyst, Inc.",health catalyst,,35391,7370.0,base
0001636519,Madison Square Garden Sports Corp.,madison square garden sports,,24481,7900.0,base
0001636651,Ovid Therapeutics Inc.,ovid therapeutics,,31112,2836.0,base
0001637008,JPMBB Commercial Mortgage Securities Trust 2015-C28,jpmbb commercial mortgage securities trust 2015c28,,,,base
0001637207,"Planet Fitness, Inc.",planet fitness,,24861,7997.0,base
0001637459,Kraft Heinz Co,kraft heinz,,5568,2030.0,base
0001637715,"OnKure Therapeutics, Inc.",onkure therapeutics,,,,base
0001637866,"Deep Green Waste & Recycling, Inc.",deep green waste recycling,,36671,9995.0,base
0001637873,ACV Auctions Inc.,acv auctions,,,,base
0001637880,"Tri-State Generation & Transmission Association, Inc.",tristate generation transmission association,,,,base
0001638287,MetaVia Inc.,metavia,,36014,2836.0,base
0001638290,"MasterCraft Boat Holdings, Inc.",mastercraft boat holdings,,24911,3730.0,base
0001638826,"ServiceTitan, Inc.",servicetitan,,,,base
0001638833,"Surgery Partners, Inc.",surgery partners,,25898,8090.0,base
0001639068,Hubilu Venture Corp,hubilu venture,,27237,6513.0,base
0001639300,"Ollie's Bargain Outlet Holdings, Inc.",ollies bargain outlet holdings,,24076,5331.0,base
0001639327,Zhuoxun Hongtu Inc.,zhuoxun hongtu,,29071,8200.0,base
0001639353,CSAIL 2015-C2 Commercial Mortgage Trust,csail 2015c2 commercial mortgage trust,,,,base
0001639438,"CAVA GROUP, INC.",cava group,,,,base
0001639691,LivaNova PLC,livanova,,27810,3845.0,base
0001639825,"PELOTON INTERACTIVE, INC.",peloton interactive,,35627,7370.0,base
0001640147,Snowflake Inc.,snowflake,,339965,7370.0,base
0001640266,"Voyager Therapeutics, Inc.",voyager therapeutics,,26341,2836.0,base
0001640384,"LM FUNDING AMERICA, INC.",lm funding america,,24901,7370.0,base
0001640428,"EverQuote, Inc.",everquote,,33694,7370.0,base
0001640584,JPMBB Commercial Mortgage Securities Trust 2015-C29,jpmbb commercial mortgage securities trust 2015c29,,,,base
0001641281,"Bolt Biotherapeutics, Inc.",bolt biotherapeutics,,37786,2836.0,base
0001641398,GD Culture Group Ltd,gd culture,,33081,8742.0,base
0001641489,vTv Therapeutics Inc.,vtv therapeutics,,24515,2836.0,base
0001641601,River Financial Corp,river financial,,29749,6020.0,base
0001641614,CPI Card Group Inc.,cpi card,,25539,3572.0,base
0001641631,"Beyond Air, Inc.",beyond air,,33467,3845.0,base
0001642122,"Associated Capital Group, Inc.",associated capital group,,26413,6200.0,base
0001642375,GUARDION HEALTH SCIENCS INC,guardion health sciencs,,35018,2834.0,crosswalk
0001642380,Oncocyte Corp,oncocyte,,26669,2836.0,base
0001642453,DASEKE INC,daseke,,24552,4213.0,crosswalk
0001642545,SHOCKWAVE MEDICAL INC,shockwave medical,,34854,3845.0,crosswalk
0001642896,Samsara Inc.,samsara,,,,base
0001643154,"iANTHUS CAPITAL HOLDINGS, INC.",ianthus capital holdings,,28056,2834.0,base
0001643293,COMM 2015-LC21 Mortgage Trust,comm 2015lc21 mortgage trust,,,,base
0001643301,AVENIR WELLNESS SOLUTION INC,avenir wellness solution,,27277,2834.0,crosswalk
0001643615,"Montrose Environmental Group, Inc.",montrose environmental group,,36718,8734.0,base
0001643721,"LEAFBUYER TECHNOLOGIES, INC.",leafbuyer technologies,,29750,7370.0,base
0001643953,"Purple Innovation, Inc.",purple innovation,,33068,2510.0,base
0001643988,LOOP MEDIA INC,loop media,,39874,7830.0,crosswalk
0001644378,RMR GROUP INC.,rmr,,26545,8741.0,base
0001644903,"cbdMD, Inc.",cbdmd,,34621,2834.0,base
0001644943,JPMBB Commercial Mortgage Securities Trust 2015-C30,jpmbb commercial mortgage securities trust 2015c30,,,,base
0001644963,"AVENUE THERAPEUTICS, INC.",avenue therapeutics,,31848,2834.0,base
0001645113,NovoCure Ltd,novocure,,26123,3845.0,base
0001645155,Webstar Technology Group Inc.,webstar technology,,38758,7372.0,base
0001645460,"Cue Biopharma, Inc.",cue biopharma,,32674,2836.0,base
0001645469,Monopar Therapeutics,monopar therapeutics,,35664,2836.0,base
0001645590,Hewlett Packard Enterprise Co,hewlett packard enterprise,,26156,3571.0,base
0001645666,"Kezar Life Sciences, Inc.",kezar life sciences,,33631,2836.0,base
0001645873,"MODIV INDUSTRIAL, INC.",modiv industrial,,39663,6798.0,base
0001646188,Ondas Holdings Inc.,ondas,,33073,3720.0,base
0001646972,"Albertsons Companies, Inc.",albertsons companies,,25645,5411.0,base
0001647088,WillScot Holdings Corp,willscot,,32771,6512.0,base
0001647639,"Upstart Holdings, Inc.",upstart holdings,,37357,6141.0,base
0001647822,"Jingbo Technology, Inc.",jingbo technology,,28401,7372.0,base
0001647980,CSAIL 2015-C3 Commercial Mortgage Trust,csail 2015c3 commercial mortgage trust,,,,base
0001648087,AMERICAN REBEL HOLDINGS INC,american rebel,,40723,2540.0,base
0001648195,COMM 2015-CCRE25 Mortgage Trust,comm 2015ccre25 mortgage trust,,,,base
0001648960,"DatChat, Inc.",datchat,,,,base
0001649094,"Vaxcyte, Inc.",vaxcyte,,36600,2836.0,base
0001649096,Clipper Realty Inc.,clipper realty,,26475,6798.0,base
0001649184,JPMBB Commercial Mortgage Securities Trust 2015-C31,jpmbb commercial mortgage securities trust 2015c31,,,,base
0001649739,BayFirst Financial Corp.,bayfirst financial,,,,base
0001649744,DULUTH HOLDINGS INC.,duluth,,26335,5961.0,base
0001649749,FB Financial Corp,fb financial,,27871,6020.0,base
0001649904,"RHYTHM PHARMACEUTICALS, INC.",rhythm pharmaceuticals,,21601,2836.0,base
0001649989,"Outlook Therapeutics, Inc.",outlook therapeutics,,26817,2836.0,base
0001650101,ADDENTAX GROUP CORP.,addentax,,28093,4210.0,base
0001650132,"Four Corners Property Trust, Inc.",four corners property trust,,26410,6798.0,base
0001650164,"Toast, Inc.",toast,,,,base
0001650372,Atlassian Corp,atlassian,,,,base
0001650648,"4D Molecular Therapeutics, Inc.",4d molecular therapeutics,,35729,2836.0,base
0001650664,"Editas Medicine, Inc.",editas medicine,,26874,2836.0,base
0001650696,"Laird Superfood, Inc.",laird superfood,,36989,2000.0,base
0001650729,"SiteOne Landscape Supply, Inc.",siteone landscape supply,,25893,5080.0,base
0001651308,"BeiGene, Ltd.",beigene,,26376,2836.0,base
0001651311,Merus N.V.,merus nv,,26385,2836.0,base
0001651407,"Checkpoint Therapeutics, Inc.",checkpoint therapeutics,,29013,2836.0,base
0001651562,"Coursera, Inc.",coursera,,,,base
0001651790,COMM 2015-CCRE26 Mortgage Trust,comm 2015ccre26 mortgage trust,,,,base
0001651932,"Xenous Holdings, Inc.",xenous holdings,,28658,9995.0,base
0001651944,DERMTECH INC,dermtech,,20621,2835.0,crosswalk
0001651958,EOS INC.,eos,,28074,5122.0,base
0001652044,Alphabet Inc.,alphabet,,160329,7370.0,base
0001652130,"Intellia Therapeutics, Inc.",intellia therapeutics,,27155,2836.0,base
0001652535,"ICHOR HOLDINGS, LTD.",ichor holdings,,29191,3559.0,base
0001652539,SusGlobal Energy Corp.,susglobal energy,,34391,4950.0,base
0001652561,DSwiss Inc,dswiss,,30092,2844.0,base
0001652935,"ACTUATE THERAPEUTICS, INC.",actuate therapeutics,,,,base
0001652958,"Edgemode, Inc.",edgemode,,34902,7370.0,base
0001653087,"Alector, Inc.",alector,,34616,2836.0,base
0001653323,COMM 2015-CCRE27 Mortgage Trust,comm 2015ccre27 mortgage trust,,,,base
0001653384,Runway Growth Finance Corp.,runway growth finance,,40353,6797.0,base
0001653477,Ingevity Corp,ingevity,,27119,2860.0,base
0001653482,Gitlab Inc.,gitlab,,,,base
0001653558,"Priority Technology Holdings, Inc.",priority technology holdings,,29275,7374.0,base
0001653653,"Red Rock Resorts, Inc.",red rock resorts,,26361,7990.0,base
0001654151,DECIPHERA PHRMCTAL INC,deciphera phrmctal,,32383,2836.0,crosswalk
0001654330,COMM 2015-LC23 Mortgage Trust,comm 2015lc23 mortgage trust,,,,base
0001654595,"Medalist Diversified REIT, Inc.",medalist diversified reit,,34420,6798.0,base
0001655050,"Bain Capital Specialty Finance, Inc.",bain capital specialty finance,,34415,6797.0,base
0001655153,CSAIL 2015-C4 Commercial Mortgage Trust,csail 2015c4 commercial mortgage trust,,,,base
0001655210,"BEYOND MEAT, INC.",beyond meat,,34447,2030.0,base
0001655591,Morgan Stanley Bank of America Merrill Lynch Trust 2015-C26,morgan stanley bank of america merrill lynch trust 2015c26,,,,base
0001655759,"ARVINAS, INC.",arvinas,,34077,2836.0,base
0001655888,Blue Owl Capital Corp,blue owl capital,,33337,6797.0,base
0001656472,Cronos Group Inc.,cronos,,22460,2834.0,base
0001656634,GRITSTONE BIO INC,gritstone bio,,34082,2836.0,crosswalk
0001657045,NEXT-ChemX Corporation.,nextchemx corporation,,27689,3550.0,base
0001657214,International Land Alliance Inc.,international land alliance,,34878,6552.0,base
0001657312,Verona Pharma plc,verona pharma,,284453,2834.0,base
0001657573,"Xometry, Inc.",xometry,,,,base
0001657642,"Skyline Bankshares, Inc.",skyline bankshares,,112159,6020.0,base
0001657788,"Kimbell Royalty Partners, LP",kimbell royalty partners lp,,29760,1311.0,base
0001657853,"HERTZ GLOBAL HOLDINGS, INC",hertz global holdings,,5600,7510.0,base
0001658247,"Crinetics Pharmaceuticals, Inc.",crinetics pharmaceuticals,,33723,2834.0,base
0001658551,"Amylyx Pharmaceuticals, Inc.",amylyx pharmaceuticals,,,,base
0001658566,Permian Resources Corp,permian resources,,26864,1311.0,base
0001659166,Fortive Corp,fortive,,26590,3829.0,base
0001659323,Iterum Therapeutics plc,iterum therapeutics,,33466,2836.0,base
0001659617,"Moleculin Biotech, Inc.",moleculin biotech,,26873,2836.0,base
0001659981,JPMCC Commercial Mortgage Securities Trust 2015-JP1,jpmcc commercial mortgage securities trust 2015jp1,,,,base
0001660134,"Okta, Inc.",okta,,30736,7370.0,base
0001660280,"Tenable Holdings, Inc.",tenable holdings,,33759,7370.0,base
0001660334,Verrica Pharmaceuticals Inc.,verrica pharmaceuticals,,33597,2834.0,base
0001660734,TRITON INTERNATIONAL LTD,triton international,,263277,7359.0,crosswalk
0001661039,"TPT GLOBAL TECH, INC.",tpt global tech,,147891,4812.0,base
0001661053,enVVeno Medical Corp,envveno medical,,32396,3841.0,base
0001661059,"NextCure, Inc.",nextcure,,35090,2836.0,base
0001661136,CSAIL 2016-C5 Commercial Mortgage Trust,csail 2016c5 commercial mortgage trust,,,,base
0001661181,Organogenesis Holdings Inc.,organogenesis,,34562,2836.0,base
0001661306,"Hancock Park Corporate Income, Inc.",hancock park corporate income,,,,base
0001661458,"Highlands REIT, Inc.",highlands reit,,27335,6798.0,base
0001661460,POSEIDA THERAPEUTICS,poseida therapeutics,,34609,2836.0,crosswalk
0001661600,SATIVUS TECH CORP.,sativus tech,,,,base
0001661998,Q32 Bio Inc.,q32 bio,,33240,2836.0,base
0001662574,GROM SOCIAL ENTERPRISES INC,grom social enterprises,,32407,7812.0,crosswalk
0001662579,"C4 Therapeutics, Inc.",c4 therapeutics,,37081,2836.0,base
0001662684,"KULR Technology Group, Inc.",kulr technology group,,33557,3670.0,base
0001662774,"Quince Therapeutics, Inc.",quince therapeutics,,35102,2836.0,base
0001662972,"Blackstone Real Estate Income Trust, Inc.",blackstone real estate income trust,,,,base
0001662991,Sezzle Inc.,sezzle,,,,base
0001663038,Quantumzyme Corp.,quantumzyme,,,,base
0001663244,COMM 2016-DC2 Mortgage Trust,comm 2016dc2 mortgage trust,,,,base
0001663645,CITIGROUP COMMERCIAL MORTGAGE TRUST 2016-GC36,citigroup commercial mortgage trust 2016gc36,,,,base
0001664682,Morgan Stanley Capital I Trust 2016-UBS9,morgan stanley capital i trust 2016ubs9,,,,base
0001664703,Bloom Energy Corp,bloom energy,,33668,3621.0,base
0001664710,"Keros Therapeutics, Inc.",keros therapeutics,,36328,2834.0,base
0001665300,"Phunware, Inc.",phunware,,34584,7370.0,base
0001665918,US Foods Holding Corp.,us foods,,18312,5140.0,base
0001665988,Bioventus Inc.,bioventus,,27644,3845.0,base
0001666071,"Cardlytics, Inc.",cardlytics,,32935,7311.0,base
0001666134,"BLACKLINE, INC.",blackline,,28420,7370.0,base
0001666138,Atkore Inc.,atkore,,27014,3640.0,base
0001666156,JPMBB Commercial Mortgage Securities Trust 2016-C1,jpmbb commercial mortgage securities trust 2016c1,,,,base
0001666244,"Cantor Fitzgerald Income Trust, Inc.",cantor fitzgerald income trust,,,,base
0001666291,"Claros Mortgage Trust, Inc.",claros mortgage trust,,,,base
0001666700,"DuPont de Nemours, Inc.",dupont de nemours,,4060,2820.0,base
0001667011,"Arteris, Inc.",arteris,,,,base
0001667313,"Zedge, Inc.",zedge,,27318,7372.0,base
0001668243,UroGen Pharma Ltd.,urogen pharma,,31061,2836.0,base
0001668370,TOUGHBUILT INDUSTRIES INC,toughbuilt industries,,33781,3420.0,crosswalk
0001668397,"Medpace Holdings, Inc.",medpace holdings,,19998,8731.0,base
0001668673,PETIQ INC,petiq,,32219,2834.0,crosswalk
0001669162,"Kinsale Capital Group, Inc.",kinsale capital group,,27652,6331.0,base
0001669393,Citigroup Commercial Mortgage Trust 2016-P3,citigroup commercial mortgage trust 2016p3,,,,base
0001669779,"Camping World Holdings, Inc.",camping world holdings,,19071,5500.0,base
0001669811,"Donnelley Financial Solutions, Inc.",donnelley financial solutions,,27803,7370.0,base
0001669990,Morgan Stanley Bank of America Merrill Lynch Trust 2016-C29,morgan stanley bank of america merrill lynch trust 2016c29,,,,base
0001670076,"Frontier Group Holdings, Inc.",frontier group holdings,,,,base
0001670541,Adient plc,adient,,27333,2531.0,base
0001670592,"YETI Holdings, Inc.",yeti holdings,,27653,3949.0,base
0001670601,Citigroup Commercial Mortgage Trust 2016-GC37,citigroup commercial mortgage trust 2016gc37,,,,base
0001671284,"NeueHealth, Inc.",neuehealth,,,,base
0001671520,JPMDB Commercial Mortgage Securities Trust 2016-C2,jpmdb commercial mortgage securities trust 2016c2,,,,base
0001671584,Aptevo Therapeutics Inc.,aptevo therapeutics,,27338,2836.0,base
0001671858,"ARS Pharmaceuticals, Inc.",ars pharmaceuticals,,37495,2836.0,base
0001671927,Immunocore Holdings plc,immunocore,,,,base
0001671933,"Trade Desk, Inc.",trade desk,,27885,7370.0,base
0001672013,Acushnet Holdings Corp.,acushnet,,27575,3949.0,base
0001672571,Antiaging Quantum Living Inc.,antiaging quantum living,,37341,7310.0,base
0001672572,Landbay Inc,landbay,,,,base
0001672609,CSAIL 2016-C6 Commercial Mortgage Trust,csail 2016c6 commercial mortgage trust,,,,base
0001672619,"Enliven Therapeutics, Inc.",enliven therapeutics,,36204,2834.0,base
0001672688,Absci Corp,absci,,,,base
0001672909,Canterbury Park Holding Corp,canterbury park,,31099,7990.0,base
0001673358,"Yum China Holdings, Inc.",yum china holdings,,28499,5812.0,base
0001673475,"GPO Plus, Inc.",gpo plus,,28366,7389.0,base
0001673481,Lottery.com Inc.,lotterycom,,40015,7990.0,base
0001673542,Bank of America Merrill Lynch Commercial Mortgage Trust 2016-UBS10,bank of america merrill lynch commercial mortgage trust 2016ubs10,,,,base
0001673772,"RAPT Therapeutics, Inc.",rapt therapeutics,,35429,2836.0,base
0001673985,AdvanSix Inc.,advansix,,28070,2820.0,base
0001674101,Vertiv Holdings Co,vertiv,,36175,3679.0,base
0001674168,Hilton Grand Vacations Inc.,hilton grand vacations,,27393,6532.0,base
0001674227,SCWorx Corp.,scworx,,34766,7370.0,base
0001674335,"JELD-WEN Holding, Inc.",jeldwen holding,,27386,2430.0,base
0001674416,CRISPR Therapeutics AG,crispr therapeutics ag,,28113,2836.0,base
0001674440,Connexa Sports Technologies Inc.,connexa sports technologies,,,,base
0001674632,"Beta Bionics, Inc.",beta bionics,,,,base
0001674862,ASHLAND INC.,ashland,,1794,2820.0,base
0001674910,VALVOLINE INC,valvoline,,27373,5500.0,base
0001674930,"Fulgent Genetics, Inc.",fulgent genetics,,28012,8071.0,base
0001675033,Great Elm Capital Corp.,great elm capital,,29016,6797.0,base
0001675149,Alcoa Corp,alcoa,,27638,3334.0,base
0001675644,"FVCBankcorp, Inc.",fvcbankcorp,,18264,6020.0,base
0001676047,NutriBand Inc.,nutriband,,31942,2834.0,base
0001676163,"SS Innovations International, Inc.",ss innovations international,,,,base
0001676238,"Braze, Inc.",braze,,,,base
0001676479,CAPSTAR FINANCIAL HLDGS INC,capstar financial hldgs,,27945,6020.0,crosswalk
0001676725,"IDEAYA Biosciences, Inc.",ideaya biosciences,,35136,2836.0,base
0001677077,"Alzamend Neuro, Inc.",alzamend neuro,,38791,2836.0,base
0001677390,DBJPM 2016-C3 Mortgage Trust,dbjpm 2016c3 mortgage trust,,,,base
0001677576,INNOVATIVE INDUSTRIAL PROPERTIES INC,innovative industrial properties,,28670,6798.0,base
0001677703,CONDUENT Inc,conduent,,28719,7374.0,base
0001678038,JPMCC Commercial Mortgage Securities Trust 2016-JP2,jpmcc commercial mortgage securities trust 2016jp2,,,,base
0001678105,Caro Holdings Inc.,caro,,35356,5960.0,base
0001678660,Prelude Therapeutics Inc,prelude therapeutics,,37063,2836.0,base
0001678740,Morgan Stanley Capital I Trust 2016-UBS11,morgan stanley capital i trust 2016ubs11,,,,base
0001679049,"International Seaways, Inc.",international seaways,,27706,4412.0,base
0001679063,CHICKEN SOUP FOR SOUL ENTNT,chicken soup for soul entnt,,32322,7812.0,crosswalk
0001679268,"MAMMOTH ENERGY SERVICES, INC.",mammoth energy services,,21834,1389.0,base
0001679273,"Lamb Weston Holdings, Inc.",lamb weston holdings,,28790,2030.0,base
0001679327,CD 2016-CD1 Mortgage Trust,cd 2016cd1 mortgage trust,,,,base
0001679363,MORPHIC HOLDING INC,morphic,,35280,2836.0,crosswalk
0001679420,Wells Fargo Commercial Mortgage Trust 2016-BNK1,wells fargo commercial mortgage trust 2016bnk1,,,,base
0001679688,"DigitalBridge Group, Inc.",digitalbridge group,,183603,6282.0,base
0001679788,"Coinbase Global, Inc.",coinbase global,,,,base
0001679817,"OZOP ENERGY SOLUTIONS, INC.",ozop energy solutions,,36947,3620.0,base
0001680048,"MUSTANG BIO, INC.",mustang bio,,32347,2836.0,base
0001680062,"ACM Research, Inc.",acm research,,32638,3559.0,base
0001680139,HealthLynked Corp,healthlynked,,30587,7370.0,base
0001680247,ProPetro Holding Corp.,propetro,,30145,1389.0,base
0001680367,"Shattuck Labs, Inc.",shattuck labs,,37110,2836.0,base
0001680378,"SenesTech, Inc.",senestech,,28365,2870.0,base
0001680379,"Sterling Bancorp, Inc.",sterling bancorp,,32698,6035.0,base
0001680581,"Fulcrum Therapeutics, Inc.",fulcrum therapeutics,,35376,2836.0,base
0001681087,"Tectonic Therapeutic, Inc.",tectonic therapeutic,,33657,2836.0,base
0001681206,"NI Holdings, Inc.",ni holdings,,29576,6331.0,base
0001681459,TechnipFMC plc,technipfmc,,30923,1389.0,base
0001681622,Varex Imaging Corp,varex imaging,,29004,3844.0,base
0001681682,ENDRA Life Sciences Inc.,endra life sciences,,29418,3845.0,base
0001681903,ICC HOLDINGS INC,icc,,29598,6331.0,crosswalk
0001682149,Datavault AI Inc.,datavault ai,,33725,3674.0,base
0001682220,Sachem Capital Corp.,sachem capital,,30223,6798.0,base
0001682265,Onar Holding Corp,onar,,,,base
0001682639,"EYENOVIA, INC.",eyenovia,,32861,2836.0,base
0001682745,VERRA MOBILITY Corp,verra mobility,,34300,7374.0,base
0001682852,"Moderna, Inc.",moderna,,34410,2836.0,base
0001683252,TOKEN COMMUNITIES LTD,token communities,,35039,3714.0,crosswalk
0001683300,JPMCC Commercial Mortgage Securities Trust 2016-JP3,jpmcc commercial mortgage securities trust 2016jp3,,,,base
0001683553,"SPRUCE BIOSCIENCES, INC.",spruce biosciences,,37105,2836.0,base
0001683606,Cars.com Inc.,carscom,,29155,7370.0,base
0001683695,"International Money Express, Inc.",international money express,,33911,6099.0,base
0001684144,Zomedica Corp.,zomedica,,27247,3845.0,base
0001684682,"CNL Strategic Capital, LLC",cnl strategic capital,,,,base
0001685040,"Brighthouse Financial, Inc.",brighthouse financial,,31774,6311.0,base
0001685054,CD 2016-CD2 Mortgage Trust,cd 2016cd2 mortgage trust,,,,base
0001685766,MOVEIX INC.,moveix,,33899,9995.0,base
0001686850,MOTUS GI HOLDINGS INC,motus gi,,31348,3845.0,crosswalk
0001687031,Morgan Stanley Bank of America Merrill Lynch Trust 2016-C31,morgan stanley bank of america merrill lynch trust 2016c31,,,,base
0001687187,"Ramaco Resources, Inc.",ramaco resources,,29670,1220.0,base
0001687202,JPMDB Commercial Mortgage Securities Trust 2016-C4,jpmdb commercial mortgage securities trust 2016c4,,,,base
0001687221,"REV Group, Inc.",rev group,,185952,3713.0,base
0001687229,Invitation Homes Inc.,invitation homes,,30004,6798.0,base
0001687542,"Freight Technologies, Inc.",freight technologies,,,,base
0001687926,"ZEUUS, INC.",zeuus,,35475,7370.0,base
0001687932,"J.Jill, Inc.",jjill,,30435,5621.0,base
0001688126,Crypto Co,crypto,,31244,7370.0,base
0001688568,DXC Technology Co,dxc technology,,3336,7370.0,base
0001688757,ESTABLISHMENT LABS HOLDINGS INC.,establishment labs,,33779,3842.0,base
0001689084,Qrons Inc.,qrons,,32126,2836.0,base
0001689111,JPMCC Commercial Mortgage Securities Trust 2016-JP4,jpmcc commercial mortgage securities trust 2016jp4,,,,base
0001689375,"Entrada Therapeutics, Inc.",entrada therapeutics,,,,base
0001689548,"Praxis Precision Medicines, Inc.",praxis precision medicines,,37187,2836.0,base
0001689796,JBG SMITH Properties,jbg smith properties,,32154,6798.0,base
0001689923,ALTERYX INC,alteryx,,30655,7370.0,crosswalk
0001690012,"InPoint Commercial Real Estate Income, Inc.",inpoint commercial real estate income,,39662,6798.0,base
0001690080,180 Life Sciences Corp.,180 life sciences,,37350,2834.0,base
0001690255,CITIGROUP COMMERCIAL MORTGAGE TRUST 2016-P6,citigroup commercial mortgage trust 2016p6,,,,base
0001690334,SEACOR Marine Holdings Inc.,seacor marine,,31384,4412.0,base
0001690536,"FS Credit Real Estate Income Trust, Inc.",fs credit real estate income trust,,,,base
0001690577,Morgan Stanley Bank of America Merrill Lynch Trust 2016-C32,morgan stanley bank of america merrill lynch trust 2016c32,,,,base
0001690585,"Dianthus Therapeutics, Inc. /DE/",dianthus therapeutics inc de,,33500,2836.0,base
0001690680,"NEWMARK GROUP, INC.",newmark group,,32748,6531.0,base
0001690820,CARVANA CO.,carvana,,30999,5500.0,base
0001691303,"WARRIOR MET COAL, INC.",warrior met coal,,30397,1220.0,base
0001691421,"Lemonade, Inc.",lemonade,,36692,6331.0,base
0001691936,STRYVE FOODS INC,stryve foods,,39301,2013.0,crosswalk
0001692063,"Schneider National, Inc.",schneider national,,264193,4210.0,base
0001692115,"Southwest Gas Holdings, Inc.",southwest gas holdings,,9890,4923.0,base
0001692376,"Velocity Financial, Inc.",velocity financial,,35781,6162.0,base
0001692412,Playa Hotels & Resorts N.V.,playa hotels resorts nv,,28370,7011.0,base
0001692415,"Co-Diagnostics, Inc.",codiagnostics,,31542,2835.0,base
0001692427,"NCS Multistage Holdings, Inc.",ncs multistage holdings,,31005,3533.0,base
0001692787,Kinetik Holdings Inc.,kinetik,,34414,4922.0,base
0001692819,Vistra Corp.,vistra,,157373,4911.0,base
0001693011,"Inozyme Pharma, Inc.",inozyme pharma,,36769,2836.0,base
0001693256,"Select Water Solutions, Inc.",select water solutions,,29680,1389.0,base
0001693368,CD 2017-CD3 Mortgage Trust,cd 2017cd3 mortgage trust,,,,base
0001693577,"MainStreet Bancshares, Inc.",mainstreet bancshares,,164724,6020.0,base
0001693687,GREENLIT VENTURES INC.,greenlit ventures,,40298,8742.0,base
0001694028,Liberty Energy Inc.,liberty energy,,30284,1389.0,base
0001694426,"Delek US Holdings, Inc.",delek us holdings,,166563,2911.0,base
0001694617,"Royale Energy, Inc.",royale energy,,28791,1311.0,base
0001695154,JPMCC Commercial Mortgage Securities Trust 2017-JP5,jpmcc commercial mortgage securities trust 2017jp5,,,,base
0001695295,"HYDROFARM HOLDINGS GROUP, INC.",hydrofarm holdings group,,345920,3524.0,base
0001695473,"Greater Cannabis Company, Inc.",greater cannabis company,,,,base
0001696195,KINETIC GROUP INC.,kinetic,,,,base
0001696558,"Jerash Holdings (US), Inc.",jerash holdings us,,33476,2300.0,base
0001697500,"Solaris Energy Infrastructure, Inc.",solaris energy infrastructure,,30547,7359.0,base
0001697532,"Applied Therapeutics, Inc.",applied therapeutics,,35091,2836.0,base
0001697851,"Rekor Systems, Inc.",rekor systems,,30280,7370.0,base
0001698022,"Farmers & Merchants Bancshares, Inc.",farmers merchants bancshares,,121975,6020.0,base
0001698530,"EXICURE, INC.",exicure,,33499,2836.0,base
0001698538,"Strategic Student & Senior Housing Trust, Inc.",strategic student senior housing trust,,36038,6798.0,base
0001698990,Magnolia Oil & Gas Corp,magnolia oil gas,,31252,1311.0,base
0001698991,"Accel Entertainment, Inc.",accel entertainment,,36550,7990.0,base
0001699031,"GRAIL, Inc.",grail,,,,base
0001699039,"Ranger Energy Services, Inc.",ranger energy services,,31845,1389.0,base
0001699099,JPMDB Commercial Mortgage Securities Trust 2017-C5,jpmdb commercial mortgage securities trust 2017c5,,,,base
0001699136,"Cactus, Inc.",cactus,,32938,3533.0,base
0001699150,Ingersoll Rand Inc.,ingersoll rand,,30098,3560.0,base
0001699382,"PMV Pharmaceuticals, Inc.",pmv pharmaceuticals,,37036,2836.0,base
0001699838,"Confluent, Inc.",confluent,,,,base
0001700844,EvoAir Holdings Inc.,evoair,,36576,3585.0,base
0001700849,VADO CORP,vado,,34914,7310.0,crosswalk
0001701051,"WideOpenWest, Inc.",wideopenwest,,31466,4813.0,base
0001701108,"Spero Therapeutics, Inc.",spero therapeutics,,32525,2836.0,base
0001701478,"Azitra, Inc.",azitra,,,,base
0001701541,"Black Diamond Therapeutics, Inc.",black diamond therapeutics,,36052,2836.0,base
0001701605,Baker Hughes Co,baker hughes,,32106,1389.0,base
0001701638,JPMCC Commercial Mortgage Securities Trust 2017-JP6,jpmcc commercial mortgage securities trust 2017jp6,,,,base
0001701732,Altair Engineering Inc.,altair engineering,,32530,7372.0,base
0001701756,Sadot Group Inc.,sadot,,35967,100.0,base
0001701758,Lovesac Co,lovesac,,33425,2510.0,base
0001701963,Versus Systems Inc.,versus systems,,,,base
0001702494,"AEP Transmission Company, LLC",aep transmission company,,,,base
0001702744,Simply Good Foods Co,simply good foods,,27576,2060.0,base
0001702746,Morgan Stanley Bank of America Merrill Lynch Trust 2017-C33,morgan stanley bank of america merrill lynch trust 2017c33,,,,base
0001702750,"BYLINE BANCORP, INC.",byline bancorp,,31585,6020.0,base
0001702780,"Altice USA, Inc.",altice usa,,12485,4841.0,base
0001702924,"WRAP TECHNOLOGIES, INC.",wrap technologies,,33550,3690.0,base
0001703056,ADT Inc.,adt,,32930,7380.0,base
0001703057,AbCellera Biologics Inc.,abcellera biologics,,37527,2836.0,base
0001703073,VIVIC CORP.,vivic,,33762,8742.0,base
0001703157,"Securetech Innovations, Inc.",securetech innovations,,36449,3714.0,base
0001703644,Granite Point Mortgage Trust Inc.,granite point mortgage trust,,31994,6798.0,base
0001703647,"Korro Bio, Inc.",korro bio,,35647,2836.0,base
0001703956,"Concrete Pumping Holdings, Inc.",concrete pumping holdings,,32098,1700.0,base
0001704292,Zai Lab Ltd,zai lab,,32334,2836.0,base
0001704711,"Funko, Inc.",funko,,32528,3942.0,base
0001704715,"Alpha Metallurgical Resources, Inc.",alpha metallurgical resources,,27841,1220.0,base
0001704720,"Cannae Holdings, Inc.",cannae holdings,,20960,5812.0,base
0001704795,BANTEC INC,bantec,,32906,3760.0,crosswalk
0001705012,"Fat Brands, Inc",fat brands,,32592,5812.0,base
0001705110,Angi Inc.,angi,,32502,7370.0,base
0001705696,VICI PROPERTIES INC.,vici properties,,32580,6798.0,base
0001705843,"Cibus, Inc.",cibus,,32193,2836.0,base
0001705873,Berry Corp (bry),berry corp bry,,13431,1311.0,base
0001706303,BANK 2017-BNK5,bank 2017bnk5,,,,base
0001706403,DBJPM 2017-C6 Mortgage Trust,dbjpm 2017c6 mortgage trust,,,,base
0001706431,"Vir Biotechnology, Inc.",vir biotechnology,,35638,2836.0,base
0001706509,Cosmos Group Holdings Inc.,cosmos,,33183,5961.0,base
0001706524,"urban-gro, Inc.",urbangro,,35541,3523.0,base
0001706946,"Virgin Galactic Holdings, Inc",virgin galactic holdings,,35808,4700.0,base
0001707502,Solid Biosciences Inc.,solid biosciences,,32894,2836.0,base
0001707753,Elastic N.V.,elastic nv,,34243,7372.0,base
0001707817,Wells Fargo Commercial Mortgage Trust 2017-C38,wells fargo commercial mortgage trust 2017c38,,,,base
0001707925,LINDE PLC,linde,,25124,2810.0,base
0001708035,Ecovyst Inc.,ecovyst,,32285,2810.0,base
0001708055,Ribbon Communications Inc.,ribbon communications,,135965,7373.0,base
0001708176,Hall of Fame Resort & Entertainment Co,hall of fame resort entertainment,,36701,7900.0,base
0001708331,"Virpax Pharmaceuticals, Inc.",virpax pharmaceuticals,,37549,2834.0,base
0001708341,Allied Gaming & Entertainment Inc.,allied gaming entertainment,,35552,7900.0,base
0001708527,ELUTIA INC.,elutia,,36985,2836.0,base
0001708599,"Serina Therapeutics, Inc.",serina therapeutics,,34469,2836.0,base
0001709164,Hamilton Beach Brands Holding Co,hamilton beach brands,,32352,3630.0,base
0001709442,FIRSTSUN CAPITAL BANCORP,firstsun capital bancorp,,,,base
0001709628,"CLOUDASTRUCTURE, INC.",cloudastructure,,,,base
0001709682,"Custom Truck One Source, Inc.",custom truck one source,,35490,7359.0,base
0001709967,JPMCC Commercial Mortgage Securities Trust 2017-JP7,jpmcc commercial mortgage securities trust 2017jp7,,,,base
0001710155,"National Vision Holdings, Inc.",national vision holdings,,32574,5990.0,base
0001710261,BANK 2017-BNK6,bank 2017bnk6,,,,base
0001710340,"Eton Pharmaceuticals, Inc.",eton pharmaceuticals,,33997,2834.0,base
0001710350,"Bit Digital, Inc",bit digital,,,,base
0001710360,CD 2017-CD5 MORTGAGE TRUST,cd 2017cd5 mortgage trust,,,,base
0001710366,"Core Natural Resources, Inc.",core natural resources,,32372,1220.0,base
0001710482,"John Marshall Bancorp, Inc.",john marshall bancorp,,,,base
0001710798,Wells Fargo Commercial Mortgage Trust 2017-C39,wells fargo commercial mortgage trust 2017c39,,,,base
0001711012,Senmiao Technology Ltd,senmiao technology,,32647,6159.0,base
0001711142,UBS Commercial Mortgage Trust 2017-C2,ubs commercial mortgage trust 2017c2,,,,base
0001711269,"Evergy, Inc.",evergy,,6338,4931.0,base
0001711279,"Krystal Biotech, Inc.",krystal biotech,,32348,2836.0,base
0001711754,"Inmune Bio, Inc.",inmune bio,,34078,2836.0,base
0001711786,"Hoth Therapeutics, Inc.",hoth therapeutics,,34566,2836.0,base
0001711929,"Starwood Real Estate Income Trust, Inc.",starwood real estate income trust,,,,base
0001711933,"Akoya Biosciences, Inc.",akoya biosciences,,,,base
0001712184,Liberty Latin America Ltd.,liberty latin america,,24724,4813.0,base
0001712189,Target Hospitality Corp.,target hospitality,,34941,6510.0,base
0001712463,Ranpak Holdings Corp.,ranpak,,32558,2670.0,base
0001712762,"bioAffinity Technologies, Inc.",bioaffinity technologies,,,,base
0001713210,Agape ATP Corp,agape atp,,34144,5122.0,base
0001713226,UBS Commercial Mortgage Trust 2017-C3,ubs commercial mortgage trust 2017c3,,,,base
0001713445,"Reddit, Inc.",reddit,,,,base
0001713683,"Zscaler, Inc.",zscaler,,33037,7370.0,base
0001713863,"Rafael Holdings, Inc.",rafael holdings,,33184,2836.0,base
0001714174,Burford Capital Ltd,burford capital,,,,base
0001714679,BANK 2017-BNK7,bank 2017bnk7,,,,base
0001714899,Denali Therapeutics Inc.,denali therapeutics,,32775,2836.0,base
0001715819,ELECTROMEDICAL TECHLOGIES IN,electromedical techlogies in,,35360,3845.0,crosswalk
0001715824,CITIGROUP COMMERCIAL MORTGAGE TRUST 2017-P8,citigroup commercial mortgage trust 2017p8,,,,base
0001715846,Morgan Stanley Bank of America Merrill Lynch Trust 2017-C34,morgan stanley bank of america merrill lynch trust 2017c34,,,,base
0001716166,"Vivos Therapeutics, Inc.",vivos therapeutics,,37290,3841.0,base
0001716186,JPMDB Commercial Mortgage Securities Trust 2017-C7,jpmdb commercial mortgage securities trust 2017c7,,,,base
0001716187,Wells Fargo Commercial Mortgage Trust 2017-C40,wells fargo commercial mortgage trust 2017c40,,,,base
0001716558,"American Homes 4 Rent, L.P.",american homes 4 rent lp,,,,base
0001716583,HYZON MOTORS INC,hyzon motors,,39273,3713.0,crosswalk
0001716602,CSAIL 2017-CX9 Commercial Mortgage Trust,csail 2017cx9 commercial mortgage trust,,,,base
0001716621,"Catheter Precision, Inc.",catheter precision,,33824,3845.0,base
0001716947,"Ensysce Biosciences, Inc.",ensysce biosciences,,39160,2836.0,base
0001717115,"Tempus AI, Inc.",tempus ai,,,,base
0001717307,Industrial Logistics Properties Trust,industrial logistics properties trust,,32751,6798.0,base
0001717310,"Venture Lending & Leasing IX, Inc.",venture lending leasing ix,,,,base
0001717547,"BrightSpire Capital, Inc.",brightspire capital,,33066,6798.0,base
0001718224,"BT Brands, Inc.",bt brands,,36481,5812.0,base
0001718227,"Construction Partners, Inc.",construction partners,,33424,1600.0,base
0001718304,CITIGROUP COMMERCIAL MORTGAGE TRUST 2017-C4,citigroup commercial mortgage trust 2017c4,,,,base
0001718405,HYCROFT MINING HOLDING CORP,hycroft mining,,177405,1040.0,base
0001718500,"Axil Brands, Inc.",axil brands,,33812,3651.0,base
0001718512,Gates Industrial Corp plc,gates industrial corp,,32886,3560.0,base
0001718939,T Stamp Inc,t stamp,,,,base
0001719195,UBS Commercial Mortgage Trust 2017-C5,ubs commercial mortgage trust 2017c5,,,,base
0001719199,Wells Fargo Commercial Mortgage Trust 2017-C41,wells fargo commercial mortgage trust 2017c41,,,,base
0001719406,"NRX Pharmaceuticals, Inc.",nrx pharmaceuticals,,38874,2834.0,base
0001719714,Mereo BioPharma Group plc,mereo biopharma,,,,base
0001720025,Allegro Merger Corp.,allegro merger,,33758,9995.0,base
0001720116,"Red Violet, Inc.",red violet,,33233,7370.0,base
0001720286,INTERNET SCIENCES INC.,internet sciences,,,,base
0001720420,IBEX Ltd,ibex,,,,base
0001720474,CSAIL 2017-CX10 Commercial Mortgage Trust,csail 2017cx10 commercial mortgage trust,,,,base
0001720580,"Adicet Bio, Inc.",adicet bio,,36987,2836.0,base
0001720592,Repay Holdings Corp,repay,,33693,7389.0,base
0001720635,nVent Electric plc,nvent electric,,326688,3440.0,base
0001720748,CCUBS Commercial Mortgage Trust 2017-C1,ccubs commercial mortgage trust 2017c1,,,,base
0001720893,"BioXcel Therapeutics, Inc.",bioxcel therapeutics,,32941,2836.0,base
0001720990,FISKER INC,fisker,,37318,3711.0,crosswalk
0001721386,Landsea Homes Corp,landsea homes,,37713,1520.0,base
0001721484,Longeveron Inc.,longeveron,,37807,2836.0,base
0001721741,"Lazydays Holdings, Inc.",lazydays holdings,,26218,5500.0,base
0001721781,AEP Texas Inc.,aep texas,,,,base
0001721905,UBS Commercial Mortgage Trust 2017-C6,ubs commercial mortgage trust 2017c6,,,,base
0001721947,Jamf Holding Corp.,jamf,,36717,7370.0,base
0001722010,OP Bancorp,op bancorp,,164395,6020.0,base
0001722194,Benchmark 2018-B1 Mortgage Trust,benchmark 2018b1 mortgage trust,,,,base
0001722438,DOMA HOLDINGS INC,doma,,39357,6361.0,crosswalk
0001722482,"Avantor, Inc.",avantor,,35065,3826.0,base
0001722684,"WYNDHAM HOTELS & RESORTS, INC.",wyndham hotels resorts,,33243,7011.0,base
0001722731,"FDCTECH, INC.",fdctech,,35797,7372.0,base
0001722964,"Y-mAbs Therapeutics, Inc.",ymabs therapeutics,,34135,2836.0,base
0001723059,Bio Essence Corp,bio essence,,41092,2836.0,base
0001723089,ChampionX Corp,championx,,33326,3533.0,base
0001723128,"Amneal Pharmaceuticals, Inc.",amneal pharmaceuticals,,18888,2834.0,base
0001723580,BURGERFI INTERNATIONAL INC,burgerfi international,,33138,5812.0,crosswalk
0001723596,"Columbia Financial, Inc.",columbia financial,,33056,6035.0,base
0001723788,Bitwise 10 Crypto Index Fund,bitwise 10 crypto index fund,,,,base
0001724009,PermRock Royalty Trust,permrock royalty trust,,33428,1311.0,base
0001724177,UBS Commercial Mortgage Trust 2017-C7,ubs commercial mortgage trust 2017c7,,,,base
0001724521,"Arcus Biosciences, Inc.",arcus biosciences,,33133,2836.0,base
0001724965,TALOS ENERGY INC.,talos energy,,17228,1311.0,base
0001725057,"Dayforce, Inc.",dayforce,,23546,7370.0,base
0001725134,DIGITAL MEDIA SOLUTIONS INC,digital media solutions,,36748,7310.0,crosswalk
0001725160,"Zentalis Pharmaceuticals, Inc.",zentalis pharmaceuticals,,36301,2836.0,base
0001725255,AdaptHealth Corp.,adapthealth,,35852,5047.0,base
0001725430,INTELLIGENT BIO SOLUTIONS INC.,intelligent bio solutions,,35422,3845.0,base
0001725872,BM TECHNOLOGIES INC,bm technologies,,37673,7370.0,crosswalk
0001726079,"Lucent, Inc.",lucent,,36938,3600.0,base
0001726126,Epsilon Energy Ltd.,epsilon energy,,178674,1311.0,base
0001726173,Biglari Holdings Inc.,biglari,,3424,5812.0,base
0001726445,"Seer, Inc.",seer,,37425,8731.0,base
0001726711,"Aditxt, Inc.",aditxt,,35958,2834.0,base
0001726978,"Goosehead Insurance, Inc.",goosehead insurance,,33421,6411.0,base
0001727196,Scholar Rock Holding Corp,scholar rock,,33445,2836.0,base
0001727255,Chilean Cobalt Corp.,chilean cobalt,,,,base
0001727263,"Frontdoor, Inc.",frontdoor,,33951,7600.0,base
0001728117,"Gossamer Bio, Inc.",gossamer bio,,34578,2836.0,base
0001728205,Piedmont Lithium Inc.,piedmont lithium,,,,base
0001728328,InMed Pharmaceuticals Inc.,inmed pharmaceuticals,,64717,2834.0,base
0001728339,BENCHMARK 2018-B2 Mortgage Trust,benchmark 2018b2 mortgage trust,,,,base
0001728688,"i3 Verticals, Inc.",i3 verticals,,33638,7374.0,base
0001728951,"ESSENTIAL PROPERTIES REALTY TRUST, INC.",essential properties realty trust,,33684,6798.0,base
0001729149,"VIEMED HEALTHCARE, INC.",viemed healthcare,,32860,8090.0,base
0001729427,"CNS Pharmaceuticals, Inc.",cns pharmaceuticals,,35403,2834.0,base
0001729637,Karbon-X Corp.,karbonx,,39328,4950.0,base
0001729944,"IMAC Holdings, Inc.",imac holdings,,34163,2836.0,base
0001729997,Grayscale Digital Large Cap Fund LLC,grayscale digital large cap fund,,,,base
0001730168,Broadcom Inc.,broadcom,,180711,3674.0,base
0001730430,"Kiniksa Pharmaceuticals International, plc",kiniksa pharmaceuticals international,,33447,2836.0,base
0001730463,Autolus Therapeutics plc,autolus therapeutics,,,,base
0001730773,Blue Star Foods Corp.,blue star foods,,36213,2090.0,base
0001730869,EVERYTHING BLOCKCHAIN INC,everything blockchain,,36314,7370.0,crosswalk
0001730984,BayCom Corp,baycom,,161023,6020.0,base
0001731044,CITIGROUP COMMERCIAL MORTGAGE TRUST 2018-B2,citigroup commercial mortgage trust 2018b2,,,,base
0001731056,GS Mortgage Securities Trust 2018-GS9,gs mortgage securities trust 2018gs9,,,,base
0001731289,Nikola Corp,nikola,,36565,3711.0,base
0001731348,"Tilray Brands, Inc.",tilray brands,,22387,2834.0,base
0001732406,Grayscale Litecoin Trust (LTC),grayscale litecoin trust ltc,,,,base
0001732409,Grayscale Bitcoin Cash Trust (BCH),grayscale bitcoin cash trust bch,,,,base
0001732963,CSAIL 2018-CX11 Commercial Mortgage Trust,csail 2018cx11 commercial mortgage trust,,,,base
0001733294,Generation Bio Co.,generation bio,,36599,2836.0,base
0001733413,TFF PHARMACEUTICALS INC,tff pharmaceuticals,,35611,2834.0,crosswalk
0001733443,"5&2 Studios, Inc.",52 studios,,,,base
0001733998,Northwest Natural Holding Co,northwest natural,,7993,4924.0,base
0001734103,BENCHMARK 2018-B3 COMMERCIAL MORTGAGE TRUST,benchmark 2018b3 commercial mortgage trust,,,,base
0001734342,Amerant Bancorp Inc.,amerant bancorp,,33999,6020.0,base
0001734713,"BrightView Holdings, Inc.",brightview holdings,,33637,700.0,base
0001734722,"UiPath, Inc.",uipath,,,,base
0001734750,Movano Inc.,movano,,,,base
0001735041,Greenland Technologies Holding Corp.,greenland technologies,,35810,3569.0,base
0001735438,MeiraGTx Holdings plc,meiragtx,,33595,2836.0,base
0001735646,JPMDB Commercial Mortgage Securities Trust 2018-C8,jpmdb commercial mortgage securities trust 2018c8,,,,base
0001735707,Garrett Motion Inc.,garrett motion,,34051,3714.0,base
0001736035,Blackstone Secured Lending Fund,blackstone secured lending fund,,39989,6797.0,base
0001736243,"Acurx Pharmaceuticals, Inc.",acurx pharmaceuticals,,,,base
0001736297,"Astera Labs, Inc.",astera labs,,,,base
0001736730,Camp4 Therapeutics Corp,camp4 therapeutics,,,,base
0001736862,UBS Commercial Mortgage Trust 2018-C10,ubs commercial mortgage trust 2018c10,,,,base
0001736946,"Arlo Technologies, Inc.",arlo technologies,,33766,3669.0,base
0001737193,Luduson G Inc.,luduson g,,34597,8742.0,base
0001737287,"Allogene Therapeutics, Inc.",allogene therapeutics,,34161,2836.0,base
0001737523,BioNexus Gene Lab Corp,bionexus gene lab,,36311,5160.0,base
0001737706,Seadrill Ltd,seadrill,,,,base
0001737924,Nuveen Churchill Direct Lending Corp.,nuveen churchill direct lending,,43884,6797.0,base
0001737927,Canopy Growth Corp,canopy growth,,20096,2833.0,base
0001737953,"Replimune Group, Inc.",replimune group,,33719,2836.0,base
0001738021,"Compass Therapeutics, Inc.",compass therapeutics,,37364,2836.0,base
0001738177,CAMBIUM NETWORKS CORP,cambium networks,,35373,3663.0,crosswalk
0001738827,"KLX Energy Services Holdings, Inc.",klx energy services holdings,,,,base
0001739104,Elanco Animal Health Inc,elanco animal health,,33955,2834.0,base
0001739174,BiomX Inc.,biomx,,35814,2836.0,base
0001739410,Rallybio Corp,rallybio,,,,base
0001739445,"Arcosa, Inc.",arcosa,,328795,3440.0,base
0001739566,"Utz Brands, Inc.",utz brands,,34259,2090.0,base
0001739614,INHIBRX INC,inhibrx,,35306,2836.0,crosswalk
0001739940,Cigna Group,cigna,,2547,6324.0,base
0001739942,SolarWinds Corp,solarwinds,,179690,7370.0,base
0001740040,UBS Commercial Mortgage Trust 2018-C11,ubs commercial mortgage trust 2018c11,,,,base
0001740279,"IN8BIO, INC.",in8bio,,,,base
0001740332,"RESIDEO TECHNOLOGIES, INC.",resideo technologies,,34053,5065.0,base
0001740450,CITIGROUP COMMERCIAL MORTGAGE TRUST 2018-C5,citigroup commercial mortgage trust 2018c5,,,,base
0001740797,AVANT TECHNOLOGIES INC.,avant technologies,,35156,7370.0,base
0001740849,Benchmark 2018-B4 Mortgage Trust,benchmark 2018b4 mortgage trust,,,,base
0001741489,"Elvictor Group, Inc.",elvictor group,,35400,7361.0,base
0001741830,"Kronos Bio, Inc.",kronos bio,,37102,2836.0,base
0001742313,Monroe Capital Income Plus Corp,monroe capital income plus,,,,base
0001742383,Morgan Stanley Capital I Trust 2018-H3,morgan stanley capital i trust 2018h3,,,,base
0001742927,"REVIVA PHARMACEUTICALS HOLDINGS, INC.",reviva pharmaceuticals holdings,,37534,2834.0,base
0001743415,SCP Private Credit Income BDC LLC,scp private credit income bdc,,,,base
0001743725,"GRID DYNAMICS HOLDINGS, INC.",grid dynamics holdings,,36293,7370.0,base
0001743745,"Greenlane Holdings, Inc.",greenlane holdings,,35009,5099.0,base
0001743759,"Corsair Gaming, Inc.",corsair gaming,,37090,3570.0,base
0001743881,"BridgeBio Pharma, Inc.",bridgebio pharma,,35264,2836.0,base
0001744489,Walt Disney Co,walt disney,,3980,4888.0,base
0001744494,"ADVENT TECHNOLOGIES HOLDINGS, INC.",advent technologies holdings,,38001,3690.0,base
0001744659,"Akero Therapeutics, Inc.",akero therapeutics,,35267,2836.0,base
0001745032,"Lodging Fund REIT III, Inc.",lodging fund reit iii,,,,base
0001745078,"Vynleads, Inc.",vynleads,,,,base
0001745529,Benchmark 2018-B5 Mortgage Trust,benchmark 2018b5 mortgage trust,,,,base
0001745916,"PennyMac Financial Services, Inc.",pennymac financial services,,17306,6162.0,base
0001745999,Beam Therapeutics Inc.,beam therapeutics,,35714,2836.0,base
0001746109,Bank First Corp,bank first,,150803,6020.0,base
0001746119,Vanguard Green Investment Ltd,vanguard green investment,,36585,7200.0,base
0001746129,Bank7 Corp.,bank7,,34132,6020.0,base
0001746278,GOLOGIQ INC,gologiq,,37378,7370.0,crosswalk
0001746406,CD 2018-CD7 Mortgage Trust,cd 2018cd7 mortgage trust,,,,base
0001746466,"Equillium, Inc.",equillium,,34164,2836.0,base
0001746473,"PLIANT THERAPEUTICS, INC.",pliant therapeutics,,36464,2834.0,base
0001746618,"Revolve Group, Inc.",revolve group,,34467,5961.0,base
0001747009,EQUITRANS MID CORP,equitrans mid,,34337,4922.0,crosswalk
0001747068,"MetroCity Bankshares, Inc.",metrocity bankshares,,27111,6020.0,base
0001747079,Bally's Corp,ballys,,27240,7990.0,base
0001747172,"Kayne Anderson BDC, Inc.",kayne anderson bdc,,45373,6797.0,base
0001747777,Blue Owl Technology Finance Corp.,blue owl technology finance,,51878,6799.0,base
0001748137,NeoVolta Inc.,neovolta,,,,base
0001748790,Amcor plc,amcor,,100243,2670.0,base
0001748824,Acadian Asset Management Inc.,acadian asset management,,21019,6282.0,base
0001748945,Grayscale Horizen Trust (ZEN),grayscale horizen trust zen,,,,base
0001749723,New Fortress Energy Inc.,new fortress energy,,34418,4924.0,base
0001750106,Alset Inc.,alset,,36005,6552.0,base
0001750149,"Inhibikase Therapeutics, Inc.",inhibikase therapeutics,,36787,2836.0,base
0001750153,CANOO INC,canoo,,37576,3711.0,crosswalk
0001750284,"Olema Pharmaceuticals, Inc.",olema pharmaceuticals,,37412,2836.0,base
0001750735,Meridian Corp,meridian,,32665,6020.0,base
0001751008,AppLovin Corp,applovin,,,,base
0001751707,OZ VISION INC.,oz vision,,35534,4210.0,base
0001751743,Morgan Stanley Capital I Trust 2018-L1,morgan stanley capital i trust 2018l1,,,,base
0001751783,"Rhinebeck Bancorp, Inc.",rhinebeck bancorp,,34338,6036.0,base
0001751788,DOW INC.,dow,,34443,2821.0,base
0001751874,BENCHMARK 2018-B6 MORTGAGE TRUST,benchmark 2018b6 mortgage trust,,,,base
0001752036,CALIFORNIA BANCORP,california bancorp,,178923,6020.0,crosswalk
0001752363,DBGS 2018-C1 Mortgage Trust,dbgs 2018c1 mortgage trust,,,,base
0001752372,Ezagoo Ltd,ezagoo,,36177,7310.0,base
0001752474,KLDISCOVERY INC,kldiscovery,,36107,7370.0,crosswalk
0001752828,Celularity Inc,celularity,,39277,2836.0,base
0001753162,Fathom Holdings Inc.,fathom,,36084,6531.0,base
0001753373,"M2i Global, Inc.",m2i global,,39394,5051.0,base
0001753539,BlackSky Technology Inc.,blacksky technology,,39621,7370.0,base
0001753706,WHOLE EARTH BRANDS INC,whole earth brands,,35053,2090.0,crosswalk
0001754068,"Allovir, Inc.",allovir,,36786,2836.0,base
0001754170,AerSale Corp,aersale,,37587,5080.0,base
0001754195,Trulieve Cannabis Corp.,trulieve cannabis,,34214,2834.0,base
0001754226,"Orange County Bancorp, Inc. /DE/",orange county bancorp inc de,,,,base
0001754301,Fox Corp,fox,,34636,4833.0,base
0001754820,DESKTOP METAL INC,desktop metal,,37537,3555.0,crosswalk
0001754913,BBCMS Mortgage Trust 2018-C2,bbcms mortgage trust 2018c2,,,,base
0001755237,"Cyclerion Therapeutics, Inc.",cyclerion therapeutics,,34746,2836.0,base
0001755347,Certiplex Corp,certiplex,,,,base
0001755672,"Corteva, Inc.",corteva,,35168,100.0,base
0001755755,"VINEBROOK HOMES TRUST, INC.",vinebrook homes trust,,,,base
0001755953,"Gryphon Digital Mining, Inc.",gryphon digital mining,,,,base
0001756180,"NOCERA, INC.",nocera,,34770,1600.0,base
0001756262,"TransMedics Group, Inc.",transmedics group,,35062,3845.0,base
0001756390,"Ascend Wellness Holdings, Inc.",ascend wellness holdings,,,,base
0001756655,"Ardent Health Partners, Inc.",ardent health partners,,,,base
0001756761,Invesco Real Estate Income Trust Inc.,invesco real estate income trust,,,,base
0001757018,Benchmark 2018-B7 Mortgage Trust,benchmark 2018b7 mortgage trust,,,,base
0001757073,Envista Holdings Corp,envista,,35497,3843.0,base
0001757715,"Aterian, Inc.",aterian,,35210,3634.0,base
0001757898,STERIS plc,steris,,25313,3841.0,base
0001757925,CITIGROUP COMMERCIAL MORTGAGE TRUST 2018-C6,citigroup commercial mortgage trust 2018c6,,,,base
0001758009,Quantum Computing Inc.,quantum computing,,162643,3570.0,base
0001758021,Karat Packaging Inc.,karat packaging,,,,base
0001758057,"Luminar Technologies, Inc./DE",luminar technologies incde,,37490,3714.0,base
0001758292,UBS Commercial Mortgage Trust 2018-C14,ubs commercial mortgage trust 2018c14,,,,base
0001758488,ONESPAWORLD HOLDINGS Ltd,onespaworld,,32608,7200.0,base
0001758699,TRANSUITE.ORG INC.,transuiteorg,,,,base
0001758730,Tradeweb Markets Inc.,tradeweb markets,,34919,7370.0,base
0001758766,"STEM, INC.",stem,,38722,7389.0,base
0001758882,Morgan Stanley Capital I Trust 2018-H4,morgan stanley capital i trust 2018h4,,,,base
0001758901,Benchmark 2018-B8 Mortgage Trust,benchmark 2018b8 mortgage trust,,,,base
0001759138,"Cabaletta Bio, Inc.",cabaletta bio,,35727,2836.0,base
0001759186,"Coeptis Therapeutics Holdings, Inc.",coeptis therapeutics holdings,,38082,2836.0,base
0001759425,"Mirum Pharmaceuticals, Inc.",mirum pharmaceuticals,,35375,2836.0,base
0001759509,"Lyft, Inc.",lyft,,34873,4100.0,base
0001759546,NU RIDE INC.,nu ride,,37268,3711.0,base
0001759631,Hyliion Holdings Corp.,hyliion,,37182,3711.0,base
0001759655,"Privia Health Group, Inc.",privia health group,,,,base
0001759774,"Postal Realty Trust, Inc.",postal realty trust,,35030,6798.0,base
0001759824,ALTA EQUIPMENT GROUP INC.,alta equipment,,36206,5080.0,base
0001760026,Regenerative Medical Technology Group Inc.,regenerative medical technology,,122440,5961.0,base
0001760233,"GIFTIFY, INC.",giftify,,,,base
0001760337,UBS Commercial Mortgage Trust 2018-C15,ubs commercial mortgage trust 2018c15,,,,base
0001760542,HOOKIPA Pharma Inc.,hookipa pharma,,35014,2836.0,base
0001760689,"Microvast Holdings, Inc.",microvast holdings,,39338,3690.0,base
0001760903,"Safety Shot, Inc.",safety shot,,36632,2844.0,base
0001760965,"Kontoor Brands, Inc.",kontoor brands,,35035,2300.0,base
0001761312,"Palomar Holdings, Inc.",palomar holdings,,34953,6331.0,base
0001761325,Grayscale Stellar Lumens Trust (XLM),grayscale stellar lumens trust xlm,,,,base
0001761612,BICYCLE THERAPEUTICS PLC,bicycle therapeutics,,35137,2836.0,base
0001761696,Crown Electrokinetics Corp.,crown electrokinetics,,,,base
0001761918,"Erasca, Inc.",erasca,,,,base
0001762239,"Kaival Brands Innovations Group, Inc.",kaival brands innovations group,,164146,5190.0,base
0001762359,ACREAGE HOLDINGS INC,acreage,,34437,2834.0,crosswalk
0001763329,"AIBOTICS, INC.",aibotics,,38154,8000.0,base
0001763333,BANK 2019-BNK16,bank 2019bnk16,,,,base
0001763415,Bitwise Bitcoin ETF,bitwise bitcoin etf,,,,base
0001763501,JPMCC Commercial Mortgage Securities Trust 2019-COR4,jpmcc commercial mortgage securities trust 2019cor4,,,,base
0001763502,CSAIL 2019-C15 Commercial Mortgage Trust,csail 2019c15 commercial mortgage trust,,,,base
0001763660,SEATech Ventures Corp.,seatech ventures,,,,base
0001763925,CoJax Oil & Gas Corp,cojax oil gas,,37446,1311.0,base
0001763950,Lantern Pharma Inc.,lantern pharma,,36394,2836.0,base
0001764013,"Immunovant, Inc.",immunovant,,35982,2836.0,base
0001764046,CLARIVATE PLC,clarivate,,35211,7370.0,base
0001766037,"NMF SLF I, Inc.",nmf slf i,,,,base
0001766363,"Endeavor Group Holdings, Inc.",endeavor group holdings,,,,base
0001766367,Benchmark 2019-B10 Mortgage Trust,benchmark 2019b10 mortgage trust,,,,base
0001766368,"Mayville Engineering Company, Inc.",mayville engineering company,,35099,3460.0,base
0001766400,"Pennant Group, Inc.",pennant group,,35642,8050.0,base
0001766478,"Angel Oak Mortgage REIT, Inc.",angel oak mortgage reit,,,,base
0001766502,"Chewy, Inc.",chewy,,35287,5961.0,base
0001766526,"Tectonic Financial, Inc.",tectonic financial,,162649,6020.0,base
0001766660,Morgan Stanley Capital I Trust 2019-L2,morgan stanley capital i trust 2019l2,,,,base
0001767042,"Kodiak Gas Services, Inc.",kodiak gas services,,,,base
0001767258,"XPEL, Inc.",xpel,,162400,3714.0,base
0001767837,"Richmond Mutual Bancorporation, Inc.",richmond mutual bancorporation,,34938,6020.0,base
0001768224,Arcturus Therapeutics Holdings Inc.,arcturus therapeutics,,32715,2836.0,base
0001768267,Cerence Inc.,cerence,,35614,7372.0,base
0001768446,"Climb Bio, Inc.",climb bio,,,,base
0001769617,"HarborOne Bancorp, Inc.",harborone bancorp,,27604,6036.0,base
0001769624,TRILLER GROUP INC,triller,,35079,6282.0,crosswalk
0001769663,"Pioneer Bancorp, Inc./MD",pioneer bancorp incmd,,34939,6036.0,base
0001769759,Monogram Technologies Inc.,monogram technologies,,,,base
0001769804,AUGMEDIX INC,augmedix,,38239,7374.0,crosswalk
0001770121,"Sana Biotechnology, Inc.",sana biotechnology,,37925,2836.0,base
0001770141,UPHEALTH INC,uphealth,,38981,8090.0,crosswalk
0001770236,MOVING iMAGE TECHNOLOGIES INC.,moving image technologies,,36235,3861.0,base
0001770450,Xerox Holdings Corp,xerox,,11636,3577.0,base
0001770561,Coronado Global Resources Inc.,coronado global resources,,328920,1220.0,base
0001770787,"10x Genomics, Inc.",10x genomics,,35640,2835.0,base
0001771200,CF 2019-CF1 Mortgage Trust,cf 2019cf1 mortgage trust,,,,base
0001771501,GS Mortgage Securities Trust 2019-GC39,gs mortgage securities trust 2019gc39,,,,base
0001771515,Grocery Outlet Holding Corp.,grocery outlet,,189579,5411.0,base
0001771706,Vireo Growth Inc.,vireo growth,,331757,2834.0,base
0001771917,KARUNA THERPEUTICS INC,karuna therpeutics,,35290,2836.0,crosswalk
0001771995,American Picture House Corp,american picture house,,,,base
0001772016,"BELLRING BRANDS, INC.",bellring brands,,35684,2000.0,base
0001772177,"KURA SUSHI USA, INC.",kura sushi usa,,35423,5812.0,base
0001772527,BBCMS Mortgage Trust 2019-C3,bbcms mortgage trust 2019c3,,,,base
0001772695,Sunnova Energy International Inc.,sunnova energy international,,35395,4991.0,base
0001772720,SPRUCE POWER HOLDING CORP,spruce power,,37594,4911.0,base
0001772921,OneWater Marine Inc.,onewater marine,,35451,5500.0,base
0001773339,Morgan Stanley Capital I Trust 2019-H6,morgan stanley capital i trust 2019h6,,,,base
0001773383,"Dynatrace, Inc.",dynatrace,,35447,7370.0,base
0001773427,"SpringWorks Therapeutics, Inc.",springworks therapeutics,,35600,2836.0,base
0001773751,"Hims & Hers Health, Inc.",hims hers health,,37851,2834.0,base
0001774170,"Powerfleet, Inc.",powerfleet,,121759,7370.0,base
0001774675,Skillsoft Corp.,skillsoft,,35327,8200.0,base
0001774801,JPMCC Commercial Mortgage Securities Trust 2019-COR5,jpmcc commercial mortgage securities trust 2019cor5,,,,base
0001774857,"Aardvark Therapeutics, Inc.",aardvark therapeutics,,,,base
0001775194,"UPEXI, INC.",upexi,,38661,2834.0,base
0001775734,Beneficient,beneficient,,,,base
0001775756,Benchmark 2019-B11 Mortgage Trust,benchmark 2019b11 mortgage trust,,,,base
0001776086,CSAIL 2019-C16 Commercial Mortgage Trust,csail 2019c16 commercial mortgage trust,,,,base
0001776111,"MBX Biosciences, Inc.",mbx biosciences,,,,base
0001776661,Advantage Solutions Inc.,advantage solutions,,31803,8742.0,base
0001776909,CuriosityStream Inc.,curiositystream,,37214,7374.0,base
0001777319,"CISO Global, Inc.",ciso global,,36335,7373.0,base
0001777393,"ChargePoint Holdings, Inc.",chargepoint holdings,,38198,7500.0,base
0001777835,Perella Weinberg Partners,perella weinberg partners,,39098,6211.0,base
0001777921,"AvePoint, Inc.",avepoint,,39157,7370.0,base
0001777946,IRONNET INC,ironnet,,39535,7372.0,crosswalk
0001778129,TerrAscend Corp.,terrascend,,,,base
0001778232,GS Mortgage Securities Trust 2019-GC40,gs mortgage securities trust 2019gc40,,,,base
0001778784,"Provident Bancorp, Inc. /MD/",provident bancorp inc md,,25327,6036.0,base
0001779020,DANIMER SCIENTIFIC INC,danimer scientific,,37630,2821.0,crosswalk
0001779128,"Blade Air Mobility, Inc.",blade air mobility,,,,base
0001779372,"HeartBeam, Inc.",heartbeam,,,,base
0001779474,"WM TECHNOLOGY, INC.",wm technology,,39025,7370.0,base
0001780131,BBCMS Mortgage Trust 2019-C4,bbcms mortgage trust 2019c4,,,,base
0001780201,"Lulu's Fashion Lounge Holdings, Inc.",lulus fashion lounge holdings,,,,base
0001780312,"AST SpaceMobile, Inc.",ast spacemobile,,38598,4899.0,base
0001780678,Wells Fargo Commercial Mortgage Trust 2019-C52,wells fargo commercial mortgage trust 2019c52,,,,base
0001780859,BANK 2019-BNK19,bank 2019bnk19,,,,base
0001781089,BENCHMARK 2019-B12 MORTGAGE TRUST,benchmark 2019b12 mortgage trust,,,,base
0001781162,Momentus Inc.,momentus,,39427,3670.0,base
0001781174,"Acrivon Therapeutics, Inc.",acrivon therapeutics,,,,base
0001781335,Otis Worldwide Corp,otis worldwide,,36190,3530.0,base
0001781726,ACASIA TECHNOLOGY INC,acasia technology,,36362,8200.0,crosswalk
0001781730,"Third Coast Bancshares, Inc.",third coast bancshares,,,,base
0001781755,"Baldwin Insurance Group, Inc.",baldwin insurance group,,26167,6411.0,base
0001781983,"Aprea Therapeutics, Inc.",aprea therapeutics,,35648,2836.0,base
0001782107,"Onconetix, Inc.",onconetix,,,,base
0001782170,"Remitly Global, Inc.",remitly global,,,,base
0001782524,Morgan Stanley Direct Lending Fund,morgan stanley direct lending fund,,43873,6797.0,base
0001782754,AZEK COMPANY INC (THE),azek company inc the,,36193,2430.0,crosswalk
0001783180,CARRIER GLOBAL Corp,carrier global,,36191,3585.0,base
0001783183,"Phathom Pharmaceuticals, Inc.",phathom pharmaceuticals,,35728,2834.0,base
0001783398,UWM Holdings Corp,uwm,,37763,6162.0,base
0001783875,4FRONT VENTURES CORP,4front ventures,,35995,2834.0,crosswalk
0001783879,"Robinhood Markets, Inc.",robinhood markets,,,,base
0001784058,Pony Group Inc.,pony,,37432,4100.0,base
0001784254,Mediaco Holding Inc.,mediaco,,35583,4832.0,base
0001784535,"Porch Group, Inc.",porch group,,37593,6331.0,base
0001784567,HARBOR CUSTOM DEV INC,harbor custom dev,,36349,1531.0,crosswalk
0001784851,SHAPEWAYS HOLDINGS INC,shapeways,,39785,2750.0,crosswalk
0001784970,Next Technology Holding Inc.,next technology,,36383,7370.0,base
0001785056,"Interactive Strength, Inc.",interactive strength,,,,base
0001785173,"89bio, Inc.",89bio,,35776,2836.0,base
0001785279,"Metagenomi, Inc.",metagenomi,,,,base
0001785345,LANDOS BIOPHARMA INC,landos biopharma,,37924,2834.0,crosswalk
0001785424,"Katapult Holdings, Inc.",katapult holdings,,38978,6141.0,base
0001785493,RHINO BITCOIN INC.,rhino bitcoin,,40661,8700.0,base
0001785494,Woodbridge Liquidation Trust,woodbridge liquidation trust,,36315,6726.0,base
0001785592,"Leafly Holdings, Inc. /DE",leafly holdings inc de,,35761,7370.0,base
0001785881,Benchmark 2019-B13 Mortgage Trust,benchmark 2019b13 mortgage trust,,,,base
0001786008,CSAIL 2019-C17 Commercial Mortgage Trust,csail 2019c17 commercial mortgage trust,,,,base
0001786108,Trinity Capital Inc.,trinity capital,,37723,6797.0,base
0001786117,"Alpine Income Property Trust, Inc.",alpine income property trust,,35793,6798.0,base
0001786205,"Arcellx, Inc.",arcellx,,,,base
0001786248,"NexPoint Real Estate Finance, Inc.",nexpoint real estate finance,,36053,6798.0,base
0001786352,"BILL Holdings, Inc.",bill holdings,,35868,7370.0,base
0001786431,Reynolds Consumer Products Inc.,reynolds consumer products,,35874,2673.0,base
0001786835,Star Mountain Lower Middle-Market Capital Corp,star mountain lower middlemarket capital,,,,base
0001786842,Vontier Corp,vontier,,36203,3829.0,base
0001787000,GS Mortgage Securities Trust 2019-GC42,gs mortgage securities trust 2019gc42,,,,base
0001787001,CF 2019-CF2 Mortgage Trust,cf 2019cf2 mortgage trust,,,,base
0001787297,"Passage BIO, Inc.",passage bio,,36140,2836.0,base
0001787306,"Arcutis Biotherapeutics, Inc.",arcutis biotherapeutics,,36028,2834.0,base
0001787400,"Nkarta, Inc.",nkarta,,36642,2836.0,base
0001787414,Bogota Financial Corp.,bogota financial,,35646,6036.0,base
0001787518,Nukkleus Inc.,nukkleus,,22320,7372.0,base
0001788028,"Jasper Therapeutics, Inc.",jasper therapeutics,,39740,2836.0,base
0001788230,"Heritage Distilling Holding Company, Inc.",heritage distilling holding company,,,,base
0001788841,micromobility.com Inc.,micromobilitycom,,39435,7370.0,base
0001788882,"Root, Inc.",root,,37150,6331.0,base
0001788999,Xperi Inc.,xperi,,,,base
0001789029,"Aeva Technologies, Inc.",aeva technologies,,38357,3829.0,base
0001789192,"N2OFF, Inc.",n2off,,183968,2870.0,base
0001789769,"Instil Bio, Inc.",instil bio,,,,base
0001789832,Hess Midstream LP,hess midstream lp,,21833,1311.0,base
0001789940,"First Watch Restaurant Group, Inc.",first watch restaurant group,,,,base
0001789954,GS Mortgage Securities Trust 2019-GSA1,gs mortgage securities trust 2019gsa1,,,,base
0001789972,"Cullinan Therapeutics, Inc.",cullinan therapeutics,,37675,2836.0,base
0001790013,Benchmark 2019-B14 Mortgage Trust,benchmark 2019b14 mortgage trust,,,,base
0001790340,Immuneering Corp,immuneering,,,,base
0001790441,BBCMS Mortgage Trust 2019-C5,bbcms mortgage trust 2019c5,,,,base
0001791295,Morgan Stanley Capital I Trust 2019-L3,morgan stanley capital i trust 2019l3,,,,base
0001792044,Viatris Inc,viatris,,7637,2834.0,base
0001792158,JPMDB Commercial Mortgage Securities Trust 2019-COR6,jpmdb commercial mortgage securities trust 2019cor6,,,,base
0001792414,BANK 2019-BNK23,bank 2019bnk23,,,,base
0001792509,TriplePoint Private Venture Credit Inc.,triplepoint private venture credit,,,,base
0001792580,Ovintiv Inc.,ovintiv,,11781,1311.0,base
0001792581,"Kiromic Biopharma, Inc.",kiromic biopharma,,36465,2836.0,base
0001792789,"DoorDash, Inc.",doordash,,37420,7370.0,base
0001792849,"HighPeak Energy, Inc.",highpeak energy,,36897,1311.0,base
0001792905,CSAIL 2019-C18 Commercial Mortgage Trust,csail 2019c18 commercial mortgage trust,,,,base
0001792941,Genvor Inc,genvor,,,,base
0001793165,BANK 2019-BNK24,bank 2019bnk24,,,,base
0001793229,Claritev Corp,claritev,,37188,7372.0,base
0001793659,"Rush Street Interactive, Inc.",rush street interactive,,37623,7990.0,base
0001793744,CF 2019-CF3 Mortgage Trust,cf 2019cf3 mortgage trust,,,,base
0001794515,ZoomInfo Technologies Inc.,zoominfo technologies,,22638,7370.0,base
0001794669,"Shift4 Payments, Inc.",shift4 payments,,36494,7389.0,base
0001794776,Palmer Square Capital BDC Inc.,palmer square capital bdc,,43849,6797.0,base
0001794783,"SelectQuote, Inc.",selectquote,,36234,6411.0,base
0001795139,Green Thumb Industries Inc.,green thumb industries,,33665,2834.0,base
0001795250,Sphere Entertainment Co.,sphere entertainment,,36309,4841.0,base
0001795815,California BanCorp \ CA,california bancorp ca,,,,base
0001796022,StepStone Group Inc.,stepstone,,33110,6282.0,base
0001796129,"Vincerx Pharma, Inc.",vincerx pharma,,37592,2836.0,base
0001796209,APi Group Corp,api,,325576,1700.0,base
0001796280,"Oric Pharmaceuticals, Inc.",oric pharmaceuticals,,36264,2836.0,base
0001796949,"GenFlat Holdings, Inc.",genflat holdings,,41637,3790.0,base
0001797056,BANK 2020-BNK25,bank 2020bnk25,,,,base
0001797288,Benchmark 2020-B16 Mortgage Trust,benchmark 2020b16 mortgage trust,,,,base
0001797679,BBCMS Mortgage Trust 2020-C6,bbcms mortgage trust 2020c6,,,,base
0001797768,KINNATE BIOPHARMA INC,kinnate biopharma,,37486,2836.0,crosswalk
0001798100,NETSTREIT Corp.,netstreit,,36777,6798.0,base
0001798270,ASSURE HOLDINGS CORP,assure,,31653,8090.0,crosswalk
0001798388,GS Mortgage Securities Trust 2020-GC45,gs mortgage securities trust 2020gc45,,,,base
0001798562,TMC the metals Co Inc.,tmc the metals,,39624,1000.0,base
0001799191,"Oncology Institute, Inc.",oncology institute,,36237,8011.0,base
0001799208,"Dun & Bradstreet Holdings, Inc.",dun bradstreet holdings,,4094,7323.0,base
0001799332,GAN Ltd,gan,,316747,7370.0,base
0001799385,Wells Fargo Commercial Mortgage Trust 2020-C55,wells fargo commercial mortgage trust 2020c55,,,,base
0001799448,"Aligos Therapeutics, Inc.",aligos therapeutics,,37084,2836.0,base
0001799463,Morgan Stanley Capital I Trust 2020-L4,morgan stanley capital i trust 2020l4,,,,base
0001799788,"Greenwich LifeSciences, Inc.",greenwich lifesciences,,36558,2836.0,base
0001800227,IAC Inc.,iac,,36691,7370.0,base
0001800294,CITIGROUP COMMERCIAL MORTGAGE TRUST 2020-GC46,citigroup commercial mortgage trust 2020gc46,,,,base
0001800315,"Galecto, Inc.",galecto,,37310,2836.0,base
0001800347,"E2open Parent Holdings, Inc.",e2open parent holdings,,36299,7370.0,base
0001800373,"GOLDENWELL BIOTECH, INC.",goldenwell biotech,,40385,2833.0,base
0001800637,Agrify Corp,agrify,,37896,3523.0,base
0001800667,JFrog Ltd,jfrog,,36945,7372.0,base
0001800682,CANO HEALTH INC,cano health,,38949,8062.0,crosswalk
0001801169,Opendoor Technologies Inc.,opendoor technologies,,37519,6531.0,base
0001801170,"CLOVER HEALTH INVESTMENTS, CORP. /DE",clover health investments corp de,,37711,6324.0,base
0001801338,Benchmark 2020-IG1 Mortgage Trust,benchmark 2020ig1 mortgage trust,,,,base
0001801368,MP Materials Corp. / DE,mp materials corp de,,37407,1090.0,base
0001801602,"SpringBig Holdings, Inc.",springbig holdings,,,,base
0001801661,Skillz Inc.,skillz,,37562,7370.0,base
0001802156,"Xponential Fitness, Inc.",xponential fitness,,,,base
0001802215,Benchmark 2020-B17 Mortgage Trust,benchmark 2020b17 mortgage trust,,,,base
0001802255,"Guardian Pharmacy Services, Inc.",guardian pharmacy services,,,,base
0001802450,"MSP Recovery, Inc.",msp recovery,,36808,8090.0,base
0001802457,"Origin Materials, Inc.",origin materials,,39097,2821.0,base
0001802665,"Harmony Biosciences Holdings, Inc.",harmony biosciences holdings,,36847,2834.0,base
0001802768,Royalty Pharma plc,royalty pharma,,36474,2834.0,base
0001802974,"Mission Produce, Inc.",mission produce,,37019,5140.0,base
0001803096,"STARGUIDE GROUP, INC.",starguide group,,,,base
0001803308,BANK 2020-BNK26,bank 2020bnk26,,,,base
0001803498,Blackstone Private Credit Fund,blackstone private credit fund,,,,base
0001803599,Concentrix Corp,concentrix,,37382,7374.0,base
0001803696,Adeia Inc.,adeia,,156153,7372.0,base
0001803702,CSAIL 2020-C19 Commercial Mortgage Trust,csail 2020c19 commercial mortgage trust,,,,base
0001803737,"Enhabit, Inc.",enhabit,,,,base
0001803858,Wells Fargo Commercial Mortgage Trust 2020-C56,wells fargo commercial mortgage trust 2020c56,,,,base
0001803901,"Talkspace, Inc.",talkspace,,39078,8090.0,base
0001803914,"PLBY Group, Inc.",plby group,,38065,2300.0,base
0001803977,Limitless X Holdings Inc.,limitless x,,66552,2834.0,base
0001804176,"Butterfly Network, Inc.",butterfly network,,38079,3845.0,base
0001804591,23andMe Holding Co.,23andme,,38717,8071.0,base
0001804745,Driven Brands Holdings Inc.,driven brands,,37751,7500.0,base
0001805077,"Eos Energy Enterprises, Inc.",eos energy enterprises,,37392,3690.0,base
0001805284,"Rocket Companies, Inc.",rocket companies,,36722,6162.0,base
0001805385,"Evolv Technologies Holdings, Inc.",evolv technologies holdings,,39280,3812.0,base
0001805387,CEREVEL THERAPEUTICS HOLDING,cerevel therapeutics,,37275,2836.0,crosswalk
0001805521,FARADAY FUTURE INTELLIGENT ELECTRIC INC.,faraday future intelligent electric,,39318,3711.0,base
0001805526,Janover Inc.,janover,,,,base
0001805651,"MARKETWISE, INC.",marketwise,,39311,7370.0,base
0001805833,"System1, Inc.",system1,,36557,7370.0,base
0001805890,FUSION PHARMACEUTI INC,fusion pharmaceuti,,36571,2836.0,crosswalk
0001806201,Open Lending Corp,open lending,,36598,7323.0,base
0001806310,"Taysha Gene Therapies, Inc.",taysha gene therapies,,37013,2836.0,base
0001806837,"Vertex, Inc.",vertex,,24083,7370.0,base
0001806944,BANK 2020-BNK27,bank 2020bnk27,,,,base
0001806952,"Lyell Immunopharma, Inc.",lyell immunopharma,,,,base
0001807120,"Design Therapeutics, Inc.",design therapeutics,,,,base
0001807166,Amesite Inc.,amesite,,36863,7372.0,base
0001807427,BLUE OWL CAPI CORP III -REDH,blue owl capi corp iii redh,,43879,6797.0,crosswalk
0001807765,PMV Consumer Acquisition Corp.,pmv consumer acquisition,,27877,9995.0,base
0001807794,Credo Technology Group Holding Ltd,credo technology,,,,base
0001807846,MONEYLION INC.,moneylion,,39752,6141.0,base
0001807887,Laser Photonics Corp,laser photonics,,40645,3540.0,base
0001807893,"STANDARD PREMIUM FINANCE HOLDINGS, INC.",standard premium finance holdings,,41046,6159.0,base
0001808158,Repare Therapeutics Inc.,repare therapeutics,,36556,2836.0,base
0001808220,"GoHealth, Inc.",gohealth,,36635,6411.0,base
0001808377,Innovative Eyewear Inc,innovative eyewear,,,,base
0001808665,"Assertio Holdings, Inc.",assertio holdings,,65944,2834.0,base
0001808805,"Nautilus Biotechnology, Inc.",nautilus biotechnology,,38979,8731.0,base
0001808834,"PROG Holdings, Inc.",prog holdings,,1076,6141.0,base
0001808865,"iTeos Therapeutics, Inc.",iteos therapeutics,,36679,2836.0,base
0001808898,Benitec Biopharma Inc.,benitec biopharma,,254381,2836.0,base
0001808997,"American Outdoor Brands, Inc.",american outdoor brands,,36826,3949.0,base
0001809104,"Alight, Inc. / Delaware",alight inc delaware,,36463,7374.0,base
0001809519,"GoodRx Holdings, Inc.",goodrx holdings,,37023,7370.0,base
0001809987,"Mirion Technologies, Inc.",mirion technologies,,39935,3829.0,base
0001810019,"Rackspace Technology, Inc.",rackspace technology,,36641,7370.0,base
0001810050,GS Mortgage Securities Trust 2020-GC47,gs mortgage securities trust 2020gc47,,,,base
0001810182,ALX ONCOLOGY HOLDINGS INC,alx oncology,,36704,2836.0,base
0001810546,"Eastern Bankshares, Inc.",eastern bankshares,,36633,6020.0,base
0001810560,"REVELATION BIOSCIENCES, INC.",revelation biosciences,,36848,2836.0,base
0001810806,Unity Software Inc.,unity software,,36898,7372.0,base
0001811063,Nuvation Bio Inc.,nuvation bio,,38076,2834.0,base
0001811074,Texas Pacific Land Corp,texas pacific land,,10504,6792.0,base
0001811109,APPLIED UV INC,applied uv,,36759,3640.0,crosswalk
0001811210,"Lucid Group, Inc.",lucid group,,39337,3711.0,base
0001811414,QuantumScape Corp,quantumscape,,37449,3690.0,base
0001811530,NEXT MEATS HLDGS INC,next meats hldgs,,37950,2000.0,crosswalk
0001811972,Barings Capital Investment Corp,barings capital investment,,,,base
0001811999,"FARMHOUSE, INC. /NV",farmhouse inc nv,,112005,7370.0,base
0001812173,Vicarious Surgical Inc.,vicarious surgical,,39712,3845.0,base
0001812360,FOXO TECHNOLOGIES INC.,foxo technologies,,37482,8000.0,base
0001812364,"Relay Therapeutics, Inc.",relay therapeutics,,36677,2836.0,base
0001812554,Blue Owl Credit Income Corp.,blue owl credit income,,,,base
0001812604,BBCMS Mortgage Trust 2020-C7,bbcms mortgage trust 2020c7,,,,base
0001812727,"Reliance Global Group, Inc.",reliance global group,,22318,6411.0,base
0001813603,Hestia Insight Inc.,hestia insight,,178341,8742.0,base
0001813914,CAREMAX INC,caremax,,38967,8011.0,crosswalk
0001814114,"Orchestra BioMed Holdings, Inc.",orchestra biomed holdings,,36776,3845.0,base
0001814215,"Nuburu, Inc.",nuburu,,36883,3540.0,base
0001814287,"Abacus Global Management, Inc.",abacus global management,,36775,6411.0,base
0001814329,ASTRA SPACE INC,astra space,,39136,3760.0,crosswalk
0001814389,JPMDB Commercial Mortgage Securities Trust 2020-COR7,jpmdb commercial mortgage securities trust 2020cor7,,,,base
0001814974,"BBX Capital, Inc.",bbx capital,,37122,6500.0,base
0001815442,"Kymera Therapeutics, Inc.",kymera therapeutics,,36819,2836.0,base
0001815849,"ATI Physical Therapy, Inc.",ati physical therapy,,296677,8000.0,base
0001815903,"Petros Pharmaceuticals, Inc.",petros pharmaceuticals,,37473,2834.0,base
0001815974,"Anebulo Pharmaceuticals, Inc.",anebulo pharmaceuticals,,38706,2834.0,base
0001816017,"Spire Global, Inc.",spire global,,39442,8731.0,base
0001816147,Benchmark 2020-B18 Mortgage Trust,benchmark 2020b18 mortgage trust,,,,base
0001816233,SHARECARE INC,sharecare,,39158,7370.0,crosswalk
0001816431,Quantum-Si Inc,quantumsi,,38960,3826.0,base
0001816554,EVENTIKO INC.,eventiko,,,,base
0001816581,"Ouster, Inc.",ouster,,38343,3829.0,base
0001816590,COMPASS Pathways plc,compass pathways,,,,base
0001816613,Markforged Holding Corp,markforged,,39250,3555.0,base
0001816708,"Owlet, Inc.",owlet,,39255,3827.0,base
0001816736,"Disc Medicine, Inc.",disc medicine,,38027,2836.0,base
0001816861,Morgan Stanley Capital I Trust 2020-HR8,morgan stanley capital i trust 2020hr8,,,,base
0001816937,BOXABL Inc.,boxabl,,,,base
0001817004,"NEXTNRG, INC.",nextnrg,,,,base
0001817229,Vor Biopharma Inc.,vor biopharma,,37844,2836.0,base
0001817232,Global Gas Corp,global gas,,37525,2810.0,base
0001817241,"Artiva Biotherapeutics, Inc.",artiva biotherapeutics,,,,base
0001817358,"Academy Sports & Outdoors, Inc.",academy sports outdoors,,37054,5940.0,base
0001817511,SOCIETY PASS INCORPORATED.,society pass incorporated,,,,base
0001817713,"Janux Therapeutics, Inc.",janux therapeutics,,,,base
0001817760,"SmartKem, Inc.",smartkem,,39173,3674.0,base
0001818093,Beauty Health Co,beauty health,,38768,3841.0,base
0001818152,"Zentrum Holdings, Inc.",zentrum holdings,,,,base
0001818201,CCC Intelligent Solutions Holdings Inc.,ccc intelligent solutions,,39378,7370.0,base
0001818254,DBJPM 2020-C9 Mortgage Trust,dbjpm 2020c9 mortgage trust,,,,base
0001818331,GeneDx Holdings Corp.,genedx,,39321,8071.0,base
0001818382,"Humacyte, Inc.",humacyte,,39525,2836.0,base
0001818383,"MediaAlpha, Inc.",mediaalpha,,37148,7370.0,base
0001818502,OppFi Inc.,oppfi,,39306,6141.0,base
0001818644,"AEye, Inc.",aeye,,39448,3829.0,base
0001818794,"Dyne Therapeutics, Inc.",dyne therapeutics,,36911,2836.0,base
0001818844,"Dogwood Therapeutics, Inc.",dogwood therapeutics,,36530,2836.0,base
0001818874,"SoFi Technologies, Inc.",sofi technologies,,38916,6141.0,base
0001819133,"Tango Therapeutics, Inc.",tango therapeutics,,39402,2836.0,base
0001819142,SES AI Corp,ses ai,,37651,3690.0,base
0001819253,biote Corp.,biote,,,,base
0001819394,"Matterport, Inc./DE",matterport incde,,39323,7370.0,base
0001819395,Sonder Holdings Inc.,sonder,,,,base
0001819404,Nerdy Inc.,nerdy,,39703,8200.0,base
0001819411,"Gain Therapeutics, Inc.",gain therapeutics,,,,base
0001819438,"ESS Tech, Inc.",ess tech,,39875,3690.0,base
0001819493,"Xos, Inc.",xos,,39472,3713.0,base
0001819516,Wheels Up Experience Inc.,wheels up experience,,39231,4522.0,base
0001819574,"Bark, Inc.",bark,,38937,5961.0,base
0001819576,Liquidia Corp,liquidia,,33810,2834.0,base
0001819615,CLEVER LEAVES HOLDINGS INC,clever leaves,,37559,2833.0,crosswalk
0001819790,"Tarsus Pharmaceuticals, Inc.",tarsus pharmaceuticals,,37082,2834.0,base
0001819796,GCM Grosvenor Inc.,gcm grosvenor,,37404,6200.0,base
0001819810,Redwire Corp,redwire,,39578,3760.0,base
0001819848,"Joby Aviation, Inc.",joby aviation,,39405,4522.0,base
0001819928,"DoubleVerify Holdings, Inc.",doubleverify holdings,,,,base
0001819974,"SkyWater Technology, Inc",skywater technology,,,,base
0001819989,Cipher Mining Inc.,cipher mining,,39538,7372.0,base
0001819994,"Rocket Lab USA, Inc.",rocket lab usa,,39503,3760.0,base
0001820144,Grindr Inc.,grindr,,37428,7370.0,base
0001820175,OCA ACQUISITION CORP,oca acquisition,,37755,9995.0,crosswalk
0001820190,Scilex Holding Co,scilex,,37707,2834.0,base
0001820302,"Bakkt Holdings, Inc.",bakkt holdings,,39909,6200.0,base
0001820566,Inspirato Inc,inspirato,,37362,4700.0,base
0001820721,"Array Technologies, Inc.",array technologies,,37200,3829.0,base
0001820872,"Global Business Travel Group, Inc.",global business travel group,,37079,4700.0,base
0001820875,CXApp Inc.,cxapp,,37526,7370.0,base
0001820877,APARTMENT INCOME REIT CORP,apartment income reit,,37489,6798.0,crosswalk
0001820953,"Affirm Holdings, Inc.",affirm holdings,,37413,6141.0,base
0001821159,EVgo Inc.,evgo,,39159,5500.0,base
0001821160,Guild Holdings Co,guild,,37186,6162.0,base
0001821175,Motorsport Games Inc.,motorsport games,,37674,7372.0,base
0001821393,AARONS CO INC (THE),aarons co inc the,,37445,5700.0,crosswalk
0001821586,MoonLake Immunotherapeutics,moonlake immunotherapeutics,,37240,2836.0,base
0001821769,Navitas Semiconductor Corp,navitas semiconductor,,39931,3674.0,base
0001821806,"Leslie's, Inc.",leslies,,37284,5990.0,base
0001821825,Organon & Co.,organon,,,,base
0001821946,BENCHMARK 2020-B19 MORTGAGE TRUST,benchmark 2020b19 mortgage trust,,,,base
0001822166,BANK 2020-BNK28,bank 2020bnk28,,,,base
0001822250,ContextLogic Inc.,contextlogic,,345980,5961.0,base
0001822359,DocGo Inc.,docgo,,37146,8090.0,base
0001822462,Foghorn Therapeutics Inc.,foghorn therapeutics,,37135,2836.0,base
0001822479,Sotera Health Co,sotera health,,37338,8734.0,base
0001822492,Hillman Solutions Corp.,hillman solutions,,66871,3452.0,base
0001822791,Clene Inc.,clene,,37633,2836.0,base
0001822928,Holley Inc.,holley,,39265,3714.0,base
0001822966,NUSCALE POWER Corp,nuscale power,,37073,3621.0,base
0001822993,Jackson Financial Inc.,jackson financial,,,,base
0001823000,CONX Corp.,conx,,37332,6512.0,base
0001823144,"CompoSecure, Inc.",composecure,,37153,3577.0,base
0001823239,"MARAVAI LIFESCIENCES HOLDINGS, INC.",maravai lifesciences holdings,,37354,8731.0,base
0001823365,GENERATIONS BANCORP NY INC,generations bancorp ny,,175121,6035.0,crosswalk
0001823406,"Affinity Bancshares, Inc.",affinity bancshares,,29499,6020.0,base
0001823466,"FiscalNote Holdings, Inc.",fiscalnote holdings,,37191,7370.0,base
0001823529,"Enact Holdings, Inc.",enact holdings,,,,base
0001823575,ZEROFOX HOLDINGS INC,zerofox,,37416,7372.0,crosswalk
0001823587,Sky Harbour Group Corp,sky harbour,,37066,4581.0,base
0001823608,Amalgamated Financial Corp.,amalgamated financial,,33625,6020.0,base
0001823652,"Eve Holding, Inc.",eve holding,,37373,3721.0,base
0001823722,BBCMS Mortgage Trust 2020-C8,bbcms mortgage trust 2020c8,,,,base
0001823794,ARKO Corp.,arko,,312066,5500.0,base
0001823857,VIVEON HEALTH ACQ CORP -REDH,viveon health acq corp redh,,37500,9995.0,crosswalk
0001823878,"PLAYSTUDIOS, Inc.",playstudios,,39054,7372.0,base
0001823882,AIRSPAN NETWORKS HOLDINGS IN,airspan networks holdings in,,137861,3663.0,crosswalk
0001823945,BLUE OWL CAPITAL INC.,blue owl capital,,38845,6799.0,base
0001824293,"GRI Bio, Inc.",gri bio,,37938,2836.0,base
0001824403,"Reservoir Media, Inc.",reservoir media,,39363,8900.0,base
0001824482,Benchmark 2020-B20 Mortgage Trust,benchmark 2020b20 mortgage trust,,,,base
0001824502,Archer Aviation Inc.,archer aviation,,40092,4522.0,base
0001824893,"Surrozen, Inc./DE",surrozen incde,,39417,2836.0,base
0001824920,"IonQ, Inc.",ionq,,39800,3571.0,base
0001825024,Offerpad Solutions Inc.,offerpad solutions,,39570,6531.0,base
0001825079,"Velo3D, Inc.",velo3d,,39784,3555.0,base
0001825088,"Dream Finders Homes, Inc.",dream finders homes,,37793,1531.0,base
0001825248,Franklin BSP Capital Corp,franklin bsp capital,,,,base
0001825384,Stone Point Credit Corp,stone point credit,,,,base
0001825452,"Onfolio Holdings, Inc",onfolio holdings,,,,base
0001826000,"Latch, Inc.",latch,,,,base
0001826011,"Banzai International, Inc.",banzai international,,37550,7370.0,base
0001826397,AGRIFORCE GROWING SYSTEMS LTD.,agriforce growing systems,,,,base
0001826457,"Monte Rosa Therapeutics, Inc.",monte rosa therapeutics,,,,base
0001826470,"Petco Health & Wellness Company, Inc.",petco health wellness company,,37502,5990.0,base
0001826600,"Montauk Renewables, Inc.",montauk renewables,,37672,1311.0,base
0001826660,Wetouch Technology Inc.,wetouch technology,,45020,3679.0,base
0001826667,"TriSalus Life Sciences, Inc.",trisalus life sciences,,37516,3841.0,base
0001826681,Palladyne AI Corp.,palladyne ai,,39738,3590.0,base
0001826889,"Beachbody Company, Inc.",beachbody company,,39112,7200.0,base
0001826892,"BioAtla, Inc.",bioatla,,37541,2836.0,base
0001827054,Wells Fargo Commercial Mortgage Trust 2020-C58,wells fargo commercial mortgage trust 2020c58,,,,base
0001827087,"Vigil Neuroscience, Inc.",vigil neuroscience,,,,base
0001827090,"Certara, Inc.",certara,,37414,7370.0,base
0001827183,Benchmark 2020-B21 Mortgage Trust,benchmark 2020b21 mortgage trust,,,,base
0001827506,"Tourmaline Bio, Inc.",tourmaline bio,,,,base
0001827821,"Forge Global Holdings, Inc.",forge global holdings,,37530,6200.0,base
0001828016,Playtika Holding Corp.,playtika,,37752,7372.0,base
0001828105,Hippo Holdings Inc.,hippo,,39380,6411.0,base
0001828108,"Aurora Innovation, Inc.",aurora innovation,,,,base
0001828318,Enovix Corp,enovix,,39251,3690.0,base
0001828376,WILLIAM PENN BANCORP,william penn bancorp,,179865,6036.0,crosswalk
0001828377,Fortitude Gold Corp,fortitude gold,,37662,1040.0,base
0001828522,EFFECTOR THERAPEUTICS INC,effector therapeutics,,39510,2836.0,crosswalk
0001828536,"Energy Vault Holdings, Inc.",energy vault holdings,,37937,3690.0,base
0001828588,"Hanover Bancorp, Inc. /NY",hanover bancorp inc ny,,,,base
0001828673,HCW Biologics Inc.,hcw biologics,,,,base
0001828723,"Altus Power, Inc.",altus power,,37355,4911.0,base
0001828739,"Arculus System Co., Ltd.",arculus system co,,,,base
0001828748,ASIAFIN HOLDINGS CORP.,asiafin,,,,base
0001828791,Viant Technology Inc.,viant technology,,37824,7370.0,base
0001828805,"Aeluma, Inc.",aeluma,,41441,3674.0,base
0001828937,Finance of America Companies Inc.,finance of america companies,,38618,6162.0,base
0001828962,"Cricut, Inc.",cricut,,,,base
0001828972,"BuzzFeed, Inc.",buzzfeed,,37610,7370.0,base
0001829247,"BullFrog AI Holdings, Inc.",bullfrog ai holdings,,,,base
0001829280,Forian Inc.,forian,,38209,7370.0,base
0001829311,"BITMINE IMMERSION TECHNOLOGIES, INC.",bitmine immersion technologies,,66009,7370.0,base
0001829576,"Carter Bankshares, Inc.",carter bankshares,,176828,6020.0,base
0001829802,"Sensei Biotherapeutics, Inc.",sensei biotherapeutics,,37825,2836.0,base
0001829864,"TaskUs, Inc.",taskus,,,,base
0001829953,Corner Growth Acquisition Corp.,corner growth acquisition,,37462,9995.0,base
0001830029,GRIID INFRASTRUCTURE INC,griid infrastructure,,37608,7370.0,crosswalk
0001830043,Bumble Inc.,bumble,,37790,7370.0,base
0001830072,iPower Inc.,ipower,,37971,5961.0,base
0001830081,Rumble Inc.,rumble,,,,base
0001830188,"United Homes Group, Inc.",united homes group,,37782,1531.0,base
0001830210,BENSON HILL INC,benson hill,,39783,100.0,crosswalk
0001830214,"Ginkgo Bioworks Holdings, Inc.",ginkgo bioworks holdings,,,,base
0001830315,BANK 2020-BNK29,bank 2020bnk29,,,,base
0001831096,"Great Elm Group, Inc.",great elm group,,121257,6799.0,base
0001831097,"agilon health, inc.",agilon health,,,,base
0001831363,"Terns Pharmaceuticals, Inc.",terns pharmaceuticals,,37848,2834.0,base
0001831631,"loanDepot, Inc.",loandepot,,26297,6162.0,base
0001831651,"Shoals Technologies Group, Inc.",shoals technologies group,,37646,3670.0,base
0001831828,"Vera Therapeutics, Inc.",vera therapeutics,,,,base
0001831840,"SEMrush Holdings, Inc.",semrush holdings,,,,base
0001831868,SeaStar Medical Holding Corp,seastar medical,,37783,3841.0,base
0001831915,"Cytek Biosciences, Inc.",cytek biosciences,,,,base
0001831964,NORTHERN REVL ACQ CORP -REDH,northern revl acq corp redh,,37869,9995.0,crosswalk
0001831979,Stardust Power Inc.,stardust power,,37660,3330.0,base
0001832038,"Invivyd, Inc.",invivyd,,,,base
0001832148,SLR HC BDC LLC,slr hc bdc,,,,base
0001832161,"VIP Play, Inc.",vip play,,,,base
0001832332,"Aveanna Healthcare Holdings, Inc.",aveanna healthcare holdings,,,,base
0001832466,"Alignment Healthcare, Inc.",alignment healthcare,,,,base
0001832483,Serve Robotics Inc. /DE/,serve robotics inc de,,45081,4210.0,base
0001832487,"Guerrilla RF, Inc.",guerrilla rf,,41100,3674.0,base
0001832511,P3 Health Partners Inc.,p3 health partners,,37797,8090.0,base
0001832873,CSAIL 2021-C20 Commercial Mortgage Trust,csail 2021c20 commercial mortgage trust,,,,base
0001833197,"Latham Group, Inc.",latham group,,,,base
0001833214,"SAB Biotherapeutics, Inc.",sab biotherapeutics,,39951,2836.0,base
0001833498,"Spectral AI, Inc.",spectral ai,,,,base
0001833522,GS Mortgage Securities Trust 2020-GSA2,gs mortgage securities trust 2020gsa2,,,,base
0001833563,Benchmark 2020-B22 Mortgage Trust,benchmark 2020b22 mortgage trust,,,,base
0001833756,"Leonardo DRS, Inc.",leonardo drs,,,,base
0001833769,"Hyperfine, Inc.",hyperfine,,37799,3845.0,base
0001834376,InnovAge Holding Corp.,innovage,,38174,8090.0,base
0001834488,"N-able, Inc.",nable,,,,base
0001834494,"MeridianLink, Inc.",meridianlink,,,,base
0001834584,"Coupang, Inc.",coupang,,,,base
0001834622,"Hayward Holdings, Inc.",hayward holdings,,,,base
0001834645,PEAK BIO INC,peak bio,,37928,2836.0,crosswalk
0001835256,DUCKHORN PORTFOLIO INC (THE),duckhorn portfolio inc the,,38160,2084.0,crosswalk
0001835268,Connect Biopharma Holdings Ltd,connect biopharma,,,,base
0001835378,INNOVID CORP,innovid,,37909,7310.0,crosswalk
0001835385,"Marathon Bancorp, Inc. /MD/",marathon bancorp inc md,,38678,6020.0,base
0001835579,"Ikena Oncology, Inc.",ikena oncology,,,,base
0001835597,PepGen Inc.,pepgen,,,,base
0001835632,"Marvell Technology, Inc.",marvell technology,,,,base
0001835830,"Klaviyo, Inc.",klaviyo,,,,base
0001835856,Better Home & Finance Holding Co,better home finance,,,,base
0001836100,GOAL ACQUISITION CORP - REDH,goal acquisition corp redh,,37859,9995.0,crosswalk
0001836833,Planet Labs PBC,planet labs pbc,,,,base
0001836875,Nuvve Holding Corp.,nuvve,,,,base
0001836981,"BigBear.ai Holdings, Inc.",bigbearai holdings,,37966,7370.0,base
0001837014,"SmartRent, Inc.",smartrent,,,,base
0001837607,"AEON Biopharma, Inc.",aeon biopharma,,37857,2836.0,base
0001837671,Copper Property CTL Pass Through Trust,copper property ctl pass through trust,,,,base
0001837686,"Vimeo, Inc.",vimeo,,,,base
0001838126,HPS Corporate Lending Fund,hps corporate lending fund,,,,base
0001838163,Brand Engagement Network Inc.,brand engagement network,,,,base
0001838359,"Rigetti Computing, Inc.",rigetti computing,,,,base
0001838406,BKV Corp,bkv,,,,base
0001838513,Marblegate Acquisition Corp.,marblegate acquisition,,,,base
0001838615,"AlTi Global, Inc.",alti global,,,,base
0001838876,"GeoSolar Technologies, Inc.",geosolar technologies,,,,base
0001838987,"Complete Solaria, Inc.",complete solaria,,,,base
0001839133,"IR-Med, Inc.",irmed,,,,base
0001839285,"Healthcare Triangle, Inc.",healthcare triangle,,,,base
0001839341,"Core Scientific, Inc./tx",core scientific inctx,,,,base
0001839439,PAYCOR HCM INC,paycor hcm,,38707,7370.0,crosswalk
0001839530,"XBP Europe Holdings, Inc.",xbp europe holdings,,,,base
0001839839,"Janus International Group, Inc.",janus international group,,,,base
0001840102,"SPECIFICITY, INC.",specificity,,,,base
0001840121,BANK 2021-BNK31,bank 2021bnk31,,,,base
0001840233,"Xilio Therapeutics, Inc.",xilio therapeutics,,,,base
0001840292,"Heliogen, Inc.",heliogen,,,,base
0001840317,VEEA INC.,veea,,,,base
0001840439,"Biomea Fusion, Inc.",biomea fusion,,,,base
0001840502,Taboola.com Ltd.,taboolacom,,,,base
0001840574,"Verve Therapeutics, Inc.",verve therapeutics,,,,base
0001840644,BENCHMARK 2021-B23 MORTGAGE TRUST,benchmark 2021b23 mortgage trust,,,,base
0001840748,LAVA Therapeutics NV,lava therapeutics nv,,,,base
0001840776,"Hagerty, Inc.",hagerty,,,,base
0001840780,Local Bounti Corporation/DE,local bounti corporationde,,,,base
0001840856,"SOUNDHOUND AI, INC.",soundhound ai,,,,base
0001840877,"Envoy Medical, Inc.",envoy medical,,,,base
0001840904,ATAI Life Sciences N.V.,atai life sciences nv,,,,base
0001841156,"Paymentus Holdings, Inc.",paymentus holdings,,,,base
0001841330,Pasithea Therapeutics Corp.,pasithea therapeutics,,,,base
0001841387,"Candel Therapeutics, Inc.",candel therapeutics,,,,base
0001841408,Dave Inc./DE,dave incde,,,,base
0001841425,"Verde Clean Fuels, Inc.",verde clean fuels,,,,base
0001841514,"Commonwealth Credit Partners BDC I, Inc.",commonwealth credit partners bdc i,,,,base
0001841925,"indie Semiconductor, Inc.",indie semiconductor,,,,base
0001841968,"P10, Inc.",p10,,,,base
0001842295,"Maze Therapeutics, Inc.",maze therapeutics,,,,base
0001842356,Wag! Group Co.,wag,,,,base
0001842563,"Go Go Buyers, Inc.",go go buyers,,,,base
0001842566,"Airship AI Holdings, Inc.",airship ai holdings,,,,base
0001842718,INTEGRAL AD SCIENCE HOLDING CORP.,integral ad science,,,,base
0001843165,LQR House Inc.,lqr house,,,,base
0001843714,"Zapata Quantum, Inc.",zapata quantum,,,,base
0001843724,"LanzaTech Global, Inc.",lanzatech global,,,,base
0001843823,BBCMS Mortgage Trust 2021-C9,bbcms mortgage trust 2021c9,,,,base
0001844392,"Marpai, Inc.",marpai,,,,base
0001844452,"Intuitive Machines, Inc.",intuitive machines,,,,base
0001844505,"QT IMAGING HOLDINGS, INC.",qt imaging holdings,,,,base
0001844971,Greenidge Generation Holdings Inc.,greenidge generation,,,,base
0001844998,Benchmark 2021-B24 Mortgage Trust,benchmark 2021b24 mortgage trust,,,,base
0001845022,"Couchbase, Inc.",couchbase,,,,base
0001845123,"AleAnna, Inc.",aleanna,,,,base
0001845437,NET Power Inc.,net power,,,,base
0001845459,"NKGen Biotech, Inc.",nkgen biotech,,,,base
0001845550,Plum Acquisition Corp. III,plum acquisition corp iii,,,,base
0001845815,Payoneer Global Inc.,payoneer global,,,,base
0001845942,Bannix Acquisition Corp.,bannix acquisition,,,,base
0001846069,"Nextdoor Holdings, Inc.",nextdoor holdings,,,,base
0001846253,"OmniAb, Inc.",omniab,,,,base
0001846510,Soho House & Co Inc.,soho house,,,,base
0001846576,"FIGS, Inc.",figs,,,,base
0001847064,"PSQ Holdings, Inc.",psq holdings,,,,base
0001847355,Target Global Acquisition I Corp.,target global acquisition i,,,,base
0001847367,ALUMIS INC.,alumis,,,,base
0001847590,Bowman Consulting Group Ltd.,bowman consulting,,,,base
0001847874,Mobile Infrastructure Corp,mobile infrastructure,,,,base
0001847986,Dragonfly Energy Holdings Corp.,dragonfly energy,,,,base
0001848437,Cartica Acquisition Corp,cartica acquisition,,,,base
0001848672,Glidelogic Corp.,glidelogic,,,,base
0001848861,Healthcare AI Acquisition Corp.,healthcare ai acquisition,,,,base
0001849056,Oklo Inc.,oklo,,,,base
0001849089,"Lafayette Square USA, Inc.",lafayette square usa,,,,base
0001849221,Perfect Moment Ltd.,perfect moment,,,,base
0001849253,"RYAN SPECIALTY HOLDINGS, INC.",ryan specialty holdings,,,,base
0001849380,OneMedNet Corp,onemednet,,,,base
0001849635,Trump Media & Technology Group Corp.,trump media technology,,,,base
0001849820,"Nauticus Robotics, Inc.",nauticus robotics,,,,base
0001849894,MSD Investment Corp.,msd investment,,,,base
0001850119,"Century Therapeutics, Inc.",century therapeutics,,,,base
0001850262,Integral Acquisition Corp 1,integral acquisition corp 1,,,,base
0001850767,Accustem Sciences Inc.,accustem sciences,,,,base
0001850938,"WTI Fund X, Inc.",wti fund x,,,,base
0001851003,Zeta Global Holdings Corp.,zeta global,,,,base
0001851115,Benchmark 2021-B25 Mortgage Trust,benchmark 2021b25 mortgage trust,,,,base
0001851194,"Ventyx Biosciences, Inc.",ventyx biosciences,,,,base
0001851322,North Haven Private Income Fund LLC,north haven private income fund,,,,base
0001851484,"CITIUS ONCOLOGY, INC.",citius oncology,,,,base
0001851961,"GCT Semiconductor Holding, Inc.",gct semiconductor holding,,,,base
0001852131,Nextracker Inc.,nextracker,,,,base
0001852207,Bold Eagle Acquisition Corp.,bold eagle acquisition,,,,base
0001852244,"GXO Logistics, Inc.",gxo logistics,,,,base
0001852889,Investcorp AI Acquisition Corp.,investcorp ai acquisition,,,,base
0001853044,"Aeries Technology, Inc.",aeries technology,,,,base
0001853047,Hudson Acquisition I Corp.,hudson acquisition i,,,,base
0001853138,Ares Acquisition Corp II,ares acquisition corp ii,,,,base
0001853145,EverCommerce Inc.,evercommerce,,,,base
0001854149,Agriculture & Natural Solutions Acquisition Corp,agriculture natural solutions acquisition,,,,base
0001854270,"Senti Biosciences, Inc.",senti biosciences,,,,base
0001854275,"Zoomcar Holdings, Inc.",zoomcar holdings,,,,base
0001854401,Bridge Investment Group Holdings Inc.,bridge investment,,,,base
0001854445,"Glimpse Group, Inc.",glimpse group,,38827,7371.0,base
0001854463,WinVest Acquisition Corp.,winvest acquisition,,,,base
0001854963,"SHF Holdings, Inc.",shf holdings,,,,base
0001855447,"TIGO ENERGY, INC.",tigo energy,,,,base
0001855474,AirJoule Technologies Corp.,airjoule technologies,,,,base
0001855644,Zura Bio Ltd,zura bio,,,,base
0001855747,"Blend Labs, Inc.",blend labs,,,,base
0001855781,Invesco Galaxy Bitcoin ETF,invesco galaxy bitcoin etf,,,,base
0001856031,Vivid Seats Inc.,vivid seats,,,,base
0001856314,"Clear Secure, Inc.",clear secure,,,,base
0001856437,Victoria's Secret & Co.,victorias secret,,,,base
0001856485,Sylvamo Corp,sylvamo,,,,base
0001856525,"Core & Main, Inc.",core main,,,,base
0001856725,"Rani Therapeutics Holdings, Inc.",rani therapeutics holdings,,,,base
0001856967,Morgan Stanley Capital I Trust 2021-L5,morgan stanley capital i trust 2021l5,,,,base
0001857086,"TruGolf Holdings, Inc.",trugolf holdings,,,,base
0001857154,"Krispy Kreme, Inc.",krispy kreme,,,,base
0001857816,GigaCloud Technology Inc,gigacloud technology,,,,base
0001857853,"Traeger, Inc.",traeger,,,,base
0001857855,Finnovate Acquisition Corp.,finnovate acquisition,,,,base
0001858257,"AvidXchange Holdings, Inc.",avidxchange holdings,,,,base
0001858289,Benchmark 2021-B26 Mortgage Trust,benchmark 2021b26 mortgage trust,,,,base
0001858681,"Apollo Global Management, Inc.",apollo global management,,,,base
0001858685,Biofrontera Inc.,biofrontera,,,,base
0001858848,"Tenaya Therapeutics, Inc.",tenaya therapeutics,,,,base
0001858865,BANK 2021-BNK33,bank 2021bnk33,,,,base
0001859199,reAlpha Tech Corp.,realpha tech,,,,base
0001859919,Barings Private Credit Corp,barings private credit,,,,base
0001860424,Onex Direct Lending BDC Fund,onex direct lending bdc fund,,,,base
0001860514,Roth CH Acquisition Co.,roth ch acquisition,,,,base
0001860657,"Allarity Therapeutics, Inc.",allarity therapeutics,,,,base
0001860742,Bausch & Lomb Corp,bausch lomb,,,,base
0001860871,Tevogen Bio Holdings Inc.,tevogen bio,,,,base
0001861107,"Ceribell, Inc.",ceribell,,,,base
0001861560,"Nuvalent, Inc.",nuvalent,,,,base
0001861622,Jet.AI Inc.,jetai,,,,base
0001861795,Definitive Healthcare Corp.,definitive healthcare,,,,base
0001862080,BENCHMARK 2021-B27 MORTGAGE TRUST,benchmark 2021b27 mortgage trust,,,,base
0001862150,Cingulate Inc.,cingulate,,,,base
0001862463,"ALPHA MODUS HOLDINGS, INC.",alpha modus holdings,,,,base
0001862935,Currenc Group Inc.,currenc,,,,base
0001863688,BANK 2021-BNK34,bank 2021bnk34,,,,base
0001863990,"MultiSensor AI Holdings, Inc.",multisensor ai holdings,,,,base
0001864196,BBCMS Mortgage Trust 2021-C10,bbcms mortgage trust 2021c10,,,,base
0001864531,"VSEE HEALTH, INC.",vsee health,,,,base
0001864943,FGI Industries Ltd.,fgi industries,,,,base
0001865107,A.K.A. BRANDS HOLDING CORP.,aka brands,,,,base
0001865120,Broad Capital Acquisition Corp,broad capital acquisition,,,,base
0001865174,Goldman Sachs Middle Market Lending Corp. II,goldman sachs middle market lending corp ii,,,,base
0001865631,NEXTNAV INC.,nextnav,,,,base
0001865782,"BrightSpring Health Services, Inc.",brightspring health services,,,,base
0001866368,"Clearwater Analytics Holdings, Inc.",clearwater analytics holdings,,,,base
0001866493,Morgan Stanley Capital I Trust 2021-L6,morgan stanley capital i trust 2021l6,,,,base
0001866581,Dutch Bros Inc.,dutch bros,,,,base
0001866633,"Consensus Cloud Solutions, Inc.",consensus cloud solutions,,,,base
0001866692,"Amplitude, Inc.",amplitude,,,,base
0001866757,"Brilliant Earth Group, Inc.",brilliant earth group,,,,base
0001866816,"SYNTEC OPTICS HOLDINGS, INC.",syntec optics holdings,,,,base
0001866838,Inception Growth Acquisition Ltd,inception growth acquisition,,,,base
0001867066,Journey Medical Corp,journey medical,,,,base
0001867072,"Kyndryl Holdings, Inc.",kyndryl holdings,,,,base
0001867096,"Xeris Biopharma Holdings, Inc.",xeris biopharma holdings,,,,base
0001867949,"Chicago Atlantic Real Estate Finance, Inc.",chicago atlantic real estate finance,,,,base
0001868159,"Lineage, Inc.",lineage,,,,base
0001868275,Constellation Energy Corp,constellation energy,,,,base
0001868279,"ArriVent BioPharma, Inc.",arrivent biopharma,,,,base
0001868419,"Cycurion, Inc.",cycurion,,,,base
0001868516,"StratCap Digital Infrastructure REIT, Inc.",stratcap digital infrastructure reit,,,,base
0001868640,Roadzen Inc.,roadzen,,,,base
0001868726,"OLAPLEX HOLDINGS, INC.",olaplex holdings,,,,base
0001868778,Informatica Inc.,informatica,,,,base
0001868878,GOLUB CAPITAL DIRECT LENDING CORP,golub capital direct lending,,,,base
0001868941,"Fluence Energy, Inc.",fluence energy,,39751,3690.0,base
0001869198,"Life Time Group Holdings, Inc.",life time group holdings,,,,base
0001869453,Blue Owl Technology Income Corp.,blue owl technology income,,,,base
0001869601,Embrace Change Acquisition Corp.,embrace change acquisition,,,,base
0001869699,Ark 21Shares Bitcoin ETF,ark 21shares bitcoin etf,,,,base
0001869974,"Ocean Biomedical, Inc.",ocean biomedical,,,,base
0001870144,"Cardio Diagnostics Holdings, Inc.",cardio diagnostics holdings,,,,base
0001870267,Redwood Enhanced Income Corp.,redwood enhanced income,,,,base
0001870404,"CERO THERAPEUTICS HOLDINGS, INC.",cero therapeutics holdings,,,,base
0001870600,"Solo Brands, Inc.",solo brands,,,,base
0001871509,Portillo's Inc.,portillos,,,,base
0001871630,Benchmark 2021-B28 Mortgage Trust,benchmark 2021b28 mortgage trust,,,,base
0001871638,"Blaize Holdings, Inc.",blaize holdings,,,,base
0001872347,BANK 2021-BNK35,bank 2021bnk35,,,,base
0001872371,Oaktree Strategic Credit Fund,oaktree strategic credit fund,,,,base
0001872789,Embecta Corp.,embecta,,,,base
0001873722,Bubblr Inc.,bubblr,,,,base
0001874097,Cyngn Inc.,cyngn,,,,base
0001874178,"Rivian Automotive, Inc. / DE",rivian automotive inc de,,,,base
0001874315,Satellogic Inc.,satellogic,,,,base
0001874875,"Hour Loop, Inc",hour loop,,,,base
0001874944,"Vacasa, Inc.",vacasa,,,,base
0001875493,CSLM ACQUISITION CORP.,cslm acquisition,,,,base
0001876255,"AB Commercial Real Estate Private Debt Fund, LLC",ab commercial real estate private debt fund,,,,base
0001876588,ZimVie Inc.,zimvie,,,,base
0001877461,1606 CORP.,1606,,,,base
0001878848,IREN Ltd,iren,,,,base
0001878897,Douglas Elliman Inc.,douglas elliman,,,,base
0001879001,Verses AI Inc.,verses ai,,,,base
0001879016,Ivanhoe Electric Inc.,ivanhoe electric,,,,base
0001879293,"Mag Mile Capital, Inc.",mag mile capital,,,,base
0001879373,GRAPHJET TECHNOLOGY,graphjet technology,,,,base
0001879403,La Rosa Holdings Corp.,la rosa,,,,base
0001879726,Sidus Space Inc.,sidus space,,,,base
0001879814,TLGY ACQUISITION CORP,tlgy acquisition,,,,base
0001879848,PHOENIX MOTOR INC.,phoenix motor,,,,base
0001880187,Benchmark 2021-B29 Mortgage Trust,benchmark 2021b29 mortgage trust,,,,base
0001880431,Vocodia Holdings Corp,vocodia,,,,base
0001880438,"AN2 Therapeutics, Inc.",an2 therapeutics,,,,base
0001880613,"Direct Digital Holdings, Inc.",direct digital holdings,,,,base
0001880661,TPG Inc.,tpg,,,,base
0001881326,BBCMS Mortgage Trust 2021-C11,bbcms mortgage trust 2021c11,,,,base
0001881487,ProFrac Holding Corp.,profrac,,,,base
0001882198,Athena Technology Acquisition Corp. II,athena technology acquisition corp ii,,,,base
0001882781,"C2 Blockchain, Inc.",c2 blockchain,,,,base
0001882850,"Apollo Realty Income Solutions, Inc.",apollo realty income solutions,,,,base
0001883085,Pagaya Technologies Ltd.,pagaya technologies,,,,base
0001883246,Morgan Stanley Capital I Trust 2021-L7,morgan stanley capital i trust 2021l7,,,,base
0001883313,"Savers Value Village, Inc.",savers value village,,,,base
0001883685,DraftKings Inc.,draftkings,,,,base
0001883788,"DIH HOLDING US, INC.",dih holding us,,,,base
0001883835,ESG Inc.,esg,,,,base
0001883984,"Alternus Clean Energy, Inc.",alternus clean energy,,,,base
0001884046,Spark I Acquisition Corp,spark i acquisition,,,,base
0001884164,"KwikClick, Inc.",kwikclick,,,,base
0001885461,ShoulderUP Technology Acquisition Corp.,shoulderup technology acquisition,,,,base
0001885522,"Neumora Therapeutics, Inc.",neumora therapeutics,,,,base
0001885855,Benchmark 2021-B30 Mortgage Trust,benchmark 2021b30 mortgage trust,,,,base
0001885968,T Series Middle Market Loan Fund LLC,t series middle market loan fund,,,,base
0001886894,"Snail, Inc.",snail,,,,base
0001887944,Shimmick Corp,shimmick,,,,base
0001888447,"Excelerate Energy, Inc.",excelerate energy,,,,base
0001888654,"5E Advanced Materials, Inc.",5e advanced materials,,,,base
0001888886,Structure Therapeutics Inc.,structure therapeutics,,,,base
0001889106,ALPHATIME ACQUISITION CORP,alphatime acquisition,,,,base
0001889123,"Fold Holdings, Inc.",fold holdings,,,,base
0001889297,BANK 2021-BNK37,bank 2021bnk37,,,,base
0001889450,FutureTech II Acquisition Corp.,futuretech ii acquisition,,,,base
0001889539,"Corebridge Financial, Inc.",corebridge financial,,,,base
0001889668,Blue Owl Technology Finance Corp. II,blue owl technology finance corp ii,,,,base
0001889956,"OneStream, Inc.",onestream,,,,base
0001890702,3650R 2021-PF1 Commercial Mortgage Trust,3650r 2021pf1 commercial mortgage trust,,,,base
0001891101,BRC Inc.,brc,,,,base
0001891818,BBCMS Mortgage Trust 2021-C12,bbcms mortgage trust 2021c12,,,,base
0001892292,Maison Solutions Inc.,maison solutions,,,,base
0001892322,"HeartCore Enterprises, Inc.",heartcore enterprises,,,,base
0001892747,Valuence Merger Corp. I,valuence merger corp i,,,,base
0001894525,"Apimeds Pharmaceuticals US, Inc.",apimeds pharmaceuticals us,,,,base
0001894562,"Prime Medicine, Inc.",prime medicine,,,,base
0001894714,BENCHMARK 2021-B31 MORTGAGE TRUST,benchmark 2021b31 mortgage trust,,,,base
0001895116,GS Mortgage Securities Trust 2021-GSA3,gs mortgage securities trust 2021gsa3,,,,base
0001895249,"ConnectM Technology Solutions, Inc.",connectm technology solutions,,,,base
0001895262,Noble Corp plc,noble corp,,,,base
0001895567,BANK 2021-BNK38,bank 2021bnk38,,,,base
0001895618,GAXOS.AI INC.,gaxosai,,,,base
0001896212,CONDUIT PHARMACEUTICALS INC.,conduit pharmaceuticals,,,,base
0001897762,Ingram Micro Holding Corp,ingram micro,,,,base
0001898474,"Signing Day Sports, Inc.",signing day sports,,,,base
0001898496,"Getty Images Holdings, Inc.",getty images holdings,,,,base
0001899883,FTAI Infrastructure Inc.,ftai infrastructure,,,,base
0001900454,Benchmark 2022-B32 Mortgage Trust,benchmark 2022b32 mortgage trust,,,,base
0001900520,"Lomond Therapeutics Holdings, Inc.",lomond therapeutics holdings,,,,base
0001901164,T. Rowe Price OHA Select Private Credit Fund,t rowe price oha select private credit fund,,,,base
0001901203,Iron Horse Acquisitions Corp.,iron horse acquisitions,,,,base
0001901297,ZRCN Inc.,zrcn,,,,base
0001901440,UL Solutions Inc.,ul solutions,,,,base
0001901606,Golub Capital Direct Lending Unlevered Corp,golub capital direct lending unlevered,,,,base
0001901612,"Golub Capital BDC 4, Inc.",golub capital bdc 4,,,,base
0001901637,"USCB FINANCIAL HOLDINGS, INC.",uscb financial holdings,,,,base
0001901799,Bitcoin Depot Inc.,bitcoin depot,,,,base
0001901814,BBCMS Mortgage Trust 2022-C14,bbcms mortgage trust 2022c14,,,,base
0001902314,"M-tron Industries, Inc.",mtron industries,,,,base
0001902649,BlackRock Private Credit Fund,blackrock private credit fund,,,,base
0001902733,"nCino, Inc.",ncino,,,,base
0001903595,"Brag House Holdings, Inc.",brag house holdings,,,,base
0001903688,BMO 2022-C1 Mortgage Trust,bmo 2022c1 mortgage trust,,,,base
0001905956,TREASURE GLOBAL INC,treasure global,,,,base
0001906324,QuidelOrtho Corp,quidelortho,,,,base
0001907059,Benchmark 2022-B33 Mortgage Trust,benchmark 2022b33 mortgage trust,,,,base
0001907425,JOCOM HOLDINGS CORP.,jocom,,,,base
0001907982,D-Wave Quantum Inc.,dwave quantum,,,,base
0001909770,KHEOBA CORP.,kheoba,,,,base
0001910139,Mobileye Global Inc.,mobileye global,,,,base
0001911321,Kennedy Lewis Capital Co,kennedy lewis capital,,,,base
0001911545,"Global Interactive Technologies, Inc.",global interactive technologies,,,,base
0001912461,SK Growth Opportunities Corp,sk growth opportunities,,,,base
0001912509,Benchmark 2022-B34 Mortgage Trust,benchmark 2022b34 mortgage trust,,,,base
0001912582,"Thunder Power Holdings, Inc.",thunder power holdings,,,,base
0001912724,Morgan Stanley Capital I Trust 2022-L8,morgan stanley capital i trust 2022l8,,,,base
0001913577,Denali Capital Acquisition Corp.,denali capital acquisition,,,,base
0001913593,BBCMS Mortgage Trust 2022-C15,bbcms mortgage trust 2022c15,,,,base
0001913724,TPG Twin Brook Capital Income Fund,tpg twin brook capital income fund,,,,base
0001913971,"Princeton Bancorp, Inc.",princeton bancorp,,,,base
0001914496,"Sculptor Diversified Real Estate Income Trust, Inc.",sculptor diversified real estate income trust,,,,base
0001915328,Israel Acquisitions Corp,israel acquisitions,,,,base
0001915380,"dMY Squared Technology Group, Inc.",dmy squared technology group,,,,base
0001915657,HF Sinclair Corp,hf sinclair,,,,base
0001916099,Diameter Credit Co,diameter credit,,,,base
0001918712,ARES STRATEGIC INCOME FUND,ares strategic income fund,,,,base
0001919182,"Eco Bright Future, Inc.",eco bright future,,,,base
0001919246,Channel Therapeutics Corp,channel therapeutics,,,,base
0001919369,VISTA CREDIT STRATEGIC LENDING CORP.,vista credit strategic lending,,,,base
0001920145,Goldman Sachs Private Credit Corp.,goldman sachs private credit,,,,base
0001920406,Asset Entities Inc.,asset entities,,,,base
0001921064,BENCHMARK 2022-B35 MORTGAGE TRUST,benchmark 2022b35 mortgage trust,,,,base
0001921865,ASP Isotopes Inc.,asp isotopes,,,,base
0001922331,Global Star Acquisition Inc.,global star acquisition,,,,base
0001922335,Syra Health Corp,syra health,,,,base
0001923622,PGIM Private Credit Fund,pgim private credit fund,,,,base
0001923780,Northann Corp.,northann,,,,base
0001923891,Nano Nuclear Energy Inc.,nano nuclear energy,,,,base
0001924780,BBCMS Mortgage Trust 2022-C16,bbcms mortgage trust 2022c16,,,,base
0001924870,Citigroup Commercial Mortgage Trust 2022-GC48,citigroup commercial mortgage trust 2022gc48,,,,base
0001925531,"New Mountain Guardian IV BDC, L.L.C.",new mountain guardian iv bdc llc,,,,base
0001926900,BANK 2022-BNK42,bank 2022bnk42,,,,base
0001927678,Benchmark 2022-B36 Mortgage Trust,benchmark 2022b36 mortgage trust,,,,base
0001928446,"Granite Ridge Resources, Inc.",granite ridge resources,,,,base
0001929561,"RXO, Inc.",rxo,,,,base
0001930021,New Horizon Aircraft Ltd.,new horizon aircraft,,,,base
0001930054,Blackstone Private Equity Strategies Fund L.P.,blackstone private equity strategies fund lp,,,,base
0001930087,Golub Capital Private Credit Fund,golub capital private credit fund,,,,base
0001930313,SBC Medical Group Holdings Inc,sbc medical,,,,base
0001930679,KKR FS Income Trust,kkr fs income trust,,,,base
0001932393,GE HealthCare Technologies Inc.,ge healthcare technologies,,,,base
0001932591,SLR Private Credit BDC II LLC,slr private credit bdc ii,,,,base
0001932997,BMO 2022-C2 Mortgage Trust,bmo 2022c2 mortgage trust,,,,base
0001934850,"F&G Annuities & Life, Inc.",fg annuities life,,,,base
0001934945,Trailblazer Merger Corp I,trailblazer merger corp i,,,,base
0001935092,"Cyber Enviro-Tech, Inc.",cyber envirotech,,,,base
0001936224,SURF AIR MOBILITY INC.,surf air mobility,,,,base
0001936255,Four Leaf Acquisition Corp,four leaf acquisition,,,,base
0001936258,NewAmsterdam Pharma Co N.V.,newamsterdam pharma co nv,,,,base
0001936737,"EASTERN GAS TRANSMISSION & STORAGE, INC.",eastern gas transmission storage,,,,base
0001937926,Brookfield Asset Management Ltd.,brookfield asset management,,,,base
0001937985,BBCMS Mortgage Trust 2022-C17,bbcms mortgage trust 2022c17,,,,base
0001937987,"Falcon's Beyond Global, Inc.",falcons beyond global,,,,base
0001938109,Pineapple Financial Inc.,pineapple financial,,,,base
0001938338,GlobalTech Corp,globaltech,,,,base
0001939433,"Cohen & Steers Income Opportunities REIT, Inc.",cohen steers income opportunities reit,,,,base
0001940177,"PodcastOne, Inc.",podcastone,,,,base
0001941029,Advanced Biomed Inc.,advanced biomed,,,,base
0001942599,BMO 2022-C3 Mortgage Trust,bmo 2022c3 mortgage trust,,,,base
0001943289,"Silvaco Group, Inc.",silvaco group,,,,base
0001943896,"Rubrik, Inc.",rubrik,,,,base
0001944048,Kenvue Inc.,kenvue,,,,base
0001944366,Blue Owl Real Estate Net Lease Trust,blue owl real estate net lease trust,,,,base
0001944831,Willow Tree Capital Corp,willow tree capital,,,,base
0001945619,Kinetic Seas Inc.,kinetic seas,,,,base
0001946021,Horizon Space Acquisition I Corp.,horizon space acquisition i,,,,base
0001946375,Benchmark 2022-B37 Mortgage Trust,benchmark 2022b37 mortgage trust,,,,base
0001946573,"Kindly MD, Inc.",kindly md,,,,base
0001947210,"High Roller Technologies, Inc.",high roller technologies,,,,base
0001948056,KKR Infrastructure Conglomerate LLC,kkr infrastructure conglomerate,,,,base
0001948175,3650R 2022-PF2 Commercial Mortgage Trust,3650r 2022pf2 commercial mortgage trust,,,,base
0001948368,Phillip Street Middle Market Lending Fund LLC,phillip street middle market lending fund,,,,base
0001948455,Ispire Technology Inc.,ispire technology,,,,base
0001949543,Sitio Royalties Corp.,sitio royalties,,,,base
0001949864,Mag Magna Corp,mag magna,,,,base
0001950140,BBCMS Mortgage Trust 2022-C18,bbcms mortgage trust 2022c18,,,,base
0001950141,BANK 2022-BNK44,bank 2022bnk44,,,,base
0001950572,BIP Ventures Evergreen BDC,bip ventures evergreen bdc,,,,base
0001950803,Stepstone Private Credit Fund LLC,stepstone private credit fund,,,,base
0001950976,"26North BDC, Inc.",26north bdc,,,,base
0001952853,Massimo Group,massimo,,,,base
0001952976,Net Lease Office Properties,net lease office properties,,,,base
0001953926,"Zenas BioPharma, Inc.",zenas biopharma,,,,base
0001955010,OHA Senior Private Lending Fund (U) LLC,oha senior private lending fund u,,,,base
0001955520,Knife River Corp,knife river,,,,base
0001956055,Bukit Jalil Global Acquisition 1 Ltd.,bukit jalil global acquisition 1,,,,base
0001956955,"Unusual Machines, Inc.",unusual machines,,,,base
0001957662,BMO 2023-C4 Mortgage Trust,bmo 2023c4 mortgage trust,,,,base
0001957845,KKR Private Equity Conglomerate LLC,kkr private equity conglomerate,,,,base
0001958086,Core Laboratories Inc. /DE/,core laboratories inc de,,,,base
0001958140,"Atlanta Braves Holdings, Inc.",atlanta braves holdings,,,,base
0001958501,BANK 2023-BNK45,bank 2023bnk45,,,,base
0001958777,"FibroBiologics, Inc.",fibrobiologics,,,,base
0001959023,Safe & Green Development Corp,safe green development,,,,base
0001959472,"Kimco Realty OP, LLC",kimco realty op,,,,base
0001959568,"Senior Credit Investments, LLC",senior credit investments,,,,base
0001959604,Jefferies Credit Partners BDC Inc.,jefferies credit partners bdc,,,,base
0001959961,"IPC Alternative Real Estate Income Trust, Inc.",ipc alternative real estate income trust,,,,base
0001960262,"LUDWIG ENTERPRISES, INC.",ludwig enterprises,,,,base
0001960847,Toppoint Holdings Inc.,toppoint,,,,base
0001961629,FIVE 2023-V1 Mortgage Trust,five 2023v1 mortgage trust,,,,base
0001961847,INNO HOLDINGS INC.,inno,,,,base
0001962918,"ACELYRIN, Inc.",acelyrin,,,,base
0001963088,"AtlasClear Holdings, Inc.",atlasclear holdings,,,,base
0001963685,RICHTECH ROBOTICS INC.,richtech robotics,,,,base
0001964738,Solventum Corp,solventum,,,,base
0001964789,Hut 8 Corp.,hut 8,,,,base
0001964979,"ALLURION TECHNOLOGIES, INC.",allurion technologies,,,,base
0001965040,Fortrea Holdings Inc.,fortrea,,,,base
0001965934,Overland Advantage,overland advantage,,,,base
0001966002,Benchmark 2023-B38 Mortgage Trust,benchmark 2023b38 mortgage trust,,,,base
0001966434,BBCMS Mortgage Trust 2023-C19,bbcms mortgage trust 2023c19,,,,base
0001966494,"CARGO Therapeutics, Inc.",cargo therapeutics,,,,base
0001967649,Vestis Corp,vestis,,,,base
0001967945,BANK5 2023-5YR1,bank5 20235yr1,,,,base
0001968487,"Worthington Steel, Inc.",worthington steel,,,,base
0001968915,PHINIA INC.,phinia,,,,base
0001970622,"USA Rare Earth, Inc.",usa rare earth,,,,base
0001970781,Benchmark 2023-V2 Mortgage Trust,benchmark 2023v2 mortgage trust,,,,base
0001971213,"Sinclair, Inc.",sinclair,,,,base
0001971381,Apollo Infrastructure Co LLC,apollo infrastructure,,,,base
0001971532,"Telomir Pharmaceuticals, Inc.",telomir pharmaceuticals,,,,base
0001972529,Armlogi Holding Corp.,armlogi,,,,base
0001972920,BMO 2023-C5 Mortgage Trust,bmo 2023c5 mortgage trust,,,,base
0001973266,"TKO Group Holdings, Inc.",tko group holdings,,,,base
0001973476,North Haven Private Income Fund A LLC,north haven private income fund a,,,,base
0001974138,NCR Atleos Corp,ncr atleos,,,,base
0001974640,"Apogee Therapeutics, Inc.",apogee therapeutics,,,,base
0001974793,"Oaktree Gardens OLP, LLC",oaktree gardens olp,,,,base
0001975736,KKR FS Income Trust Select,kkr fs income trust select,,,,base
0001976336,Antares Private Credit Fund,antares private credit fund,,,,base
0001976663,"Nexscient, Inc.",nexscient,,,,base
0001976719,"New Mountain Guardian IV Income Fund, L.L.C.",new mountain guardian iv income fund llc,,,,base
0001976927,"Invesco Commercial Real Estate Finance Trust, Inc.",invesco commercial real estate finance trust,,,,base
0001977837,ALIXO-YOLLOO Corp,alixoyolloo,,,,base
0001978111,Naploy Corp.,naploy,,,,base
0001979005,"Aimei Health Technology Co., Ltd.",aimei health technology co,,,,base
0001979306,"Andalusian Credit Company, LLC",andalusian credit company,,,,base
0001979330,"NB Bancorp, Inc.",nb bancorp,,,,base
0001979748,BANK5 2023-5YR2,bank5 20235yr2,,,,base
0001979859,Benchmark 2023-B39 Mortgage Trust,benchmark 2023b39 mortgage trust,,,,base
0001980295,IMA Tech,ima tech,,,,base
0001981535,"SharpLink Gaming, Inc.",sharplink gaming,,,,base
0001981599,"Centuri Holdings, Inc.",centuri holdings,,,,base
0001981769,BBCMS 2023-C20,bbcms 2023c20,,,,base
0001981792,Howard Hughes Holdings Inc.,howard hughes,,,,base
0001982178,Benchmark 2023-V3 Mortgage Trust,benchmark 2023v3 mortgage trust,,,,base
0001982518,Smith Douglas Homes Corp.,smith douglas homes,,,,base
0001982701,AB Private Lending Fund,ab private lending fund,,,,base
0001983514,LGAM Private Credit LLC,lgam private credit,,,,base
0001983736,Eva Live Inc,eva live,,,,base
0001984060,Atlas Energy Solutions Inc.,atlas energy solutions,,,,base
0001984086,"Septerna, Inc.",septerna,,,,base
0001984246,BMO 2023-5C1 Mortgage Trust,bmo 20235c1 mortgage trust,,,,base
0001985554,Londax Corp.,londax,,,,base
0001985684,BBCMS Mortgage Trust 2023-C21,bbcms mortgage trust 2023c21,,,,base
0001986395,Starwood Credit Real Estate Income Trust,starwood credit real estate income trust,,,,base
0001987221,AMG Comvest Senior Lending Fund,amg comvest senior lending fund,,,,base
0001987419,BMO 2023-C6 Mortgage Trust,bmo 2023c6 mortgage trust,,,,base
0001987731,"WTI Fund XI, Inc.",wti fund xi,,,,base
0001988494,"FrontView REIT, Inc.",frontview reit,,,,base
0001989817,HPS Corporate Capital Solutions Fund,hps corporate capital solutions fund,,,,base
0001990354,Waystar Holding Corp.,waystar,,,,base
0001991192,Benchmark 2023-B40 Mortgage Trust,benchmark 2023b40 mortgage trust,,,,base
0001991524,BANK5 2023-5YR3,bank5 20235yr3,,,,base
0001991792,"CG Oncology, Inc.",cg oncology,,,,base
0001992084,Benchmark 2023-V4 Mortgage Trust,benchmark 2023v4 mortgage trust,,,,base
0001992243,T1 Energy Inc.,t1 energy,,,,base
0001992508,21Shares Core Ethereum ETF,21shares core ethereum etf,,,,base
0001993004,"NorthWestern Energy Group, Inc.",northwestern energy group,,,,base
0001994342,BBCMS Mortgage Trust 2023-C22,bbcms mortgage trust 2023c22,,,,base
0001994624,ScanTech AI Systems Inc.,scantech ai systems,,,,base
0001994702,"Kyverna Therapeutics, Inc.",kyverna therapeutics,,,,base
0001994754,BMO 2023-5C2 Mortgage Trust,bmo 20235c2 mortgage trust,,,,base
0001995500,BMO 2023-C7 Mortgage Trust,bmo 2023c7 mortgage trust,,,,base
0001995807,LandBridge Co LLC,landbridge,,,,base
0001995920,E-Smart Corp.,esmart,,,,base
0001996001,BANK5 2023-5YR4,bank5 20235yr4,,,,base
0001996192,Lakeside Holding Ltd,lakeside,,,,base
0001996810,GE Vernova Inc.,ge vernova,,,,base
0001996862,Bunge Global SA,bunge global sa,,,,base
0001997652,Tamboran Resources Corp,tamboran resources,,,,base
0001997859,WEBTOON Entertainment Inc.,webtoon entertainment,,,,base
0001998392,BBCMS Mortgage Trust 2023-5C23,bbcms mortgage trust 20235c23,,,,base
0001999480,"Alto Neuroscience, Inc.",alto neuroscience,,,,base
0001999538,X1 Capital Inc.,x1 capital,,,,base
0002000597,Apollo Asset Backed Credit Co LLC,apollo asset backed credit,,,,base
0002000640,Damon Inc.,damon,,,,base
0002000762,GMTech Inc.,gmtech,,,,base
0002001557,"Innventure, Inc.",innventure,,,,base
0002002473,Bowhead Specialty Holdings Inc.,bowhead specialty,,,,base
0002005951,Smurfit Westrock plc,smurfit westrock,,,,base
0002006016,BANK5 2024-5YR5,bank5 20245yr5,,,,base
0002006370,BBCMS Mortgage Trust 2024-C24,bbcms mortgage trust 2024c24,,,,base
0002006440,BMO 2024-5C3 Mortgage Trust,bmo 20245c3 mortgage trust,,,,base
0002007596,"TWFG, Inc.",twfg,,,,base
0002007855,"Venture Global, Inc.",venture global,,,,base
0002008861,"Endo, Inc.",endo,,,,base
0002009312,Aureus Greenway Holdings Inc,aureus greenway,,,,base
0002010653,Future Vision II Acquisition Corp.,future vision ii acquisition,,,,base
0002010788,EXOZYMES INC.,exozymes,,,,base
0002010930,Centurion Acquisition Corp.,centurion acquisition,,,,base
0002011134,Kioni Holdings Ltd,kioni,,,,base
0002011208,Safe Pro Group Inc.,safe pro,,,,base
0002011286,"Amentum Holdings, Inc.",amentum holdings,,,,base
0002011641,Ferguson Enterprises Inc. /DE/,ferguson enterprises inc de,,,,base
0002012265,Benchmark 2024-V6 Mortgage Trust,benchmark 2024v6 mortgage trust,,,,base
0002012383,"BlackRock, Inc.",blackrock,,,,base
0002012481,BANK5 2024-5YR8,bank5 20245yr8,,,,base
0002012593,"Rapport Therapeutics, Inc.",rapport therapeutics,,,,base
0002012807,RF Acquisition Corp II,rf acquisition corp ii,,,,base
0002012839,KKR Enhanced US Direct Lending Fund-L Inc.,kkr enhanced us direct lending fundl,,,,base
0002013639,"FB Bancorp, Inc. /MD/",fb bancorp inc md,,,,base
0002013744,Bitwise Ethereum ETF,bitwise ethereum etf,,,,base
0002013745,"Calumet, Inc. /DE",calumet inc de,,,,base
0002013807,Foxx Development Holdings Inc.,foxx development,,,,base
0002013825,BBCMS Mortgage Trust 2024-5C25,bbcms mortgage trust 20245c25,,,,base
0002014596,"Concentra Group Holdings Parent, Inc.",concentra group holdings parent,,,,base
0002014982,SIM Acquisition Corp. I,sim acquisition corp i,,,,base
0002015845,"Everus Construction Group, Inc.",everus construction group,,,,base
0002016167,Transit Pro Tech Inc.,transit pro tech,,,,base
0002016420,Chenghe Acquisition II Co.,chenghe acquisition ii,,,,base
0002017206,"Millrose Properties, Inc.",millrose properties,,,,base
0002017758,Linkhome Holdings Inc.,linkhome,,,,base
0002017898,BANK5 Trust 2024-5YR6,bank5 trust 20245yr6,,,,base
0002018064,"TechTarget, Inc.",techtarget,,,,base
0002018145,Rising Dragon Acquisition Corp.,rising dragon acquisition,,,,base
0002019505,"Health In Tech, Inc.",health in tech,,,,base
0002020017,BBCMS Mortgage Trust 2024-C26,bbcms mortgage trust 2024c26,,,,base
0002020385,Tavia Acquisition Corp.,tavia acquisition,,,,base
0002020919,DeltaSoft Corp,deltasoft,,,,base
0002020987,YHN Acquisition I Ltd,yhn acquisition i,,,,base
0002022416,Silexion Therapeutics Corp,silexion therapeutics,,,,base
0002022503,BANK5 2024-5YR7,bank5 20245yr7,,,,base
0002022626,"Upstream Bio, Inc.",upstream bio,,,,base
0002022685,BBCMS Mortgage Trust 2024-5C27,bbcms mortgage trust 20245c27,,,,base
0002023106,BANK 2024-BNK47,bank 2024bnk47,,,,base
0002023554,Sandisk Corp,sandisk,,,,base
0002023658,Bicara Therapeutics Inc.,bicara therapeutics,,,,base
0002023730,GigCapital7 Corp.,gigcapital7,,,,base
0002024203,Cayson Acquisition Corp,cayson acquisition,,,,base
0002024274,Benchmark 2024-V8 Mortgage Trust,benchmark 2024v8 mortgage trust,,,,base
0002024306,JFB Construction Holdings,jfb construction,,,,base
0002024812,BMO 2024-C9 Mortgage Trust,bmo 2024c9 mortgage trust,,,,base
0002025341,Andretti Acquisition Corp. II,andretti acquisition corp ii,,,,base
0002025410,"StandardAero, Inc.",standardaero,,,,base
0002025878,TriUnity Business Services Ltd,triunity business services,,,,base
0002026353,"Aether Holdings, Inc.",aether holdings,,,,base
0002027317,Curbline Properties Corp.,curbline properties,,,,base
0002028293,"Rain Enhancement Technologies Holdco, Inc.",rain enhancement technologies holdco,,,,base
0002028336,NEW ERA HELIUM INC.,new era helium,,,,base
0002028355,Maywood Acquisition Corp.,maywood acquisition,,,,base
0002028516,Archimedes Tech SPAC Partners II Co.,archimedes tech spac partners ii,,,,base
0002028614,Drugs Made In America Acquisition Corp.,drugs made in america acquisition,,,,base
0002028686,SL Investment Fund II LLC,sl investment fund ii,,,,base
0002028699,Dynamix Corp,dynamix,,,,base
0002028707,Bleichroeder Acquisition Corp. I,bleichroeder acquisition corp i,,,,base
0002029023,GSR III Acquisition Corp.,gsr iii acquisition,,,,base
0002029118,"INFINITY NATURAL RESOURCES, INC.",infinity natural resources,,,,base
0002029492,Mountain Lake Acquisition Corp.,mountain lake acquisition,,,,base
0002029769,Oaktree Acquisition Corp. III Life Sciences,oaktree acquisition corp iii life sciences,,,,base
0002030476,Benchmark 2024-V9 Mortgage Trust,benchmark 2024v9 mortgage trust,,,,base
0002030482,"Plum Acquisition Corp, IV",plum acquisition corp iv,,,,base
0002030522,"Marwynn Holdings, Inc.",marwynn holdings,,,,base
0002030763,"Wellgistics Health, Inc.",wellgistics health,,,,base
0002030772,Blackstone Infrastructure Strategies L.P.,blackstone infrastructure strategies lp,,,,base
0002030781,"SailPoint, Inc.",sailpoint,,,,base
0002030829,AIFEEX NEXUS ACQUISITION CORP.,aifeex nexus acquisition,,,,base
0002030954,"TEN Holdings, Inc.",ten holdings,,,,base
0002031283,Stone Point Credit Income Fund,stone point credit income fund,,,,base
0002031750,Ares Core Infrastructure Fund,ares core infrastructure fund,,,,base
0002032019,EQT Infrastructure Co LLC,eqt infrastructure,,,,base
0002032020,EQT Private Equity Co LLC,eqt private equity,,,,base
0002032528,Roman DBDR Acquisition Corp. II,roman dbdr acquisition corp ii,,,,base
0002032545,CALLAN JMB INC.,callan jmb,,,,base
0002032772,BANK5 2024-5YR9,bank5 20245yr9,,,,base
0002032950,Horizon Space Acquisition II Corp.,horizon space acquisition ii,,,,base
0002032966,ACUREN CORP,acuren,,,,base
0002033264,Vertical Data Inc.,vertical data,,,,base
0002033695,New Mountain Net Lease Trust,new mountain net lease trust,,,,base
0002034418,Benchmark 2024-V10 Mortgage Trust,benchmark 2024v10 mortgage trust,,,,base
0002034721,BBCMS Mortgage Trust 2024-5C29,bbcms mortgage trust 20245c29,,,,base
0002037804,New Mountain Private Credit Fund,new mountain private credit fund,,,,base
0002038118,"FirstEnergy Transmission, LLC",firstenergy transmission,,,,base
0002038432,BMO 2024-C10 Mortgage Trust,bmo 2024c10 mortgage trust,,,,base
0002038439,"VisionWave Holdings, Inc.",visionwave holdings,,,,base
0002039058,Jackson Acquisition Co II,jackson acquisition co ii,,,,base
0002039612,BBCMS Mortgage Trust 2024-C30,bbcms mortgage trust 2024c30,,,,base
0002039768,Wells Fargo Commercial Mortgage Trust 2024-5C2,wells fargo commercial mortgage trust 20245c2,,,,base
0002040127,Karman Holdings Inc.,karman,,,,base
0002040807,"Metsera, Inc.",metsera,,,,base
0002042694,Primo Brands Corp,primo brands,,,,base
0002044009,Armada Acquisition Corp. II,armada acquisition corp ii,,,,base
0002044180,BBCMS Mortgage Trust 2024-5C31,bbcms mortgage trust 20245c31,,,,base
0002044491,BANK5 2024-5YR12,bank5 20245yr12,,,,base
0002044614,BMO 2024-5C8 Mortgage Trust,bmo 20245c8 mortgage trust,,,,base
0002044630,Benchmark 2024-V12 Mortgage Trust,benchmark 2024v12 mortgage trust,,,,base
0002047497,Rithm Acquisition Corp.,rithm acquisition,,,,base
0002050338,Collab Z Inc.,collab z,,,,base
0002052959,Lionsgate Studios Corp.,lionsgate studios,,,,base
0002057381,Readvantage Corp.,readvantage,,,,base
