cik,name,name_clean,ticker,gvkey,sic,name_source
0000001750,AAR CORP,aar,AIR,1004,5080.0,crosswalk
0000002098,ACME UNITED CORP,acme united,ACU,1104,3842.0,crosswalk
0000002186,BK TECHNOLOGIES CORP,bk technologies,RWC,1117,3663.0,crosswalk
0000002488,ADVANCED MICRO DEVICES,advanced micro devices,AMD,1161,3674.0,crosswalk
0000002969,AIR PRODUCTS & CHEMICALS INC,air products chemicals,APD,1209,2810.0,crosswalk
0000003146,SPIRE ALABAMA INC,spire alabama,,1224,4924.0,crosswalk
0000003153,ALABAMA POWER CO,alabama power,ALPPRN,1225,4911.0,crosswalk
0000003197,CECO ENVIRONMENTAL CORP,ceco environmental,CECE,1050,3564.0,crosswalk
0000003453,MATSON INC,matson,MATX,1254,4400.0,crosswalk
0000003499,ALEXANDER'S INC,alexanders,ALX,1257,6798.0,crosswalk
0000003545,ALICO INC,alico,ALCO,1266,100.0,crosswalk
0000004127,SKYWORKS SOLUTIONS INC,skyworks solutions,SWKS,1327,3674.0,crosswalk
0000004281,HOWMET AEROSPACE INC,howmet aerospace,AA,28192,3728.0,crosswalk
0000004447,HESS CORP,hess,HES,1380,1311.0,crosswalk
0000004457,U-HAUL HOLDING CO,uhaul,UHAL,1393,7510.0,crosswalk
0000004515,AMERICAN AIRLINES INC,american airlines,,1388,4512.0,crosswalk
0000004904,AMERICAN ELECTRIC POWER CO,american electric power,AEP,1440,4911.0,crosswalk
0000004962,AMERICAN EXPRESS CO,american express,AXP,1447,6141.0,crosswalk
0000004977,AFLAC INC,aflac,AFL,1449,6321.0,crosswalk
0000005272,AMERICAN INTERNATIONAL GROUP,american international,AIG,1487,6331.0,crosswalk
0000005513,UNUM GROUP,unum,UNM,12726,6321.0,crosswalk
0000005981,AMERICAN VANGUARD CORP,american vanguard,AVD,1585,2870.0,crosswalk
0000006201,AMERICAN AIRLINES GROUP INC,american airlines,AAL,1045,4512.0,crosswalk
0000006281,ANALOG DEVICES INC,analog devices,ADI,1632,3674.0,crosswalk
0000006494,ANDREA ELECTRONICS CORP,andrea electronics,,1650,3663.0,crosswalk
0000006732,NAC GLOBAL TECHNOLOGIES INC,nac global technologies,,27897,3560.0,crosswalk
0000006879,APPALACHIAN POWER,appalachian power,,1689,4911.0,crosswalk
0000006951,APPLIED MATERIALS INC,applied materials,AMAT,1704,3559.0,crosswalk
0000006955,ENERPAC TOOL GROUP CORP,enerpac tool,ATU,1706,3533.0,crosswalk
0000007084,ARCHER-DANIELS-MIDLAND CO,archerdanielsmidland,ADM,1722,2070.0,crosswalk
0000007286,ARIZONA PUBLIC SERVICE CO,arizona public service,,1742,4911.0,crosswalk
0000007323,ENTERGY ARKANSAS,entergy arkansas,,1745,4911.0,crosswalk
0000007431,ARMSTRONG WORLD INDUSTRIES,armstrong world industries,AWI,175689,3290.0,crosswalk
0000007536,ARROW ELECTRONICS INC,arrow electronics,ARW,1773,5065.0,crosswalk
0000007789,ASSOCIATED BANC-CORP,associated banccorp,ASBC,11842,6020.0,crosswalk
0000008063,ASTRONICS CORP,astronics,ATRO,1823,3640.0,crosswalk
0000008192,ATLANTIC CITY ELECTRIC CO,atlantic city electric,,14437,4911.0,crosswalk
0000008504,AGEAGLE AERIAL SYSTEMS,ageagle aerial systems,EJXR,27339,3721.0,crosswalk
0000008670,AUTOMATIC DATA PROCESSING,automatic data processing,ADP,1891,7374.0,crosswalk
0000008818,AVERY DENNISON CORP,avery dennison,AVY,1913,2670.0,crosswalk
0000008858,AVNET INC,avnet,AVT,1919,5065.0,crosswalk
0000008868,AVON PRODUCTS,avon products,,1920,2844.0,crosswalk
0000009092,BADGER METER INC,badger meter,BMI,1968,3824.0,crosswalk
0000009326,BALCHEM CORP  -CL B,balchem corp cl b,BCPC,1979,2860.0,crosswalk
0000009466,BALTIMORE GAS & ELECTRIC CO,baltimore gas electric,,144580,4911.0,crosswalk
0000010456,BAXTER INTERNATIONAL INC,baxter international,BAX,2086,3841.0,crosswalk
0000010795,BECTON DICKINSON & CO,becton dickinson,BDX,2111,3841.0,crosswalk
0000011544,BERKLEY (W R) CORP,berkley w r,BER,14822,6331.0,crosswalk
0000012208,BIO-RAD LABORATORIES INC,biorad laboratories,BIO,2220,3826.0,crosswalk
0000012239,DOMINARI HOLDINGS INC,dominari,SPEX,18738,6282.0,crosswalk
0000012659,BLOCK H & R INC,block h r,HRB,2269,7200.0,crosswalk
0000012927,BOEING CO,boeing,BA,2285,3721.0,crosswalk
0000013372,NSTAR ELECTRIC CO,nstar electric,,115567,4911.0,crosswalk
0000014272,BRISTOL-MYERS SQUIBB CO,bristolmyers squibb,BMY,2403,2834.0,crosswalk
0000014693,BROWN FORMAN CORP,brown forman,BFB,2435,2085.0,crosswalk
0000014930,BRUNSWICK CORP,brunswick,BC,2444,3510.0,crosswalk
0000015615,MASTEC INC,mastec,MTZ,2497,1623.0,crosswalk
0000016040,CABOT CORP,cabot,CBT,2593,2890.0,crosswalk
0000016058,CACI INTL INC  -CL A,caci intl inc cl a,CACI,2596,7373.0,crosswalk
0000016160,CAL-MAINE FOODS INC,calmaine foods,CALM,64275,200.0,crosswalk
0000016732,CAMPBELL'S CO (THE),campbells co the,CPB,2663,2030.0,crosswalk
0000016875,CANADIAN PAC KANSAS CITY LTD,canadian pac kansas city,,2698,4011.0,crosswalk
0000016918,CONSTELLATION BRANDS,constellation brands,STZ,2710,2082.0,crosswalk
0000017797,DUKE ENERGY PROGRESS INC,duke energy progress,,144848,4911.0,crosswalk
0000018230,CATERPILLAR INC,caterpillar,CAT,2817,3531.0,crosswalk
0000018349,SYNOVUS FINANCIAL CORP,synovus financial,SNV,13041,6020.0,crosswalk
0000018498,GENESCO INC,genesco,GCO,5109,5661.0,crosswalk
0000018654,AMEREN ILLINOIS CO,ameren illinois,CIP,24868,4931.0,crosswalk
0000018672,CLECO POWER LLC,cleco power,,145268,4911.0,crosswalk
0000018926,LUMEN TECHNOLOGIES INC,lumen technologies,CTL,2884,4813.0,crosswalk
0000019617,JPMORGAN CHASE & CO,jpmorgan chase,JPM,2968,6020.0,crosswalk
0000019745,CHESAPEAKE UTILITIES CORP,chesapeake utilities,CPK,2986,4923.0,crosswalk
0000020212,CHURCHILL DOWNS INC,churchill downs,CHDN,3028,7990.0,crosswalk
0000020286,CINCINNATI FINANCIAL CORP,cincinnati financial,CINF,14824,6331.0,crosswalk
0000020290,DUKE ENERGY OHIO INC,duke energy ohio,,3039,4931.0,crosswalk
0000020520,FRONTIER COMMUNIC PARENT INC,frontier communic parent,FTR,135484,4813.0,crosswalk
0000021076,CLOROX CO/DE,clorox code,CLX,3121,2842.0,crosswalk
0000021175,CNA FINANCIAL CORP,cna financial,CNA,2558,6331.0,crosswalk
0000021344,COCA-COLA CO,cocacola,KO,3144,2086.0,crosswalk
0000021535,COHU INC,cohu,COHU,3158,3825.0,crosswalk
0000021665,COLGATE-PALMOLIVE CO,colgatepalmolive,CL,3170,2844.0,crosswalk
0000022444,COMMERCIAL METALS,commercial metals,CMC,3246,3312.0,crosswalk
0000022606,COMMONWEALTH EDISON CO,commonwealth edison,,31596,4911.0,crosswalk
0000022701,SUNATION ENERGY INC,sunation energy,JCS,41076,3620.0,crosswalk
0000022767,TEXAS NEW MEXICO POWER CO,texas new mexico power,,10502,4911.0,crosswalk
0000023111,COMPUTER TASK GROUP INC,computer task,,3342,7370.0,crosswalk
0000023197,COMTECH TELECOMMUN,comtech telecommun,CMTL,3358,3663.0,crosswalk
0000023217,CONAGRA BRANDS INC,conagra brands,CAG,3362,2000.0,crosswalk
0000023426,CONNECTICUT LIGHT & POWER CO,connecticut light power,CLP,3392,4911.0,crosswalk
0000023632,CONSOLIDATED EDISON CO OF NY,consolidated edison co of ny,,105999,4931.0,crosswalk
0000023795,CTO REALTY GROWTH INC,cto realty growth,CTO,3429,6798.0,crosswalk
0000024090,CITIZENS INC,citizens,CIA,16775,6311.0,crosswalk
0000024545,MOLSON COORS BEVERAGE CO,molson coors beverage,TAP,3505,2082.0,crosswalk
0000024741,CORNING INC,corning,GLW,3532,3357.0,crosswalk
0000025445,CRANE NXT CO,crane nxt,CR,42284,3580.0,crosswalk
0000025475,CRAWFORD & CO,crawford,CRDA,3581,6411.0,crosswalk
0000025598,ONEMAIN FINANCE CORP,onemain finance,,3591,6141.0,crosswalk
0000025895,CROWN CRAFTS INC,crown crafts,CRWS,3622,2211.0,crosswalk
0000026058,CTS CORP,cts,CTS,2577,3670.0,crosswalk
0000026076,CUBIC CORP,cubic,,3639,3578.0,crosswalk
0000026172,CUMMINS INC,cummins,CMI,3650,3510.0,crosswalk
0000026324,CURTISS-WRIGHT CORP,curtisswright,CW,3662,3728.0,crosswalk
0000026780,DANA INC,dana,DAN,3734,3714.0,crosswalk
0000027419,TARGET CORP,target,TGT,3813,5331.0,crosswalk
0000027430,DAYTON POWER & LIGHT INC,dayton power light,,12612,4931.0,crosswalk
0000027673,DEERE (JOHN) CAPITAL CORP,deere john capital,,3836,6153.0,crosswalk
0000027879,DELMARVA POWER & LIGHT CO,delmarva power light,,114789,4911.0,crosswalk
0000027996,DELUXE CORP,deluxe,DLX,3863,2780.0,crosswalk
0000028412,COMERICA INC,comerica,CMA,3231,6020.0,crosswalk
0000028823,DIEBOLD NIXDORF INC,diebold nixdorf,DBD,3946,3578.0,crosswalk
0000029002,DIODES INC,diodes,DIOD,3969,3674.0,crosswalk
0000029534,DOLLAR GENERAL CORP,dollar general,DG,4016,5331.0,crosswalk
0000029644,DONALDSON CO INC,donaldson,DCI,4036,3714.0,crosswalk
0000029905,DOVER CORP,dover,DOV,4058,3559.0,crosswalk
0000029915,Dow Chemical Co,dow chemical,DOW,,2821.0,ticker_map
0000029989,OMNICOM GROUP INC,omnicom,OMC,4066,7311.0,crosswalk
0000030305,DUCOMMUN INC,ducommun,DCO,4091,3728.0,crosswalk
0000030371,DUKE ENERGY CAROLINAS LLC,duke energy carolinas,DUK,180942,4911.0,crosswalk
0000030554,DU PONT (E I) DE NEMOURS,du pont e i de nemours,DD,4087,2820.0,crosswalk
0000030625,FLOWSERVE CORP,flowserve,FLS,4108,3561.0,crosswalk
0000030697,WENDY'S CO,wendys,WEN,3708,5812.0,crosswalk
0000031107,EASTERN CO,eastern,EML,4186,3420.0,crosswalk
0000031235,EASTMAN KODAK CO,eastman kodak,KODK,4194,3861.0,crosswalk
0000031462,ECOLAB INC,ecolab,ECL,4213,2842.0,crosswalk
0000031791,REVVITY INC,revvity,PKI,4145,3826.0,crosswalk
0000032604,EMERSON ELECTRIC CO,emerson electric,EMR,4321,3823.0,crosswalk
0000033185,EQUIFAX INC,equifax,EFX,4423,7323.0,crosswalk
0000033992,KINGSTONE COS INC,kingstone cos,KINS,4485,6331.0,crosswalk
0000034067,DMC GLOBAL INC,dmc global,BOOM,4497,3533.0,crosswalk
0000034285,RELIABILITY INC,reliability,RLBY,35849,7361.0,crosswalk
0000034563,FARMER BROS CO,farmer bros,FARM,4579,2090.0,crosswalk
0000034782,1ST SOURCE CORP,1st source,SRCE,15199,6020.0,crosswalk
0000035527,FIFTH THIRD BANCORP,fifth third bancorp,FITB,4640,6020.0,crosswalk
0000036029,FIRST FINL BANKSHARES INC,first finl bankshares,FFIN,29101,6020.0,crosswalk
0000036047,CORELOGIC INC,corelogic,,12796,7374.0,crosswalk
0000036104,US BANCORP,us bancorp,USB,4723,6020.0,crosswalk
0000036146,TRUSTMARK CORP,trustmark,TRMK,4685,6020.0,crosswalk
0000036270,M&T BANK CORP,mt bank,MTB,4699,6020.0,crosswalk
0000036377,FIRST HAWAIIAN INC,first hawaiian,,27665,6020.0,crosswalk
0000036966,FIRST HORIZON CORP,first horizon,FHN,4737,6020.0,crosswalk
0000037634,FLORIDA POWER & LIGHT CO,florida power light,,4798,4911.0,crosswalk
0000037637,DUKE ENERGY FLORIDA INC,duke energy florida,,4799,4911.0,crosswalk
0000037785,FMC CORP,fmc,FMC,4510,2870.0,crosswalk
0000037808,F N B CORP/FL,f n b corpfl,FNB,18049,6020.0,crosswalk
0000037996,FORD MOTOR CO,ford motor,F,4839,3711.0,crosswalk
0000038009,FORD MOTOR CREDIT CO LLC,ford motor credit,,4840,6159.0,crosswalk
0000038264,FORWARD INDUSTRIES INC,forward industries,FORD,62262,8711.0,crosswalk
0000038777,FRANKLIN RESOURCES INC,franklin resources,BEN,4885,6282.0,crosswalk
0000039263,CULLEN/FROST BANKERS INC,cullenfrost bankers,CFR,3643,6020.0,crosswalk
0000039899,TEGNA INC,tegna,GCI,4988,4833.0,crosswalk
0000039911,GAP INC,gap,GPS,4990,5651.0,crosswalk
0000040211,GATX CORP,gatx,GMT,4941,4700.0,crosswalk
0000040533,GENERAL DYNAMICS CORP,general dynamics,GD,5046,3721.0,crosswalk
0000040545,GE AEROSPACE,ge aerospace,GE,5047,3724.0,crosswalk
0000040570,GEE GROUP INC,gee,JOB,5050,7361.0,crosswalk
0000040729,ALLY FINANCIAL INC,ally financial,,5072,6172.0,crosswalk
0000040987,GENUINE PARTS CO,genuine parts,GPC,5125,5013.0,crosswalk
0000041091,GEORGIA POWER,georgia power,GPEPRA,5135,4911.0,crosswalk
0000041719,MAGNERA CORP,magnera,GLT,50852,2600.0,crosswalk
0000042682,GORMAN-RUPP CO,gormanrupp,GRC,5237,3561.0,crosswalk
0000042888,GRACO INC,graco,GGG,5252,3561.0,crosswalk
0000043920,GREIF INC  -CL A,greif inc cl a,GEF,5338,2650.0,crosswalk
0000045012,HALLIBURTON CO,halliburton,HAL,5439,1389.0,crosswalk
0000045876,ENVIRI CORP,enviri,HSC,5496,3390.0,crosswalk
0000045919,HARTE HANKS INC,harte hanks,HHS,12545,7331.0,crosswalk
0000046080,HASBRO INC,hasbro,HAS,5518,3944.0,crosswalk
0000046207,HAWAIIAN ELECTRIC CO,hawaiian electric,,5525,4911.0,crosswalk
0000046619,HEICO CORP,heico,HEI,5567,3724.0,crosswalk
0000046765,HELMERICH & PAYNE,helmerich payne,HP,5581,1381.0,crosswalk
0000047111,HERSHEY CO,hershey,HSY,5597,2060.0,crosswalk
0000047129,HERTZ CORP,hertz,,,,sec_header
0000047217,HP INC,hp,HPQ,5606,3570.0,crosswalk
0000047307,CRAWFORD UNITED CORP,crawford united,HICKA,5621,3490.0,crosswalk
0000047518,HILL-ROM HOLDINGS INC,hillrom,,5639,2590.0,crosswalk
0000048287,HNI CORP,hni,HNI,5690,2522.0,crosswalk
0000048465,HORMEL FOODS CORP,hormel foods,HRL,5709,2011.0,crosswalk
0000048732,CENTERPOINT ENRG HOUSTON ELE,centerpoint enrg houston ele,,155969,4911.0,crosswalk
0000048898,HUBBELL INC,hubbell,HUBA,5764,3640.0,crosswalk
0000049071,HUMANA INC,humana,HUM,27914,6324.0,crosswalk
0000049196,HUNTINGTON BANCSHARES,huntington bancshares,HBAN,5786,6020.0,crosswalk
0000049600,EASTGROUP PROPERTIES,eastgroup properties,EGP,4193,6798.0,crosswalk
0000049754,DINE BRANDS GLOBAL INC,dine brands global,DIN,24291,6794.0,crosswalk
0000049826,ILLINOIS TOOL WORKS,illinois tool works,ITW,5878,3560.0,crosswalk
0000049938,IMPERIAL OIL LTD,imperial oil,,5903,2911.0,crosswalk
0000050172,INDIANA MICHIGAN POWER CO,indiana michigan power,,5914,4911.0,crosswalk
0000050292,IEH CORP,ieh,,5932,3678.0,crosswalk
0000050725,GRIFFON CORP,griffon,GFF,5987,3420.0,crosswalk
0000050863,INTEL CORP,intel,INTC,6008,3674.0,crosswalk
0000051143,INTL BUSINESS MACHINES CORP,intl business machines,IBM,6066,7370.0,crosswalk
0000051253,INTL FLAVORS & FRAGRANCES,intl flavors fragrances,IFF,6078,2860.0,crosswalk
0000051434,INTL PAPER CO,intl paper,IP,6104,2631.0,crosswalk
0000051644,INTERPUBLIC GROUP OF COS,interpublic group of cos,IPG,6136,7311.0,crosswalk
0000052428,AMERIPRISE CERTIFICATE CO,ameriprise certificate,,,,sec_header
0000052485,INTERSTATE POWER & LIGHT CO,interstate power light,,12555,4931.0,crosswalk
0000052988,JACOBS SOLUTIONS INC,jacobs solutions,JEC,6216,8700.0,crosswalk
0000054381,KAMAN CORP,kaman,KAMN,6326,3720.0,crosswalk
0000054476,KANSAS CITY POWER & LIGHT CO,kansas city power light,,156654,4911.0,crosswalk
0000054507,WESTAR ENERGY INC,westar energy,WR,34057,4911.0,crosswalk
0000055067,KELLANOVA,kellanova,K,6375,2040.0,crosswalk
0000055135,KELLY SERVICES INC  -CL A,kelly services inc cl a,KELYAKELYB,6379,7363.0,crosswalk
0000055387,KENTUCKY UTILITIES CO,kentucky utilities,,25588,4911.0,crosswalk
0000055529,KEWAUNEE SCIENTIFIC CORP,kewaunee scientific,KEQU,6410,3821.0,crosswalk
0000055785,KIMBERLY-CLARK CORP,kimberlyclark,KMB,6435,2621.0,crosswalk
0000056047,KIRBY CORP,kirby,KEX,6461,4400.0,crosswalk
0000056679,KORN FERRY,korn ferry,KFY,118267,7361.0,crosswalk
0000056873,KROGER CO,kroger,KR,6502,5411.0,crosswalk
0000056978,KULICKE & SOFFA INDUSTRIES,kulicke soffa industries,KLIC,6509,3559.0,crosswalk
0000057131,LA-Z-BOY INC,lazboy,LZB,6543,2510.0,crosswalk
0000057183,LACLEDE GAS CO,laclede gas,,156655,4924.0,crosswalk
0000057515,MARZETTI CO (THE),marzetti co the,LANC,6573,2030.0,crosswalk
0000058361,LEE ENTERPRISES INC,lee enterprises,,6639,2711.0,crosswalk
0000058492,LEGGETT & PLATT INC,leggett platt,LEG,6649,2510.0,crosswalk
0000059440,VECTOR GROUP LTD,vector,VGR,13963,2111.0,crosswalk
0000059478,LILLY (ELI) & CO,lilly eli,LLY,6730,2834.0,crosswalk
0000059527,LINCOLN ELECTRIC HLDGS INC,lincoln electric hldgs,LECO,6737,3540.0,crosswalk
0000059558,LINCOLN NATIONAL CORP,lincoln national,LNC,6742,6311.0,crosswalk
0000060086,LOEWS CORP,loews,L,6781,6331.0,crosswalk
0000060519,LOUISIANA-PACIFIC CORP,louisianapacific,LPX,6821,2400.0,crosswalk
0000060549,LOUISVILLE GAS AND ELECTRIC,louisville gas and electric,,23465,4931.0,crosswalk
0000060667,LOWE'S COS INC,lowes cos,LOW,6829,5211.0,crosswalk
0000061339,MADISON GAS & ELECTRIC CO,madison gas electric,MGEE,156656,4931.0,crosswalk
0000062709,MARSH,marsh,MMC,7065,6411.0,crosswalk
0000063276,MATTEL INC,mattel,MAT,7116,3942.0,crosswalk
0000063754,MCCORMICK & CO INC,mccormick,MKC,7146,2090.0,crosswalk
0000063908,MCDONALD'S CORP,mcdonalds,MCD,7154,5812.0,crosswalk
0000064040,S&P GLOBAL INC,sp global,MHP,7163,7323.0,crosswalk
0000064463,SOLUNA HOLDINGS INC,soluna,MKTY,7183,7372.0,crosswalk
0000064472,GENCOR INDUSTRIES INC,gencor industries,,7185,3567.0,crosswalk
0000064803,CVS HEALTH CORP,cvs health,CVS,7241,8000.0,crosswalk
0000064996,MERCURY GENERAL CORP,mercury general,MCY,17035,6331.0,crosswalk
0000065770,MICROVISION INC,microvision,MVIS,63531,3679.0,crosswalk
0000065984,ENTERGY CORP,entergy,ETR,7366,4911.0,crosswalk
0000066004,MIDDLESEX WATER CO,middlesex water,MSEX,7368,4941.0,crosswalk
0000066570,MSA SAFETY INC,msa safety,MSA,7420,3842.0,crosswalk
0000066740,3M CO,3m,MMM,7435,9997.0,crosswalk
0000066901,ENTERGY MISSISSSIPPI,entergy mississsippi,,7449,4911.0,crosswalk
0000066904,MISSISSIPPI POWER CO,mississippi power,MPF,7450,4911.0,crosswalk
0000067215,DYCOM INDUSTRIES INC,dycom industries,DY,4115,1623.0,crosswalk
0000067347,MODINE MANUFACTURING CO,modine manufacturing,MOD,7486,3585.0,crosswalk
0000067716,MDU RESOURCES GROUP INC,mdu resources,MDU,6867,4932.0,crosswalk
0000067887,MOOG INC  -CL A,moog inc cl a,MOGA,7549,3728.0,crosswalk
0000068505,MOTOROLA SOLUTIONS INC,motorola solutions,MSI,7585,3663.0,crosswalk
0000068622,QWEST CORP,qwest,,148998,4813.0,crosswalk
0000069422,INTERGROUP CORP,intergroup,INTG,7632,7011.0,crosswalk
0000069488,MYERS INDUSTRIES INC,myers industries,MYE,7636,3089.0,crosswalk
0000069733,NATHAN'S FAMOUS INC,nathans famous,NATH,7696,2013.0,crosswalk
0000070145,NATIONAL FUEL GAS CO,national fuel gas,NFG,7733,4924.0,crosswalk
0000070318,TENET HEALTHCARE CORP,tenet healthcare,THC,7750,8062.0,crosswalk
0000070415,GP STRATEGIES CORP,gp strategies,,7759,8200.0,crosswalk
0000070487,NATIONAL RESEARCH CORP,national research,NRCIA,65587,7389.0,crosswalk
0000070502,NATIONAL RURAL UTIL COOP CP,national rural util coop cp,,7769,6159.0,crosswalk
0000070858,BANK OF AMERICA CORP,bank of america,BAC,7647,6020.0,crosswalk
0000070866,NCR VOYIX CORP,ncr voyix,NCR,7648,7372.0,crosswalk
0000071180,NEVADA POWER CO,nevada power,,145270,4911.0,crosswalk
0000071508,ENTERGY NEW ORLEANS,entergy new orleans,EYNO,7851,4931.0,crosswalk
0000071691,NEW YORK TIMES CO  -CL A,new york times co cl a,NYT,7866,2711.0,crosswalk
0000072162,NL INDUSTRIES,nl industries,NL,7658,3562.0,crosswalk
0000072331,NORDSON CORP,nordson,NDSN,7921,3569.0,crosswalk
0000072333,NORDSTROM INC,nordstrom,JWN,7922,5651.0,crosswalk
0000072444,VAXART INC,vaxart,BOTA,33114,2836.0,crosswalk
0000072573,MOVADO GROUP INC,movado,MOV,7951,3873.0,crosswalk
0000072741,EVERSOURCE ENERGY,eversource energy,NU,7970,4931.0,crosswalk
0000072903,XCEL ENERGY INC,xcel energy,XEL,7977,4931.0,crosswalk
0000072909,NORTHERN STATES POWER/WI,northern states powerwi,,7978,4931.0,crosswalk
0000072971,WELLS FARGO & CO,wells fargo,WFC,8007,6020.0,crosswalk
0000073020,Northwest Natural Gas Co,northwest natural gas,NWN,,4924.0,ticker_map
0000073124,NORTHERN TRUST CORP,northern trust,NTRS,7982,6020.0,crosswalk
0000073290,BIOMERICA INC,biomerica,BMRA,7662,2835.0,crosswalk
0000073756,OCEANEERING INTERNATIONAL,oceaneering international,OII,8079,1389.0,crosswalk
0000073986,OHIO POWER,ohio power,,8102,4911.0,crosswalk
0000074046,OIL DRI CORP AMERICA,oil dri corp america,ODC,8105,3290.0,crosswalk
0000074145,OKLAHOMA GAS & ELECTRIC CO,oklahoma gas electric,,115687,4911.0,crosswalk
0000074208,UDR INC,udr,UDR,10894,6798.0,crosswalk
0000074260,OLD REPUBLIC INTL CORP,old republic intl,ORI,14828,6331.0,crosswalk
0000075252,ACCENDRA HEALTH INC,accendra health,OMI,8213,5047.0,crosswalk
0000075288,OXFORD INDUSTRIES INC,oxford industries,OXM,8219,2300.0,crosswalk
0000075362,PACCAR INC,paccar,PCAR,8253,3711.0,crosswalk
0000075488,PACIFIC GAS & ELECTRIC CO,pacific gas electric,PCG,65092,4931.0,crosswalk
0000075594,PACIFICORP,pacificorp,,8290,4911.0,crosswalk
0000076334,PARKER-HANNIFIN CORP,parkerhannifin,PH,8358,3490.0,crosswalk
0000077360,PENTAIR PLC,pentair,PNR,8463,3561.0,crosswalk
0000077476,PEPSICO INC,pepsico,PEP,8479,2080.0,crosswalk
0000077877,PDC ENERGY INC,pdc energy,,8512,1311.0,crosswalk
0000078003,PFIZER INC,pfizer,PFE,8530,2834.0,crosswalk
0000078100,PECO ENERGY CO,peco energy,,145347,4931.0,crosswalk
0000078239,PVH CORP,pvh,PVH,8551,2300.0,crosswalk
0000078460,PIEDMONT NATURAL GAS CO,piedmont natural gas,PNY,8577,4924.0,crosswalk
0000078749,AGILYSYS INC,agilysys,AGYS,8599,7372.0,crosswalk
0000078814,PITNEY BOWES INC,pitney bowes,PBI,8606,3579.0,crosswalk
0000079282,BROWN & BROWN INC,brown brown,BRO,15417,6411.0,crosswalk
0000079661,PORTSMOUTH SQUARE INC,portsmouth square,PRSI,22549,7011.0,crosswalk
0000079732,POTOMAC ELECTRIC POWER CO,potomac electric power,POM,155277,4911.0,crosswalk
0000079879,PPG INDUSTRIES INC,ppg industries,PPG,8247,2851.0,crosswalk
0000080172,NATIONAL PRESTO INDS INC,national presto inds,NPK,7762,3480.0,crosswalk
0000080420,POWELL INDUSTRIES INC,powell industries,POWL,8699,3613.0,crosswalk
0000080424,PROCTER & GAMBLE CO,procter gamble,PG,8762,2840.0,crosswalk
0000080661,PROGRESSIVE CORP-OHIO,progressive corpohio,PGR,13341,6331.0,crosswalk
0000081018,PUBLIC SERVICE CO OF COLO,public service co of colo,,66591,4931.0,crosswalk
0000081020,DUKE ENERGY INDIANA INC,duke energy indiana,,15448,4911.0,crosswalk
0000081023,PUBLIC SERVICE CO OF NEW MEX,public service co of new mex,,156818,4931.0,crosswalk
0000081027,PUBLIC SERVICE CO OF OKLA,public service co of okla,,8809,4911.0,crosswalk
0000081033,PUBLIC SERVICE ELEC & GAS CO,public service elec gas,PEGPR,12749,4931.0,crosswalk
0000081100,PUGET SOUND ENERGY INC,puget sound energy,,156819,4931.0,crosswalk
0000082473,INNSUITES HOSPITALITY TR,innsuites hospitality tr,IHT,8987,6798.0,crosswalk
0000082811,REGAL REXNORD CORP,regal rexnord,RBC,9016,3621.0,crosswalk
0000083246,HSBC USA INC,hsbc usa,HUSI,9061,6020.0,crosswalk
0000083350,RESERVE PETROLEUM CO,reserve petroleum,RSRV,22962,1311.0,crosswalk
0000084129,RITE AID CORP,rite aid,RAD,9155,5912.0,crosswalk
0000084246,RLI CORP,rli,RLI,13342,6331.0,crosswalk
0000084748,ROGERS CORP,rogers,ROG,9216,3672.0,crosswalk
0000084839,ROLLINS INC,rollins,ROL,9225,7340.0,crosswalk
0000085535,ROYAL GOLD INC,royal gold,,9273,6795.0,crosswalk
0000085961,RYDER SYSTEM INC,ryder system,R,9299,7510.0,crosswalk
0000086115,SAFEGUARD SCIENTIFICS INC,safeguard scientifics,SFE,9355,6799.0,crosswalk
0000086312,TRAVELERS COS INC,travelers cos,TRV,62689,6331.0,crosswalk
0000086521,SAN DIEGO GAS & ELECTRIC CO,san diego gas electric,SDO,65090,4931.0,crosswalk
0000087050,NEONODE INC,neonode,NEON,178153,3663.0,crosswalk
0000087347,SLB LTD,slb,SLB,9465,1389.0,crosswalk
0000088121,SEABOARD CORP,seaboard,SEB,9538,9997.0,crosswalk
0000088205,SPX TECHNOLOGIES INC,spx technologies,SPW,5087,3585.0,crosswalk
0000088941,SEMTECH CORP,semtech,SMTC,9599,3674.0,crosswalk
0000089089,SERVICE CORP INTERNATIONAL,service corp international,SCI,9611,7200.0,crosswalk
0000089800,SHERWIN-WILLIAMS CO,sherwinwilliams,SHW,9667,2851.0,crosswalk
0000090144,SIERRA PACIFIC POWER CO,sierra pacific power,,9691,4931.0,crosswalk
0000090896,CHAMPION HOMES INC,champion homes,SKY,33652,2451.0,crosswalk
0000091142,SMITH (A.O.),smith ao,AOS,9771,3630.0,crosswalk
0000091388,SMITHFIELD FOODS INC,smithfield foods,,45775,2000.0,crosswalk
0000091419,SMUCKER (JM) CO,smucker jm,SJM,9777,2033.0,crosswalk
0000091440,SNAP-ON INC,snapon,SNA,9778,3420.0,crosswalk
0000091576,KEYCORP,keycorp,KEY,9783,6020.0,crosswalk
0000091767,SONOCO PRODUCTS CO,sonoco products,SON,9815,2650.0,crosswalk
0000091882,SOUTH CAROLINA ELEC & GAS CO,south carolina elec gas,SCG,9828,4931.0,crosswalk
0000092103,SOUTHERN CALIFORNIA EDISON,southern california edison,SCE,14912,4911.0,crosswalk
0000092108,SOUTHERN CALIFORNIA GAS CO,southern california gas,SOCG,9848,4924.0,crosswalk
0000092116,GOLDEN STATE WATER CO,golden state water,,147222,4941.0,crosswalk
0000092122,SOUTHERN CO,southern,SO,9850,4911.0,crosswalk
0000092230,TRUIST FINANCIAL CORP,truist financial,BBT,11856,6020.0,crosswalk
0000092380,SOUTHWEST AIRLINES,southwest airlines,LUV,9882,4512.0,crosswalk
0000092487,SOUTHWESTERN ELECTRIC PWR CO,southwestern electric pwr,,9902,4911.0,crosswalk
0000092521,SOUTHWESTERN PUBLIC SVC CO,southwestern public svc,,9906,4911.0,crosswalk
0000093314,VOLITIONRX LTD,volitionrx,VNRX,10761,2835.0,crosswalk
0000093410,CHEVRON CORP,chevron,CVX,2991,2911.0,crosswalk
0000093556,STANLEY BLACK & DECKER INC,stanley black decker,SWK,10016,3540.0,crosswalk
0000093751,STATE STREET CORP,state street,STT,10035,6282.0,crosswalk
0000094049,STEPAN CO,stepan,SCL,10056,2840.0,crosswalk
0000094845,LEVI STRAUSS & CO,levi strauss,,16476,2300.0,crosswalk
0000095552,SUPERIOR INDUSTRIES INTL,superior industries intl,SUP,10195,3714.0,crosswalk
0000095574,SUPERIOR GROUP OF COS INC,superior group of cos,SGC,10198,2300.0,crosswalk
0000096021,SYSCO CORP,sysco,SYY,10247,5140.0,crosswalk
0000096223,JEFFERIES FINANCIAL GRP INC,jefferies financial grp,LUK,6682,6211.0,crosswalk
0000097134,TENNANT CO,tennant,TNC,10441,3580.0,crosswalk
0000097210,TERADYNE INC,teradyne,TER,10453,3825.0,crosswalk
0000097216,TEREX CORP,terex,TEX,7991,3530.0,crosswalk
0000097476,TEXAS INSTRUMENTS INC,texas instruments,TXN,10499,3674.0,crosswalk
0000097745,THERMO FISHER SCIENTIFIC INC,thermo fisher scientific,TMO,10530,3826.0,crosswalk
0000098222,TIDEWATER INC,tidewater,TDW,10565,4400.0,crosswalk
0000098362,TIMKEN CO,timken,TKR,10581,3562.0,crosswalk
0000099250,TRANSCONTINENTAL GAS PIPE LN,transcontinental gas pipe ln,,10678,4922.0,crosswalk
0000100122,TUCSON ELECTRIC POWER CO,tucson electric power,,66624,4911.0,crosswalk
0000100493,TYSON FOODS INC  -CL A,tyson foods inc cl a,TSN,10793,2011.0,crosswalk
0000100517,UNITED AIRLINES HOLDINGS INC,united airlines,UAL,10795,4512.0,crosswalk
0000100591,ARGAN INC,argan,AGX,8832,8711.0,crosswalk
0000100726,UNIFI INC,unifi,UFI,10839,2200.0,crosswalk
0000100790,UNION CARBIDE CORP,union carbide,,10857,2860.0,crosswalk
0000100826,UNION ELECTRIC CO,union electric,UEP,116304,4911.0,crosswalk
0000100885,UNION PACIFIC CORP,union pacific,UNP,10867,4011.0,crosswalk
0000101199,UNITED FIRE GROUP INC,united fire,UFCS,17252,6331.0,crosswalk
0000101382,UMB FINANCIAL CORP,umb financial,UMBF,10916,6020.0,crosswalk
0000101538,U S ANTIMONY CORP,u s antimony,UAMY,10930,3330.0,crosswalk
0000101829,RTX CORP,rtx,UTX,10983,3724.0,crosswalk
0000101830,SPRINT CORP,sprint,,10984,4812.0,crosswalk
0000101984,UNIVERSAL ELECTRONICS INC,universal electronics,UEIC,27828,3651.0,crosswalk
0000102729,VALMONT INDUSTRIES INC,valmont industries,VMI,11094,3440.0,crosswalk
0000102752,VSE CORP,vse,VSEC,11065,4581.0,crosswalk
0000103145,VEECO INSTRUMENTS INC,veeco instruments,VECO,11124,3559.0,crosswalk
0000103379,VF CORP,vf,VFC,11060,2300.0,crosswalk
0000103682,VIRGINIA ELECTRIC & POWER CO,virginia electric power,VEL,11188,4911.0,crosswalk
0000103730,VISHAY INTERTECHNOLOGY INC,vishay intertechnology,VSH,11191,3670.0,crosswalk
0000104169,WALMART INC,walmart,WMT,11259,5331.0,crosswalk
0000104889,GRAHAM HOLDINGS CO,graham,WPO,11300,8200.0,crosswalk
0000104918,AVISTA CORP,avista,AVA,11304,4931.0,crosswalk
0000105016,WATSCO INC,watsco,WSO,11313,5070.0,crosswalk
0000105132,WD-40 CO,wd40,WDFC,11234,2890.0,crosswalk
0000105319,WW INTERNATIONAL INC,ww international,WTW,145308,7200.0,crosswalk
0000105418,WEIS MARKETS INC,weis markets,WMK,11343,5411.0,crosswalk
0000105634,EMCOR GROUP INC,emcor,EME,6223,1731.0,crosswalk
0000106040,WESTERN DIGITAL CORP,western digital,WDC,11399,3572.0,crosswalk
0000106535,WEYERHAEUSER CO,weyerhaeuser,WY,11456,2400.0,crosswalk
0000106640,WHIRLPOOL CORP,whirlpool,WHR,11465,3630.0,crosswalk
0000107140,WILEY (JOHN) & SONS  -CL A,wiley john sons cl a,JWA,11499,2721.0,crosswalk
0000107263,WILLIAMS COS INC,williams cos,WMB,11506,4922.0,crosswalk
0000107815,WISCONSIN ELECTRIC POWER CO,wisconsin electric power,WELPP,13353,4931.0,crosswalk
0000107832,WISCONSIN POWER & LIGHT,wisconsin power light,WISLI,14580,4931.0,crosswalk
0000107833,WISCONSIN PUBLIC SERVICE CP,wisconsin public service cp,,65095,4931.0,crosswalk
0000108312,WOODWARD INC,woodward,WWD,11580,3720.0,crosswalk
0000108516,WORTHINGTON ENTERPRISES INC,worthington enterprises,WOR,11600,3390.0,crosswalk
0000108772,Xerox Corp,xerox,XRX,,7389.0,ticker_map
0000109198,TJX COS INC (THE),tjx cos inc the,TJX,11672,5651.0,crosswalk
0000109380,ZIONS BANCORPORATION NA,zions bancorporation na,ZION,11687,6020.0,crosswalk
0000109563,APPLIED INDUSTRIAL TECH INC,applied industrial tech,AIT,2101,5080.0,crosswalk
0000110019,NORTHWEST PIPELINE CORP,northwest pipeline,,7994,4922.0,crosswalk
0000110621,RPM INTERNATIONAL INC,rpm international,RPM,8902,2890.0,crosswalk
0000200406,JOHNSON & JOHNSON,johnson johnson,JNJ,6266,2834.0,crosswalk
0000201533,CONSUMERS ENERGY CO,consumers energy,CMS,13948,4931.0,crosswalk
0000202058,L3HARRIS TECHNOLOGIES INC,l3harris technologies,HRS,5492,3812.0,crosswalk
0000202584,SYSTEM ENERGY RESOURCES INC,system energy resources,,7365,4911.0,crosswalk
0000203527,VARIAN MEDICAL SYSTEMS INC,varian medical systems,,11115,3845.0,crosswalk
0000203596,WESBANCO INC,wesbanco,WSBC,17151,6020.0,crosswalk
0000216085,HAVERTY FURNITURE,haverty furniture,HVT,5523,5712.0,crosswalk
0000217346,TEXTRON INC,textron,TXT,10519,3721.0,crosswalk
0000225211,TOUCHPOINT GROUP HOLDINGS,touchpoint,,273505,7372.0,crosswalk
0000225628,PASSUR AEROSPACE INC,passur aerospace,,7232,7372.0,crosswalk
0000230557,SELECTIVE INS GROUP INC,selective ins,SIGI,17115,6331.0,crosswalk
0000275880,PARSONS CORP,parsons,,35158,7370.0,crosswalk
0000277135,GRAINGER (W W) INC,grainger w w,GWW,5256,5000.0,crosswalk
0000277509,FEDERAL SIGNAL CORP,federal signal,FSS,4608,3711.0,crosswalk
0000277638,DAVEY TREE EXPERT CO,davey tree expert,,3801,700.0,crosswalk
0000277948,CSX CORP,csx,CSX,2574,4011.0,crosswalk
0000278165,OMNIQ CORP,omniq,LRMK,155894,7370.0,crosswalk
0000310142,SENSIENT TECHNOLOGIES CORP,sensient technologies,SXT,11012,2860.0,crosswalk
0000310158,MERCK & CO INC,merck,MRK,7257,2834.0,crosswalk
0000310522,FEDERAL NATIONAL MORTGA ASSN,federal national mortga assn,FNMA,4601,6111.0,crosswalk
0000310764,STRYKER CORP,stryker,SYK,10115,3841.0,crosswalk
0000313143,HAEMONETICS CORP,haemonetics,HAE,24021,3841.0,crosswalk
0000313616,DANAHER CORP,danaher,DHR,3735,3826.0,crosswalk
0000313927,CHURCH & DWIGHT INC,church dwight,CHD,3026,2840.0,crosswalk
0000314203,MCEWEN INC,mcewen,USGL,9728,1040.0,crosswalk
0000314227,TOMI ENVIRONMENTAL SOLUTINS,tomi environmental solutins,,180146,3559.0,crosswalk
0000314489,FIRST BUSEY CORP,first busey,BUSE,18329,6020.0,crosswalk
0000314808,VALARIS LIMITED,valaris limited,ESV,2270,1381.0,crosswalk
0000315131,PHX MINERALS INC,phx minerals,,19433,1311.0,crosswalk
0000315189,DEERE & CO,deere,DE,3835,3523.0,crosswalk
0000315213,ROBERT HALF INC,robert half,RHI,2312,7363.0,crosswalk
0000315256,PUBLIC SERVICE CO/N H,public service con h,,8806,4911.0,crosswalk
0000315293,AON PLC,aon,AOC,3221,6411.0,crosswalk
0000315709,INTL BANCSHARES CORP,intl bancshares,IBOC,22086,6020.0,crosswalk
0000315958,CREDITRISKMONITOR.COM INC,creditriskmonitorcom,CRMZ,7841,7323.0,crosswalk
0000316709,SCHWAB (CHARLES) CORP,schwab charles,SCHW,13988,6282.0,crosswalk
0000317187,PPL ELECTRIC UTILITIES CORP,ppl electric utilities,PPL,145348,4911.0,crosswalk
0000317788,DIGITAL TURBINE INC,digital turbine,MNDL,9551,7372.0,crosswalk
0000318154,AMGEN INC,amgen,AMGN,1602,2836.0,crosswalk
0000318299,SPARTA COMMERCIAL SERVIC INC,sparta commercial servic,SRCO,40564,7371.0,crosswalk
0000319201,KLA CORP,kla,KLAC,6304,3827.0,crosswalk
0000319458,ENSERVCO CORP,enservco,ASPN,185323,1389.0,crosswalk
0000319671,GLOBAL GOLD CORP,global gold,,160194,1040.0,crosswalk
0000319687,UNITED AIRLINES INC,united airlines,CAL,10484,4512.0,crosswalk
0000320121,TELOS CORP/MD,telos corpmd,TLSRP,2578,7373.0,crosswalk
0000320187,NIKE INC  -CL B,nike inc cl b,NKE,7906,3021.0,crosswalk
0000320193,APPLE INC,apple,AAPL,1690,3663.0,crosswalk
0000320335,GLOBE LIFE INC,globe life,TMK,10614,6311.0,crosswalk
0000350868,ITERIS INC,iteris,ITI,8087,3669.0,crosswalk
0000350894,SEI INVESTMENTS CO,sei investments,SEIC,9317,6282.0,crosswalk
0000351569,AMERIS BANCORP,ameris bancorp,ABCB,30222,6020.0,crosswalk
0000351817,SILVERBOW RESOURCES INC,silverbow resources,SFY,10221,1311.0,crosswalk
0000351834,SUNOPTA INC,sunopta,STKL,12761,2090.0,crosswalk
0000351998,DATA I/O CORP,data io,DAIO,3761,3825.0,crosswalk
0000352541,ALLIANT ENERGY CORP,alliant energy,LNT,11554,4931.0,crosswalk
0000354190,ARTHUR J GALLAGHER & CO,arthur j gallagher,AJG,4973,6411.0,crosswalk
0000354707,HAWAIIAN ELECTRIC INDS,hawaiian electric inds,HE,5526,4911.0,crosswalk
0000354950,HOME DEPOT INC,home depot,HD,5680,5211.0,crosswalk
0000354963,SHENANDOAH TELECOMMUN CO,shenandoah telecommun,SHEN,9664,4813.0,crosswalk
0000355019,FONAR CORP,fonar,FONR,4826,8071.0,crosswalk
0000355811,GENTEX CORP,gentex,GNTX,5116,3714.0,crosswalk
0000356028,CA INC,ca,,3310,7372.0,crosswalk
0000356171,TRICO BANCSHARES,trico bancshares,TCBK,28155,6020.0,crosswalk
0000356309,NEW JERSEY RESOURCES CORP,new jersey resources,NJR,7849,4924.0,crosswalk
0000356590,GLOBAL TECH INDS GROUP INC,global tech inds,TTII,12807,3590.0,crosswalk
0000357173,OLD SECOND BANCORP INC/IL,old second bancorp incil,OSBC,19150,6020.0,crosswalk
0000357294,HOVNANIAN ENTRPRS INC  -CL A,hovnanian entrprs inc cl a,HOV,5750,1531.0,crosswalk
0000357301,TRUSTCO BANK CORP/NY,trustco bank corpny,TRST,17245,6035.0,crosswalk
0000700564,FULTON FINANCIAL CORP,fulton financial,FULT,14172,6020.0,crosswalk
0000700764,VICTORY OILFIELD TECH INC,victory oilfield tech,VYEY,148532,3533.0,crosswalk
0000700841,RCM TECHNOLOGIES INC,rcm technologies,RCMT,8892,7363.0,crosswalk
0000700923,MYR GROUP INC,myr,MYRG,180646,1623.0,crosswalk
0000701347,CENTRAL PACIFIC FINANCIAL CP,central pacific financial cp,CPF,16705,6020.0,crosswalk
0000701374,SIX FLAGS ENTERTAINMENT -OLD,six flags entertainment old,PKS,10567,7996.0,crosswalk
0000701719,ENVELA CORP,envela,DGSE,12096,5990.0,crosswalk
0000701869,INDEPENDENCE HOLDING CO,independence,,17131,6321.0,crosswalk
0000701985,BATH & BODY WORKS INC,bath body works,LTD,6733,5990.0,crosswalk
0000702165,NORFOLK SOUTHERN CORP,norfolk southern,NSC,7923,4011.0,crosswalk
0000702513,BANK OF COMMERCE HOLDINGS,bank of commerce,,112112,6020.0,crosswalk
0000703351,BRINKER INTL INC,brinker intl,EAT,3007,5812.0,crosswalk
0000703604,DISTRIBUTION SOLUTIO GRO INC,distribution solutio gro,LAWS,6617,5080.0,crosswalk
0000704172,PHI GROUP INC,phi,,61634,6200.0,crosswalk
0000704532,ONTO INNOVATION INC,onto innovation,NANO,126423,3823.0,crosswalk
0000704562,AVID BIOSERVICES INC,avid bioservices,PPHM,14603,2835.0,crosswalk
0000705432,SOUTHSIDE BANCSHARES INC,southside bancshares,SBSI,62979,6020.0,crosswalk
0000706129,HORIZON BANCORP INC,horizon bancorp,HBNC,18533,6020.0,crosswalk
0000707179,OLD NATIONAL BANCORP,old national bancorp,ONB,17095,6020.0,crosswalk
0000707549,LAM RESEARCH CORP,lam research,LRCX,6565,3559.0,crosswalk
0000708781,CASS INFORMATION SYSTEMS INC,cass information systems,CASS,25201,7389.0,crosswalk
0000708818,NEXTGEN HEALTHCARE INC,nextgen healthcare,,8858,7372.0,crosswalk
0000708821,PAR TECHNOLOGY CORP,par technology,PTC,8334,7371.0,crosswalk
0000708955,FIRST FINL BANCORP INC/OH,first finl bancorp incoh,FFBC,17195,6020.0,crosswalk
0000709283,QUANTUM CORP,quantum,QTM,8867,3572.0,crosswalk
0000709337,FARMERS NATL BANC CORP/OH,farmers natl banc corpoh,FMNB,29855,6020.0,crosswalk
0000711034,THUNDER MOUNTAIN GOLD INC,thunder mountain gold,THMG,22002,1040.0,crosswalk
0000711065,APPLIED MICRO CIRCUITS CORP,applied micro circuits,,65904,3674.0,crosswalk
0000711404,COOPER COS INC (THE),cooper cos inc the,COO,3504,3851.0,crosswalk
0000711669,COLONY BANKCORP INC,colony bankcorp,CBAN,66504,6020.0,crosswalk
0000712515,ELECTRONIC ARTS INC,electronic arts,EA,16721,7372.0,crosswalk
0000712537,FIRST COMMONWLTH FINL CP/PA,first commonwlth finl cppa,FCF,18241,6020.0,crosswalk
0000712771,CONNECTONE BANCORP INC,connectone bancorp,CNBC,17724,6020.0,crosswalk
0000713425,LOGILITY SPPLY CHAIN SOL INC,logility spply chain sol,AMSWA,1562,7372.0,crosswalk
0000713676,PNC FINANCIAL SVCS GROUP INC,pnc financial svcs,PNC,8245,6020.0,crosswalk
0000714256,SANARA MEDTECH INC,sanara medtech,WNDM,23623,3842.0,crosswalk
0000714310,VALLEY NATIONAL BANCORP,valley national bancorp,VLY,11861,6020.0,crosswalk
0000714562,FIRST FINANCIAL CORP,first financial,THFF,18276,6020.0,crosswalk
0000715072,RENASANT CORP,renasant,RNST,25173,6020.0,crosswalk
0000715446,ANIXA BIOSCIENCES INC,anixa biosciences,COPY,12717,2836.0,crosswalk
0000715579,ACNB CORP,acnb,ACNB,17173,6020.0,crosswalk
0000715957,DOMINION ENERGY INC,dominion energy,D,4029,4911.0,crosswalk
0000716133,CINCINNATI BELL INC,cincinnati bell,CBB,3036,4813.0,crosswalk
0000717423,MURPHY OIL CORP,murphy oil,MUR,7620,1311.0,crosswalk
0000717538,ARROW FINANCIAL CORP,arrow financial,AROW,16668,6020.0,crosswalk
0000717605,HEXCEL CORP,hexcel,HXL,5608,2821.0,crosswalk
0000717720,VALUE LINE INC,value line,VALU,11099,2721.0,crosswalk
0000717806,FIRST US BANCSHARES INC,first us bancshares,USBI,66597,6020.0,crosswalk
0000718877,ACTIVISION BLIZZARD INC,activision blizzard,,180405,7372.0,crosswalk
0000718937,STAAR SURGICAL CO,staar surgical,STAA,9969,3851.0,crosswalk
0000719274,GIGA-TRONICS INC,gigatronics,GIGA,5165,3670.0,crosswalk
0000719413,HECLA MINING CO,hecla mining,HL,5560,1040.0,crosswalk
0000719955,WILLIAMS-SONOMA INC,williamssonoma,WSM,11511,5961.0,crosswalk
0000720005,RAYMOND JAMES FINANCIAL INC,raymond james financial,RJF,8898,6211.0,crosswalk
0000720154,INOTIV INC,inotiv,,65905,8731.0,crosswalk
0000720500,AMTECH SYSTEMS INC,amtech systems,ASYS,8864,3559.0,crosswalk
0000720672,STIFEL FINANCIAL CORP,stifel financial,SF,11770,6211.0,crosswalk
0000721371,CARDINAL HEALTH INC,cardinal health,CAH,2751,5122.0,crosswalk
0000721994,LAKELAND FINANCIAL CORP,lakeland financial,LKFN,18732,6020.0,crosswalk
0000722572,FRANKLIN WIRELESS CORP,franklin wireless,FKWL,14112,3661.0,crosswalk
0000723125,MICRON TECHNOLOGY INC,micron technology,MU,7343,3674.0,crosswalk
0000723188,COMMUNITY FINANCIAL SYST INC,community financial syst,CBU,16790,6020.0,crosswalk
0000723254,CINTAS CORP,cintas,CTAS,3062,7200.0,crosswalk
0000723531,PAYCHEX INC,paychex,PAYX,8402,8721.0,crosswalk
0000723603,CULP INC,culp,CFI,3647,2211.0,crosswalk
0000725363,CEL-SCI CORP,celsci,,12711,2836.0,crosswalk
0000725394,DALRADA TECHNOLOGY GROUP INC,dalrada technology,,40541,9997.0,crosswalk
0000726293,NEWBRIDGE GLOBL VENTURES INC,newbridge globl ventures,,34715,2834.0,crosswalk
0000726513,TRIBUNE MEDIA CO,tribune media,,10726,4833.0,crosswalk
0000726601,CAPITAL CITY BK GROUP INC,capital city bk,CCBG,20109,6020.0,crosswalk
0000726854,CITY HOLDING CO,city,CHCO,16781,6020.0,crosswalk
0000726865,LINCOLN NATIONAL LIFE INSURANCE CO /IN/,lincoln national life insurance co in,,,,sec_header
0000727892,RIVERSOURCE LIFE INSURANCE CO,riversource life insurance,,,,sec_header
0000727920,Equitable Financial Life Insurance Co,equitable financial life insurance,,,,sec_header
0000728387,PERSPECTIVE THERAPEUTICS INC,perspective therapeutics,,12818,2836.0,crosswalk
0000728391,IPALCO ENTERPRISES INC,ipalco enterprises,,6178,4911.0,crosswalk
0000729580,BEL FUSE INC,bel fuse,BELFB,2124,3677.0,crosswalk
0000729986,UNITED BANKSHARES INC/WV,united bankshares incwv,UBSI,17248,6020.0,crosswalk
0000730255,CALAMP CORP,calamp,,2615,3663.0,crosswalk
0000730263,THOR INDUSTRIES INC,thor industries,THO,10549,3716.0,crosswalk
0000730272,REPLIGEN CORP,repligen,RGEN,12181,2836.0,crosswalk
0000730464,COVISTA INC,covista,DV,3905,8200.0,crosswalk
0000730708,SEACOAST BANKING CORP/FL,seacoast banking corpfl,SBCF,17184,6020.0,crosswalk
0000731012,HEALTHCARE SERVICES GROUP,healthcare services,HCSG,5539,8090.0,crosswalk
0000731766,UNITEDHEALTH GROUP INC,unitedhealth,UNH,10903,6324.0,crosswalk
0000732026,TRIO-TECH INTERNATIONAL,triotech international,TRT,10740,3559.0,crosswalk
0000732417,HILLS BANCORPORATION,hills bancorporation,HBIA,112542,6020.0,crosswalk
0000732712,VERIZON COMMUNICATIONS INC,verizon communications,VZ,2136,4812.0,crosswalk
0000732717,AT&T INC,att,T,9899,4812.0,crosswalk
0000732834,CONTINENTAL RESOURCES INC,continental resources,CLR,3469,1311.0,crosswalk
0000733076,BRIGHTHOUSE LIFE INSURNCE CO,brighthouse life insurnce,,20521,6311.0,crosswalk
0000733269,LIVERAMP HOLDINGS INC,liveramp,ACXM,2536,7370.0,crosswalk
0000736012,INTRUSION INC,intrusion,INTZ,25302,7372.0,crosswalk
0000736772,CNB FINANCIAL CORP/PA,cnb financial corppa,CCNE,17534,6020.0,crosswalk
0000737468,WASHINGTON TR BANCORP INC,washington tr bancorp,WASH,19873,6020.0,crosswalk
0000737758,TORO CO,toro,TTC,10618,3523.0,crosswalk
0000737875,FIRST KEYSTONE CORP,first keystone,FKYS,18301,6020.0,crosswalk
0000738214,AEMETIS INC,aemetis,AEBF,162453,2860.0,crosswalk
0000740260,VENTAS INC,ventas,VTR,110179,6798.0,crosswalk
0000740971,OLD POINT FINANCIAL CORP,old point financial,OPOF,66313,6020.0,crosswalk
0000742112,INVACARE CORP,invacare,,6158,3842.0,crosswalk
0000742278,RPC INC,rpc,RES,8901,1389.0,crosswalk
0000743238,Spartan Motors Inc,spartan motors,SPAR,,3711.0,ticker_map
0000743367,BAR HARBOR BANKSHARES,bar harbor bankshares,BHB,31895,6020.0,crosswalk
0000743758,AIADVERTISING INC,aiadvertising,WNYN,112544,7310.0,crosswalk
0000743988,XILINX INC,xilinx,,22325,3674.0,crosswalk
0000744452,BNB PLUS CORP,bnb plus,APDN,106126,8731.0,crosswalk
0000744455,GREAT-WEST LIFE & ANN INS CO,greatwest life ann ins,,120276,6311.0,crosswalk
0000745308,ST JOE CO,st joe,JOE,12544,7011.0,crosswalk
0000745732,ROSS STORES INC,ross stores,ROST,9248,5651.0,crosswalk
0000746514,NEW ENGLAND REALTY ASSC  -LP,new england realty assc lp,NEN,14639,6513.0,crosswalk
0000746515,EXPEDITORS INTL WASH INC,expeditors intl wash,EXPD,4494,4731.0,crosswalk
0000746598,BRADY CORP,brady,BRC,2352,3990.0,crosswalk
0000746838,UNISYS CORP,unisys,UIS,2504,7373.0,crosswalk
0000748268,RED CAT HOLDINGS INC,red cat,BBLF,35223,3721.0,crosswalk
0000749251,GARTNER INC,gartner,IT,12441,8700.0,crosswalk
0000749647,IMUNON INC,imunon,CLSN,2990,2836.0,crosswalk
0000749660,ICAD INC,icad,ICAD,12874,7372.0,crosswalk
0000750004,LIGHT & WONDER INC,light wonder,SGMS,10991,3570.0,crosswalk
0000750574,AUBURN NATIONAL BANCORP,auburn national bancorp,AUBN,61055,6020.0,crosswalk
0000750577,HANCOCK WHITNEY CORP,hancock whitney,HBHC,24232,6020.0,crosswalk
0000750686,CAMDEN NATIONAL CORP,camden national,CAC,65548,6020.0,crosswalk
0000751364,NNN REIT INC,nnn reit,NNN,12140,6798.0,crosswalk
0000751978,VICOR CORP,vicor,VICR,21238,3679.0,crosswalk
0000752642,UMH PROPERTIES INC,umh properties,UMH,10917,6798.0,crosswalk
0000753308,NEXTERA ENERGY INC,nextera energy,NEE,4517,4911.0,crosswalk
0000753568,EXAR CORP,exar,,4476,3674.0,crosswalk
0000754811,U S GLOBAL INVESTORS INC,u s global investors,GROW,12407,6282.0,crosswalk
0000759944,CITIZENS FINANCIAL GROUP INC,citizens financial,,21825,6020.0,crosswalk
0000763563,CHEMUNG FINANCIAL CORP,chemung financial,CHMG,17877,6020.0,crosswalk
0000763901,POPULAR INC,popular,BPOP,2002,6020.0,crosswalk
0000763907,FIRST UNITED CORP,first united,FUNC,18358,6020.0,crosswalk
0000764038,SOUTH STATE BANK CORP,south state bank,SCBT,64547,6020.0,crosswalk
0000764065,CLEVELAND-CLIFFS INC,clevelandcliffs,CLF,3107,3310.0,crosswalk
0000764180,ALTRIA GROUP INC,altria,MO,8543,2111.0,crosswalk
0000764401,INSTEEL INDUSTRIES,insteel industries,IIIN,4498,3310.0,crosswalk
0000764478,BEST BUY CO INC,best buy,BBY,2184,5731.0,crosswalk
0000764622,PINNACLE WEST CAPITAL CORP,pinnacle west capital,PNW,1075,4911.0,crosswalk
0000765207,FIRST BANCORP INC/ME,first bancorp incme,FNLC,111940,6020.0,crosswalk
0000765880,HEALTHPEAK PROPERTIES INC,healthpeak properties,HCP,13125,6798.0,crosswalk
0000766421,ALASKA AIR GROUP INC,alaska air,ALK,1230,4512.0,crosswalk
0000766704,WELLTOWER INC,welltower,HCN,5543,6798.0,crosswalk
0000766829,H2O AMERICA,h2o america,SJW,9324,4941.0,crosswalk
0000768408,CYANOTECH CORP,cyanotech,CYAN,12575,2833.0,crosswalk
0000768411,CYBEROPTICS CORP,cyberoptics,,14108,3827.0,crosswalk
0000768899,TRUEBLUE INC,trueblue,TBI,22207,7363.0,crosswalk
0000769397,AUTODESK INC,autodesk,ADSK,1878,7370.0,crosswalk
0000771266,KOPIN CORP,kopin,KOPN,25166,3674.0,crosswalk
0000771497,ABM INDUSTRIES INC,abm industries,ABM,1410,7340.0,crosswalk
0000771856,CHAMPIONS ONCOLOGY INC,champions oncology,CSBR,14983,2836.0,crosswalk
0000772406,CIRRUS LOGIC INC,cirrus logic,CRUS,16401,3674.0,crosswalk
0000773717,AMERICAN CLEAN RES GRP INC,american clean res grp,PAQS,186721,1040.0,crosswalk
0000773840,HONEYWELL INTERNATIONAL INC,honeywell international,HON,1300,9997.0,crosswalk
0000774415,KING RESOURCES INC,king resources,,61622,9995.0,crosswalk
0000775158,OSHKOSH CORP,oshkosh,,11721,3711.0,crosswalk
0000775215,HBT FINANCIAL INC,hbt financial,,35759,6020.0,crosswalk
0000776867,WHITE MTNS INS GROUP LTD,white mtns ins,WTM,11729,6331.0,crosswalk
0000776901,INDEPENDENT BANK CORP/MA,independent bank corpma,INDB,16889,6020.0,crosswalk
0000777917,PRUCO LIFE INSURANCE CO,pruco life insurance,,,,sec_header
0000779152,HENRY (JACK) & ASSOCIATES,henry jack associates,JKHY,11811,7389.0,crosswalk
0000780571,ITRON INC,itron,ITRI,29133,3824.0,crosswalk
0000783325,WEC ENERGY GROUP INC,wec energy,WEC,11550,4931.0,crosswalk
0000783412,DAILY JOURNAL CORP,daily journal,DJCO,12568,7372.0,crosswalk
0000784199,ARTIVION INC,artivion,CRY,27823,3842.0,crosswalk
0000784977,PORTLAND GENERAL ELECTRIC CO,portland general electric,POR,12428,4911.0,crosswalk
0000785557,DLH HOLDINGS CORP,dlh,TSTF,12304,8090.0,crosswalk
0000785786,PLEXUS CORP,plexus,PLXS,12945,3672.0,crosswalk
0000787250,DPL INC,dpl,DPL,3814,4911.0,crosswalk
0000788611,NEXTTRIP INC,nexttrip,,185587,7372.0,crosswalk
0000788784,PUBLIC SERVICE ENTRP GRP INC,public service entrp grp,PEG,8810,4931.0,crosswalk
0000788816,OGLETHORPE POWER CORP,oglethorpe power,,15171,4991.0,crosswalk
0000788965,HALLADOR ENERGY CO,hallador energy,HNRG,19129,4911.0,crosswalk
0000789019,MICROSOFT CORP,microsoft,MSFT,12141,7372.0,crosswalk
0000789460,WORLD KINECT CORP,world kinect,INT,12471,5172.0,crosswalk
0000789570,MGM RESORTS INTERNATIONAL,mgm resorts international,MGM,14418,7990.0,crosswalk
0000789933,NACCO INDUSTRIES  -CL A,nacco industries cl a,NC,7938,1221.0,crosswalk
0000790051,CARLISLE COS INC,carlisle cos,CSL,2771,2950.0,crosswalk
0000790359,N B T BANCORP INC,n b t bancorp,NBTB,19094,6020.0,crosswalk
0000790526,RADNET INC,radnet,PMDX,13071,8071.0,crosswalk
0000790816,BRANDYWINE REALTY TRUST,brandywine realty trust,BDN,13562,6798.0,crosswalk
0000791963,OPPENHEIMER HOLDINGS INC,oppenheimer,OPY,13453,6211.0,crosswalk
0000792130,DATAWATCH CORP,datawatch,,25320,7372.0,crosswalk
0000792966,FARMERS & MERCHANTS BCP/OH,farmers merchants bcpoh,FMAO,112572,6020.0,crosswalk
0000793074,WERNER ENTERPRISES INC,werner enterprises,WERN,12266,4213.0,crosswalk
0000793306,BLUE DOLPHIN ENERGY CO,blue dolphin energy,BDCO,170804,4922.0,crosswalk
0000793733,SKYWEST INC,skywest,SKYW,12392,4512.0,crosswalk
0000793952,HARLEY-DAVIDSON INC,harleydavidson,HOG,12389,3751.0,crosswalk
0000794323,LEVEL 3 COMMUNICATIONS INC,level 3 communications,LVLT,13440,4813.0,crosswalk
0000794367,MACY'S INC,macys,FD,4611,5311.0,crosswalk
0000795212,KASPIEN HOLDINGS INC,kaspien,,12421,5961.0,crosswalk
0000795266,KB HOME,kb home,KBH,12689,1531.0,crosswalk
0000795403,WATTS WATER TECHNOLOGIES INC,watts water technologies,WTS,12445,3490.0,crosswalk
0000795800,NEXMETALS MINING CORP,nexmetals mining,,13558,1000.0,crosswalk
0000796343,ADOBE INC,adobe,ADBE,12540,7370.0,crosswalk
0000796534,NATIONAL BANKSHARES INC VA,national bankshares inc va,NKSH,25481,6020.0,crosswalk
0000797465,HG HOLDINGS INC,hg,STLY,25923,6361.0,crosswalk
0000797468,OCCIDENTAL PETROLEUM CORP,occidental petroleum,OXY,8068,1311.0,crosswalk
0000797542,VIEWBIX INC,viewbix,ZAXS,51841,7370.0,crosswalk
0000797721,VIASAT INC,viasat,VSAT,64088,4899.0,crosswalk
0000798081,LAKELAND INDUSTRIES INC,lakeland industries,LAKE,12597,3842.0,crosswalk
0000798287,PAMT CORP,pamt,PTSI,12598,4213.0,crosswalk
0000798354,FISERV INC,fiserv,FISV,12635,7389.0,crosswalk
0000798941,FIRST CITIZENS BANCSH  -CL A,first citizens bancsh cl a,FCNCA,4690,6020.0,crosswalk
0000799233,HEARTLAND EXPRESS INC,heartland express,HTLD,12840,4213.0,crosswalk
0000799288,LANDS' END INC,lands end,,19581,5961.0,crosswalk
0000799292,M/I HOMES INC,mi homes,MHO,12615,1531.0,crosswalk
0000800240,ODP CORP,odp,ODP,14624,5940.0,crosswalk
0000800457,DONEGAL GROUP INC,donegal,DGICA,16714,6331.0,crosswalk
0000801337,WEBSTER FINANCIAL CORP,webster financial,WBS,17150,6020.0,crosswalk
0000802257,MITESCO INC,mitesco,TNTY,26720,7370.0,crosswalk
0000802481,PILGRIM'S PRIDE CORP,pilgrims pride,PPC,12785,2015.0,crosswalk
0000803578,FIREFLY NEUROSCIENCE INC,firefly neuroscience,IAIC,21663,7371.0,crosswalk
0000803649,EQUITY COMMONWEALTH,equity commonwealth,CWH,13579,6798.0,crosswalk
0000804269,GENERAL MOTORS FINL CO INC,general motors finl,ACF,17197,6141.0,crosswalk
0000804328,QUALCOMM INC,qualcomm,QCOM,24800,3674.0,crosswalk
0000804753,CERNER CORP,cerner,,12850,7373.0,crosswalk
0000807863,MITEK SYSTEMS INC,mitek systems,,14113,7372.0,crosswalk
0000808362,BAKER HUGHES INC,baker hughes,,1976,1381.0,crosswalk
0000808461,GCI LIBERTY IN -OLD,gci liberty in old,,13664,4812.0,crosswalk
0000809248,CARROLS RESTAURANT GROUP INC,carrols restaurant,TAST,176249,5812.0,crosswalk
0000810136,PHOTRONICS INC,photronics,PLAB,13200,3674.0,crosswalk
0000810332,REPUBLIC AIRWAYS HLDINGS INC,republic airways hldings,,33962,4512.0,crosswalk
0000810958,CITIZENS & NORTHERN CORP,citizens northern,CZNC,18037,6020.0,crosswalk
0000811156,CMS ENERGY CORP,cms energy,CMS,3439,4931.0,crosswalk
0000811222,CARDIFF LEXINGTON CORP,cardiff lexington,CDIF,160895,8011.0,crosswalk
0000811596,KAISER ALUMINUM CORP,kaiser aluminum,KALU,24293,3350.0,crosswalk
0000811830,SANTANDER HOLDINGS USA INC,santander holdings usa,SOV,17130,6020.0,crosswalk
0000812011,VAIL RESORTS INC,vail resorts,MTN,64344,7990.0,crosswalk
0000812074,O-I GLASS INC,oi glass,OI,8215,3221.0,crosswalk
0000812128,SANDERSON FARMS INC,sanderson farms,,13323,2015.0,crosswalk
0000813672,CADENCE DESIGN SYSTEMS INC,cadence design systems,CDNS,13421,7372.0,crosswalk
0000813762,ICAHN ENTERPRISES LP,icahn enterprises lp,IEP,13709,9997.0,crosswalk
0000813828,CBS Corp,cbs,CBS,,4833.0,ticker_map
0000814453,NEWELL BRANDS INC,newell brands,NWL,7875,3630.0,crosswalk
0000814547,FAIR ISAAC CORP,fair isaac,FICO,13824,7373.0,crosswalk
0000814586,LIFEWAY FOODS INC,lifeway foods,LWAY,15087,2020.0,crosswalk
0000815097,CARNIVAL CORPORATION & PLC,carnival corporation,CCL,13498,4400.0,crosswalk
0000815917,JONES FINANCIAL COS  -LP,jones financial cos lp,,14107,6211.0,crosswalk
0000816761,TERADATA CORP,teradata,TDC,178310,7370.0,crosswalk
0000817720,SYNAPTICS INC,synaptics,SYNA,142814,3674.0,crosswalk
0000818033,HERON THERAPEUTICS INC,heron therapeutics,APPA,13786,2836.0,crosswalk
0000818479,DENTSPLY SIRONA INC,dentsply sirona,XRAY,13700,3843.0,crosswalk
0000818686,TEVA PHARMACEUTICALS,teva pharmaceuticals,,14538,2834.0,crosswalk
0000819793,ALBANY INTL CORP  -CL A,albany intl corp cl a,AIN,14084,2221.0,crosswalk
0000819926,SHARING ECONOMY INTL INC,sharing economy intl,,36219,7370.0,crosswalk
0000820027,AMERIPRISE FINANCIAL INC,ameriprise financial,AMP,164708,6282.0,crosswalk
0000820313,AMPHENOL CORP,amphenol,APH,14282,3678.0,crosswalk
0000820318,COHERENT CORP,coherent,IIVI,14561,3827.0,crosswalk
0000821002,G-III APPAREL GROUP LTD,giii apparel,GIII,19402,2300.0,crosswalk
0000821026,ANDERSONS INC,andersons,ANDE,1659,5150.0,crosswalk
0000821130,ARRAY DIG INFRASTRUCTURE INC,array dig infrastructure,USM,14369,4812.0,crosswalk
0000821189,EOG RESOURCES INC,eog resources,EOG,16478,1311.0,crosswalk
0000822370,EMMAUS LIFE SCIENCES INC,emmaus life sciences,CNSO,35472,2834.0,crosswalk
0000822416,PULTEGROUP INC,pultegroup,PHM,8823,1531.0,crosswalk
0000822663,INTERPARFUMS INC,interparfums,IPAR,14309,2844.0,crosswalk
0000822818,CLEAN HARBORS INC,clean harbors,CLH,14027,4955.0,crosswalk
0000823094,SOTHEBY'S,sothebys,,14412,7389.0,crosswalk
0000823277,CHS INC,chs,CHSCP,134464,5150.0,crosswalk
0000823768,WASTE MANAGEMENT INC,waste management,WM,14477,4953.0,crosswalk
0000824142,AAON INC,aaon,AAON,21542,3585.0,crosswalk
0000824416,QUEST PATENT RESEARCH CORP,quest patent research,,19253,7370.0,crosswalk
0000825313,ALLIANCEBERNSTEIN HOLDING LP,alliancebernstein holding lp,AB,14592,6799.0,crosswalk
0000825322,MPHASE TECHNOLOGIES INC,mphase technologies,,19622,7372.0,crosswalk
0000825542,SCOTTS MIRACLE-GRO CO,scotts miraclegro,SMG,20185,2870.0,crosswalk
0000826154,ORRSTOWN FINANCIAL SVCS INC,orrstown financial svcs,ORRF,111819,6020.0,crosswalk
0000826675,DYNEX CAPITAL INC,dynex capital,DX,14403,6798.0,crosswalk
0000827052,EDISON INTERNATIONAL,edison international,EIX,9846,4911.0,crosswalk
0000827054,MICROCHIP TECHNOLOGY INC,microchip technology,MCHP,27965,3674.0,crosswalk
0000827099,Ocean Thermal Energy Corp,ocean thermal energy,,,,sec_header
0000827187,SLEEP NUMBER CORP,sleep number,SCSS,116504,2510.0,crosswalk
0000827876,CLEANSPARK INC,cleanspark,,186904,7370.0,crosswalk
0000828146,INTERLINK ELECTRONICS,interlink electronics,LINK,28374,3679.0,crosswalk
0000828878,HH BIOTECHNOLOGY HOLDINGS CO,hh biotechnology,,28344,6512.0,crosswalk
0000828944,WSFS FINANCIAL CORP,wsfs financial,WSFS,17132,6035.0,crosswalk
0000829224,STARBUCKS CORP,starbucks,SBUX,25434,5812.0,crosswalk
0000829323,INUVO INC,inuvo,THK,23226,7370.0,crosswalk
0000829325,SPYR INC,spyr,,63752,7372.0,crosswalk
0000830616,SCI ENGINEERED MATERIALS INC,sci engineered materials,SCCI,20177,4011.0,crosswalk
0000830656,PRESSURE BIOSCIENCES INC,pressure biosciences,PBIO,63901,8731.0,crosswalk
0000831001,CITIGROUP INC,citigroup,C,3243,6199.0,crosswalk
0000831259,FREEPORT-MCMORAN INC,freeportmcmoran,FCX,14590,1000.0,crosswalk
0000831641,TETRA TECH INC,tetra tech,TTEK,24783,8711.0,crosswalk
0000832101,IDEX CORP,idex,IEX,15267,3561.0,crosswalk
0000832988,SIGNET JEWELERS LTD,signet jewelers,SIG,15520,5944.0,crosswalk
0000833079,MERITAGE HOMES CORP,meritage homes,MTH,14790,1531.0,crosswalk
0000833444,JOHNSON CONTROLS INTL PLC,johnson controls intl,TYC,6268,3585.0,crosswalk
0000833640,POWER INTEGRATIONS INC,power integrations,POWI,66032,3674.0,crosswalk
0000834071,TOYOTA MOTOR CREDIT CORP,toyota motor credit,,15136,6141.0,crosswalk
0000834365,BIOLIFE SOLUTIONS INC,biolife solutions,BLFS,17199,2836.0,crosswalk
0000835357,EQUITABLE FINANCIAL LIFE INSURANCE CO OF AMERICA,equitable financial life insurance co of america,,,,sec_header
0000835662,AIXIN LIFE INTERNATIONAL INC,aixin life international,MCAR,33136,5122.0,crosswalk
0000835887,PROGENICS PHARMACEUTICAL INC,progenics pharmaceutical,,65872,2836.0,crosswalk
0000836147,MIDDLEFIELD BANC CORP,middlefield banc,MBCN,139705,6020.0,crosswalk
0000836157,LINDSAY CORP,lindsay,LNN,14954,3523.0,crosswalk
0000836564,MOSAIC IMMUNOENGINEERING INC,mosaic immunoengineering,,37475,2836.0,crosswalk
0000837010,VOYA RETIREMENT INS &ANNUITY,voya retirement ins annuity,,63734,6311.0,crosswalk
0000837465,CALLAWAY GOLF CO,callaway golf,ELY,24978,3949.0,crosswalk
0000837852,IDEANOMICS INC,ideanomics,YOD,24658,3713.0,crosswalk
0000840715,CLEARONE INC,clearone,CLRO,18549,3663.0,crosswalk
0000842162,LEAR CORP,lear,LEA,16477,2531.0,crosswalk
0000842633,TRIMAS CORP,trimas,TRS,15252,3460.0,crosswalk
0000843006,ACCESS NEWSWIRE INC,access newswire,ISDR,183139,7370.0,crosswalk
0000844965,TETRA TECHNOLOGIES INC/DE,tetra technologies incde,TTI,21237,1389.0,crosswalk
0000845819,KONATEL INC,konatel,,20932,4812.0,crosswalk
0000845877,FEDERAL AGRICULTURE MTG CP,federal agriculture mtg cp,AGM,15153,6162.0,crosswalk
0000846377,TOTALIGENT INC,totaligent,,31259,2810.0,crosswalk
0000846913,FUEL TECH INC,fuel tech,FTEK,28819,3559.0,crosswalk
0000847942,STRATEGIC ACQUISITIONS INC,strategic acquisitions,STQN,23369,6153.0,crosswalk
0000849146,LIFEVANTAGE CORP,lifevantage,LFVN,25027,2834.0,crosswalk
0000849395,CRH PLC,crh,,15444,3241.0,crosswalk
0000849399,GEN DIGITAL INC,gen digital,SYMC,15855,7372.0,crosswalk
0000849636,RESPIRERX PHARMACEUTICALS,respirerx pharmaceuticals,,16480,2836.0,crosswalk
0000850141,HORACE MANN EDUCATORS CORP,horace mann educators,HMN,24678,6331.0,crosswalk
0000851205,COGNEX CORP,cognex,CGNX,16188,3823.0,crosswalk
0000851520,EXPONENT INC,exponent,EXPO,23027,8742.0,crosswalk
0000851968,MOHAWK INDUSTRIES INC,mohawk industries,MHK,25119,2273.0,crosswalk
0000853816,LANDSTAR SYSTEM INC,landstar system,LSTR,21440,4213.0,crosswalk
0000854560,GREAT SOUTHERN BANCORP,great southern bancorp,GSBC,19428,6020.0,crosswalk
0000854775,DIGI INTERNATIONAL INC,digi international,DGII,16710,3576.0,crosswalk
0000854800,TINGO GROUP INC,tingo,,160555,4812.0,crosswalk
0000855612,ZIX CORP,zix,,16531,7370.0,crosswalk
0000855658,LATTICE SEMICONDUCTOR CORP,lattice semiconductor,LSCC,16597,3674.0,crosswalk
0000855683,MILESTONE SCIENTIFIC INC,milestone scientific,MS,61496,3843.0,crosswalk
0000856982,MERIT MEDICAL SYSTEMS INC,merit medical systems,MMSI,21777,3841.0,crosswalk
0000856984,AMER BIOGENETIC SCI  -CL A,amer biogenetic sci cl a,MABAA,21505,2835.0,crosswalk
0000857005,PTC INC,ptc,PTC,18699,7372.0,crosswalk
0000857737,ICONIX BRAND GROUP INC,iconix brand,,20204,6794.0,crosswalk
0000857855,UNITED COMMUNITY BANKS INC,united community banks,UCBI,64794,6020.0,crosswalk
0000858470,COTERRA ENERGY INC,coterra energy,COG,20548,1311.0,crosswalk
0000858877,CISCO SYSTEMS INC,cisco systems,CSCO,20779,3576.0,crosswalk
0000859737,HOLOGIC INC,hologic,HOLX,20904,3844.0,crosswalk
0000860413,FIRST INTERSTATE BANCSYSTEM,first interstate bancsystem,FIBK,184167,6020.0,crosswalk
0000860546,COPT DEFENSE PROPERTIES,copt defense properties,OFC,24825,6798.0,crosswalk
0000860730,HCA HEALTHCARE INC,hca healthcare,HCA,22260,8062.0,crosswalk
0000860731,TYLER TECHNOLOGIES INC,tyler technologies,TYL,10789,7373.0,crosswalk
0000860748,KEMPER CORP/DE,kemper corpde,KMPR,21503,6331.0,crosswalk
0000861441,LOCORR FUTURES PORTFOLIO FUND L.P.,locorr futures portfolio fund lp,,,,sec_header
0000861459,GRANITE CONSTRUCTION INC,granite construction,GVA,21429,1600.0,crosswalk
0000861878,STERICYCLE INC,stericycle,SRCL,63527,4955.0,crosswalk
0000861884,RELIANCE INC,reliance,RS,30671,5051.0,crosswalk
0000862651,INVESTVIEW INC,investview,,16069,7372.0,crosswalk
0000862831,FINANCIAL INSTITUTIONS INC,financial institutions,FISI,121713,6020.0,crosswalk
0000862861,ALT5 SIGMA CORP,alt5 sigma,ARCI,24660,6200.0,crosswalk
0000864270,AMERICAN HONDA FINANCE CORP,american honda finance,,,,sec_header
0000864749,TRIMBLE INC,trimble,TRMB,22815,3829.0,crosswalk
0000866273,MATRIX SERVICE CO,matrix service,MTRX,23195,1623.0,crosswalk
0000866291,ALLEGRO MICROSYSTEMS INC,allegro microsystems,,37309,3674.0,crosswalk
0000866374,FLEX LTD,flex,FLEX,30170,3672.0,crosswalk
0000866439,DARKPULSE INC,darkpulse,KLMK,33858,3674.0,crosswalk
0000866609,ION GEOPHYSICAL CORP,ion geophysical,,23810,1382.0,crosswalk
0000866729,SCHOLASTIC CORP,scholastic,SCHL,9466,2731.0,crosswalk
0000866787,AUTOZONE INC,autozone,AZO,23809,5531.0,crosswalk
0000867038,SPINDLETOP OIL & GAS CO,spindletop oil gas,SPND,24131,1311.0,crosswalk
0000867840,PRECISION OPTICS CORP INC,precision optics,POCI,24842,3845.0,crosswalk
0000868278,PROPHASE LABS INC,prophase labs,QGLY,31418,2834.0,crosswalk
0000868671,GLACIER BANCORP INC,glacier bancorp,GBCI,16832,6020.0,crosswalk
0000868780,DORMAN PRODUCTS INC,dorman products,DORM,23753,3714.0,crosswalk
0000868857,AECOM,aecom,ACM,147988,8711.0,crosswalk
0000871763,MANPOWERGROUP,manpowergroup,MAN,14370,7363.0,crosswalk
0000872589,REGENERON PHARMACEUTICALS,regeneron pharmaceuticals,REGN,23812,2834.0,crosswalk
0000872912,DELCATH SYSTEMS INC,delcath systems,DCTH,140023,3841.0,crosswalk
0000873303,SAREPTA THERAPEUTICS INC,sarepta therapeutics,SRPT,64857,2836.0,crosswalk
0000873860,ONITY GROUP INC,onity,OCN,63639,6162.0,crosswalk
0000874015,IONIS PHARMACEUTICALS INC,ionis pharmaceuticals,ISIS,24040,2836.0,crosswalk
0000874238,STERLING INFRASTRUCTURE INC,sterling infrastructure,STRL,5559,1700.0,crosswalk
0000874292,ADDVANTAGE TECHNOLOGIES GP,addvantage technologies gp,,24428,5065.0,crosswalk
0000874396,LIFETIME BRANDS INC,lifetime brands,LCUT,24099,3420.0,crosswalk
0000874499,GULFPORT ENERGY CORP,gulfport energy,GPOR,26069,1311.0,crosswalk
0000874501,OCTAVE SPECIALTY GROUP INC,octave specialty,ABK,24287,6351.0,crosswalk
0000874716,IDEXX LABS INC,idexx labs,IDXX,24197,2835.0,crosswalk
0000874761,AES CORP (THE),aes corp the,AES,24216,4991.0,crosswalk
0000874766,HARTFORD INSURANCE GROUP INC,hartford insurance,HIG,61739,6331.0,crosswalk
0000874866,CORVEL CORP,corvel,CRVL,24225,6411.0,crosswalk
0000874977,STATE AUTO FINANCIAL CORP,state auto financial,,24233,6331.0,crosswalk
0000875045,BIOGEN INC,biogen,BIIB,24468,2836.0,crosswalk
0000875320,VERTEX PHARMACEUTICALS INC,vertex pharmaceuticals,VRTX,24344,2836.0,crosswalk
0000875357,BOK FINANCIAL CORP,bok financial,BOKF,24447,6020.0,crosswalk
0000875582,NORTHERN TECH INTL,northern tech intl,NTI,19209,2890.0,crosswalk
0000876167,PROGRESS SOFTWARE CORP,progress software,PRGS,24352,7372.0,crosswalk
0000876343,LINEAGE CELL THERAPEUTICS IN,lineage cell therapeutics in,BTX,24996,2836.0,crosswalk
0000876378,ASENSUS SURGICAL INC,asensus surgical,TRXC,18666,3841.0,crosswalk
0000876427,MONRO INC,monro,MNRO,24350,7500.0,crosswalk
0000876437,MGIC INVESTMENT CORP/WI,mgic investment corpwi,MTG,24379,6351.0,crosswalk
0000876523,EZCORP INC  -CL A,ezcorp inc cl a,EZPW,24430,5900.0,crosswalk
0000876883,STAGWELL INC,stagwell,MDCA,39309,7311.0,crosswalk
0000877212,ZEBRA TECHNOLOGIES CP  -CL A,zebra technologies cp cl a,ZBRA,24405,3577.0,crosswalk
0000877422,SPARTANNASH CO,spartannash,SPTN,28762,5141.0,crosswalk
0000877860,NATIONAL HEALTH INVESTORS,national health investors,NHI,24533,6798.0,crosswalk
0000877890,CITRIX SYSTEMS INC,citrix systems,,61676,7372.0,crosswalk
0000878927,OLD DOMINION FREIGHT,old dominion freight,ODFL,24617,4213.0,crosswalk
0000878932,EQUUS TOTAL RETURN INC,equus total return,EQS,25709,6797.0,crosswalk
0000879101,KIMCO REALTY CORP,kimco realty,KIM,24731,6798.0,crosswalk
0000879169,INCYTE CORP,incyte,INCY,29127,2836.0,crosswalk
0000879407,ARROWHEAD PHARMACEUTICAL INC,arrowhead pharmaceutical,ARWR,28806,2836.0,crosswalk
0000879526,WABASH NATIONAL CORP,wabash national,WNC,24720,3715.0,crosswalk
0000879585,ATN INTERNATIONAL INC,atn international,ATNI,24708,4812.0,crosswalk
0000879682,VIVEVE MEDICAL INC,viveve medical,,21838,3845.0,crosswalk
0000879911,APPLIED ENERGETICS INC,applied energetics,AERG,25088,3600.0,crosswalk
0000880117,SANFILIPPO JOHN B&SON,sanfilippo john bson,JBSS,24755,2060.0,crosswalk
0000880242,BIOLARGO INC,biolargo,BLGO,24797,2860.0,crosswalk
0000880266,AGCO CORP,agco,AGCO,25180,3523.0,crosswalk
0000880631,WISDOMTREE INC,wisdomtree,WETF,24750,6282.0,crosswalk
0000880807,AMERICAN SUPERCONDUCTOR CP,american superconductor cp,AMSC,24795,3621.0,crosswalk
0000881453,FORTITUDE LIFE INSURANCE & ANNUITY CO,fortitude life insurance annuity,,,,sec_header
0000882095,GILEAD SCIENCES INC,gilead sciences,GILD,24856,2836.0,crosswalk
0000882184,D R HORTON INC,d r horton,DHI,25340,1531.0,crosswalk
0000882291,AETHLON MEDICAL INC,aethlon medical,AEMD,27983,3841.0,crosswalk
0000882508,QUICKLOGIC CORP,quicklogic,QUIK,65036,3674.0,crosswalk
0000882796,BIOCRYST PHARMACEUTICALS INC,biocryst pharmaceuticals,BCRX,29837,2836.0,crosswalk
0000882835,ROPER TECHNOLOGIES INC,roper technologies,ROP,24925,7370.0,crosswalk
0000883241,SYNOPSYS INC,synopsys,SNPS,24975,7372.0,crosswalk
0000883569,FOSSIL GROUP INC,fossil,FOSL,28118,3873.0,crosswalk
0000883902,CORNERSTNE BULDNG BRNDS INC,cornerstne buldng brnds,NCS,25130,3448.0,crosswalk
0000883948,ATLANTIC UNION BANKSHRS CRP,atlantic union bankshrs crp,UBSH,19713,6020.0,crosswalk
0000883975,MICROBOT MEDICAL INC,microbot medical,STEM,29293,3845.0,crosswalk
0000883984,ICU MEDICAL INC,icu medical,ICUI,25110,3841.0,crosswalk
0000884144,ASURE SOFTWARE INC,asure software,ASUR,25138,7370.0,crosswalk
0000884269,ALPHA PRO TECH LTD,alpha pro tech,APT,62072,3089.0,crosswalk
0000884614,UGI CORP,ugi,UGI,10801,4932.0,crosswalk
0000884624,ORTHOFIX MEDICAL INC,orthofix medical,OFIX,28380,3841.0,crosswalk
0000884650,INFINITE GROUP INC,infinite,,28916,7373.0,crosswalk
0000884713,Cott Corp,cott,COT,,2086.0,ticker_map
0000884887,ROYAL CARIBBEAN GROUP,royal caribbean,RCL,28191,4400.0,crosswalk
0000885275,WILSON BANK HOLDING CO,wilson bank,,264731,6020.0,crosswalk
0000885550,CREDIT ACCEPTANCE CORP,credit acceptance,CACC,25339,6141.0,crosswalk
0000885568,OLD DOMINION ELECTRIC COOP,old dominion electric coop,,127675,4911.0,crosswalk
0000885590,BAUSCH HEALTH COMPANIES INC,bausch health companies,VRX,29955,2834.0,crosswalk
0000885639,KOHL'S CORP,kohls,KSS,25283,5311.0,crosswalk
0000885725,BOSTON SCIENTIFIC CORP,boston scientific,BSX,25279,3845.0,crosswalk
0000885975,CINEMARK USA INC,cinemark usa,,60972,7830.0,crosswalk
0000886128,FUELCELL ENERGY INC,fuelcell energy,FCEL,25430,3690.0,crosswalk
0000886136,SAGA COMMUNICATIONS INC,saga communications,SGA,27790,4832.0,crosswalk
0000886158,BED BATH & BEYOND INC (OLD),bed bath beyond inc old,,25338,5700.0,crosswalk
0000886163,LIGAND PHARMACEUTICAL INC,ligand pharmaceutical,LGND,25937,2834.0,crosswalk
0000886206,FRANKLIN COVEY CO,franklin covey,FC,25331,8200.0,crosswalk
0000886346,KADANT INC,kadant,KAI,25922,3550.0,crosswalk
0000886744,GERON CORP,geron,GERN,63405,2836.0,crosswalk
0000886982,GOLDMAN SACHS GROUP INC,goldman sachs,GS,114628,6211.0,crosswalk
0000887343,COLUMBIA BANKING SYSTEM INC,columbia banking system,COLB,65228,6020.0,crosswalk
0000887359,VERICEL CORP,vericel,ASTM,64334,2836.0,crosswalk
0000887596,CHEESECAKE FACTORY INC,cheesecake factory,CAKE,25737,5812.0,crosswalk
0000887730,KEMET CORP,kemet,,25848,3670.0,crosswalk
0000887905,LTC PROPERTIES INC,ltc properties,LTC,25665,6798.0,crosswalk
0000887921,REVLON INC  -CL A,revlon inc cl a,,62290,2844.0,crosswalk
0000887936,FTI CONSULTING INC,fti consulting,FCN,62823,8742.0,crosswalk
0000888471,NESTOR PARTNERS,nestor partners,,,,sec_header
0000888491,OMEGA HEALTHCARE INVS INC,omega healthcare invs,OHI,25633,6798.0,crosswalk
0000889331,LITTELFUSE INC,littelfuse,LFUS,25747,3613.0,crosswalk
0000889348,CPI AEROSTRUCTURES INC,cpi aerostructures,CVU,25726,3728.0,crosswalk
0000889353,JAMES MARITIME HOLDINGS INC,james maritime,,27918,9995.0,crosswalk
0000889609,CONSUMER PORTFOLIO SVCS INC,consumer portfolio svcs,CPSS,25852,6159.0,crosswalk
0000889900,PATTERSON-UTI ENERGY INC,pattersonuti energy,PTEN,29108,1389.0,crosswalk
0000889971,LIGHTPATH TECHNOLOGIES INC,lightpath technologies,LPTH,62217,3827.0,crosswalk
0000890394,PERASO INC,peraso,MOSY,40460,3674.0,crosswalk
0000890547,REVLON CONSUMER PRODUCTS CP,revlon consumer products cp,,28004,2844.0,crosswalk
0000890564,ASGN INC,asgn,ASGN,25749,7370.0,crosswalk
0000890821,ENVERIC BIOSCIENCES INC,enveric biosciences,SPZR,37640,2836.0,crosswalk
0000890926,RADIAN GROUP INC,radian,RDN,25895,6351.0,crosswalk
0000891024,PATTERSON COS INC,patterson cos,PDCO,25880,5047.0,crosswalk
0000891103,MATCH GROUP INC,match,IACI,26061,7370.0,crosswalk
0000891166,UNIVERSAL INSURANCE HLDGS,universal insurance hldgs,UVE,26016,6331.0,crosswalk
0000891532,PERMA-FIX ENVIRONMENTAL SVCS,permafix environmental svcs,PESI,25979,4955.0,crosswalk
0000892482,QUMU CORP,qumu,,25915,7370.0,crosswalk
0000892537,MANTECH INTL CORP,mantech intl,,146171,7373.0,crosswalk
0000892553,CHART INDUSTRIES INC,chart industries,CIDI,25964,3443.0,crosswalk
0000893538,SM ENERGY CO,sm energy,SM,26013,1311.0,crosswalk
0000893691,MASONITE INTERNATIONAL CORP,masonite international,DOOR,20696,2430.0,crosswalk
0000893739,180 DEGREE CPTL CORP,180 degree cptl,,139201,6726.0,crosswalk
0000893949,PEDIATRIX MEDICAL GROUP INC,pediatrix medical,PDX,61325,8011.0,crosswalk
0000894405,ARCBEST CORP,arcbest,ABFS,1743,4213.0,crosswalk
0000894501,GOLD ROCK HOLDINGS INC,gold rock,,114347,3290.0,crosswalk
0000894556,CITROTECH INC,citrotech,GEVM,65842,4955.0,crosswalk
0000894871,ARENA GROUP HLDNGS INC (THE),arena group hldngs inc the,ISSM,29064,7370.0,crosswalk
0000895417,EQUITY LIFESTYLE PPTYS INC,equity lifestyle pptys,ELS,27875,6798.0,crosswalk
0000895419,WOLFSPEED INC,wolfspeed,CREE,27794,3674.0,crosswalk
0000895421,MORGAN STANLEY,morgan stanley,MS,12124,6211.0,crosswalk
0000895447,SHOE CARNIVAL INC,shoe carnival,SCVL,27938,5661.0,crosswalk
0000895665,CLEARDAY INC,clearday,,39630,8090.0,crosswalk
0000895728,ENBRIDGE INC,enbridge,,6135,4924.0,crosswalk
0000896159,CHUBB LTD,chubb,ACE,28034,6331.0,crosswalk
0000896262,AMEDISYS INC,amedisys,AMED,30612,8082.0,crosswalk
0000896264,USANA HEALTH SCIENCES INC,usana health sciences,USNA,63863,2834.0,crosswalk
0000896429,CANTALOUPE INC,cantaloupe,USAT,62213,7374.0,crosswalk
0000896493,HYPERSCALE DATA INC,hyperscale data,DPW,64163,9997.0,crosswalk
0000896622,APTARGROUP INC,aptargroup,ATR,28176,3089.0,crosswalk
0000896878,INTUIT INC,intuit,INTU,27928,7372.0,crosswalk
0000897078,RESONATE BLENDS INC,resonate blends,FSTWC,19272,2833.0,crosswalk
0000897448,AMARIN CORPORATION PLC,amarin corporation,AMRN,28027,2836.0,crosswalk
0000897723,SANMINA CORP,sanmina,SANM,28139,3672.0,crosswalk
0000898174,REINSURANCE GROUP AMER INC,reinsurance group amer,RGA,28216,6311.0,crosswalk
0000898293,JABIL INC,jabil,JBL,28195,3672.0,crosswalk
0000898437,ANIKA THERAPEUTICS INC,anika therapeutics,ANIK,28209,2836.0,crosswalk
0000899051,ALLSTATE CORP,allstate,ALL,28349,6331.0,crosswalk
0000899394,HARBOR DIVERSIFIED INC,harbor diversified,HRBR,61976,4512.0,crosswalk
0000899460,MANNKIND CORP,mannkind,MNKD,160340,2836.0,crosswalk
0000899689,VORNADO REALTY TRUST,vornado realty trust,VNO,11220,6798.0,crosswalk
0000899715,TANGER INC,tanger,SKT,28340,6798.0,crosswalk
0000899923,MYRIAD GENETICS INC,myriad genetics,,61399,2835.0,crosswalk
0000900075,COPART INC,copart,CPRT,29901,5010.0,crosswalk
0000901491,PAPA JOHNS INTERNATIONAL INC,papa johns international,PZZA,28397,5812.0,crosswalk
0000902791,BARRETT BUSINESS SVCS INC,barrett business svcs,BBSI,28410,7363.0,crosswalk
0000903129,GENTHERM INC,gentherm,ARGN,28408,3714.0,crosswalk
0000903419,ALERUS FINANCIAL CORP,alerus financial,,18434,6020.0,crosswalk
0000903651,INNODATA INC,innodata,INOD,28717,8700.0,crosswalk
0000906107,EQUITY RESIDENTIAL,equity residential,EQR,28733,6798.0,crosswalk
0000906163,NVR INC,nvr,NVR,12459,1531.0,crosswalk
0000906345,CAMDEN PROPERTY TRUST,camden property trust,CPT,28629,6798.0,crosswalk
0000906465,QCR HOLDINGS INC,qcr,QCRH,28967,6020.0,crosswalk
0000906709,NEKTAR THERAPEUTICS,nektar therapeutics,NKTR,30137,2834.0,crosswalk
0000906780,EMPIRE RESORTS INC,empire resorts,,29129,7990.0,crosswalk
0000907471,PATHWARD FINANCIAL INC,pathward financial,CASH,28866,6020.0,crosswalk
0000907654,ORUKA THERAPEUTICS INC,oruka therapeutics,NUVO,182309,2836.0,crosswalk
0000908255,BORGWARNER INC,borgwarner,BWA,28742,3714.0,crosswalk
0000908259,ONCOTELIC THERAPEUTICS INC,oncotelic therapeutics,OXGN,35138,2836.0,crosswalk
0000908937,SIRIUS XM HOLDINGS INC,sirius xm,SIRI,30662,4832.0,crosswalk
0000909108,DIAMOND HILL INVESTMENT GRP,diamond hill investment grp,DHIL,65235,6282.0,crosswalk
0000909494,TUCOWS INC,tucows,TCX,62723,7370.0,crosswalk
0000909724,TANDY LEATHER FACTORY INC,tandy leather factory,TLF,28675,5990.0,crosswalk
0000909832,COSTCO WHOLESALE CORP,costco wholesale,COST,29028,5399.0,crosswalk
0000910267,Titan Pharmaceuticals Inc,titan pharmaceuticals,TTNP,,2836.0,ticker_map
0000910329,MEDIFAST INC,medifast,MED,29517,2090.0,crosswalk
0000910406,HAIN CELESTIAL GROUP INC,hain celestial,HAIN,29609,2000.0,crosswalk
0000910521,DECKERS OUTDOOR CORP,deckers outdoor,DECK,29015,3140.0,crosswalk
0000910606,REGENCY CENTERS CORP,regency centers,REG,29099,6798.0,crosswalk
0000910638,3D SYSTEMS CORP,3d systems,DDD,14898,3559.0,crosswalk
0000911147,CENTURY CASINOS INC,century casinos,CNTY,29151,7990.0,crosswalk
0000911177,CASELLA WASTE SYS INC  -CL A,casella waste sys inc cl a,CWST,65702,4953.0,crosswalk
0000911216,PALATIN TECHNOLOGIES INC,palatin technologies,PTN,29086,2836.0,crosswalk
0000911421,PARTNERRE LTD,partnerre,,29097,6331.0,crosswalk
0000912093,VIAVI SOLUTIONS INC,viavi solutions,JDSU,29241,3661.0,crosswalk
0000912463,GUESS INC,guess,GES,63447,2330.0,crosswalk
0000912544,NOVELSTEM INTERNATIONAL CORP,novelstem international,,29165,2836.0,crosswalk
0000912593,SUN COMMUNITIES INC,sun communities,SUI,29359,6798.0,crosswalk
0000912595,MID-AMERICA APT CMNTYS INC,midamerica apt cmntys,MAA,29649,6798.0,crosswalk
0000912615,URBAN OUTFITTERS INC,urban outfitters,URBN,29150,5651.0,crosswalk
0000912728,FORWARD AIR CORP,forward air,FWRD,29206,4210.0,crosswalk
0000912752,Sinclair Broadcast Group Inc,sinclair broadcast,SBGI,,4833.0,ticker_map
0000912766,LAUREATE EDUCATION INC,laureate education,SLVN,26305,8200.0,crosswalk
0000913142,BELDEN INC,belden,BDC,28940,3670.0,crosswalk
0000913144,RENAISSANCERE HOLDINGS LTD,renaissancere,RNR,61406,6331.0,crosswalk
0000913241,MADDEN STEVEN LTD,madden steven,SHOO,29382,3140.0,crosswalk
0000913277,CLARUS CORP,clarus,CLRS,185372,3949.0,crosswalk
0000913341,C&F FINANCIAL CORP,cf financial,CFFI,65958,6020.0,crosswalk
0000914025,PLANTRONICS INC,plantronics,,8633,3661.0,crosswalk
0000914156,UFP TECHNOLOGIES INC,ufp technologies,UFPT,29449,3842.0,crosswalk
0000914208,INVESCO LTD,invesco,IVZ,29804,6282.0,crosswalk
0000914475,NEUROCRINE BIOSCIENCES INC,neurocrine biosciences,NBIX,62921,2836.0,crosswalk
0000914748,EVEREST REINSURANCE HOLDINGS INC,everest reinsurance,,,,sec_header
0000915358,SIGMATRON INTERNATIONAL INC,sigmatron international,SGMA,29698,3672.0,crosswalk
0000915389,EASTMAN CHEMICAL CO,eastman chemical,EMN,29392,2800.0,crosswalk
0000915778,DSP GROUP INC,dsp,,29722,3663.0,crosswalk
0000915779,DAKTRONICS INC,daktronics,DAKT,29705,3990.0,crosswalk
0000915840,BEAZER HOMES USA INC,beazer homes usa,BZH,29755,1531.0,crosswalk
0000915912,AVALONBAY COMMUNITIES INC,avalonbay communities,AVB,29875,6798.0,crosswalk
0000916076,MARTIN MARIETTA MATERIALS,martin marietta materials,MLM,29733,1400.0,crosswalk
0000916365,TRACTOR SUPPLY CO,tractor supply,TSCO,29736,5200.0,crosswalk
0000916540,DARLING INGREDIENTS INC,darling ingredients,DAR,30651,2070.0,crosswalk
0000916789,HELEN OF TROY LTD,helen of troy,HELE,5572,3634.0,crosswalk
0000917225,SOLITARIO RESOURCES CORP,solitario resources,XPL,30473,1000.0,crosswalk
0000917251,AGREE REALTY CORP,agree realty,ADC,30067,6798.0,crosswalk
0000917273,RAMBUS INC,rambus,RMBS,64766,6794.0,crosswalk
0000917470,OLYMPIC STEEL INC,olympic steel,ZEUS,29870,5051.0,crosswalk
0000917520,INTEGRA LIFESCIENCES HOLDNGS,integra lifesciences holdngs,IART,61181,3842.0,crosswalk
0000918160,AK STEEL HOLDING CORP,ak steel,,29968,3312.0,crosswalk
0000918251,MOTORCAR PARTS OF AMER INC,motorcar parts of amer,MPAA,29930,3690.0,crosswalk
0000918580,GAMING PARTNERS INTL CORP,gaming partners intl,,29964,3990.0,crosswalk
0000918965,SCANSOURCE INC,scansource,SCSC,29910,5045.0,crosswalk
0000919012,AMERN EAGLE OUTFITTERS INC,amern eagle outfitters,AEO,30059,5600.0,crosswalk
0000919175,SUGARMADE INC,sugarmade,,187356,5110.0,crosswalk
0000919864,FINWARD BANCORP,finward bancorp,NWINOB,107644,6020.0,crosswalk
0000920112,HEARTLAND FINANCIAL USA INC,heartland financial usa,HTLF,61693,6020.0,crosswalk
0000920148,LABCORP HOLDINGS INC,labcorp,LH,14960,8071.0,crosswalk
0000920371,SIMPSON MANUFACTURING INC,simpson manufacturing,SSD,30260,3420.0,crosswalk
0000920427,UNITY BANCORP INC,unity bancorp,UNTY,62243,6020.0,crosswalk
0000920522,ESSEX PROPERTY TRUST,essex property trust,ESS,30293,6798.0,crosswalk
0000920760,LENNAR CORP,lennar,LEN,6669,1531.0,crosswalk
0000920990,METRO ONE TELECOMM INC,metro one telecomm,,63525,7372.0,crosswalk
0000921114,ARMATA PHARMACEUTICALS INC,armata pharmaceuticals,TGEN,332115,2836.0,crosswalk
0000921299,KYNTRA BIO INC,kyntra bio,,21901,2836.0,crosswalk
0000921557,REPUBLIC BANCORP INC/KY,republic bancorp incky,RBCAA,112721,6020.0,crosswalk
0000921582,IMAX CORP,imax,IMAX,30312,3861.0,crosswalk
0000921638,SSR MINING INC,ssr mining,,26768,1040.0,crosswalk
0000921825,FIRST INDL REALTY TRUST INC,first indl realty trust,FR,30384,6798.0,crosswalk
0000922224,PPL CORP,ppl,PPL,8455,4911.0,crosswalk
0000922521,FALCONSTOR SOFTWARE INC,falconstor software,,30398,7373.0,crosswalk
0000922621,ERIE INDEMNITY CO,erie indemnity,ERIE,61380,6411.0,crosswalk
0000922864,APARTMENT INVST & MGMT CO,apartment invst mgmt,AIV,30490,6798.0,crosswalk
0000923120,GREENBRIER COS INC (THE),greenbrier cos inc the,GBX,30463,3743.0,crosswalk
0000923139,FLUSHING FINANCIAL CORP,flushing financial,FFIC,61585,6020.0,crosswalk
0000923571,US XPRESS ENTRPRS INC,us xpress entrprs,,33598,4210.0,crosswalk
0000923601,ALGORHYTHM HOLDINGS INC,algorhythm,,30964,3651.0,crosswalk
0000923796,GEO GROUP INC,geo,GGI,30536,8744.0,crosswalk
0000924168,ENERGY FOCUS INC,energy focus,EFOI,30614,3640.0,crosswalk
0000924383,GENASYS INC,genasys,ATCO,22373,3651.0,crosswalk
0000924515,GUIDED THERAPEUTICS INC,guided therapeutics,GTHP,65016,3845.0,crosswalk
0000924805,FREEDOM HOLDING CORP,freedom,BMBM,26567,6211.0,crosswalk
0000924822,MILLER INDUSTRIES INC/TN,miller industries inctn,MLR,30558,3713.0,crosswalk
0000926282,ADTRAN HOLDINGS INC,adtran,ADTN,30576,3661.0,crosswalk
0000926326,OMNICELL INC,omnicell,OMCL,142956,3559.0,crosswalk
0000926423,MIND TECHNOLOGY INC,mind technology,MIND,31214,3829.0,crosswalk
0000926617,ASPIRA WOMENS HEALTH INC,aspira womens health,VRML,140042,2835.0,crosswalk
0000926660,"Apartment Income REIT, L.P.",apartment income reit lp,,,,sec_header
0000927003,ADVANCED ENERGY INDS INC,advanced energy inds,AEIS,61562,3679.0,crosswalk
0000927066,DAVITA INC,davita,DVA,61483,8090.0,crosswalk
0000927628,CAPITAL ONE FINANCIAL CORP,capital one financial,COF,30990,6141.0,crosswalk
0000927653,MCKESSON CORP,mckesson,MCK,7171,5122.0,crosswalk
0000928054,FLOTEK INDUSTRIES INC,flotek industries,FTK,28347,2810.0,crosswalk
0000928465,AMCON DISTRIBUTING CO,amcon distributing,DIT,61122,5190.0,crosswalk
0000928576,MIDAMERICAN ENERGY CO,midamerican energy,,65298,4931.0,crosswalk
0000928658,COVENANT LOGISTICS GROUP INC,covenant logistics,CVTI,30877,4213.0,crosswalk
0000929008,WESCO INTL INC,wesco intl,WCC,120444,5063.0,crosswalk
0000929351,STARZ ENTERTAINMENT CORP,starz entertainment,LGF,51514,7812.0,crosswalk
0000930236,REDWOOD TRUST INC,redwood trust,RWT,61129,6798.0,crosswalk
0000930420,KFORCE INC,kforce,KFRC,61179,7363.0,crosswalk
0000931015,POLARIS INC,polaris,PII,14311,3790.0,crosswalk
0000931148,GRAFTECH INTERNATIONAL LTD,graftech international,GTI,61153,3620.0,crosswalk
0000931182,ERP OPERATING LTD PARTNERSHIP,erp operating ltd partnership,,,,sec_header
0000932021,GLOBAL TECHNOLOGIES LTD,global technologies,GTLL,31588,3663.0,crosswalk
0000932696,INSIGHT ENTERPRISES INC,insight enterprises,NSIT,31453,5045.0,crosswalk
0000932781,FIRST COMMUNITY CORP/SC,first community corpsc,FCCO,112295,6020.0,crosswalk
0000933034,STRATTEC SECURITY CORP,strattec security,STRT,31567,3714.0,crosswalk
0000933036,UPBOUND GROUP INC,upbound,RCII,31460,7350.0,crosswalk
0000933136,MR COOPER GROUP INC,mr cooper,WM,13888,6162.0,crosswalk
0000933738,ENGLOBAL CORP,englobal,ENG,61971,1311.0,crosswalk
0000933972,374WATER INC,374water,PWVI,62819,3580.0,crosswalk
0000933974,AZENTA INC,azenta,BRKS,31477,8731.0,crosswalk
0000934549,ACACIA RESEARCH CORP,acacia research,ACTG,61004,6794.0,crosswalk
0000934796,NETWORK CN INC,network cn,NWCN,66276,7310.0,crosswalk
0000935036,ACI WORLDWIDE INC,aci worldwide,ACIW,31564,7370.0,crosswalk
0000935703,DOLLAR TREE INC,dollar tree,DLTR,31587,5331.0,crosswalk
0000936395,CIENA CORP,ciena,CIEN,64356,3661.0,crosswalk
0000936468,LOCKHEED MARTIN CORP,lockheed martin,LMT,6774,3760.0,crosswalk
0000936528,WAFD INC,wafd,WAFD,17145,6020.0,crosswalk
0000937098,TRINET GROUP INC,trinet,,140988,8742.0,crosswalk
0000937556,MASIMO CORP,masimo,MASI,177881,3845.0,crosswalk
0000937834,METROPOLITAN LIFE INSURANCE,metropolitan life insurance,,20477,6311.0,crosswalk
0000939767,EXELIXIS INC,exelixis,EXEL,133885,2836.0,crosswalk
0000940942,HUB GROUP INC  -CL A,hub group inc cl a,HUBG,62378,4731.0,crosswalk
0000940944,DARDEN RESTAURANTS INC,darden restaurants,DRI,31846,5812.0,crosswalk
0000943452,WABTEC CORP,wabtec,WAB,60979,3743.0,crosswalk
0000943535,WORLD HEALTH ENERGY HOLDINGS,world health energy,,36430,7370.0,crosswalk
0000943819,RESMED INC,resmed,RMD,31887,3845.0,crosswalk
0000944148,CBIZ INC,cbiz,CBZ,31752,8721.0,crosswalk
0000944695,HANOVER INSURANCE GROUP INC,hanover insurance,THG,61408,6331.0,crosswalk
0000945114,GLOBAL INDUSTRIAL CO,global industrial,SYX,60931,5090.0,crosswalk
0000945384,SMS ALTERNATIVES INC,sms alternatives,,61068,7371.0,crosswalk
0000945394,SERVICE PROPERTIES TRUST,service properties trust,HPT,61188,6798.0,crosswalk
0000945841,POOL CORP,pool,POOL,61420,5090.0,crosswalk
0000945983,CLIMB GLOBAL SOLUTIONS INC,climb global solutions,WSTG,61028,5045.0,crosswalk
0000945989,ASTEA INTERNATIONAL INC,astea international,,61069,7372.0,crosswalk
0000946486,WINDTREE THERAPEUTICS INC,windtree therapeutics,DSCO,61140,2836.0,crosswalk
0000946581,TAKE-TWO INTERACTIVE SFTWR,taketwo interactive sftwr,TTWO,64630,7372.0,crosswalk
0000946673,BANNER CORP,banner,BANR,61487,6020.0,crosswalk
0000947484,ARCH CAPITAL GROUP LTD,arch capital,ACGL,61302,6331.0,crosswalk
0000947559,FIRST BANCSHARES INC/MS,first bancshares incms,FBMS,152049,6020.0,crosswalk
0000948320,LIFEMD INC,lifemd,,25472,8090.0,crosswalk
0000948708,SMITH MICRO SOFTWARE INC,smith micro software,SMSI,61321,7372.0,crosswalk
0000949039,DIAMOND OFFSHRE DRILLING INC,diamond offshre drilling,DO,61409,1381.0,crosswalk
0000949158,CRAY INC,cray,,61350,3571.0,crosswalk
0000949858,ACHIEVE LIFE SCIENCES INC,achieve life sciences,SNUS,32271,2834.0,crosswalk
0000949870,BOSTON BEER INC  -CL A,boston beer inc cl a,SAM,61581,2082.0,crosswalk
0001000045,OLD MARKET CAPITAL CORP,old market capital,NICK,65365,4899.0,crosswalk
0001000209,MEDALLION FINANCIAL CORP,medallion financial,TAXI,62919,6159.0,crosswalk
0001000228,HENRY SCHEIN INC,henry schein,HSIC,61494,5047.0,crosswalk
0001000230,OPTICAL CABLE CORP,optical cable,OCCF,62553,3357.0,crosswalk
0001000623,MATIV HOLDINGS INC,mativ,SWM,61519,2800.0,crosswalk
0001000694,NOVAVAX INC,novavax,NVAX,61655,2836.0,crosswalk
0001000697,WATERS CORP,waters,WAT,61574,3826.0,crosswalk
0001000753,INSPERITY INC,insperity,NSP,64302,7363.0,crosswalk
0001001082,DISH NETWORK CORP,dish network,DISH,60900,4841.0,crosswalk
0001001233,SANGAMO THERAPEUTICS INC,sangamo therapeutics,SGMO,133871,2836.0,crosswalk
0001001250,ESTEE LAUDER COMPANIES INC,estee lauder companies,EL,61567,2844.0,crosswalk
0001001316,TG THERAPEUTICS INC,tg therapeutics,TGTX,61711,2834.0,crosswalk
0001001614,RILEY EXPL PERMIAN INC,riley expl permian,,34183,1311.0,crosswalk
0001001838,SOUTHERN COPPER CORP,southern copper,SCCO,61811,1000.0,crosswalk
0001001902,INTEVAC INC,intevac,IVAC,61587,3559.0,crosswalk
0001001907,ASTROTECH CORP,astrotech,ASTC,61766,3829.0,crosswalk
0001002047,NETAPP INC,netapp,NTAP,61591,3572.0,crosswalk
0001002517,NUANCE COMMUNICATIONS INC,nuance communications,,61685,7372.0,crosswalk
0001002638,OPEN TEXT CORP,open text,,61870,7370.0,crosswalk
0001002910,AMEREN CORP,ameren,AEE,10860,4931.0,crosswalk
0001003078,MSC INDUSTRIAL DIRECT  -CL A,msc industrial direct cl a,MSM,61732,5084.0,crosswalk
0001003815,BCTC IV ASSIGNOR CORP,bctc iv assignor,,,,sec_header
0001004036,TANGER PROPERTIES LTD PARTNERSHIP /NC/,tanger properties ltd partnership nc,,,,sec_header
0001004155,SOUTHERN CO GAS,southern co gas,GAS,1837,4924.0,crosswalk
0001004434,AFFILIATED MANAGERS GRP INC,affiliated managers grp,AMG,65886,6282.0,crosswalk
0001004702,OCEANFIRST FINANCIAL CORP,oceanfirst financial,OCFC,63232,6020.0,crosswalk
0001004980,PG&E CORP,pge,PCG,8264,4931.0,crosswalk
0001004989,SPAR GROUP INC,spar,SGRP,62302,7389.0,crosswalk
0001005210,SUBURBAN PROPANE PRTNRS  -LP,suburban propane prtnrs lp,SPH,62501,5900.0,crosswalk
0001005229,COLUMBUS MCKINNON CORP,columbus mckinnon,CMCO,62221,3530.0,crosswalk
0001005731,IDT CORP,idt,IDT,62396,4813.0,crosswalk
0001005757,CSG SYSTEMS INTL INC,csg systems intl,CSGS,62266,7374.0,crosswalk
0001005817,TOMPKINS FINANCIAL CORP,tompkins financial,TMP,17240,6020.0,crosswalk
0001006281,PROTALIX BIOTHERAPEUTICS INC,protalix biotherapeutics,OTIX,62592,2836.0,crosswalk
0001006837,INNOVATE CORP,innovate,,63952,3440.0,crosswalk
0001008586,STREAMLINE HEALTH SOLUTIONS,streamline health solutions,STRM,62666,7373.0,crosswalk
0001009759,CAPSTONE GREEN ENRGY HLD INC,capstone green enrgy hld,,137373,3510.0,crosswalk
0001010086,SIGA TECHNOLOGIES INC,siga technologies,SIGA,65376,2834.0,crosswalk
0001010612,SYKES ENTERPRISES INC,sykes enterprises,,62732,7374.0,crosswalk
0001011006,ALTABA INC,altaba,,62634,7370.0,crosswalk
0001011060,NORDICUS PARTNERS CORP,nordicus partners,ASNB,63029,3842.0,crosswalk
0001011659,MUFG AMERICAS HOLDINGS CORP,mufg americas,,2620,6020.0,crosswalk
0001012100,SEALED AIR CORP,sealed air,,9555,3081.0,crosswalk
0001012477,AVADEL PHARMACEUTICALS PLC,avadel pharmaceuticals,FLML,63005,2834.0,crosswalk
0001013237,FACTSET RESEARCH SYSTEMS INC,factset research systems,FDS,63172,7370.0,crosswalk
0001013462,ANSYS INC,ansys,ANSS,63080,7372.0,crosswalk
0001013488,BJ'S RESTAURANTS INC,bjs restaurants,BJRI,63739,5812.0,crosswalk
0001013857,PEGASYSTEMS INC,pegasystems,PEGA,63290,7372.0,crosswalk
0001013871,NRG ENERGY INC,nrg energy,NRG,135990,4911.0,crosswalk
0001013880,TTEC HOLDINGS INC,ttec,TTEC,63417,7389.0,crosswalk
0001013934,STRATEGIC EDUCATION INC,strategic education,STRA,63338,8200.0,crosswalk
0001014052,DIGERATI TECHNOLOGIES INC,digerati technologies,,105364,4899.0,crosswalk
0001014473,VERISIGN INC,verisign,VRSN,66368,7370.0,crosswalk
0001014739,OPTION CARE HEALTH INC,option care health,BIOS,35543,8090.0,crosswalk
0001014763,AINOS INC,ainos,AMAR,63446,2836.0,crosswalk
0001015155,CHARLES & COLVARD LTD,charles colvard,,65850,3290.0,crosswalk
0001015328,WINTRUST FINANCIAL CORP,wintrust financial,WTFC,63781,6020.0,crosswalk
0001015383,OUTDOOR HOLDING CO,outdoor,RTRO,36153,3480.0,crosswalk
0001016125,ULTIMATE SOFTWARE GROUP INC,ultimate software,,111064,7372.0,crosswalk
0001017110,GENETHERA INC,genethera,,106781,2835.0,crosswalk
0001017303,TRANSACT TECHNOLOGIES INC,transact technologies,TACT,63520,3577.0,crosswalk
0001017480,HIBBETT INC,hibbett,HIBB,63763,5940.0,crosswalk
0001018164,WILLIS LEASE FINANCE CORP,willis lease finance,WLFC,63596,7359.0,crosswalk
0001018399,ENTERPRISE BANCORP INC/MA,enterprise bancorp incma,EBTC,118525,6020.0,crosswalk
0001018724,AMAZON.COM INC,amazoncom,AMZN,64768,5961.0,crosswalk
0001018840,ABERCROMBIE & FITCH  -CL A,abercrombie fitch cl a,ANF,63643,5651.0,crosswalk
0001019034,BIO-KEY INTERNATIONAL INC,biokey international,BKYI,64645,3829.0,crosswalk
0001019849,PENSKE AUTOMOTIVE GROUP INC,penske automotive,PAG,63847,5500.0,crosswalk
0001020569,IRON MOUNTAIN INC,iron mountain,IRM,62374,6798.0,crosswalk
0001020859,UNITED NATURAL FOODS INC,united natural foods,UNFI,63927,5140.0,crosswalk
0001021096,TROIKA MEDIA GROUP INC,troika media,,23563,7310.0,crosswalk
0001021561,NU SKIN ENTERPRISES  -CL A,nu skin enterprises cl a,NUS,64028,2844.0,crosswalk
0001021604,ON TRACK INNOVATIONS,on track innovations,,252614,3577.0,crosswalk
0001021635,OGE ENERGY CORP,oge energy,OGE,8113,4931.0,crosswalk
0001021860,NOV INC,nov,NOV,63892,3533.0,crosswalk
0001022079,QUEST DIAGNOSTICS INC,quest diagnostics,DGX,64166,8071.0,crosswalk
0001022321,GENESIS ENERGY  -LP,genesis energy lp,GEL,64063,5172.0,crosswalk
0001022344,SIMON PROPERTY GROUP L P /DE/,simon property group l p de,,,,sec_header
0001022408,EPLUS INC,eplus,PLUS,63986,5045.0,crosswalk
0001022505,SIDECHANNEL INC,sidechannel,NSCT,64077,7372.0,crosswalk
0001022652,INSEEGO CORP,inseego,NVTL,141178,3661.0,crosswalk
0001023313,FORRESTER RESEARCH INC,forrester research,FORR,64061,8700.0,crosswalk
0001023459,SIMULATIONS PLUS INC,simulations plus,SLP,64929,7372.0,crosswalk
0001023731,8X8 INC,8x8,EGHT,65021,7370.0,crosswalk
0001023994,OLENOX INDUSTRIES INC,olenox industries,CSDI,194655,3440.0,crosswalk
0001024305,COTY INC,coty,COTY,12151,2844.0,crosswalk
0001024478,ROCKWELL AUTOMATION,rockwell automation,ROK,9203,3620.0,crosswalk
0001024795,HELIOS TECHNOLOGIES INC,helios technologies,SNHY,64254,3490.0,crosswalk
0001025378,W P CAREY INC,w p carey,WPC,66354,6798.0,crosswalk
0001025835,ENTERPRISE FINL SERVICES CP,enterprise finl services cp,EFSC,117141,6020.0,crosswalk
0001025996,KILROY REALTY CORP,kilroy realty,KRC,64306,6798.0,crosswalk
0001026214,FEDERAL HOME LOAN MORTG CORP,federal home loan mortg,FMCC,15208,6111.0,crosswalk
0001026655,CORE MOLDING TECHNOLOGIES,core molding technologies,CMT,14794,3089.0,crosswalk
0001028215,KMG CHEMICALS INC,kmg chemicals,,64848,2860.0,crosswalk
0001028918,PACIFIC PREMIER BANCORP INC,pacific premier bancorp,PPBI,64979,6020.0,crosswalk
0001029142,DYNAVAX TECHNOLOGIES CORP,dynavax technologies,DVAX,141496,2836.0,crosswalk
0001029744,SONIC FOUNDRY INC,sonic foundry,,109186,7372.0,crosswalk
0001030469,OFG BANCORP,ofg bancorp,OFG,16981,6020.0,crosswalk
0001030894,CELESTICA INC,celestica,,112158,3674.0,crosswalk
0001031029,STARTEK INC,startek,,298036,7389.0,crosswalk
0001031203,GROUP 1 AUTOMOTIVE INC,group 1 automotive,GPI,65718,5500.0,crosswalk
0001031296,FIRSTENERGY CORP,firstenergy,FE,8099,4911.0,crosswalk
0001031308,BENTLEY SYSTEMS INC,bentley systems,,37076,7370.0,crosswalk
0001032033,SLM CORP,slm,SLM,20430,6141.0,crosswalk
0001032208,SEMPRA ENERGY,sempra energy,SRE,8272,4923.0,crosswalk
0001032220,MAXIMUS INC,maximus,MMS,64901,7389.0,crosswalk
0001032975,LOGITECH INTERNATIONAL SA,logitech international sa,LOGI,102696,3577.0,crosswalk
0001033128,FIRST INDUSTRIAL LP,first industrial lp,,,,sec_header
0001034054,SBA COMMUNICATIONS CORP,sba communications,SBAC,121382,6798.0,crosswalk
0001034670,AUTOLIV INC,autoliv,ALV,64690,3714.0,crosswalk
0001034760,WIDEPOINT CORP,widepoint,WDPT,62057,7370.0,crosswalk
0001034842,RIGEL PHARMACEUTICALS INC,rigel pharmaceuticals,RIGL,133468,2834.0,crosswalk
0001035002,VALERO ENERGY CORP,valero energy,VLO,15247,2911.0,crosswalk
0001035092,SHORE BANCSHARES INC,shore bancshares,SHBI,143153,6020.0,crosswalk
0001035267,INTUITIVE SURGICAL INC,intuitive surgical,ISRG,136725,3845.0,crosswalk
0001035443,ALEXANDRIA R E EQUITIES INC,alexandria r e equities,ARE,64821,6798.0,crosswalk
0001035748,CALLIDUS SOFTWARE INC,callidus software,,156613,7372.0,crosswalk
0001035976,FNCB BANCORP INC,fncb bancorp,FNCB,113978,6020.0,crosswalk
0001036044,IDENTIV INC,identiv,INVE,65552,3577.0,crosswalk
0001036188,QAD INC,qad,,65226,7370.0,crosswalk
0001036262,INTEST CORP,intest,INTT,64915,3825.0,crosswalk
0001036848,Aerocentury Corp,aerocentury,ACY,,7359.0,ticker_map
0001037016,NII HOLDINGS INC,nii,,140902,4812.0,crosswalk
0001037038,RALPH LAUREN CORP,ralph lauren,RL,64891,2300.0,crosswalk
0001037540,BXP INC,bxp,BXP,64925,6798.0,crosswalk
0001037646,METTLER-TOLEDO INTL INC,mettlertoledo intl,MTD,65772,3826.0,crosswalk
0001037676,ARCH RESOURCES INC,arch resources,ACI,14793,1220.0,crosswalk
0001037976,JONES LANG LASALLE INC,jones lang lasalle,JLL,65108,6531.0,crosswalk
0001038074,SILICON LABORATORIES INC,silicon laboratories,SLAB,133288,3674.0,crosswalk
0001038133,HESKA CORP,heska,,65011,2835.0,crosswalk
0001038357,PIONEER NATURAL RESOURCES CO,pioneer natural resources,PXD,14359,1311.0,crosswalk
0001038509,PRUCO LIFE INSURANCE OF NEW JERSEY,pruco life insurance of new jersey,,,,sec_header
0001038773,SMARTFINANCIAL INC,smartfinancial,CSBQ,26179,6020.0,crosswalk
0001039280,NETSOL TECHNOLOGIES INC,netsol technologies,NTWK,107446,7372.0,crosswalk
0001039399,FORMFACTOR INC,formfactor,FORM,148390,3825.0,crosswalk
0001039466,NOVACCESS GLOBAL INC,novaccess global,XSNX,113822,2836.0,crosswalk
0001039828,AMERICAN NATIONAL GROUP INC,american national,AEL,156383,6311.0,crosswalk
0001040130,PETMED EXPRESS INC,petmed express,PETS,65406,5912.0,crosswalk
0001040161,PIXELWORKS INC,pixelworks,PXLW,135044,3674.0,crosswalk
0001040426,SYNTEL INC,syntel,,65270,7370.0,crosswalk
0001040470,AEHR TEST SYSTEMS,aehr test systems,AEHR,65286,3825.0,crosswalk
0001040765,VORNADO REALTY 7.875 PUB INC,vornado realty 7875 pub,,183674,6798.0,crosswalk
0001040792,HELIOS AND MATHESON ANALYTIC,helios and matheson analytic,,65247,7370.0,crosswalk
0001040829,RYMAN HOSPITALITY PPTYS INC,ryman hospitality pptys,RHP,24620,6798.0,crosswalk
0001040896,INTELLICHECK INC,intellicheck,IDN,126020,7370.0,crosswalk
0001041024,ROCKWELL MEDICAL INC,rockwell medical,RMTI,66366,3842.0,crosswalk
0001041061,YUM BRANDS INC,yum brands,YUM,65417,5812.0,crosswalk
0001041368,RIVERVIEW BANCORP INC,riverview bancorp,RVSB,29061,6020.0,crosswalk
0001041514,LESAKA TECHNOLOGIES INC,lesaka technologies,UEPS,65540,7374.0,crosswalk
0001041657,URBAN ONE INC,urban one,ROIAK,120301,4832.0,crosswalk
0001041803,PRICESMART INC,pricesmart,PSMT,65343,5331.0,crosswalk
0001042046,AMERICAN FINANCIAL GROUP INC,american financial,AFG,8431,6331.0,crosswalk
0001042074,CYMABAY THERAPEUTICS INC,cymabay therapeutics,,19600,2836.0,crosswalk
0001042187,YUNHONG GREEN CTI LTD,yunhong green cti,CTIB,65765,3060.0,crosswalk
0001042418,INHIBITOR THERAPEUTICS INC,inhibitor therapeutics,CBTEQ,65703,2836.0,crosswalk
0001042642,DISH DBS CORP,dish dbs,,146206,4899.0,crosswalk
0001042729,MERCANTILE BANK CORP,mercantile bank,MBWM,65689,6020.0,crosswalk
0001042773,CENTERPOINT ENERGY RES CORP,centerpoint energy res,,145350,4923.0,crosswalk
0001042776,PIEDMONT OFFICE REALTY TRUST,piedmont office realty trust,PDM,146140,6798.0,crosswalk
0001043000,SONIDA SENIOR LIVING INC,sonida senior living,CSU,65732,8300.0,crosswalk
0001043121,BOSTON PROPERTIES LTD PARTNERSHIP,boston properties ltd partnership,,,,sec_header
0001043219,ANNALY CAPITAL MANAGEMENT,annaly capital management,NLY,65556,6798.0,crosswalk
0001043277,C H ROBINSON WORLDWIDE INC,c h robinson worldwide,CHRW,65609,4213.0,crosswalk
0001043337,STONERIDGE INC,stoneridge,SRI,65590,3679.0,crosswalk
0001043509,SONIC AUTOMOTIVE INC  -CL A,sonic automotive inc cl a,SAH,65831,5500.0,crosswalk
0001043604,JUNIPER NETWORKS INC,juniper networks,JNPR,121718,3576.0,crosswalk
0001043951,CAMPBELL FUND TRUST,campbell fund trust,,,,sec_header
0001043961,PRECIPIO INC,precipio,TBIO,32078,8071.0,crosswalk
0001044378,BIOCEPT INC,biocept,,19117,2835.0,crosswalk
0001044777,ONESPAN INC,onespan,VDSI,66686,3669.0,crosswalk
0001045425,RAIT FINANCIAL TRUST,rait financial trust,,66281,6798.0,crosswalk
0001045450,EPR PROPERTIES,epr properties,EPR,65710,6798.0,crosswalk
0001045810,NVIDIA CORP,nvidia,NVDA,117768,3674.0,crosswalk
0001046025,HERITAGE FINANCIAL CORP,heritage financial,HFWA,66285,6020.0,crosswalk
0001046050,TIMBERLAND BANCORP INC,timberland bancorp,TSBK,66286,6036.0,crosswalk
0001046102,RB GLOBAL INC,rb global,,65605,7389.0,crosswalk
0001046257,INGREDION INC,ingredion,INGR,66016,2040.0,crosswalk
0001046311,CHOICE HOTELS INTL INC,choice hotels intl,CHH,65615,6794.0,crosswalk
0001046327,REALNETWORKS INC,realnetworks,,65899,7370.0,crosswalk
0001046568,PERDOCEO EDUCATION CORP,perdoceo education,CECO,66379,8200.0,crosswalk
0001047122,RAYTHEON CO,raytheon,,8972,3812.0,crosswalk
0001047127,AMKOR TECHNOLOGY INC,amkor technology,AMKR,110039,3674.0,crosswalk
0001047166,United Rentals North America Inc,united rentals north america,URI,,7359.0,ticker_map
0001047340,FRESH DEL MONTE PRODUCE INC,fresh del monte produce,FDP,30443,100.0,crosswalk
0001047862,CONSOLIDATED EDISON INC,consolidated edison,ED,3413,4931.0,crosswalk
0001048286,MARRIOTT INTL INC,marriott intl,MAR,28930,7011.0,crosswalk
0001048477,BIOMARIN PHARMACEUTICAL INC,biomarin pharmaceutical,BMRN,122257,2836.0,crosswalk
0001048695,F5 INC,f5,FFIV,121077,7373.0,crosswalk
0001048911,FEDEX CORP,fedex,FDX,4598,4513.0,crosswalk
0001049011,KID CASTLE EDUCATIONAL CORP,kid castle educational,KDCE,109846,9995.0,crosswalk
0001049502,MKS INC,mks,MKSI,119275,3823.0,crosswalk
0001049521,MERCURY SYSTEMS INC,mercury systems,MRCY,66393,3674.0,crosswalk
0001049782,BROOKLINE BANCORP INC,brookline bancorp,BRKL,105670,6020.0,crosswalk
0001050377,PC CONNECTION INC,pc connection,PCCC,66586,5045.0,crosswalk
0001050441,EAGLE BANCORP INC/MD,eagle bancorp incmd,EGBN,111721,6020.0,crosswalk
0001050446,STRATEGY INC,strategy,MSTR,111534,7372.0,crosswalk
0001050915,QUANTA SERVICES INC,quanta services,PWR,66446,1731.0,crosswalk
0001051343,COMMUNITY WEST BANCSHRS -OLD,community west bancshrs old,CWBC,62646,6020.0,crosswalk
0001051470,CROWN CASTLE INC,crown castle,CCI,113490,6798.0,crosswalk
0001051512,TELEPHONE & DATA SYSTEMS INC,telephone data systems,TDS,10411,4812.0,crosswalk
0001051627,AXT INC,axt,AXTI,110760,3674.0,crosswalk
0001052054,SYMBOLIC LOGIC INC,symbolic logic,,110529,7371.0,crosswalk
0001052354,MAN AHL DIVERSIFIED I LP,man ahl diversified i lp,,,,sec_header
0001052595,RED LION HOTELS CORP,red lion hotels,,109079,7011.0,crosswalk
0001052752,GETTY REALTY CORP,getty realty,GTY,5149,6798.0,crosswalk
0001053059,ESSEX PORTFOLIO LP,essex portfolio lp,,,,sec_header
0001053352,HERITAGE COMMERCE CORP,heritage commerce,HTBK,109599,6020.0,crosswalk
0001053369,ELITE PHARMACEUTICALS INC,elite pharmaceuticals,ELTP,106261,2834.0,crosswalk
0001053374,IPASS INC,ipass,,153728,7370.0,crosswalk
0001053507,AMERICAN TOWER CORP,american tower,AMT,105365,6798.0,crosswalk
0001053691,CERVOMED INC,cervomed,SMDI,26809,2836.0,crosswalk
0001053706,CRA INTERNATIONAL INC,cra international,CRAI,109919,8111.0,crosswalk
0001054721,BSQUARE CORP,bsquare,,125274,5045.0,crosswalk
0001054905,INNOSPEC INC,innospec,OTL,110566,2810.0,crosswalk
0001055726,INOVIO PHARMACEUTICALS INC,inovio pharmaceuticals,GEB,66697,2836.0,crosswalk
0001056285,BRAND HOUSE COLLECTIVE INC,brand house collective,KIRK,148391,5700.0,crosswalk
0001056288,FEDERATED HERMES INC,federated hermes,FII,66731,6282.0,crosswalk
0001056358,MANNATECH INC,mannatech,MTEX,112968,2834.0,crosswalk
0001056386,INTERNAP CORP,internap,,124358,7374.0,crosswalk
0001056696,MANHATTAN ASSOCIATES INC,manhattan associates,MANH,109826,7373.0,crosswalk
0001056903,AMERICAN STATES WATER CO,american states water,AWR,9849,4941.0,crosswalk
0001056943,PEOPLES FINANCIAL SERVICES,peoples financial services,PFIS,66394,6020.0,crosswalk
0001057060,MARINEMAX INC,marinemax,HZO,111103,5500.0,crosswalk
0001057352,COSTAR GROUP INC,costar,CSGP,112111,7370.0,crosswalk
0001057379,HACKETT GROUP INC,hackett,ANSR,111000,8742.0,crosswalk
0001057706,FIRST BANCORP P R,first bancorp p r,FBP,16821,6020.0,crosswalk
0001058090,CHIPOTLE MEXICAN GRILL INC,chipotle mexican grill,CMG,165914,5812.0,crosswalk
0001058290,COGNIZANT TECH SOLUTIONS,cognizant tech solutions,CTSH,111864,7370.0,crosswalk
0001058623,CUMULUS MEDIA INC,cumulus media,CMLS,112030,4832.0,crosswalk
0001058867,GUARANTY BANCSHARES INC,guaranty bancshares,GNTY,31265,6020.0,crosswalk
0001059142,GREYSTONE HSG IMPT INVTS LP,greystone hsg impt invts lp,ATAXZ,16641,6799.0,crosswalk
0001059556,MOODY'S CORP,moodys,MCO,139665,7323.0,crosswalk
0001060349,GAMCO INVESTORS INC,gamco investors,,118264,6282.0,crosswalk
0001060386,"BRANDYWINE OPERATING PARTNERSHIP, L.P.",brandywine operating partnership lp,,,,sec_header
0001060822,CARTER'S INC,carters,CRI,150278,2300.0,crosswalk
0001061937,HOST HOTELS & RESORTS LP,host hotels resorts lp,,260996,6798.0,crosswalk
0001062231,DAUCH CORP,dauch,AXL,117861,3714.0,crosswalk
0001063761,SIMON PROPERTY GROUP INC,simon property,SPG,29389,6798.0,crosswalk
0001064722,GIVEMEPOWER CORP,givemepower,,66589,6500.0,crosswalk
0001064728,PEABODY ENERGY CORP,peabody energy,BTU,142460,1220.0,crosswalk
0001065059,CENTRUS ENERGY CORP,centrus energy,USU,112759,2810.0,crosswalk
0001065078,NETWORK-1 TECHNOLOGIES INC,network1 technologies,NTIP,115831,6794.0,crosswalk
0001065088,EBAY INC,ebay,EBAY,114524,5961.0,crosswalk
0001065280,NETFLIX INC,netflix,NFLX,147579,7841.0,crosswalk
0001065696,LKQ CORP,lkq,LKQ,155394,5010.0,crosswalk
0001066194,EGAIN CORP,egain,EGAN,124036,7372.0,crosswalk
0001066247,REGENCY CENTERS LP,regency centers lp,,,,sec_header
0001066605,HEIDRICK & STRUGGLES INTL,heidrick struggles intl,HSII,120048,7361.0,crosswalk
0001066656,Ceres Classic L.P.,ceres classic lp,,,,sec_header
0001066764,BIMERGEN ENERGY CORP,bimergen energy,NWMV,116025,7359.0,crosswalk
0001066923,FUTURE FINTECH GROUP INC,future fintech,SPU,149379,6159.0,crosswalk
0001067294,CRACKER BARREL OLD CTRY STOR,cracker barrel old ctry stor,CBRL,3570,5812.0,crosswalk
0001067701,UNITED RENTALS INC,united rentals,URI,66065,7350.0,crosswalk
0001068689,DATA443 RISK MITIGATION INC,data443 risk mitigation,,114923,3060.0,crosswalk
0001068851,PROSPERITY BANCSHARES INC,prosperity bancshares,PRSP,115876,6020.0,crosswalk
0001069183,AXON ENTERPRISE INC,axon enterprise,TASR,143912,3480.0,crosswalk
0001069202,LENNOX INTERNATIONAL INC,lennox international,LII,122380,3585.0,crosswalk
0001069258,KRATOS DEFENSE & SECURITY,kratos defense security,KTOS,126056,7370.0,crosswalk
0001069530,FILANA THERAPEUTICS INC,filana therapeutics,PTIE,137642,2834.0,crosswalk
0001069533,RGC RESOURCES INC,rgc resources,RGCO,9171,4924.0,crosswalk
0001069899,PHIBRO ANIMAL HEALTH CORP,phibro animal health,,20115,2833.0,crosswalk
0001070081,PTC THERAPEUTICS INC,ptc therapeutics,PTCT,174134,2836.0,crosswalk
0001070154,STERLING BANCORP,sterling bancorp,,117161,6020.0,crosswalk
0001070235,BLACKBERRY LTD,blackberry,,65986,7372.0,crosswalk
0001070423,PLAINS ALL AMER PIPELNE  -LP,plains all amer pipelne lp,PAA,116029,5171.0,crosswalk
0001070494,ACADIA PHARMACEUTICALS INC,acadia pharmaceuticals,ACAD,141846,2836.0,crosswalk
0001070750,HOST HOTELS & RESORTS INC,host hotels resorts,HST,7063,6798.0,crosswalk
0001070985,CORECIVIC INC,corecivic,CXW,65084,6512.0,crosswalk
0001071739,CENTENE CORP,centene,CNC,145552,6324.0,crosswalk
0001071840,SOLARWINDOW TECHNOLOGIES INC,solarwindow technologies,,122229,3674.0,crosswalk
0001073349,BOTTOMLINE TECHNOLOGIES INC,bottomline technologies,,118223,7370.0,crosswalk
0001073489,CARDXX INC,cardxx,,107009,3577.0,crosswalk
0001074828,USBC INC,usbc,VSUL,166430,3845.0,crosswalk
0001075415,DIVERSIFIED HEALTHCARE TRUST,diversified healthcare trust,SNH,124046,6798.0,crosswalk
0001075531,BOOKING HOLDINGS INC,booking,PCLN,119314,4700.0,crosswalk
0001075736,CREXENDO INC,crexendo,EXE,111629,7370.0,crosswalk
0001076481,SEQUENOM INC,sequenom,,128663,8071.0,crosswalk
0001076930,NOVANTA INC,novanta,GSIG,61356,3679.0,crosswalk
0001077183,NEOGENOMICS INC,neogenomics,NEO,125794,8071.0,crosswalk
0001077428,TEXAS CAPITAL BANCSHARES INC,texas capital bancshares,TCBI,150306,6020.0,crosswalk
0001078075,NETSCOUT SYSTEMS INC,netscout systems,NTCT,122902,7373.0,crosswalk
0001078207,BOWFLEX INC,bowflex,NLS,27760,3949.0,crosswalk
0001078271,EXTREME NETWORKS INC,extreme networks,EXTR,119574,3576.0,crosswalk
0001080014,INNOVIVA INC,innoviva,THRX,160668,2836.0,crosswalk
0001080319,ELYS BMG GROUP INC,elys bmg,,264281,6200.0,crosswalk
0001080657,PRESIDIO PROPERTY TRUST INC,presidio property trust,,36500,6798.0,crosswalk
0001081316,BERKSHIRE HATHAWAY ENERGY CO,berkshire hathaway energy,,13427,4991.0,crosswalk
0001081745,INTELLINETICS INC,intellinetics,GWIV,170756,7372.0,crosswalk
0001081938,CANNAPHARMARX INC,cannapharmarx,CCVR,23490,2834.0,crosswalk
0001082324,VIRNETX HOLDING CORP,virnetx,PASW,122175,7372.0,crosswalk
0001082554,UNITED THERAPEUTICS CORP,united therapeutics,UTHR,121440,2834.0,crosswalk
0001082733,VISIUM TECHNOLOGIES INC,visium technologies,PWRI,125602,7370.0,crosswalk
0001083220,XCEL BRANDS INC,xcel brands,NFBH,189757,5961.0,crosswalk
0001083301,TERAWULF INC,terawulf,IKNX,40413,7370.0,crosswalk
0001083446,ASTRANA HEALTH INC,astrana health,AMEH,32809,8090.0,crosswalk
0001083743,FLUX POWER HOLDINGS INC,flux power,,11703,3690.0,crosswalk
0001084048,ZIFF DAVIS INC,ziff davis,JCOM,122172,7370.0,crosswalk
0001084267,MOBIQUITY TECHNOLOGIES INC,mobiquity technologies,MOBQ,163850,7310.0,crosswalk
0001084370,BCII ENTERPRISES INC,bcii enterprises,,62853,7310.0,crosswalk
0001084384,PARETEUM CORP,pareteum,,108348,7370.0,crosswalk
0001084475,VIDEO RIVER NETWORKS INC,video river networks,NIHK,29772,3669.0,crosswalk
0001084554,LIGHTBRIDGE CORP,lightbridge,LTBR,140982,2860.0,crosswalk
0001084577,CYREN LTD,cyren,,121793,7370.0,crosswalk
0001084765,RESOURCES CONNECTION INC,resources connection,RECN,141359,8742.0,crosswalk
0001084869,1-800-FLOWERS.COM,1800flowerscom,FLWS,122519,5961.0,crosswalk
0001085392,PUGET ENERGY INC,puget energy,PSD,8818,4931.0,crosswalk
0001085869,PERFICIENT INC,perficient,PRFT,122394,7370.0,crosswalk
0001086222,AKAMAI TECHNOLOGIES INC,akamai technologies,AKAM,125595,7370.0,crosswalk
0001086600,ALLIANCE RESOURCE PTNRS  -LP,alliance resource ptnrs lp,ARLP,122915,1220.0,crosswalk
0001086745,STABLEX TECHNOLOGIES INC,stablex technologies,WPCS,36535,3711.0,crosswalk
0001087294,CUMBERLAND PHARMACEUTICALS,cumberland pharmaceuticals,CPIX,178097,2834.0,crosswalk
0001087934,INCONTACT INC,incontact,,66268,7370.0,crosswalk
0001088034,USIO INC,usio,PYDS,116209,6099.0,crosswalk
0001088413,GREYSTONE LOGISTICS INC,greystone logistics,GLGI,31337,3089.0,crosswalk
0001089063,DICKS SPORTING GOODS INC,dicks sporting goods,DKS,150139,5940.0,crosswalk
0001089143,COLLECTORS UNIVERSE INC,collectors universe,,125975,7389.0,crosswalk
0001089511,ALASKA COMMUNICATIONS SYS GP,alaska communications sys gp,,126555,4813.0,crosswalk
0001089748,HUNTSMAN INTERNATIONAL LLC,huntsman international,,148256,2800.0,crosswalk
0001089815,ELITE HEALTH SYSTEMS INC,elite health systems,USNU,124395,6324.0,crosswalk
0001089819,CLECO CORP,cleco,CNL,2859,4911.0,crosswalk
0001089872,GAIA INC,gaia,GAIA,125601,7370.0,crosswalk
0001090009,SOUTHERN FIRST BANKSHARES,southern first bankshares,SFST,125580,6020.0,crosswalk
0001090012,DEVON ENERGY CORP,devon energy,DVN,14934,1311.0,crosswalk
0001090727,UNITED PARCEL SERVICE INC,united parcel service,UPS,10920,4210.0,crosswalk
0001090872,AGILENT TECHNOLOGIES INC,agilent technologies,A,126554,3826.0,crosswalk
0001091667,CHARTER COMMUNICATIONS INC,charter communications,CHTR,126136,4841.0,crosswalk
0001091748,ARGO GROUP INTL HOLDINGS LTD,argo group intl,AGII,15364,6351.0,crosswalk
0001091983,FOREVERGREEN WORLDWIDE CORP,forevergreen worldwide,,118261,2000.0,crosswalk
0001092699,SPS COMMERCE INC,sps commerce,SPSC,183974,7370.0,crosswalk
0001093557,DEXCOM INC,dexcom,DXCM,162887,3845.0,crosswalk
0001093691,PLUG POWER INC,plug power,PLUG,125604,3674.0,crosswalk
0001094093,PROGRESS ENERGY INC,progress energy,PGN,2783,4911.0,crosswalk
0001094285,TELEDYNE TECHNOLOGIES INC,teledyne technologies,TDY,126721,3812.0,crosswalk
0001094831,BGC GROUP INC,bgc,BGCP,127377,6211.0,crosswalk
0001095073,EVEREST GROUP LTD,everest,RE,61388,6331.0,crosswalk
0001095130,IOTA COMMUNICATIONS INC,iota communications,,34659,7370.0,crosswalk
0001095277,INTERSECTIONS INC,intersections,,157862,7323.0,crosswalk
0001095315,PFSWEB INC,pfsweb,,126718,7389.0,crosswalk
0001095565,HEALTHSTREAM INC,healthstream,HSTM,133766,7372.0,crosswalk
0001095981,PLUS THERAPEUTICS INC,plus therapeutics,CYTX,254096,2836.0,crosswalk
0001096275,WORKSPORT LTD,worksport,FNHI,35019,3714.0,crosswalk
0001096343,MARKEL GROUP INC,markel,MKL,12909,6331.0,crosswalk
0001096385,VECTREN CORP,vectren,,5918,4923.0,crosswalk
0001097149,ALIGN TECHNOLOGY INC,align technology,ALGN,141384,3843.0,crosswalk
0001097864,ON SEMICONDUCTOR CORP,on semiconductor,ONNN,134932,3674.0,crosswalk
0001098009,AMERICA GREAT HEALTH,america great health,,19317,2834.0,crosswalk
0001098151,FIDELITY D & D BANCORP INC,fidelity d d bancorp,FDBC,18182,6020.0,crosswalk
0001098296,MIDAMERICAN FUNDING LLC,midamerican funding,,13428,4931.0,crosswalk
0001098972,AGENUS INC,agenus,AGEN,129466,2834.0,crosswalk
0001099160,BEASLEY BROADCAST GROUP INC,beasley broadcast,BBGI,129823,4832.0,crosswalk
0001099219,METLIFE INC,metlife,MET,133768,6311.0,crosswalk
0001099590,MERCADOLIBRE INC,mercadolibre,MELI,178081,5960.0,crosswalk
0001099800,EDWARDS LIFESCIENCES CORP,edwards lifesciences,EW,133366,3842.0,crosswalk
0001100682,CHARLES RIVER LABS INTL INC,charles river labs intl,CRL,137131,8731.0,crosswalk
0001100778,AMERICAN FUNERAL SVCS CORP,american funeral svcs,,25233,6500.0,crosswalk
0001100917,ONVIA INC,onvia,,132482,7370.0,crosswalk
0001101215,BREAD FINANCIAL HOLDINGS INC,bread financial,ADS,143974,6141.0,crosswalk
0001101239,EQUINIX INC,equinix,EQIX,138743,6798.0,crosswalk
0001101302,ENTEGRIS INC,entegris,ENTG,137573,3559.0,crosswalk
0001101396,DELTA APPAREL INC,delta apparel,,137432,2300.0,crosswalk
0001101433,QUOTEMEDIA INC,quotemedia,QMCI,29089,6200.0,crosswalk
0001101680,DZS INC,dzs,ZHNE,28071,3661.0,crosswalk
0001102266,CENTERSTATE BANK CORP,centerstate bank,,142088,6020.0,crosswalk
0001102934,CMC MATERIALS INC,cmc materials,,133726,2890.0,crosswalk
0001102942,INNOVAQOR INC,innovaqor,,145913,7372.0,crosswalk
0001102993,LIVEPERSON INC,liveperson,LPSN,133869,7370.0,crosswalk
0001103795,QS ENERGY INC,qs energy,STWA,115411,3533.0,crosswalk
0001103982,MONDELEZ INTERNATIONAL INC,mondelez international,MDLZ,142953,2052.0,crosswalk
0001104038,VERIFYME INC,verifyme,LLTI,141887,7373.0,crosswalk
0001104506,INSMED INC,insmed,INSM,136186,2836.0,crosswalk
0001104855,SUPPORT.COM INC,supportcom,,133825,7370.0,crosswalk
0001106213,SEAFARER EXPLORATION CORP,seafarer exploration,SFRX,141006,4400.0,crosswalk
0001106644,CHINA PHARMA HOLDINGS INC,china pharma,TSET,148239,2834.0,crosswalk
0001107280,OCULUS INC,oculus,USVO,108630,7373.0,crosswalk
0001107421,ALAUNOS THERAPEUTICS INC,alaunos therapeutics,ESWB,165215,2836.0,crosswalk
0001107843,QUALYS INC,qualys,QLYS,11745,7372.0,crosswalk
0001108109,COMMUNITY HEALTH SYSTEMS INC,community health systems,CYH,23714,8062.0,crosswalk
0001108134,BEACON FINANCIAL CORP,beacon financial,BHLB,74571,6020.0,crosswalk
0001108426,TXNM ENERGY INC,txnm energy,PNM,8807,4911.0,crosswalk
0001108524,SALESFORCE INC,salesforce,CRM,157855,7372.0,crosswalk
0001108630,LIVE CURRENT MEDIA INC,live current media,,135527,7370.0,crosswalk
0001108645,CORRELATE ENERGY CORP,correlate energy,FOSI,36845,8700.0,crosswalk
0001108967,ORBITAL INFRAS GROUP INC,orbital infras,,65675,1623.0,crosswalk
0001109116,ENTRAVISION COMMUNICATIONS,entravision communications,EVC,137943,7310.0,crosswalk
0001109354,BRUKER CORP,bruker,BRKR,138483,3826.0,crosswalk
0001109357,EXELON CORP,exelon,EXC,8539,4911.0,crosswalk
0001109448,ALLIANCEBERNSTEIN L.P.,alliancebernstein lp,,,,sec_header
0001110361,EROOMSYSTEM TECHNOLOGIES INC,eroomsystem technologies,,138342,3570.0,crosswalk
0001110611,ON24 INC,on24,,37787,7370.0,crosswalk
0001110803,ILLUMINA INC,illumina,ILMN,138205,3826.0,crosswalk
0001111335,VISTEON CORP,visteon,VC,136648,3714.0,crosswalk
0001113148,INFINITY PHARMACEUTICALS INC,infinity pharmaceuticals,,175533,2834.0,crosswalk
0001113169,PRICE (T. ROWE) GROUP,price t rowe,TROW,12138,6282.0,crosswalk
0001113232,AXCELIS TECHNOLOGIES INC,axcelis technologies,ACLS,137602,3559.0,crosswalk
0001113809,BUILD-A-BEAR WORKSHOP INC,buildabear workshop,BBW,161055,5945.0,crosswalk
0001114483,INTEGER HOLDINGS CORP,integer,GB,140073,3845.0,crosswalk
0001114925,LANTRONIX INC,lantronix,LTRX,138467,3576.0,crosswalk
0001114927,FIRST NORTHN CMNTY BANCORP,first northn cmnty bancorp,FNRN,62365,6020.0,crosswalk
0001115055,PINNACLE FINL PARTNERS INC,pinnacle finl partners,PNFP,139025,6020.0,crosswalk
0001115128,QUOTIENT TECHNOLOGY INC,quotient technology,,19747,7310.0,crosswalk
0001116132,TAPESTRY INC,tapestry,COH,140541,3100.0,crosswalk
0001116463,ORASURE TECHNOLOGIES INC,orasure technologies,OSUR,12915,2835.0,crosswalk
0001116942,TTM TECHNOLOGIES INC,ttm technologies,TTMI,139804,3672.0,crosswalk
0001117171,CBAK ENERGY TECHNOLOGY INC,cbak energy technology,CBAK,148772,3690.0,crosswalk
0001117297,QUINSTREET INC,quinstreet,QNST,184263,7310.0,crosswalk
0001117480,CHIMERIX INC,chimerix,CMRX,17498,2836.0,crosswalk
0001118417,MODEL N INC,model n,,17553,7370.0,crosswalk
0001119190,TAP REAL ESTATE TECHNOLO INC,tap real estate technolo,,157820,5030.0,crosswalk
0001120193,NASDAQ INC,nasdaq,NDAQ,149337,6200.0,crosswalk
0001120370,BROADWIND INC,broadwind,TWRT,179249,3510.0,crosswalk
0001120914,PDF SOLUTIONS INC,pdf solutions,PDFS,144437,7370.0,crosswalk
0001120970,COMSTOCK INC,comstock,LODE,147183,2911.0,crosswalk
0001121142,MAXAR TECHNOLOGIES INC,maxar technologies,,137609,3663.0,crosswalk
0001121484,OIL STATES INTL INC,oil states intl,OIS,142260,3533.0,crosswalk
0001121702,YIELD10 BIOSCIENCE INC,yield10 bioscience,MBLX,175490,8731.0,crosswalk
0001121795,GHST WORLD INC,ghst world,GHST,180912,3663.0,crosswalk
0001122904,NETGEAR INC,netgear,NTGR,154039,3661.0,crosswalk
0001122976,AVIENT CORP,avient,POL,28194,2810.0,crosswalk
0001123360,GLOBAL PAYMENTS INC,global payments,GPN,141913,7374.0,crosswalk
0001123494,HARVARD BIOSCIENCE INC,harvard bioscience,HBIO,141469,3826.0,crosswalk
0001123852,NORTHERN STATES POWER CO /MN,northern states power co mn,,145273,4931.0,crosswalk
0001124105,GYRE THERAPEUTICS INC,gyre therapeutics,TRGT,25999,2836.0,crosswalk
0001124140,EXACT SCIENCES CORP,exact sciences,EXAS,141277,8731.0,crosswalk
0001124198,FLUOR CORP,fluor,FLR,4818,1600.0,crosswalk
0001124524,CRYOPORT INC,cryoport,CYRX,162146,3842.0,crosswalk
0001124610,VMWARE INC -CL A,vmware inc cl a,,178083,7373.0,crosswalk
0001124796,NLIGHT INC,nlight,,33420,3674.0,crosswalk
0001124804,VERADIGM INC,veradigm,,181104,7370.0,crosswalk
0001124941,BEACON ROOFING SUPPLY INC,beacon roofing supply,,160598,5030.0,crosswalk
0001125259,CARNIVAL CORP/PLC (GBR),carnival corpplc gbr,CUK,140821,4400.0,crosswalk
0001125345,MACROGENICS INC,macrogenics,MGNX,18658,2836.0,crosswalk
0001125376,ENSIGN GROUP INC,ensign,ENSG,178803,8051.0,crosswalk
0001125920,SHUTTERFLY INC,shutterfly,,175376,2731.0,crosswalk
0001126003,MBAK ENERGY SOLUTIONS INC,mbak energy solutions,,151908,8700.0,crosswalk
0001126115,LZG INTERNATIONAL INC,lzg international,,16494,7370.0,crosswalk
0001126328,PRINCIPAL FINANCIAL GRP INC,principal financial grp,PFG,145701,6282.0,crosswalk
0001126741,GSI TECHNOLOGY INC,gsi technology,GSIT,160213,3674.0,crosswalk
0001126956,SPIRE INC,spire,LG,6547,4924.0,crosswalk
0001127371,COMMUNITY WEST BANCSHARES,community west bancshares,CVCY,63224,6020.0,crosswalk
0001127475,DIGITAL BRAND MEDIA & MKTG,digital brand media mktg,,152686,7310.0,crosswalk
0001127537,PULMONX CORP,pulmonx,,36260,3841.0,crosswalk
0001127703,PROASSURANCE CORP,proassurance,PRA,24440,6331.0,crosswalk
0001128361,HOPE BANCORP INC,hope bancorp,BBCN,66235,6020.0,crosswalk
0001128725,INTERCLOUD SYSTEMS INC,intercloud systems,,186748,7370.0,crosswalk
0001128928,FLOWERS FOODS INC,flowers foods,FLO,4809,2050.0,crosswalk
0001129260,VOCERA COMMUNICATIONS INC,vocera communications,,187739,3663.0,crosswalk
0001129542,VECTREN UTILITY HOLDINGS INC,vectren utility,,146020,4931.0,crosswalk
0001130144,SIERRA BANCORP/CA,sierra bancorpca,BSRR,105538,6020.0,crosswalk
0001130310,CENTERPOINT ENERGY INC,centerpoint energy,CNP,5742,4931.0,crosswalk
0001130464,BLACK HILLS CORP,black hills,BKH,2259,4923.0,crosswalk
0001130713,BED BATH & BEYOND INC,bed bath beyond,OSTK,147868,5961.0,crosswalk
0001130781,BMP AI TECHNOLOGIES INC,bmp ai technologies,,147411,7812.0,crosswalk
0001131096,ATHENAHEALTH INC,athenahealth,,177930,7370.0,crosswalk
0001131554,SYNCHRONOSS TECHNOLOGIES,synchronoss technologies,SNCR,166593,7370.0,crosswalk
0001131903,SPECTRAL CAPITAL CORP,spectral capital,FSAC,153630,7370.0,crosswalk
0001132105,SPORTSMANS WAREHOUSE HLDGS,sportsmans warehouse hldgs,,16009,5940.0,crosswalk
0001132509,NEW MOMENTUM CORP,new momentum,,176730,4700.0,crosswalk
0001133311,TRAVELZOO,travelzoo,TZOO,149721,7370.0,crosswalk
0001133421,NORTHROP GRUMMAN CORP,northrop grumman,NOC,7985,3812.0,crosswalk
0001134115,INTERNATIONAL TOWER HILL MIN,international tower hill min,THM,107032,1000.0,crosswalk
0001135185,ATLAS AIR WORLDWIDE HLDG INC,atlas air worldwide hldg,,61155,4522.0,crosswalk
0001135971,PEPCO HOLDINGS INC,pepco,POM,8694,4911.0,crosswalk
0001136174,ONTRAK INC,ontrak,HYTM,150761,8060.0,crosswalk
0001136869,ZIMMER BIOMET HOLDINGS INC,zimmer biomet,ZMH,144559,3842.0,crosswalk
0001136893,FIDELITY NATIONAL INFO SVCS,fidelity national info svcs,FIS,165993,7374.0,crosswalk
0001137774,PRUDENTIAL FINANCIAL INC,prudential financial,PRU,143356,6311.0,crosswalk
0001137789,SEAGATE TECHNOLOGY HOLDINGS,seagate technology,STX,150937,3572.0,crosswalk
0001137883,BRAINSTORM CELL THERAPEUTICS,brainstorm cell therapeutics,BCLI,153957,2836.0,crosswalk
0001138118,CBRE GROUP INC,cbre,CBG,260774,6531.0,crosswalk
0001138476,PACIFIC HEALTH CARE ORG INC,pacific health care org,PHCO,66274,8090.0,crosswalk
0001138639,INFINERA CORP,infinera,INFN,177257,3661.0,crosswalk
0001138723,ACCURAY INC,accuray,ARAY,176670,3845.0,crosswalk
0001139614,WORDLOGIC CORP,wordlogic,,149459,7372.0,crosswalk
0001140102,HIREQUEST INC,hirequest,CCNI,35481,7363.0,crosswalk
0001140215,REEDS INC,reeds,REEDR,176378,2086.0,crosswalk
0001140536,WILLIS TOWERS WATSON PLC,willis towers watson,WSH,144009,6411.0,crosswalk
0001140859,CENCORA INC,cencora,ABC,31673,5122.0,crosswalk
0001141103,CROSS COUNTRY HEALTHCARE INC,cross country healthcare,CCRN,144396,7363.0,crosswalk
0001141284,ACTELIS NETWORKS INC,actelis networks,,41227,3669.0,crosswalk
0001141391,MASTERCARD INC,mastercard,MA,160225,7389.0,crosswalk
0001141688,LANDMARK BANCORP INC/KS,landmark bancorp incks,LARK,29946,6020.0,crosswalk
0001141788,HEALTH DISCOVERY CORP,health discovery,,145723,8731.0,crosswalk
0001141964,PUBLIC CO MANAGEMENT CORP,public co management,,156387,9995.0,crosswalk
0001142750,AMN HEALTHCARE SERVICES INC,amn healthcare services,AHS,144520,7363.0,crosswalk
0001144215,ACUITY INC,acuity,AYI,146017,3640.0,crosswalk
0001144879,APPLIED DIGITAL CORP,applied digital,,146738,7372.0,crosswalk
0001145197,INSULET CORP,insulet,PODD,177227,3845.0,crosswalk
0001145255,HENNESSY ADVISORS INC,hennessy advisors,HNNA,149906,6282.0,crosswalk
0001145765,GLOBAL MACRO TRUST,global macro trust,,,,sec_header
0001145986,ASPEN AEROGELS INC,aspen aerogels,,187550,2810.0,crosswalk
0001156039,ELEVANCE HEALTH INC,elevance health,WLP,145046,6324.0,crosswalk
0001156174,LAKE AREA CORN PROCESSRS LLC,lake area corn processrs,,35064,2860.0,crosswalk
0001156375,CME GROUP INC,cme,CME,149070,6200.0,crosswalk
0001157408,STRIDE INC,stride,LRN,178976,8200.0,crosswalk
0001157601,MADRIGAL PHARMACEUTICALS INC,madrigal pharmaceuticals,SNTA,27716,2834.0,crosswalk
0001157602,VITAE PHARMACEUTICALS INC,vitae pharmaceuticals,,21422,2836.0,crosswalk
0001157762,CHINA AUTOMOTIVE SYSTEMS INC,china automotive systems,CAAS,149683,3714.0,crosswalk
0001158114,APPLIED OPTOELECTRONICS INC,applied optoelectronics,AAOI,18564,3674.0,crosswalk
0001158172,COMSCORE INC,comscore,SCOR,177780,8742.0,crosswalk
0001158324,COGENT COMMUNICATIONS HLDGS,cogent communications hldgs,CCOI,147204,4813.0,crosswalk
0001158419,SPEEDEMISSIONS INC,speedemissions,,151848,7500.0,crosswalk
0001158449,ADVANCE AUTO PARTS INC,advance auto parts,AAP,145977,5531.0,crosswalk
0001158463,JETBLUE AIRWAYS CORP,jetblue airways,JBLU,147305,4512.0,crosswalk
0001158780,PLURI INC,pluri,PSTI,152008,2836.0,crosswalk
0001158895,LEMAITRE VASCULAR INC,lemaitre vascular,LMAT,174390,3841.0,crosswalk
0001159036,HALOZYME THERAPEUTICS INC,halozyme therapeutics,HALO,151630,2836.0,crosswalk
0001159167,IROBOT CORP,irobot,IRBT,164416,3990.0,crosswalk
0001160308,SAVARA INC,savara,ANX,31177,2834.0,crosswalk
0001160661,SOUTHERN POWER CO,southern power,,156820,4911.0,crosswalk
0001160951,DUCK CREEK TECHNOL INC,duck creek technol,,36788,7370.0,crosswalk
0001160958,INPHI CORP,inphi,,185112,3674.0,crosswalk
0001161728,MGE ENERGY INC,mge energy,MGEE,6932,4931.0,crosswalk
0001162112,RIGNET INC,rignet,,185921,4899.0,crosswalk
0001162194,STANDARD BIOTOOLS INC,standard biotools,FLDM,179840,3826.0,crosswalk
0001162461,CUTERA INC,cutera,CUTR,146648,3845.0,crosswalk
0001162896,PRAIRIE OPERATING CO,prairie operating,WIZD,186553,1311.0,crosswalk
0001163165,CONOCOPHILLIPS,conocophillips,COP,8549,1311.0,crosswalk
0001163302,UNITED STATES STEEL CORP,united states steel,,23978,3312.0,crosswalk
0001163739,NABORS INDUSTRIES LTD,nabors industries,NBR,1661,1381.0,crosswalk
0001164727,NEWMONT CORP,newmont,NEM,7881,1040.0,crosswalk
0001164863,ENPRO INC,enpro,NPO,148950,3050.0,crosswalk
0001165320,GB SCIENCES INC,gb sciences,,157774,2834.0,crosswalk
0001165639,EARTH LIFE SCIENCES INC,earth life sciences,,185941,9995.0,crosswalk
0001166003,XPO INC,xpo,XPO,144998,4213.0,crosswalk
0001166388,VERINT SYSTEMS INC,verint systems,VRNT,147242,7370.0,crosswalk
0001166691,COMCAST CORP,comcast,CMCSA,3226,4841.0,crosswalk
0001166928,WEST BANCORPORATION INC,west bancorporation,WTBA,63725,6020.0,crosswalk
0001167419,RIOT PLATFORMS INC,riot platforms,APNB,148170,7372.0,crosswalk
0001168165,EXELON GENERATION CO LLC,exelon generation,,156418,4911.0,crosswalk
0001168455,PLUMAS BANCORP,plumas bancorp,PLBC,62139,6020.0,crosswalk
0001169445,TRUBRIDGE INC,trubridge,CPSI,147849,7372.0,crosswalk
0001169561,COMMVAULT SYSTEMS INC,commvault systems,CVLT,174077,7370.0,crosswalk
0001169652,CHANNELADVISOR CORP,channeladvisor,,17811,7370.0,crosswalk
0001169770,BANC OF CALIFORNIA INC,banc of california,BANC,136265,6020.0,crosswalk
0001169987,HTG MOLECULAR DIAGNOSTICS,htg molecular diagnostics,,22713,2835.0,crosswalk
0001170010,CARMAX INC,carmax,KMX,64410,5500.0,crosswalk
0001171155,RADIANT LOGISTICS INC,radiant logistics,,162914,4731.0,crosswalk
0001171326,ENTREPRENEUR UNIVRS BGHT GRP,entrepreneur univrs bght grp,,151607,8742.0,crosswalk
0001171486,NATURAL RESOURCE PARTNERS LP,natural resource partners lp,NRP,150837,6795.0,crosswalk
0001171662,TRIPLE-S MANAGEMENT CORP,triples management,,174647,6324.0,crosswalk
0001171759,RED ROBIN GOURMET BURGERS,red robin gourmet burgers,RRGB,148470,5812.0,crosswalk
0001172052,SAFETY INSURANCE GROUP INC,safety insurance,SAFT,148469,6331.0,crosswalk
0001173204,CINEVERSE CORP,cineverse,CIDM,155616,7822.0,crosswalk
0001173281,NEUBASE THERAPEUTICS INC,neubase therapeutics,,32984,2836.0,crosswalk
0001173489,CEVA INC,ceva,CEVA,135788,6794.0,crosswalk
0001173514,HYSTER YALE INC,hyster yale,HY,160681,3537.0,crosswalk
0001174850,NICOLET BANKSHARES INC,nicolet bankshares,,17875,6020.0,crosswalk
0001174891,CALETHOS INC,calethos,UPBS,161833,9995.0,crosswalk
0001175454,CORPAY INC,corpay,FLT,184700,7389.0,crosswalk
0001175535,WHITESTONE REIT,whitestone reit,,185453,6798.0,crosswalk
0001175680,CYTODYN INC,cytodyn,CYDY,164720,2836.0,crosswalk
0001176309,ORAMED PHARMACEUTICALS INC,oramed pharmaceuticals,,170450,2836.0,crosswalk
0001176948,ARES MANAGEMENT CORP,ares management,,20412,6282.0,crosswalk
0001177394,TD SYNNEX CORP,td synnex,SNX,156155,5045.0,crosswalk
0001177609,FIVE BELOW INC,five below,FIVE,171141,5331.0,crosswalk
0001177702,SAIA INC,saia,SCST,150481,4213.0,crosswalk
0001178253,SCYNEXIS INC,scynexis,,20040,2836.0,crosswalk
0001178377,EMARINE GLOBAL INC,emarine global,,32305,3812.0,crosswalk
0001178697,DNA X INC,dna x,,35104,3663.0,crosswalk
0001178727,COMSOVEREIGN HOLDING CORP,comsovereign,,38077,3663.0,crosswalk
0001178879,AMICUS THERAPEUTICS INC,amicus therapeutics,FOLD,175008,2836.0,crosswalk
0001178970,PROVIDENT FINANCIAL SVCS INC,provident financial svcs,PFS,150279,6036.0,crosswalk
0001179929,MOLINA HEALTHCARE INC,molina healthcare,MOH,152149,6324.0,crosswalk
0001180262,HERBALIFE LTD,herbalife,HLF,14269,2834.0,crosswalk
0001182731,CONNEXIONONE CORP,connexionone,,147880,9995.0,crosswalk
0001183765,MOLECULAR TEMPLATES INC,molecular templates,THLD,32267,2836.0,crosswalk
0001185348,PRA GROUP INC,pra,PRAA,150477,6153.0,crosswalk
0001187953,CREATIVE MED TECH HLDG INC,creative med tech hldg,,182902,2836.0,crosswalk
0001192448,GLAUKOS CORP,glaukos,,23990,3841.0,crosswalk
0001193311,ONCOR ELECTRIC DELIVERY CO,oncor electric delivery,,155970,4911.0,crosswalk
0001195734,POTBELLY CORP,potbelly,PBPB,18839,5812.0,crosswalk
0001196501,HMS HOLDINGS CORP,hms,,26037,6411.0,crosswalk
0001200375,CODEXIS INC,codexis,CDXS,179841,2836.0,crosswalk
0001201792,AMERICAN PUBLIC EDUCATION,american public education,APEI,178797,8200.0,crosswalk
0001206264,SOMNIGROUP INTERNATIONAL INC,somnigroup international,TPX,156861,2510.0,crosswalk
0001207074,VIRTUSA CORP,virtusa,,177871,7370.0,crosswalk
0001208208,DIGITALGLOBE INC,digitalglobe,,180029,4899.0,crosswalk
0001209028,ARLINGTON ASSET INVESTMENT,arlington asset investment,,66085,6799.0,crosswalk
0001209709,CERES TACTICAL SYSTEMATIC L.P.,ceres tactical systematic lp,,,,sec_header
0001210677,FIRST ADVANTAGE CORP,first advantage,,39048,7389.0,crosswalk
0001210708,STAR EQUITY HOLDINGS INC,star equity,HSON,153128,7361.0,crosswalk
0001211583,FENNEC PHARMACEUTICALS INC,fennec pharmaceuticals,ADHXF,143909,2836.0,crosswalk
0001211805,MY SIZE INC,my size,,296866,7372.0,crosswalk
0001212458,PROOFPOINT INC,proofpoint,,170335,7372.0,crosswalk
0001212545,WESTERN ALLIANCE BANCORP,western alliance bancorp,WAL,163920,6020.0,crosswalk
0001213809,DYADIC INTERNATIONAL INC,dyadic international,DIL,158055,2836.0,crosswalk
0001214816,AXIS CAPITAL HOLDINGS LTD,axis capital,AXS,153130,6331.0,crosswalk
0001217234,CAREDX INC,caredx,,179834,2835.0,crosswalk
0001218683,MAWSON INFRA GROUP INC,mawson infra,DCMG,38328,7370.0,crosswalk
0001219601,CROWN HOLDINGS INC,crown,CCK,3619,3411.0,crosswalk
0001223533,FRELII INC,frelii,,162539,7370.0,crosswalk
0001224133,MARCHEX INC,marchex,MCHX,157755,7389.0,crosswalk
0001224608,CNO FINANCIAL GROUP INC,cno financial,CNO,12603,6321.0,crosswalk
0001227025,NEOPHOTONICS CORP,neophotonics,,184702,3674.0,crosswalk
0001227265,CERES ORION L.P.,ceres orion lp,,,,sec_header
0001227500,EQUITY BANCSHARES INC,equity bancshares,,26347,6020.0,crosswalk
0001227654,COMPASS MINERALS INTL INC,compass minerals intl,CMP,157153,1400.0,crosswalk
0001228454,BCB BANCORP INC,bcb bancorp,BCBP,147312,6020.0,crosswalk
0001228627,OPUS GENETICS INC,opus genetics,RNN,37325,2834.0,crosswalk
0001231457,GENELUX CORP,genelux,,41538,2836.0,crosswalk
0001232524,JAZZ PHARMACEUTICALS PLC,jazz pharmaceuticals,JAZZ,177287,2834.0,crosswalk
0001235468,LIQUIDITY SERVICES INC,liquidity services,LQDT,166213,5961.0,crosswalk
0001237831,GLOBUS MEDICAL INC,globus medical,GMED,171002,3841.0,crosswalk
0001244937,ENERNOC INC,enernoc,,177256,7370.0,crosswalk
0001253176,VAPOTHERM INC,vapotherm,,34327,3845.0,crosswalk
0001253689,CRESCENT BIOPHARMA INC,crescent biopharma,GLYC,18878,2836.0,crosswalk
0001253986,ARBOR REALTY TRUST INC,arbor realty trust,ABR,160173,6798.0,crosswalk
0001254699,QVC INC,qvc,,13506,5961.0,crosswalk
0001255474,WHITING PETROLEUM CORP,whiting petroleum,,155393,1311.0,crosswalk
0001258602,NELNET INC,nelnet,NNI,155738,6141.0,crosswalk
0001259429,OXFORD SQUARE CAPITAL CORP,oxford square capital,TICC,157452,6797.0,crosswalk
0001259515,CONTROL4 CORP,control4,,18291,3829.0,crosswalk
0001260221,TRANSDIGM GROUP INC,transdigm,TDG,148349,3728.0,crosswalk
0001261249,AGILE THERAPEUTICS INC,agile therapeutics,,20010,2834.0,crosswalk
0001261333,DOCUSIGN INC,docusign,,33301,7370.0,crosswalk
0001261379,Frontier Funds,frontier funds,,,,sec_header
0001262039,FORTINET INC,fortinet,FTNT,183377,7372.0,crosswalk
0001262823,WESTLAKE CORP,westlake,WLK,160684,2821.0,crosswalk
0001262976,CIMPRESS PLC,cimpress,VPRT,164086,2750.0,crosswalk
0001263364,IDAHO COPPER CORP,idaho copper,,185694,1090.0,crosswalk
0001265131,HILLTOP HOLDINGS INC,hilltop,HTH,156953,6199.0,crosswalk
0001265521,POLOMAR HEALTH SERVICES INC,polomar health services,,186819,5912.0,crosswalk
0001267238,ASSURANT INC,assurant,AIZ,157057,6351.0,crosswalk
0001267565,COLLEGIUM PHARMACEUTICAL INC,collegium pharmaceutical,,23555,2834.0,crosswalk
0001269026,SINTX TECHNOLOGIES INC,sintx technologies,,177981,3842.0,crosswalk
0001270436,COHEN & COMPANY INC,cohen,IFMI,175674,6211.0,crosswalk
0001271024,LINKEDIN CORP,linkedin,,186342,7370.0,crosswalk
0001271833,CCO HOLDINGS LLC,cco,,,,sec_header
0001271834,CCO HOLDINGS CAPITAL CORP,cco holdings capital,,,,sec_header
0001272830,VONAGE HOLDINGS CORP,vonage,,166562,7370.0,crosswalk
0001272842,AIRGAIN INC,airgain,,27703,3663.0,crosswalk
0001273441,GRAN TIERRA ENERGY INC,gran tierra energy,GTE,164046,1311.0,crosswalk
0001273636,APPLIED GENETIC TECHNOLOGIES,applied genetic technologies,,19967,2836.0,crosswalk
0001273813,ASSURED GUARANTY LTD,assured guaranty,AGO,157955,6351.0,crosswalk
0001274173,JANUS HENDERSON GROUP PLC,janus henderson,,259518,6282.0,crosswalk
0001274494,FIRST SOLAR INC,first solar,FSLR,175404,3674.0,crosswalk
0001274737,EXAGEN INC,exagen,,26528,2835.0,crosswalk
0001275014,ULTRA CLEAN HOLDINGS INC,ultra clean,UCTT,264416,3674.0,crosswalk
0001275101,BANK OF THE JAMES FINANCIAL,bank of the james financial,BOJF,136844,6020.0,crosswalk
0001275158,NOODLES & CO,noodles,NDLS,18047,5812.0,crosswalk
0001275187,ANGIODYNAMICS INC,angiodynamics,ANGO,264387,3841.0,crosswalk
0001275477,BIMINI CAPITAL MANAGEMENT,bimini capital management,BMM,264510,6798.0,crosswalk
0001276187,ENERGY TRANSFER LP,energy transfer lp,ETE,165649,4922.0,crosswalk
0001276520,GENWORTH FINANCIAL INC,genworth financial,GNW,158354,6311.0,crosswalk
0001277902,MVB FINANCIAL CORP,mvb financial,MVBF,144122,6020.0,crosswalk
0001278021,MARKETAXESS HOLDINGS INC,marketaxess,MKTX,158742,6200.0,crosswalk
0001278027,B&G FOODS INC,bg foods,BGF,158743,2000.0,crosswalk
0001278752,MIDCAP FINANCIAL INVSMT CORP,midcap financial invsmt,,266257,6797.0,crosswalk
0001279695,Universal Biosensors Inc,universal biosensors,UBI,,3841.0,ticker_map
0001280058,BLACKBAUD INC,blackbaud,BLKB,260893,7370.0,crosswalk
0001280263,AMBARELLA INC,ambarella,AMBA,15420,3674.0,crosswalk
0001280452,MONOLITHIC POWER SYSTEMS INC,monolithic power systems,MPWR,160888,3674.0,crosswalk
0001280784,HERCULES CAPITAL INC,hercules capital,HTGC,160541,6797.0,crosswalk
0001281761,REGIONS FINANCIAL CORP,regions financial,RF,4674,6020.0,crosswalk
0001281984,DECENTRAL LIFE INC,decentral life,,163818,7370.0,crosswalk
0001282631,NETLIST INC,netlist,NLST,176035,3674.0,crosswalk
0001282980,DROR ORTHO-DESIGN INC,dror orthodesign,NVNT,162656,3577.0,crosswalk
0001283699,T-MOBILE US INC,tmobile us,TMUS,17874,4812.0,crosswalk
0001284812,COHEN & STEERS INC,cohen steers,CNS,266214,6282.0,crosswalk
0001286043,KITE REALTY GROUP TRUST,kite realty group trust,KRG,266315,6798.0,crosswalk
0001286139,LEGALZOOM.COM INC,legalzoomcom,,39225,8111.0,crosswalk
0001286225,REALPAGE INC,realpage,,184797,7370.0,crosswalk
0001286681,DOMINO'S PIZZA INC,dominos pizza,DPZ,160211,5812.0,crosswalk
0001287213,DOUGLAS DYNAMICS INC,douglas dynamics,PLOW,184258,3531.0,crosswalk
0001287750,ARES CAPITAL CORP,ares capital,ARCC,161966,6797.0,crosswalk
0001287865,MEDICAL PROPERTIES TRUST,medical properties trust,MPW,162160,6798.0,crosswalk
0001288403,W&T OFFSHORE INC,wt offshore,WTI,160341,1311.0,crosswalk
0001288469,MAXLINEAR INC,maxlinear,MXL,184551,3674.0,crosswalk
0001288847,FIVE9 INC,five9,,19908,7370.0,crosswalk
0001289308,ENERSYS,enersys,ENS,160893,3690.0,crosswalk
0001289419,MORNINGSTAR INC,morningstar,MORN,160373,6200.0,crosswalk
0001289460,TEXAS ROADHOUSE INC,texas roadhouse,TXRH,160376,5812.0,crosswalk
0001289848,HURON CONSULTING GROUP INC,huron consulting,HURN,161997,8742.0,crosswalk
0001289850,NEUROMETRIX INC,neurometrix,NURO,160488,3841.0,crosswalk
0001289945,SPOK HOLDINGS INC,spok,USMO,24844,4812.0,crosswalk
0001290658,IIOT-OXYS INC,iiotoxys,CBSJ,32331,9995.0,crosswalk
0001290677,TURNING POINT BRANDS INC,turning point brands,,66929,2100.0,crosswalk
0001293282,Techtarget Inc,techtarget,TTGT,,7389.0,ticker_map
0001293818,OPGEN INC,opgen,,23241,6200.0,crosswalk
0001294649,WALKER INNOVATION INC,walker innovation,,18765,6794.0,crosswalk
0001295810,SUNSTONE HOTEL INVESTORS INC,sunstone hotel investors,SHO,61163,6798.0,crosswalk
0001295947,PRESTIGE CONSUMER HEALTHCARE,prestige consumer healthcare,PBH,162335,2834.0,crosswalk
0001296445,ORMAT TECHNOLOGIES INC,ormat technologies,ORA,160913,4911.0,crosswalk
0001296884,LIGHTSTONE VALUE PLU R I INC,lightstone value plu r i,,27361,6798.0,crosswalk
0001297989,EXLSERVICE HOLDINGS INC,exlservice,EXLS,162449,7374.0,crosswalk
0001297996,DIGITAL REALTY TRUST INC,digital realty trust,DLR,160991,6798.0,crosswalk
0001298675,CUBESMART,cubesmart,CUBE,160990,6798.0,crosswalk
0001299130,PACIFIC BIOSCIENCES OF CALIF,pacific biosciences of calif,PACB,185419,3826.0,crosswalk
0001299709,AXOS FINANCIAL INC,axos financial,BOFI,162560,6035.0,crosswalk
0001300485,"CubeSmart, L.P.",cubesmart lp,,,,sec_header
0001300514,LAS VEGAS SANDS CORP,las vegas sands,LVS,161844,7990.0,crosswalk
0001300734,SHINECO INC,shineco,,23370,2835.0,crosswalk
0001301031,DEMANDWARE INC,demandware,,187687,7370.0,crosswalk
0001302215,HOULIHAN LOKEY INC,houlihan lokey,,25219,6282.0,crosswalk
0001303652,TABLEAU SOFTWARE INC,tableau software,,17695,7372.0,crosswalk
0001304161,PHARMA-BIO SERV INC,pharmabio serv,PBSV,176082,8742.0,crosswalk
0001304280,NOVELIS INC,novelis,NVL,162701,3350.0,crosswalk
0001304492,ANTERIX INC,anterix,,20961,4899.0,crosswalk
0001306830,CELANESE CORP,celanese,CE,162254,2860.0,crosswalk
0001307624,HEALTHTECH SOLUTIONS INC,healthtech solutions,,163571,7372.0,crosswalk
0001307748,INVENTRUST PROPERTIES CORP,inventrust properties,,19855,6798.0,crosswalk
0001307954,HUNTSMAN CORP,huntsman,HUN,162401,2860.0,crosswalk
0001308208,UNIVERSAL LOGISTICS HLDGS,universal logistics hldgs,UACL,162338,4210.0,crosswalk
0001308547,DOLBY LABORATORIES INC,dolby laboratories,DLB,162354,6794.0,crosswalk
0001309108,WEX INC,wex,WEX,162385,7389.0,crosswalk
0001309141,SYDYS CORP,sydys,,23182,7370.0,crosswalk
0001311370,LAZARD INC,lazard,LAZ,162559,6282.0,crosswalk
0001313275,BRIGHTCOVE INC,brightcove,BCOV,187959,7370.0,crosswalk
0001314052,ANAVEX LIFE SCIENCES CORP,anavex life sciences,,166447,2836.0,crosswalk
0001314102,EYEPOINT INC,eyepoint,PSDV,253527,2836.0,crosswalk
0001314196,OLB GROUP INC (THE),olb group inc the,OLBG,164053,7374.0,crosswalk
0001314727,SONOS INC,sonos,,33767,3651.0,crosswalk
0001315098,ROBLOX CORP,roblox,,37453,7370.0,crosswalk
0001315257,KOPPERS HOLDINGS INC,koppers,KOP,163113,2860.0,crosswalk
0001316016,AQUANTIA CORP,aquantia,,32524,3674.0,crosswalk
0001316944,Federal Home Loan Bank of San Francisco,federal home loan bank of san francisco,,,,sec_header
0001317630,ITC HOLDINGS CORP,itc,ITC,163669,4911.0,crosswalk
0001317880,PLANDAI BIOTECHNOLOGY INC,plandai biotechnology,,183455,2833.0,crosswalk
0001318008,ZUMIEZ INC,zumiez,ZUMZ,162988,5651.0,crosswalk
0001318220,WASTE CONNECTIONS INC,waste connections,,110732,4953.0,crosswalk
0001318268,MADISON TECHNOLOGIES INC,madison technologies,,161794,4833.0,crosswalk
0001318482,KIDOZ INC,kidoz,,114881,7372.0,crosswalk
0001318484,CITI TRENDS INC,citi trends,CTRN,163051,5651.0,crosswalk
0001318568,EVERI HOLDINGS INC,everi,GCA,163678,7990.0,crosswalk
0001318605,TESLA INC,tesla,TSLA,184996,3711.0,crosswalk
0001318742,NCL CORP Ltd.,ncl corp,,,,sec_header
0001319161,WARNER MUSIC GROUP CORP,warner music,WMG,163118,3652.0,crosswalk
0001319643,"FinTrade Sherpa, Inc.",fintrade sherpa,,,,sec_header
0001319947,DESIGNER BRANDS INC,designer brands,DSW,24171,5661.0,crosswalk
0001320350,LENSAR INC,lensar,,36929,3845.0,crosswalk
0001320461,COOPER-STANDARD HOLDINGS INC,cooperstandard,CPS,163765,3714.0,crosswalk
0001320695,TREEHOUSE FOODS INC,treehouse foods,THS,163983,2050.0,crosswalk
0001320760,TSS INC,tss,TSSI,177528,7370.0,crosswalk
0001320854,FREIGHTCAR AMERICA INC,freightcar america,RAIL,162742,3743.0,crosswalk
0001321655,PALANTIR TECHNOLOG INC,palantir technolog,,36910,7370.0,crosswalk
0001323468,GLOBAL PARTNERS LP,global partners lp,GLP,163935,5171.0,crosswalk
0001323885,ATRICURE INC,atricure,ATRC,163889,3841.0,crosswalk
0001324424,EXPEDIA GROUP INC,expedia,EXPE,126296,4700.0,crosswalk
0001324736,HERO TECHNOLOGIES INC,hero technologies,,176278,2833.0,crosswalk
0001324759,HONG YUAN HOLDING GROUP,hong yuan holding,,165468,4731.0,crosswalk
0001324772,APIGEE CORP,apigee,,23423,7370.0,crosswalk
0001325618,IRADIMED CORP,iradimed,,20945,3841.0,crosswalk
0001325670,PRIMIS FINANCIAL CORP,primis financial,SONA,175607,6020.0,crosswalk
0001325676,Ceres Tactical Commodity L.P.,ceres tactical commodity lp,,,,sec_header
0001325814,Federal Home Loan Bank of Des Moines,federal home loan bank of des moines,,,,sec_header
0001325878,Federal Home Loan Bank of Topeka,federal home loan bank of topeka,,,,sec_header
0001325964,LIGHTWAVE LOGIC INC,lightwave logic,LWLG,106233,2821.0,crosswalk
0001326110,IMMUNITYBIO INC,immunitybio,,347007,2836.0,crosswalk
0001326160,DUKE ENERGY CORP,duke energy,DUK,4093,4931.0,crosswalk
0001326190,ALTIMMUNE INC,altimmune,PIP,31249,2836.0,crosswalk
0001326205,IGC PHARMA INC,igc pharma,IGC,166491,2834.0,crosswalk
0001326706,ENVUE MEDICAL INC,envue medical,,20554,3845.0,crosswalk
0001326732,XENCOR INC,xencor,XNCR,18938,2836.0,crosswalk
0001326771,Federal Home Loan Bank of Cincinnati,federal home loan bank of cincinnati,,,,sec_header
0001326801,META PLATFORMS INC,meta platforms,FB,170617,7370.0,crosswalk
0001327273,LYRA THERAPEUTICS INC,lyra therapeutics,,36300,3841.0,crosswalk
0001327318,TRUECAR INC,truecar,,20540,7370.0,crosswalk
0001327567,PALO ALTO NETWORKS INC,palo alto networks,PANW,171067,7370.0,crosswalk
0001327607,FIRST WSTRN FINNCIL INC,first wstrn finncil,,33704,6020.0,crosswalk
0001327688,OOMA INC,ooma,,24508,4813.0,crosswalk
0001327811,WORKDAY INC,workday,WDAY,15044,7370.0,crosswalk
0001327978,Ares Real Estate Income Trust Inc.,ares real estate income trust,,,,sec_header
0001328581,BOISE CASCADE CO,boise cascade,BCC,16486,5031.0,crosswalk
0001329842,Federal Home Loan Bank of New York,federal home loan bank of new york,,,,sec_header
0001330399,Federal Home Loan Bank of Pittsburgh,federal home loan bank of pittsburgh,,,,sec_header
0001331421,"HALLMARK VENTURE GROUP, INC.",hallmark venture group,,,,sec_header
0001331451,Federal Home Loan Bank of Chicago,federal home loan bank of chicago,,,,sec_header
0001331463,Federal Home Loan Bank of Boston,federal home loan bank of boston,,,,sec_header
0001331465,Federal Home Loan Bank of Atlanta,federal home loan bank of atlanta,,,,sec_header
0001331520,HOME BANCSHARES INC,home bancshares,HOMB,164633,6020.0,crosswalk
0001331612,INNOVATIVE MEDTECH INC,innovative medtech,FRHV,177335,8050.0,crosswalk
0001331754,Federal Home Loan Bank of Indianapolis,federal home loan bank of indianapolis,,,,sec_header
0001331757,Federal Home Loan Bank of Dallas,federal home loan bank of dallas,,,,sec_header
0001331875,FIDELITY NATIONAL FINANCIAL,fidelity national financial,FNT,165264,6361.0,crosswalk
0001332349,BROOKDALE SENIOR LIVING INC,brookdale senior living,BKD,164652,8050.0,crosswalk
0001333493,EHEALTH INC,ehealth,EHTH,174389,6411.0,crosswalk
0001333986,EQUITABLE HOLDINGS INC,equitable,,32767,6311.0,crosswalk
0001334036,CROCS INC,crocs,CROX,164755,3021.0,crosswalk
0001334325,CODA OCTOPUS GROUP INC,coda octopus,CDOC,183547,3812.0,crosswalk
0001334478,NCI INC,nci,,164432,7373.0,crosswalk
0001334933,URANIUM ENERGY CORP,uranium energy,UEC,165798,1090.0,crosswalk
0001334978,CLEAR CHANNEL OUTDOOR HLDGS,clear channel outdoor hldgs,CCO,164660,7310.0,crosswalk
0001335112,LOGIQ INC,logiq,CDCX,175188,7370.0,crosswalk
0001336047,BOARDWALK PIPELINE PRTNRS-LP,boardwalk pipeline prtnrslp,BWP,164756,4922.0,crosswalk
0001336706,NORTHPOINTE BANCSHARES INC,northpointe bancshares,,45796,6020.0,crosswalk
0001336917,UNDER ARMOUR INC,under armour,UARM,165052,2300.0,crosswalk
0001336920,LEIDOS HOLDINGS INC,leidos,LDOS,165123,7373.0,crosswalk
0001337013,INFUSYSTEM HOLDINGS INC,infusystem,INFU,174428,7350.0,crosswalk
0001337619,ENVESTNET INC,envestnet,ENV,184576,6282.0,crosswalk
0001338749,POTLATCHDELTIC CORP,potlatchdeltic,PCH,8692,6798.0,crosswalk
0001339005,FEMASYS INC,femasys,,38829,3841.0,crosswalk
0001339469,CHIASMA INC,chiasma,,24523,2836.0,crosswalk
0001339605,H&E EQUIPMENT SERVICES INC,he equipment services,HEES,165856,5084.0,crosswalk
0001339970,ATYR PHARMA INC,atyr pharma,,23627,2836.0,crosswalk
0001340476,DIRTT ENVIRONMENTL SOLUTIONS,dirtt environmentl solutions,,19267,3290.0,crosswalk
0001341235,ALDEYRA THERAPEUTICS INC,aldeyra therapeutics,,20018,2836.0,crosswalk
0001341317,BRIDGEWATER BANCSHARES,bridgewater bancshares,,33131,6020.0,crosswalk
0001341318,LAKE SHORE BANCORP INC,lake shore bancorp,LSBK,166197,6035.0,crosswalk
0001341439,ORACLE CORP,oracle,ORCL,12142,7372.0,crosswalk
0001341766,CELSIUS HOLDINGS INC,celsius,CSUH,175269,2086.0,crosswalk
0001342219,NAMLIONG SKYCOSMOS INC,namliong skycosmos,,175221,9995.0,crosswalk
0001342792,WORLDWIDE STRATEGIES INC,worldwide strategies,,66635,9995.0,crosswalk
0001342958,KUSTOM ENTERTAINMENT INC,kustom entertainment,DGLY,162233,3651.0,crosswalk
0001343009,CNBX PHARMACEUTICALS INC,cnbx pharmaceuticals,AMCM,187166,2834.0,crosswalk
0001345016,YELP INC,yelp,YELP,196268,7370.0,crosswalk
0001345122,Compass Group Diversified Holdings LLC,compass group diversified,CODI,,3714.0,ticker_map
0001345126,COMPASS DIVERSIFIED HOLDINGS,compass diversified,CODI,166368,3600.0,crosswalk
0001346022,ENERTOPIA CORP,enertopia,ENRT,175071,1400.0,crosswalk
0001346830,TVARDI THERAPEUTICS INC,tvardi therapeutics,CARA,19154,2836.0,crosswalk
0001347123,"EBR Systems, Inc.",ebr systems,,,,sec_header
0001347858,22ND CENTURY GROUP INC,22nd century,XXII,17185,2111.0,crosswalk
0001348036,AVALARA INC,avalara,,33610,7370.0,crosswalk
0001348334,BARRACUDA NETWORKS INC,barracuda networks,,18838,7370.0,crosswalk
0001348362,LEXARIA BIOSCIENCE CORP,lexaria bioscience,LXRP,175505,2834.0,crosswalk
0001348952,ENTERGY LOUISIANA LLC,entergy louisiana,,6823,4911.0,crosswalk
0001349706,TURNONGREEN INC,turnongreen,,175731,3690.0,crosswalk
0001349929,VYANT BIO INC,vyant bio,,38539,2836.0,crosswalk
0001350156,PREAXIA HEALTH CARE PAYMENT SYSTEMS INC.,preaxia health care payment systems,,,,sec_header
0001350593,MUELLER WATER PRODUCTS INC,mueller water products,MWA,166482,3490.0,crosswalk
0001350653,ALPHATEC HOLDINGS INC,alphatec,ATEC,166555,3842.0,crosswalk
0001351636,SOUNDTHINKING INC,soundthinking,,31457,7370.0,crosswalk
0001352010,EPAM SYSTEMS INC,epam systems,EPAM,187697,7370.0,crosswalk
0001352952,CFN ENTERPRISES INC,cfn enterprises,,179137,7370.0,crosswalk
0001353283,SPLUNK INC,splunk,,170616,7372.0,crosswalk
0001353538,APPGATE INC,appgate,,39956,7372.0,crosswalk
0001354866,BYRNA TECHNOLOGIES INC,byrna technologies,,175457,3480.0,crosswalk
0001355001,Realogy Group LLC,realogy,H,,6531.0,ticker_map
0001355096,QVC GROUP INC,qvc,LINTA,174147,5961.0,crosswalk
0001355839,INTELLIGENT PROCTN MGMT CORP,intelligent proctn mgmt,STVI,28551,7370.0,crosswalk
0001355848,KARTOON STUDIOS INC,kartoon studios,GNUS,183524,7812.0,crosswalk
0001356090,PRECIGEN INC,precigen,XON,18315,2836.0,crosswalk
0001356093,CREATIVE REALITIES INC,creative realities,RNIN,21554,7372.0,crosswalk
0001356104,MELLANOX TECHNOLOGIES LTD,mellanox technologies,,176363,3674.0,crosswalk
0001356115,NEXPOINT DIVERSIFIED RE TS,nexpoint diversified re ts,,174926,6798.0,crosswalk
0001356564,LEO MOTORS INC,leo motors,,14874,3711.0,crosswalk
0001356570,WNS (HOLDINGS) LIMITED,wns holdings limited,,175264,7374.0,crosswalk
0001356576,SUPERNUS PHARMACEUTICALS INC,supernus pharmaceuticals,SUPN,186159,2834.0,crosswalk
0001357459,PALISADE BIO INC,palisade bio,CUR,38711,2836.0,crosswalk
0001357615,KBR INC,kbr,KBR,174310,7370.0,crosswalk
0001357671,CREATD INC,creatd,,26920,7370.0,crosswalk
0001357874,PRECISION BIOSCIENCES,precision biosciences,,34883,2836.0,crosswalk
0001357878,Peptide Technologies Inc,peptide technologies,PEPT,,7389.0,ticker_map
0001358633,SENTIENT BRANDS HOLDINGS INC,sentient brands,,185663,2834.0,crosswalk
0001359687,RED TRAIL ENERGY LLC,red trail energy,,184830,2860.0,crosswalk
0001359841,HANESBRANDS INC,hanesbrands,HBI,175319,2300.0,crosswalk
0001359931,PROTARA THERAPEUTICS INC,protara therapeutics,,36044,2836.0,crosswalk
0001360214,HARROW INC,harrow,IMMY,176636,2834.0,crosswalk
0001360565,WHERE FOOD COMES FROM INC,where food comes from,,175908,7370.0,crosswalk
0001360901,EVERCORE INC,evercore,EVR,174744,6200.0,crosswalk
0001361113,VARONIS SYSTEMS INC,varonis systems,,19044,7372.0,crosswalk
0001361394,AFFINION GROUP INC,affinion,,165164,7389.0,crosswalk
0001361538,PRIMORIS SERVICES CORP,primoris services,,175686,1623.0,crosswalk
0001361658,TRAVEL PLUS LEISURE CO,travel plus leisure,WYN,174729,6531.0,crosswalk
0001362004,ICF INTERNATIONAL INC,icf international,ICFI,174637,8742.0,crosswalk
0001362190,AUDIOEYE INC,audioeye,,17754,7370.0,crosswalk
0001362468,ALLEGIANT TRAVEL CO,allegiant travel,ALGT,175007,4512.0,crosswalk
0001362703,THERALINK TECHNOLOGIES INC,theralink technologies,,26097,2836.0,crosswalk
0001363829,ENSTAR GROUP LIMITED,enstar group limited,ESGR,176602,6331.0,crosswalk
0001364250,DOUGLAS EMMETT INC,douglas emmett,DEI,175307,6798.0,crosswalk
0001364742,Blackrock Inc,blackrock,BLK,,6211.0,ticker_map
0001364885,SPIRIT AEROSYSTEMS HOLDINGS,spirit aerosystems,SPR,164494,3728.0,crosswalk
0001364954,CHEGG INC,chegg,CHGG,18556,7370.0,crosswalk
0001364962,IMPERVA INC,imperva,,187490,7372.0,crosswalk
0001365135,WESTERN UNION CO,western union,WU,175263,6099.0,crosswalk
0001365555,AMTRUST FINANCIAL SERVICES,amtrust financial services,,166005,6331.0,crosswalk
0001365916,AMYRIS INC,amyris,,184717,2860.0,crosswalk
0001366527,CARBON BLACK INC,carbon black,,33423,7370.0,crosswalk
0001366561,SMARTSHEET INC,smartsheet,,33275,7370.0,crosswalk
0001366868,GLOBALSTAR INC,globalstar,GSAT,175523,4899.0,crosswalk
0001367859,CITIZENS COMMUNITY BANCORP,citizens community bancorp,CZWI,266160,6020.0,crosswalk
0001368265,CLEAN ENERGY FUELS CORP,clean energy fuels,CLNE,176343,5500.0,crosswalk
0001368308,HIGHPOWER INTERNATIONAL INC,highpower international,,180249,3690.0,crosswalk
0001368365,REMARK HOLDINGS INC,remark,HSWI,178494,7372.0,crosswalk
0001368458,SALLY BEAUTY HOLDINGS INC,sally beauty,SBH,175900,5990.0,crosswalk
0001368514,ADMA BIOLOGICS INC,adma biologics,,17653,2836.0,crosswalk
0001368622,AEROVIRONMENT INC,aerovironment,AVAV,176362,3721.0,crosswalk
0001368757,"GTJ REIT, INC.",gtj reit,,,,sec_header
0001369290,MYOMO INC,myomo,,31805,3845.0,crosswalk
0001369568,CATALYST PHARMACEUTICALS INC,catalyst pharmaceuticals,CPRX,175966,2836.0,crosswalk
0001370450,WILLDAN GROUP INC,willdan,WLDN,175654,8711.0,crosswalk
0001370637,ETSY INC,etsy,,23238,7370.0,crosswalk
0001370755,BLACKROCK TCP CAPITAL,blackrock tcp capital,TCPC,171023,6797.0,crosswalk
0001370880,MANDIANT INC,mandiant,,18487,7373.0,crosswalk
0001370946,OWENS CORNING,owens corning,OC,8214,3290.0,crosswalk
0001371285,TRUPANION INC,trupanion,,20935,6399.0,crosswalk
0001371489,INFORMATION SERVICES GROUP,information services,III,176251,7374.0,crosswalk
0001372020,GREAT LAKES DREDGE & DOCK CP,great lakes dredge dock cp,GLDD,148223,1600.0,crosswalk
0001372183,NEXTPLAY TECHNOLOGIES INC,nextplay technologies,,349530,7310.0,crosswalk
0001372299,OCUGEN INC,ocugen,,35712,2836.0,crosswalk
0001372414,AEROHIVE NETWORKS INC,aerohive networks,,19898,3576.0,crosswalk
0001372612,BOX INC,box,,20088,7370.0,crosswalk
0001373670,GREEN BRICK PARTNERS INC,green brick partners,BIOF,22047,1531.0,crosswalk
0001373715,SERVICENOW INC,servicenow,NOW,171007,7372.0,crosswalk
0001374310,CBOE GLOBAL MARKETS INC,cboe global markets,CBOE,184500,6200.0,crosswalk
0001374339,PROMIS NEUROSCIENCES INC,promis neurosciences,,165266,2836.0,crosswalk
0001374690,LARIMAR THERAPEUTICS INC,larimar therapeutics,,36536,2836.0,crosswalk
0001375151,ZOGENIX INC,zogenix,,179686,2834.0,crosswalk
0001375205,UR ENERGY INC,ur energy,URG,165637,1090.0,crosswalk
0001375365,SUPER MICRO COMPUTER INC,super micro computer,,176567,3570.0,crosswalk
0001375793,METALERT INC,metalert,GTXO,176893,3663.0,crosswalk
0001376139,CVR ENERGY INC,cvr energy,CVI,178672,2911.0,crosswalk
0001376227,United States Natural Gas Fund LP,united states natural gas fund lp,UNG,,6221.0,ticker_map
0001376321,ZW DATA ACTION TECHNOLGY INC,zw data action technolgy,CNET,183224,7310.0,crosswalk
0001376804,Tierra Grande Resources Inc,tierra grande resources,BUKX,,1000.0,ticker_map
0001376986,TENNESSEE VALLEY AUTHORITY,tennessee valley authority,,10447,4911.0,crosswalk
0001377121,PROTAGONIST THERAPEUTICS INC,protagonist therapeutics,,27670,2836.0,crosswalk
0001377149,CAREVIEW COMMUNICATIONS INC,careview communications,CRVW,160367,7372.0,crosswalk
0001377789,AVIAT NETWORKS INC,aviat networks,AVNW,176572,3663.0,crosswalk
0001377936,SARATOGA INVESTMENT CORP,saratoga investment,GNV,176999,6797.0,crosswalk
0001378125,TOGA LTD,toga,,176327,7370.0,crosswalk
0001378140,OCEAN POWER TECHNOLOGIES INC,ocean power technologies,OPTT,260737,3612.0,crosswalk
0001378590,BRIDGELINE DIGITAL INC,bridgeline digital,BLIN,176768,7370.0,crosswalk
0001378624,CELLULAR BIOMEDICINE GROUP,cellular biomedicine,,177179,2836.0,crosswalk
0001378950,CARPARTS COM INC,carparts com,PRTS,176593,5961.0,crosswalk
0001379006,NANOVIRICIDES INC,nanoviricides,NNVC,160997,2836.0,crosswalk
0001379041,EMPLOYERS HOLDINGS INC,employers,EIG,176591,6331.0,crosswalk
0001379245,ENIGMA-BULWARK LTD,enigmabulwark,,176706,7380.0,crosswalk
0001380106,RAPID MICRO BIOSYSTEMS INC,rapid micro biosystems,,39202,3826.0,crosswalk
0001381197,INTERACTIVE BROKERS GROUP,interactive brokers,IBKR,176701,6211.0,crosswalk
0001381531,DOMTAR CORP,domtar,UFS,176760,2621.0,crosswalk
0001381871,BOWMO INC,bowmo,UHLN,184597,7361.0,crosswalk
0001382101,SUTRO BIOPHARMA INC,sutro biopharma,,34065,2836.0,crosswalk
0001382574,SCIENTURE HOLDINGS INC,scienture,,179507,7370.0,crosswalk
0001382821,REDFIN CORP,redfin,,32102,6531.0,crosswalk
0001382943,PREDICTIVE TECHNOLOGY GROUP,predictive technology,,177900,2836.0,crosswalk
0001383088,CYTTA CORP,cytta,,178303,3829.0,crosswalk
0001383312,BROADRIDGE FINANCIAL SOLUTNS,broadridge financial solutns,BR,176928,7373.0,crosswalk
0001383701,HISTOGEN INC,histogen,,36525,2836.0,crosswalk
0001384101,VERACYTE INC,veracyte,VCYT,18947,2835.0,crosswalk
0001384135,LITHIUM & BORON TECH INC,lithium boron tech,,35803,2810.0,crosswalk
0001384905,RINGCENTRAL INC,ringcentral,RNG,18630,7370.0,crosswalk
0001385157,TE CONNECTIVITY PLC,te connectivity,TEL,177267,3678.0,crosswalk
0001385280,CINEMARK HOLDINGS INC,cinemark,CNK,177108,7830.0,crosswalk
0001385292,MONOTYPE IMAGING HOLDINGS,monotype imaging,,177099,7372.0,crosswalk
0001385613,GREENLIGHT CAPITAL RE LTD,greenlight capital re,GLRE,176973,6331.0,crosswalk
0001385799,ADVANCED BIOMEDICAL TECH INC,advanced biomedical tech,,182960,3841.0,crosswalk
0001385818,AYTU BIOPHARMA INC,aytu biopharma,,179461,2836.0,crosswalk
0001385849,ENERGY FUELS INC,energy fuels,,107712,1090.0,crosswalk
0001385867,COUPA SOFTWARE INC,coupa software,,28084,7370.0,crosswalk
0001386278,GREEN DOT CORP,green dot,GDOT,184392,7389.0,crosswalk
0001386301,RESEARCH SOLUTIONS INC,research solutions,RSSS,180345,7389.0,crosswalk
0001386570,NIAGEN BIOSCIENCE INC,niagen bioscience,CDXC,177367,2833.0,crosswalk
0001387061,LIGHTSTONE VAL PL REIT V INC,lightstone val pl reit v,,36036,6798.0,crosswalk
0001387467,ALPHA AND OMEGA SEMICONDUCTO,alpha and omega semiconducto,AOSL,184604,3674.0,crosswalk
0001388295,ONEMETA INC,onemeta,,178300,7372.0,crosswalk
0001388410,PARALLAX HEALTH SCIENCES INC,parallax health sciences,,16535,7370.0,crosswalk
0001388430,CAI INTERNATIONAL INC,cai international,,177109,7359.0,crosswalk
0001388658,IRHYTHM HOLDINGS INC,irhythm,,28367,3845.0,crosswalk
0001389050,ARCHROCK INC,archrock,EXH,65009,3533.0,crosswalk
0001389067,TAUTACHROME INC,tautachrome,,24097,7372.0,crosswalk
0001389122,Frontier Balanced Fund,frontier balanced fund,,,,sec_header
0001389123,Frontier Heritage Fund,frontier heritage fund,,,,sec_header
0001389125,Frontier Select Fund,frontier select fund,,,,sec_header
0001389128,Frontier Long/Short Commodity Fund,frontier longshort commodity fund,,,,sec_header
0001389170,TARGA RESOURCES CORP,targa resources,TRGP,185532,4923.0,crosswalk
0001389518,CLUBHOUSE MEDIA GROUP INC,clubhouse media,,38367,7310.0,crosswalk
0001390478,SELLAS LIFE SCIENCES GROUP I,sellas life sciences group i,GALE,32901,2836.0,crosswalk
0001390777,BANK OF NEW YORK MELLON CORP,bank of new york mellon,BK,2019,6020.0,crosswalk
0001390844,WABCO HOLDINGS INC,wabco,,177925,3714.0,crosswalk
0001391127,EDGIO INC,edgio,,177315,7370.0,crosswalk
0001391426,EMERGENCY PEST SERVICES -OLD,emergency pest services old,,159149,6200.0,crosswalk
0001392272,CHAIN BRIDGE BANCORP INC,chain bridge bancorp,,50659,6020.0,crosswalk
0001392694,SURGEPAYS INC,surgepays,MKED,33382,4812.0,crosswalk
0001392972,PROS HOLDINGS INC,pros,PRO,177744,7370.0,crosswalk
0001393052,VEEVA SYSTEMS INC,veeva systems,VEEV,18689,7370.0,crosswalk
0001393311,PUBLIC STORAGE,public storage,PSA,10096,6798.0,crosswalk
0001393548,CLICKSTREAM CORP,clickstream,,20934,7370.0,crosswalk
0001393584,AMERICAN WELL CORP,american well,,36950,7370.0,crosswalk
0001393612,DISCOVER FINANCIAL SVCS,discover financial svcs,DFS,177376,6141.0,crosswalk
0001393726,TIPTREE INC,tiptree,CVTR,177640,6331.0,crosswalk
0001393781,QUALITY INDUSTRIAL CORP,quality industrial,,37939,7370.0,crosswalk
0001393818,BLACKSTONE INC,blackstone,BX,177088,6282.0,crosswalk
0001393883,DHI GROUP INC,dhi,DHX,177943,7370.0,crosswalk
0001394056,ONE STOP SYSTEMS INC,one stop systems,,32851,3571.0,crosswalk
0001394108,SUIC WORLDWIDE HOLDINGS LTD,suic worldwide,AJGI,184388,7370.0,crosswalk
0001394638,DRIVEITAWAY HOL INC,driveitaway hol,,185210,7510.0,crosswalk
0001395848,ADESTO TECHNOLOGIES CORP,adesto technologies,,26187,3674.0,crosswalk
0001395937,SYNDAX PHARMACEUTICALS INC,syndax pharmaceuticals,,20649,2836.0,crosswalk
0001395942,OPENLANE INC,openlane,KAR,183581,7389.0,crosswalk
0001396009,VULCAN MATERIALS CO,vulcan materials,VMC,11228,1400.0,crosswalk
0001396238,IRIS BIOTECHNOLOGIES INC,iris biotechnologies,,179398,2836.0,crosswalk
0001396536,DUOS TECHNOLOGIES GROUP INC,duos technologies,IOSA,23607,7372.0,crosswalk
0001396814,PACIRA BIOSCIENCES INC,pacira biosciences,PCRX,185836,2834.0,crosswalk
0001397047,FLEXSHOPPER INC,flexshopper,,178907,6159.0,crosswalk
0001397183,IVEDA SOLUTIONS INC,iveda solutions,,178882,7372.0,crosswalk
0001397187,LULULEMON ATHLETICA INC,lululemon athletica,LULU,178015,2300.0,crosswalk
0001397702,SILK ROAD MEDICAL INC,silk road medical,,34882,3845.0,crosswalk
0001397911,LPL FINANCIAL HOLDINGS INC,lpl financial,LPLA,178519,6211.0,crosswalk
0001398659,GENPACT LTD,genpact,G,177983,7374.0,crosswalk
0001398805,BEAM GLOBAL,beam global,EVSI,184345,3690.0,crosswalk
0001398987,ANYWHERE REAL ESTATE INC,anywhere real estate,RLGY,174022,6531.0,crosswalk
0001399352,COOL TECHNOLOGIES INC,cool technologies,,170707,3714.0,crosswalk
0001399520,ONE GP HOSPITALITY (THE),one gp hospitality the,STKS,18978,5812.0,crosswalk
0001400118,SAGIMET BIOSCIENCES INC,sagimet biosciences,,38790,2836.0,crosswalk
0001400891,IHEARTMEDIA INC,iheartmedia,CCMOV,3105,4832.0,crosswalk
0001401040,DIAMEDICA THERAPEUTICS INC,diamedica therapeutics,,176992,2836.0,crosswalk
0001401395,NEPTUNE WELLNESS SOLUTION IN,neptune wellness solution in,,144382,2040.0,crosswalk
0001401564,FIRST FINANCIAL NORTHWEST,first financial northwest,FFNW,178545,6020.0,crosswalk
0001401667,PUMA BIOTECHNOLOGY INC,puma biotechnology,PBYI,170945,2836.0,crosswalk
0001401680,CORNERSTONE ONDEMAND INC,cornerstone ondemand,,185646,7370.0,crosswalk
0001401708,NANOSTRING TECHNOLOGIES INC,nanostring technologies,,18009,2835.0,crosswalk
0001401914,DARE BIOSCIENCE INC,dare bioscience,,32233,2834.0,crosswalk
0001402057,CDW CORP,cdw,CDW,28320,5045.0,crosswalk
0001402436,SS&C TECHNOLOGIES HLDGS INC,ssc technologies hldgs,SSNC,62965,7370.0,crosswalk
0001402829,ORION GROUP HOLDINGS INC,orion,ORN,179132,1600.0,crosswalk
0001403085,JRJR33 INC,jrjr33,,14864,5960.0,crosswalk
0001403161,VISA INC,visa,V,179534,6099.0,crosswalk
0001403475,BANK OF MARIN BANCORP,bank of marin bancorp,BMRC,31764,6020.0,crosswalk
0001403528,OAKTREE CAPITAL GROUP LLC,oaktree capital,OAK,187491,6282.0,crosswalk
0001403568,ULTA BEAUTY INC,ulta beauty,ULTA,178704,5990.0,crosswalk
0001404123,1LIFE HEALTHCARE INC,1life healthcare,,36025,8011.0,crosswalk
0001404281,ELEDON PHARMACEUTICALS INC,eledon pharmaceuticals,,31301,2836.0,crosswalk
0001404624,AFFINION GROUP HOLDINGS INC,affinion,,178540,7389.0,crosswalk
0001404644,NEUROGENE INC,neurogene,,19717,2836.0,crosswalk
0001404655,HUBSPOT INC,hubspot,,21847,7370.0,crosswalk
0001404912,KKR & CO INC,kkr,KKR,179741,6311.0,crosswalk
0001405495,INTERDIGITAL INC,interdigital,IDCC,6100,6794.0,crosswalk
0001405513,United States 12 Month Natural Gas Fund LP,united states 12 month natural gas fund lp,UNL,,6221.0,ticker_map
0001406587,FORESTAR GROUP INC,forestar,,179077,6552.0,crosswalk
0001406666,CALIX INC,calix,CALX,183903,3661.0,crosswalk
0001407583,BUNKER HILL MINING CORP,bunker hill mining,,180695,1000.0,crosswalk
0001407878,DIGITAL LOCATIONS INC,digital locations,,178222,4899.0,crosswalk
0001407973,SONENDO INC,sonendo,,39860,3843.0,crosswalk
0001408100,KENNEDY-WILSON HOLDINGS INC,kennedywilson,KW,25632,6510.0,crosswalk
0001408198,MSCI INC,msci,MSCI,178507,6282.0,crosswalk
0001408443,MILESTONE PHARMACEUTICLS INC,milestone pharmaceuticls,,35100,2834.0,crosswalk
0001408710,FABRINET,fabrinet,FN,179583,3670.0,crosswalk
0001409171,TITAN MACHINERY INC,titan machinery,TITN,178973,5080.0,crosswalk
0001409269,VENUS CONCEPT INC,venus concept,,35850,3845.0,crosswalk
0001409970,LENDINGCLUB CORP,lendingclub,,19647,6141.0,crosswalk
0001410098,CORMEDIX INC,cormedix,CRMD,183945,2834.0,crosswalk
0001410384,Q2 HOLDINGS INC,q2,,19877,7370.0,crosswalk
0001410636,AMERICAN WATER WORKS CO INC,american water works,AWK,179437,4941.0,crosswalk
0001411057,CANNABIS BIOSCIENCE IN H INC,cannabis bioscience in h,,179613,5080.0,crosswalk
0001411059,KBS REIT II INC,kbs reit ii,,180162,6798.0,crosswalk
0001411165,EVER HARVEST INTL GROUP INC,ever harvest intl,,176691,8200.0,crosswalk
0001411207,ALLISON TRANSMISSION HLDGS,allison transmission hldgs,ALSN,177966,3714.0,crosswalk
0001411342,ELLINGTON FINANCIAL INC,ellington financial,EFC,183902,6798.0,crosswalk
0001411579,AMC ENTERTAINMENT HOLDINGS,amc entertainment,AMC,177637,7830.0,crosswalk
0001411688,CONTAINER STORE GROUP,container store,TCS,18842,5700.0,crosswalk
0001411690,BIONANO GENOMICS INC,bionano genomics,,33749,3841.0,crosswalk
0001412043,OPOWER INC,opower,,19910,7370.0,crosswalk
0001412408,PHREESIA INC,phreesia,,35377,7370.0,crosswalk
0001412486,COCRYSTAL PHARMA INC,cocrystal pharma,,19467,2834.0,crosswalk
0001412665,MIDWESTONE FINANCIAL GROUP,midwestone financial,MOFG,65796,6020.0,crosswalk
0001413329,PHILIP MORRIS INTERNATIONAL,philip morris international,PM,179621,2111.0,crosswalk
0001413447,NXP SEMICONDUCTORS NV,nxp semiconductors nv,,184725,3674.0,crosswalk
0001413754,MARIZYME INC,marizyme,GBSX,184789,2836.0,crosswalk
0001413891,HIGH WIRE NETWORKS INC,high wire networks,MVTG,179184,7373.0,crosswalk
0001414043,FRIENDABLE INC,friendable,,179182,7372.0,crosswalk
0001414767,NETCAPITAL INC,netcapital,,38720,6211.0,crosswalk
0001414932,OAKTREE SPECIALTY LENDING CP,oaktree specialty lending cp,FSC,180193,6797.0,crosswalk
0001415404,ECHOSTAR CORP,echostar,SATS,179202,4899.0,crosswalk
0001415605,TECHMEDIA ADVERTISING INC,techmedia advertising,,179200,7311.0,crosswalk
0001415813,AMERICAN RESOURCES MGMT CORP,american resources mgmt,,1550,1311.0,crosswalk
0001416090,BLUSKY AI INC,blusky ai,,26333,1040.0,crosswalk
0001416172,NEXEON MEDSYSTEMS INC,nexeon medsystems,,32269,3845.0,crosswalk
0001416265,PROSPER MARKETPLACE INC,prosper marketplace,,21874,6199.0,crosswalk
0001417398,HILLENBRAND INC,hillenbrand,HI,179657,3530.0,crosswalk
0001417663,SANUWAVE HEALTH INC,sanuwave health,SNWV,181070,3845.0,crosswalk
0001417892,EMEREN GROUP LTD,emeren,,279431,1623.0,crosswalk
0001417926,INVO FERTILITY INC,invo fertility,,180250,3841.0,crosswalk
0001418076,SLR INVESTMENT CORP,slr investment,SLRC,184287,6797.0,crosswalk
0001418091,TWITTER INC,twitter,,18872,7370.0,crosswalk
0001418100,AVAYA HLDGS CORP,avaya hldgs,,32855,7372.0,crosswalk
0001418135,KEURIG DR PEPPER INC,keurig dr pepper,DPS,28877,2080.0,crosswalk
0001419041,FORTE BIOSCIENCES INC,forte biosciences,,36609,2836.0,crosswalk
0001419275,RYVYL INC,ryvyl,,37212,7374.0,crosswalk
0001419536,CAPITAL BANCORP INC,capital bancorp,,34189,6020.0,crosswalk
0001419612,SOLAREDGE TECHNOLOGIES INC,solaredge technologies,,23119,3674.0,crosswalk
0001419806,RARE ELEMENT RESOURCES LTD,rare element resources,REE,155225,1090.0,crosswalk
0001420302,LOGMEIN INC,logmein,,179666,7370.0,crosswalk
0001420520,ATOMERA INC,atomera,,27737,3674.0,crosswalk
0001420565,REIN THERAPEUTICS INC,rein therapeutics,,31656,2836.0,crosswalk
0001420720,IBIO INC,ibio,IBIO,180683,2836.0,crosswalk
0001420800,ENOVIS CORP,enovis,CFX,179577,3842.0,crosswalk
0001420811,ON DECK CAPITAL INC,on deck capital,,22165,6159.0,crosswalk
0001420924,ADAPTI INC,adapti,,182403,5960.0,crosswalk
0001421461,INTREPID POTASH INC,intrepid potash,IPI,179843,1400.0,crosswalk
0001421517,ENERGY RECOVERY INC,energy recovery,ERII,179738,3559.0,crosswalk
0001422143,KURA ONCOLOGY INC,kura oncology,,26081,2836.0,crosswalk
0001422892,SINGULARITY FUTURE TECH LTD,singularity future tech,,180118,4731.0,crosswalk
0001422930,PUBMATIC INC,pubmatic,,37510,7370.0,crosswalk
0001423774,ZUORA INC,zuora,,33232,7370.0,crosswalk
0001423869,PCB BANCORP,pcb bancorp,,157498,6020.0,crosswalk
0001424657,CUENTAS INC,cuentas,LNWZ,18885,4812.0,crosswalk
0001424755,TRAVELPORT WORLDWIDE LTD,travelport worldwide,,21816,7370.0,crosswalk
0001424844,SOUTHWEST IOWA RENEWAB E LLC,southwest iowa renewab e,,18166,2911.0,crosswalk
0001424929,FOX FACTORY HOLDING CP,fox factory holding cp,FOXF,18320,3751.0,crosswalk
0001425292,CVR PARTNERS LP,cvr partners lp,UAN,186139,2870.0,crosswalk
0001425627,SOBR SAFE INC,sobr safe,,36649,3829.0,crosswalk
0001426332,NGM BIOPHARMACEUTICAL INC,ngm biopharmaceutical,,34221,2836.0,crosswalk
0001426800,ASSEMBLY BIOSCIENCES INC,assembly biosciences,VTUS,185289,2836.0,crosswalk
0001427437,ENTERGY TEXAS INC,entergy texas,,179236,4911.0,crosswalk
0001427570,VYOME HOLDINGS INC,vyome,,178847,3845.0,crosswalk
0001428336,HEALTHEQUITY INC,healthequity,,20823,6324.0,crosswalk
0001428439,ROKU INC,roku,,32382,4841.0,crosswalk
0001428522,RADIUS HEALTH INC,radius health,,170520,2836.0,crosswalk
0001429260,FORTRESS BIOTECH INC,fortress biotech,CNDO,196269,2836.0,crosswalk
0001429393,TRUTANKLESS INC,trutankless,BOLC,187350,3630.0,crosswalk
0001430723,SERVISFIRST BANCSHARES INC,servisfirst bancshares,,16549,6020.0,crosswalk
0001431567,OAK VALLEY BANCORP,oak valley bancorp,OVLY,66158,6020.0,crosswalk
0001431695,OLO INC,olo,,38285,7370.0,crosswalk
0001431959,META MATERIALS INC,meta materials,TRCH,39108,3679.0,crosswalk
0001432133,KALTURA INC,kaltura,,38491,7370.0,crosswalk
0001432150,GIGPEAK INC,gigpeak,,182012,3674.0,crosswalk
0001433195,APPFOLIO INC,appfolio,,24071,7370.0,crosswalk
0001433270,ANTERO RESOURCES CORP,antero resources,AR,18465,1311.0,crosswalk
0001433642,HAMILTON LANE INC,hamilton lane,,30076,6282.0,crosswalk
0001433660,JBT MAREL CORP,jbt marel,JBT,180466,3550.0,crosswalk
0001433714,CASTLIGHT HEALTH INC,castlight health,,19773,7370.0,crosswalk
0001434316,FATE THERAPEUTICS INC,fate therapeutics,FATE,18562,2836.0,crosswalk
0001434588,GRAND CANYON EDUCATION INC,grand canyon education,LOPE,180083,8200.0,crosswalk
0001434621,LENDINGTREE INC,lendingtree,TREE,180423,6163.0,crosswalk
0001434868,ESPERION THERAPEUTICS INC,esperion therapeutics,ESPR,18162,2834.0,crosswalk
0001435064,CEMTREX INC,cemtrex,CTEI,114203,3829.0,crosswalk
0001436126,MISTRAS GROUP INC,mistras,MG,180229,8711.0,crosswalk
0001436229,BTCS INC,btcs,,19767,7370.0,crosswalk
0001436975,LIGHTSTONE VL PL REIT II INC,lightstone vl pl reit ii,,21224,6798.0,crosswalk
0001437071,INVESCO MORTGAGE CAPITAL INC,invesco mortgage capital,IVR,180228,6798.0,crosswalk
0001437107,WARNER BROS DISCOVERY INC,warner bros discovery,DISCA,164296,4841.0,crosswalk
0001437226,MASTECH DIGITAL INC,mastech digital,MHH,180822,7361.0,crosswalk
0001437283,REGO PAYMENT ARCHITECTES INC,rego payment architectes,VPIG,181309,7374.0,crosswalk
0001437352,EVERBRIDGE INC,everbridge,,27874,7370.0,crosswalk
0001437402,ARDELYX INC,ardelyx,,20645,2836.0,crosswalk
0001437479,ENB FINANCIAL CORP,enb financial,ENBP,18008,6020.0,crosswalk
0001437491,RISKON INTERNATIONAL INC,riskon international,,27086,7389.0,crosswalk
0001437578,BRIGHT HORIZONS FAMILY SOLTN,bright horizons family soltn,BFAM,65275,8351.0,crosswalk
0001437750,TREX ACQUISITION CORP,trex acquisition,,180805,9995.0,crosswalk
0001437925,MERIDIAN HOLDINGS INC,meridian,,182172,7990.0,crosswalk
0001437958,COASTAL FINANCIAL CORP,coastal financial,,33695,6020.0,crosswalk
0001438133,TANDEM DIABETES CARE INC,tandem diabetes care,TNDM,18899,3845.0,crosswalk
0001438231,DIGIMARC CORP,digimarc,DMRC,181290,7370.0,crosswalk
0001438423,EVERSPIN TECHNOLOGIES INC,everspin technologies,,28087,3674.0,crosswalk
0001438461,YINFU GOLD CORP,yinfu gold,ELRE,22371,7370.0,crosswalk
0001438533,TRAVERE THERAPEUTICS INC,travere therapeutics,RTRX,16848,2836.0,crosswalk
0001438943,RANGE IMPACT INC,range impact,,181970,4950.0,crosswalk
0001439222,AGIOS PHARMACEUTICALS,agios pharmaceuticals,AGIO,18159,2836.0,crosswalk
0001439264,MARVION INC,marvion,,182422,4731.0,crosswalk
0001439288,ZURN ELKAY WATER SOLUTI CORP,zurn elkay water soluti,,180474,3430.0,crosswalk
0001439404,ZYNGA INC,zynga,,187576,7372.0,crosswalk
0001439725,BIODESIX INC,biodesix,,37134,8071.0,crosswalk
0001440153,BAKHU HOLDINGS CORP,bakhu,,182395,2834.0,crosswalk
0001441683,APPIAN CORP,appian,,31236,7370.0,crosswalk
0001441816,MONGODB INC,mongodb,,32526,7370.0,crosswalk
0001442145,VERISK ANALYTICS INC,verisk analytics,VRSK,180652,8742.0,crosswalk
0001442236,QUEST RESOURCE HOLDING CORP,quest resource,IRHC,16015,4950.0,crosswalk
0001442836,MERSANA THRPEUTIC INC,mersana thrpeutic,,31628,2836.0,crosswalk
0001443611,SINGLEPOINT INC,singlepoint,,36392,9997.0,crosswalk
0001443646,BOOZ ALLEN HAMILTON HLDG CP,booz allen hamilton hldg cp,BAH,185881,7370.0,crosswalk
0001443669,PROTO LABS INC,proto labs,PRLB,187696,3559.0,crosswalk
0001444192,GRACE THERAPEUTICS INC,grace therapeutics,,186834,2833.0,crosswalk
0001444363,GAIN CAPITAL HOLDINGS INC,gain capital,,183528,6200.0,crosswalk
0001444380,NEVRO CORP,nevro,,21916,3845.0,crosswalk
0001445283,KINETA INC,kineta,,37588,2836.0,crosswalk
0001445305,WORKIVA INC,workiva,,22000,7370.0,crosswalk
0001446159,AXE COMPUTE INC,axe compute,SKLN,183860,3841.0,crosswalk
0001447028,ARBUTUS BIOPHARMA CORP,arbutus biopharma,,62475,2836.0,crosswalk
0001447362,CASTLE BIOSCIENCES INC,castle biosciences,,35396,8071.0,crosswalk
0001447380,MOBIVITY HOLDINGS CORP,mobivity,MFON,183964,7372.0,crosswalk
0001447669,TWILIO INC,twilio,,27364,7370.0,crosswalk
0001448056,NEW RELIC INC,new relic,,22182,7370.0,crosswalk
0001448431,OPTIMIZERX CORP,optimizerx,OPRX,23464,7370.0,crosswalk
0001448893,ESSENT GROUP LTD,essent,ESNT,18745,6351.0,crosswalk
0001449278,TUBEMOGUL INC,tubemogul,,20090,7372.0,crosswalk
0001449488,CSI COMPRESSCO LP,csi compressco lp,GSJK,181745,1382.0,crosswalk
0001449792,PIONEER POWER SOLUTIONS INC,pioneer power solutions,PPSI,184133,3612.0,crosswalk
0001450704,VIVAKOR INC,vivakor,,183269,5171.0,crosswalk
0001450720,Frontier Diversified Fund,frontier diversified fund,,,,sec_header
0001450722,Frontier Masters Fund,frontier masters fund,,,,sec_header
0001450973,EFT HOLDINGS INC,eft,,106554,5961.0,crosswalk
0001451505,TRANSOCEAN LTD,transocean,RIG,28338,1381.0,crosswalk
0001451809,SITIME CORP,sitime,,35794,3674.0,crosswalk
0001451929,AVANT DIAGNOSTICS INC,avant diagnostics,,22760,2835.0,crosswalk
0001452751,NIMBLE STORAGE INC,nimble storage,,18975,3572.0,crosswalk
0001452936,PACIFIC OAK STR OPP REIT INC,pacific oak str opp reit,,36221,6798.0,crosswalk
0001453593,XTANT MEDICAL HOLDINGS INC,xtant medical,BONE,185193,3842.0,crosswalk
0001453814,MEDIDATA SOLUTIONS INC,medidata solutions,,182308,7370.0,crosswalk
0001454124,5BARZ INTERNATIONAL INC,5barz international,,183852,3663.0,crosswalk
0001454789,ASTRIA THERAPEUTICS INC,astria therapeutics,,23980,2836.0,crosswalk
0001454938,TEADS HOLDING CO,teads,,39248,7370.0,crosswalk
0001455684,TPI COMPOSITES INC,tpi composites,,27574,3510.0,crosswalk
0001456212,BLACKRIDGE TECHNOLOGY INTL I,blackridge technology intl i,,194861,7372.0,crosswalk
0001456772,OFFICE PROPERTIES INCOME TR,office properties income tr,GOV,182701,6798.0,crosswalk
0001457612,GENOCEA BIOSCIENCES INC,genocea biosciences,,19425,2836.0,crosswalk
0001458412,CROSSFIRST BANKSHARES INC,crossfirst bankshares,,35455,6020.0,crosswalk
0001459188,CHARGING ROBOTICS INC,charging robotics,,188357,9995.0,crosswalk
0001459200,ALARM.COM HOLDINGS INC,alarmcom,,24135,7370.0,crosswalk
0001459417,2U INC,2u,,19881,8200.0,crosswalk
0001459839,SI-BONE INC,sibone,,34193,3842.0,crosswalk
0001460329,FLUENT INC,fluent,IDI,183799,8742.0,crosswalk
0001460602,ORGENESIS INC,orgenesis,BOUT,183729,2836.0,crosswalk
0001461219,GRAHAM ALTERNATIVE INVESTMENT FUND I LLC,graham alternative investment fund i,,,,sec_header
0001461237,GRAHAM ALTERNATIVE INVESTMENT FUND II LLC,graham alternative investment fund ii,,,,sec_header
0001462056,BACKBLAZE INC,backblaze,,39910,7370.0,crosswalk
0001462120,LIVE OAK BANCSHARES INC,live oak bancshares,,20299,6020.0,crosswalk
0001462223,NIXXY INC,nixxy,TRLI,35345,7370.0,crosswalk
0001462418,ALTISOURCE PORTFOLIO SOLTNS,altisource portfolio soltns,ASPS,183312,6531.0,crosswalk
0001463101,ENPHASE ENERGY INC,enphase energy,ENPH,187450,3674.0,crosswalk
0001463172,ZENDESK INC,zendesk,,20229,7370.0,crosswalk
0001463208,TRANSPORTATION & LOG SYS INC,transportation log sys,LRNC,185950,4731.0,crosswalk
0001463913,US Alliance Corp,us alliance,,,,sec_header
0001463972,VUZIX CORP,vuzix,VUZI,184113,3827.0,crosswalk
0001464343,ATLANTICUS HOLDINGS CORP,atlanticus,ATLC,119714,6141.0,crosswalk
0001464423,PENNYMAC MORTGAGE INVEST TR,pennymac mortgage invest tr,PMT,183324,6798.0,crosswalk
0001464790,BRC GROUP HOLDINGS INC,brc,GAMR,178073,6211.0,crosswalk
0001466026,MIDLAND STATES BANCORP INC,midland states bancorp,,187236,6020.0,crosswalk
0001466258,TRANE TECHNOLOGIES PLC,trane technologies,IR,5959,3585.0,crosswalk
0001466593,OTTER TAIL CORP,otter tail,OTTR,8199,4911.0,crosswalk
0001466815,CAMBIUM LEARNING GROUP INC,cambium learning,,176939,7370.0,crosswalk
0001467373,ACCENTURE PLC,accenture,ACN,143357,8742.0,crosswalk
0001467623,DROPBOX INC,dropbox,,33152,7370.0,crosswalk
0001467760,APOLLO COMMERCIAL RE FIN INC,apollo commercial re fin,ARI,183606,6798.0,crosswalk
0001467761,FIEE INC,fiee,ZMTP,183666,3661.0,crosswalk
0001467858,GENERAL MOTORS CO,general motors,GM,5073,3711.0,crosswalk
0001468174,HYATT HOTELS CORP,hyatt hotels,H,183366,7011.0,crosswalk
0001468327,RENT THE RUNWAY INC,rent the runway,,39819,7200.0,crosswalk
0001468328,ADDUS HOMECARE CORP,addus homecare,ADUS,183283,8082.0,crosswalk
0001468492,HEARTSCIENCES INC,heartsciences,,41270,3845.0,crosswalk
0001468666,SECUREWORKS CORP,secureworks,,26677,7372.0,crosswalk
0001468679,AMERICAN CRYOSTEM CORP,american cryostem,,187449,2836.0,crosswalk
0001468748,KODIAK SCIENCES INC,kodiak sciences,,34118,2836.0,crosswalk
0001468910,Millburn Multi-Markets Fund L.P.,millburn multimarkets fund lp,,,,sec_header
0001469367,SUNRUN INC,sunrun,,24905,3620.0,crosswalk
0001470099,MOBILEIRON INC,mobileiron,,20330,7370.0,crosswalk
0001471265,NORTHWEST BANCSHARES INC,northwest bancshares,NWBI,30932,6036.0,crosswalk
0001471781,GBT TECHNOLOGIES INC,gbt technologies,,185115,6200.0,crosswalk
0001472012,IMMUNOME INC,immunome,,37035,2836.0,crosswalk
0001472787,FIRST AMERICAN FINANCIAL CP,first american financial cp,FAF,184899,6361.0,crosswalk
0001473334,XMAX INC,xmax,STVS,184585,2510.0,crosswalk
0001473490,GLOBAL AI INC,global ai,,16564,8742.0,crosswalk
0001473844,STELLAR BANCORP INC,stellar bancorp,,26270,6020.0,crosswalk
0001474167,COSMOS HEALTH INC,cosmos health,PMLT,18874,5122.0,crosswalk
0001474432,EVERPURE INC,everpure,,25756,3572.0,crosswalk
0001474439,TELENAV INC,telenav,,184101,4899.0,crosswalk
0001474735,GENERAC HOLDINGS INC,generac,GNRC,183736,3621.0,crosswalk
0001474903,BGSF INC,bgsf,,20044,7363.0,crosswalk
0001475115,EVENTBRITE INC,eventbrite,,34076,7370.0,crosswalk
0001475841,NATIONAL BANK HLDGS CORP,national bank hldgs,NBHC,190963,6020.0,crosswalk
0001475922,PRIMERICA INC,primerica,PRI,1414,6311.0,crosswalk
0001476034,METROPOLITAN BANK HLDNG,metropolitan bank hldng,,32519,6020.0,crosswalk
0001476204,PHILLIPS EDISON & CO INC,phillips edison,,26839,6798.0,crosswalk
0001476765,GOLUB CAPITAL BDC INC,golub capital bdc,GBDC,184689,6797.0,crosswalk
0001476840,EXPENSIFY INC,expensify,,39895,7370.0,crosswalk
0001476963,SCORPIUS HOLDINGS INC,scorpius,HTBX,17910,2836.0,crosswalk
0001477200,ROCKET FUEL INC,rocket fuel,,18584,7370.0,crosswalk
0001477333,CLOUDFLARE INC,cloudflare,,35604,7370.0,crosswalk
0001477425,SENDGRID INC,sendgrid,,32675,7370.0,crosswalk
0001477449,TELADOC HEALTH INC,teladoc health,,24249,8090.0,crosswalk
0001477720,ASANA INC,asana,,36964,7370.0,crosswalk
0001477815,SWEETGREEN INC,sweetgreen,,39961,5812.0,crosswalk
0001477960,Catalyst Crew Technologies Corp.,catalyst crew technologies,,,,sec_header
0001478069,CONTRAFECT CORP,contrafect,,21223,2836.0,crosswalk
0001478242,IQVIA HOLDINGS INC,iqvia,Q,17928,8731.0,crosswalk
0001478320,ADAPTIVE BIOTECH CORP,adaptive biotech,,35279,2835.0,crosswalk
0001479094,STAG INDUSTRIAL INC,stag industrial,STAG,185339,6798.0,crosswalk
0001479615,SILENCE THERAPEUTICS PLC,silence therapeutics,,207257,2836.0,crosswalk
0001479681,NUTEX HEALTH INC,nutex health,,35824,8060.0,crosswalk
0001481443,"TechCom, Inc.",techcom,,,,sec_header
0001481504,XERIANT INC,xeriant,BANJ,36803,3721.0,crosswalk
0001481582,RYERSON HOLDING CORP,ryerson,,5968,5051.0,crosswalk
0001481646,ACCOLADE INC,accolade,,36263,8090.0,crosswalk
0001481792,QUAD/GRAPHICS INC,quadgraphics,QUAD,184748,2750.0,crosswalk
0001481832,PREFERRED APARTMENT CMNTYS,preferred apartment cmntys,,185345,6798.0,crosswalk
0001482541,CEA INDUSTRIES INC,cea industries,SRNA,186779,3523.0,crosswalk
0001482554,HARTFORD CREATIVE GROUP INC,hartford creative,,194557,7011.0,crosswalk
0001482981,VITA COCO COMPANY INC,vita coco,,39749,2086.0,crosswalk
0001483510,EXPRESS INC,express,EXPR,184323,5600.0,crosswalk
0001484612,OUTSET MEDICAL INC,outset medical,,36885,3845.0,crosswalk
0001484769,FUBOTV INC,fubotv,,17001,7370.0,crosswalk
0001484778,THREDUP INC,thredup,,38418,5961.0,crosswalk
0001485029,NEW ASIA HOLDINGS INC,new asia,,177615,7370.0,crosswalk
0001486159,CHORD ENERGY CORP,chord energy,OAS,184442,1311.0,crosswalk
0001486957,BWX TECHNOLOGIES INC,bwx technologies,BWC,185229,3559.0,crosswalk
0001487101,KEYW HOLDING CORP,keyw,,185119,7370.0,crosswalk
0001487197,BARFRESH FOOD GROUP INC,barfresh food,BRFH,170535,2030.0,crosswalk
0001487428,HORIZON TECHNOLOGY FINANCE,horizon technology finance,HRZN,185821,6797.0,crosswalk
0001487712,AIR LEASE CORP,air lease,AL,186278,7359.0,crosswalk
0001487952,VISHAY PRECISION GROUP INC,vishay precision,VPG,185138,3674.0,crosswalk
0001488039,ATOSSA THERAPEUTICS INC,atossa therapeutics,ATOS,185659,2836.0,crosswalk
0001488139,AMERESCO INC,ameresco,AMRC,185128,1600.0,crosswalk
0001488419,SINO AGRO FOOD INC,sino agro food,,22789,200.0,crosswalk
0001488813,CUSTOMERS BANCORP INC,customers bancorp,CUBI,170396,6020.0,crosswalk
0001489096,THERMON GROUP HOLDINGS INC,thermon,THR,186360,3690.0,crosswalk
0001489393,LYONDELLBASELL INDUSTRIES,lyondellbasell industries,LYB,294524,2820.0,crosswalk
0001490660,MARKETO INC,marketo,,17693,7370.0,crosswalk
0001490873,ECO SCIENCE SOLUTIONS INC,eco science solutions,,186370,2836.0,crosswalk
0001490906,CAPITOL FEDERAL FINL INC,capitol federal finl,CFFN,119414,6035.0,crosswalk
0001490927,FRANKLIN BSP LENDING CORP,franklin bsp lending,,16881,6797.0,crosswalk
0001490978,SCHRODINGER INC,schrodinger,,36051,7372.0,crosswalk
0001491419,LIVEONE INC,liveone,,187122,7370.0,crosswalk
0001492151,WORLD MOTO INC,world moto,,16522,3824.0,crosswalk
0001492298,SABRA HEALTH CARE REIT INC,sabra health care reit,SBRA,185618,6798.0,crosswalk
0001492422,APELLIS PHARMACEUTICALS,apellis pharmaceuticals,,26359,2836.0,crosswalk
0001492617,FLYWHEEL ADVANCED TECHNO INC,flywheel advanced techno,,17879,9995.0,crosswalk
0001492633,NIELSEN HOLDINGS PLC,nielsen,,100873,8700.0,crosswalk
0001492658,WRIGHT MEDICAL GROUP NV,wright medical group nv,,143421,3842.0,crosswalk
0001492674,T2 BIOSYSTEMS INC,t2 biosystems,,21033,2835.0,crosswalk
0001492691,KNIGHT-SWIFT TRPTN HLDGS INC,knightswift trptn hldgs,SWFT,30861,4213.0,crosswalk
0001492915,STANDARD AVB FINANCIAL CORP,standard avb financial,,185113,6036.0,crosswalk
0001493594,MACOM TECHNLGY SOL HLDGS INC,macom technlgy sol hldgs,MTSI,187740,3674.0,crosswalk
0001493976,Kilroy Realty LP,kilroy realty lp,KRLP,,6798.0,ticker_map
0001494259,CARGURUS INC,cargurus,,32541,7370.0,crosswalk
0001494413,TWO HANDS CORP,two hands,,186464,7372.0,crosswalk
0001494877,"DIGITAL REALTY TRUST, L.P.",digital realty trust lp,,,,sec_header
0001494891,SENSUS HEALTHCARE INC,sensus healthcare,,26908,3845.0,crosswalk
0001494904,GLOBAL INDEMNITY GROUP LLC,global indemnity,GBLI,156384,6331.0,crosswalk
0001495231,IZEA WORLDWIDE INC,izea worldwide,,187357,7370.0,crosswalk
0001495320,VERA BRADLEY INC,vera bradley,VRA,185195,3100.0,crosswalk
0001495584,FIRSTHAND TECHNOLOGY VALU FD,firsthand technology valu fd,SVVC,186990,6797.0,crosswalk
0001495648,BLACKWELL 3D CONSTRUCTN CORP,blackwell 3d constructn,,186251,7370.0,crosswalk
0001495932,EXP WORLD HOLDINGS INC,exp world,DSETD,18875,6531.0,crosswalk
0001496099,NEW MOUNTAIN FINANCE CORP,new mountain finance,NMFC,185585,6797.0,crosswalk
0001496443,PAYSIGN INC,paysign,TPNL,105394,7389.0,crosswalk
0001496690,BLUEONE CARD INC,blueone card,ANSH,185891,7389.0,crosswalk
0001496963,SQUARESPACE INC,squarespace,,38736,7370.0,crosswalk
0001497230,FYNTECHNICAL INNOVATIONS INC,fyntechnical innovations,,114380,7900.0,crosswalk
0001497253,VIVOSIM LABS INC,vivosim labs,ONVO,170730,2836.0,crosswalk
0001497645,SUMMIT HOTEL PROPERTIES INC,summit hotel properties,INN,185396,6798.0,crosswalk
0001497770,WALKER & DUNLOP INC,walker dunlop,WD,185370,6162.0,crosswalk
0001498067,CITRINE GLOBAL CORP,citrine global,,27809,2834.0,crosswalk
0001498148,ARTIFICIAL INTEL TECH SL INC,artificial intel tech sl,,34036,7359.0,crosswalk
0001498233,CEPTON INC,cepton,,37908,3829.0,crosswalk
0001498710,SPIRIT AVIATION HOLDINGS INC,spirit aviation,SAVE,185624,4512.0,crosswalk
0001498828,Howard Hughes Corp,howard hughes,HHC,,6798.0,ticker_map
0001499275,GROOVY COMPANY INC,groovy,,187784,7370.0,crosswalk
0001499832,TOWNSQUARE MEDIA INC,townsquare media,,111974,4832.0,crosswalk
0001499961,BOLLINGER INNOVATIONS INC,bollinger innovations,NETE,40116,3711.0,crosswalk
0001500198,NEUROONE MED TECHNOLOGIES CO,neuroone med technologies,OSEO,32247,3845.0,crosswalk
0001500217,AMERICAN ASSETS TRUST INC,american assets trust,AAT,185549,6798.0,crosswalk
0001500242,UBI BLOCKCHAIN INTERNET,ubi blockchain internet,,189563,7372.0,crosswalk
0001500435,GOPRO INC,gopro,,20644,3861.0,crosswalk
0001500881,ENCORE ENERGY CORP,encore energy,,18017,1090.0,crosswalk
0001501134,INVITAE CORP,invitae,,22867,8071.0,crosswalk
0001501570,VERITEX HOLDINGS INC,veritex,,21633,6020.0,crosswalk
0001501585,HUNTINGTON INGALLS IND INC,huntington ingalls ind,HII,186310,3730.0,crosswalk
0001501697,X4 PHARMACEUTICALS INC,x4 pharmaceuticals,,34929,2836.0,crosswalk
0001501729,FS Specialty Lending Fund,fs specialty lending fund,,,,sec_header
0001501756,ADVERUM BIOTECHNOLOGIES,adverum biotechnologies,,21020,2836.0,crosswalk
0001501796,AURA BIOSCIENCES INC,aura biosciences,,39872,2836.0,crosswalk
0001501989,CYTOMX THERAPEUTICS INC,cytomx therapeutics,,26112,2836.0,crosswalk
0001502966,HYPHA LABS INC,hypha labs,,170378,8734.0,crosswalk
0001504008,BANKUNITED INC,bankunited,BKU,185824,6020.0,crosswalk
0001504461,NGL ENERGY PARTNERS LP,ngl energy partners lp,NGL,186501,5172.0,crosswalk
0001504776,WARBY PARKER INC,warby parker,,39502,5990.0,crosswalk
0001505155,UPLAND SOFTWARE INC,upland software,,22040,7370.0,crosswalk
0001505497,BIORESTORATIVE THERAPIES INC,biorestorative therapies,SCLZ,66042,2836.0,crosswalk
0001505512,REGULUS THERAPEUTICS INC,regulus therapeutics,RGLS,13835,2836.0,crosswalk
0001505732,BANKWELL FINANCIAL GROUP INC,bankwell financial,,160423,6020.0,crosswalk
0001505952,DOMO INC,domo,,33603,7370.0,crosswalk
0001506251,CITIUS PHARMACEUTICALS INC,citius pharmaceuticals,,21807,2834.0,crosswalk
0001506293,PINTEREST INC,pinterest,,35013,7370.0,crosswalk
0001506307,KINDER MORGAN INC,kinder morgan,KMI,6310,4923.0,crosswalk
0001506929,VERDE RESOURCES INC,verde resources,,19896,1040.0,crosswalk
0001506983,GLUCOTRACK INC,glucotrack,,17024,3845.0,crosswalk
0001507079,FLOOR & DECOR HLDGS,floor decor hldgs,,22155,5211.0,crosswalk
0001507605,MARA HOLDINGS INC,mara,MARA,4384,7370.0,crosswalk
0001508381,BIONIK LABORATORIES CORP,bionik laboratories,,23255,3842.0,crosswalk
0001508655,SIXTH STREET SPECIALTY LENDI,sixth street specialty lendi,,19974,6797.0,crosswalk
0001509223,MOATABLE INC,moatable,,186996,7370.0,crosswalk
0001509470,SURO CAPITAL CORP,suro capital,GSVC,186993,6797.0,crosswalk
0001509570,"American Assets Trust, L.P.",american assets trust lp,,,,sec_header
0001510247,LGBTQ LOYALTY HOLDINGS INC,lgbtq loyalty,,14865,3949.0,crosswalk
0001510295,MARATHON PETROLEUM CORP,marathon petroleum,MPC,186989,2911.0,crosswalk
0001510832,BIOPOWER OPERATIONS CORP,biopower operations,,187769,6200.0,crosswalk
0001511737,UBIQUITI INC,ubiquiti,UBNT,187462,3663.0,crosswalk
0001512228,NIOCORP DEVELOPMENTS LTD,niocorp developments,,107150,1090.0,crosswalk
0001512499,LINDBLAD EXPEDITIONS HLDGS,lindblad expeditions hldgs,CLAC,24351,4700.0,crosswalk
0001512673,BLOCK INC,block,,26367,7374.0,crosswalk
0001512762,COHERUS ONCOLOGY INC,coherus oncology,,21841,2836.0,crosswalk
0001512931,MONROE CAPITAL CORP,monroe capital,MRCC,16066,6797.0,crosswalk
0001513761,NORWEGIAN CRUISE LINE HLDGS,norwegian cruise line hldgs,NCLH,104432,4400.0,crosswalk
0001514056,TITAN ENVIRONM SOLUTIONS INC,titan environm solutions,,26165,4950.0,crosswalk
0001514226,DELTA TUCKER HOLDINGS INC,delta tucker,,165653,4581.0,crosswalk
0001514281,AG MORTGAGE INVESTMENT TRUST,ag mortgage investment trust,MITT,186671,6798.0,crosswalk
0001514416,BANDWIDTH INC,bandwidth,,32571,7370.0,crosswalk
0001514443,AMERIGUARD SECURITY SRVS INC,ameriguard security srvs,,171213,7381.0,crosswalk
0001514991,AMC NETWORKS INC,amc networks,AMCX,187406,4833.0,crosswalk
0001515139,WASTE ENERGY CORP,waste energy,,18918,9995.0,crosswalk
0001515673,ULTRAGENYX PHARMACEUTICAL,ultragenyx pharmaceutical,RARE,19149,2836.0,crosswalk
0001515816,PLYMOUTH INDL REIT INC,plymouth indl reit,,20959,6798.0,crosswalk
0001516513,DOXIMITY INC,doximity,,38927,7370.0,crosswalk
0001516887,WELLNESS CENTER USA INC,wellness center usa,,170692,8000.0,crosswalk
0001516912,ORIGIN BANCORP,origin bancorp,,33459,6020.0,crosswalk
0001517022,AKEBIA THERAPEUTICS INC,akebia therapeutics,,19859,2836.0,crosswalk
0001517175,CHEFS' WAREHOUSE INC,chefs warehouse,CHEF,186960,5140.0,crosswalk
0001517228,VISTANCE NETWORKS INC,vistance networks,COMM,18036,3663.0,crosswalk
0001517302,ARTISAN PARTNERS ASSET MGMT,artisan partners asset mgmt,APAM,16113,6282.0,crosswalk
0001517375,SPROUT SOCIAL INC,sprout social,,35922,7370.0,crosswalk
0001517413,FASTLY INC,fastly,,35120,7370.0,crosswalk
0001518715,MECHANICS BANCORP,mechanics bancorp,HMST,18948,6020.0,crosswalk
0001519177,SOLLENSYS CORP,sollensys,,37499,3570.0,crosswalk
0001519401,REGIONAL MANAGEMENT CORP,regional management,RM,187253,6141.0,crosswalk
0001519449,SKYWARD SPECIALTY INS GP INC,skyward specialty ins gp,,41782,6331.0,crosswalk
0001519472,SOLARMAX TECHNOLOGY INC,solarmax technology,,35160,8711.0,crosswalk
0001519751,FORTUNE BRANDS INNOVATNS INC,fortune brands innovatns,FBHS,188255,3430.0,crosswalk
0001520118,MEDWELLAI INC,medwellai,,18080,7370.0,crosswalk
0001520262,ALKERMES PLC,alkermes,ALKS,24302,2836.0,crosswalk
0001520358,MAMA'S CREATIONS INC,mamas creations,MMMB,17494,2030.0,crosswalk
0001520566,NATIONSTAR MORTGAGE HOLDINGS,nationstar mortgage,,184498,6162.0,crosswalk
0001520697,ACADIA HEALTHCARE CO INC,acadia healthcare,ACHC,192255,8060.0,crosswalk
0001521036,LANTHEUS HOLDINGS INC,lantheus,,21004,2835.0,crosswalk
0001521332,APTIV PLC,aptiv,DLPH,118122,3714.0,crosswalk
0001521951,FIRST BUSINESS FINL SRV INC,first business finl srv,FBIZ,165284,6020.0,crosswalk
0001522540,MARQETA INC,marqeta,,38832,7389.0,crosswalk
0001522690,GWG HOLDINGS INC,gwg,,20441,6799.0,crosswalk
0001522727,USA COMPRESSION PRTNRS LP,usa compression prtnrs lp,USAC,33449,1389.0,crosswalk
0001523855,TECHNOVATIVE GROUP INC,technovative,,23745,7370.0,crosswalk
0001524223,MANNING & NAPIER INC,manning napier,,189567,6282.0,crosswalk
0001524358,MARRIOTT VACATIONS WORLDWIDE,marriott vacations worldwide,VAC,191255,7011.0,crosswalk
0001524472,XYLEM INC,xylem,XYL,189491,3561.0,crosswalk
0001524607,"MPT Operating Partnership, L.P.",mpt operating partnership lp,,,,sec_header
0001524931,CHUY'S HOLDINGS INC,chuys,CHUY,187775,5812.0,crosswalk
0001525221,BRISTOW GROUP INC,bristow,,8092,4522.0,crosswalk
0001526113,GLOBAL NET LEASE INC,global net lease,,23996,6798.0,crosswalk
0001526243,PERPETUA RESOURCES CORP,perpetua resources,,187650,1040.0,crosswalk
0001526520,TRIPADVISOR INC,tripadvisor,TRIP,199356,7370.0,crosswalk
0001526689,GENERATION NXT FRNCHS BRANDS,generation nxt frnchs brands,,18492,5900.0,crosswalk
0001527166,CARLYLE GROUP INC,carlyle,CG,189459,6282.0,crosswalk
0001527469,ATHENE HOLDING LTD,athene,,318728,6311.0,crosswalk
0001527541,WHEELER REAL ESTATE INVT TR,wheeler real estate invt tr,WHLR,194256,6798.0,crosswalk
0001527613,CIMG INC,cimg,,14501,2085.0,crosswalk
0001527702,IQSTEL INC,iqstel,,34070,4813.0,crosswalk
0001527728,LUNAI BIOWORKS INC,lunai bioworks,,33155,2836.0,crosswalk
0001527753,PERSONALIS INC,personalis,,35254,2835.0,crosswalk
0001527844,GLOBE PHOTOS INC,globe photos,,187192,5961.0,crosswalk
0001528061,COMMUNITY CHOICE FINANCIAL,community choice financial,,187855,6141.0,crosswalk
0001528115,ANNEXON INC,annexon,,36768,2836.0,crosswalk
0001528129,VITAL ENGY INC,vital engy,LPI,187961,1311.0,crosswalk
0001528287,NEUROPACE INC,neuropace,,38507,3841.0,crosswalk
0001528396,GUIDEWIRE SOFTWARE INC,guidewire software,GWRE,190455,7372.0,crosswalk
0001528557,CORINDUS VASCULAR ROBOTICS,corindus vascular robotics,,21520,3845.0,crosswalk
0001528985,INLAND REAL ESTATE INCOME TR,inland real estate income tr,,27463,6798.0,crosswalk
0001529113,XTI AEROSPACE INC,xti aerospace,,148396,3721.0,crosswalk
0001529274,ALKAMI TECHNOLOGY INC,alkami technology,,38329,7370.0,crosswalk
0001529377,ARES COMMERCIAL REAL ESTATE,ares commercial real estate,ACRE,189516,6798.0,crosswalk
0001529628,SMART SAND INC,smart sand,,22284,1400.0,crosswalk
0001529864,ENOVA INTERNATIONAL INC,enova international,,189517,6141.0,crosswalk
0001530249,FS BANCORP INC,fs bancorp,FSBW,181820,6036.0,crosswalk
0001530425,ARTISAN CONSUMER GOODS INC,artisan consumer goods,,170995,2000.0,crosswalk
0001530766,STREAMEX CORP,streamex,,21824,3845.0,crosswalk
0001530950,POST HOLDINGS INC,post,POST,170527,2015.0,crosswalk
0001531031,ESQUIRE FINCL HOLD INC,esquire fincl hold,,31606,6020.0,crosswalk
0001531048,INARI MEDICAL INC,inari medical,,36236,3841.0,crosswalk
0001531177,SIGHT SCIENCES INC,sight sciences,,39171,3841.0,crosswalk
0001531978,PARAGON 28 INC,paragon 28,,39734,3842.0,crosswalk
0001532063,EXPRESS SCRIPTS HOLDING CO,express scripts,,25356,5912.0,crosswalk
0001533615,CHIRON REAL ESTATE INC,chiron real estate,SOOP,16125,6798.0,crosswalk
0001533758,Hughes Satellite Systems Corp,hughes satellite systems,,,,sec_header
0001533932,WORLDPAY INC,worldpay,,194956,7374.0,crosswalk
0001533998,DARIOHEALTH CORP,dariohealth,,17485,8000.0,crosswalk
0001534133,CALCIMEDICA INC,calcimedica,,37062,2834.0,crosswalk
0001534154,AUTHID INC,authid,,23001,7372.0,crosswalk
0001534248,CHEMOMAB THERAPEU -ADR,chemomab therapeu adr,,38393,2836.0,crosswalk
0001534701,PHILLIPS 66,phillips 66,PSX,170841,2911.0,crosswalk
0001534708,BEELINE HOLDINGS INC,beeline,EURC,18398,6162.0,crosswalk
0001534969,SERA PROGNOSTICS INC,sera prognostics,,39170,2835.0,crosswalk
0001535079,Touchpoint Metrics Inc,touchpoint metrics,TPOI,,7372.0,ticker_map
0001535379,CLOUDERA INC,cloudera,,31004,7370.0,crosswalk
0001535527,CROWDSTRIKE HOLDINGS INC,crowdstrike,,35182,7370.0,crosswalk
0001535778,MSC INCOME FUND INC,msc income fund,,39498,6797.0,crosswalk
0001535929,VOYA FINANCIAL INC,voya financial,VOYA,16384,6311.0,crosswalk
0001537054,GOGO INC,gogo,GOGO,170384,4899.0,crosswalk
0001538210,NEXIMMUNE INC,neximmune,,37808,2836.0,crosswalk
0001538217,SRAX INC,srax,,15543,7370.0,crosswalk
0001538263,HOMETRUST BANCSHARES INC,hometrust bancshares,,170419,6020.0,crosswalk
0001538379,IBOTTA INC,ibotta,,45223,7310.0,crosswalk
0001538716,OPORTUN FINANCIAL CORP,oportun financial,,35471,6141.0,crosswalk
0001538990,STORE CAPITAL CORP,store capital,,21630,6798.0,crosswalk
0001539638,TRIUMPH FINANCIAL INC,triumph financial,,21815,6036.0,crosswalk
0001539838,DIAMONDBACK ENERGY INC,diamondback energy,FANG,170750,1311.0,crosswalk
0001539894,ATLAS FINANCIAL HOLDINGS INC,atlas financial,,186230,6331.0,crosswalk
0001540184,MEDALLIA INC,medallia,,35374,7370.0,crosswalk
0001540615,PUGET TECHNOLOGIES INC,puget technologies,,16039,9995.0,crosswalk
0001540684,ATLAS LITHIUM CORP,atlas lithium,,18019,1400.0,crosswalk
0001540755,ANAPLAN INC,anaplan,,34236,7370.0,crosswalk
0001541119,SOUND FINANCIAL BANCORP INC,sound financial bancorp,SFBC,179234,6020.0,crosswalk
0001541884,PROLUNG INC,prolung,,33017,3845.0,crosswalk
0001542447,"RREEF Property Trust, Inc.",rreef property trust,,,,sec_header
0001542574,Prosper Funding LLC,prosper funding,,,,sec_header
0001543042,COMM 2012-LC4 Mortgage Trust,comm 2012lc4 mortgage trust,,,,sec_header
0001543066,EZRAIDER CO,ezraider,,13818,5010.0,crosswalk
0001543151,UBER TECHNOLOGIES INC,uber technologies,,35077,4100.0,crosswalk
0001543418,TRILOGY METALS INC,trilogy metals,NCQ,171111,1000.0,crosswalk
0001543916,FORGEROCK INC,forgerock,,39487,7370.0,crosswalk
0001544206,CARLYLE SECURED LENDING INC,carlyle secured lending,,31819,6797.0,crosswalk
0001544227,TEMPEST THERAPEUTICS INC,tempest therapeutics,OVAS,39104,2836.0,crosswalk
0001544229,VALINAR LLC,valinar,,12413,8711.0,crosswalk
0001544522,FRESHWORKS INC,freshworks,,39539,7370.0,crosswalk
0001545018,J.P. Morgan Chase Commercial Mortgage Securities Trust 2012-C6,jp morgan chase commercial mortgage securities trust 2012c6,,,,sec_header
0001545232,AIM EXPLORATION INC,aim exploration,,18391,1000.0,crosswalk
0001546296,PROFESSIONAL DIVERSITY NETWK,professional diversity netwk,IPDN,8661,7361.0,crosswalk
0001546417,BLOOMIN' BRANDS INC,bloomin brands,BLMN,171049,5812.0,crosswalk
0001546853,SKKYNET CLOUD SYSTEMS INC,skkynet cloud systems,SKKY,17349,7370.0,crosswalk
0001547546,LUMENT FINANCE TRUST INC,lument finance trust,OAKS,16884,6798.0,crosswalk
0001547903,NMI HOLDINGS INC,nmi,NMIH,11854,6351.0,crosswalk
0001548240,YEW BIO-PHARM GROUP INC,yew biopharm,,179147,2833.0,crosswalk
0001548309,SEARS HOMETOWN & OUTLET STR,sears hometown outlet str,,12976,5700.0,crosswalk
0001549346,SHUTTERSTOCK INC,shutterstock,SSTK,3382,7370.0,crosswalk
0001549595,NURIX THERAPEUTICS INC,nurix therapeutics,,36767,2836.0,crosswalk
0001549631,QUARTA-RAD INC,quartarad,,32242,5065.0,crosswalk
0001550695,PERFORMANT HEALTHCARE INC,performant healthcare,PFMT,170965,7320.0,crosswalk
0001551152,ABBVIE INC,abbvie,ABBV,16101,2836.0,crosswalk
0001551901,STELLUS CAPITAL INVESTMENT,stellus capital investment,SCM,16150,6797.0,crosswalk
0001552000,MPLX LP,mplx lp,MPLX,12294,4610.0,crosswalk
0001552033,TRANSUNION,transunion,,24638,7323.0,crosswalk
0001552189,PANACEA LIFE SCIENCS HOL INC,panacea life sciencs hol,,40234,2833.0,crosswalk
0001552198,WHITEHORSE FINANCE INC,whitehorse finance,WHF,16608,6797.0,crosswalk
0001552493,CNH Industrial Capital LLC,cnh industrial capital,,,,sec_header
0001552797,DELEK LOGISTICS PARTNERS LP,delek logistics partners lp,DKL,12833,5171.0,crosswalk
0001552800,TILE SHOP HOLDINGS INC,tile shop,TTS,13861,5700.0,crosswalk
0001552979,CHINA DE XIAO QUA C G CO LTD,china de xiao qua c g,,18091,9995.0,crosswalk
0001553404,PACIFIC GREEN TECHNOLOGIES,pacific green technologies,,125376,4955.0,crosswalk
0001553788,SPLASH BEVERAGE GROUP INC,splash beverage,,36379,2080.0,crosswalk
0001554818,AUDDIA INC,auddia,,36089,7370.0,crosswalk
0001554859,SEMLER SCIENTIFIC INC,semler scientific,,19189,3845.0,crosswalk
0001555279,908 DEVICES INC,908 devices,,37480,3826.0,crosswalk
0001555280,ZOETIS INC,zoetis,ZTS,13721,2834.0,crosswalk
0001556263,SYROS PHARMACEUTICALS INC,syros pharmaceuticals,,27392,2836.0,crosswalk
0001556593,RITHM CAPITAL CORP,rithm capital,NRZ,17878,6798.0,crosswalk
0001556739,THRYV HOLDINGS INC,thryv,DXM,37130,2741.0,crosswalk
0001556801,MY CITY BUILDERS INC,my city builders,,17917,6552.0,crosswalk
0001557127,USERTESTING INC,usertesting,,39886,7370.0,crosswalk
0001557746,ACLARIS THERAPEUTICS INC,aclaris therapeutics,,25904,2834.0,crosswalk
0001558569,ISPECIMEN INC,ispecimen,,37671,7372.0,crosswalk
0001558583,ARCIMOTO INC,arcimoto,,32456,3711.0,crosswalk
0001559356,BIOSTAX CORP,biostax,,7095,2836.0,crosswalk
0001559720,AIRBNB INC,airbnb,,37460,7000.0,crosswalk
0001559865,EVERTEC INC,evertec,EVTC,185375,7374.0,crosswalk
0001560143,WYTEC INTERNATIONAL INC,wytec international,,37365,3663.0,crosswalk
0001560241,G1 THERAPEUTICS INC,g1 therapeutics,,31294,2836.0,crosswalk
0001560258,ELECTROCORE INC,electrocore,,33614,3845.0,crosswalk
0001560327,RAPID7 INC,rapid7,,24501,7372.0,crosswalk
0001560385,LIBERTY MEDIA CORP -CONSOL,liberty media corp consol,,27189,4832.0,crosswalk
0001560672,ELLINGTON CREDIT CO,ellington credit,EARN,17866,6798.0,crosswalk
0001561032,NATIONAL HEALTHCR PRPRTS INC,national healthcr prprts,,35951,6798.0,crosswalk
0001561550,DATADOG INC,datadog,,35620,7370.0,crosswalk
0001561880,LEGACY EDUCATION ALLIANCE,legacy education alliance,,22176,8200.0,crosswalk
0001561894,HA SUSTAINABLE INFRA CAP INC,ha sustainable infra cap,HASI,17769,6798.0,crosswalk
0001562088,DUOLINGO INC,duolingo,,39122,8200.0,crosswalk
0001562401,AMERICAN HOMES 4 RENT,american homes 4 rent,AMH,17639,6798.0,crosswalk
0001562476,TAYLOR MORRISON HOME CORP,taylor morrison home,TMHC,16653,1531.0,crosswalk
0001563190,COMPASS INC,compass,,38488,6531.0,crosswalk
0001563665,HARVARD APPARATUS REGE T INC,harvard apparatus rege t,HART,16719,2836.0,crosswalk
0001563756,LIGHTSTONE VAL PLUS REIT III,lightstone val plus reit iii,,36498,6798.0,crosswalk
0001563880,TREVI THERAPEUTICS INC,trevi therapeutics,,35054,2834.0,crosswalk
0001563922,Greenbacker Renewable Energy Co LLC,greenbacker renewable energy,,,,sec_header
0001564406,OAK STREET HEALTH INC,oak street health,,36728,8000.0,crosswalk
0001564408,SNAP INC,snap,,30091,7370.0,crosswalk
0001564618,INDEPENDENT BK GRP INC,independent bk grp,IBTX,17451,6020.0,crosswalk
0001564708,NEWS CORP,news,NWS,18043,2711.0,crosswalk
0001564902,UNITED PARKS & RESORTS INC,united parks resorts,SEAS,186392,7996.0,crosswalk
0001565228,VISLINK TECHNOLOGIES INC,vislink technologies,XGTI,289735,3663.0,crosswalk
0001565687,INTAPP INC,intapp,,39070,7370.0,crosswalk
0001566044,VYNE THERAPEUTICS INC,vyne therapeutics,,21522,2834.0,crosswalk
0001566469,NANTHEALTH INC,nanthealth,,27274,7370.0,crosswalk
0001566610,TON STRATEGY CO,ton strategy,,21984,7370.0,crosswalk
0001566826,LOGICMARK INC,logicmark,,18490,3845.0,crosswalk
0001567094,CNH INDUSTRIAL NV,cnh industrial nv,,295786,3523.0,crosswalk
0001567892,MALLINCKRODT PLC,mallinckrodt,MNK,18086,2834.0,crosswalk
0001567900,REALLOYS INC,realloys,,26630,1000.0,crosswalk
0001568100,PAGERDUTY INC,pagerduty,,34955,7370.0,crosswalk
0001568385,BRIGHT MOUNTAIN MEDIA INC,bright mountain media,,19394,7310.0,crosswalk
0001568651,OSCAR HEALTH INC,oscar health,,38019,6321.0,crosswalk
0001568969,"APPYEA, INC",appyea,,,,sec_header
0001569345,SPRINKLR INC,sprinklr,,38915,7370.0,crosswalk
0001569455,J.P. Morgan Chase Commercial Mortgage Securities Trust 2013-C10,jp morgan chase commercial mortgage securities trust 2013c10,,,,sec_header
0001570562,EVOLUS INC,evolus,,32919,2834.0,crosswalk
0001570585,LIBERTY GLOBAL LTD,liberty global,LBTY,160549,4841.0,crosswalk
0001570827,VICTORY CPTL HLDGS INC,victory cptl hldgs,,21799,6282.0,crosswalk
0001571123,SCIENCE APPLICATIONS INTL CP,science applications intl cp,SAIC,18683,7373.0,crosswalk
0001571283,REXFORD INDUS REALTY,rexford indus realty,REXR,18071,6798.0,crosswalk
0001571776,CHERRY HILL MTG INVST,cherry hill mtg invst,CHMI,18073,6798.0,crosswalk
0001571949,INTERCONTINENTAL EXCHANGE,intercontinental exchange,ICE,163610,6200.0,crosswalk
0001571996,DELL TECHNOLOGIES INC,dell technologies,,14489,3571.0,crosswalk
0001572616,FRACTYL HEALTH INC,fractyl health,,43888,3845.0,crosswalk
0001572694,GOLDMAN SACHS BDC INC,goldman sachs bdc,,23353,6797.0,crosswalk
0001573221,REALREAL INC (THE),realreal inc the,,35288,7370.0,crosswalk
0001574219,J.P. Morgan Chase Commercial Mortgage Securities Trust 2013-LC11,jp morgan chase commercial mortgage securities trust 2013lc11,,,,sec_header
0001574540,PHYSICIANS REALTY TR,physicians realty tr,DOC,18145,6798.0,crosswalk
0001574774,BIOTELEMETRY INC,biotelemetry,,179441,8090.0,crosswalk
0001574910,RENAVOTIO INC,renavotio,,20184,7812.0,crosswalk
0001575142,"BIOADAPTIVES, INC.",bioadaptives,,,,sec_header
0001575434,VERICITY INC,vericity,,35305,6311.0,crosswalk
0001575515,SPROUTS FARMERS MARKET,sprouts farmers market,SFM,17934,5411.0,crosswalk
0001575793,ENERGOUS CORP,energous,,19977,3690.0,crosswalk
0001575828,EXPRO GROUP HOLDINGS N V,expro group holdings n v,FI,206243,1389.0,crosswalk
0001576018,SIRIUSPOINT LTD,siriuspoint,TPRE,18441,6331.0,crosswalk
0001576169,BENEFITFOCUS INC,benefitfocus,,18561,7370.0,crosswalk
0001576263,MIRATI THERAPEUTICS INC,mirati therapeutics,,160770,2836.0,crosswalk
0001576280,GUARDANT HEALTH INC,guardant health,,34102,2835.0,crosswalk
0001576427,CRITEO SA,criteo sa,,18750,7311.0,crosswalk
0001576914,MIX TELEMATICS LTD,mix telematics,,287252,7370.0,crosswalk
0001576940,CENTURY COMMUNITIES INC,century communities,,18004,1531.0,crosswalk
0001576942,STITCH FIX INC,stitch fix,,32688,5961.0,crosswalk
0001577445,ODYSIGHT.AI INC,odysightai,,38977,3845.0,crosswalk
0001577526,C3.AI INC,c3ai,,37517,7370.0,crosswalk
0001577545,JPMBB Commercial Mortgage Securities Trust 2013-C12,jpmbb commercial mortgage securities trust 2013c12,,,,sec_header
0001577670,LADDER CAPITAL CORP,ladder capital,,19440,6798.0,crosswalk
0001577791,OAKTREE STRATEGIC INCOME CP,oaktree strategic income cp,,18323,6153.0,crosswalk
0001577916,PREMIER INC,premier,PINC,18624,8742.0,crosswalk
0001578732,MARCUS & MILLICHAP INC,marcus millichap,MMI,19000,6531.0,crosswalk
0001579091,MAPLEBEAR INC,maplebear,,43316,5960.0,crosswalk
0001579157,VINCE HOLDING CORP,vince,VNCE,19175,2300.0,crosswalk
0001579214,EMERALD HOLDING INC,emerald,,30998,7389.0,crosswalk
0001579241,ALLEGION PLC,allegion,ALLE,316056,3420.0,crosswalk
0001579298,BURLINGTON STORES INC,burlington stores,BURL,18675,5600.0,crosswalk
0001579684,USA TODAY CO INC,usa today,NEWM,19574,2711.0,crosswalk
0001579733,VITAL FARMS INC,vital farms,,36726,2015.0,crosswalk
0001579877,OUTFRONT MEDIA INC,outfront media,,19507,6798.0,crosswalk
0001579910,RESONANT INC,resonant,,19719,3674.0,crosswalk
0001580156,HOUGHTON MIFFLIN HARCOURT CO,houghton mifflin harcourt,,16738,2731.0,crosswalk
0001580345,TRIPLEPOINT VENTURE GWTH BDC,triplepoint venture gwth bdc,,19925,6797.0,crosswalk
0001580490,I-ON Digital Corp.,ion digital,,,,sec_header
0001580560,FLYWIRE CORP,flywire,,38739,7389.0,crosswalk
0001580670,LGI HOMES INC,lgi homes,LGIH,18629,1531.0,crosswalk
0001580808,A10 NETWORKS INC,a10 networks,,19849,7372.0,crosswalk
0001580864,VROOM INC,vroom,,36512,6141.0,crosswalk
0001580905,INSTALLED BLDG PRODUCTS INC,installed bldg products,,19516,1700.0,crosswalk
0001581068,BRIXMOR PROPERTY GROUP INC,brixmor property,BRX,18383,6798.0,crosswalk
0001581091,RE/MAX HOLDINGS INC,remax,RMAX,18578,6531.0,crosswalk
0001581280,TWIST BIOSCIENCE CORP,twist bioscience,,34241,2836.0,crosswalk
0001581760,LIFE360 INC,life360,,332179,7372.0,crosswalk
0001581776,"Mid-America Apartments, L.P.",midamerica apartments lp,,,,sec_header
0001581990,PLAINS GP HOLDINGS LP,plains gp holdings lp,PAGP,18468,5171.0,crosswalk
0001582554,MATINAS BIOPHARMA HLDGS INC,matinas biopharma hldgs,,20756,2836.0,crosswalk
0001582605,JPMBB Commercial Mortgage Securities Trust 2013-C14,jpmbb commercial mortgage securities trust 2013c14,,,,sec_header
0001582961,DIGITALOCEAN HOLDINGS INC,digitalocean,,38188,7370.0,crosswalk
0001582982,CARECLOUD INC,carecloud,,20143,7370.0,crosswalk
0001583138,PULSE EVOLUTION CORP,pulse evolution,,20379,7372.0,crosswalk
0001583648,PALVELLA THERAPEUTICS INC,palvella therapeutics,,22590,2836.0,crosswalk
0001583708,SENTINELONE INC,sentinelone,,37596,7372.0,crosswalk
0001583771,HEPION PHARMACEUTICALS INC,hepion pharmaceuticals,,19761,2836.0,crosswalk
0001584207,ONEMAIN HOLDINGS INC,onemain,LEAF,3592,6141.0,crosswalk
0001584509,ARAMARK,aramark,ARMK,186858,5812.0,crosswalk
0001584549,VILLAGE FARMS INTL INC,village farms intl,,157875,100.0,crosswalk
0001584693,SAFESPACE GLOBAL CORP,safespace global,,21759,8742.0,crosswalk
0001584754,AKOUSTIS TECHNOLOGIES INC,akoustis technologies,,21042,3679.0,crosswalk
0001584831,OXBRIDGE RE HOLDINGS LTD,oxbridge re,,19712,6331.0,crosswalk
0001584952,EP ENERGY CORP,ep energy,,18660,1311.0,crosswalk
0001585364,PERRIGO CO PLC,perrigo,PRGO,24782,2834.0,crosswalk
0001585389,SMARTSTOP SELF STORAGE R INC,smartstop self storage r,,40692,6798.0,crosswalk
0001585521,ZOOM COMMUNICATIONS INC,zoom communications,,35005,7370.0,crosswalk
0001585608,JAGUAR HEALTH INC,jaguar health,,32316,2834.0,crosswalk
0001585689,HILTON WORLDWIDE HOLDINGS,hilton worldwide,HLT,5643,7011.0,crosswalk
0001586495,Leet Technology Inc.,leet technology,,,,sec_header
0001587523,KNOWLES CORP,knowles,,19518,3670.0,crosswalk
0001587732,ONE GAS INC,one gas,OGS,19517,4924.0,crosswalk
0001587987,NEWTEKONE INC,newtekone,,8060,6020.0,crosswalk
0001588978,PROCEPT BIOROBTCS CORP,procept biorobtcs,,39453,3841.0,crosswalk
0001589149,GREENWAVE TECHNOLOGY SOL INC,greenwave technology sol,,23237,4950.0,crosswalk
0001589804,COMM 2013-CCRE13 Mortgage Trust,comm 2013ccre13 mortgage trust,,,,sec_header
0001590364,FTAI AVIATION LTD,ftai aviation,,19484,7359.0,crosswalk
0001590383,RENOVARE ENVIRONMENTAL INC,renovare environmental,,25740,3590.0,crosswalk
0001590418,FOCUS UNIVERSAL INC,focus universal,,21295,3829.0,crosswalk
0001590496,AERKOMM INC,aerkomm,,24732,4899.0,crosswalk
0001590584,CIVEO CORP,civeo,,20020,7011.0,crosswalk
0001590714,ELEMENT SOLUTIONS INC,element solutions,PAH,315318,2890.0,crosswalk
0001590715,AMERICAN RESOURCES CORP,american resources,,25589,1220.0,crosswalk
0001590750,VIRIDIAN THERAPEUTICS INC,viridian therapeutics,,30311,2836.0,crosswalk
0001590955,PAYCOM SOFTWARE INC,paycom software,,20116,7370.0,crosswalk
0001590976,MALIBU BOATS INC,malibu boats,MBUU,19391,3730.0,crosswalk
0001591165,INNOVEREN SCIENTIFIC INC,innoveren scientific,,35470,3842.0,crosswalk
0001591587,ASSETMARK FIN HOLDINGS INC,assetmark fin,,34330,7370.0,crosswalk
0001591588,GOLD.COM INC,goldcom,,19172,5051.0,crosswalk
0001591698,PAYLOCITY HOLDING CORP,paylocity,,19730,7370.0,crosswalk
0001591913,"Innovative Payment Solutions, Inc.",innovative payment solutions,,,,sec_header
0001592016,AGROFRESH SOLUTIONS INC,agrofresh solutions,,19525,2870.0,crosswalk
0001592057,ENVIVA INC,enviva,,23296,2400.0,crosswalk
0001592386,VIRTU FINANCIAL INC,virtu financial,,23432,6211.0,crosswalk
0001593001,"NightFood Holdings, Inc.",nightfood holdings,,,,sec_header
0001593034,ENDO INTERNATIONAL PLC,endo international,,63645,2834.0,crosswalk
0001593184,BIOREGENX INC,bioregenx,,17511,2833.0,crosswalk
0001593195,TRIBUNE PUBLISHING CO,tribune publishing,,19578,2711.0,crosswalk
0001593275,HAMILTON INSURANCE GROUP LTD,hamilton insurance,,43585,6331.0,crosswalk
0001593538,NAVIENT CORP,navient,,10121,6111.0,crosswalk
0001593549,LIVENTO GROUP INC,livento,,21698,7812.0,crosswalk
0001593773,AMJ GLOBAL TECHNOLOGY,amj global technology,,21876,7370.0,crosswalk
0001594805,SHOPIFY INC,shopify,,23650,7370.0,crosswalk
0001595585,TRICIDA INC,tricida,,33600,2834.0,crosswalk
0001595974,MAGNITE INC,magnite,,19753,7310.0,crosswalk
0001596532,ARISTA NETWORKS INC,arista networks,,20748,3576.0,crosswalk
0001596783,CATALENT INC,catalent,,20228,2834.0,crosswalk
0001596946,QUOTIENT LTD,quotient,,20135,2835.0,crosswalk
0001596961,RIDENOW GROUP INC,ridenow,,21035,5500.0,crosswalk
0001596967,MOELIS & CO,moelis,,19927,6282.0,crosswalk
0001597033,SABRE CORP,sabre,,19649,7370.0,crosswalk
0001597264,BLUEPRINT MEDICINES CORP,blueprint medicines,,23407,2836.0,crosswalk
0001597339,JPMBB Commercial Mortgage Securities Trust 2014-C18,jpmbb commercial mortgage securities trust 2014c18,,,,sec_header
0001597553,SAGE THERAPEUTICS INC,sage therapeutics,,20943,2836.0,crosswalk
0001597672,RAYONIER ADVANCED MATERIALS,rayonier advanced materials,,20502,2820.0,crosswalk
0001597846,GREENPRO CAPITAL CORP,greenpro capital,,22879,8741.0,crosswalk
0001598014,IHS MARKIT LTD,ihs markit,,162906,7370.0,crosswalk
0001598428,METALLUS INC,metallus,,20011,3312.0,crosswalk
0001598646,MINERVA NEUROSCIENCES INC,minerva neurosciences,,20225,2836.0,crosswalk
0001598665,HERITAGE INSURANCE HOLDINGS,heritage insurance,,20422,6331.0,crosswalk
0001598981,SKYX PLATFORMS CORP,skyx platforms,,25447,3690.0,crosswalk
0001599298,SUMMIT THERAPEUTICS INC,summit therapeutics,,271357,2836.0,crosswalk
0001599617,DNOW INC,dnow,,20235,5084.0,crosswalk
0001599901,AVIDITY BIOSCIENCE INC,avidity bioscience,,36473,2836.0,crosswalk
0001600033,E.L.F. BEAUTY INC,elf beauty,,27907,2844.0,crosswalk
0001600222,PHOENIX EDUCATION PARTNE INC,phoenix education partne,,74419,8200.0,crosswalk
0001600347,Hapi Metaverse Inc.,hapi metaverse,,,,sec_header
0001600626,PEAKSTONE REALTY TRUST,peakstone realty trust,,32671,6798.0,crosswalk
0001600641,1STDIBS.COM INC,1stdibscom,,38824,5961.0,crosswalk
0001600847,GAMIDA CELL LTD,gamida cell,,34287,2836.0,crosswalk
0001600983,KNIGHTSCOPE INC,knightscope,,40672,7380.0,crosswalk
0001601046,KEYSIGHT TECHNOLOGIES INC,keysight technologies,,20232,3825.0,crosswalk
0001601280,MEDIXALL GROUP INC,medixall,,152710,7370.0,crosswalk
0001601485,ELICIO THERAPEUTICS INC,elicio therapeutics,,20307,2836.0,crosswalk
0001601548,V2X INC,v2x,,20661,8744.0,crosswalk
0001601705,COMM 2014-CCRE16 Mortgage Trust,comm 2014ccre16 mortgage trust,,,,sec_header
0001601712,SYNCHRONY FINANCIAL,synchrony financial,,20686,6141.0,crosswalk
0001601830,RECURSION PHARMA INC,recursion pharma,,38474,2836.0,crosswalk
0001602065,"Viper Energy, Inc.",viper energy,,,,sec_header
0001602409,FINGERMOTION INC,fingermotion,,32367,4812.0,crosswalk
0001602658,INVESTAR HOLDING CORP,investar,,20628,6020.0,crosswalk
0001603145,XPLR INFRASTRUCTURE LP,xplr infrastructure lp,,20655,4911.0,crosswalk
0001603207,NOTABLE LABS LTD,notable labs,,21209,2836.0,crosswalk
0001603291,EASTERN ENERGY GAS HLDG LLC,eastern energy gas hldg,,18965,4923.0,crosswalk
0001603454,CELCUITY INC,celcuity,,32356,2835.0,crosswalk
0001603652,URGENT.LY INC,urgently,,39436,7370.0,crosswalk
0001603669,COMM 2014-CCRE17 Mortgage Trust,comm 2014ccre17 mortgage trust,,,,sec_header
0001603923,WEATHERFORD INTL PLC,weatherford intl,,4367,1381.0,crosswalk
0001604028,ADVANCED DRAINAGE SYSTEMS,advanced drainage systems,,20126,3080.0,crosswalk
0001604083,COMM 2014-UBS3 Mortgage Trust,comm 2014ubs3 mortgage trust,,,,sec_header
0001604191,GRIDAI TECHNOLOGIES CORP,gridai technologies,,27699,2836.0,crosswalk
0001604665,WESTLAKE CHEMICAL PRTNRS LP,westlake chemical prtnrs lp,,20473,2860.0,crosswalk
0001604778,QORVO INC,qorvo,,64853,3674.0,crosswalk
0001604821,NATERA INC,natera,,24176,8071.0,crosswalk
0001604930,LIFE CLIPS INC,life clips,,26383,6200.0,crosswalk
0001605057,VEMANTI GROUP INC,vemanti,,26534,4899.0,crosswalk
0001605331,AI ERA CORP,ai era,,24672,7822.0,crosswalk
0001605888,ATLANTIC INTERNATIONAL CORP,atlantic international,,35121,7363.0,crosswalk
0001606163,LIMBACH HOLDINGS INC,limbach,,20517,1700.0,crosswalk
0001606498,AVANOS MEDICAL INC,avanos medical,,21352,3842.0,crosswalk
0001606745,LIBERTY TRIPADVISOR HOLDINGS,liberty tripadvisor,,20699,7370.0,crosswalk
0001606757,KIMBALL ELECTRONICS INC,kimball electronics,,20692,3674.0,crosswalk
0001606909,PANGAEA LOGISTICS SOLUTIONS,pangaea logistics solutions,,21904,4412.0,crosswalk
0001607484,J.P. Morgan Chase Commercial Mortgage Securities Trust 2014-C20,jp morgan chase commercial mortgage securities trust 2014c20,,,,sec_header
0001607678,VIKING THERAPEUTICS INC,viking therapeutics,,21032,2836.0,crosswalk
0001607939,UDEMY INC,udemy,,39818,7370.0,crosswalk
0001607962,LIFEWARD LTD,lifeward,,21103,3842.0,crosswalk
0001609151,WEAVE COMMUNICATI INC,weave communicati,,39914,7370.0,crosswalk
0001609253,CALIFORNIA RESOURCES CORP,california resources,,21431,1311.0,crosswalk
0001609550,INSPIRE MEDICAL SYSTEM,inspire medical system,,33435,3845.0,crosswalk
0001609671,WFRBS Commercial Mortgage Trust 2014-C21,wfrbs commercial mortgage trust 2014c21,,,,sec_header
0001609702,CDK GLOBAL INC,cdk global,,21761,7370.0,crosswalk
0001609711,GODADDY INC,godaddy,,23071,7370.0,crosswalk
0001609727,SYNTHORX INC,synthorx,,34429,2836.0,crosswalk
0001609804,ORION SA,orion sa,,20420,2890.0,crosswalk
0001609809,SERES THERAPEUTICS INC,seres therapeutics,,24177,2836.0,crosswalk
0001609988,FLOOIDCX CORP,flooidcx,,34944,3600.0,crosswalk
0001610250,BOOT BARN HOLDINGS INC,boot barn,,21898,5661.0,crosswalk
0001610532,HORTONWORKS INC,hortonworks,,22178,7372.0,crosswalk
0001610618,CIDARA THERAPEUTICS INC,cidara therapeutics,,23358,2836.0,crosswalk
0001610796,JPMBB Commercial Mortgage Securities Trust 2014-C21,jpmbb commercial mortgage securities trust 2014c21,,,,sec_header
0001610820,BRIACELL THERAPEUTICS CORP,briacell therapeutics,,22358,2836.0,crosswalk
0001610853,SOLANA CO,solana,,21000,3845.0,crosswalk
0001610950,SYNEOS HEALTH INC,syneos health,,22039,8731.0,crosswalk
0001611052,PROCORE TECHNOLGY INC,procore technolgy,,36273,7370.0,crosswalk
0001611277,HELIX TECHNOLOGIES INC,helix technologies,,177862,7381.0,crosswalk
0001611647,FRESHPET INC,freshpet,,21798,2040.0,crosswalk
0001611983,LIBERTY BROADBAND CORP,liberty broadband,,21227,4812.0,crosswalk
0001612126,COMM 2014-UBS4 Mortgage Trust,comm 2014ubs4 mortgage trust,,,,sec_header
0001613103,MEDTRONIC PLC,medtronic,,7228,3845.0,crosswalk
0001613665,GREAT WESTERN BANCORP INC,great western bancorp,,21616,6020.0,crosswalk
0001613780,DBV TECHNOLOGIES S A,dbv technologies s a,,312079,2836.0,crosswalk
0001614178,YEXT INC,yext,,30622,7370.0,crosswalk
0001614556,STAR ALLIANCE INTL CORP,star alliance intl,,24862,1040.0,crosswalk
0001614806,RITHM PROPERTY TRUST INC,rithm property trust,,22853,6798.0,crosswalk
0001615063,INSPIRED ENTERTAINMENT,inspired entertainment,,29666,7812.0,crosswalk
0001615165,VERITONE INC,veritone,,31091,7370.0,crosswalk
0001615219,DECOY THERAPEUTICS INC,decoy therapeutics,,35477,2836.0,crosswalk
0001615222,"Moody National REIT II, Inc.",moody national reit ii,,,,sec_header
0001615942,ONELIFE TECHNOLOGIES CORP,onelife technologies,,23031,3663.0,crosswalk
0001616000,XENIA HOTELS & RESORTS INC,xenia hotels resorts,,22983,6798.0,crosswalk
0001616533,PENGUIN SOLUTIONS INC,penguin solutions,,31494,3674.0,crosswalk
0001616543,SENSEONICS HLDGS INC,senseonics hldgs,,26636,3845.0,crosswalk
0001616707,WAYFAIR INC,wayfair,,21540,5961.0,crosswalk
0001616862,AXALTA COATING SYSTEMS LTD,axalta coating systems,,22134,2851.0,crosswalk
0001617242,KEARNY FINANCIAL CORP,kearny financial,,161853,6036.0,crosswalk
0001617406,PARK HOTELS & RESORTS,park hotels resorts,,27394,6798.0,crosswalk
0001617553,ZIPRECRUITER INC,ziprecruiter,,38744,7370.0,crosswalk
0001617640,ZILLOW GROUP INC,zillow,,187039,7370.0,crosswalk
0001617867,AUTONOMIX MEDICAL INC,autonomix medical,,43889,3841.0,crosswalk
0001618563,NATIONAL STORAGE AFFILIATES,national storage affiliates,,23147,6798.0,crosswalk
0001618673,PERFORMANCE FOOD GROUP CO,performance food,,28787,5140.0,crosswalk
0001618732,NUTANIX INC,nutanix,,26746,7370.0,crosswalk
0001618755,RESTAURANT BRANDS INTL LP,restaurant brands intl lp,,22402,5812.0,crosswalk
0001618756,RESTAURANT BRANDS INTL INC,restaurant brands intl,,164471,5812.0,crosswalk
0001618921,WALGREENS BOOTS ALLIANCE INC,walgreens boots alliance,,11264,5912.0,crosswalk
0001619312,"Lightstone Value Plus REIT IV, Inc.",lightstone value plus reit iv,,,,sec_header
0001619856,CARIBOU BIOSCIENCE INC,caribou bioscience,,39291,2836.0,crosswalk
0001619954,INOVALON HOLDINGS INC,inovalon,,22708,7370.0,crosswalk
0001620179,EXELA TECHNOLOGIES INC,exela technologies,,32074,7374.0,crosswalk
0001620393,NEXPOINT RESIDENTIAL TR INC,nexpoint residential tr,,23086,6798.0,crosswalk
0001620459,JAMES RIVER GROUP HLDGS INC,james river group hldgs,,163924,6331.0,crosswalk
0001620533,SHAKE SHACK INC,shake shack,,22672,5812.0,crosswalk
0001621199,UNION BRIDGE HOLDINGS LTD,union bridge,,26596,5047.0,crosswalk
0001621368,COMM 2014-UBS6 Mortgage Trust,comm 2014ubs6 mortgage trust,,,,sec_header
0001621379,JPMBB Commercial Mortgage Securities Trust 2014-C24,jpmbb commercial mortgage securities trust 2014c24,,,,sec_header
0001621434,BLACK STONE MINERALS LP,black stone minerals lp,,23433,1311.0,crosswalk
0001621672,SUPER LEAGUE ENTERPRISE INC,super league enterprise,,34613,7370.0,crosswalk
0001621906,WESTERN URANM & VNDM CORP,western uranm vndm,,27028,1090.0,crosswalk
0001622229,COGENT BIOSCIENCES INC,cogent biosciences,,36949,2836.0,crosswalk
0001622536,TALEN ENERGY CORP,talen energy,,43737,4911.0,crosswalk
0001622822,PROPEL MEDIA INC,propel media,,22971,7370.0,crosswalk
0001622879,MEDICINE MAN TECHNLOGIES INC,medicine man technlogies,,26751,8742.0,crosswalk
0001623526,STOKE THERAPEUTICS INC,stoke therapeutics,,35255,2836.0,crosswalk
0001623590,FINTECH SCION LTD,fintech scion,,33019,7370.0,crosswalk
0001623925,ANTERO MIDSTREAM CORP,antero midstream,,31109,4922.0,crosswalk
0001624322,BUSINESS FIRST BANCSHS INC,business first bancshs,,27235,6020.0,crosswalk
0001624326,PAVMED INC,pavmed,,23705,3841.0,crosswalk
0001624512,BOXLIGHT CORP,boxlight,,24421,3861.0,crosswalk
0001624517,Yuenglings Ice Cream Corp,yuenglings ice cream,,,,sec_header
0001624985,Tribal Rides International Corp.,tribal rides international,,,,sec_header
0001625101,PULSE BIOSCIENCES INC,pulse biosciences,,27252,3845.0,crosswalk
0001625123,JPMBB Commercial Mortgage Securities Trust 2014-C26,jpmbb commercial mortgage securities trust 2014c26,,,,sec_header
0001625278,NERDWALLET INC,nerdwallet,,39867,7370.0,crosswalk
0001625426,COMM 2014-CCRE21 Mortgage Trust,comm 2014ccre21 mortgage trust,,,,sec_header
0001625641,CS DISCO INC,cs disco,,39199,7370.0,crosswalk
0001625941,ARES INDUSTRIAL REAL ESTATE INCOME TRUST Inc.,ares industrial real estate income trust,,,,sec_header
0001626115,PJT PARTNERS INC,pjt partners,,23247,6200.0,crosswalk
0001626450,COMMERCE.COM INC,commercecom,,36754,7370.0,crosswalk
0001626853,MAJESCO,majesco,,24937,7372.0,crosswalk
0001627014,BLACK KNIGHT INC,black knight,,180272,7370.0,crosswalk
0001627223,CHEMOURS CO,chemours,,22741,2860.0,crosswalk
0001627282,CALIBERCOS INC,calibercos,,41636,6282.0,crosswalk
0001627475,UPWORK INC,upwork,,34101,7361.0,crosswalk
0001627857,SAILPOINT TECHNO HLDG,sailpoint techno hldg,,32641,7370.0,crosswalk
0001628104,XSPORT GLOBAL INC,xsport global,,32445,7370.0,crosswalk
0001628112,COMM 2015-LC19 Mortgage Trust,comm 2015lc19 mortgage trust,,,,sec_header
0001628171,REVOLUTION MEDICINES INC,revolution medicines,,36083,2836.0,crosswalk
0001628369,CUSHMAN & WAKEFIELD,cushman wakefield,,33809,6531.0,crosswalk
0001628808,PROFOUND MEDICAL CORP,profound medical,,24277,3845.0,crosswalk
0001628908,EVOLENT HEALTH INC,evolent health,,23818,7372.0,crosswalk
0001628945,CUE HEALTH INC,cue health,,39563,3841.0,crosswalk
0001629019,MERCHANTS BANCORP,merchants bancorp,,32619,6020.0,crosswalk
0001629261,LONG BLOCKCHAIN CORP,long blockchain,,24175,2086.0,crosswalk
0001629665,MULIANG VIAGOO TECHNOLGY INC,muliang viagoo technolgy,,27680,2870.0,crosswalk
0001630031,BRIXMOR OPERATING PRTNRS LP,brixmor operating prtnrs lp,,22405,6798.0,crosswalk
0001630113,BIOTRICITY INC,biotricity,,26891,3845.0,crosswalk
0001630176,HEALTHY EXTRACTS INC,healthy extracts,,26354,2833.0,crosswalk
0001630212,AVALON GLOBOCARE CORP,avalon globocare,,34382,6512.0,crosswalk
0001630472,TPG RE FINANCE TRT INC,tpg re finance trt,,31966,6798.0,crosswalk
0001630627,TREACE MEDIC CNCPTS INC,treace medic cncpts,,38558,3842.0,crosswalk
0001630690,JPMBB Commercial Mortgage Securities Trust 2015-C27,jpmbb commercial mortgage securities trust 2015c27,,,,sec_header
0001631282,DATASEA INC,datasea,,26415,7372.0,crosswalk
0001631406,Morgan Stanley Bank of America Merrill Lynch Trust 2015-C21,morgan stanley bank of america merrill lynch trust 2015c21,,,,sec_header
0001631569,COMMUNITY HEALTHCARE TRUST,community healthcare trust,,23556,6798.0,crosswalk
0001631574,WAVE LIFE SCIENCES LTD,wave life sciences,,26340,2836.0,crosswalk
0001632127,CABLE ONE INC,cable one,,23225,4841.0,crosswalk
0001632790,ENERGIZER HOLDINGS INC,energizer,,23083,3690.0,crosswalk
0001632814,COMM 2015-DC1 Mortgage Trust,comm 2015dc1 mortgage trust,,,,sec_header
0001632970,AMERICAN HEALTHCARE REIT INC,american healthcare reit,,34970,6798.0,crosswalk
0001633070,AXCELLA HEALTH INC,axcella health,,35089,2836.0,crosswalk
0001633336,CRESCENT CAPITAL BDC INC,crescent capital bdc,,36133,6797.0,crosswalk
0001633533,Wells Fargo Commercial Mortgage Trust 2015-C27,wells fargo commercial mortgage trust 2015c27,,,,sec_header
0001633858,Audax Credit BDC Inc.,audax credit bdc,,,,sec_header
0001633917,PAYPAL HOLDINGS INC,paypal,,24616,7389.0,crosswalk
0001633978,LUMENTUM HOLDINGS INC,lumentum,,23249,3661.0,crosswalk
0001634117,BARNES & NOBLE EDUCATION INC,barnes noble education,,23208,5940.0,crosswalk
0001634172,CSAIL 2015-C1 Commercial Mortgage Trust,csail 2015c1 commercial mortgage trust,,,,sec_header
0001634452,AB Private Credit Investors Corp,ab private credit investors,,,,sec_header
0001635077,ACLARION INC,aclarion,,40660,7372.0,crosswalk
0001635088,ROIVANT SCIENCES LTD,roivant sciences,,39791,2836.0,crosswalk
0001635136,DUO WORLD INC,duo world,,30081,7370.0,crosswalk
0001635282,RIMINI STREET INC,rimini street,,19802,7370.0,crosswalk
0001635327,FLUTTER ENTERTAINMENT PLC,flutter entertainment,,243174,7990.0,crosswalk
0001635984,NATIONAL WESTERN LIFE GROUP,national western life,,17073,6311.0,crosswalk
0001636222,WINGSTOP INC,wingstop,,23843,5812.0,crosswalk
0001636282,SPYRE THERAPEUTICS INC,spyre therapeutics,,24599,2836.0,crosswalk
0001636315,"Kite Realty Group, L.P.",kite realty group lp,,,,sec_header
0001636422,HEALTH CATALYST INC,health catalyst,,35391,7370.0,crosswalk
0001636651,OVID THRPUTCS INC,ovid thrputcs,,31112,2836.0,crosswalk
0001637008,JPMBB Commercial Mortgage Securities Trust 2015-C28,jpmbb commercial mortgage securities trust 2015c28,,,,sec_header
0001637207,PLANET FITNESS INC,planet fitness,,24861,7997.0,crosswalk
0001637459,KRAFT HEINZ CO,kraft heinz,,5568,2030.0,crosswalk
0001637715,ONKURE THERAPEUTICS INC,onkure therapeutics,,38453,2836.0,crosswalk
0001637873,ACV AUCTIONS INC,acv auctions,,38374,5010.0,crosswalk
0001637880,"Tri-State Generation & Transmission Association, Inc.",tristate generation transmission association,,,,sec_header
0001638287,METAVIA INC,metavia,,36014,2836.0,crosswalk
0001638290,MASTERCRAFT BOAT HLDNGS IN,mastercraft boat hldngs in,,24911,3730.0,crosswalk
0001638826,SERVICETITAN INC,servicetitan,,45551,7370.0,crosswalk
0001639225,LIVONGO HEALTH INC,livongo health,,35394,3845.0,crosswalk
0001639234,CHINA VTV LTD,china vtv,,35191,7370.0,crosswalk
0001639300,OLLIE'S BARGAIN OUTLET HLDGS,ollies bargain outlet hldgs,,24076,5331.0,crosswalk
0001639353,CSAIL 2015-C2 Commercial Mortgage Trust,csail 2015c2 commercial mortgage trust,,,,sec_header
0001639438,CAVA GROUP INC,cava,,43023,5812.0,crosswalk
0001639691,LIVANOVA PLC,livanova,,27810,3845.0,crosswalk
0001639825,PELOTON INTERACTIVE INC,peloton interactive,,35627,7370.0,crosswalk
0001640147,SNOWFLAKE INC,snowflake,,339965,7370.0,crosswalk
0001640428,EVERQUOTE INC,everquote,,33694,7370.0,crosswalk
0001640584,JPMBB Commercial Mortgage Securities Trust 2015-C29,jpmbb commercial mortgage securities trust 2015c29,,,,sec_header
0001641398,GD CULTURE GROUP LTD,gd culture,,33081,8742.0,crosswalk
0001641489,VTV THERAPEUTICS INC,vtv therapeutics,,24515,2836.0,crosswalk
0001641614,CPI CARD GROUP INC,cpi card,,25539,3572.0,crosswalk
0001641991,SPX FLOW INC,spx flow,,24611,3561.0,crosswalk
0001642375,GUARDION HEALTH SCIENCS INC,guardion health sciencs,,35018,2834.0,crosswalk
0001642380,INSIGHT MOLECLAR DIAGNOS INC,insight moleclar diagnos,,26669,2836.0,crosswalk
0001642896,SAMSARA INC,samsara,,40292,7370.0,crosswalk
0001643269,SUMO LOGIC INC,sumo logic,,36896,7370.0,crosswalk
0001643293,COMM 2015-LC21 Mortgage Trust,comm 2015lc21 mortgage trust,,,,sec_header
0001643721,LEAFBUYER TECHNOLOGIES INC,leafbuyer technologies,,29750,7370.0,crosswalk
0001643953,PURPLE INNOVATION INC,purple innovation,,33068,2510.0,crosswalk
0001644378,RMR GROUP INC,rmr,,26545,8741.0,crosswalk
0001644675,MIMECAST LTD,mimecast,,26368,7370.0,crosswalk
0001644943,JPMBB Commercial Mortgage Securities Trust 2015-C30,jpmbb commercial mortgage securities trust 2015c30,,,,sec_header
0001644963,AVENUE THERAPEUTICS INC,avenue therapeutics,,31848,2834.0,crosswalk
0001645070,STERLING CHECK CORP,sterling check,,39540,7389.0,crosswalk
0001645155,WEBSTAR TECHNOLOGY GROUP INC,webstar technology,,38758,7372.0,crosswalk
0001645460,CUE BIOPHARMA,cue biopharma,,32674,2836.0,crosswalk
0001645569,DICE THERAPEUTICS INC,dice therapeutics,,39508,2834.0,crosswalk
0001645590,HEWLETT PACKARD ENTERPRISE,hewlett packard enterprise,,26156,3571.0,crosswalk
0001645666,KEZAR LIFE SCIENCES,kezar life sciences,,33631,2836.0,crosswalk
0001645842,ZYMERGEN INC,zymergen,,38493,3679.0,crosswalk
0001646188,ONDAS INC,ondas,,33073,3720.0,crosswalk
0001646383,CSRA INC,csra,,26304,7370.0,crosswalk
0001646614,Silver Point Specialty Lending Fund,silver point specialty lending fund,,,,sec_header
0001646972,ALBERTSONS COS INC,albertsons cos,,25645,5411.0,crosswalk
0001647088,WILLSCOT HOLDINGS CORP,willscot,,32771,6512.0,crosswalk
0001647639,UPSTART HOLDINGS INC,upstart,,37357,6141.0,crosswalk
0001647822,JINGBO TECHNOLOGY INC,jingbo technology,,28401,7372.0,crosswalk
0001647980,CSAIL 2015-C3 Commercial Mortgage Trust,csail 2015c3 commercial mortgage trust,,,,sec_header
0001648195,COMM 2015-CCRE25 Mortgage Trust,comm 2015ccre25 mortgage trust,,,,sec_header
0001648960,MYSEUM INC,myseum,,39426,7372.0,crosswalk
0001649094,VAXCYTE INC,vaxcyte,,36600,2836.0,crosswalk
0001649184,JPMBB Commercial Mortgage Securities Trust 2015-C31,jpmbb commercial mortgage securities trust 2015c31,,,,sec_header
0001649739,BAYFIRST FINANCIAL CORP,bayfirst financial,,25476,6020.0,crosswalk
0001649749,FB FINANCIAL CORP,fb financial,,27871,6020.0,crosswalk
0001649904,RHYTHM PHARMACEUTICLS,rhythm pharmaceuticls,,21601,2836.0,crosswalk
0001649989,OUTLOOK THERAPEUTICS INC,outlook therapeutics,,26817,2836.0,crosswalk
0001650101,ADDENTAX GROUP CORP,addentax,,28093,4210.0,crosswalk
0001650164,TOAST INC,toast,,39524,7389.0,crosswalk
0001650372,ATLASSIAN CORP,atlassian,,26494,7370.0,crosswalk
0001650505,AIFARM LTD,aifarm,,26997,3523.0,crosswalk
0001650648,4D MOLECULAR THER INC,4d molecular ther,,35729,2836.0,crosswalk
0001650664,EDITAS MEDICINE INC,editas medicine,,26874,2836.0,crosswalk
0001650729,SITEONE LANDSCAPE SUPPLY INC,siteone landscape supply,,25893,5080.0,crosswalk
0001650962,WELBILT INC,welbilt,,26495,3580.0,crosswalk
0001651094,ELEVATE CREDIT INC,elevate credit,,26509,6141.0,crosswalk
0001651308,BEONE MEDICINES LTD,beone medicines,,26376,2836.0,crosswalk
0001651311,MERUS NV,merus nv,,26385,2836.0,crosswalk
0001651562,COURSERA INC,coursera,,38265,8200.0,crosswalk
0001651790,COMM 2015-CCRE26 Mortgage Trust,comm 2015ccre26 mortgage trust,,,,sec_header
0001651944,DERMTECH INC,dermtech,,20621,2835.0,crosswalk
0001651992,"Appsoft Technologies, Inc.",appsoft technologies,,,,sec_header
0001652044,ALPHABET INC,alphabet,,160329,7370.0,crosswalk
0001652130,INTELLIA THERAPEUTICS INC,intellia therapeutics,,27155,2836.0,crosswalk
0001652535,ICHOR HOLDINGS LTD,ichor,,29191,3559.0,crosswalk
0001652561,DSWISS INC,dswiss,,30092,2844.0,crosswalk
0001652842,UNITED ROYALE HOLDINGS CORP,united royale,,29442,700.0,crosswalk
0001652935,ACTUATE THERAPEUTICS INC,actuate therapeutics,,45390,2836.0,crosswalk
0001652958,EDGEMODE INC,edgemode,,34902,7370.0,crosswalk
0001653323,COMM 2015-CCRE27 Mortgage Trust,comm 2015ccre27 mortgage trust,,,,sec_header
0001653477,INGEVITY CORP,ingevity,,27119,2860.0,crosswalk
0001653482,GITLAB INC,gitlab,,39687,7370.0,crosswalk
0001653558,PRIORITY TECHNLGY HLDNGS INC,priority technlgy hldngs,,29275,7374.0,crosswalk
0001653653,RED ROCK RESORTS INC,red rock resorts,,26361,7990.0,crosswalk
0001654151,DECIPHERA PHRMCTAL INC,deciphera phrmctal,,32383,2836.0,crosswalk
0001654330,COMM 2015-LC23 Mortgage Trust,comm 2015lc23 mortgage trust,,,,sec_header
0001655050,BAIN CAP SPECIALTY FIN INC,bain cap specialty fin,,34415,6797.0,crosswalk
0001655153,CSAIL 2015-C4 Commercial Mortgage Trust,csail 2015c4 commercial mortgage trust,,,,sec_header
0001655210,BEYOND MEAT INC,beyond meat,,34447,2030.0,crosswalk
0001655591,Morgan Stanley Bank of America Merrill Lynch Trust 2015-C26,morgan stanley bank of america merrill lynch trust 2015c26,,,,sec_header
0001655759,ARVINAS INC,arvinas,,34077,2836.0,crosswalk
0001655888,BLUE OWL CAPITAL CORP,blue owl capital,,33337,6797.0,crosswalk
0001656472,CRONOS GROUP INC,cronos,,22460,2834.0,crosswalk
0001656634,GRITSTONE BIO INC,gritstone bio,,34082,2836.0,crosswalk
0001656839,GS Mortgage Securities Trust 2015-GS1,gs mortgage securities trust 2015gs1,,,,sec_header
0001657573,XOMETRY INC,xometry,,39065,5961.0,crosswalk
0001657788,KIMBELL ROYALTY PARTNERS LP,kimbell royalty partners lp,,29760,1311.0,crosswalk
0001657853,HERTZ GLOBAL HOLDINGS INC,hertz global,,5600,7510.0,crosswalk
0001658247,CRINETICS PHARMCTCL INC,crinetics pharmctcl,,33723,2834.0,crosswalk
0001658551,AMYLYX PHARMACEUTICALS INC,amylyx pharmaceuticals,,40470,2834.0,crosswalk
0001659166,FORTIVE CORP,fortive,,26590,3829.0,crosswalk
0001659183,NDIVISION INC,ndivision,,33319,7370.0,crosswalk
0001659323,ITERUM THERAPEUTICS,iterum therapeutics,,33466,2836.0,crosswalk
0001659329,WELLS FARGO COMMERCIAL MORTGAGE TRUST 2015-P2,wells fargo commercial mortgage trust 2015p2,,,,sec_header
0001659617,MOLECULIN BIOTECH INC,moleculin biotech,,26873,2836.0,crosswalk
0001659981,JPMCC Commercial Mortgage Securities Trust 2015-JP1,jpmcc commercial mortgage securities trust 2015jp1,,,,sec_header
0001660134,OKTA INC,okta,,30736,7370.0,crosswalk
0001660280,TENABLE HOLDINGS INC,tenable,,33759,7370.0,crosswalk
0001660334,VERRICA PHARMACEUTICAL,verrica pharmaceutical,,33597,2834.0,crosswalk
0001661039,TPT GLOBAL TECH INC,tpt global tech,,147891,4812.0,crosswalk
0001661059,NEXTCURE INC,nextcure,,35090,2836.0,crosswalk
0001661136,CSAIL 2016-C5 Commercial Mortgage Trust,csail 2016c5 commercial mortgage trust,,,,sec_header
0001661181,ORGANOGENESIS HOLDINGS INC,organogenesis,,34562,2836.0,crosswalk
0001661306,"Hancock Park Corporate Income, Inc.",hancock park corporate income,,,,sec_header
0001661460,POSEIDA THERAPEUTICS,poseida therapeutics,,34609,2836.0,crosswalk
0001661589,CFCRE 2016-C3 Mortgage Trust,cfcre 2016c3 mortgage trust,,,,sec_header
0001661600,SATIVUS TECH CORP.,sativus tech,,,,sec_header
0001661779,STARTENGINE CROWDFUNDING INC,startengine crowdfunding,,37331,6200.0,crosswalk
0001661998,Q32 BIO INC,q32 bio,,33240,2836.0,crosswalk
0001662382,BRAIN SCIENTIFIC INC,brain scientific,,34764,3845.0,crosswalk
0001662684,KULR TECHNOLOGY GROUP,kulr technology,,33557,3670.0,crosswalk
0001662774,QUINCE THERAPEUTICS INC,quince therapeutics,,35102,2836.0,crosswalk
0001662972,"Blackstone Real Estate Income Trust, Inc.",blackstone real estate income trust,,,,sec_header
0001662991,SEZZLE INC,sezzle,,333070,7389.0,crosswalk
0001663038,QUANTUM GENESIS AI CORP,quantum genesis ai,,31115,2836.0,crosswalk
0001663244,COMM 2016-DC2 Mortgage Trust,comm 2016dc2 mortgage trust,,,,sec_header
0001663645,CITIGROUP COMMERCIAL MORTGAGE TRUST 2016-GC36,citigroup commercial mortgage trust 2016gc36,,,,sec_header
0001664682,Morgan Stanley Capital I Trust 2016-UBS9,morgan stanley capital i trust 2016ubs9,,,,sec_header
0001664703,BLOOM ENERGY CORP,bloom energy,,33668,3621.0,crosswalk
0001664710,KEROS THERAPEUTICS INC,keros therapeutics,,36328,2834.0,crosswalk
0001664998,KNOWBE4 INC,knowbe4,,38447,7370.0,crosswalk
0001665081,Morgan Stanley Bank of America Merrill Lynch Trust 2016-C28,morgan stanley bank of america merrill lynch trust 2016c28,,,,sec_header
0001665300,PHUNWARE INC,phunware,,34584,7370.0,crosswalk
0001665918,US FOODS HOLDING CORP,us foods,,18312,5140.0,crosswalk
0001666071,CARDLYTICS INC,cardlytics,,32935,7311.0,crosswalk
0001666134,BLACKLINE INC,blackline,,28420,7370.0,crosswalk
0001666138,ATKORE INC,atkore,,27014,3640.0,crosswalk
0001666156,JPMBB Commercial Mortgage Securities Trust 2016-C1,jpmbb commercial mortgage securities trust 2016c1,,,,sec_header
0001666244,"Cantor Fitzgerald Income Trust, Inc.",cantor fitzgerald income trust,,,,sec_header
0001666291,CLAROS MORTGAGE TRUST INC,claros mortgage trust,,39861,6798.0,crosswalk
0001666700,DUPONT DE NEMOURS INC,dupont de nemours,,4060,2820.0,crosswalk
0001667011,ARTERIS INC,arteris,,39805,7372.0,crosswalk
0001667313,ZEDGE INC,zedge,,27318,7372.0,crosswalk
0001668105,TALEND SA  -ADR,talend sa adr,,27636,7370.0,crosswalk
0001668243,UROGEN PHARMA LTD,urogen pharma,,31061,2836.0,crosswalk
0001668397,MEDPACE HOLDINGS INC,medpace,,19998,8731.0,crosswalk
0001668673,PETIQ INC,petiq,,32219,2834.0,crosswalk
0001669162,KINSALE CAPITAL GROUP INC,kinsale capital,,27652,6331.0,crosswalk
0001669393,Citigroup Commercial Mortgage Trust 2016-P3,citigroup commercial mortgage trust 2016p3,,,,sec_header
0001669600,LIBERTY EXPEDIA HOLDINGS INC,liberty expedia,,27054,4700.0,crosswalk
0001669779,CAMPING WORLD HOLDINGS INC,camping world,,19071,5500.0,crosswalk
0001669811,DONNELLEY FINANCIAL SOLTNS,donnelley financial soltns,,27803,7370.0,crosswalk
0001669990,Morgan Stanley Bank of America Merrill Lynch Trust 2016-C29,morgan stanley bank of america merrill lynch trust 2016c29,,,,sec_header
0001670076,FRONTIER GRP HOLD INC,frontier grp hold,,38282,4512.0,crosswalk
0001670349,US WELL SERVICES INC,us well services,,34412,1389.0,crosswalk
0001670541,ADIENT PLC,adient,,27333,2531.0,crosswalk
0001670592,YETI HOLDINGS INC,yeti,,27653,3949.0,crosswalk
0001670601,Citigroup Commercial Mortgage Trust 2016-GC37,citigroup commercial mortgage trust 2016gc37,,,,sec_header
0001671284,NEUEHEALTH INC,neuehealth,,38856,6324.0,crosswalk
0001671520,JPMDB Commercial Mortgage Securities Trust 2016-C2,jpmdb commercial mortgage securities trust 2016c2,,,,sec_header
0001671858,ARS PHARMACEUTICALS INC,ars pharmaceuticals,,37495,2836.0,crosswalk
0001671927,IMMUNOCORE HOLDINGS PLC,immunocore,,37812,2836.0,crosswalk
0001671933,TRADE DESK INC,trade desk,,27885,7370.0,crosswalk
0001672013,ACUSHNET HOLDINGS CORP,acushnet,,27575,3949.0,crosswalk
0001672572,Landbay Inc,landbay,,,,sec_header
0001672609,CSAIL 2016-C6 Commercial Mortgage Trust,csail 2016c6 commercial mortgage trust,,,,sec_header
0001672619,ENLIVEN THERAPEUTICS INC,enliven therapeutics,,36204,2834.0,crosswalk
0001672688,ABSCI CORP,absci,,39175,2836.0,crosswalk
0001673358,YUM CHINA HOLDINGS INC,yum china,,28499,5812.0,crosswalk
0001673481,SPORTS ENTERTMT GMG GBL CORP,sports entertmt gmg gbl,,40015,7990.0,crosswalk
0001673542,Bank of America Merrill Lynch Commercial Mortgage Trust 2016-UBS10,bank of america merrill lynch commercial mortgage trust 2016ubs10,,,,sec_header
0001673772,RAPT THERAPEUTICS INC,rapt therapeutics,,35429,2836.0,crosswalk
0001673985,ADVANSIX INC,advansix,,28070,2820.0,crosswalk
0001674101,VERTIV HOLDINGS CO,vertiv,,36175,3679.0,crosswalk
0001674168,HILTON GRAND VACATIONS,hilton grand vacations,,27393,6532.0,crosswalk
0001674227,SCWORX CORP,scworx,,34766,7370.0,crosswalk
0001674335,JELD-WEN HOLDING INC,jeldwen,,27386,2430.0,crosswalk
0001674416,CRISPR THERAPEUTICS AG,crispr therapeutics ag,,28113,2836.0,crosswalk
0001674440,AIRWA INC,airwa,,35948,3949.0,crosswalk
0001674632,BETA BIONICS INC,beta bionics,,45785,3841.0,crosswalk
0001674862,ASHLAND INC,ashland,,1794,2820.0,crosswalk
0001674910,VALVOLINE INC,valvoline,,27373,5500.0,crosswalk
0001674930,FULGENT GENETICS INC,fulgent genetics,,28012,8071.0,crosswalk
0001675149,ALCOA CORP,alcoa,,27638,3334.0,crosswalk
0001675634,SHIFTPIXY INC,shiftpixy,,29558,7361.0,crosswalk
0001675644,FVCBANKCORP INC,fvcbankcorp,,18264,6020.0,crosswalk
0001675820,TIVO CORP,tivo,,64480,7370.0,crosswalk
0001676163,SS INNOVATIONS INTERNATI INC,ss innovations internati,,33773,3841.0,crosswalk
0001676238,BRAZE INC,braze,,39942,7370.0,crosswalk
0001676479,CAPSTAR FINANCIAL HLDGS INC,capstar financial hldgs,,27945,6020.0,crosswalk
0001676725,IDEAYA BIOSCIENCES INC,ideaya biosciences,,35136,2836.0,crosswalk
0001677077,ALZAMEND NEURO INC,alzamend neuro,,38791,2836.0,crosswalk
0001677390,DBJPM 2016-C3 Mortgage Trust,dbjpm 2016c3 mortgage trust,,,,sec_header
0001677703,CONDUENT INC,conduent,,28719,7374.0,crosswalk
0001678038,JPMCC Commercial Mortgage Securities Trust 2016-JP2,jpmcc commercial mortgage securities trust 2016jp2,,,,sec_header
0001678105,CARO HOLDINGS INC,caro,,35356,5960.0,crosswalk
0001678660,PRELUDE THERAPEUTICS INC,prelude therapeutics,,37063,2836.0,crosswalk
0001678740,Morgan Stanley Capital I Trust 2016-UBS11,morgan stanley capital i trust 2016ubs11,,,,sec_header
0001679049,INTERNATIONAL SEAWAYS INC,international seaways,,27706,4412.0,crosswalk
0001679268,MAMMOTH ENERGY SERVICES INC,mammoth energy services,,21834,1389.0,crosswalk
0001679273,LAMB WESTON HOLDINGS INC,lamb weston,,28790,2030.0,crosswalk
0001679327,CD 2016-CD1 Mortgage Trust,cd 2016cd1 mortgage trust,,,,sec_header
0001679363,MORPHIC HOLDING INC,morphic,,35280,2836.0,crosswalk
0001679379,"NYIAX, INC.",nyiax,,,,sec_header
0001679420,Wells Fargo Commercial Mortgage Trust 2016-BNK1,wells fargo commercial mortgage trust 2016bnk1,,,,sec_header
0001679688,DIGITALBRIDGE GROUP INC,digitalbridge,,183603,6282.0,crosswalk
0001679788,COINBASE GLOBAL INC,coinbase global,,34749,6200.0,crosswalk
0001679826,PING IDENTITY HOLDING CORP,ping identity,,35617,7370.0,crosswalk
0001680062,ACM RESEARCH INC,acm research,,32638,3559.0,crosswalk
0001680132,CANNABIS SUISSE CORP.,cannabis suisse,,,,sec_header
0001680139,HEALTHLYNKED CORP,healthlynked,,30587,7370.0,crosswalk
0001680247,PROPETRO HOLDING CORP,propetro,,30145,1389.0,crosswalk
0001680367,SHATTUCK LABS INC,shattuck labs,,37110,2836.0,crosswalk
0001680378,SENESTECH INC,senestech,,28365,2870.0,crosswalk
0001680379,STERLING BANCORP INC,sterling bancorp,,32698,6035.0,crosswalk
0001680581,FULCRUM THERAPEUTICS INC,fulcrum therapeutics,,35376,2836.0,crosswalk
0001680873,HF FOODS GROUP INC,hf foods,,34030,5140.0,crosswalk
0001681087,TECTONIC THERAPEUTIC INC,tectonic therapeutic,,33657,2836.0,crosswalk
0001681459,TECHNIPFMC PLC,technipfmc,,30923,1389.0,crosswalk
0001681622,VAREX IMAGING CORP,varex imaging,,29004,3844.0,crosswalk
0001681682,ENDRA LIFE SCIENCES INC,endra life sciences,,29418,3845.0,crosswalk
0001681769,CLANCY CORP,clancy,,28242,2840.0,crosswalk
0001681903,ICC HOLDINGS INC,icc,,29598,6331.0,crosswalk
0001682149,DATAVAULT AI INC,datavault ai,,33725,3674.0,crosswalk
0001682220,SACHEM CAPITAL CORP,sachem capital,,30223,6798.0,crosswalk
0001682265,Onar Holding Corp,onar,,,,sec_header
0001682325,GTY TECHNOLOGY HOLDINGS,gty technology,,28368,7370.0,crosswalk
0001682745,VERRA MOBILITY CORP,verra mobility,,34300,7374.0,crosswalk
0001682852,MODERNA INC,moderna,,34410,2836.0,crosswalk
0001683252,TOKEN COMMUNITIES LTD,token communities,,35039,3714.0,crosswalk
0001683300,JPMCC Commercial Mortgage Securities Trust 2016-JP3,jpmcc commercial mortgage securities trust 2016jp3,,,,sec_header
0001683489,Wells Fargo Commercial Mortgage Trust 2016-NXS6,wells fargo commercial mortgage trust 2016nxs6,,,,sec_header
0001683553,SPRUCE BIOSCIENCES INC,spruce biosciences,,37105,2836.0,crosswalk
0001683606,CARS.COM INC,carscom,,29155,7370.0,crosswalk
0001683695,INTERNATIONAL MONEY EXPR INC,international money expr,,33911,6099.0,crosswalk
0001684682,"CNL Strategic Capital, LLC",cnl strategic capital,,,,sec_header
0001685040,BRIGHTHOUSE FINANL INC,brighthouse finanl,,31774,6311.0,crosswalk
0001685054,CD 2016-CD2 Mortgage Trust,cd 2016cd2 mortgage trust,,,,sec_header
0001686150,Wells Fargo Commercial Mortgage Trust 2016-C36,wells fargo commercial mortgage trust 2016c36,,,,sec_header
0001687031,Morgan Stanley Bank of America Merrill Lynch Trust 2016-C31,morgan stanley bank of america merrill lynch trust 2016c31,,,,sec_header
0001687202,JPMDB Commercial Mortgage Securities Trust 2016-C4,jpmdb commercial mortgage securities trust 2016c4,,,,sec_header
0001687229,INVITATION HOMES INC,invitation homes,,30004,6798.0,crosswalk
0001687374,Morgan Stanley Capital I Trust 2016-BNK2,morgan stanley capital i trust 2016bnk2,,,,sec_header
0001687542,FREIGHT TECHNOLOGIES INC,freight technologies,,32283,4731.0,crosswalk
0001688126,CRYPTO CO,crypto,,31244,7370.0,crosswalk
0001688476,NEXTIER OILFIELD SOLUTNS INC,nextier oilfield solutns,,29524,1389.0,crosswalk
0001688568,DXC TECHNOLOGY CO,dxc technology,,3336,7370.0,crosswalk
0001688667,FRANKLY INC,frankly,,22762,7372.0,crosswalk
0001688757,ESTABLISHMNT LBS HLDNG,establishmnt lbs hldng,,33779,3842.0,crosswalk
0001689084,QRONS INC,qrons,,32126,2836.0,crosswalk
0001689111,JPMCC Commercial Mortgage Securities Trust 2016-JP4,jpmcc commercial mortgage securities trust 2016jp4,,,,sec_header
0001689375,ENTRADA THERAPUTIS INC,entrada theraputis,,39869,2836.0,crosswalk
0001689417,Morgan Stanley Capital I Trust 2016-UBS12,morgan stanley capital i trust 2016ubs12,,,,sec_header
0001689548,PRAXIS PRECIS MEDI INC,praxis precis medi,,37187,2836.0,crosswalk
0001689657,PHENOMEX INC,phenomex,,36660,2836.0,crosswalk
0001689796,JBG SMITH PPTYS,jbg smith pptys,,32154,6798.0,crosswalk
0001689923,ALTERYX INC,alteryx,,30655,7370.0,crosswalk
0001690012,INPOINT COMMERC REAL EST INC,inpoint commerc real est,,39662,6798.0,crosswalk
0001690080,FORUM MARKETS INC,forum markets,,37350,2834.0,crosswalk
0001690255,CITIGROUP COMMERCIAL MORTGAGE TRUST 2016-P6,citigroup commercial mortgage trust 2016p6,,,,sec_header
0001690334,SEACOR MARINE HLDGS INC,seacor marine hldgs,,31384,4412.0,crosswalk
0001690384,"BioCrude Technologies USA, Inc.",biocrude technologies usa,,,,sec_header
0001690536,"FS Credit Real Estate Income Trust, Inc.",fs credit real estate income trust,,,,sec_header
0001690577,Morgan Stanley Bank of America Merrill Lynch Trust 2016-C32,morgan stanley bank of america merrill lynch trust 2016c32,,,,sec_header
0001690585,DIANTHUS THERAPEUTICS INC,dianthus therapeutics,,33500,2836.0,crosswalk
0001690680,NEWMARK GROUP INC,newmark,,32748,6531.0,crosswalk
0001690820,CARVANA CO,carvana,,30999,5500.0,crosswalk
0001691077,EVMO INC,evmo,,33798,7370.0,crosswalk
0001691198,CSMC 2016-NXSR Commercial Mortgage Trust,csmc 2016nxsr commercial mortgage trust,,,,sec_header
0001691303,WARRIOR MET COAL INC,warrior met coal,,30397,1220.0,crosswalk
0001691421,LEMONADE INC,lemonade,,36692,6331.0,crosswalk
0001691430,QUANTA INC,quanta,,34011,2834.0,crosswalk
0001692063,SCHNEIDER NATIONAL INC,schneider national,,264193,4210.0,crosswalk
0001692427,NCS MULTISTAGE HLDG INC,ncs multistage hldg,,31005,3533.0,crosswalk
0001692819,VISTRA CORP,vistra,,157373,4911.0,crosswalk
0001693256,SELECT WATER SOLUTIONS INC,select water solutions,,29680,1389.0,crosswalk
0001693368,CD 2017-CD3 Mortgage Trust,cd 2017cd3 mortgage trust,,,,sec_header
0001693577,MAINSTREET BANCSHARES INC,mainstreet bancshares,,164724,6020.0,crosswalk
0001694187,NEON THERAPEUTICS INC,neon therapeutics,,33664,2836.0,crosswalk
0001694426,DELEK US HOLDINGS INC,delek us,,166563,2911.0,crosswalk
0001695154,JPMCC Commercial Mortgage Securities Trust 2017-JP5,jpmcc commercial mortgage securities trust 2017jp5,,,,sec_header
0001695473,"Greater Cannabis Company, Inc.",greater cannabis company,,,,sec_header
0001696195,KINETIC GROUP INC,kinetic,,34045,7370.0,crosswalk
0001696411,Crona Corp.,crona,,,,sec_header
0001696707,BBCMS Mortgage Trust 2017-C1,bbcms mortgage trust 2017c1,,,,sec_header
0001697412,MIGOM GLOBAL CORP,migom global,,33418,7819.0,crosswalk
0001697500,SOLARIS ENRGY INFRASTRUCTURE,solaris enrgy infrastructure,,30547,7359.0,crosswalk
0001697532,APPLIED THERAPEUTICS INC,applied therapeutics,,35091,2836.0,crosswalk
0001697851,REKOR SYSTEMS INC,rekor systems,,30280,7370.0,crosswalk
0001697935,MAPTELLIGENT INC,maptelligent,,37205,7372.0,crosswalk
0001698022,FARMERS & MERCHANTS BANCSHRS,farmers merchants bancshrs,,121975,6020.0,crosswalk
0001698113,PARTS ID INC,parts id,,37426,5961.0,crosswalk
0001698209,VANTAGE ENERGY ACQ CORP,vantage energy acq,,30922,9995.0,crosswalk
0001698685,BANK 2017-BNK4,bank 2017bnk4,,,,sec_header
0001699031,GRAIL INC,grail,,45458,2835.0,crosswalk
0001699099,JPMDB Commercial Mortgage Securities Trust 2017-C5,jpmdb commercial mortgage securities trust 2017c5,,,,sec_header
0001699136,CACTUS INC,cactus,,32938,3533.0,crosswalk
0001699150,INGERSOLL RAND INC,ingersoll rand,,30098,3560.0,crosswalk
0001699462,Wells Fargo Commercial Mortgage Trust 2017-RB1,wells fargo commercial mortgage trust 2017rb1,,,,sec_header
0001699683,LONGFIN CORP,longfin,,32824,6159.0,crosswalk
0001699838,CONFLUENT INC,confluent,,38931,7372.0,crosswalk
0001700849,VADO CORP,vado,,34914,7310.0,crosswalk
0001701108,SPERO THERAPEUTICS INC,spero therapeutics,,32525,2836.0,crosswalk
0001701478,AZITRA INC,azitra,,42984,2836.0,crosswalk
0001701541,BLACK DIAMOND THERAPEUTICS,black diamond therapeutics,,36052,2836.0,crosswalk
0001701605,BAKER HUGHES CO,baker hughes,,32106,1389.0,crosswalk
0001701638,JPMCC Commercial Mortgage Securities Trust 2017-JP6,jpmcc commercial mortgage securities trust 2017jp6,,,,sec_header
0001701732,ALTAIR ENGINEERING INC,altair engineering,,32530,7372.0,crosswalk
0001701756,SADOT GROUP INC,sadot,,35967,100.0,crosswalk
0001701758,LOVESAC CO (THE),lovesac co the,,33425,2510.0,crosswalk
0001701963,VERSUS SYSTEMS INC,versus systems,,140172,7372.0,crosswalk
0001702494,"AEP Transmission Company, LLC",aep transmission company,,,,sec_header
0001702510,"Carlyle Credit Solutions, Inc.",carlyle credit solutions,,,,sec_header
0001702746,Morgan Stanley Bank of America Merrill Lynch Trust 2017-C33,morgan stanley bank of america merrill lynch trust 2017c33,,,,sec_header
0001702780,OPTIMUM COMMUNICATIONS INC,optimum communications,,12485,4841.0,crosswalk
0001702924,WRAP TECHNOLOGIES,wrap technologies,,33550,3690.0,crosswalk
0001703056,ADT INC,adt,,32930,7380.0,crosswalk
0001703057,ABCELLERA BIOLOGICS INC,abcellera biologics,,37527,2836.0,crosswalk
0001703647,KORRO BIO INC,korro bio,,35647,2836.0,crosswalk
0001703956,CONCRETE PUMPING HOLDINGS,concrete pumping,,32098,1700.0,crosswalk
0001704292,ZAI LAB LTD,zai lab,,32334,2836.0,crosswalk
0001704711,FUNKO INC,funko,,32528,3942.0,crosswalk
0001704715,ALPHA METALLURGICAL RESOURCE,alpha metallurgical resource,,27841,1220.0,crosswalk
0001704720,CANNAE HOLDINGS INC,cannae,,20960,5812.0,crosswalk
0001705110,ANGI INC,angi,,32502,7370.0,crosswalk
0001705163,Morgan Stanley Capital I Trust 2017-H1,morgan stanley capital i trust 2017h1,,,,sec_header
0001705338,SPARK NETWORKS SE,spark networks se,,32677,7370.0,crosswalk
0001705843,CIBUS INC,cibus,,32193,2836.0,crosswalk
0001705873,BERRY CORP,berry,,13431,1311.0,crosswalk
0001706303,BANK 2017-BNK5,bank 2017bnk5,,,,sec_header
0001706403,DBJPM 2017-C6 Mortgage Trust,dbjpm 2017c6 mortgage trust,,,,sec_header
0001706431,VIR BIOTECHNOLOGY INC,vir biotechnology,,35638,2836.0,crosswalk
0001706509,GRAND GALLERY INC,grand gallery,,33183,5961.0,crosswalk
0001706524,URBAN-GRO INC,urbangro,,35541,3523.0,crosswalk
0001706946,VIRGIN GALACTIC HOLDINGS INC,virgin galactic,,35808,4700.0,crosswalk
0001707753,ELASTIC NV,elastic nv,,34243,7372.0,crosswalk
0001707817,Wells Fargo Commercial Mortgage Trust 2017-C38,wells fargo commercial mortgage trust 2017c38,,,,sec_header
0001708055,RIBBON COMMUNICATIONS INC,ribbon communications,,135965,7373.0,crosswalk
0001708331,VIRPAX PHARMACEUTICALS INC,virpax pharmaceuticals,,37549,2834.0,crosswalk
0001708341,ALLIED GAMING & ENTERTAI INC,allied gaming entertai,,35552,7900.0,crosswalk
0001708527,ELUTIA INC,elutia,,36985,2836.0,crosswalk
0001708599,SERINA THERAPEUTICS INC,serina therapeutics,,34469,2836.0,crosswalk
0001709442,FIRSTSUN CAP BANCORP,firstsun cap bancorp,,41459,6021.0,crosswalk
0001709628,CLOUDASTRUCTURE INC,cloudastructure,,50620,7370.0,crosswalk
0001709682,CUSTOM TRUCK ONE SOURCE INC,custom truck one source,,35490,7359.0,crosswalk
0001709967,JPMCC Commercial Mortgage Securities Trust 2017-JP7,jpmcc commercial mortgage securities trust 2017jp7,,,,sec_header
0001710155,NATIONAL VISION HOLDINGS INC,national vision,,32574,5990.0,crosswalk
0001710261,BANK 2017-BNK6,bank 2017bnk6,,,,sec_header
0001710340,ETON PHARMACEUTICALS,eton pharmaceuticals,,33997,2834.0,crosswalk
0001710350,BIT DIGITAL INC,bit digital,,32878,7370.0,crosswalk
0001710360,CD 2017-CD5 MORTGAGE TRUST,cd 2017cd5 mortgage trust,,,,sec_header
0001710482,JOHN MARSHALL BANCORP INC,john marshall bancorp,,186890,6020.0,crosswalk
0001710798,Wells Fargo Commercial Mortgage Trust 2017-C39,wells fargo commercial mortgage trust 2017c39,,,,sec_header
0001711142,UBS Commercial Mortgage Trust 2017-C2,ubs commercial mortgage trust 2017c2,,,,sec_header
0001711269,EVERGY INC,evergy,,6338,4931.0,crosswalk
0001711279,KRYSTAL BIOTECH INC,krystal biotech,,32348,2836.0,crosswalk
0001711291,CURO GROUP HLDGS CORP,curo group hldgs,,22439,6141.0,crosswalk
0001711786,HOTH THERAPEUTICS INC,hoth therapeutics,,34566,2836.0,crosswalk
0001711929,"Starwood Real Estate Income Trust, Inc.",starwood real estate income trust,,,,sec_header
0001711933,AKOYA BIOSNCS INC,akoya biosncs,,38527,3826.0,crosswalk
0001712184,LIBERTY LATIN AMERICA LTD,liberty latin america,,24724,4813.0,crosswalk
0001712463,RANPAK HOLDINGS CORP,ranpak,,32558,2670.0,crosswalk
0001712762,BIOAFFINITY TECHNOLOGIES INC,bioaffinity technologies,,41176,2835.0,crosswalk
0001713226,UBS Commercial Mortgage Trust 2017-C3,ubs commercial mortgage trust 2017c3,,,,sec_header
0001713445,REDDIT INC,reddit,,45097,7370.0,crosswalk
0001713683,ZSCALER INC,zscaler,,33037,7370.0,crosswalk
0001713832,HYRECAR INC,hyrecar,,33624,7370.0,crosswalk
0001713952,VIVINT SMART HOME INC,vivint smart home,,189594,7380.0,crosswalk
0001714174,BURFORD CAPITAL LIMITED,burford capital limited,,293070,6159.0,crosswalk
0001714679,BANK 2017-BNK7,bank 2017bnk7,,,,sec_header
0001714899,DENALI THERAPEUTCS INC,denali therapeutcs,,32775,2836.0,crosswalk
0001715768,TRANSPHORM INC,transphorm,,36799,3674.0,crosswalk
0001715824,CITIGROUP COMMERCIAL MORTGAGE TRUST 2017-P8,citigroup commercial mortgage trust 2017p8,,,,sec_header
0001715846,Morgan Stanley Bank of America Merrill Lynch Trust 2017-C34,morgan stanley bank of america merrill lynch trust 2017c34,,,,sec_header
0001716166,VIVOS THERAPEUTICS INC,vivos therapeutics,,37290,3841.0,crosswalk
0001716186,JPMDB Commercial Mortgage Securities Trust 2017-C7,jpmdb commercial mortgage securities trust 2017c7,,,,sec_header
0001716187,Wells Fargo Commercial Mortgage Trust 2017-C40,wells fargo commercial mortgage trust 2017c40,,,,sec_header
0001716558,"American Homes 4 Rent, L.P.",american homes 4 rent lp,,,,sec_header
0001716583,HYZON MOTORS INC,hyzon motors,,39273,3713.0,crosswalk
0001716602,CSAIL 2017-CX9 Commercial Mortgage Trust,csail 2017cx9 commercial mortgage trust,,,,sec_header
0001716621,CATHETER PRECISION INC,catheter precision,,33824,3845.0,crosswalk
0001717115,TEMPUS AI INC,tempus ai,,45462,8071.0,crosswalk
0001717307,INDSTRL LGST PRPT TRST,indstrl lgst prpt trst,,32751,6798.0,crosswalk
0001717310,"Venture Lending & Leasing IX, Inc.",venture lending leasing ix,,,,sec_header
0001717547,BRIGHTSPIRE CAPITAL INC,brightspire capital,,33066,6798.0,crosswalk
0001717556,VINCO VENTURES INC,vinco ventures,,33429,7370.0,crosswalk
0001718108,SURFACE ONCOLOGY INC,surface oncology,,33274,2836.0,crosswalk
0001718304,CITIGROUP COMMERCIAL MORTGAGE TRUST 2017-C4,citigroup commercial mortgage trust 2017c4,,,,sec_header
0001718512,GATES INDUSTRIAL CORP PLC,gates industrial corp,,32886,3560.0,crosswalk
0001718852,PROMETHEUS BIOSCNC INC,prometheus bioscnc,,38342,2836.0,crosswalk
0001718939,T STAMP INC,t stamp,,345764,7372.0,crosswalk
0001719195,UBS Commercial Mortgage Trust 2017-C5,ubs commercial mortgage trust 2017c5,,,,sec_header
0001719199,Wells Fargo Commercial Mortgage Trust 2017-C41,wells fargo commercial mortgage trust 2017c41,,,,sec_header
0001719395,EARGO INC,eargo,,37080,3842.0,crosswalk
0001719406,NRX PHARMACEUTICALS INC,nrx pharmaceuticals,,38874,2834.0,crosswalk
0001719489,KALEYRA INC,kaleyra,,35909,7370.0,crosswalk
0001719714,MEREO BIOPHARMA GROUP PLC,mereo biopharma,,321764,2836.0,crosswalk
0001720116,RED VIOLET INC,red violet,,33233,7370.0,crosswalk
0001720286,INTERNET SCIENCES INC.,internet sciences,,,,sec_header
0001720420,IBEX LTD,ibex,,33159,7370.0,crosswalk
0001720474,CSAIL 2017-CX10 Commercial Mortgage Trust,csail 2017cx10 commercial mortgage trust,,,,sec_header
0001720580,ADICET BIO INC,adicet bio,,36987,2836.0,crosswalk
0001720635,NVENT ELECTRIC PLC,nvent electric,,326688,3440.0,crosswalk
0001720671,HASHICORP INC,hashicorp,,39391,7370.0,crosswalk
0001720748,CCUBS Commercial Mortgage Trust 2017-C1,ccubs commercial mortgage trust 2017c1,,,,sec_header
0001720893,BIOXCEL THERAPEUTICS INC,bioxcel therapeutics,,32941,2836.0,crosswalk
0001720990,FISKER INC,fisker,,37318,3711.0,crosswalk
0001721386,LANDSEA HOMES CORP,landsea homes,,37713,1520.0,crosswalk
0001721484,LONGEVERON INC,longeveron,,37807,2836.0,crosswalk
0001721741,LAZYDAYS HOLDINGS INC,lazydays,,26218,5500.0,crosswalk
0001721781,AEP Texas Inc.,aep texas,,,,sec_header
0001721905,UBS Commercial Mortgage Trust 2017-C6,ubs commercial mortgage trust 2017c6,,,,sec_header
0001721947,JAMF HOLDING CORP,jamf,,36717,7370.0,crosswalk
0001722010,OP BANCORP,op bancorp,,164395,6020.0,crosswalk
0001722194,Benchmark 2018-B1 Mortgage Trust,benchmark 2018b1 mortgage trust,,,,sec_header
0001722438,DOMA HOLDINGS INC,doma,,39357,6361.0,crosswalk
0001722482,AVANTOR INC,avantor,,35065,3826.0,crosswalk
0001722684,WYNDHAM HOTELS & RESRTS,wyndham hotels resrts,,33243,7011.0,crosswalk
0001722964,Y MABS THERAPEUTICS INC,y mabs therapeutics,,34135,2836.0,crosswalk
0001722969,"Nxu, Inc.",nxu,,,,sec_header
0001723128,AMNEAL PHARMACEUTICALS INC,amneal pharmaceuticals,,18888,2834.0,crosswalk
0001723580,BURGERFI INTERNATIONAL INC,burgerfi international,,33138,5812.0,crosswalk
0001723648,LIVEVOX HOLDING INC,livevox,,39053,7370.0,crosswalk
0001723788,Bitwise 10 Crypto Index Fund,bitwise 10 crypto index fund,,,,sec_header
0001724177,UBS Commercial Mortgage Trust 2017-C7,ubs commercial mortgage trust 2017c7,,,,sec_header
0001724521,ARCUS BIOSCIENCES INC,arcus biosciences,,33133,2836.0,crosswalk
0001724670,PERSPECTA INC,perspecta,,33439,7370.0,crosswalk
0001724965,TALOS ENERGY INC,talos energy,,17228,1311.0,crosswalk
0001724979,RAIN ONCOLOGY INC,rain oncology,,38697,2834.0,crosswalk
0001725057,DAYFORCE INC,dayforce,,23546,7370.0,crosswalk
0001725134,DIGITAL MEDIA SOLUTIONS INC,digital media solutions,,36748,7310.0,crosswalk
0001725160,ZENTALIS PHARMACEUTICALS INC,zentalis pharmaceuticals,,36301,2836.0,crosswalk
0001725255,ADAPTHEALTH CORP,adapthealth,,35852,5047.0,crosswalk
0001725430,INTELLIGENT BIO SOLUTION INC,intelligent bio solution,,35422,3845.0,crosswalk
0001725579,PLURALSIGHT INC,pluralsight,,33446,7370.0,crosswalk
0001725872,BM TECHNOLOGIES INC,bm technologies,,37673,7370.0,crosswalk
0001726079,LUCENT INC,lucent,,36938,3600.0,crosswalk
0001726445,SEER INC,seer,,37425,8731.0,crosswalk
0001726711,ADITXT INC,aditxt,,35958,2834.0,crosswalk
0001726978,GOOSEHEAD INSURANCE,goosehead insurance,,33421,6411.0,crosswalk
0001727196,SCHOLAR ROCK HOLDNG CRP,scholar rock holdng crp,,33445,2836.0,crosswalk
0001727255,CHILEAN COBALT CORP,chilean cobalt,,43145,1000.0,crosswalk
0001727263,FRONTDOOR INC,frontdoor,,33951,7600.0,crosswalk
0001728205,PIEDMONT LITHIUM INC,piedmont lithium,,253501,1400.0,crosswalk
0001728328,INMED PHARMACEUTICALS INC,inmed pharmaceuticals,,64717,2834.0,crosswalk
0001728339,BENCHMARK 2018-B2 Mortgage Trust,benchmark 2018b2 mortgage trust,,,,sec_header
0001728688,I3 VERTICALS INC,i3 verticals,,33638,7374.0,crosswalk
0001729149,VIEMED HEALTHCARE,viemed healthcare,,32860,8090.0,crosswalk
0001729750,KUBIENT INC,kubient,,36735,7370.0,crosswalk
0001729756,FINTECH ACQ CORP III,fintech acq corp iii,,34322,9995.0,crosswalk
0001729997,Grayscale Digital Large Cap Fund LLC,grayscale digital large cap fund,,,,sec_header
0001730168,BROADCOM INC,broadcom,,180711,3674.0,crosswalk
0001730430,KINIKSA PHRMCTICALS INTL PLC,kiniksa phrmcticals intl,,33447,2836.0,crosswalk
0001730463,AUTOLUS THERAPEUTICS -ADR,autolus therapeutics adr,,33635,2836.0,crosswalk
0001730869,EVERYTHING BLOCKCHAIN INC,everything blockchain,,36314,7370.0,crosswalk
0001730984,BAYCOM CORP,baycom,,161023,6020.0,crosswalk
0001731044,CITIGROUP COMMERCIAL MORTGAGE TRUST 2018-B2,citigroup commercial mortgage trust 2018b2,,,,sec_header
0001731056,GS Mortgage Securities Trust 2018-GS9,gs mortgage securities trust 2018gs9,,,,sec_header
0001731289,NIKOLA CORP,nikola,,36565,3711.0,crosswalk
0001731348,TILRAY BRANDS INC,tilray brands,,22387,2834.0,crosswalk
0001732406,GRAYSCALE LITECOIN TRUST,grayscale litecoin trust,,36764,6722.0,crosswalk
0001732409,GRAYSCALE BITCOIN CASH TRUST,grayscale bitcoin cash trust,,36761,6722.0,crosswalk
0001732845,WESTROCK CO,westrock,,29830,2650.0,crosswalk
0001732963,CSAIL 2018-CX11 Commercial Mortgage Trust,csail 2018cx11 commercial mortgage trust,,,,sec_header
0001733186,VEONEER INC,veoneer,,33647,3714.0,crosswalk
0001733257,FINCH THERA GRP INC,finch thera grp,,38389,2836.0,crosswalk
0001733443,"5&2 Studios, Inc.",52 studios,,,,sec_header
0001733998,NORTHWEST NATURAL HLDNG CO,northwest natural hldng,,7993,4924.0,crosswalk
0001734103,BENCHMARK 2018-B3 COMMERCIAL MORTGAGE TRUST,benchmark 2018b3 commercial mortgage trust,,,,sec_header
0001734342,AMERANT BANCORP INC,amerant bancorp,,33999,6020.0,crosswalk
0001734713,BRIGHTVIEW HOLDINGS,brightview,,33637,700.0,crosswalk
0001734722,UIPATH INC,uipath,,38646,7372.0,crosswalk
0001734750,CORVEX INC,corvex,,37980,3845.0,crosswalk
0001735438,MEIRAGTX HOLDINGS,meiragtx,,33595,2836.0,crosswalk
0001735646,JPMDB Commercial Mortgage Securities Trust 2018-C8,jpmdb commercial mortgage securities trust 2018c8,,,,sec_header
0001735707,GARRETT MOTION INC,garrett motion,,34051,3714.0,crosswalk
0001736035,BLACKSTONE SECURED LENDING F,blackstone secured lending f,,39989,6797.0,crosswalk
0001736243,ACURX PHARMA INC,acurx pharma,,38910,2836.0,crosswalk
0001736297,ASTERA LABS INC,astera labs,,45094,3674.0,crosswalk
0001736730,CAMP4 THERAPEUTICS CORP,camp4 therapeutics,,50682,2836.0,crosswalk
0001736862,UBS Commercial Mortgage Trust 2018-C10,ubs commercial mortgage trust 2018c10,,,,sec_header
0001736946,ARLO TECHNOLOGIES INC,arlo technologies,,33766,3669.0,crosswalk
0001737193,LUDUSON G INC,luduson g,,34597,8742.0,crosswalk
0001737287,ALLOGENE THERAPEUTICS,allogene therapeutics,,34161,2836.0,crosswalk
0001737372,SYSOREX INC,sysorex,,38651,5045.0,crosswalk
0001737523,BIONEXUS GENE LAB CORP,bionexus gene lab,,36311,5160.0,crosswalk
0001737706,SEADRILL LTD,seadrill,,273726,1381.0,crosswalk
0001737927,CANOPY GROWTH CORP,canopy growth,,20096,2833.0,crosswalk
0001737953,REPLIMUNE GROUP INC,replimune,,33719,2836.0,crosswalk
0001738021,COMPASS THERAPEUTICS INC,compass therapeutics,,37364,2836.0,crosswalk
0001738177,CAMBIUM NETWORKS CORP,cambium networks,,35373,3663.0,crosswalk
0001738827,KLX ENERGY SERVS HLDNG,klx energy servs hldng,,34055,1389.0,crosswalk
0001739104,ELANCO ANIMAL HLTH INC,elanco animal hlth,,33955,2834.0,crosswalk
0001739410,RALLYBIO CORP,rallybio,,39359,2836.0,crosswalk
0001739445,ARCOSA INC,arcosa,,328795,3440.0,crosswalk
0001739566,UTZ BRANDS INC,utz brands,,34259,2090.0,crosswalk
0001739936,MOMENTIVE GLOBAL INC,momentive global,,34140,7370.0,crosswalk
0001739940,CIGNA GROUP (THE),cigna group the,,2547,6324.0,crosswalk
0001739942,SOLARWINDS CORP,solarwinds,,179690,7370.0,crosswalk
0001740040,UBS Commercial Mortgage Trust 2018-C11,ubs commercial mortgage trust 2018c11,,,,sec_header
0001740279,IN8BIO INC,in8bio,,37352,2836.0,crosswalk
0001740332,RESIDEO TECHNOLOGIES,resideo technologies,,34053,5065.0,crosswalk
0001740450,CITIGROUP COMMERCIAL MORTGAGE TRUST 2018-C5,citigroup commercial mortgage trust 2018c5,,,,sec_header
0001740742,Unicoin Inc.,unicoin,,,,sec_header
0001740797,AVAI BIO INC,avai bio,,35156,7370.0,crosswalk
0001740849,Benchmark 2018-B4 Mortgage Trust,benchmark 2018b4 mortgage trust,,,,sec_header
0001741489,ELVICTOR GROUP INC,elvictor,,35400,7361.0,crosswalk
0001741830,KRONOS BIO INC,kronos bio,,37102,2836.0,crosswalk
0001742313,Monroe Capital Income Plus Corp,monroe capital income plus,,,,sec_header
0001742383,Morgan Stanley Capital I Trust 2018-H3,morgan stanley capital i trust 2018h3,,,,sec_header
0001743415,SCP Private Credit Income BDC LLC,scp private credit income bdc,,,,sec_header
0001743725,GRID DYNAMICS HOLDGS INC,grid dynamics holdgs,,36293,7370.0,crosswalk
0001743745,GREENLANE HOLDINGS INC,greenlane,,35009,5099.0,crosswalk
0001743759,CORSAIR GAMING INC,corsair gaming,,37090,3570.0,crosswalk
0001743881,BRIDGEBIO PHARMA INC,bridgebio pharma,,35264,2836.0,crosswalk
0001744489,DISNEY (WALT) CO,disney walt,,3980,4888.0,crosswalk
0001744494,ADVENT TECHNOLOGIES HOLD INC,advent technologies hold,,38001,3690.0,crosswalk
0001744659,AKERO THERAPEUTICS INC,akero therapeutics,,35267,2836.0,crosswalk
0001745032,"Lodging Fund REIT III, Inc.",lodging fund reit iii,,,,sec_header
0001745078,"Vynleads, Inc.",vynleads,,,,sec_header
0001745317,VELODYNE LIDAR INC,velodyne lidar,,37106,3812.0,crosswalk
0001745529,Benchmark 2018-B5 Mortgage Trust,benchmark 2018b5 mortgage trust,,,,sec_header
0001745916,PENNYMAC FINANCIAL SERVICES,pennymac financial services,,17306,6162.0,crosswalk
0001745999,BEAM THERAPEUTICS INC,beam therapeutics,,35714,2836.0,crosswalk
0001746109,BANK FIRST CORP,bank first,,150803,6020.0,crosswalk
0001746278,GOLOGIQ INC,gologiq,,37378,7370.0,crosswalk
0001746406,CD 2018-CD7 Mortgage Trust,cd 2018cd7 mortgage trust,,,,sec_header
0001746466,EQUILLIUM INC,equillium,,34164,2836.0,crosswalk
0001746618,REVOLVE GROUP INC,revolve,,34467,5961.0,crosswalk
0001747009,EQUITRANS MID CORP,equitrans mid,,34337,4922.0,crosswalk
0001747068,METROCITY BANKSHARES INC,metrocity bankshares,,27111,6020.0,crosswalk
0001747079,BALLYS CORP,ballys,,27240,7990.0,crosswalk
0001747748,QUALTRICS INTERNATIONAL INC,qualtrics international,,34326,7370.0,crosswalk
0001747777,BLUE OWL TECH FIN CORP -REDH,blue owl tech fin corp redh,,51878,6799.0,crosswalk
0001748137,NEOVOLTA INC,neovolta,,35789,3690.0,crosswalk
0001748790,AMCOR PLC,amcor,,100243,2670.0,crosswalk
0001748824,ACADIAN ASSET MANAGEMENT INC,acadian asset management,,21019,6282.0,crosswalk
0001748945,Grayscale Horizen Trust (ZEN),grayscale horizen trust zen,,,,sec_header
0001749723,NEW FORTRESS ENERGY INC,new fortress energy,,34418,4924.0,crosswalk
0001750106,ALSET INC,alset,,36005,6552.0,crosswalk
0001750149,INHIBIKASE THERAPE INC,inhibikase therape,,36787,2836.0,crosswalk
0001750153,CANOO INC,canoo,,37576,3711.0,crosswalk
0001750284,OLEMA PHARMACEUTICALS INC,olema pharmaceuticals,,37412,2836.0,crosswalk
0001750735,MERIDIAN CORP,meridian,,32665,6020.0,crosswalk
0001751008,APPLOVIN CORP,applovin,,38212,7372.0,crosswalk
0001751707,OZ VISION INC,oz vision,,35534,4210.0,crosswalk
0001751743,Morgan Stanley Capital I Trust 2018-L1,morgan stanley capital i trust 2018l1,,,,sec_header
0001751788,DOW INC,dow,,34443,2821.0,crosswalk
0001751874,BENCHMARK 2018-B6 MORTGAGE TRUST,benchmark 2018b6 mortgage trust,,,,sec_header
0001752363,DBGS 2018-C1 Mortgage Trust,dbgs 2018c1 mortgage trust,,,,sec_header
0001752474,KLDISCOVERY INC,kldiscovery,,36107,7370.0,crosswalk
0001753373,M2I GLOBAL INC,m2i global,,39394,5051.0,crosswalk
0001753539,BLACKSKY TECHNOLOGY INC,blacksky technology,,39621,7370.0,crosswalk
0001753648,8I ENTPRIS ACQ CORP,8i entpris acq,,34962,9995.0,crosswalk
0001754068,KALARIS THERAPEUTICS INC,kalaris therapeutics,,36786,2836.0,crosswalk
0001754226,ORANGE COUNTY BANCORP INC,orange county bancorp,,116675,6020.0,crosswalk
0001754301,FOX CORP,fox,,34636,4833.0,crosswalk
0001754820,DESKTOP METAL INC,desktop metal,,37537,3555.0,crosswalk
0001754913,BBCMS Mortgage Trust 2018-C2,bbcms mortgage trust 2018c2,,,,sec_header
0001755237,CYCLERION THERAPEUTICS,cyclerion therapeutics,,34746,2836.0,crosswalk
0001755347,Certiplex Corp,certiplex,,,,sec_header
0001755672,CORTEVA INC,corteva,,35168,100.0,crosswalk
0001755755,"VINEBROOK HOMES TRUST, INC.",vinebrook homes trust,,,,sec_header
0001755953,AMERICAN BITCOIN CORP,american bitcoin,,35354,7370.0,crosswalk
0001756390,ASCEND WELLNESS HOLDINGS INC,ascend wellness,,38796,2833.0,crosswalk
0001756497,CHANGE HEALTHCARE INC,change healthcare,,34954,7372.0,crosswalk
0001756655,ARDENT HEALTH INC,ardent health,,34526,8062.0,crosswalk
0001756761,Invesco Real Estate Income Trust Inc.,invesco real estate income trust,,,,sec_header
0001757018,Benchmark 2018-B7 Mortgage Trust,benchmark 2018b7 mortgage trust,,,,sec_header
0001757073,ENVISTA HOLDINGS CORP,envista,,35497,3843.0,crosswalk
0001757715,ATERIAN INC,aterian,,35210,3634.0,crosswalk
0001757898,STERIS PLC,steris,,25313,3841.0,crosswalk
0001757925,CITIGROUP COMMERCIAL MORTGAGE TRUST 2018-C6,citigroup commercial mortgage trust 2018c6,,,,sec_header
0001757932,ROMEO POWER INC,romeo power,,37617,3690.0,crosswalk
0001758009,QUANTUM COMPUTING INC,quantum computing,,162643,3570.0,crosswalk
0001758021,KARAT PACKAGING INC,karat packaging,,35674,5110.0,crosswalk
0001758057,LUMINAR TECHNOLOGIES INC,luminar technologies,,37490,3714.0,crosswalk
0001758292,UBS Commercial Mortgage Trust 2018-C14,ubs commercial mortgage trust 2018c14,,,,sec_header
0001758488,ONESPAWORLD HOLDINGS LTD,onespaworld,,32608,7200.0,crosswalk
0001758699,TRANSUITE.ORG INC.,transuiteorg,,,,sec_header
0001758730,TRADEWEB MARKETS INC,tradeweb markets,,34919,7370.0,crosswalk
0001758766,STEM INC,stem,,38722,7389.0,crosswalk
0001758882,Morgan Stanley Capital I Trust 2018-H4,morgan stanley capital i trust 2018h4,,,,sec_header
0001758901,Benchmark 2018-B8 Mortgage Trust,benchmark 2018b8 mortgage trust,,,,sec_header
0001759008,CARLOTZ INC,carlotz,,37861,5500.0,crosswalk
0001759186,COEPTIS THERAPEUTIC HOLD INC,coeptis therapeutic hold,,38082,2836.0,crosswalk
0001759425,MIRUM PHARMACEUTICALS INC,mirum pharmaceuticals,,35375,2836.0,crosswalk
0001759509,LYFT INC,lyft,,34873,4100.0,crosswalk
0001759546,NU RIDE INC,nu ride,,37268,3711.0,crosswalk
0001759631,HYLIION HOLDINGS CORP,hyliion,,37182,3711.0,crosswalk
0001759655,PRIVIA HEALTH GROUP INC,privia health,,38594,8011.0,crosswalk
0001759774,POSTAL REALTY TRUST INC,postal realty trust,,35030,6798.0,crosswalk
0001759824,ALTA EQUIPMENT GROUP INC,alta equipment,,36206,5080.0,crosswalk
0001760173,SURGALIGN HOLDINGS INC,surgalign,,138707,3842.0,crosswalk
0001760233,GIFTIFY INC,giftify,,34645,7370.0,crosswalk
0001760337,UBS Commercial Mortgage Trust 2018-C15,ubs commercial mortgage trust 2018c15,,,,sec_header
0001760542,HOOKIPA PHARMA INC,hookipa pharma,,35014,2836.0,crosswalk
0001760689,MICROVAST HOLDINGS INC,microvast,,39338,3690.0,crosswalk
0001760903,BONK INC,bonk,,36632,2844.0,crosswalk
0001760965,KONTOOR BRANDS INC,kontoor brands,,35035,2300.0,crosswalk
0001761312,PALOMAR HOLDINGS INC,palomar,,34953,6331.0,crosswalk
0001761325,Grayscale Stellar Lumens Trust (XLM),grayscale stellar lumens trust xlm,,,,sec_header
0001761612,BICYCLE THERAPEUTICS PLC,bicycle therapeutics,,35137,2836.0,crosswalk
0001761696,CROWN ELECTROKINETICS CORP,crown electrokinetics,,36357,1623.0,crosswalk
0001761918,ERASCA INC,erasca,,39198,2836.0,crosswalk
0001762322,SHIFT TECHNOLOGIES INC,shift technologies,,37213,5961.0,crosswalk
0001763329,AIBOTICS INC,aibotics,,38154,8000.0,crosswalk
0001763333,BANK 2019-BNK16,bank 2019bnk16,,,,sec_header
0001763415,Bitwise Bitcoin ETF,bitwise bitcoin etf,,,,sec_header
0001763501,JPMCC Commercial Mortgage Securities Trust 2019-COR4,jpmcc commercial mortgage securities trust 2019cor4,,,,sec_header
0001763502,CSAIL 2019-C15 Commercial Mortgage Trust,csail 2019c15 commercial mortgage trust,,,,sec_header
0001763660,SEATech Ventures Corp.,seatech ventures,,,,sec_header
0001763925,COJAX OIL AND GAS CORP,cojax oil and gas,,37446,1311.0,crosswalk
0001763950,LANTERN PHARMA INC,lantern pharma,,36394,2836.0,crosswalk
0001764013,IMMUNOVANT INC,immunovant,,35982,2836.0,crosswalk
0001764046,CLARIVATE PLC,clarivate,,35211,7370.0,crosswalk
0001764925,SLACK TECHNOLOGIES INC,slack technologies,,35133,7370.0,crosswalk
0001766037,"NMF SLF I, Inc.",nmf slf i,,,,sec_header
0001766363,ENDEAVOR GROUP HOLDINGS,endeavor,,35245,7900.0,crosswalk
0001766367,Benchmark 2019-B10 Mortgage Trust,benchmark 2019b10 mortgage trust,,,,sec_header
0001766478,ANGEL OAK MORTGAGE REIT INC,angel oak mortgage reit,,39039,6798.0,crosswalk
0001766502,CHEWY INC,chewy,,35287,5961.0,crosswalk
0001766660,Morgan Stanley Capital I Trust 2019-L2,morgan stanley capital i trust 2019l2,,,,sec_header
0001767042,KODIAK GAS SERVICES INC,kodiak gas services,,42856,1389.0,crosswalk
0001767837,RICHMOND MUTUAL BANCO INC,richmond mutual banco,,34938,6020.0,crosswalk
0001768224,ARCTURUS THERAPETCS HOLD INC,arcturus therapetcs hold,,32715,2836.0,crosswalk
0001768267,CERENCE INC,cerence,,35614,7372.0,crosswalk
0001768446,CLIMB BIO INC,climb bio,,39271,2836.0,crosswalk
0001769318,THUNDER BRIDGE ACQ II LTD,thunder bridge acq ii,,35483,9995.0,crosswalk
0001769617,HARBORONE BANCORP INC,harborone bancorp,,27604,6036.0,crosswalk
0001769624,TRILLER GROUP INC,triller,,35079,6282.0,crosswalk
0001769759,MONOGRAM TECHNOLOGIES INC,monogram technologies,,42945,3842.0,crosswalk
0001769804,AUGMEDIX INC,augmedix,,38239,7374.0,crosswalk
0001770121,SANA BIOTCHNOLOGY INC,sana biotchnology,,37925,2836.0,crosswalk
0001770141,UPHEALTH INC,uphealth,,38981,8090.0,crosswalk
0001770450,XEROX HOLDINGS CORP,xerox,,11636,3577.0,crosswalk
0001770787,10X GENOMICS INC,10x genomics,,35640,2835.0,crosswalk
0001771200,CF 2019-CF1 Mortgage Trust,cf 2019cf1 mortgage trust,,,,sec_header
0001771501,GS Mortgage Securities Trust 2019-GC39,gs mortgage securities trust 2019gc39,,,,sec_header
0001771917,KARUNA THERPEUTICS INC,karuna therpeutics,,35290,2836.0,crosswalk
0001771995,AMERICAN PICTURE HOUSE CORP,american picture house,,165633,7812.0,crosswalk
0001772028,SCOPUS BIOPHARMA INC,scopus biopharma,,35050,2836.0,crosswalk
0001772177,KURA SUSHI USA INC,kura sushi usa,,35423,5812.0,crosswalk
0001772527,BBCMS Mortgage Trust 2019-C3,bbcms mortgage trust 2019c3,,,,sec_header
0001772695,SUNNOVA ENRGY INTL INC,sunnova enrgy intl,,35395,4991.0,crosswalk
0001772720,SPRUCE POWER HOLDG CORP,spruce power holdg,,37594,4911.0,crosswalk
0001772921,ONEWATER MARINE INC,onewater marine,,35451,5500.0,crosswalk
0001773339,Morgan Stanley Capital I Trust 2019-H6,morgan stanley capital i trust 2019h6,,,,sec_header
0001773383,DYNATRACE INC,dynatrace,,35447,7370.0,crosswalk
0001773427,SPRINGWORKS THERAPEUTICS INC,springworks therapeutics,,35600,2836.0,crosswalk
0001773751,HIMS & HERS HEALTH INC,hims hers health,,37851,2834.0,crosswalk
0001774155,BTRS HOLDINGS INC,btrs,,37740,7370.0,crosswalk
0001774170,POWERFLEET INC,powerfleet,,121759,7370.0,crosswalk
0001774675,SKILLSOFT CORP,skillsoft,,35327,8200.0,crosswalk
0001774801,JPMCC Commercial Mortgage Securities Trust 2019-COR5,jpmcc commercial mortgage securities trust 2019cor5,,,,sec_header
0001774857,AARDVARK THERAPEUTICS INC,aardvark therapeutics,,45804,2834.0,crosswalk
0001775194,UPEXI INC,upexi,,38661,2834.0,crosswalk
0001775625,SMILEDIRECTCLUB INC,smiledirectclub,,35602,3843.0,crosswalk
0001775734,BENEFICIENT,beneficient,,38396,6200.0,crosswalk
0001775756,Benchmark 2019-B11 Mortgage Trust,benchmark 2019b11 mortgage trust,,,,sec_header
0001776086,CSAIL 2019-C16 Commercial Mortgage Trust,csail 2019c16 commercial mortgage trust,,,,sec_header
0001776111,MBX BIOSCIENCES INC,mbx biosciences,,50526,2834.0,crosswalk
0001776197,AKUMIN INC,akumin,,32852,8071.0,crosswalk
0001776661,ADVANTAGE SOLUTIONS INC,advantage solutions,,31803,8742.0,crosswalk
0001776721,Wells Fargo Commercial Mortgage Trust 2019-C51,wells fargo commercial mortgage trust 2019c51,,,,sec_header
0001776903,NETFIN ACQUSITION CORP,netfin acqusition,,35441,9995.0,crosswalk
0001776909,CURIOSITYSTREAM INC,curiositystream,,37214,7374.0,crosswalk
0001776932,MEDMEN ENTERPRISES INC,medmen enterprises,,33582,2833.0,crosswalk
0001777319,CISO GLOBAL INC,ciso global,,36335,7373.0,crosswalk
0001777835,PERELLA WEINBERG PARTNERS,perella weinberg partners,,39098,6211.0,crosswalk
0001777921,AVEPOINT INC,avepoint,,39157,7370.0,crosswalk
0001777946,IRONNET INC,ironnet,,39535,7372.0,crosswalk
0001778129,TERRASCEND CORP,terrascend,,32731,2834.0,crosswalk
0001778232,GS Mortgage Securities Trust 2019-GC40,gs mortgage securities trust 2019gc40,,,,sec_header
0001779020,DANIMER SCIENTIFIC INC,danimer scientific,,37630,2821.0,crosswalk
0001779128,STRATA CRITICAL MEDICAL INC,strata critical medical,,38779,4522.0,crosswalk
0001779372,HEARTBEAM INC,heartbeam,,39592,3845.0,crosswalk
0001779474,WM TECHNOLOGY INC,wm technology,,39025,7370.0,crosswalk
0001780131,BBCMS Mortgage Trust 2019-C4,bbcms mortgage trust 2019c4,,,,sec_header
0001780201,LULU'S FASHION LOUN HOLD INC,lulus fashion loun hold,,39882,5961.0,crosswalk
0001780678,Wells Fargo Commercial Mortgage Trust 2019-C52,wells fargo commercial mortgage trust 2019c52,,,,sec_header
0001780859,BANK 2019-BNK19,bank 2019bnk19,,,,sec_header
0001781089,BENCHMARK 2019-B12 MORTGAGE TRUST,benchmark 2019b12 mortgage trust,,,,sec_header
0001781174,ACRIVON THERAPEUTICS INC,acrivon therapeutics,,41684,2834.0,crosswalk
0001781335,OTIS WORLDWIDE CORP,otis worldwide,,36190,3530.0,crosswalk
0001781405,ODYSSEY SEMICONDCTR TECH INC,odyssey semicondctr tech,,36485,3674.0,crosswalk
0001781730,THIRD COAST BANCSHARES INC,third coast bancshares,,39902,6020.0,crosswalk
0001781755,BALDWIN INSURANCE GROUP INC,baldwin insurance,,26167,6411.0,crosswalk
0001781983,APREA THERAPEUTICS INC,aprea therapeutics,,35648,2836.0,crosswalk
0001782107,ONCONETIX INC,onconetix,,39863,2836.0,crosswalk
0001782170,REMITLY GLOBAL INC,remitly global,,39547,7389.0,crosswalk
0001782524,MORGAN STANLEY DRCT LEND FND,morgan stanley drct lend fnd,,43873,6797.0,crosswalk
0001782754,AZEK COMPANY INC (THE),azek company inc the,,36193,2430.0,crosswalk
0001783180,CARRIER GLOBAL CORP,carrier global,,36191,3585.0,crosswalk
0001783183,PHATHOM PHARMA INC,phathom pharma,,35728,2834.0,crosswalk
0001783317,MCAFEE CORP,mcafee,,37180,7372.0,crosswalk
0001783398,UWM HOLDINGS CORP,uwm,,37763,6162.0,crosswalk
0001783875,4FRONT VENTURES CORP,4front ventures,,35995,2834.0,crosswalk
0001783879,ROBINHOOD MARKETS INC,robinhood markets,,39293,6211.0,crosswalk
0001784254,MEDIACO HOLDING INC,mediaco,,35583,4832.0,crosswalk
0001784535,PORCH GROUP INC,porch,,37593,6331.0,crosswalk
0001784851,SHAPEWAYS HOLDINGS INC,shapeways,,39785,2750.0,crosswalk
0001784970,NEXT TECHNOLOGY HOLDING INC,next technology,,36383,7370.0,crosswalk
0001785056,INTERACTIVE STRENGTH INC,interactive strength,,42847,3949.0,crosswalk
0001785173,89BIO INC,89bio,,35776,2836.0,crosswalk
0001785279,METAGENOMI THERAPEUTICS INC,metagenomi therapeutics,,43792,2836.0,crosswalk
0001785345,LANDOS BIOPHARMA INC,landos biopharma,,37924,2834.0,crosswalk
0001785424,KATAPULT HOLDINGS INC,katapult,,38978,6141.0,crosswalk
0001785592,LEAFLY HOLDINGS INC,leafly,,35761,7370.0,crosswalk
0001785881,Benchmark 2019-B13 Mortgage Trust,benchmark 2019b13 mortgage trust,,,,sec_header
0001786008,CSAIL 2019-C17 Commercial Mortgage Trust,csail 2019c17 commercial mortgage trust,,,,sec_header
0001786108,TRINITY CAPITAL INC,trinity capital,,37723,6797.0,crosswalk
0001786205,ARCELLX INC,arcellx,,40610,2836.0,crosswalk
0001786248,NEXPOINT REAL EST FIN,nexpoint real est fin,,36053,6798.0,crosswalk
0001786352,BILL HOLDINGS INC,bill,,35868,7370.0,crosswalk
0001786835,Star Mountain Lower Middle-Market Capital Corp,star mountain lower middlemarket capital,,,,sec_header
0001787000,GS Mortgage Securities Trust 2019-GC42,gs mortgage securities trust 2019gc42,,,,sec_header
0001787001,CF 2019-CF2 Mortgage Trust,cf 2019cf2 mortgage trust,,,,sec_header
0001787306,ARCUTIS BIOTHERAPEUTICS INC,arcutis biotherapeutics,,36028,2834.0,crosswalk
0001787640,CONVEY HEALTH SOL HLDNGS INC,convey health sol hldngs,,38868,7370.0,crosswalk
0001787740,TIVIC HEALTH SYSTEMS INC,tivic health systems,,39618,3845.0,crosswalk
0001788028,JASPER THERAPEUTICS INC,jasper therapeutics,,39740,2836.0,crosswalk
0001788230,IP STRATEGY HOLDINGS INC,ip strategy,,45332,2085.0,crosswalk
0001788841,MICROMOBILITY.COM INC,micromobilitycom,,39435,7370.0,crosswalk
0001788882,ROOT INC,root,,37150,6331.0,crosswalk
0001788999,XPERI INC,xperi,,41539,7372.0,crosswalk
0001789029,AEVA TECHNOLOGIES INC,aeva technologies,,38357,3829.0,crosswalk
0001789192,NEXENTIS TECHNOLOGIES INC,nexentis technologies,,183968,2870.0,crosswalk
0001789769,INSTIL BIO INC,instil bio,,38386,2836.0,crosswalk
0001789832,HESS MIDSTREAM LP,hess midstream lp,,21833,1311.0,crosswalk
0001789940,FIRST WATCH RESTAURA GRO INC,first watch restaura gro,,39595,5812.0,crosswalk
0001789954,GS Mortgage Securities Trust 2019-GSA1,gs mortgage securities trust 2019gsa1,,,,sec_header
0001790013,Benchmark 2019-B14 Mortgage Trust,benchmark 2019b14 mortgage trust,,,,sec_header
0001790121,ACKRELL SPAC PART I CO -REDH,ackrell spac part i co redh,,37477,9995.0,crosswalk
0001790169,ZEROSTACK CORP,zerostack,,38075,5122.0,crosswalk
0001790340,IMMUNEERING CORP,immuneering,,39189,2836.0,crosswalk
0001790441,BBCMS Mortgage Trust 2019-C5,bbcms mortgage trust 2019c5,,,,sec_header
0001790625,AGILETHOUGHT INC,agilethought,,39490,7371.0,crosswalk
0001791091,SOC TELEMED INC,soc telemed,,37327,7370.0,crosswalk
0001791295,Morgan Stanley Capital I Trust 2019-L3,morgan stanley capital i trust 2019l3,,,,sec_header
0001792044,VIATRIS INC,viatris,,7637,2834.0,crosswalk
0001792158,JPMDB Commercial Mortgage Securities Trust 2019-COR6,jpmdb commercial mortgage securities trust 2019cor6,,,,sec_header
0001792414,BANK 2019-BNK23,bank 2019bnk23,,,,sec_header
0001792509,TriplePoint Private Venture Credit Inc.,triplepoint private venture credit,,,,sec_header
0001792581,KIROMIC BIOPHARMA INC,kiromic biopharma,,36465,2836.0,crosswalk
0001792789,DOORDASH INC,doordash,,37420,7370.0,crosswalk
0001792905,CSAIL 2019-C18 Commercial Mortgage Trust,csail 2019c18 commercial mortgage trust,,,,sec_header
0001792941,Genvor Inc,genvor,,,,sec_header
0001793165,BANK 2019-BNK24,bank 2019bnk24,,,,sec_header
0001793229,CLARITEV CORP,claritev,,37188,7372.0,crosswalk
0001793294,PPD INC,ppd,,36049,8731.0,crosswalk
0001793659,RUSH STREET INTERACTIVE INC,rush street interactive,,37623,7990.0,crosswalk
0001793744,CF 2019-CF3 Mortgage Trust,cf 2019cf3 mortgage trust,,,,sec_header
0001794515,ZOOMINFO TECHNO INC,zoominfo techno,,22638,7370.0,crosswalk
0001794621,QUANERGY SYSTEMS INC,quanergy systems,,36094,3812.0,crosswalk
0001794669,SHIFT4 PAYMENTS INC,shift4 payments,,36494,7389.0,crosswalk
0001794717,SCVX CORP,scvx,,36006,9995.0,crosswalk
0001794776,PALMER SQUARE CAPTAL BDC INC,palmer square captal bdc,,43849,6797.0,crosswalk
0001794783,SELECTQUOTE INC,selectquote,,36234,6411.0,crosswalk
0001794905,CYXTERA TECHNOLOGIES INC,cyxtera technologies,,39371,7370.0,crosswalk
0001795815,CALIFORNIA BANCRP,california bancrp,,162307,6020.0,crosswalk
0001796022,STEPSTONE GROUP INC,stepstone,,33110,6282.0,crosswalk
0001796209,API GROUP CORP,api,,325576,1700.0,crosswalk
0001796280,ORIC PHARMACEUTICALS,oric pharmaceuticals,,36264,2836.0,crosswalk
0001796514,BTC DIGITAL LTD,btc digital,,36348,7370.0,crosswalk
0001797056,BANK 2020-BNK25,bank 2020bnk25,,,,sec_header
0001797099,PTK ACQUISITION CORP,ptk acquisition,,36615,9995.0,crosswalk
0001797288,Benchmark 2020-B16 Mortgage Trust,benchmark 2020b16 mortgage trust,,,,sec_header
0001797679,BBCMS Mortgage Trust 2020-C6,bbcms mortgage trust 2020c6,,,,sec_header
0001798270,ASSURE HOLDINGS CORP,assure,,31653,8090.0,crosswalk
0001798388,GS Mortgage Securities Trust 2020-GC45,gs mortgage securities trust 2020gc45,,,,sec_header
0001798562,TMC THE METALS CO INC,tmc the metals,,39624,1000.0,crosswalk
0001799208,DUN & BRADSTREET HOLDNGS INC,dun bradstreet holdngs,,4094,7323.0,crosswalk
0001799385,Wells Fargo Commercial Mortgage Trust 2020-C55,wells fargo commercial mortgage trust 2020c55,,,,sec_header
0001799448,ALIGOS THERAPEUTICS INC,aligos therapeutics,,37084,2836.0,crosswalk
0001799463,Morgan Stanley Capital I Trust 2020-L4,morgan stanley capital i trust 2020l4,,,,sec_header
0001800227,IAC INC,iac,,36691,7370.0,crosswalk
0001800294,CITIGROUP COMMERCIAL MORTGAGE TRUST 2020-GC46,citigroup commercial mortgage trust 2020gc46,,,,sec_header
0001800315,DAMORA THERAPEUTICS INC,damora therapeutics,,37310,2836.0,crosswalk
0001800347,E2OPEN PARENT HOLDINGS INC,e2open parent,,36299,7370.0,crosswalk
0001800392,MICROALGO INC,microalgo,,37846,7371.0,crosswalk
0001800637,RYTHM INC,rythm,,37896,3523.0,crosswalk
0001800667,JFROG LTD,jfrog,,36945,7372.0,crosswalk
0001801169,OPENDOOR TECHNOLOGIES INC,opendoor technologies,,37519,6531.0,crosswalk
0001801170,CLOVER HEALTH INVESTMENTS,clover health investments,,37711,6324.0,crosswalk
0001801338,Benchmark 2020-IG1 Mortgage Trust,benchmark 2020ig1 mortgage trust,,,,sec_header
0001801417,BYNORDIC ACQN CORP - REDH,bynordic acqn corp redh,,38196,9995.0,crosswalk
0001801602,SPRINGBIG HOLDINGS INC,springbig,,37922,7370.0,crosswalk
0001801661,SKILLZ INC,skillz,,37562,7370.0,crosswalk
0001802156,XPONENTIAL FITNESS INC,xponential fitness,,39276,7990.0,crosswalk
0001802215,Benchmark 2020-B17 Mortgage Trust,benchmark 2020b17 mortgage trust,,,,sec_header
0001802255,GUARDIAN PHARMACY SERVIS INC,guardian pharmacy servis,,43421,8000.0,crosswalk
0001802450,MSP RECOVERY INC,msp recovery,,36808,8090.0,crosswalk
0001802749,LIGHTNING EMOTORS INC,lightning emotors,,34459,3711.0,crosswalk
0001802768,ROYALTY PHARMA PLC,royalty pharma,,36474,2834.0,crosswalk
0001802974,MISSION PRODUCE INC,mission produce,,37019,5140.0,crosswalk
0001803096,"STARGUIDE GROUP, INC.",starguide group,,,,sec_header
0001803308,BANK 2020-BNK26,bank 2020bnk26,,,,sec_header
0001803498,Blackstone Private Credit Fund,blackstone private credit fund,,,,sec_header
0001803599,CONCENTRIX CORP,concentrix,,37382,7374.0,crosswalk
0001803696,ADEIA INC,adeia,,156153,7372.0,crosswalk
0001803702,CSAIL 2020-C19 Commercial Mortgage Trust,csail 2020c19 commercial mortgage trust,,,,sec_header
0001803737,ENHABIT INC,enhabit,,41366,8082.0,crosswalk
0001803858,Wells Fargo Commercial Mortgage Trust 2020-C56,wells fargo commercial mortgage trust 2020c56,,,,sec_header
0001803901,TALKSPACE INC,talkspace,,39078,8090.0,crosswalk
0001803977,LIMITLESS X HOLDINGS INC,limitless x,,66552,2834.0,crosswalk
0001804176,BUTTERFLY NETWORK INC,butterfly network,,38079,3845.0,crosswalk
0001804591,CHROME HOLDING CO,chrome,,38717,8071.0,crosswalk
0001804745,DRIVEN BRANDS HOLDINGS INC,driven brands,,37751,7500.0,crosswalk
0001805077,EOS ENERGY ENTERPRISES INC,eos energy enterprises,,37392,3690.0,crosswalk
0001805284,ROCKET COS INC,rocket cos,,36722,6162.0,crosswalk
0001805385,EVOLV TECHNOLOGIES HOLDINGS,evolv technologies,,39280,3812.0,crosswalk
0001805387,CEREVEL THERAPEUTICS HOLDING,cerevel therapeutics,,37275,2836.0,crosswalk
0001805521,FARADAY FUTURE INTELLIGENT,faraday future intelligent,,39318,3711.0,crosswalk
0001805526,DEFI DEVELOPMENT CORP,defi development,,41687,6163.0,crosswalk
0001805651,MARKETWISE INC,marketwise,,39311,7370.0,crosswalk
0001805833,SYSTEM1 INC,system1,,36557,7370.0,crosswalk
0001805890,FUSION PHARMACEUTI INC,fusion pharmaceuti,,36571,2836.0,crosswalk
0001806310,TAYSHA GENE THERPS INC,taysha gene therps,,37013,2836.0,crosswalk
0001806837,VERTEX INC,vertex,,24083,7370.0,crosswalk
0001806944,BANK 2020-BNK27,bank 2020bnk27,,,,sec_header
0001806952,LYELL IMMUNOPHARMA INC,lyell immunopharma,,38883,2836.0,crosswalk
0001807120,DESIGN THERAPEUTIS INC,design therapeutis,,38441,2836.0,crosswalk
0001807166,AMESITE INC,amesite,,36863,7372.0,crosswalk
0001807594,MALACCA STRAITS ACQ CO LTD,malacca straits acq,,36688,9995.0,crosswalk
0001807707,APPHARVEST INC,appharvest,,37946,100.0,crosswalk
0001807794,CREDO TECH GROUP HOLDING LTD,credo tech,,40532,3674.0,crosswalk
0001807846,MONEYLION INC,moneylion,,39752,6141.0,crosswalk
0001807887,LASER PHOTONICS CORP,laser photonics,,40645,3540.0,crosswalk
0001807901,PANDION THERPUTC INC,pandion therputc,,36705,2836.0,crosswalk
0001808158,REPARE THERAPEUTIC INC,repare therapeutic,,36556,2836.0,crosswalk
0001808220,GOHEALTH INC,gohealth,,36635,6411.0,crosswalk
0001808377,INNOVATIVE EYEWEAR INC,innovative eyewear,,40414,3851.0,crosswalk
0001808665,ASSERTIO HOLDINGS INC,assertio,,65944,2834.0,crosswalk
0001808805,NAUTILUS BIOTECHNOLOGY INC,nautilus biotechnology,,38979,8731.0,crosswalk
0001808834,PROG HOLDINGS INC,prog,,1076,6141.0,crosswalk
0001808997,AMERICAN OUTDOOR BRANDS,american outdoor brands,,36826,3949.0,crosswalk
0001809104,ALIGHT INC,alight,,36463,7374.0,crosswalk
0001809519,GOODRX HLDGS INC,goodrx hldgs,,37023,7370.0,crosswalk
0001809987,MIRION TECHNOLOGIES INC,mirion technologies,,39935,3829.0,crosswalk
0001810019,RACKSPACE TECHNOLOGY INC,rackspace technology,,36641,7370.0,crosswalk
0001810050,GS Mortgage Securities Trust 2020-GC47,gs mortgage securities trust 2020gc47,,,,sec_header
0001810560,REVELATION BIOSCIENCES INC,revelation biosciences,,36848,2836.0,crosswalk
0001810806,UNITY SOFTWARE INC,unity software,,36898,7372.0,crosswalk
0001811063,NUVATION BIO INC,nuvation bio,,38076,2834.0,crosswalk
0001811109,APPLIED UV INC,applied uv,,36759,3640.0,crosswalk
0001811115,RENALYTIX PLC,renalytix,,329141,7372.0,crosswalk
0001811210,LUCID GROUP INC,lucid,,39337,3711.0,crosswalk
0001811414,QUANTUMSCAPE CORP,quantumscape,,37449,3690.0,crosswalk
0001811856,VIEW INC,view,,38271,3211.0,crosswalk
0001811972,Barings Capital Investment Corp,barings capital investment,,,,sec_header
0001811999,FARMHOUSE INC,farmhouse,,112005,7370.0,crosswalk
0001812173,VICARIOUS SURGICAL INC,vicarious surgical,,39712,3845.0,crosswalk
0001812360,FOXO TECHNOLOGIES INC,foxo technologies,,37482,8000.0,crosswalk
0001812364,RELAY THERAPEUTICS INC,relay therapeutics,,36677,2836.0,crosswalk
0001812554,Blue Owl Credit Income Corp.,blue owl credit income,,,,sec_header
0001812604,BBCMS Mortgage Trust 2020-C7,bbcms mortgage trust 2020c7,,,,sec_header
0001812727,RELIANCE GLOBAL GROUP INC,reliance global,,22318,6411.0,crosswalk
0001813658,TEMPO AUTOMATION HOLDING INC,tempo automation,,36716,3672.0,crosswalk
0001813756,WEWORK INC,wework,,33433,6512.0,crosswalk
0001813814,DEFINIUM THERAPEUTICS INC,definium therapeutics,,36288,2834.0,crosswalk
0001813914,CAREMAX INC,caremax,,38967,8011.0,crosswalk
0001814114,ORCHESTRA BIOMED HOLDING INC,orchestra biomed,,36776,3845.0,crosswalk
0001814329,ASTRA SPACE INC,astra space,,39136,3760.0,crosswalk
0001814389,JPMDB Commercial Mortgage Securities Trust 2020-COR7,jpmdb commercial mortgage securities trust 2020cor7,,,,sec_header
0001814728,E MERGE TECHN ACQ CORP,e merge techn acq,,36732,9995.0,crosswalk
0001815442,KYMERA THERAPEUTIC INC,kymera therapeutic,,36819,2836.0,crosswalk
0001815526,BURGUNDY TECH ACQ CORP,burgundy tech acq,,36820,9995.0,crosswalk
0001815903,PETROS PHARMACEUTICALS INC,petros pharmaceuticals,,37473,2834.0,crosswalk
0001815974,ANEBULO PHARMA INC,anebulo pharma,,38706,2834.0,crosswalk
0001816017,SPIRE GLOBAL INC,spire global,,39442,8731.0,crosswalk
0001816048,SOFTWARE ACQUIS GROUP INC II,software acquis group inc ii,,36980,9995.0,crosswalk
0001816147,Benchmark 2020-B18 Mortgage Trust,benchmark 2020b18 mortgage trust,,,,sec_header
0001816233,SHARECARE INC,sharecare,,39158,7370.0,crosswalk
0001816431,QUANTUM SI INC,quantum si,,38960,3826.0,crosswalk
0001816554,EVENTIKO INC.,eventiko,,,,sec_header
0001816581,OUSTER INC,ouster,,38343,3829.0,crosswalk
0001816590,COMPASS PATHWAYS PLC,compass pathways,,36975,2836.0,crosswalk
0001816613,MARKFORGED HOLDING CORP,markforged,,39250,3555.0,crosswalk
0001816696,INDUSTRIAL TEC ACQ INC -REDH,industrial tec acq inc redh,,36916,9995.0,crosswalk
0001816708,OWLET INC,owlet,,39255,3827.0,crosswalk
0001816736,DISC MEDICINE INC,disc medicine,,38027,2836.0,crosswalk
0001816861,Morgan Stanley Capital I Trust 2020-HR8,morgan stanley capital i trust 2020hr8,,,,sec_header
0001816937,BOXABL Inc.,boxabl,,,,sec_header
0001817004,NEXTNRG INC,nextnrg,,38932,5900.0,crosswalk
0001817071,HORIZON ACQUISITION CORP,horizon acquisition,,36850,9995.0,crosswalk
0001817229,VOR BIOPHARMA INC,vor biopharma,,37844,2836.0,crosswalk
0001817232,GLOBAL GAS CORP,global gas,,37525,2810.0,crosswalk
0001817241,ARTIVA BIOTHERAPEUTICS INC,artiva biotherapeutics,,38617,2836.0,crosswalk
0001817358,ACADEMY SPO AND OU INC,academy spo and ou,,37054,5940.0,crosswalk
0001817511,SOCIETY PASS INC,society pass,,39557,7370.0,crosswalk
0001817713,JANUX THERAPEUTICS INC,janux therapeutics,,38857,2836.0,crosswalk
0001817760,SMARTKEM INC,smartkem,,39173,3674.0,crosswalk
0001817944,CLARUS THERAPEUTICS HOLD INC,clarus therapeutics hold,,185946,2836.0,crosswalk
0001818093,BEAUTY HEALTH CO (THE),beauty health co the,,38768,3841.0,crosswalk
0001818152,"Zentrum Holdings, Inc.",zentrum holdings,,,,sec_header
0001818201,CCC INTELLIGENT SOLUTIONS HL,ccc intelligent solutions hl,,39378,7370.0,crosswalk
0001818254,DBJPM 2020-C9 Mortgage Trust,dbjpm 2020c9 mortgage trust,,,,sec_header
0001818331,GENEDX HOLDINGS CORP,genedx,,39321,8071.0,crosswalk
0001818383,MEDIAALPHA INC,mediaalpha,,37148,7370.0,crosswalk
0001818502,OPPFI INC,oppfi,,39306,6141.0,crosswalk
0001818644,AEYE INC,aeye,,39448,3829.0,crosswalk
0001818874,SOFI TECHNOLOGIES INC,sofi technologies,,38916,6141.0,crosswalk
0001819035,METROMILE INC,metromile,,38050,6331.0,crosswalk
0001819113,SCIENCE 37 HOLDINGS INC,science 37,,39850,8731.0,crosswalk
0001819133,TANGO THERAPEUTICS INC,tango therapeutics,,39402,2836.0,crosswalk
0001819142,SES AI CORP,ses ai,,37651,3690.0,crosswalk
0001819253,BIOTE CORP,biote,,38200,8090.0,crosswalk
0001819263,MONTES ARCHIMEDES ACQ CORP,montes archimedes acq,,36988,9995.0,crosswalk
0001819394,MATTERPORT INC,matterport,,39323,7370.0,crosswalk
0001819395,SONDER HOLDINGS INC,sonder,,37810,7000.0,crosswalk
0001819404,NERDY INC,nerdy,,39703,8200.0,crosswalk
0001819411,GAIN THERAPEUTICS INC,gain therapeutics,,38333,2836.0,crosswalk
0001819438,ESS TECH INC,ess tech,,39875,3690.0,crosswalk
0001819493,XOS INC,xos,,39472,3713.0,crosswalk
0001819574,BARK INC,bark,,38937,5961.0,crosswalk
0001819576,LIQUIDIA CORP,liquidia,,33810,2834.0,crosswalk
0001819584,VOLTA INC,volta,,39533,3620.0,crosswalk
0001819608,AVANTI ACQUISITION CORP,avanti acquisition,,37126,9995.0,crosswalk
0001819796,GCM GROSVENOR INC,gcm grosvenor,,37404,6200.0,crosswalk
0001819810,REDWIRE CORP,redwire,,39578,3760.0,crosswalk
0001819848,JOBY AVIATION INC,joby aviation,,39405,4522.0,crosswalk
0001819928,DOUBLEVERIFY HOLD INC,doubleverify hold,,38412,7372.0,crosswalk
0001819974,SKYWATER TECH INC,skywater tech,,38465,3674.0,crosswalk
0001819989,CIPHER DIGITAL INC,cipher digital,,39538,7372.0,crosswalk
0001820144,GRINDR INC,grindr,,37428,7370.0,crosswalk
0001820302,BAKKT INC,bakkt,,39909,6200.0,crosswalk
0001820566,INSPIRATO INC,inspirato,,37362,4700.0,crosswalk
0001820630,PROTERRA INC,proterra,,39009,3711.0,crosswalk
0001820721,ARRAY TECHNOLOGIES INC,array technologies,,37200,3829.0,crosswalk
0001820872,GLOBAL BUSINESS TRAVL GP INC,global business travl gp,,37079,4700.0,crosswalk
0001820875,CXAPP INC,cxapp,,37526,7370.0,crosswalk
0001820877,APARTMENT INCOME REIT CORP,apartment income reit,,37489,6798.0,crosswalk
0001820878,Aimco OP L.P.,aimco op lp,,,,sec_header
0001820953,AFFIRM HOLDINGS INC,affirm,,37413,6141.0,crosswalk
0001821146,BETTER WORLD ACQU CORP -REDH,better world acqu corp redh,,37161,9995.0,crosswalk
0001821159,EVGO INC,evgo,,39159,5500.0,crosswalk
0001821175,MOTORSPORT GAMES INC,motorsport games,,37674,7372.0,crosswalk
0001821393,AARONS CO INC (THE),aarons co inc the,,37445,5700.0,crosswalk
0001821586,MOONLAKE IMMUNOTHERAPEUTICS,moonlake immunotherapeutics,,37240,2836.0,crosswalk
0001821595,10X CAP VENTU ACQ CORP -REDH,10x cap ventu acq corp redh,,37078,9995.0,crosswalk
0001821769,NAVITAS SEMICONDUCTOR CORP,navitas semiconductor,,39931,3674.0,crosswalk
0001821788,HORIZON ACQUISITION CORP II,horizon acquisition corp ii,,37239,9995.0,crosswalk
0001821812,STRATIM CLD ACQ CORP - REDH,stratim cld acq corp redh,,38131,9995.0,crosswalk
0001821825,ORGANON & CO,organon,,38821,2834.0,crosswalk
0001821946,BENCHMARK 2020-B19 MORTGAGE TRUST,benchmark 2020b19 mortgage trust,,,,sec_header
0001822027,TEKKORP DIGIT ACQ CORP -REDH,tekkorp digit acq corp redh,,37071,9995.0,crosswalk
0001822145,PRESTO AUTOMATION INC,presto automation,,37459,3578.0,crosswalk
0001822166,BANK 2020-BNK28,bank 2020bnk28,,,,sec_header
0001822250,CONTEXTLOGIC HOLDINGS INC,contextlogic,,345980,5961.0,crosswalk
0001822309,CASCADE ACQUISITI CORP -REDH,cascade acquisiti corp redh,,37170,9995.0,crosswalk
0001822359,DOCGO INC,docgo,,37146,8090.0,crosswalk
0001822462,FOGHORN THERAPEUTICS INC,foghorn therapeutics,,37135,2836.0,crosswalk
0001822691,GREENLIGHT BIOSCIENCES HLDGS,greenlight biosciences hldgs,,37744,2836.0,crosswalk
0001822835,PINE ISLAND ACQUI CORP -REDH,pine island acqui corp redh,,37057,9995.0,crosswalk
0001822873,LEFTERIS ACQUISIT CORP -REDH,lefteris acquisit corp redh,,37133,9995.0,crosswalk
0001822928,HOLLEY INC,holley,,39265,3714.0,crosswalk
0001822929,EUCRATES BIOM ACQ CORP -REDH,eucrates biom acq corp redh,,37154,9995.0,crosswalk
0001822966,NUSCALE POWER CORP,nuscale power,,37073,3621.0,crosswalk
0001822993,JACKSON FINANCIAL INC,jackson financial,,39561,6311.0,crosswalk
0001823000,CONX CORP,conx,,37332,6512.0,crosswalk
0001823143,MDH ACQUISITION CORP -REDH,mdh acquisition corp redh,,37821,9995.0,crosswalk
0001823144,GPGI INC,gpgi,,37153,3577.0,crosswalk
0001823239,MARAVAI LIFESCIENS HLDGS INC,maravai lifesciens hldgs,,37354,8731.0,crosswalk
0001823466,FISCALNOTE HOLDINGS INC,fiscalnote,,37191,7370.0,crosswalk
0001823529,ENACT HOLDINGS INC,enact,,38753,6351.0,crosswalk
0001823575,ZEROFOX HOLDINGS INC,zerofox,,37416,7372.0,crosswalk
0001823584,ALLIANCE ENTMNT HOLDING CORP,alliance entmnt,,37749,5099.0,crosswalk
0001823593,CREATEAI HOLDINGS INC,createai,,38596,7372.0,crosswalk
0001823608,AMALGAMATED FINANCIAL CORP,amalgamated financial,,33625,6020.0,crosswalk
0001823634,CARNEY TEC ACQ CORP II -REDH,carney tec acq corp ii redh,,37259,9995.0,crosswalk
0001823652,EVE HOLDING INC,eve,,37373,3721.0,crosswalk
0001823707,GLOBAL SYNERG ACQ CORP -REDH,global synerg acq corp redh,,37641,9995.0,crosswalk
0001823722,BBCMS Mortgage Trust 2020-C8,bbcms mortgage trust 2020c8,,,,sec_header
0001823766,ARCHAEA ENERGY INC,archaea energy,,37164,4900.0,crosswalk
0001823767,LUX HEALTH TECH ACQUISI CORP,lux health tech acquisi,,37291,9995.0,crosswalk
0001823794,ARKO CORP,arko,,312066,5500.0,crosswalk
0001823826,AEQUI ACQUISITION CORP -REDH,aequi acquisition corp redh,,37163,9995.0,crosswalk
0001823878,PLAYSTUDIOS INC,playstudios,,39054,7372.0,crosswalk
0001823882,AIRSPAN NETWORKS HOLDINGS IN,airspan networks holdings in,,137861,3663.0,crosswalk
0001823896,GOLDEN FALCON ACQ CORP -REDH,golden falcon acq corp redh,,37479,9995.0,crosswalk
0001823945,BLUE OWL CAPITAL INC,blue owl capital,,38845,6799.0,crosswalk
0001824013,HEALTH ASSURA ACQ CORP,health assura acq,,37283,9995.0,crosswalk
0001824119,JIYA ACQUISITION CORP -REDH,jiya acquisition corp redh,,37339,9995.0,crosswalk
0001824153,LEO HOLDINGS CORP II -REDH,leo holdings corp ii redh,,37286,9995.0,crosswalk
0001824211,ASTREA ACQUISITION CORP,astrea acquisition,,37993,9995.0,crosswalk
0001824301,CONCORD ACQUISITI CORP -REDH,concord acquisiti corp redh,,37322,9995.0,crosswalk
0001824403,RESERVOIR MEDIA INC,reservoir media,,39363,8900.0,crosswalk
0001824482,Benchmark 2020-B20 Mortgage Trust,benchmark 2020b20 mortgage trust,,,,sec_header
0001824502,ARCHER AVIATION INC,archer aviation,,40092,4522.0,crosswalk
0001824577,CERBERUS TELE ACQ CORP -REDH,cerberus tele acq corp redh,,37235,9995.0,crosswalk
0001824734,BERKSHIRE GREY INC,berkshire grey,,39316,3569.0,crosswalk
0001824920,IONQ INC,ionq,,39800,3571.0,crosswalk
0001825024,OFFERPAD SOLUTIONS INC,offerpad solutions,,39570,6531.0,crosswalk
0001825088,DREAM FINDERS HOMES INC,dream finders homes,,37793,1531.0,crosswalk
0001825248,Franklin BSP Capital Corp,franklin bsp capital,,,,sec_header
0001825249,CF ACQUISITION CORP IV,cf acquisition corp iv,,37548,9995.0,crosswalk
0001825254,AMERICAS TECHNOLOGY ACQ CORP,americas technology acq,,37569,9995.0,crosswalk
0001825367,RAYZEBIO INC,rayzebio,,43289,2836.0,crosswalk
0001825384,Stone Point Credit Corp,stone point credit,,,,sec_header
0001825452,ONFOLIO HOLDINGS INC,onfolio,,41127,7370.0,crosswalk
0001825480,POSHMARK INC,poshmark,,37560,5961.0,crosswalk
0001825962,QUADRO ACQ ONE CORP -REDH,quadro acq one corp redh,,37911,9995.0,crosswalk
0001826000,LATCH INC,latch,,38953,7370.0,crosswalk
0001826011,BANZAI INTERNATIONAL INC,banzai international,,37550,7370.0,crosswalk
0001826018,ROVER GROUP INC,rover,,39377,700.0,crosswalk
0001826059,KISMET ACN THREE CORP - REDH,kismet acn three corp redh,,37910,9995.0,crosswalk
0001826397,AVAX ONE TECHNOLOGY LTD,avax one technology,,37547,3569.0,crosswalk
0001826457,MONTE ROSA THERAPEUTICS INC,monte rosa therapeutics,,39057,2836.0,crosswalk
0001826470,PETCO HEALTH AND WELLNESS CO,petco health and wellness,,37502,5990.0,crosswalk
0001826667,TRISALUS LIFE SCIENCES INC,trisalus life sciences,,37516,3841.0,crosswalk
0001826681,PALLADYNE AI CORP,palladyne ai,,39738,3590.0,crosswalk
0001826889,BEACHBODY CO INC (THE),beachbody co inc the,,39112,7200.0,crosswalk
0001826892,BIOATLA INC,bioatla,,37541,2836.0,crosswalk
0001827054,Wells Fargo Commercial Mortgage Trust 2020-C58,wells fargo commercial mortgage trust 2020c58,,,,sec_header
0001827087,VIGIL NEUROSCIENCE INC,vigil neuroscience,,40307,2836.0,crosswalk
0001827090,CERTARA INC,certara,,37414,7370.0,crosswalk
0001827183,Benchmark 2020-B21 Mortgage Trust,benchmark 2020b21 mortgage trust,,,,sec_header
0001827248,EPIPHANY TECH ACQ CORP -REDH,epiphany tech acq corp redh,,37643,9995.0,crosswalk
0001827506,TOURMALINE BIO INC,tourmaline bio,,38738,2836.0,crosswalk
0001827821,FORGE GLOBAL HOLDINGS INC,forge global,,37530,6200.0,crosswalk
0001827980,EMBARK TECHNOLOGY INC,embark technology,,37607,7372.0,crosswalk
0001828016,PLAYTIKA HOLDING CORP,playtika,,37752,7372.0,crosswalk
0001828105,HIPPO HOLDINGS INC,hippo,,39380,6411.0,crosswalk
0001828108,AURORA INNOVATION INC,aurora innovation,,38107,7372.0,crosswalk
0001828182,SIGNIFY HEALTH INC,signify health,,37811,8082.0,crosswalk
0001828318,ENOVIX CORP,enovix,,39251,3690.0,crosswalk
0001828377,FORTITUDE GOLD CORP,fortitude gold,,37662,1040.0,crosswalk
0001828478,SVF INVESTMENT CORP -REDH,svf investment corp redh,,37583,9995.0,crosswalk
0001828522,EFFECTOR THERAPEUTICS INC,effector therapeutics,,39510,2836.0,crosswalk
0001828536,ENERGY VAULT HOLDINGS INC,energy vault,,37937,3690.0,crosswalk
0001828588,HANOVER BANCORP INC,hanover bancorp,,41241,6020.0,crosswalk
0001828672,BOXED INC,boxed,,37476,5961.0,crosswalk
0001828673,HCW BIOLOGICS INC,hcw biologics,,38900,2836.0,crosswalk
0001828723,ALTUS POWER INC,altus power,,37355,4911.0,crosswalk
0001828735,BENESSERE CAP ACQ CORP -REDH,benessere cap acq corp redh,,37337,9995.0,crosswalk
0001828739,"Arculus System Co., Ltd.",arculus system co,,,,sec_header
0001828748,ASIAFIN HOLDINGS CORP,asiafin,,41165,7370.0,crosswalk
0001828791,VIANT TECHNOLOGY INC,viant technology,,37824,7370.0,crosswalk
0001828805,AELUMA INC,aeluma,,41441,3674.0,crosswalk
0001828852,MONDEE HOLDINGS INC,mondee,,37785,4700.0,crosswalk
0001828937,FINANCE OF AMERICA COMPANIES,finance of america companies,,38618,6162.0,crosswalk
0001828962,CRICUT INC,cricut,,184470,3555.0,crosswalk
0001828972,BUZZFEED INC,buzzfeed,,37610,7370.0,crosswalk
0001829247,BULLFROG AI HOLDINGS INC,bullfrog ai,,41936,7372.0,crosswalk
0001829280,FORIAN INC,forian,,38209,7370.0,crosswalk
0001829311,BITMINE IMMERSION TECH INC,bitmine immersion tech,,66009,7370.0,crosswalk
0001829426,FAR PEAK ACQUISITION CORP,far peak acquisition,,37493,9995.0,crosswalk
0001829558,ARCTOS NSTAR ACQ CORP - REDH,arctos nstar acq corp redh,,38013,9995.0,crosswalk
0001829576,CARTER BANKSHARES INC,carter bankshares,,176828,6020.0,crosswalk
0001829802,SENSEI BIOTHERAPEU INC,sensei biotherapeu,,37825,2836.0,crosswalk
0001829864,TASKUS INC,taskus,,38647,7374.0,crosswalk
0001829966,EBET INC,ebet,,38339,7990.0,crosswalk
0001829999,FOXWAYNE ENTERPRISE ACQ CORP,foxwayne enterprise acq,,37805,9995.0,crosswalk
0001830029,GRIID INFRASTRUCTURE INC,griid infrastructure,,37608,7370.0,crosswalk
0001830043,BUMBLE INC,bumble,,37790,7370.0,crosswalk
0001830072,IPOWER INC,ipower,,37971,5961.0,crosswalk
0001830081,RUMBLE INC,rumble,,37953,7370.0,crosswalk
0001830188,UNITED HOMES GROUP INC,united homes,,37782,1531.0,crosswalk
0001830197,HOME POINT CAPITAL INC,home point capital,,37784,6162.0,crosswalk
0001830210,BENSON HILL INC,benson hill,,39783,100.0,crosswalk
0001830214,GINKGO BIOWORKS HOLDINGS INC,ginkgo bioworks,,39680,8731.0,crosswalk
0001830315,BANK 2020-BNK29,bank 2020bnk29,,,,sec_header
0001830392,PONTEM CORP,pontem,,37741,9995.0,crosswalk
0001830503,BUSINESS WARRIOR CORP,business warrior,,36774,7370.0,crosswalk
0001831006,BLUERIVER ACQ CORP - REDH,blueriver acq corp redh,,37902,9995.0,crosswalk
0001831097,AGILON HEALTH INC,agilon health,,38461,8090.0,crosswalk
0001831363,TERNS PHARMACEUTIC INC,terns pharmaceutic,,37848,2834.0,crosswalk
0001831631,LOANDEPOT INC,loandepot,,26297,6162.0,crosswalk
0001831651,SHOALS TECHNOLOGIES GRP INC,shoals technologies grp,,37646,3670.0,crosswalk
0001831828,VERA THERAPEUTICS INC,vera therapeutics,,38782,2836.0,crosswalk
0001831840,SEMRUSH HOLD INC,semrush hold,,38403,7370.0,crosswalk
0001831915,CYTEK BIOSCIENCES INC,cytek biosciences,,39246,8731.0,crosswalk
0001831964,NORTHERN REVL ACQ CORP -REDH,northern revl acq corp redh,,37869,9995.0,crosswalk
0001831978,NEWBURY STRT ACQ CORP -REDH,newbury strt acq corp redh,,37969,9995.0,crosswalk
0001832038,INVIVYD INC,invivyd,,39266,2836.0,crosswalk
0001832148,SLR HC BDC LLC,slr hc bdc,,,,sec_header
0001832161,VIP PLAY INC,vip play,,39330,7990.0,crosswalk
0001832168,LONGBOARD PHARMA INC,longboard pharma,,38284,2834.0,crosswalk
0001832332,AVEANNA HCARE HOLD INC,aveanna hcare hold,,38688,8082.0,crosswalk
0001832351,FAST RADIUS INC,fast radius,,37843,3569.0,crosswalk
0001832415,BETTER THERAPEUTICS INC,better therapeutics,,39994,7372.0,crosswalk
0001832466,ALIGNMENT HEALTHCARE INC,alignment healthcare,,38238,6324.0,crosswalk
0001832483,SERVE ROBOTICS INC,serve robotics,,45081,4210.0,crosswalk
0001832511,P3 HEALTH PARTNERS INC,p3 health partners,,37797,8090.0,crosswalk
0001832696,FTAC ATHENA ACQ CORP - REDH,ftac athena acq corp redh,,37831,9995.0,crosswalk
0001832737,TISHMAN SPYR IN CO II - REDH,tishman spyr in co ii redh,,37913,9995.0,crosswalk
0001832765,EDIFY ACQUISITION CORP -REDH,edify acquisition corp redh,,37734,9995.0,crosswalk
0001832873,CSAIL 2021-C20 Commercial Mortgage Trust,csail 2021c20 commercial mortgage trust,,,,sec_header
0001832874,BANK 2020-BNK30,bank 2020bnk30,,,,sec_header
0001832950,KERNEL GROUP HOLDI INC -REDH,kernel group holdi inc redh,,37816,9995.0,crosswalk
0001833197,LATHAM GROUP INC,latham,,38576,3949.0,crosswalk
0001833214,SAB BIOTHERAPEUTICS INC,sab biotherapeutics,,39951,2836.0,crosswalk
0001833498,SPECTRAL AI INC,spectral ai,,349337,3845.0,crosswalk
0001833522,GS Mortgage Securities Trust 2020-GSA2,gs mortgage securities trust 2020gsa2,,,,sec_header
0001833563,Benchmark 2020-B22 Mortgage Trust,benchmark 2020b22 mortgage trust,,,,sec_header
0001833756,LEONARDO DRS INC,leonardo drs,,38477,3812.0,crosswalk
0001833769,HYPERFINE INC,hyperfine,,37799,3845.0,crosswalk
0001833908,ALFI INC,alfi,,37781,7370.0,crosswalk
0001834376,INNOVAGE HOLD CORP,innovage hold,,38174,8090.0,crosswalk
0001834488,N-ABLE INC,nable,,39182,7370.0,crosswalk
0001834494,MERIDIANLINK INC,meridianlink,,38748,7370.0,crosswalk
0001834543,BlackRock Direct Lending Corp.,blackrock direct lending,,,,sec_header
0001834584,COUPANG INC,coupang,,38092,5961.0,crosswalk
0001834622,HAYWARD HOLDINGS INC,hayward,,38125,3590.0,crosswalk
0001834755,SOCIAL LVG ACQ CORP I - REDH,social lvg acq corp i redh,,37905,9995.0,crosswalk
0001835236,THE MUSIC ACQUISI CORP -REDH,the music acquisi corp redh,,37829,9995.0,crosswalk
0001835268,CONNECT BIOPHARMA HOLDIG LTD,connect biopharma holdig,,38422,2836.0,crosswalk
0001835378,INNOVID CORP,innovid,,37909,7310.0,crosswalk
0001835512,TERRAN ORBITAL CORP,terran orbital,,38132,3663.0,crosswalk
0001835567,PEAR THERAPEUTICS INC,pear therapeutics,,37827,7370.0,crosswalk
0001835579,IMAGENEBIO INC,imagenebio,,38469,2836.0,crosswalk
0001835591,VIZIO HOLDING CORP,vizio,,25529,3651.0,crosswalk
0001835597,PEPGEN INC,pepgen,,41225,2836.0,crosswalk
0001835632,MARVELL TECHNOLOGY INC,marvell technology,,137310,3674.0,crosswalk
0001835681,POWERSCHOOL HOLDINGS INC,powerschool,,38946,7370.0,crosswalk
0001835800,PIVOTAL INVE CORP III - REDH,pivotal inve corp iii redh,,37904,9995.0,crosswalk
0001835830,KLAVIYO INC,klaviyo,,43288,7370.0,crosswalk
0001835856,BETTER HOME & FINANCE HLG CO,better home finance hlg,,38089,6162.0,crosswalk
0001835972,ILEARNINGENGINES INC,ilearningengines,,38070,7370.0,crosswalk
0001836100,GOAL ACQUISITION CORP - REDH,goal acquisition corp redh,,37859,9995.0,crosswalk
0001836259,SPORTSTEK ACQN CORP - REDH,sportstek acqn corp redh,,37970,9995.0,crosswalk
0001836274,ATLANTIC CSTL ACQ CORP -REDH,atlantic cstl acq corp redh,,38071,9995.0,crosswalk
0001836337,LAZARD GRW ACQ CORP I - REDH,lazard grw acq corp i redh,,37979,9995.0,crosswalk
0001836517,MEDICUS SCNS AQN CORP - REDH,medicus scns aqn corp redh,,37936,9995.0,crosswalk
0001836833,PLANET LABS PBC,planet labs pbc,,38135,8700.0,crosswalk
0001836875,NUVVE HOLDING CORP,nuvve,,38462,3620.0,crosswalk
0001836894,USHG ACQN COPR - REDH,ushg acqn copr redh,,38026,9995.0,crosswalk
0001836967,ALKURI GLOBAL ACQ CORP -REDH,alkuri global acq corp redh,,37647,9995.0,crosswalk
0001836981,BIGBEAR.AI HOLDINGS INC,bigbearai,,37966,7370.0,crosswalk
0001837014,SMARTRENT INC,smartrent,,39505,3829.0,crosswalk
0001837067,NIGHTDRAGON ACQN CORP - REDH,nightdragon acqn corp redh,,38047,9995.0,crosswalk
0001837238,SVF INVESTMENT CORP 2 - REDH,svf investment corp 2 redh,,38021,9995.0,crosswalk
0001837240,SYMBOTIC INC,symbotic,,38022,3569.0,crosswalk
0001837344,NOCTURNE ACQN CORP - REDH,nocturne acqn corp redh,,38037,9995.0,crosswalk
0001837393,INDEPENDENCE HOLD CRP - REDH,independence hold crp redh,,38097,9995.0,crosswalk
0001837412,SOMALOGIC INC,somalogic,,39102,3841.0,crosswalk
0001837671,COPPER PROPERTY CTL PASS T T,copper property ctl pass t t,,41298,6512.0,crosswalk
0001837686,VIMEO INC,vimeo,,38757,7370.0,crosswalk
0001837774,GLOBAL INNOVATIVE PLTFRM INC,global innovative pltfrm,,156493,9995.0,crosswalk
0001837997,ISLEWORTH HR ACQ CORP - REDH,isleworth hr acq corp redh,,37860,9995.0,crosswalk
0001838000,CLEAN ENERGY SP S CORP -REDH,clean energy sp s corp redh,,38337,9995.0,crosswalk
0001838126,HPS Corporate Lending Fund,hps corporate lending fund,,,,sec_header
0001838128,LOWELL FARMS INC,lowell farms,,35151,2834.0,crosswalk
0001838163,BRAND ENGAGEMENT NETWORK INC,brand engagement network,,38040,7372.0,crosswalk
0001838176,DHB CAPITAL CORP - REDH,dhb capital corp redh,,38093,9995.0,crosswalk
0001838359,RIGETTI COMPUTING INC,rigetti computing,,38060,3674.0,crosswalk
0001838406,BKV CORP,bkv,,41799,1311.0,crosswalk
0001838433,NEW VISTA ACQN CORP -REDH,new vista acqn corp redh,,37968,9995.0,crosswalk
0001838513,Marblegate Acquisition Corp.,marblegate acquisition,,,,sec_header
0001838615,ALTI GLOBAL INC,alti global,,38016,6282.0,crosswalk
0001838672,ADTHEORENT HOLDING COM INC,adtheorent holding com,,37949,7370.0,crosswalk
0001838814,JUNIPER II CORP -REDH,juniper ii corp redh,,39958,9995.0,crosswalk
0001838876,"GeoSolar Technologies, Inc.",geosolar technologies,,,,sec_header
0001838883,ACCELERATE ACQN CORP - REDH,accelerate acqn corp redh,,38211,9995.0,crosswalk
0001838987,SUNPOWER INC,sunpower,,38059,3674.0,crosswalk
0001839132,MOVELLA HOLDINGS INC,movella,,37923,3829.0,crosswalk
0001839133,IR-MED INC,irmed,,110526,3841.0,crosswalk
0001839285,HEALTHCARE TRIANGL INC,healthcare triangl,,39552,7371.0,crosswalk
0001839341,CORE SCIENTIFIC INC,core scientific,,37871,7370.0,crosswalk
0001839439,PAYCOR HCM INC,paycor hcm,,38707,7370.0,crosswalk
0001839530,XBP GLOBAL HOLDINGS INC,xbp global,,38259,7389.0,crosswalk
0001839550,FIGURE ACQN CORP I - REDH,figure acqn corp i redh,,37983,9995.0,crosswalk
0001839608,GETAROUND INC,getaround,,38126,4100.0,crosswalk
0001839610,INTRPRVT III FIN INC - REDH,intrprvt iii fin inc redh,,38127,9995.0,crosswalk
0001839839,JANUS INTERNATIONL GROUP INC,janus internationl,,38961,3442.0,crosswalk
0001839998,AMERICAN ONCOLOGY NETWRK INC,american oncology netwrk,,38095,8011.0,crosswalk
0001840102,SPECIFICITY INC,specificity,,40825,7311.0,crosswalk
0001840121,BANK 2021-BNK31,bank 2021bnk31,,,,sec_header
0001840161,FOREST RD ACQ CORP II - REDH,forest rd acq corp ii redh,,38140,9995.0,crosswalk
0001840199,WALDENCAST PLC,waldencast,,38291,2844.0,crosswalk
0001840225,FUSION ACQ CORP II,fusion acq corp ii,,37835,9995.0,crosswalk
0001840233,XILIO THERAPEUTICS INC,xilio therapeutics,,39806,2836.0,crosswalk
0001840292,HELIOGEN INC,heliogen,,38015,3620.0,crosswalk
0001840317,VEEA INC,veea,,38373,7370.0,crosswalk
0001840425,OSR HOLDINGS INC,osr,,41238,2836.0,crosswalk
0001840439,BIOMEA FUSION INC,biomea fusion,,38529,2836.0,crosswalk
0001840502,TABOOLA.COM LTD,taboolacom,,39124,7370.0,crosswalk
0001840563,PMGC HOLDINGS INC,pmgc,,43386,2844.0,crosswalk
0001840574,VERVE THERAPEUTICS INC,verve therapeutics,,38908,2836.0,crosswalk
0001840644,BENCHMARK 2021-B23 MORTGAGE TRUST,benchmark 2021b23 mortgage trust,,,,sec_header
0001840748,LAVA THERAPEUTICS N V,lava therapeutics n v,,38513,2836.0,crosswalk
0001840776,HAGERTY INC,hagerty,,38237,6411.0,crosswalk
0001840780,LOCAL BOUNTI CORP,local bounti,,37856,100.0,crosswalk
0001840856,SOUNDHOUND AI INC,soundhound ai,,38087,7372.0,crosswalk
0001840877,ENVOY MEDICAL INC,envoy medical,,38030,3842.0,crosswalk
0001840904,ATAI Life Sciences N.V.,atai life sciences nv,,,,sec_header
0001841125,BOLT PROJECTS HOLDINGS INC,bolt projects,,38173,2860.0,crosswalk
0001841156,PAYMENTUS HOLDINGS INC,paymentus,,38747,7374.0,crosswalk
0001841209,MICROCLOUD HOLOGRAM INC,microcloud hologram,,38992,7370.0,crosswalk
0001841330,PASITHEA THERAPEUTICS CORP,pasithea therapeutics,,39089,2836.0,crosswalk
0001841387,CANDEL THERAPTCS INC,candel theraptcs,,39269,2836.0,crosswalk
0001841389,REVOLUTION HLCR ACQ CRP-REDH,revolution hlcr acq crpredh,,38402,9995.0,crosswalk
0001841408,DAVE INC,dave,,37961,6141.0,crosswalk
0001841425,VERDE CLEAN FUELS INC,verde clean fuels,,38397,2911.0,crosswalk
0001841514,"Commonwealth Credit Partners BDC I, Inc.",commonwealth credit partners bdc i,,,,sec_header
0001841586,INDUSTRIAL TECH ACQN II-REDH,industrial tech acqn iiredh,,38470,9995.0,crosswalk
0001841800,NOGIN INC,nogin,,38416,7370.0,crosswalk
0001841867,ARIES I ACQN CORP - REDH,aries i acqn corp redh,,38330,9995.0,crosswalk
0001841873,KHOSLA VENT ACQN CO - REDH,khosla vent acqn co redh,,38099,9995.0,crosswalk
0001841925,INDIE SEMICONDUCTOR INC,indie semiconductor,,38995,3674.0,crosswalk
0001841948,LERER HIPP ACQN COPR - REDH,lerer hipp acqn copr redh,,38102,9995.0,crosswalk
0001841968,RIDGEPOST CAPITAL INC,ridgepost capital,,39750,6282.0,crosswalk
0001842223,FRONTIER ACQN CORP - REDH,frontier acqn corp redh,,38141,9995.0,crosswalk
0001842295,MAZE THERAPEUTICS INC,maze therapeutics,,45711,2834.0,crosswalk
0001842329,AGILE GROWTH CORP - REDH,agile growth corp redh,,37975,9995.0,crosswalk
0001842356,WAG GROUP CO,wag,,38426,8900.0,crosswalk
0001842373,LDH GROWTH CORP I - REDH,ldh growth corp i redh,,37956,9995.0,crosswalk
0001842384,BELONG ACQN CORP - REDH,belong acqn corp redh,,38243,9995.0,crosswalk
0001842563,"Go Go Buyers, Inc.",go go buyers,,,,sec_header
0001842566,AIRSHIP AI HOLDINGS INC,airship ai,,38360,7372.0,crosswalk
0001842718,INTEGRAL AD SCIENCE HOL CORP,integral ad science hol,,39069,7370.0,crosswalk
0001843121,MAGNUM OPUS ACQN LTD-REDH,magnum opus acqn ltdredh,,38385,9995.0,crosswalk
0001843165,LQR HOUSE INC,lqr house,,43128,7311.0,crosswalk
0001843388,VIRGIN ORBIT HOLDINGS INC,virgin orbit,,38248,3480.0,crosswalk
0001843714,ZAPATA QUANTUM INC,zapata quantum,,38485,7372.0,crosswalk
0001843724,LANZATECH GLOBAL INC,lanzatech global,,39381,4950.0,crosswalk
0001843762,EQRX INC,eqrx,,38187,2834.0,crosswalk
0001843823,BBCMS Mortgage Trust 2021-C9,bbcms mortgage trust 2021c9,,,,sec_header
0001843862,ELLIOTT OPPS II CORP - REDH,elliott opps ii corp redh,,38490,9995.0,crosswalk
0001844135,SIERRA LAKE ACQN CORP - REDH,sierra lake acqn corp redh,,38194,9995.0,crosswalk
0001844270,FTAC ZEUS ACQ CORP - REDH,ftac zeus acq corp redh,,38280,9995.0,crosswalk
0001844280,THORNE HEALTHTECH INC,thorne healthtech,,39278,2834.0,crosswalk
0001844336,FINTECH ACQN CORP VI - REDH,fintech acqn corp vi redh,,38171,9995.0,crosswalk
0001844363,ROCKET INT GR OP CORP - REDH,rocket int gr op corp redh,,38049,9995.0,crosswalk
0001844389,ACE GLBL BUSI ACQ LTD - REDH,ace glbl busi acq ltd redh,,38039,9995.0,crosswalk
0001844392,MARPAI INC,marpai,,39598,6411.0,crosswalk
0001844417,ESTRELLA IMMUNOPHARMA INC,estrella immunopharma,,38535,2836.0,crosswalk
0001844419,MAQUIA CAP ACQN CORP - REDH,maquia cap acqn corp redh,,38620,9995.0,crosswalk
0001844452,INTUITIVE MACHINES INC,intuitive machines,,38258,3760.0,crosswalk
0001844505,QT IMAGING HOLDINGS INC,qt imaging,,38310,3845.0,crosswalk
0001844635,CORAZON CAP V838 MON -REDH,corazon cap v838 mon redh,,38091,9995.0,crosswalk
0001844650,SOAR TECH ACQN CORP - REDH,soar tech acqn corp redh,,38145,9995.0,crosswalk
0001844862,SOLID POWER INC,solid power,,38094,3690.0,crosswalk
0001844908,SHELTER ACQN CORP I - REDH,shelter acqn corp i redh,,38130,9995.0,crosswalk
0001844971,GREENIDGE GENERATIN HOLD INC,greenidge generatin hold,,39564,7370.0,crosswalk
0001844998,Benchmark 2021-B24 Mortgage Trust,benchmark 2021b24 mortgage trust,,,,sec_header
0001845013,HEALTHWELL ACQN CORP I -REDH,healthwell acqn corp i redh,,38557,9995.0,crosswalk
0001845022,COUCHBASE INC,couchbase,,39059,7370.0,crosswalk
0001845123,ALEANNA INC,aleanna,,39808,1311.0,crosswalk
0001845149,CHAIN BRIDGE I,chain bridge i,,38443,9995.0,crosswalk
0001845437,NET POWER INC,net power,,38336,3510.0,crosswalk
0001845459,NKGEN BIOTECH INC,nkgen biotech,,38649,2836.0,crosswalk
0001845550,PLUM ACQUISIT CORP III -REDH,plum acquisit corp iii redh,,38120,9995.0,crosswalk
0001845580,TCV ACQUISITION CORP,tcv acquisition,,38639,9995.0,crosswalk
0001845815,PAYONEER GLBL INC,payoneer glbl,,39103,7389.0,crosswalk
0001845942,Bannix Acquisition Corp.,bannix acquisition,,,,sec_header
0001846068,KHOSLA VENT AQ CO III - REDH,khosla vent aq co iii redh,,38101,9995.0,crosswalk
0001846069,NEXTDOOR HOLDINGS INC,nextdoor,,38100,7370.0,crosswalk
0001846253,OMNIAB INC,omniab,,39399,2836.0,crosswalk
0001846510,SOHO HOUSE & CO INC,soho house,,39068,7011.0,crosswalk
0001846576,FIGS INC,figs,,38770,2300.0,crosswalk
0001846750,ZALATORIS ACQUISTN CRP -REDH,zalatoris acquistn crp redh,,38290,9995.0,crosswalk
0001846809,OCEANTECH ACQN I CORP - REDH,oceantech acqn i corp redh,,38637,9995.0,crosswalk
0001846968,CASCADIA ACQUISIT CORP -REDH,cascadia acquisit corp redh,,39450,9995.0,crosswalk
0001847064,PSQ HOLDINGS INC,psq,,38445,7370.0,crosswalk
0001847075,SAIHEAT LTD,saiheat,,38249,7370.0,crosswalk
0001847152,SKYDECK ACQN CORP - REDH,skydeck acqn corp redh,,38404,9995.0,crosswalk
0001847355,TARGET GLOBAL A I CORP -REDH,target global a i corp redh,,40300,9995.0,crosswalk
0001847367,ALUMIS INC,alumis,,45447,2836.0,crosswalk
0001847590,BOWMAN CONSLTG GRP LTD,bowman consltg grp,,38754,8711.0,crosswalk
0001847846,EUDA HEALTH HOLDINGS LTD,euda health,,38885,6531.0,crosswalk
0001847874,MOBILE INFRASTRUCTURE CORP,mobile infrastructure,,38762,6519.0,crosswalk
0001847986,DRAGONFLY ENERGY HLDNGS CORP,dragonfly energy hldngs,,38277,3600.0,crosswalk
0001848097,SPK ACQUISITION CORP -REDH,spk acquisition corp redh,,38803,9995.0,crosswalk
0001848165,PARABELLUM ACQUISITION CORP,parabellum acquisition,,38871,9995.0,crosswalk
0001848410,CATALYST PRTN ACQ CORP-REDH,catalyst prtn acq corpredh,,38349,9995.0,crosswalk
0001848411,BANK 2021-BNK32,bank 2021bnk32,,,,sec_header
0001848437,CARTICA ACQUISIT CORP -REDH,cartica acquisit corp redh,,40265,9995.0,crosswalk
0001848672,Glidelogic Corp.,glidelogic,,,,sec_header
0001848756,PYROPHYTE ACQUISI CORP -REDH,pyrophyte acquisi corp redh,,39816,9995.0,crosswalk
0001848795,GIGINTERNATIONAL1 INC-REDH,giginternational1 incredh,,38660,9995.0,crosswalk
0001848821,GLOBAL TECH ACQ CORP I -REDH,global tech acq corp i redh,,39212,9995.0,crosswalk
0001848861,HEALTHCARE AI ACQ CORP -REDH,healthcare ai acq corp redh,,40294,9995.0,crosswalk
0001848898,AFRICAN AGRICLTRE HLDNGS INC,african agricltre hldngs,,38240,100.0,crosswalk
0001848948,10X CAP VEN AQ CORP III-REDH,10x cap ven aq corp iiiredh,,38241,9995.0,crosswalk
0001849056,OKLO INC,oklo,,38375,4911.0,crosswalk
0001849089,"Lafayette Square USA, Inc.",lafayette square usa,,,,sec_header
0001849221,PERFECT MOMENT LTD,perfect moment,,43560,2300.0,crosswalk
0001849253,RYAN SPECIALTY HOLDINGS INC,ryan specialty,,39067,6411.0,crosswalk
0001849294,FORTUNE RISE ACQN CORP -REDH,fortune rise acqn corp redh,,38898,9995.0,crosswalk
0001849380,ONEMEDNET CORP,onemednet,,38308,7372.0,crosswalk
0001849548,ONYX ACQUISITION CO I -REDH,onyx acquisition co i redh,,39855,9995.0,crosswalk
0001849635,TRUMP MEDIA & TECHNO GRP CRP,trump media techno grp crp,,38881,7370.0,crosswalk
0001849820,NAUTICUS ROBOTICS INC,nauticus robotics,,39240,7359.0,crosswalk
0001849894,MSD Investment Corp.,msd investment,,,,sec_header
0001849902,SEP ACQUISITION CORP,sep acquisition,,38519,9995.0,crosswalk
0001850051,INTELLIGENT MED AQ COP -REDH,intelligent med aq cop redh,,39876,9995.0,crosswalk
0001850079,TELESIS BIO INC,telesis bio,,38923,3826.0,crosswalk
0001850119,CENTURY THERAPEUTI INC,century therapeuti,,38920,2836.0,crosswalk
0001850262,INTEGRAL ACQUI CORP 1 -REDH,integral acqui corp 1 redh,,39581,9995.0,crosswalk
0001850266,AKILI INC,akili,,38945,7372.0,crosswalk
0001850316,ASCENDANT DIG AQ CP III-REDH,ascendant dig aq cp iiiredh,,38672,9995.0,crosswalk
0001850502,ENPHYS ACQUISITIN CORP -REDH,enphys acquisitin corp redh,,39431,9995.0,crosswalk
0001850767,ACCUSTEM SCIENCES INC,accustem sciences,,39205,2836.0,crosswalk
0001850838,OMEGA THERAPEUTICS INC,omega therapeutics,,39181,2836.0,crosswalk
0001850938,"WTI Fund X, Inc.",wti fund x,,,,sec_header
0001851003,ZETA GLOBAL HOLDINGS CORP,zeta global,,38708,7370.0,crosswalk
0001851115,Benchmark 2021-B25 Mortgage Trust,benchmark 2021b25 mortgage trust,,,,sec_header
0001851174,WORLD QNTM GRW AQ CORP-REDH,world qntm grw aq corpredh,,38973,9995.0,crosswalk
0001851194,VENTYX BIOSCIENCES INC,ventyx biosciences,,39774,2834.0,crosswalk
0001851266,LF CAPITAL ACQU COR II -REDH,lf capital acqu cor ii redh,,39980,9995.0,crosswalk
0001851322,North Haven Private Income Fund LLC,north haven private income fund,,,,sec_header
0001851484,CITIUS ONCOLOGY INC,citius oncology,,38840,2836.0,crosswalk
0001851625,MCLAREN TECHN ACQ CORP -REDH,mclaren techn acq corp redh,,39582,9995.0,crosswalk
0001851657,VAXXINITY INC,vaxxinity,,39868,2836.0,crosswalk
0001851860,SMART FOR LIFE INC,smart for life,,40492,2834.0,crosswalk
0001851909,COMPASS DIGITAL AC CRP -REDH,compass digital ac crp redh,,39646,9995.0,crosswalk
0001851959,CONCORD ACQUIS CORP II -REDH,concord acquis corp ii redh,,39433,9995.0,crosswalk
0001851961,GCT SEMICONDUCTOR HOLDNG INC,gct semiconductor holdng,,39903,3674.0,crosswalk
0001852019,IX ACQUISITION CORP -REDH,ix acquisition corp redh,,39664,9995.0,crosswalk
0001852117,ROCKLEY PHOTONICS HLDING LTD,rockley photonics hlding,,39418,3674.0,crosswalk
0001852131,NEXTPOWER INC,nextpower,,41996,3690.0,crosswalk
0001852207,BOLD EAGLE ACQUTN CORP -REDH,bold eagle acqutn corp redh,,50706,9995.0,crosswalk
0001852244,GXO LOGISTIC INC,gxo logistic,,39319,4731.0,crosswalk
0001852407,FINTECH ECOSY DEV CORP -REDH,fintech ecosy dev corp redh,,39456,9995.0,crosswalk
0001852889,INVESTCORP AI ACQ CORP -REDH,investcorp ai acq corp redh,,40777,9995.0,crosswalk
0001852931,NEWHOLD INV CORP II - REDH,newhold inv corp ii redh,,38508,9995.0,crosswalk
0001852973,BOREALIS FOODS INC,borealis foods,,39471,2090.0,crosswalk
0001853044,AERIES TECHNOLOGY INC,aeries technology,,39746,8742.0,crosswalk
0001853047,HUDSON ACQUISIT I CORP -REDH,hudson acquisit i corp redh,,41202,9995.0,crosswalk
0001853070,"Volato Group, Inc.",volato group,,,,sec_header
0001853138,KODIAK AI INC,kodiak ai,,42339,4210.0,crosswalk
0001853145,EVERCOMMERCE INC,evercommerce,,38924,7370.0,crosswalk
0001853651,ALPINE ACQUISITIN CORP -REDH,alpine acquisitin corp redh,,39468,9995.0,crosswalk
0001854149,AGRICULTURE & NT S A C -REDH,agriculture nt s a c redh,,43578,9995.0,crosswalk
0001854270,SENTI BIOSCIENCES INC,senti biosciences,,38783,2836.0,crosswalk
0001854275,ZOOMCAR HOLDINGS INC,zoomcar,,39834,7510.0,crosswalk
0001854401,BRIDGE INV GRP HLD INC,bridge inv grp hld,,39088,6200.0,crosswalk
0001854445,GLIMPSE GROUP INC(THE),glimpse group incthe,,38827,7371.0,crosswalk
0001854461,MOUNT RAINIER ACQ CORP -REDH,mount rainier acq corp redh,,39478,9995.0,crosswalk
0001854463,WINVEST ACQUISITN CORP -REDH,winvest acquisitn corp redh,,39458,9995.0,crosswalk
0001854480,DEVVSTREAM CORP,devvstream,,39262,8900.0,crosswalk
0001854583,COLLECTIVE AUDIENCE INC,collective audience,,39259,7310.0,crosswalk
0001854863,BLUE WHALE ACQ CORP I -REDH,blue whale acq corp i redh,,39187,9995.0,crosswalk
0001854963,SHF HOLDINGS INC,shf,,38935,6159.0,crosswalk
0001855168,WILLIAMS ROWLAND ACQUIS CORP,williams rowland acquis,,39214,9995.0,crosswalk
0001855351,SAGALIAM ACQUISIT CORP -REDH,sagaliam acquisit corp redh,,38880,9995.0,crosswalk
0001855447,TIGO ENERGY INC,tigo energy,,39185,3690.0,crosswalk
0001855457,KORE GROUP HOLDINGS INC,kore,,39804,4812.0,crosswalk
0001855467,MOBIX LABS INC,mobix labs,,39121,3674.0,crosswalk
0001855474,AIRJOULE TECHNOLOGIES CORP,airjoule technologies,,40295,3585.0,crosswalk
0001855485,CALIDI BIOTHERAPEUTICS INC,calidi biotherapeutics,,39501,2836.0,crosswalk
0001855631,AERWINS TECHNOLOGIES INC,aerwins technologies,,39169,3721.0,crosswalk
0001855644,ZURA BIO LIMITED,zura bio limited,,39028,2836.0,crosswalk
0001855747,BLEND LABS INC,blend labs,,39056,7370.0,crosswalk
0001855751,PARSEC CAPITAL AC CORP,parsec capital ac,,39178,9995.0,crosswalk
0001855781,Invesco Galaxy Bitcoin ETF,invesco galaxy bitcoin etf,,,,sec_header
0001856028,STRONGHOLD DIGITAL MININ INC,stronghold digital minin,,39354,7372.0,crosswalk
0001856031,VIVID SEATS INC,vivid seats,,27251,7990.0,crosswalk
0001856242,C5 ACQUISITION CORP -REDH,c5 acquisition corp redh,,40302,9995.0,crosswalk
0001856314,CLEAR SECURE INC,clear secure,,38954,7370.0,crosswalk
0001856430,SNAP ONE HOLDINGS CORP,snap one,,39286,3651.0,crosswalk
0001856437,VICTORIAS SECRET AND CO,victorias secret and,,39310,5621.0,crosswalk
0001856485,SYLVAMO CORP,sylvamo,,39651,2621.0,crosswalk
0001856519,G3 VRM ACQN CORP - REDH,g3 vrm acqn corp redh,,38655,9995.0,crosswalk
0001856525,CORE & MAIN INC,core main,,38870,5070.0,crosswalk
0001856608,SOVOS BRANDS INC,sovos brands,,39542,2030.0,crosswalk
0001856689,SANABY HEALTH ACQ CORP -REDH,sanaby health acq corp redh,,39722,9995.0,crosswalk
0001856696,AHREN ACQUISITION CORP -REDH,ahren acquisition corp redh,,40325,9995.0,crosswalk
0001856725,RANI THERAPET HOLD INC,rani therapet hold,,39190,2836.0,crosswalk
0001856967,Morgan Stanley Capital I Trust 2021-L5,morgan stanley capital i trust 2021l5,,,,sec_header
0001857086,TRUGOLF HOLDINGS INC,trugolf,,39647,3944.0,crosswalk
0001857154,KRISPY KREME INC,krispy kreme,,133767,5400.0,crosswalk
0001857410,INVESTCORP EUR AC CO I -REDH,investcorp eur ac co i redh,,40320,9995.0,crosswalk
0001857816,GIGACLOUD TECHNOLOGY INC,gigacloud technology,,41507,5961.0,crosswalk
0001857853,TRAEGER INC,traeger,,39317,3630.0,crosswalk
0001857855,Finnovate Acquisition Corp.,finnovate acquisition,,,,sec_header
0001858257,AVIDXCHANGE HOLDINGS INC,avidxchange,,39685,7389.0,crosswalk
0001858289,Benchmark 2021-B26 Mortgage Trust,benchmark 2021b26 mortgage trust,,,,sec_header
0001858681,APOLLO GLOBAL MGMT INC,apollo global mgmt,,184254,6282.0,crosswalk
0001858684,ST ENERGY TRANSITI LTD -REDH,st energy transiti ltd redh,,40258,9995.0,crosswalk
0001858685,BIOFRONTERA INC,biofrontera,,39342,2834.0,crosswalk
0001858848,TENAYA THERAPEUTICS INC,tenaya therapeutics,,39204,2836.0,crosswalk
0001858865,BANK 2021-BNK33,bank 2021bnk33,,,,sec_header
0001859199,REALPHA TECH CORP,realpha tech,,43211,7372.0,crosswalk
0001859285,HIRERIGHT HOLDING CORP,hireright,,39831,7361.0,crosswalk
0001859807,PROFUSA INC,profusa,,40372,3845.0,crosswalk
0001859919,Barings Private Credit Corp,barings private credit,,,,sec_header
0001860424,Onex Direct Lending BDC Fund,onex direct lending bdc fund,,,,sec_header
0001860514,Roth CH Acquisition Co.,roth ch acquisition,,,,sec_header
0001860543,CADRE HOLDINGS INC,cadre,,39215,3480.0,crosswalk
0001860657,ALLARITY THERAPEUT INC,allarity therapeut,,322154,2836.0,crosswalk
0001860663,MONTEREY INNO ACQ CORP -REDH,monterey inno acq corp redh,,39599,9995.0,crosswalk
0001860742,BAUSCH & LOMB CORP,bausch lomb,,40605,3851.0,crosswalk
0001860782,2SEVENTY BIO INC,2seventy bio,,39907,2836.0,crosswalk
0001860871,TEVOGEN BIO HOLDINGS INC,tevogen bio,,39853,2836.0,crosswalk
0001861107,CERIBELL INC,ceribell,,50525,3845.0,crosswalk
0001861560,NUVALENT INC,nuvalent,,39344,2836.0,crosswalk
0001861622,JET.AI INC,jetai,,39412,4522.0,crosswalk
0001861657,CANTON STRATEGIC HOLDING INC,canton strategic,,39755,2836.0,crosswalk
0001861795,DEFINITIVE HEALTH CORP,definitive health,,39476,7370.0,crosswalk
0001862068,RUBICON TECHNOLOGS INC,rubicon technologs,,39345,7370.0,crosswalk
0001862080,BENCHMARK 2021-B27 MORTGAGE TRUST,benchmark 2021b27 mortgage trust,,,,sec_header
0001862150,CINGULATE INC,cingulate,,39620,2834.0,crosswalk
0001862327,INFINITE ACQUISIT CORP -REDH,infinite acquisit corp redh,,40040,9995.0,crosswalk
0001862463,ALPHA MODUS HOLDINGS INC,alpha modus,,39409,7372.0,crosswalk
0001862935,CURRENC GROUP INC,currenc,,38858,7389.0,crosswalk
0001863294,DA32 LIFE SCNS TCH AQ CORP,da32 life scns tch aq,,39350,9995.0,crosswalk
0001863688,BANK 2021-BNK34,bank 2021bnk34,,,,sec_header
0001863719,EVEREST CONSL ACQ CORP -REDH,everest consl acq corp redh,,39915,9995.0,crosswalk
0001863990,MULTISENSOR AI HOLDINGS INC,multisensor ai,,39789,3823.0,crosswalk
0001864032,AULT DISRUPT TECH CORP -REDH,ault disrupt tech corp redh,,40128,9995.0,crosswalk
0001864196,BBCMS Mortgage Trust 2021-C10,bbcms mortgage trust 2021c10,,,,sec_header
0001864448,WEJO GROUP LTD,wejo,,37756,7370.0,crosswalk
0001864531,VSEE HEALTH INC,vsee health,,37866,7372.0,crosswalk
0001864943,FGI INDUSTRIES LTD,fgi industries,,39627,5070.0,crosswalk
0001865107,A.K.A. BRAND HOLD CORP,aka brand hold,,39500,5961.0,crosswalk
0001865111,ALPHA STAR ACQUIS CORP -REDH,alpha star acquis corp redh,,39452,9995.0,crosswalk
0001865120,BROAD CAPITAL ACQ CORP -REDH,broad capital acq corp redh,,39466,9995.0,crosswalk
0001865174,Goldman Sachs Middle Market Lending Corp. II,goldman sachs middle market lending corp ii,,,,sec_header
0001865191,TG VENTURE ACQUIS CORP -REDH,tg venture acquis corp redh,,39425,9995.0,crosswalk
0001865468,KAIROUS ACQUI CORP LTD -REDH,kairous acqui corp ltd redh,,39513,9995.0,crosswalk
0001865631,NEXTNAV INC,nextnav,,39992,7370.0,crosswalk
0001865697,GENESIS GROWTH TE A CO -REDH,genesis growth te a co redh,,40308,9995.0,crosswalk
0001865701,KEYARCH ACQUIS CORP -REDH,keyarch acquis corp redh,,40369,9995.0,crosswalk
0001865782,BRIGHTSPRING HEALTH SVCS INC,brightspring health svcs,,39916,8082.0,crosswalk
0001865975,AFTERNEXT HEA ACQ CORP -REDH,afternext hea acq corp redh,,39188,9995.0,crosswalk
0001866368,CLEARWATER ANA HOL INC,clearwater ana hol,,39554,7370.0,crosswalk
0001866390,BABYLON HOLDINGS LTD,babylon,,39938,8090.0,crosswalk
0001866493,Morgan Stanley Capital I Trust 2021-L6,morgan stanley capital i trust 2021l6,,,,sec_header
0001866550,THOUGHTWORKS HOLDG INC,thoughtworks holdg,,39482,7371.0,crosswalk
0001866581,DUTCH BROS INC,dutch bros,,39483,5812.0,crosswalk
0001866633,CONSENSUS CLOUD SOLUTION INC,consensus cloud solution,,39787,7370.0,crosswalk
0001866692,AMPLITUDE INC,amplitude,,39555,7370.0,crosswalk
0001866757,BRILLIANT EARTH GP INC,brilliant earth gp,,39556,5944.0,crosswalk
0001866816,SYNTEC OPTICS HOLDINGS INC,syntec optics,,39836,3679.0,crosswalk
0001866838,INCEPTION GROWT AQ LTD -REDH,inception growt aq ltd redh,,39617,9995.0,crosswalk
0001867066,JOURNEY MEDICAL CORPO,journey medical corpo,,39941,2834.0,crosswalk
0001867072,KYNDRYL HOLDINGS INC,kyndryl,,39963,7370.0,crosswalk
0001867096,XERIS BIOPHARMA HOLDINGS INC,xeris biopharma,,33660,2834.0,crosswalk
0001867757,BLOCKCHAIN MOON AQ CRP -REDH,blockchain moon aq crp redh,,39735,9995.0,crosswalk
0001867949,CHICAGO ATLANTIC REA E F INC,chicago atlantic rea e f,,39964,6798.0,crosswalk
0001868159,LINEAGE INC,lineage,,50389,6798.0,crosswalk
0001868269,CHENGHE ACQUISITION I -REDH,chenghe acquisition i redh,,40326,9995.0,crosswalk
0001868275,CONSTELLATION ENE CORP,constellation ene,,40614,4911.0,crosswalk
0001868279,ARRIVENT BIOPHARMA INC,arrivent biopharma,,43861,2836.0,crosswalk
0001868419,CYCURION INC,cycurion,,39355,7370.0,crosswalk
0001868516,"StratCap Digital Infrastructure REIT, Inc.",stratcap digital infrastructure reit,,,,sec_header
0001868573,APX ACQUISITIO CORP I -REDH,apx acquisitio corp i redh,,40303,9995.0,crosswalk
0001868640,ROADZEN INC,roadzen,,40084,7372.0,crosswalk
0001868726,OLAPLEX HOLDINGS INC,olaplex,,39544,2844.0,crosswalk
0001868778,INFORMATICA INC,informatica,,39810,7370.0,crosswalk
0001868878,GOLUB CAPITAL DIRECT LENDING CORP,golub capital direct lending,,,,sec_header
0001868941,FLUENCE ENERGY INC,fluence energy,,39751,3690.0,crosswalk
0001869198,LIFE TIME GRP HOLD INC,life time grp hold,,39648,7990.0,crosswalk
0001869453,Blue Owl Technology Income Corp.,blue owl technology income,,,,sec_header
0001869601,EMBRACE CHANGE ACQ COR -REDH,embrace change acq cor redh,,39576,9995.0,crosswalk
0001869699,Ark 21Shares Bitcoin ETF,ark 21shares bitcoin etf,,,,sec_header
0001869974,OCEAN BIOMEDICAL INC,ocean biomedical,,39573,2836.0,crosswalk
0001870144,CARDIO DIAGNOSTICS HOLDI INC,cardio diagnostics holdi,,39926,2835.0,crosswalk
0001870267,Redwood Enhanced Income Corp.,redwood enhanced income,,,,sec_header
0001870404,CERO THERAPEUTICS HLDGS INC,cero therapeutics hldgs,,39649,2836.0,crosswalk
0001870471,CRYPTO 1 ACQUISI CORP -REDH,crypto 1 acquisi corp redh,,40259,9995.0,crosswalk
0001870600,SOLO BRANDS INC,solo brands,,39823,3949.0,crosswalk
0001870925,ENTERPRISE 4.0 TECH AQ -REDH,enterprise 40 tech aq redh,,39739,9995.0,crosswalk
0001870997,LOYALTY VENTURES INC,loyalty ventures,,39962,7389.0,crosswalk
0001871509,PORTILLO'S INC,portillos,,39756,5812.0,crosswalk
0001871630,Benchmark 2021-B28 Mortgage Trust,benchmark 2021b28 mortgage trust,,,,sec_header
0001871638,BLAIZE HOLDINGS INC,blaize,,39454,3674.0,crosswalk
0001872347,BANK 2021-BNK35,bank 2021bnk35,,,,sec_header
0001872356,MOLEKULE GROUP INC,molekule,,40323,3564.0,crosswalk
0001872371,Oaktree Strategic Credit Fund,oaktree strategic credit fund,,,,sec_header
0001872789,EMBECTA CORP,embecta,,41050,3842.0,crosswalk
0001873324,PEPPERLIME HLTH AQ CRP -REDH,pepperlime hlth aq crp redh,,39764,9995.0,crosswalk
0001873441,BLOCKCHAIN COI AC CP I -REDH,blockchain coi ac cp i redh,,39529,9995.0,crosswalk
0001873722,BUBBLR INC,bubblr,,36900,7370.0,crosswalk
0001874097,CYNGN INC,cyngn,,39575,7370.0,crosswalk
0001874178,RIVIAN AUTOMOTIVE INC,rivian automotive,,39811,3711.0,crosswalk
0001874315,SATELLOGIC INC,satellogic,,37794,3663.0,crosswalk
0001874875,HOUR LOOP INC,hour loop,,39981,5961.0,crosswalk
0001874944,VACASA INC,vacasa,,38288,7000.0,crosswalk
0001875493,CSLM ACQUISITION CORP.,cslm acquisition,,,,sec_header
0001876255,"AB Commercial Real Estate Private Debt Fund, LLC",ab commercial real estate private debt fund,,,,sec_header
0001876588,ZIMVIE INC,zimvie,,40758,3843.0,crosswalk
0001876714,GROWTH FOR GO ACQ CORP -REDH,growth for go acq corp redh,,40328,9995.0,crosswalk
0001877461,1606 CORP,1606,,40558,5961.0,crosswalk
0001877939,CASTELLUM INC,castellum,,24035,7371.0,crosswalk
0001878848,IREN LIMITED,iren limited,,39960,7374.0,crosswalk
0001878897,DOUGLAS ELLIMAN INC,douglas elliman,,40417,6531.0,crosswalk
0001879001,VERSES AI INC,verses ai,,41461,7372.0,crosswalk
0001879016,IVANHOE ELECTRIC INC,ivanhoe electric,,41293,1000.0,crosswalk
0001879293,MAG MILE CAPITAL INC,mag mile capital,,25309,6162.0,crosswalk
0001879373,GRAPHJET TECHNOLOGY,graphjet technology,,39631,3620.0,crosswalk
0001879403,LA ROSA HOLDINGS CORP,la rosa,,41153,6531.0,crosswalk
0001879726,SIDUS SPACE INC,sidus space,,40305,3760.0,crosswalk
0001879814,TLGY ACQUISITION CORP -REDH,tlgy acquisition corp redh,,39893,9995.0,crosswalk
0001879848,PHOENIX MOTOR INC,phoenix motor,,40336,3711.0,crosswalk
0001880187,Benchmark 2021-B29 Mortgage Trust,benchmark 2021b29 mortgage trust,,,,sec_header
0001880431,VOCODIA HOLDINGS CORP,vocodia,,41982,7372.0,crosswalk
0001880438,AN2 THERAPEUTICS INC,an2 therapeutics,,40833,2834.0,crosswalk
0001880613,DIRECT DIGITAL HOLDINGS INC,direct digital,,40261,7311.0,crosswalk
0001880661,TPG INC,tpg,,40535,6200.0,crosswalk
0001881326,BBCMS Mortgage Trust 2021-C11,bbcms mortgage trust 2021c11,,,,sec_header
0001881462,SPREE ACQ CORP 1 LTD -REDH,spree acq corp 1 ltd redh,,40329,9995.0,crosswalk
0001881487,PROFRAC HOLDING CORP,profrac,,40306,1389.0,crosswalk
0001881741,AROGO CAPITAL ACQ CORP -REDH,arogo capital acq corp redh,,39585,9995.0,crosswalk
0001882198,ATHENA TEC ACQ CORP II -REDH,athena tec acq corp ii redh,,40304,9995.0,crosswalk
0001882781,"C2 Blockchain, Inc.",c2 blockchain,,,,sec_header
0001882850,"Apollo Realty Income Solutions, Inc.",apollo realty income solutions,,,,sec_header
0001883085,PAGAYA TECHNOLOGIES LTD,pagaya technologies,,38041,7370.0,crosswalk
0001883246,Morgan Stanley Capital I Trust 2021-L7,morgan stanley capital i trust 2021l7,,,,sec_header
0001883313,SAVERS VALUE VILLAGE INC,savers value village,,40501,5900.0,crosswalk
0001883685,DRAFTKINGS INC,draftkings,,36404,7990.0,crosswalk
0001883788,DIH HOLDING US INC,dih holding us,,40486,3845.0,crosswalk
0001883835,ESG INC,esg,,41512,2033.0,crosswalk
0001883962,ALSP ORCHID ACQU COR I -REDH,alsp orchid acqu cor i redh,,40072,9995.0,crosswalk
0001883983,VISION SENSING ACQ CRP -REDH,vision sensing acq crp redh,,39736,9995.0,crosswalk
0001883984,ALTERNUS CLEAN ENERGY -REDH,alternus clean energy redh,,40293,4911.0,crosswalk
0001884046,SPARK I ACQUISITI CORP -REDH,spark i acquisiti corp redh,,43108,9995.0,crosswalk
0001884164,KWIKCLICK INC,kwikclick,,16512,3640.0,crosswalk
0001884697,STARRY GROUP HOLDINGS INC,starry,,37113,4899.0,crosswalk
0001885461,ShoulderUP Technology Acquisition Corp.,shoulderup technology acquisition,,,,sec_header
0001885522,NEUMORA THERAPEUTICS INC,neumora therapeutics,,43287,2834.0,crosswalk
0001885855,Benchmark 2021-B30 Mortgage Trust,benchmark 2021b30 mortgage trust,,,,sec_header
0001885968,T Series Middle Market Loan Fund LLC,t series middle market loan fund,,,,sec_header
0001886268,SHUAA PARTR ACQ CORP I -REDH,shuaa partr acq corp i redh,,40500,9995.0,crosswalk
0001886362,MOBILE GLOBAL ESPORTS INC,mobile global esports,,40494,7900.0,crosswalk
0001886799,BRIGHT GREEN CORP,bright green,,41083,2833.0,crosswalk
0001886894,SNAIL INC,snail,,41686,7372.0,crosswalk
0001887944,SHIMMICK CORP,shimmick,,43435,1600.0,crosswalk
0001888447,EXCELERATE ENERGY INC,excelerate energy,,40560,4922.0,crosswalk
0001888654,5E ADVANCED MATERIALS INC,5e advanced materials,,324960,1400.0,crosswalk
0001888734,GLOBALINK INVESTMENT INC.,globalink investment,,,,sec_header
0001888886,STRUCTURE THERAPEUTICS  -ADR,structure therapeutics adr,,41979,2834.0,crosswalk
0001889106,ALPHATIME ACQN CORP -REDH,alphatime acqn corp redh,,41886,9995.0,crosswalk
0001889123,FOLD HOLDINGS INC,fold,,40312,6200.0,crosswalk
0001889297,BANK 2021-BNK37,bank 2021bnk37,,,,sec_header
0001889450,FUTURETECH II ACQ CORP -REDH,futuretech ii acq corp redh,,40498,9995.0,crosswalk
0001889539,COREBRIDGE FINANCIAL INC,corebridge financial,,41084,6311.0,crosswalk
0001889668,Blue Owl Technology Finance Corp. II,blue owl technology finance corp ii,,,,sec_header
0001889956,ONESTREAM INC,onestream,,50290,7370.0,crosswalk
0001890702,3650R 2021-PF1 Commercial Mortgage Trust,3650r 2021pf1 commercial mortgage trust,,,,sec_header
0001891101,BRC INC,brc,,38029,2090.0,crosswalk
0001891818,BBCMS Mortgage Trust 2021-C12,bbcms mortgage trust 2021c12,,,,sec_header
0001892292,MAISON SOLUTIONS INC,maison solutions,,42971,5411.0,crosswalk
0001892322,HEARTCORE ENTERPRISES INC,heartcore enterprises,,40534,7370.0,crosswalk
0001892492,EIGHTCO HOLDINGS INC,eightco,,41234,6153.0,crosswalk
0001892747,VALUENCE MERGER CORP I -REDH,valuence merger corp i redh,,40631,9995.0,crosswalk
0001893219,ABPRO HOLDINGS INC,abpro,,40363,2836.0,crosswalk
0001893311,LUXURBAN HOTELS INC,luxurban hotels,,40679,6513.0,crosswalk
0001894057,PAPAYA GROWTH OP COR I -REDH,papaya growth op cor i redh,,40319,9995.0,crosswalk
0001894525,APIMEDS PHARMACEUTICA US INC,apimeds pharmaceutica us,,50724,2836.0,crosswalk
0001894562,PRIME MEDICINE INC,prime medicine,,41615,2836.0,crosswalk
0001894714,BENCHMARK 2021-B31 MORTGAGE TRUST,benchmark 2021b31 mortgage trust,,,,sec_header
0001894954,EXPION360 INC,expion360,,40849,3690.0,crosswalk
0001895116,GS Mortgage Securities Trust 2021-GSA3,gs mortgage securities trust 2021gsa3,,,,sec_header
0001895249,CONNECTM TECHNOLOGY SOLUTION,connectm technology solution,,41174,3640.0,crosswalk
0001895262,NOBLE CORP PLC,noble corp,,11925,1381.0,crosswalk
0001895567,BANK 2021-BNK38,bank 2021bnk38,,,,sec_header
0001895618,GAXOS.AI INC,gaxosai,,41685,7372.0,crosswalk
0001896212,CDT EQUITY INC,cdt equity,,40557,2834.0,crosswalk
0001897762,INGRAM MICRO HOLDING CORP,ingram micro,,50831,5045.0,crosswalk
0001897982,ASPEN TECHNOLOGY INC,aspen technology,,30870,7372.0,crosswalk
0001898474,"Signing Day Sports, Inc.",signing day sports,,,,sec_header
0001898496,GETTY IMAGES HOLDINGS INC,getty images,,36758,7389.0,crosswalk
0001899883,FTAI INFRASTRUCTURE INC,ftai infrastructure,,41416,4013.0,crosswalk
0001900454,Benchmark 2022-B32 Mortgage Trust,benchmark 2022b32 mortgage trust,,,,sec_header
0001900520,"Lomond Therapeutics Holdings, Inc.",lomond therapeutics holdings,,,,sec_header
0001901164,T. Rowe Price OHA Select Private Credit Fund,t rowe price oha select private credit fund,,,,sec_header
0001901203,CN HEALTHY FOOD TECH GR CORP,cn healthy food tech gr,,43709,2000.0,crosswalk
0001901297,ZRCN INC,zrcn,,51068,3829.0,crosswalk
0001901305,FORZA X1 INC,forza x1,,40499,3730.0,crosswalk
0001901336,ALCHEMY INVES ACQ CP 1 -REDH,alchemy inves acq cp 1 redh,,42024,9995.0,crosswalk
0001901440,UL SOLUTIONS INC,ul solutions,,43589,8734.0,crosswalk
0001901606,Golub Capital Direct Lending Unlevered Corp,golub capital direct lending unlevered,,,,sec_header
0001901612,"Golub Capital BDC 4, Inc.",golub capital bdc 4,,,,sec_header
0001901637,USCB FINANCIAL HOLDINGS INC,uscb financial,,39322,6020.0,crosswalk
0001901799,BITCOIN DEPOT INC,bitcoin depot,,40528,7374.0,crosswalk
0001901814,BBCMS Mortgage Trust 2022-C14,bbcms mortgage trust 2022c14,,,,sec_header
0001902314,M-TRON INDUSTRIES INC,mtron industries,,41420,3679.0,crosswalk
0001902649,BlackRock Private Credit Fund,blackrock private credit fund,,,,sec_header
0001902733,NCINO INC,ncino,,36711,7370.0,crosswalk
0001903595,BRAG HOUSE HOLDINGS INC,brag house,,50435,7370.0,crosswalk
0001903688,BMO 2022-C1 Mortgage Trust,bmo 2022c1 mortgage trust,,,,sec_header
0001905956,TREASURE GLOBAL INC,treasure global,,41426,7371.0,crosswalk
0001906324,QUIDELORTHO CORP,quidelortho,,7526,2835.0,crosswalk
0001907059,Benchmark 2022-B33 Mortgage Trust,benchmark 2022b33 mortgage trust,,,,sec_header
0001907425,JOCOM HOLDINGS CORP.,jocom,,,,sec_header
0001907982,DWAVE QUANTUM INC,dwave quantum,,37136,7370.0,crosswalk
0001909152,KALERA PUBLIC LIMITED,kalera public limited,,338272,100.0,crosswalk
0001909770,KHEOBA CORP.,kheoba,,,,sec_header
0001910139,MOBILEYE GLOBAL INC,mobileye global,,41640,7372.0,crosswalk
0001910851,R1 RCM INC,r1 rcm,,183636,8741.0,crosswalk
0001911321,Kennedy Lewis Capital Co,kennedy lewis capital,,,,sec_header
0001911545,GLOBAL INTERACTIVE TECHN INC,global interactive techn,,41958,7370.0,crosswalk
0001912461,SK Growth Opportunities Corp,sk growth opportunities,,,,sec_header
0001912509,Benchmark 2022-B34 Mortgage Trust,benchmark 2022b34 mortgage trust,,,,sec_header
0001912582,THUNDER POWER HOLDINGS INC,thunder power,,41133,3711.0,crosswalk
0001912724,Morgan Stanley Capital I Trust 2022-L8,morgan stanley capital i trust 2022l8,,,,sec_header
0001913577,SEMNUR PHARMACEUTICALS INC,semnur pharmaceuticals,,40822,2834.0,crosswalk
0001913593,BBCMS Mortgage Trust 2022-C15,bbcms mortgage trust 2022c15,,,,sec_header
0001913724,TPG Twin Brook Capital Income Fund,tpg twin brook capital income fund,,,,sec_header
0001913971,PRINCETON BANCORP INC,princeton bancorp,,27345,6020.0,crosswalk
0001914496,"Sculptor Diversified Real Estate Income Trust, Inc.",sculptor diversified real estate income trust,,,,sec_header
0001915328,ISRAEL ACQ CORP -REDH,israel acq corp redh,,41056,9995.0,crosswalk
0001915380,"dMY Squared Technology Group, Inc.",dmy squared technology group,,,,sec_header
0001915657,HF SINCLAIR CORP,hf sinclair,,5667,2911.0,crosswalk
0001916099,Diameter Credit Co,diameter credit,,,,sec_header
0001918712,ARES STRATEGIC INCOME FUND,ares strategic income fund,,,,sec_header
0001919182,UNIVERSAL TOKEN INC,universal token,,42972,7370.0,crosswalk
0001919246,PELTHOS THERAPEUTICS INC,pelthos therapeutics,,42893,2836.0,crosswalk
0001919369,VISTA CREDIT STRATEGIC LENDING CORP.,vista credit strategic lending,,,,sec_header
0001920145,Goldman Sachs Private Credit Corp.,goldman sachs private credit,,,,sec_header
0001920406,STRIVE INC,strive,,41545,7311.0,crosswalk
0001921064,BENCHMARK 2022-B35 MORTGAGE TRUST,benchmark 2022b35 mortgage trust,,,,sec_header
0001921865,ASP ISOTOPES INC,asp isotopes,,41768,2810.0,crosswalk
0001921963,ATMUS FILTRATION TECHNLS INC,atmus filtration technls,,42033,3714.0,crosswalk
0001922331,Global Star Acquisition Inc.,global star acquisition,,,,sec_header
0001922335,SYRA HEALTH CORP,syra health,,42910,7363.0,crosswalk
0001923622,PGIM Private Credit Fund,pgim private credit fund,,,,sec_header
0001923780,NORTHANN CORP,northann,,43134,3089.0,crosswalk
0001923891,NANO NUCLEAR ENERGY INC,nano nuclear energy,,45158,3443.0,crosswalk
0001924780,BBCMS Mortgage Trust 2022-C16,bbcms mortgage trust 2022c16,,,,sec_header
0001924870,Citigroup Commercial Mortgage Trust 2022-GC48,citigroup commercial mortgage trust 2022gc48,,,,sec_header
0001925309,Sixth Street Lending Partners,sixth street lending partners,,,,sec_header
0001925531,"New Mountain Guardian IV BDC, L.L.C.",new mountain guardian iv bdc llc,,,,sec_header
0001926900,BANK 2022-BNK42,bank 2022bnk42,,,,sec_header
0001927678,Benchmark 2022-B36 Mortgage Trust,benchmark 2022b36 mortgage trust,,,,sec_header
0001928446,GRANITE RIDGE RESOURCES INC,granite ridge resources,,36951,1311.0,crosswalk
0001929561,RXO INC,rxo,,41716,4731.0,crosswalk
0001929589,MARIADB PLC - REDH,mariadb plc redh,,38276,9995.0,crosswalk
0001930021,NEW HORIZON AIRCRAFT LTD,new horizon aircraft,,41998,3721.0,crosswalk
0001930054,Blackstone Private Equity Strategies Fund L.P.,blackstone private equity strategies fund lp,,,,sec_header
0001930087,Golub Capital Private Credit Fund,golub capital private credit fund,,,,sec_header
0001930313,SBC MEDICAL GROUP HLDNGS INC,sbc medical group hldngs,,41467,8742.0,crosswalk
0001930679,KKR FS Income Trust,kkr fs income trust,,,,sec_header
0001932244,LEVER GLOBAL CORP,lever global,,41758,7372.0,crosswalk
0001932393,GE HEALTHCARE TECHNOLOGI INC,ge healthcare technologi,,41818,3845.0,crosswalk
0001932591,SLR Private Credit BDC II LLC,slr private credit bdc ii,,,,sec_header
0001932997,BMO 2022-C2 Mortgage Trust,bmo 2022c2 mortgage trust,,,,sec_header
0001934064,PROSOMNUS INC,prosomnus,,38648,3841.0,crosswalk
0001934850,F&G ANNUITIES & LIFE INC,fg annuities life,,27215,6311.0,crosswalk
0001934945,Trailblazer Merger Corp I,trailblazer merger corp i,,,,sec_header
0001935092,"Cyber Enviro-Tech, Inc.",cyber envirotech,,,,sec_header
0001935979,BIOHAVEN LTD,biohaven,,41622,2836.0,crosswalk
0001936224,SURF AIR MOBILITY INC,surf air mobility,,43100,4512.0,crosswalk
0001936255,FOUR LEAF ACQUISITION CORP,four leaf acquisition,,42219,9995.0,crosswalk
0001936258,NEWAMSTERDAM PHARMA COMPANY,newamsterdam pharma,,37513,2836.0,crosswalk
0001936737,"EASTERN GAS TRANSMISSION & STORAGE, INC.",eastern gas transmission storage,,,,sec_header
0001937096,BANK 2022-BNK43,bank 2022bnk43,,,,sec_header
0001937926,BROOKFIELD ASSET MANAG LTD,brookfield asset manag,,41817,6282.0,crosswalk
0001937985,BBCMS Mortgage Trust 2022-C17,bbcms mortgage trust 2022c17,,,,sec_header
0001937987,FALCON'S BEYOND GLOBAL INC,falcons beyond global,,38370,8700.0,crosswalk
0001938109,PINEAPPLE FINANCIAL INC,pineapple financial,,41896,6163.0,crosswalk
0001938338,GLOBALTECH CORP,globaltech,,43600,4813.0,crosswalk
0001939365,INSPIRE VETERINARY PRTNS INC,inspire veterinary prtns,,43191,8060.0,crosswalk
0001939433,"Cohen & Steers Income Opportunities REIT, Inc.",cohen steers income opportunities reit,,,,sec_header
0001940177,PODCASTONE INC,podcastone,,43284,7370.0,crosswalk
0001941029,ADVANCED BIOMED INC,advanced biomed,,42958,3841.0,crosswalk
0001942599,BMO 2022-C3 Mortgage Trust,bmo 2022c3 mortgage trust,,,,sec_header
0001943289,SILVACO GROUP INC,silvaco,,45320,7372.0,crosswalk
0001943896,RUBRIK INC,rubrik,,45281,7372.0,crosswalk
0001944048,KENVUE INC,kenvue,,41897,2840.0,crosswalk
0001944366,Blue Owl Real Estate Net Lease Trust,blue owl real estate net lease trust,,,,sec_header
0001944831,Willow Tree Capital Corp,willow tree capital,,,,sec_header
0001945422,OAK WOODS ACQ CORP -REDH,oak woods acq corp redh,,42242,9995.0,crosswalk
0001945619,KINETIC SEAS INC,kinetic seas,,126126,2100.0,crosswalk
0001946021,HORIZON SPACE ACQN I CORP,horizon space acqn i,,20342,9995.0,crosswalk
0001946375,Benchmark 2022-B37 Mortgage Trust,benchmark 2022b37 mortgage trust,,,,sec_header
0001946573,NAKAMOTO INC,nakamoto,,43457,8093.0,crosswalk
0001947210,HIGH ROLLER TECHNOLOGIES INC,high roller technologies,,43859,7990.0,crosswalk
0001947861,NATURE'S MIRACLE HOLDING INC,natures miracle,,40689,3523.0,crosswalk
0001948056,KKR Infrastructure Conglomerate LLC,kkr infrastructure conglomerate,,,,sec_header
0001948175,3650R 2022-PF2 Commercial Mortgage Trust,3650r 2022pf2 commercial mortgage trust,,,,sec_header
0001948368,Phillip Street Middle Market Lending Fund LLC,phillip street middle market lending fund,,,,sec_header
0001948455,ISPIRE TECHNOLOGY INC,ispire technology,,41957,2111.0,crosswalk
0001949543,SITIO ROYALTIES CORP,sitio royalties,,34034,1311.0,crosswalk
0001949864,Mag Magna Corp,mag magna,,,,sec_header
0001950140,BBCMS Mortgage Trust 2022-C18,bbcms mortgage trust 2022c18,,,,sec_header
0001950141,BANK 2022-BNK44,bank 2022bnk44,,,,sec_header
0001950572,BIP Ventures Evergreen BDC,bip ventures evergreen bdc,,,,sec_header
0001950803,Stepstone Private Credit Fund LLC,stepstone private credit fund,,,,sec_header
0001950976,"26North BDC, Inc.",26north bdc,,,,sec_header
0001952853,MASSIMO GROUP,massimo,,45070,3790.0,crosswalk
0001952976,NET LEASE OFFICE PROPERTIES,net lease office properties,,43521,6798.0,crosswalk
0001953926,ZENAS BIOPHARMA INC,zenas biopharma,,50517,2836.0,crosswalk
0001954360,Crescent Private Credit Income Corp,crescent private credit income,,,,sec_header
0001955010,OHA Senior Private Lending Fund (U) LLC,oha senior private lending fund u,,,,sec_header
0001955520,KNIFE RIVER CORP,knife river,,42950,1400.0,crosswalk
0001956055,Bukit Jalil Global Acquisition 1 Ltd.,bukit jalil global acquisition 1,,,,sec_header
0001956955,UNUSUAL MACHINES INC,unusual machines,,42214,3728.0,crosswalk
0001957662,BMO 2023-C4 Mortgage Trust,bmo 2023c4 mortgage trust,,,,sec_header
0001957845,KKR Private Equity Conglomerate LLC,kkr private equity conglomerate,,,,sec_header
0001958086,CORE LABORATORIES INC,core laboratories,,61759,1389.0,crosswalk
0001958140,ATLANTA BRAVES HOLDINGS INC,atlanta braves,,27186,7900.0,crosswalk
0001958501,BANK 2023-BNK45,bank 2023bnk45,,,,sec_header
0001958777,FIBROBIOLOGICS INC,fibrobiologics,,43574,2836.0,crosswalk
0001959023,RENX ENTERPRISES CORP,renx enterprises,,24310,6552.0,crosswalk
0001959472,"Kimco Realty OP, LLC",kimco realty op,,,,sec_header
0001959568,"Senior Credit Investments, LLC",senior credit investments,,,,sec_header
0001959604,Jefferies Credit Partners BDC Inc.,jefferies credit partners bdc,,,,sec_header
0001959961,"IPC Alternative Real Estate Income Trust, Inc.",ipc alternative real estate income trust,,,,sec_header
0001960262,LUDWIG ENTERPRISES INC,ludwig enterprises,,177318,2835.0,crosswalk
0001960847,TOPPOINT HOLDINGS INC,toppoint,,50708,4210.0,crosswalk
0001961629,FIVE 2023-V1 Mortgage Trust,five 2023v1 mortgage trust,,,,sec_header
0001961847,INNO HOLDINGS INC,inno,,43159,5045.0,crosswalk
0001962918,ACELYRIN INC,acelyrin,,42892,2836.0,crosswalk
0001963088,ATLASCLEAR HOLDING INC -REDH,atlasclear holding inc redh,,37809,9995.0,crosswalk
0001963685,RICHTECH ROBOTICS INC,richtech robotics,,43190,3580.0,crosswalk
0001964738,SOLVENTUM CORP,solventum,,45167,3842.0,crosswalk
0001964789,HUT 8 CORP,hut 8,,33195,7374.0,crosswalk
0001964979,ALLURION TECHNOLOGIES INC,allurion technologies,,37819,3841.0,crosswalk
0001965040,FORTREA HOLDINGS INC,fortrea,,43026,8731.0,crosswalk
0001965934,Overland Advantage,overland advantage,,,,sec_header
0001966002,Benchmark 2023-B38 Mortgage Trust,benchmark 2023b38 mortgage trust,,,,sec_header
0001966434,BBCMS Mortgage Trust 2023-C19,bbcms mortgage trust 2023c19,,,,sec_header
0001966494,CARGO THERAPEUTICS INC,cargo therapeutics,,43555,2836.0,crosswalk
0001966734,AI TRANSPORTN ACQ CORP -REDH,ai transportn acq corp redh,,42213,9995.0,crosswalk
0001967649,VESTIS CORP,vestis,,43360,7200.0,crosswalk
0001967945,BANK5 2023-5YR1,bank5 20235yr1,,,,sec_header
0001968487,WORTHINGTON STEEL INC,worthington steel,,43651,3310.0,crosswalk
0001968915,PHINIA INC,phinia,,43057,3714.0,crosswalk
0001969475,BAYVIEW ACQUISITION CP -REDH,bayview acquisition cp redh,,43719,9995.0,crosswalk
0001970622,USA RARE EARTH INC,usa rare earth,,42314,1090.0,crosswalk
0001970781,Benchmark 2023-V2 Mortgage Trust,benchmark 2023v2 mortgage trust,,,,sec_header
0001971213,SINCLAIR INC,sinclair,,60800,4833.0,crosswalk
0001971381,Apollo Infrastructure Co LLC,apollo infrastructure,,,,sec_header
0001971532,TELOMIR PHARMACEUTICALS INC,telomir pharmaceuticals,,43928,2834.0,crosswalk
0001972529,ARMLOGI HOLDING CORP,armlogi,,43588,4731.0,crosswalk
0001972920,BMO 2023-C5 Mortgage Trust,bmo 2023c5 mortgage trust,,,,sec_header
0001973266,TKO GROUP HOLDINGS INC,tko,,125240,7900.0,crosswalk
0001973476,North Haven Private Income Fund A LLC,north haven private income fund a,,,,sec_header
0001974138,NCR ATLEOS CORP,ncr atleos,,43198,7389.0,crosswalk
0001974587,MSWF Commercial Mortgage Trust 2023-1,mswf commercial mortgage trust 20231,,,,sec_header
0001974640,APOGEE THERAPEUTICS INC,apogee therapeutics,,43091,2836.0,crosswalk
0001974793,"Oaktree Gardens OLP, LLC",oaktree gardens olp,,,,sec_header
0001975736,KKR FS Income Trust Select,kkr fs income trust select,,,,sec_header
0001976336,Antares Private Credit Fund,antares private credit fund,,,,sec_header
0001976663,"Nexscient, Inc.",nexscient,,,,sec_header
0001976719,"New Mountain Guardian IV Income Fund, L.L.C.",new mountain guardian iv income fund llc,,,,sec_header
0001976923,YOUNEEQAI TECHNICAL SERV INC,youneeqai technical serv,,16944,7370.0,crosswalk
0001976927,"Invesco Commercial Real Estate Finance Trust, Inc.",invesco commercial real estate finance trust,,,,sec_header
0001977837,ALIXO-YOLLOO Corp,alixoyolloo,,,,sec_header
0001978111,Naploy Corp.,naploy,,,,sec_header
0001979005,AIMEI HLTH TECH CO LTD -REDH,aimei hlth tech co ltd redh,,42977,9995.0,crosswalk
0001979306,"Andalusian Credit Company, LLC",andalusian credit company,,,,sec_header
0001979330,NB BANCORP INC,nb bancorp,,43210,6020.0,crosswalk
0001979748,BANK5 2023-5YR2,bank5 20235yr2,,,,sec_header
0001979859,Benchmark 2023-B39 Mortgage Trust,benchmark 2023b39 mortgage trust,,,,sec_header
0001980295,IMA Tech,ima tech,,,,sec_header
0001981535,SHARPLINK INC,sharplink,,39351,7990.0,crosswalk
0001981599,CENTURI HOLDINGS INC,centuri,,45232,1623.0,crosswalk
0001981769,BBCMS 2023-C20,bbcms 2023c20,,,,sec_header
0001981792,HOWARD HUGHES HOLDINGS INC,howard hughes,,185797,6552.0,crosswalk
0001982178,Benchmark 2023-V3 Mortgage Trust,benchmark 2023v3 mortgage trust,,,,sec_header
0001982518,SMITH DOUGLAS HOMES CORP,smith douglas homes,,43784,1531.0,crosswalk
0001982701,AB Private Lending Fund,ab private lending fund,,,,sec_header
0001983514,LGAM Private Credit LLC,lgam private credit,,,,sec_header
0001983736,EVA LIVE INC,eva live,,135391,7310.0,crosswalk
0001984060,ATLAS ENERGY SOLUTIONS INC,atlas energy solutions,,41981,1389.0,crosswalk
0001984086,SEPTERNA INC,septerna,,50763,2834.0,crosswalk
0001984246,BMO 2023-5C1 Mortgage Trust,bmo 20235c1 mortgage trust,,,,sec_header
0001985554,Londax Corp.,londax,,,,sec_header
0001985684,BBCMS Mortgage Trust 2023-C21,bbcms mortgage trust 2023c21,,,,sec_header
0001986395,Starwood Credit Real Estate Income Trust,starwood credit real estate income trust,,,,sec_header
0001987221,AMG Comvest Senior Lending Fund,amg comvest senior lending fund,,,,sec_header
0001987419,BMO 2023-C6 Mortgage Trust,bmo 2023c6 mortgage trust,,,,sec_header
0001987731,"WTI Fund XI, Inc.",wti fund xi,,,,sec_header
0001988494,FRONTVIEW REIT INC,frontview reit,,50619,6798.0,crosswalk
0001989817,HPS Corporate Capital Solutions Fund,hps corporate capital solutions fund,,,,sec_header
0001990354,WAYSTAR HOLDING CORP,waystar,,43515,7370.0,crosswalk
0001991192,Benchmark 2023-B40 Mortgage Trust,benchmark 2023b40 mortgage trust,,,,sec_header
0001991524,BANK5 2023-5YR3,bank5 20235yr3,,,,sec_header
0001991792,CG ONCOLOGY INC,cg oncology,,43858,2836.0,crosswalk
0001992084,Benchmark 2023-V4 Mortgage Trust,benchmark 2023v4 mortgage trust,,,,sec_header
0001992243,T1 ENERGY INC,t1 energy,,343180,3690.0,crosswalk
0001992508,21Shares Core Ethereum ETF,21shares core ethereum etf,,,,sec_header
0001993004,NORTHWESTERN ENRGY GROUP INC,northwestern enrgy,,8001,4931.0,crosswalk
0001994342,BBCMS Mortgage Trust 2023-C22,bbcms mortgage trust 2023c22,,,,sec_header
0001994624,SCANTECH AI SYSTEM INC -REDH,scantech ai system inc redh,,41295,3829.0,crosswalk
0001994702,KYVERNA THERAPEUTICS INC,kyverna therapeutics,,43843,2836.0,crosswalk
0001994754,BMO 2023-5C2 Mortgage Trust,bmo 20235c2 mortgage trust,,,,sec_header
0001995500,BMO 2023-C7 Mortgage Trust,bmo 2023c7 mortgage trust,,,,sec_header
0001995807,LANDBRIDGE CO LLC,landbridge,,45445,6792.0,crosswalk
0001995920,E-Smart Corp.,esmart,,,,sec_header
0001996001,BANK5 2023-5YR4,bank5 20235yr4,,,,sec_header
0001996192,LAKESIDE HOLDING LTD,lakeside,,50260,4731.0,crosswalk
0001996810,GE VERNOVA INC,ge vernova,,45169,3510.0,crosswalk
0001996862,BUNGE GLOBAL SA,bunge global sa,,144435,2040.0,crosswalk
0001997652,TAMBORAN RESOURCES CORP,tamboran resources,,348784,1311.0,crosswalk
0001997859,WEBTOON ENTERTAINMENT INC,webtoon entertainment,,50248,7370.0,crosswalk
0001998392,BBCMS Mortgage Trust 2023-5C23,bbcms mortgage trust 20235c23,,,,sec_header
0001999480,ALTO NEUROSCIENCE INC,alto neuroscience,,43837,2834.0,crosswalk
0001999538,X1 Capital Inc.,x1 capital,,,,sec_header
0002000597,Apollo Asset Backed Credit Co LLC,apollo asset backed credit,,,,sec_header
0002000640,DAMON INC,damon,,45488,3751.0,crosswalk
0002000762,GMTech Inc.,gmtech,,,,sec_header
0002001557,INNVENTURE INC,innventure,,38534,6282.0,crosswalk
0002002473,BOWHEAD SPECIALTY HOLDGS INC,bowhead specialty holdgs,,45327,6331.0,crosswalk
0002005951,SMURFIT WESTROCK PLC,smurfit westrock,,283184,2631.0,crosswalk
0002006016,BANK5 2024-5YR5,bank5 20245yr5,,,,sec_header
0002006370,BBCMS Mortgage Trust 2024-C24,bbcms mortgage trust 2024c24,,,,sec_header
0002006440,BMO 2024-5C3 Mortgage Trust,bmo 20245c3 mortgage trust,,,,sec_header
0002007596,TWFG INC,twfg,,50311,6411.0,crosswalk
0002007855,VENTURE GLOBAL INC,venture global,,45723,1311.0,crosswalk
0002008861,"Endo, Inc.",endo,,,,sec_header
0002009312,AUREUS GREENWAY HOLDINGS INC,aureus greenway,,50302,7990.0,crosswalk
0002010653,FUTURE VSN II ACQ CORP -REDH,future vsn ii acq corp redh,,50436,9995.0,crosswalk
0002010788,EXOZYMES INC,exozymes,,43931,2836.0,crosswalk
0002010930,CENTURION ACQUISI CORP -REDH,centurion acquisi corp redh,,45384,9995.0,crosswalk
0002011134,Kioni Holdings Ltd,kioni,,,,sec_header
0002011208,SAFE PRO GROUP INC,safe pro,,50297,3842.0,crosswalk
0002011286,AMENTUM HOLDINGS INC,amentum,,50688,8700.0,crosswalk
0002011641,FERGUSON ENTERPRISES INC,ferguson enterprises,,100644,5070.0,crosswalk
0002012265,Benchmark 2024-V6 Mortgage Trust,benchmark 2024v6 mortgage trust,,,,sec_header
0002012383,BLACKROCK INC,blackrock,,124434,6282.0,crosswalk
0002012481,BANK5 2024-5YR8,bank5 20245yr8,,,,sec_header
0002012593,RAPPORT THERAPEUTICS INC,rapport therapeutics,,45412,2836.0,crosswalk
0002012807,RF ACQUISITION CORP II -REDH,rf acquisition corp ii redh,,45124,9995.0,crosswalk
0002012839,KKR Enhanced US Direct Lending Fund-L Inc.,kkr enhanced us direct lending fundl,,,,sec_header
0002013639,FB BANCORP INC,fb bancorp,,45446,6036.0,crosswalk
0002013744,Bitwise Ethereum ETF,bitwise ethereum etf,,,,sec_header
0002013745,CALUMET INC,calumet,,165846,2911.0,crosswalk
0002013807,FOXX DEVELOPMENT HOLDING INC,foxx development,,41130,3663.0,crosswalk
0002013825,BBCMS Mortgage Trust 2024-5C25,bbcms mortgage trust 20245c25,,,,sec_header
0002014596,CONCENTRA GRP HLDS PARNT INC,concentra grp hlds parnt,,50345,8060.0,crosswalk
0002014982,SIM ACQUISITION CORP I -REDH,sim acquisition corp i redh,,50299,9995.0,crosswalk
0002015845,EVERUS CONSTRCTION GROUP INC,everus constrction,,50838,1700.0,crosswalk
0002016167,Transit Pro Tech Inc.,transit pro tech,,,,sec_header
0002016420,Chenghe Acquisition II Co.,chenghe acquisition ii,,,,sec_header
0002017206,MILLROSE PROPERTIES INC,millrose properties,,45779,6798.0,crosswalk
0002017758,LINKHOME HOLDINGS INC,linkhome,,50372,6531.0,crosswalk
0002017898,BANK5 Trust 2024-5YR6,bank5 trust 20245yr6,,,,sec_header
0002018064,TECHTARGET INC,techtarget,,177111,7310.0,crosswalk
0002018145,RISING DRAGON ACQ CORP -REDH,rising dragon acq corp redh,,45443,9995.0,crosswalk
0002019505,HEALTH IN TECH INC,health in tech,,50539,6411.0,crosswalk
0002020017,BBCMS Mortgage Trust 2024-C26,bbcms mortgage trust 2024c26,,,,sec_header
0002020385,TAVIA ACQUISITION CORP -REDH,tavia acquisition corp redh,,50476,9995.0,crosswalk
0002020919,DeltaSoft Corp,deltasoft,,,,sec_header
0002020987,YHN ACQUISITION I LTD -REDH,yhn acquisition i ltd redh,,45326,9995.0,crosswalk
0002022416,SILEXION THERAPEUTICS CORP,silexion therapeutics,,37967,2836.0,crosswalk
0002022503,BANK5 2024-5YR7,bank5 20245yr7,,,,sec_header
0002022626,UPSTREAM BIO INC,upstream bio,,50681,2836.0,crosswalk
0002022685,BBCMS Mortgage Trust 2024-5C27,bbcms mortgage trust 20245c27,,,,sec_header
0002023106,BANK 2024-BNK47,bank 2024bnk47,,,,sec_header
0002023554,SANDISK CORP,sandisk,,51008,3572.0,crosswalk
0002023658,BICARA THERAPEUTICS INC,bicara therapeutics,,50516,2836.0,crosswalk
0002023730,GIGCAPITAL7 CORP -REDH,gigcapital7 corp redh,,45442,9995.0,crosswalk
0002024203,CAYSON ACQUISITIN CORP -REDH,cayson acquisitin corp redh,,50284,9995.0,crosswalk
0002024274,Benchmark 2024-V8 Mortgage Trust,benchmark 2024v8 mortgage trust,,,,sec_header
0002024306,JFB CONSTRUCTION HOLDINGS,jfb construction,,45802,1540.0,crosswalk
0002024812,BMO 2024-C9 Mortgage Trust,bmo 2024c9 mortgage trust,,,,sec_header
0002025341,ANDRETTI ACQSTN CRP II -REDH,andretti acqstn crp ii redh,,50280,9995.0,crosswalk
0002025410,STANDARDAERO INC,standardaero,,50617,4581.0,crosswalk
0002025878,TriUnity Business Services Ltd,triunity business services,,,,sec_header
0002026353,AETHER HOLDINGS INC,aether,,51121,7370.0,crosswalk
0002027317,CURBLINE PROPERTIES CORP,curbline properties,,50721,6798.0,crosswalk
0002028293,RAIN ENHANCEMENT TECHNOL INC,rain enhancement technol,,38444,3590.0,crosswalk
0002028336,NEW ERA ENERGY & DIGITAL INC,new era energy digital,,40235,1311.0,crosswalk
0002028355,INFLECTION ACQN CORP V -REDH,inflection acqn corp v redh,,45684,9995.0,crosswalk
0002028516,ARCHIMEDES T S A II CO -REDH,archimedes t s a ii co redh,,45547,9995.0,crosswalk
0002028614,DRUGS MD IN AMRC AC CR -REDH,drugs md in amrc ac cr redh,,50433,9995.0,crosswalk
0002028686,SL Investment Fund II LLC,sl investment fund ii,,,,sec_header
0002028699,DYNAMIX CORP -REDH,dynamix corp redh,,50797,9995.0,crosswalk
0002028707,MERLIN INC -REDH,merlin inc redh,,50343,3728.0,crosswalk
0002029023,GSR III Acquisition Corp.,gsr iii acquisition,,,,sec_header
0002029118,INFINITY NATURAL RSOURCS INC,infinity natural rsourcs,,50770,1311.0,crosswalk
0002029492,MOUNTAIN LAKE ACQ CORP -REDH,mountain lake acq corp redh,,50733,9995.0,crosswalk
0002029769,OAKTREE ACQUISITI CORP -REDH,oaktree acquisiti corp redh,,50769,8000.0,crosswalk
0002030476,Benchmark 2024-V9 Mortgage Trust,benchmark 2024v9 mortgage trust,,,,sec_header
0002030482,PLUM ACQUISITN CORP IV -REDH,plum acquisitn corp iv redh,,50420,9995.0,crosswalk
0002030522,MARWYNN HOLDINGS INC,marwynn,,45757,5211.0,crosswalk
0002030763,WELLGISTICS HEALTH INC,wellgistics health,,50437,5122.0,crosswalk
0002030772,Blackstone Infrastructure Strategies L.P.,blackstone infrastructure strategies lp,,,,sec_header
0002030781,SAILPOINT INC,sailpoint,,45768,7372.0,crosswalk
0002030829,PANTAGES CAPL ACQ CORP -REDH,pantages capl acq corp redh,,50401,9995.0,crosswalk
0002030954,TEN HOLDINGS INC,ten,,45655,7389.0,crosswalk
0002031283,Stone Point Credit Income Fund,stone point credit income fund,,,,sec_header
0002031750,Ares Core Infrastructure Fund,ares core infrastructure fund,,,,sec_header
0002032019,EQT Infrastructure Co LLC,eqt infrastructure,,,,sec_header
0002032020,EQT Private Equity Co LLC,eqt private equity,,,,sec_header
0002032528,Roman DBDR Acquisition Corp. II,roman dbdr acquisition corp ii,,,,sec_header
0002032545,CALLAN JMB INC,callan jmb,,45686,4700.0,crosswalk
0002032772,BANK5 2024-5YR9,bank5 20245yr9,,,,sec_header
0002032950,HORIZON SP ACQ II CORP -REDH,horizon sp acq ii corp redh,,50882,9995.0,crosswalk
0002032966,TIC SOLUTIONS INC,tic solutions,,356859,8734.0,crosswalk
0002033264,Vertical Data Inc.,vertical data,,,,sec_header
0002033695,New Mountain Net Lease Trust,new mountain net lease trust,,,,sec_header
0002034418,Benchmark 2024-V10 Mortgage Trust,benchmark 2024v10 mortgage trust,,,,sec_header
0002034721,BBCMS Mortgage Trust 2024-5C29,bbcms mortgage trust 20245c29,,,,sec_header
0002037804,New Mountain Private Credit Fund,new mountain private credit fund,,,,sec_header
0002038118,"FirstEnergy Transmission, LLC",firstenergy transmission,,,,sec_header
0002038432,BMO 2024-C10 Mortgage Trust,bmo 2024c10 mortgage trust,,,,sec_header
0002038439,VISIONWAVE HOLDINGS INC,visionwave,,39268,3728.0,crosswalk
0002039058,JACKSON ACQUISTN CO II -REDH,jackson acquistn co ii redh,,50732,9995.0,crosswalk
0002039612,BBCMS Mortgage Trust 2024-C30,bbcms mortgage trust 2024c30,,,,sec_header
0002039768,Wells Fargo Commercial Mortgage Trust 2024-5C2,wells fargo commercial mortgage trust 20245c2,,,,sec_header
0002040127,KARMAN HOLDINGS INC,karman,,45783,3760.0,crosswalk
0002040807,METSERA INC,metsera,,45722,2836.0,crosswalk
0002042694,PRIMO BRANDS CORP,primo brands,,20338,2086.0,crosswalk
0002044009,ARMADA ACQUISI CORP II -REDH,armada acquisi corp ii redh,,51721,9995.0,crosswalk
0002044180,BBCMS Mortgage Trust 2024-5C31,bbcms mortgage trust 20245c31,,,,sec_header
0002044491,BANK5 2024-5YR12,bank5 20245yr12,,,,sec_header
0002044614,BMO 2024-5C8 Mortgage Trust,bmo 20245c8 mortgage trust,,,,sec_header
0002044630,Benchmark 2024-V12 Mortgage Trust,benchmark 2024v12 mortgage trust,,,,sec_header
0002047497,RITHM ACQUISITION CORP -REDH,rithm acquisition corp redh,,50948,9995.0,crosswalk
0002050338,Collab Z Inc.,collab z,,,,sec_header
0002052959,LIONSGATE STUDIOS CORP,lionsgate studios,,28378,7812.0,crosswalk
0002057381,Readvantage Corp.,readvantage,,,,sec_header
