cik,name,alias,alias_clean,alias_source
0000001750,AAR CORP,ALLEN AIRCRAFT RADIO INC,allen aircraft radio,input_alias
0000001961,WORLDS INC,WORLDS COM INC,worlds com,input_alias
0000001961,WORLDS INC,"Worlds.com, Inc.",worldscom,input_alias
0000002098,ACME UNITED CORP,ACME SHEAR CO,acme shear,input_alias
0000002186,BK Technologies Corp,ADAGE INC,adage,input_alias
0000002186,BK Technologies Corp,RELM WIRELESS CORP,relm wireless,input_alias
0000002969,"Air Products & Chemicals, Inc.",AIR PRODUCTS & CHEMICALS INC /DE/,air products chemicals inc de,input_alias
0000003146,SPIRE ALABAMA INC,ALABAMA GAS CORP,alabama gas,input_alias
0000003197,CECO ENVIRONMENTAL CORP,ALARM PRODUCTS INTERNATIONAL INC,alarm products international,input_alias
0000003197,CECO ENVIRONMENTAL CORP,API ENTERPRISES INC,api enterprises,input_alias
0000003453,"Matson, Inc.",ALEXANDER & BALDWIN INC,alexander baldwin,input_alias
0000003545,"ALICO, INC.",ALICO LAND DEVELOPMENT CO,alico land development,input_alias
0000003570,"Cheniere Energy, Inc.",ALL AMERICAN GROUP OF DELAWARE INC,all american group of delaware,input_alias
0000003570,"Cheniere Energy, Inc.",BEXY COMMUNICATIONS INC,bexy communications,input_alias
0000004127,"SKYWORKS SOLUTIONS, INC.",ALPHA INDUSTRIES INC,alpha industries,input_alias
0000004281,Howmet Aerospace Inc.,ALCOA INC,alcoa,input_alias
0000004281,Howmet Aerospace Inc.,ALCOA INC.,alcoa,input_alias
0000004281,Howmet Aerospace Inc.,Arconic Inc.,arconic,input_alias
0000004447,HESS CORP,AMERADA HESS CORP,amerada hess,input_alias
0000004447,HESS CORP,AMERADA PETROLEUM CORP,amerada petroleum,input_alias
0000004457,U-Haul Holding Co /NV/,AMERCO,amerco,input_alias
0000004457,U-Haul Holding Co /NV/,AMERCO /NV/,amerco nv,input_alias
0000004515,"AMERICAN AIRLINES, INC.",AMERICAN AIRWAYS INC,american airways,input_alias
0000004904,AMERICAN ELECTRIC POWER CO INC,KINGSPORT UTILITIES INC,kingsport utilities,input_alias
0000004977,AFLAC INC,AMERICAN FAMILY CORP,american family,input_alias
0000005272,"AMERICAN INTERNATIONAL GROUP, INC.",AMERICAN INTERNATIONAL ENTERPRISES INC,american international enterprises,input_alias
0000005272,"AMERICAN INTERNATIONAL GROUP, INC.",AMERICAN INTERNATIONAL GROUP INC,american international,input_alias
0000005513,Unum Group,PROVIDENT COMPANIES INC /DE/,provident companies inc de,input_alias
0000005513,Unum Group,PROVIDENT LIFE & ACCIDENT INSURANCE CO OF AMERICA,provident life accident insurance co of america,input_alias
0000005513,Unum Group,UNUMPROVIDENT CORP,unumprovident,input_alias
0000005981,AMERICAN VANGUARD CORP,AEROCON INC,aerocon,input_alias
0000006176,AMPCO PITTSBURGH CORP,SCREW & BOLT CORP OF AMERICA,screw bolt corp of america,input_alias
0000006201,American Airlines Group Inc.,AMR CORP,amr,input_alias
0000006207,AMREP CORP.,AMERICAN REALTY & PETROLEUM CORP,american realty petroleum,input_alias
0000006845,"APOGEE ENTERPRISES, INC.",HARMON GLASS CO INC,harmon glass,input_alias
0000006951,APPLIED MATERIALS INC /DE,APPLIED MATERIALS TECHNOLOGY INC,applied materials technology,input_alias
0000006955,ENERPAC TOOL GROUP CORP,ACTUANT CORP,actuant,input_alias
0000006955,ENERPAC TOOL GROUP CORP,APPLIED POWER INC,applied power,input_alias
0000006955,ENERPAC TOOL GROUP CORP,APPLIED POWER INDUSTRIES INC,applied power industries,input_alias
0000007084,Archer-Daniels-Midland Co,ARCHER DANIELS MIDLAND CO,archer daniels midland,input_alias
0000007323,"ENTERGY ARKANSAS, LLC",ARKANSAS POWER & LIGHT CO,arkansas power light,input_alias
0000007431,ARMSTRONG WORLD INDUSTRIES INC,ARMSTRONG CORK CO,armstrong cork,input_alias
0000007789,ASSOCIATED BANC-CORP,ASSOCIATED BANK SERVICES INC,associated bank services,input_alias
0000008063,ASTRONICS CORP,ASTRONICS LUMINESCENT INC,astronics luminescent,input_alias
0000008146,"AstroNova, Inc.",ASTRO MED INC /NEW/,astro med inc new,input_alias
0000008146,"AstroNova, Inc.",ATLAN TOL INDUSTRIES INC,atlan tol industries,input_alias
0000008504,AgEagle Aerial Systems Inc.,AURORA CORP,aurora,input_alias
0000008504,AgEagle Aerial Systems Inc.,"EnerJex Resources, Inc.",enerjex resources,input_alias
0000008504,AgEagle Aerial Systems Inc.,MILLENNIUM PLASTICS CORP,millennium plastics,input_alias
0000008818,Avery Dennison Corp,AVERY INTERNATIONAL CORP,avery international,input_alias
0000008818,Avery Dennison Corp,AVERY PRODUCTS CORP,avery products,input_alias
0000008947,AZZ INC,AZTEC MANUFACTURING CO,aztec manufacturing,input_alias
0000009092,BADGER METER INC,BADGER METER MANUFACTURING CO,badger meter manufacturing,input_alias
0000009389,BALL Corp,BALL BROTHERS CO,ball brothers,input_alias
0000010048,BARNWELL INDUSTRIES INC,BARNWELL OFFSHORE INC,barnwell offshore,input_alias
0000010048,BARNWELL INDUSTRIES INC,BMA CORP/TN,bma corptn,input_alias
0000010456,BAXTER INTERNATIONAL INC,BAXTER LABORATORIES INC,baxter laboratories,input_alias
0000010456,BAXTER INTERNATIONAL INC,BAXTER TRAVENOL LABORATORIES INC,baxter travenol laboratories,input_alias
0000012040,FLANIGANS ENTERPRISES INC,BIG DADDYS LOUNGES INC,big daddys lounges,input_alias
0000012040,FLANIGANS ENTERPRISES INC,CASTLEWOOD INTERNATIONAL CORP,castlewood international,input_alias
0000012040,FLANIGANS ENTERPRISES INC,MOSAM CORP,mosam,input_alias
0000012208,"BIO-RAD LABORATORIES, INC.",BIO RAD LABORATORIES INC,bio rad laboratories,input_alias
0000012239,Dominari Holdings Inc.,AIkido Pharma Inc.,aikido pharma,input_alias
0000012239,Dominari Holdings Inc.,Aikido Pharma Inc.,aikido pharma,input_alias
0000012239,Dominari Holdings Inc.,SPHERIX INC,spherix,input_alias
0000012927,BOEING CO,BOEING AIRPLANE CO,boeing airplane,input_alias
0000013156,"Galaxy Gaming, Inc.",BOOK CORP OF AMERICA,book corp of america,input_alias
0000013156,"Galaxy Gaming, Inc.",SECURED DIVERSIFIED INVESTMENT LTD,secured diversified investment,input_alias
0000013372,NSTAR ELECTRIC CO,BOSTON EDISON CO,boston edison,input_alias
0000014177,BRIDGFORD FOODS CORP,BRIDGFORD PACKING CO,bridgford packing,input_alias
0000014272,BRISTOL MYERS SQUIBB CO,BRISTOL MYERS CO,bristol myers,input_alias
0000014693,BROWN FORMAN CORP,BROWN FORMAN DISTILLERS CORP,brown forman distillers,input_alias
0000014693,BROWN FORMAN CORP,BROWN FORMAN DISTILLERY CO,brown forman distillery,input_alias
0000014707,CALERES INC,BROWN GROUP INC,brown,input_alias
0000014707,CALERES INC,BROWN SHOE CO INC,brown shoe,input_alias
0000014707,CALERES INC,BROWN SHOE CO INC/,brown shoe co inc,input_alias
0000014846,BRT Apartments Corp.,BRT REALTY TRUST,brt realty trust,input_alias
0000014846,BRT Apartments Corp.,BRT Realty Trust,brt realty trust,input_alias
0000014846,BRT Apartments Corp.,Gould Investors LP,gould investors lp,input_alias
0000014930,BRUNSWICK CORP,BRUNSWICK BALKE COLLENDER CO,brunswick balke collender,input_alias
0000015357,CHASE GENERAL CORP,CHASE CANDY CO,chase candy,input_alias
0000015615,MASTEC INC,BURNUP & SIMS INC,burnup sims,input_alias
0000015847,BUTLER NATIONAL CORP,NATIONAL CONNECTOR CORP,national connector,input_alias
0000016040,CABOT CORP,CABOT GODFREY L INC,cabot godfrey l,input_alias
0000016058,CACI INTERNATIONAL INC /DE/,CACI INC /DE/,caci inc de,input_alias
0000016058,CACI INTERNATIONAL INC /DE/,CALIFORNIA ANALYSIS CENTER INC,california analysis center,input_alias
0000016058,CACI INTERNATIONAL INC /DE/,CONSOLIDATED ANALYSIS CENTERS INC,consolidated analysis centers,input_alias
0000016160,CAL-MAINE FOODS INC,CAL MAINE FOODS INC,cal maine foods,input_alias
0000016160,CAL-MAINE FOODS INC,CHICKEN CHEF SYSTEMS INC,chicken chef systems,input_alias
0000016732,CAMPBELL'S Co,CAMPBELL SOUP CO,campbell soup,input_alias
0000016875,CANADIAN PACIFIC KANSAS CITY LTD/CN,CANADIAN PACIFIC LTD,canadian pacific,input_alias
0000016875,CANADIAN PACIFIC KANSAS CITY LTD/CN,CANADIAN PACIFIC RAILWAY CO,canadian pacific railway,input_alias
0000016875,CANADIAN PACIFIC KANSAS CITY LTD/CN,CANADIAN PACIFIC RAILWAY LTD/CN,canadian pacific railway ltdcn,input_alias
0000016918,"CONSTELLATION BRANDS, INC.",CANANDAIGUA BRANDS INC,canandaigua brands,input_alias
0000016918,"CONSTELLATION BRANDS, INC.",CANANDAIGUA WINE CO INC,canandaigua wine,input_alias
0000017797,"DUKE ENERGY PROGRESS, LLC.",CAROLINA POWER & LIGHT CO,carolina power light,input_alias
0000017797,"DUKE ENERGY PROGRESS, LLC.","DUKE ENERGY PROGRESS, INC.",duke energy progress,input_alias
0000018230,CATERPILLAR INC,CATERPILLAR TRACTOR CO,caterpillar tractor,input_alias
0000018255,CATO CORP,CATO STORES INC,cato stores,input_alias
0000018349,SYNOVUS FINANCIAL CORP,CB&T BANCSHARES INC,cbt bancshares,input_alias
0000018654,Ameren Illinois Co,CENTRAL ILLINOIS PUBLIC SERVICE CO,central illinois public service,input_alias
0000018672,CLECO POWER LLC,CENTRAL LOUISIANA ELECTRIC CO INC,central louisiana electric,input_alias
0000018672,CLECO POWER LLC,CLECO UTILITY GROUP INC,cleco utility,input_alias
0000018926,"Lumen Technologies, Inc.",CENTURY TELEPHONE ENTERPRISES INC,century telephone enterprises,input_alias
0000018926,"Lumen Technologies, Inc.","CENTURYLINK, INC",centurylink,input_alias
0000018926,"Lumen Technologies, Inc.",CENTURYTEL INC,centurytel,input_alias
0000019584,CHEMED CORP,ROTO-ROOTER INC,rotorooter,input_alias
0000019617,JPMORGAN CHASE & CO,CHASE MANHATTAN CORP /DE/,chase manhattan corp de,input_alias
0000019617,JPMORGAN CHASE & CO,CHEMICAL BANKING CORP,chemical banking,input_alias
0000019617,JPMORGAN CHASE & CO,J P MORGAN CHASE & CO,j p morgan chase,input_alias
0000020290,"Duke Energy Ohio, Inc.",CINCINNATI GAS & ELECTRIC CO,cincinnati gas electric,input_alias
0000020520,"Frontier Communications Parent, Inc.",CITIZENS COMMUNICATIONS CO,citizens communications,input_alias
0000020520,"Frontier Communications Parent, Inc.",CITIZENS UTILITIES CO,citizens utilities,input_alias
0000020520,"Frontier Communications Parent, Inc.",FRONTIER COMMUNICATIONS CORP,frontier communications,input_alias
0000020639,AmBase Corp,CITYHOME CORP,cityhome,input_alias
0000020639,AmBase Corp,HOME GROUP INC,home,input_alias
0000021535,COHU INC,COHU ELECTRONICS INC,cohu electronics,input_alias
0000022701,"SUNation Energy, Inc.",COMMUNICATIONS SYSTEMS INC,communications systems,input_alias
0000022701,"SUNation Energy, Inc.",Pineapple Energy Inc.,pineapple energy,input_alias
0000022701,"SUNation Energy, Inc.","Pineapple Holdings, Inc.",pineapple holdings,input_alias
0000022767,TEXAS NEW MEXICO POWER CO,COMMUNITY PUBLIC SERVICE CO,community public service,input_alias
0000023194,COMSTOCK RESOURCES INC,COMSTOCK TUNNEL & DRAINAGE CO,comstock tunnel drainage,input_alias
0000023197,COMTECH TELECOMMUNICATIONS CORP /DE/,COMTECH INC,comtech,input_alias
0000023197,COMTECH TELECOMMUNICATIONS CORP /DE/,COMTECH LABORATORIES INC,comtech laboratories,input_alias
0000023197,COMTECH TELECOMMUNICATIONS CORP /DE/,COMTECH TELECOMMUNICATIONS CORP,comtech telecommunications,input_alias
0000023217,CONAGRA BRANDS INC.,CONAGRA FOODS INC /DE/,conagra foods inc de,input_alias
0000023217,CONAGRA BRANDS INC.,CONAGRA INC /DE/,conagra inc de,input_alias
0000023217,CONAGRA BRANDS INC.,NEBRASKA CONSOLIDATED MILLS CO,nebraska consolidated mills,input_alias
0000023795,"CTO Realty Growth, Inc.",CONSOLIDATED TOMOKA LAND CO,consolidated tomoka land,input_alias
0000024090,"CITIZENS, INC.",CONTINENTAL INVESTORS LIFE INC,continental investors life,input_alias
0000024545,MOLSON COORS BEVERAGE CO,COORS ADOLPH CO,coors adolph,input_alias
0000024545,MOLSON COORS BEVERAGE CO,MOLSON COORS BREWING CO,molson coors brewing,input_alias
0000024741,CORNING INC /NY,CORNING GLASS WORKS,corning glass works,input_alias
0000025445,"Crane NXT, Co.",CRANE CO /DE/,crane co de,input_alias
0000025445,"Crane NXT, Co.","Crane Holdings, Co.",crane holdings,input_alias
0000025598,ONEMAIN FINANCE CORP,AMERICAN GENERAL FINANCE CORP,american general finance,input_alias
0000025598,ONEMAIN FINANCE CORP,CREDITHRIFT FINANCIAL CORP,credithrift financial,input_alias
0000025598,ONEMAIN FINANCE CORP,SPRINGLEAF FINANCE CORP,springleaf finance,input_alias
0000025743,"TherapeuticsMD, Inc.","AMHN, Inc.",amhn,input_alias
0000025743,"TherapeuticsMD, Inc.",CROFF ENTERPRISES INC,croff enterprises,input_alias
0000025743,"TherapeuticsMD, Inc.",CROFF OIL CO,croff oil,input_alias
0000026172,CUMMINS INC,CUMMINS ENGINE CO INC,cummins engine,input_alias
0000027093,U.S. GOLD CORP.,DATARAM CORP,dataram,input_alias
0000027419,TARGET CORP,DAYTON CORP,dayton,input_alias
0000027419,TARGET CORP,DAYTON HUDSON CORP,dayton hudson,input_alias
0000027673,DEERE JOHN CAPITAL CORP,DEERE JOHN CREDIT CO,deere john credit,input_alias
0000027904,"DELTA AIR LINES, INC.",DELTA AIR CORP,delta air,input_alias
0000027904,"DELTA AIR LINES, INC.",DELTA AIR LINES INC /DE/,delta air lines inc de,input_alias
0000027996,DELUXE CORP,DELUXE CHECK PRINTERS INC,deluxe check printers,input_alias
0000028385,DTE Electric Co,DETROIT EDISON CO,detroit edison,input_alias
0000028412,COMERICA INC /NEW/,DETROITBANK CORP,detroitbank,input_alias
0000028823,"DIEBOLD NIXDORF, Inc",DIEBOLD INC,diebold,input_alias
0000028917,"DILLARD'S, INC.",DILLARD DEPARTMENT STORES INC,dillard department stores,input_alias
0000029332,DIXIE GROUP INC,DIXIE MERCERIZING CO,dixie mercerizing,input_alias
0000029332,DIXIE GROUP INC,DIXIE YARNS INC,dixie yarns,input_alias
0000029534,DOLLAR GENERAL CORP,TURNER CAL,turner cal,input_alias
0000029534,DOLLAR GENERAL CORP,TURNER J L & SON INC,turner j l son,input_alias
0000029989,OMNICOM GROUP INC.,DOYLE DANE BERNBACH GROUP INC,doyle dane bernbach,input_alias
0000029989,OMNICOM GROUP INC.,DOYLE DANE BERNBACH INTERNATIONAL INC,doyle dane bernbach international,input_alias
0000030371,"Duke Energy Carolinas, LLC",DUKE ENERGY CORP,duke energy,input_alias
0000030371,"Duke Energy Carolinas, LLC",DUKE POWER CO /NC/,duke power co nc,input_alias
0000030371,"Duke Energy Carolinas, LLC",Duke Power CO LLC,duke power,input_alias
0000030554,"EIDP, Inc.",DUPONT E I DE NEMOURS & CO,dupont e i de nemours,input_alias
0000030625,FLOWSERVE CORP,DURCO INTERNATIONAL INC,durco international,input_alias
0000030625,FLOWSERVE CORP,DURIRON CO INC,duriron,input_alias
0000030625,FLOWSERVE CORP,THE DURIRON CO INC,the duriron,input_alias
0000030697,Wendy's Co,DWG CORP,dwg,input_alias
0000030697,Wendy's Co,TRIARC COMPANIES INC,triarc companies,input_alias
0000030697,Wendy's Co,"WENDY'S/ARBY'S GROUP, INC.",wendysarbys group,input_alias
0000031462,ECOLAB INC.,ECONOMICS LABORATORY INC,economics laboratory,input_alias
0000031667,EDUCATIONAL DEVELOPMENT CORP,INTERNATIONAL TEACHING TAPES INC,international teaching tapes,input_alias
0000031667,EDUCATIONAL DEVELOPMENT CORP,TUTOR TAPES INTERNATIONAL CORP,tutor tapes international,input_alias
0000031791,"REVVITY, INC.",EDGERTON GERMESHAUSEN & GRIER INC,edgerton germeshausen grier,input_alias
0000031791,"REVVITY, INC.",EG&G INC,egg,input_alias
0000031791,"REVVITY, INC.",PERKINELMER INC,perkinelmer,input_alias
0000032604,EMERSON ELECTRIC CO,EMERSON ELECTRIC MANUFACTUING CO,emerson electric manufactuing,input_alias
0000032621,EMERSON RADIO CORP,MAJOR ELECTRONICS CORP,major electronics,input_alias
0000033002,"ENNIS, INC.",ENNIS BUSINESS FORMS INC,ennis business forms,input_alias
0000033002,"ENNIS, INC.",ENNIS TAG & SALESBOOK CO,ennis tag salesbook,input_alias
0000033185,EQUIFAX INC,RETAIL CREDIT CO,retail credit,input_alias
0000033213,EQT Corp,EQT Corp /PA/,eqt corp pa,input_alias
0000033213,EQT Corp,EQUITABLE GAS CO,equitable gas,input_alias
0000033213,EQT Corp,EQUITABLE RESOURCES INC /PA/,equitable resources inc pa,input_alias
0000033488,ESCALADE INC,MARTIN YALE BUSINESS MACHINES CORP,martin yale business machines,input_alias
0000033488,ESCALADE INC,MARTIN YALE INDUSTRIES INC,martin yale industries,input_alias
0000033488,ESCALADE INC,WILLIAMS MANUFACTURING CO,williams manufacturing,input_alias
0000033533,ESPEY MFG & ELECTRONICS CORP,ESPEY MANUFACTURING & ELECTRONICS CORP,espey manufacturing electronics,input_alias
0000033992,"KINGSTONE COMPANIES, INC.",DCAP GROUP INC,dcap,input_alias
0000033992,"KINGSTONE COMPANIES, INC.",DCAP GROUP INC/,dcap group inc,input_alias
0000033992,"KINGSTONE COMPANIES, INC.",EXTECH CORP,extech,input_alias
0000034067,DMC Global Inc.,DYNAMIC MATERIALS CORP,dynamic materials,input_alias
0000034067,DMC Global Inc.,EXPLOSIVE FABRICATORS INC,explosive fabricators,input_alias
0000034088,EXXON MOBIL CORP,EXXON CORP,exxon,input_alias
0000034088,EXXON MOBIL CORP,STANDARD OIL CO OF NEW JERSEY,standard oil co of new jersey,input_alias
0000034285,RELIABILITY INC,FAIRLANE INDUSTRIES INC,fairlane industries,input_alias
0000034782,1ST SOURCE CORP,FBT BANCORP INC,fbt bancorp,input_alias
0000034956,"TENAX THERAPEUTICS, INC.","OXYGEN BIOTHERAPEUTICS, INC.",oxygen biotherapeutics,input_alias
0000034956,"TENAX THERAPEUTICS, INC.",SINEQUANON CORP,sinequanon,input_alias
0000034956,"TENAX THERAPEUTICS, INC.",SYNTHETIC BLOOD INTERNATIONAL INC,synthetic blood international,input_alias
0000036104,US BANCORP \DE\,FIRST BANK STOCK CORP,first bank stock,input_alias
0000036104,US BANCORP \DE\,FIRST BANK SYSTEM INC,first bank system,input_alias
0000036146,TRUSTMARK CORP,FIRST CAPITAL CORP,first capital,input_alias
0000036270,M&T BANK CORP,FIRST EMPIRE STATE CORP,first empire state,input_alias
0000036377,"FIRST HAWAIIAN, INC.",BANCWEST CORP/HI,bancwest corphi,input_alias
0000036966,FIRST HORIZON CORP,FIRST HORIZON NATIONAL CORP,first horizon national,input_alias
0000036966,FIRST HORIZON CORP,FIRST TENNESSEE BANKS INC,first tennessee banks,input_alias
0000036966,FIRST HORIZON CORP,FIRST TENNESSEE NATIONAL CORP,first tennessee national,input_alias
0000037637,"DUKE ENERGY FLORIDA, LLC","DUKE ENERGY FLORIDA, LLC.",duke energy florida llc,input_alias
0000037637,"DUKE ENERGY FLORIDA, LLC",FLORIDA POWER CORP,florida power,input_alias
0000037785,FMC CORP,BEAN SPRAY PUMP CO,bean spray pump,input_alias
0000037785,FMC CORP,FOOD MACHINERY & CHEMICAL CORP,food machinery chemical,input_alias
0000037808,FNB CORP/PA/,CITIZENS BUDGET CO,citizens budget,input_alias
0000037808,FNB CORP/PA/,FNB CORP/FL/,fnb corpfl,input_alias
0000038264,"Forward Industries, Inc.",PROGRESS HEAT SEALING CO INC,progress heat sealing,input_alias
0000038723,1st FRANKLIN FINANCIAL CORP,FIRST FRANKLIN FINANCIAL CORP,first franklin financial,input_alias
0000038723,1st FRANKLIN FINANCIAL CORP,FRANKLIN DISCOUNT CO,franklin discount,input_alias
0000039263,"CULLEN/FROST BANKERS, INC.",CULLEN FROST BANKERS INC,cullen frost bankers,input_alias
0000039263,"CULLEN/FROST BANKERS, INC.",FROST BANK CORP,frost bank,input_alias
0000039899,TEGNA INC,GANNETT CO INC /DE/,gannett co inc de,input_alias
0000039911,GAP INC,GAP STORES INC,gap stores,input_alias
0000040211,GATX CORP,GENERAL AMERICAN TRANSPORTATION CORP,general american transportation,input_alias
0000040545,GENERAL ELECTRIC CO,GE AEROSPACE,ge aerospace,input_alias
0000040570,GEE Group Inc.,GENERAL EMPLOYMENT ENTERPRISES INC,general employment enterprises,input_alias
0000040570,GEE Group Inc.,OSHEA CHARLES M CORP,oshea charles m,input_alias
0000040729,Ally Financial Inc.,GENERAL MOTORS ACCEPTANCE CORP,general motors acceptance,input_alias
0000040729,Ally Financial Inc.,GMAC INC.,gmac,input_alias
0000040729,Ally Financial Inc.,GMAC LLC,gmac,input_alias
0000041719,Magnera Corp,GLATFELTER P H CO,glatfelter p h,input_alias
0000041719,Magnera Corp,Glatfelter Corp,glatfelter,input_alias
0000043196,"GRAY MEDIA, INC",GRAY COMMUNICATIONS CORP,gray communications,input_alias
0000043196,"GRAY MEDIA, INC",GRAY COMMUNICATIONS SYSTEMS INC /GA/,gray communications systems inc ga,input_alias
0000043196,"GRAY MEDIA, INC",GRAY TELEVISION INC,gray television,input_alias
0000043920,"GREIF, INC",GREIF BROTHERS COOPERAGE CORP,greif brothers cooperage,input_alias
0000043920,"GREIF, INC",GREIF BROTHERS CORP,greif brothers,input_alias
0000045012,HALLIBURTON CO,HALLIBURTON OIL WELL CEMENTING CO,halliburton oil well cementing,input_alias
0000045876,ENVIRI Corp,HARSCO CORP,harsco,input_alias
0000045919,HARTE HANKS INC,HARTE HANKS COMMUNICATIONS INC,harte hanks communications,input_alias
0000045919,HARTE HANKS INC,HARTE HANKS NEWSPAPERS INC,harte hanks newspapers,input_alias
0000046080,"HASBRO, INC.",HASBRO BRADLEY INC,hasbro bradley,input_alias
0000046080,"HASBRO, INC.",HASBRO INDUSTRIES INC,hasbro industries,input_alias
0000046129,ALLIENT INC,ALLIED MOTION TECHNOLOGIES INC,allied motion technologies,input_alias
0000046129,ALLIENT INC,HATHAWAY CORP,hathaway,input_alias
0000046129,ALLIENT INC,HATHAWAY INSTRUMENTS INC,hathaway instruments,input_alias
0000046195,BANK OF HAWAII CORP,BANCORP HAWAII INC,bancorp hawaii,input_alias
0000046195,BANK OF HAWAII CORP,HAWAII BANCORPORATION INC,hawaii bancorporation,input_alias
0000046195,BANK OF HAWAII CORP,PACIFIC CENTURY FINANCIAL CORP,pacific century financial,input_alias
0000046250,HAWKINS INC,HAWKINS CHEMICAL INC,hawkins chemical,input_alias
0000046619,HEICO CORP,HEINICKE INSTRUMENTS CO,heinicke instruments,input_alias
0000047111,HERSHEY CO,HERSHEY CHOCOLATE CORP,hershey chocolate,input_alias
0000047111,HERSHEY CO,HERSHEY FOODS CORP,hershey foods,input_alias
0000047217,HP INC,HEWLETT PACKARD CO,hewlett packard,input_alias
0000047307,CRAWFORD UNITED Corp,HICKOK ELECTRICAL INSTRUMENT CO,hickok electrical instrument,input_alias
0000047307,CRAWFORD UNITED Corp,HICKOK INC,hickok,input_alias
0000048287,HNI CORP,HOME O NIZE CO,home o nize,input_alias
0000048287,HNI CORP,HON INDUSTRIES INC,hon industries,input_alias
0000048465,HORMEL FOODS CORP /DE/,HORMEL GEO A & CO,hormel geo a,input_alias
0000048732,CENTERPOINT ENERGY HOUSTON ELECTRIC LLC,HOUSTON INDUSTRIES INC,houston industries,input_alias
0000048732,CENTERPOINT ENERGY HOUSTON ELECTRIC LLC,HOUSTON LIGHTING & POWER CO,houston lighting power,input_alias
0000048732,CENTERPOINT ENERGY HOUSTON ELECTRIC LLC,RELIANT ENERGY INC,reliant energy,input_alias
0000048898,HUBBELL INC,HUBBELL HARVEY INC,hubbell harvey,input_alias
0000049071,HUMANA INC,EXTENDICARE INC,extendicare,input_alias
0000049071,HUMANA INC,HERITAGE HOUSE OF AMERICA INC,heritage house of america,input_alias
0000049196,HUNTINGTON BANCSHARES INC /MD/,HUNTINGTON BANCSHARES INC/MD,huntington bancshares incmd,input_alias
0000049600,EASTGROUP PROPERTIES INC,EASTGROUP PROPERTIES II INC,eastgroup properties ii,input_alias
0000049600,EASTGROUP PROPERTIES INC,ICM REALTY,icm realty,input_alias
0000049754,"Dine Brands Global, Inc.","DineEquity, Inc",dineequity,input_alias
0000049754,"Dine Brands Global, Inc.",IHOP CORP,ihop,input_alias
0000050172,INDIANA MICHIGAN POWER CO,INDIANA MICHIGAN ELECTRIC CO/IN,indiana michigan electric coin,input_alias
0000050292,IEH Corp,INDUSTRIAL ELECTRONIC HARDWARE CORP,industrial electronic hardware,input_alias
0000050292,IEH Corp,INDUSTRIAL HEAT TREATING CO INC,industrial heat treating,input_alias
0000050471,"ReposiTrak, Inc.",AMERINET GROUP COM INC,amerinet group com,input_alias
0000050471,"ReposiTrak, Inc.",FIELDS TECHNOLOGIES INC,fields technologies,input_alias
0000050471,"ReposiTrak, Inc.",PARK CITY GROUP INC,park city,input_alias
0000050725,GRIFFON CORP,INSTRUMENT SYSTEMS CORP /DE/,instrument systems corp de,input_alias
0000051253,INTERNATIONAL FLAVORS & FRAGRANCES INC,VANAMERIGEN HAEBLER INC,vanamerigen haebler,input_alias
0000051434,INTERNATIONAL PAPER CO /NEW/,INTERNATIONAL PAPER & POWER CORP,international paper power,input_alias
0000051644,"INTERPUBLIC GROUP OF COMPANIES, INC.",MCCANN ERICKSON INC,mccann erickson,input_alias
0000052428,AMERIPRISE CERTIFICATE CO,AMERICAN EXPRESS CERTIFICATE CO,american express certificate,input_alias
0000052428,AMERIPRISE CERTIFICATE CO,IDS CERTIFICATE CO /MN/,ids certificate co mn,input_alias
0000052428,AMERIPRISE CERTIFICATE CO,INVESTORS SYNDICATE OF AMERICA INC,investors syndicate of america,input_alias
0000052485,INTERSTATE POWER & LIGHT CO,IES UTILITIES INC,ies utilities,input_alias
0000052485,INTERSTATE POWER & LIGHT CO,IOWA ELECTRIC LIGHT & POWER CO,iowa electric light power,input_alias
0000052827,RAYONIER INC,ITT RAYONIER INC,itt rayonier,input_alias
0000052827,RAYONIER INC,ITT RAYONIER INC /CT/,itt rayonier inc ct,input_alias
0000052988,JACOBS SOLUTIONS INC.,JACOBS ENGINEERING GROUP INC /DE/,jacobs engineering group inc de,input_alias
0000054476,"EVERGY METRO, INC.",KANSAS CITY POWER & LIGHT CO,kansas city power light,input_alias
0000054507,"EVERGY KANSAS CENTRAL, INC.",KANSAS POWER & LIGHT CO,kansas power light,input_alias
0000054507,"EVERGY KANSAS CENTRAL, INC.",WESTAR ENERGY INC /KS,westar energy inc ks,input_alias
0000054507,"EVERGY KANSAS CENTRAL, INC.",WESTERN RESOURCES INC /KS,western resources inc ks,input_alias
0000055067,KELLANOVA,KELLOGG CO,kellogg,input_alias
0000055234,KENILWORTH SYSTEMS CORP,KENILWORTH RESEARCH & DEVELOPMENT CORP,kenilworth research development,input_alias
0000055234,KENILWORTH SYSTEMS CORP,SCHOOL FOR COMPUTER STUDIES INC,school for computer studies,input_alias
0000055529,KEWAUNEE SCIENTIFIC CORP /DE/,KEWAUNEE MANUFACTURING CO,kewaunee manufacturing,input_alias
0000055529,KEWAUNEE SCIENTIFIC CORP /DE/,KEWAUNEE SCIENTIFIC EQUIPMENT CORP /DE/,kewaunee scientific equipment corp de,input_alias
0000056047,KIRBY CORP,KIRBY EXPLORATION CO INC,kirby exploration,input_alias
0000056679,KORN FERRY,KORN FERRY INTERNATIONAL,korn ferry international,input_alias
0000056701,KOSS CORP,KOSS ELECTRONICS INC,koss electronics,input_alias
0000056701,KOSS CORP,REK O KUT CO INC,rek o kut,input_alias
0000056868,PRIMEENERGY RESOURCES CORP,KRM PETROLEUM CORP,krm petroleum,input_alias
0000056868,PRIMEENERGY RESOURCES CORP,PRIMEENERGY CORP,primeenergy,input_alias
0000057131,LA-Z-BOY INC,LA Z BOY CHAIR CO,la z boy chair,input_alias
0000057183,SPIRE MISSOURI INC,LACLEDE GAS CO,laclede gas,input_alias
0000057515,MARZETTI CO,LANCASTER COLONY CORP,lancaster colony,input_alias
0000059255,VALHI INC /DE/,LIBERTY LOAN CORP,liberty loan,input_alias
0000059255,VALHI INC /DE/,LLC CORP,llc,input_alias
0000059478,ELI LILLY & Co,LILLY ELI & CO,lilly eli,input_alias
0000060519,LOUISIANA-PACIFIC CORP,LOUISIANA PACIFIC CORP,louisiana pacific,input_alias
0000061004,LGL GROUP INC,LYNCH CORP,lynch,input_alias
0000062709,"MARSH & MCLENNAN COMPANIES, INC.",MARLENNAN CORP,marlennan,input_alias
0000062996,MASCO CORP /DE/,MASCO SCREW PRODUCTS CO,masco screw products,input_alias
0000063296,MATTHEWS INTERNATIONAL CORP,MATTHEWS JAMES H & CO,matthews james h,input_alias
0000064040,S&P Global Inc.,MCGRAW HILL FINANCIAL INC,mcgraw hill financial,input_alias
0000064040,S&P Global Inc.,MCGRAW HILL INC,mcgraw hill,input_alias
0000064040,S&P Global Inc.,MCGRAW-HILL COMPANIES INC,mcgrawhill companies,input_alias
0000064463,"Soluna Holdings, Inc",MECHANICAL TECHNOLOGY INC,mechanical technology,input_alias
0000064472,GENCOR INDUSTRIES INC,MECHTRON CORP,mechtron,input_alias
0000064472,GENCOR INDUSTRIES INC,MECHTRON GENCO CORP,mechtron genco,input_alias
0000064472,GENCOR INDUSTRIES INC,MECHTRON INTERNATIONAL CORP,mechtron international,input_alias
0000064803,CVS HEALTH Corp,CVS CAREMARK CORP,cvs caremark,input_alias
0000064803,CVS HEALTH Corp,CVS CORP,cvs,input_alias
0000064803,CVS HEALTH Corp,CVS/CAREMARK CORP,cvscaremark,input_alias
0000065312,"EVI INDUSTRIES, INC.",DRYCLEAN USA INC,dryclean usa,input_alias
0000065312,"EVI INDUSTRIES, INC.","EnviroStar, Inc.",envirostar,input_alias
0000065312,"EVI INDUSTRIES, INC.",METRO TEL CORP,metro tel,input_alias
0000065596,SIEBERT FINANCIAL CORP,MICHAELS J INC,michaels j,input_alias
0000065984,ENTERGY CORP /DE/,ENTERGY CORP /FL/,entergy corp fl,input_alias
0000065984,ENTERGY CORP /DE/,ENTERGY GSU HOLDINGS INC /DE/,entergy gsu holdings inc de,input_alias
0000065984,ENTERGY CORP /DE/,MIDDLE SOUTH UTILITIES INC,middle south utilities,input_alias
0000066382,"MILLERKNOLL, INC.",HERMAN MILLER INC,herman miller,input_alias
0000066382,"MILLERKNOLL, INC.",MILLER HERMAN FURNITURE CO,miller herman furniture,input_alias
0000066382,"MILLERKNOLL, INC.",MILLER HERMAN INC,miller herman,input_alias
0000066418,MEXCO ENERGY CORP,MILLER OIL CO,miller oil,input_alias
0000066570,MSA Safety Inc,MINE SAFETY APPLIANCES CO,mine safety appliances,input_alias
0000066740,3M CO,MINNESOTA MINING & MANUFACTURING CO,minnesota mining manufacturing,input_alias
0000066756,ALLETE INC,MINNESOTA POWER & LIGHT CO,minnesota power light,input_alias
0000066756,ALLETE INC,MINNESOTA POWER INC,minnesota power,input_alias
0000066901,"ENTERGY MISSISSIPPI, LLC",MISSISSIPPI POWER & LIGHT CO,mississippi power light,input_alias
0000067215,DYCOM INDUSTRIES INC,MOBILE HOME DYNAMICS INC,mobile home dynamics,input_alias
0000067716,MDU RESOURCES GROUP INC,MONTANA DAKOTA UTILITIES CO,montana dakota utilities,input_alias
0000068505,"Motorola Solutions, Inc.",MOTOROLA DELAWARE INC,motorola delaware,input_alias
0000068505,"Motorola Solutions, Inc.",MOTOROLA INC,motorola,input_alias
0000068622,QWEST CORP,MOUNTAIN STATES TELEPHONE & TELEGRAPH CO,mountain states telephone telegraph,input_alias
0000069422,INTERGROUP CORP,MUTUAL REAL ESTATE INVESTMENT TRUST,mutual real estate investment trust,input_alias
0000069488,MYERS INDUSTRIES INC,MYERS TIRE SUPPLY CO,myers tire supply,input_alias
0000069633,"NAPCO SECURITY TECHNOLOGIES, INC",NAPCO SECURITY SYSTEMS INC,napco security systems,input_alias
0000070318,TENET HEALTHCARE CORP,NATIONAL MEDICAL ENTERPRISES INC /NV/,national medical enterprises inc nv,input_alias
0000070858,BANK OF AMERICA CORP /DE/,BANKAMERICA CORP/DE/,bankamerica corpde,input_alias
0000070858,BANK OF AMERICA CORP /DE/,NATIONSBANK CORP,nationsbank,input_alias
0000070858,BANK OF AMERICA CORP /DE/,NCNB CORP,ncnb,input_alias
0000070866,NCR Voyix Corp,NATIONAL CASH REGISTER CO,national cash register,input_alias
0000070866,NCR Voyix Corp,NCR CORP,ncr,input_alias
0000071180,NEVADA POWER CO,SOUTHERN NEVADA POWER CO,southern nevada power,input_alias
0000071508,"ENTERGY NEW ORLEANS, LLC",NEW ORLEANS PUBLIC SERVICE INC,new orleans public service,input_alias
0000071557,"Nuvera Communications, Inc.",NEW ULM RURAL TELEPHONE CO,new ulm rural telephone,input_alias
0000071557,"Nuvera Communications, Inc.",NEW ULM TELECOM INC,new ulm telecom,input_alias
0000071829,NPK International Inc.,NEW PARK MINING CO,new park mining,input_alias
0000071829,NPK International Inc.,NEWPARK RESOURCES INC,newpark resources,input_alias
0000072162,NL INDUSTRIES INC,NATIONAL LEAD CO,national lead,input_alias
0000072333,NORDSTROM INC,NORDSTROM BEST INC,nordstrom best,input_alias
0000072444,"Vaxart, Inc.","Aviragen Therapeutics, Inc.",aviragen therapeutics,input_alias
0000072444,"Vaxart, Inc.","Biota Pharmaceuticals, Inc.",biota pharmaceuticals,input_alias
0000072444,"Vaxart, Inc.",NABI BIOPHARMACEUTICALS,nabi biopharmaceuticals,input_alias
0000072573,MOVADO GROUP INC,NORTH AMERICAN WATCH CORP,north american watch,input_alias
0000072741,EVERSOURCE ENERGY,NORTHEAST UTILITIES,northeast utilities,input_alias
0000072741,EVERSOURCE ENERGY,NORTHEAST UTILITIES SYSTEM,northeast utilities system,input_alias
0000072903,XCEL ENERGY INC,NORTHERN STATES POWER CO /MN/,northern states power co mn,input_alias
0000072971,WELLS FARGO & COMPANY/MN,NORTHWEST BANCORPORATION,northwest bancorporation,input_alias
0000072971,WELLS FARGO & COMPANY/MN,NORWEST CORP,norwest,input_alias
0000072971,WELLS FARGO & COMPANY/MN,WELLS FARGO & CO/MN,wells fargo comn,input_alias
0000073124,NORTHERN TRUST CORP,NORTRUST CORP,nortrust,input_alias
0000073290,BIOMERICA INC,NMS PHARMACEUTICALS INC,nms pharmaceuticals,input_alias
0000073290,BIOMERICA INC,NUCLEAR INSTRUMENTS INC,nuclear instruments,input_alias
0000073290,BIOMERICA INC,NUCLEAR MEDICAL SYSTEMS INC,nuclear medical systems,input_alias
0000073309,NUCOR CORP,AZTEC MECHANICAL CONTRACTORS INC,aztec mechanical contractors,input_alias
0000073309,NUCOR CORP,NUCLEAR CORP OF AMERICA INC,nuclear corp of america,input_alias
0000074046,Oil-Dri Corp of America,OIL DRI CORP OF AMERICA,oil dri corp of america,input_alias
0000074208,"UDR, Inc.",OLD DOMINION REAL ESTATE INVESTMENT TRUST,old dominion real estate investment trust,input_alias
0000074208,"UDR, Inc.",OLD DOMINION REIT ONE,old dominion reit one,input_alias
0000074208,"UDR, Inc.",UNITED DOMINION REALTY TRUST INC,united dominion realty trust,input_alias
0000074303,OLIN Corp,OLIN MATHIESON CHEMICAL CORP,olin mathieson chemical,input_alias
0000075252,OWENS & MINOR INC/VA/,O&M HOLDING INC,om,input_alias
0000075252,OWENS & MINOR INC/VA/,OWENS & MINOR INC,owens minor,input_alias
0000075252,OWENS & MINOR INC/VA/,OWENS MINOR & BODEKER INC,owens minor bodeker,input_alias
0000075362,PACCAR INC,PACIFIC CAR & FOUNDRY CO,pacific car foundry,input_alias
0000075594,PACIFICORP /OR/,PACIFICORP /ME/,pacificorp me,input_alias
0000075594,PACIFICORP /OR/,PC/UP&L MERGING CORP,pcupl merging,input_alias
0000076267,PARK AEROSPACE CORP,PARK ELECTROCHEMICAL CORP,park electrochemical,input_alias
0000076282,PARK OHIO HOLDINGS CORP,DISCOUNT CENTERS INC,discount centers,input_alias
0000076282,PARK OHIO HOLDINGS CORP,GROWTH INTERNATIONAL INC,growth international,input_alias
0000076282,PARK OHIO HOLDINGS CORP,PARK OHIO INDUSTRIES INC,park ohio industries,input_alias
0000076334,Parker-Hannifin Corp,PARKER APPLIANCE CO,parker appliance,input_alias
0000076334,Parker-Hannifin Corp,PARKER HANNIFIN CORP,parker hannifin,input_alias
0000077360,PENTAIR plc,PENTAIR INDUSTRIES INC,pentair industries,input_alias
0000077476,PEPSICO INC,PEPSI COLA CO,pepsi cola,input_alias
0000077543,TUTOR PERINI CORP,PERINI CORP,perini,input_alias
0000078003,PFIZER INC,PFIZER CHARLES & CO INC,pfizer charles,input_alias
0000078100,PECO ENERGY CO,PHILADELPHIA ELECTRIC CO,philadelphia electric,input_alias
0000078128,"Essential Utilities, Inc.",AQUA AMERICA INC,aqua america,input_alias
0000078128,"Essential Utilities, Inc.",PHILADELPHIA SUBURBAN CORP,philadelphia suburban,input_alias
0000078239,PVH CORP. /DE/,PHILLIPS VAN HEUSEN CORP /DE/,phillips van heusen corp de,input_alias
0000078749,AGILYSYS INC,PIONEER STANDARD ELECTRONICS INC,pioneer standard electronics,input_alias
0000078890,BRINKS CO,PITTSTON CO,pittston,input_alias
0000079282,"BROWN & BROWN, INC.",POE & BROWN INC,poe brown,input_alias
0000079879,PPG INDUSTRIES INC,PITTSBURGH PLATE GLASS CO,pittsburgh plate glass,input_alias
0000080172,NATIONAL PRESTO INDUSTRIES INC,NATIONAL PRESSURE COOKER CO,national pressure cooker,input_alias
0000080420,POWELL INDUSTRIES INC,PROCESS SYSTEMS INC,process systems,input_alias
0000081020,"Duke Energy Indiana, LLC",PSI ENERGY INC,psi energy,input_alias
0000081020,"Duke Energy Indiana, LLC",PUBLIC SERVICE CO OF INDIANA INC,public service co of indiana,input_alias
0000081100,PUGET SOUND ENERGY INC,PUGET SOUND POWER & LIGHT CO /WA/,puget sound power light co wa,input_alias
0000082020,UNITED STATES LIME & MINERALS INC,RANGAIRE CORP,rangaire,input_alias
0000082020,UNITED STATES LIME & MINERALS INC,ROBERTS MANUFACTURING CO INC,roberts manufacturing,input_alias
0000082020,UNITED STATES LIME & MINERALS INC,SCOTTISH HERITABLE INC,scottish heritable,input_alias
0000082473,INNSUITES HOSPITALITY TRUST,REALTY REFUND TRUST,realty refund trust,input_alias
0000082811,REGAL REXNORD CORP,BELOIT TOOL CORP,beloit tool,input_alias
0000082811,REGAL REXNORD CORP,RECORD A PUNCH CORP,record a punch,input_alias
0000082811,REGAL REXNORD CORP,REGAL BELOIT CORP,regal beloit,input_alias
0000083350,RESERVE PETROLEUM CO,FARMERS ROYALTY HOLDING CO,farmers royalty,input_alias
0000084112,"GEORGE RISK INDUSTRIES, INC.",RISK GEORGE INDUSTRIES INC,risk george industries,input_alias
0000085535,ROYAL GOLD INC,ROYAL GOLD INC /DE/,royal gold inc de,input_alias
0000085535,ROYAL GOLD INC,ROYAL RESOURCES CORP,royal resources,input_alias
0000085535,ROYAL GOLD INC,ROYAL RESOURCES EXPLORATION INC,royal resources exploration,input_alias
0000086312,"TRAVELERS COMPANIES, INC.",ST PAUL COMPANIES INC/MN/,st paul companies incmn,input_alias
0000086312,"TRAVELERS COMPANIES, INC.",ST PAUL FIRE & MARINE INSURANCE CO/MD,st paul fire marine insurance comd,input_alias
0000086312,"TRAVELERS COMPANIES, INC.",ST PAUL TRAVELERS COMPANIES INC,st paul travelers companies,input_alias
0000087050,Neonode Inc.,SBE INC,sbe,input_alias
0000087347,SCHLUMBERGER LIMITED/NV,SCHLUMBERGER LTD,schlumberger,input_alias
0000087347,SCHLUMBERGER LIMITED/NV,SCHLUMBERGER LTD /NV/,schlumberger ltd nv,input_alias
0000087347,SCHLUMBERGER LIMITED/NV,SCHLUMBERGER NV,schlumberger nv,input_alias
0000088000,Horizon Kinetics Holding Corp,SCOTTS LIQUID GOLD INC,scotts liquid gold,input_alias
0000088000,Horizon Kinetics Holding Corp,Scott's Liquid Gold - Inc.,scotts liquid gold,input_alias
0000088121,SEABOARD CORP /DE/,HATHAWAY BAKERIES INC,hathaway bakeries,input_alias
0000088121,SEABOARD CORP /DE/,SEABOARD ALLIED MILLING CORP,seaboard allied milling,input_alias
0000088205,"SPX Technologies, Inc.",SEALED POWER CORP,sealed power,input_alias
0000088205,"SPX Technologies, Inc.",SPX CORP,spx,input_alias
0000088948,Seneca Foods Corp,PIERCE S S COMPANY INC,pierce s s,input_alias
0000088948,Seneca Foods Corp,SENECA FOODS CORP /NY/,seneca foods corp ny,input_alias
0000089089,SERVICE CORP INTERNATIONAL,SERVICE CORPORATION INTERNATIONAL,service corporation international,input_alias
0000089439,MUELLER INDUSTRIES INC,SHARON STEEL CORP,sharon steel,input_alias
0000090896,"Champion Homes, Inc.",SKYLINE CORP,skyline,input_alias
0000090896,"Champion Homes, Inc.",Skyline Champion Corp,skyline champion,input_alias
0000091419,J M SMUCKER Co,SMUCKER J M CO,smucker j m,input_alias
0000091440,Snap-on Inc,SNAP ON INC,snap on,input_alias
0000091440,Snap-on Inc,SNAP ON TOOLS CORP,snap on tools,input_alias
0000091576,KEYCORP /NEW/,SOCIETY CORP,society,input_alias
0000091882,"DOMINION ENERGY SOUTH CAROLINA, INC.",SOUTH CAROLINA ELECTRIC & GAS CO,south carolina electric gas,input_alias
0000092116,Golden State Water CO,SOUTHERN CALIFORNIA WATER CO,southern california water,input_alias
0000092230,TRUIST FINANCIAL CORP,BB&T CORP,bbt,input_alias
0000092230,TRUIST FINANCIAL CORP,SOUTHERN NATIONAL CORP /NC/,southern national corp nc,input_alias
0000092380,SOUTHWEST AIRLINES CO,AIR SOUTHWEST CO,air southwest,input_alias
0000093314,VOLITIONRX LTD,STANDARD CAPITAL CORP,standard capital,input_alias
0000093410,CHEVRON CORP,CHEVRONTEXACO CORP,chevrontexaco,input_alias
0000093410,CHEVRON CORP,STANDARD OIL CO OF CALIFORNIA,standard oil co of california,input_alias
0000093556,"STANLEY BLACK & DECKER, INC.",STANLEY WORKS,stanley works,input_alias
0000093751,STATE STREET CORP,STATE STREET BOSTON FINANCIAL CORP,state street boston financial,input_alias
0000094049,STEPAN CO,STEPAN CHEMICAL CO /DE/,stepan chemical co de,input_alias
0000095574,"SUPERIOR GROUP OF COMPANIES, INC.",SUPERIOR SURGICAL MANUFACTURING CO INC,superior surgical manufacturing,input_alias
0000095574,"SUPERIOR GROUP OF COMPANIES, INC.",SUPERIOR UNIFORM GROUP INC,superior uniform,input_alias
0000095953,ASCENT INDUSTRIES CO.,BLACKMAN UHLER INDUSTRIES INC,blackman uhler industries,input_alias
0000095953,ASCENT INDUSTRIES CO.,SYNALLOY CORP,synalloy,input_alias
0000096223,Jefferies Financial Group Inc.,LEUCADIA NATIONAL CORP,leucadia national,input_alias
0000096223,Jefferies Financial Group Inc.,TALCOTT NATIONAL CORP,talcott national,input_alias
0000097134,TENNANT CO,TENNANT G H CO,tennant g h,input_alias
0000097745,THERMO FISHER SCIENTIFIC INC.,THERMO ELECTRON CORP,thermo electron,input_alias
0000098222,TIDEWATER INC,TIDEWATER MARINE SERVICE INC,tidewater marine service,input_alias
0000098362,TIMKEN CO,TIMKEN ROLLER BEARING CO,timken roller bearing,input_alias
0000098677,TOOTSIE ROLL INDUSTRIES INC,SWEETS CO OF AMERICA INC,sweets co of america,input_alias
0000099250,"TRANSCONTINENTAL GAS PIPE LINE COMPANY, LLC",TRANSCONTINENTAL GAS PIPE LINE CORP,transcontinental gas pipe line,input_alias
0000099302,TRANSCAT INC,TRANSMATION INC,transmation,input_alias
0000099780,TRINITY INDUSTRIES INC,TRINITY STEEL CO INC,trinity steel,input_alias
0000100122,TUCSON ELECTRIC POWER CO,TUCSON GAS & ELECTRIC CO /AZ/,tucson gas electric co az,input_alias
0000100378,TWIN DISC INC,TWIN DISC CLUTCH CO,twin disc clutch,input_alias
0000100517,"United Airlines Holdings, Inc.",ALLEGIS CORP,allegis,input_alias
0000100517,"United Airlines Holdings, Inc.",UAL CORP /DE/,ual corp de,input_alias
0000100517,"United Airlines Holdings, Inc.","United Continental Holdings, Inc.",united continental holdings,input_alias
0000100591,ARGAN INC,PUROFLOW INC,puroflow,input_alias
0000100591,ARGAN INC,ULTRA DYNAMICS CORP,ultra dynamics,input_alias
0000100726,UNIFI INC,AUTOMATED ENVIRONMENTAL SYSTEMS INC,automated environmental systems,input_alias
0000100790,UNION CARBIDE CORP /NEW/,UNION CARBIDE & CARBON CORP,union carbide carbon,input_alias
0000100790,UNION CARBIDE CORP /NEW/,UNION CARBIDE CHEMICALS & PLASTICS CO INC,union carbide chemicals plastics,input_alias
0000100790,UNION CARBIDE CORP /NEW/,UNION CARBIDE CORP,union carbide,input_alias
0000101199,UNITED FIRE GROUP INC,UNITED FIRE & CASUALTY CO,united fire casualty,input_alias
0000101199,UNITED FIRE GROUP INC,"UNITED FIRE GROUP, INC.",united fire group,input_alias
0000101295,UNITED GUARDIAN INC,UNITED INTERNATIONAL RESEARCH INC,united international research,input_alias
0000101382,UMB FINANCIAL CORP,MISSOURI BANCSHARES INC,missouri bancshares,input_alias
0000101382,UMB FINANCIAL CORP,UNITED MISSOURI BANCSHARES INC,united missouri bancshares,input_alias
0000101538,UNITED STATES ANTIMONY CORP,AGAU MINES INC,agau mines,input_alias
0000101594,US ENERGY CORP,WESTERN STATES MINING INC,western states mining,input_alias
0000101829,RTX Corp,RAYTHEON TECHNOLOGIES CORP,raytheon technologies,input_alias
0000101829,RTX Corp,UNITED TECHNOLOGIES CORP /DE/,united technologies corp de,input_alias
0000101829,RTX Corp,UNITED TECHNOLOGIES MICROELECTRONICS CENTER,united technologies microelectronics center,input_alias
0000102037,UNIVERSAL CORP /VA/,UNIVERSAL LEAF TOBACCO CO INC,universal leaf tobacco,input_alias
0000102109,"UNIVERSAL SAFETY PRODUCTS, INC.",UNIVERSAL SECURITY INSTRUMENTS INC,universal security instruments,input_alias
0000102212,UNIVEST FINANCIAL Corp,UNIVEST CORP OF PENNSYLVANIA,univest corp of pennsylvania,input_alias
0000102729,VALMONT INDUSTRIES INC,VALLEY MANUFACTURING CO,valley manufacturing,input_alias
0000102752,VSE CORP,VALUE ENGINEERING CO,value engineering,input_alias
0000103145,VEECO INSTRUMENTS INC,VACUUM ELECTRONIC MANUFACTURING CORP,vacuum electronic manufacturing,input_alias
0000103379,V F CORP,VANITY FAIR MILLS INC,vanity fair mills,input_alias
0000103379,V F CORP,VF CORPORATION,vf,input_alias
0000104169,Walmart Inc.,WAL MART STORES INC,wal mart stores,input_alias
0000104889,Graham Holdings Co,WASHINGTON POST CO,washington post,input_alias
0000104894,Elme Communities,WASHINGTON REAL ESTATE INVESTMENT TRUST,washington real estate investment trust,input_alias
0000104918,AVISTA CORP,WASHINGTON WATER POWER CO,washington water power,input_alias
0000105319,"WW INTERNATIONAL, INC.",WEIGHT WATCHERS INTERNATIONAL INC,weight watchers international,input_alias
0000105634,"EMCOR Group, Inc.",EMCOR GROUP INC,emcor,input_alias
0000105634,"EMCOR Group, Inc.",JAMAICA WATER PROPERTIES INC,jamaica water properties,input_alias
0000105634,"EMCOR Group, Inc.",JWP INC/DE/,jwp incde,input_alias
0000105744,"New Concept Energy, Inc.",CabelTel International Corp,cabeltel international,input_alias
0000105744,"New Concept Energy, Inc.",GREENBRIAR CORP,greenbriar,input_alias
0000105744,"New Concept Energy, Inc.",MEDICAL RESOURCE COMPANIES OF AMERICA,medical resource companies of america,input_alias
0000105770,WEST PHARMACEUTICAL SERVICES INC,WEST CO INC,west,input_alias
0000106040,WESTERN DIGITAL CORP,GENERAL DIGITAL CORP,general digital,input_alias
0000106532,WEYCO GROUP INC,WEYENBERG SHOE MANUFACTURING CO,weyenberg shoe manufacturing,input_alias
0000106640,WHIRLPOOL CORP /DE/,WHIRLPOOL SEEGER CORP,whirlpool seeger,input_alias
0000107140,"JOHN WILEY & SONS, INC.",WILEY JOHN & SONS INC,wiley john sons,input_alias
0000107140,"JOHN WILEY & SONS, INC.","WILEY JOHN & SONS, INC.",wiley john sons,input_alias
0000107263,"WILLIAMS COMPANIES, INC.",WILLIAMS BROTHERS COMPANIES,williams brothers companies,input_alias
0000107687,WINNEBAGO INDUSTRIES INC,MODERNISTIC INDUSTRIES INC,modernistic industries,input_alias
0000108312,"Woodward, Inc.",WOODWARD GOVERNOR CO,woodward governor,input_alias
0000108385,WORLD ACCEPTANCE CORP,WORLD FINANCE CORP,world finance,input_alias
0000108516,"WORTHINGTON ENTERPRISES, INC.",WORTHINGTON INDUSTRIES INC,worthington industries,input_alias
0000108516,"WORTHINGTON ENTERPRISES, INC.",WORTHINGTON STEEL CO,worthington steel,input_alias
0000108772,XEROX CORP,HALOID XEROX INC,haloid xerox,input_alias
0000109177,"Spectrum Brands Holdings, Inc.",HARBINGER GROUP INC.,harbinger,input_alias
0000109177,"Spectrum Brands Holdings, Inc.","HRG GROUP, INC.",hrg group,input_alias
0000109177,"Spectrum Brands Holdings, Inc.",ZAPATA CORP,zapata,input_alias
0000109198,TJX COMPANIES INC /DE/,ZAYRE CORP,zayre,input_alias
0000109380,"ZIONS BANCORPORATION, NATIONAL ASSOCIATION /UT/",ZIONS BANCORPORATION /UT/,zions bancorporation ut,input_alias
0000109380,"ZIONS BANCORPORATION, NATIONAL ASSOCIATION /UT/",ZIONS FIRST NATIONAL INVESTMENT CO,zions first national investment,input_alias
0000109380,"ZIONS BANCORPORATION, NATIONAL ASSOCIATION /UT/",ZIONS UTAH BANCORPORATION,zions utah bancorporation,input_alias
0000109563,APPLIED INDUSTRIAL TECHNOLOGIES INC,BEARINGS INC /OH/,bearings inc oh,input_alias
0000109563,APPLIED INDUSTRIAL TECHNOLOGIES INC,BROWN JIM STORES INC,brown jim stores,input_alias
0000109657,"GT Biopharma, Inc.",DDI PHARMACEUTICALS INC,ddi pharmaceuticals,input_alias
0000109657,"GT Biopharma, Inc.",DIAGNOSTIC DATA INC /DE/,diagnostic data inc de,input_alias
0000109657,"GT Biopharma, Inc.",OXIS INTERNATIONAL INC,oxis international,input_alias
0000110019,NORTHWEST PIPELINE LLC,NORTHWEST PIPELINE GP,northwest pipeline gp,input_alias
0000110621,RPM INTERNATIONAL INC/DE/,REPUBLIC POWDERED METALS INC,republic powdered metals,input_alias
0000110621,RPM INTERNATIONAL INC/DE/,RPM INC/OH/,rpm incoh,input_alias
0000110621,RPM INTERNATIONAL INC/DE/,RPM INTERNATIONAL INC/OH/,rpm international incoh,input_alias
0000201533,CONSUMERS ENERGY CO,CONSUMERS POWER CO,consumers power,input_alias
0000202058,"L3HARRIS TECHNOLOGIES, INC. /DE/",HARRIS CORP /DE/,harris corp de,input_alias
0000202058,"L3HARRIS TECHNOLOGIES, INC. /DE/",HARRIS SEYBOLD CO,harris seybold,input_alias
0000202584,"SYSTEM ENERGY RESOURCES, INC",MIDDLE SOUTH ENERGY INC,middle south energy,input_alias
0000202947,CAPITAL PROPERTIES INC /RI/,PROVIDENCE & WORCESTER CO/RI/,providence worcester cori,input_alias
0000215466,"Coeur Mining, Inc.",COEUR D ALENE MINES CORP,coeur d alene mines,input_alias
0000217346,TEXTRON INC,AMERICAN TEXTRON INC,american textron,input_alias
0000230557,SELECTIVE INSURANCE GROUP INC,SRI CORP,sri,input_alias
0000275053,NATURES SUNSHINE PRODUCTS INC,AMTEC INDUSTRIES INC,amtec industries,input_alias
0000275880,PARSONS CORP,PARSON CORP,parson,input_alias
0000277135,"W.W. GRAINGER, INC.",GRAINGER W W INC,grainger w w,input_alias
0000277509,FEDERAL SIGNAL CORP /DE/,FEDERAL SIGN & SIGNAL CORP /DE/,federal sign signal corp de,input_alias
0000278165,OMNIQ Corp.,"AMERIGO ENERGY, INC.",amerigo energy,input_alias
0000278165,OMNIQ Corp.,"Quest Solution, Inc.",quest solution,input_alias
0000278165,OMNIQ Corp.,"STRATEGIC GAMING INVESTMENTS, INC.",strategic gaming investments,input_alias
0000310142,SENSIENT TECHNOLOGIES CORP,UNIVERSAL FOODS CORP,universal foods,input_alias
0000310158,"Merck & Co., Inc.",Merck & Co. Inc.,merck,input_alias
0000310158,"Merck & Co., Inc.",SCHERING PLOUGH CORP,schering plough,input_alias
0000310522,FEDERAL NATIONAL MORTGAGE ASSOCIATION FANNIE MAE,FEDERAL NATIONAL MORTGAGE ASSOCIATION,federal national mortgage association,input_alias
0000311094,WESTAMERICA BANCORPORATION,INDEPENDENT BANKSHARES CORP,independent bankshares,input_alias
0000312257,INNOVATIVE FOOD HOLDINGS INC,ALPHA SOLARCO INC,alpha solarco,input_alias
0000313616,DANAHER CORP /DE/,DMG INC,dmg,input_alias
0000314203,McEwen Mining Inc.,SILVER STATE MINING CORP,silver state mining,input_alias
0000314203,McEwen Mining Inc.,U S GOLD CORP,u s gold,input_alias
0000314203,McEwen Mining Inc.,U S SILVER STATE MINING CORP,u s silver state mining,input_alias
0000314227,"TOMI Environmental Solutions, Inc.",DAUPHIN INC,dauphin,input_alias
0000314227,"TOMI Environmental Solutions, Inc.","Ozone Man, Inc.",ozone man,input_alias
0000314227,"TOMI Environmental Solutions, Inc.",RPS GROUP INC,rps,input_alias
0000314808,Valaris Ltd,Ensco Rowan plc,ensco rowan,input_alias
0000314808,Valaris Ltd,Ensco plc,ensco,input_alias
0000315131,PHX MINERALS INC.,PANHANDLE OIL & GAS INC,panhandle oil gas,input_alias
0000315131,PHX MINERALS INC.,PANHANDLE ROYALTY CO,panhandle royalty,input_alias
0000315213,ROBERT HALF INC.,ROBERT HALF INTERNATIONAL INC.,robert half international,input_alias
0000315293,Aon plc,COMBINED INTERNATIONAL CORP,combined international,input_alias
0000315374,HURCO COMPANIES INC,HURCO MANUFACTURING CO INC,hurco manufacturing,input_alias
0000315545,"PROVECTUS BIOPHARMACEUTICALS, INC.",PROVECTUS PHARMACEUTICALS INC,provectus pharmaceuticals,input_alias
0000315545,"PROVECTUS BIOPHARMACEUTICALS, INC.",SPM GROUP INC,spm,input_alias
0000315545,"PROVECTUS BIOPHARMACEUTICALS, INC.",ZAMAGE DIGITAL IMAGING INC,zamage digital imaging,input_alias
0000315852,RANGE RESOURCES CORP,LOMAK PETROLEUM INC,lomak petroleum,input_alias
0000315958,CREDITRISKMONITOR COM INC,NEW GENERATION FOODS INC,new generation foods,input_alias
0000317187,PPL ELECTRIC UTILITIES CORP,PP & L INC,pp l,input_alias
0000317187,PPL ELECTRIC UTILITIES CORP,PP&L INC,ppl,input_alias
0000317540,"Coca-Cola Consolidated, Inc.",COCA COLA BOTTLING CO CONSOLIDATED /DE/,coca cola bottling co consolidated de,input_alias
0000317788,"Digital Turbine, Inc.","Mandalay Digital Group, Inc.",mandalay digital group,input_alias
0000317788,"Digital Turbine, Inc.","Mandalay Media, Inc.",mandalay media,input_alias
0000317788,"Digital Turbine, Inc.","NeuMedia, Inc.",neumedia,input_alias
0000318299,"SPARTA COMMERCIAL SERVICES, INC.",TOMAHAWK INDUSTRIES INC,tomahawk industries,input_alias
0000318299,"SPARTA COMMERCIAL SERVICES, INC.",TOMAHAWK OIL & MINERALS INC,tomahawk oil minerals,input_alias
0000318306,ABEONA THERAPEUTICS INC.,ACCESS PHARMACEUTICALS INC,access pharmaceuticals,input_alias
0000318306,ABEONA THERAPEUTICS INC.,CHEMEX PHARMACEUTICALS INC,chemex pharmaceuticals,input_alias
0000318306,ABEONA THERAPEUTICS INC.,PLASMATECH BIOPHARMACEUTICALS INC,plasmatech biopharmaceuticals,input_alias
0000318673,SECURITY NATIONAL FINANCIAL CORP,SNL FINANCIAL CORP,snl financial,input_alias
0000319201,KLA CORP,KLA INSTRUMENTS CORP,kla instruments,input_alias
0000319201,KLA CORP,KLA TENCOR CORP,kla tencor,input_alias
0000319687,"UNITED AIRLINES, INC.",CONTINENTAL AIRLINES INC /DE/,continental airlines inc de,input_alias
0000319687,"UNITED AIRLINES, INC.","CONTINENTAL AIRLINES, INC.",continental airlines,input_alias
0000319687,"UNITED AIRLINES, INC.",PEOPLE EXPRESS AIRLINES INC,people express airlines,input_alias
0000320017,"LISATA THERAPEUTICS, INC.","CALADRIUS BIOSCIENCES, INC.",caladrius biosciences,input_alias
0000320017,"LISATA THERAPEUTICS, INC.","Caladrius Biosciences, Inc.",caladrius biosciences,input_alias
0000320017,"LISATA THERAPEUTICS, INC.","NeoStem, Inc.",neostem,input_alias
0000320121,TELOS CORP,C3 INC,c3,input_alias
0000320193,Apple Inc.,APPLE COMPUTER INC,apple computer,input_alias
0000320335,GLOBE LIFE INC.,LIBERTY NATIONAL INSURANCE HOLDING CO,liberty national insurance,input_alias
0000320335,GLOBE LIFE INC.,TORCHMARK CORP,torchmark,input_alias
0000320335,GLOBE LIFE INC.,TORCHMARK CORP SAVINGS & INVESTMENT PLAN,torchmark corp savings investment plan,input_alias
0000320340,CoreCard Corp,INTELLIGENT SYSTEMS CORP,intelligent systems,input_alias
0000350698,"AUTONATION, INC.",AUTONATION INC /FL,autonation inc fl,input_alias
0000350698,"AUTONATION, INC.","AUTONATION, INC. /FL",autonation inc fl,input_alias
0000350698,"AUTONATION, INC.","AutoNation, Inc. /FL",autonation inc fl,input_alias
0000350852,COMMUNITY TRUST BANCORP INC /KY/,COMMUNITY TRUST BANCORP INC/,community trust bancorp inc,input_alias
0000350894,SEI INVESTMENTS CO,SEI CORP,sei,input_alias
0000350894,SEI INVESTMENTS CO,SEI INVESTMENT CO,sei investment,input_alias
0000351569,Ameris Bancorp,ABC BANCORP,abc bancorp,input_alias
0000351569,Ameris Bancorp,ABC HOLDING CO,abc,input_alias
0000351834,SunOpta Inc.,STAKE TECHNOLOGY LTD,stake technology,input_alias
0000352541,ALLIANT ENERGY CORP,INTERSTATE ENERGY CORP,interstate energy,input_alias
0000352541,ALLIANT ENERGY CORP,WPL HOLDINGS INC,wpl,input_alias
0000352955,"CKX LANDS, INC.",CALCASIEU REAL ESTATE & OIL CO INC,calcasieu real estate oil,input_alias
0000352991,ADVANCED OXYGEN TECHNOLOGIES INC,AQUANAUTICS CORP,aquanautics,input_alias
0000353184,AIR T INC,AIR TRANSPORTATION HOLDING CO INC,air transportation,input_alias
0000353184,AIR T INC,ATLANTA EXPRESS AIRLINE CORP,atlanta express airline,input_alias
0000354190,Arthur J. Gallagher & Co.,GALLAGHER ARTHUR J & CO,gallagher arthur j,input_alias
0000355948,"RICHARDSON ELECTRONICS, LTD.",RICHARDSON ELECTRONICS LTD/DE,richardson electronics ltdde,input_alias
0000700565,"FIRST MID BANCSHARES, INC.",FIRST MID ILLINOIS BANCSHARES INC,first mid illinois bancshares,input_alias
0000700565,"FIRST MID BANCSHARES, INC.",FIRST-MID ILLINOIS BANCSHARES INC,firstmid illinois bancshares,input_alias
0000700923,MYR GROUP INC.,MYERS L E CO GROUP,myers l e co,input_alias
0000701347,CENTRAL PACIFIC FINANCIAL CORP,CPB INC,cpb,input_alias
0000701719,Envela Corp,AMERICAN PACIFIC MINT INC,american pacific mint,input_alias
0000701719,Envela Corp,DALLAS GOLD & SILVER EXCHANGE INC /NV/,dallas gold silver exchange inc nv,input_alias
0000701719,Envela Corp,DGSE COMPANIES INC,dgse companies,input_alias
0000701985,"Bath & Body Works, Inc.","L Brands, Inc.",l brands,input_alias
0000701985,"Bath & Body Works, Inc.",LIMITED BRANDS INC,limited brands,input_alias
0000701985,"Bath & Body Works, Inc.",LIMITED INC,limited,input_alias
0000703351,"BRINKER INTERNATIONAL, INC",CHILIS INC,chilis,input_alias
0000703604,"Distribution Solutions Group, Inc.",LAWSON PRODUCTS INC/NEW/DE/,lawson products incnewde,input_alias
0000704440,"KORU Medical Systems, Inc.",REPRO MED SYSTEMS INC,repro med systems,input_alias
0000704532,ONTO INNOVATION INC.,NANOMETRICS INC,nanometrics,input_alias
0000705432,SOUTHSIDE BANCSHARES INC,SOBANK INC,sobank,input_alias
0000706129,HORIZON BANCORP INC /IN/,CITIZENS MICHIANA FINANCIAL CORP,citizens michiana financial,input_alias
0000706129,HORIZON BANCORP INC /IN/,HORIZON BANCORP /IN/,horizon bancorp in,input_alias
0000707179,OLD NATIONAL BANCORP /IN/,O,o,input_alias
0000707388,"STAR EQUITY HOLDINGS, INC.",DIGIRAD CORP,digirad,input_alias
0000708781,CASS INFORMATION SYSTEMS INC,CASS COMMERCIAL CORP,cass commercial,input_alias
0000711404,"COOPER COMPANIES, INC.",COOPERVISION INC,coopervision,input_alias
0000712034,ACCO BRANDS Corp,ACCO WORLD CORP,acco world,input_alias
0000712770,ONE LIBERTY PROPERTIES INC,ONE LIBERTY FIRESTONE PROPERTIES INC,one liberty firestone properties,input_alias
0000712771,"ConnectOne Bancorp, Inc.",CENTER BANCORP INC,center bancorp,input_alias
0000713676,"PNC FINANCIAL SERVICES GROUP, INC.",PNC BANK CORP,pnc bank,input_alias
0000713676,"PNC FINANCIAL SERVICES GROUP, INC.",PNC BANK CORP /PA/,pnc bank corp pa,input_alias
0000713676,"PNC FINANCIAL SERVICES GROUP, INC.",PNC FINANCIAL SERVICES GROUP INC,pnc financial services,input_alias
0000714256,Sanara MedTech Inc.,INAV TRAVEL CORPORATION,inav travel,input_alias
0000714256,Sanara MedTech Inc.,MB SOFTWARE CORP,mb software,input_alias
0000714256,Sanara MedTech Inc.,"WOUND MANAGEMENT TECHNOLOGIES, INC.",wound management technologies,input_alias
0000714395,"GERMAN AMERICAN BANCORP, INC.",GAB BANCORP,gab bancorp,input_alias
0000714562,FIRST FINANCIAL CORP /IN/,TERRE HAUTE FIRST CORP,terre haute first,input_alias
0000715072,RENASANT CORP,PEOPLES HOLDING CO,peoples,input_alias
0000715446,Anixa Biosciences Inc,COPYTELE INC,copytele,input_alias
0000715446,Anixa Biosciences Inc,ITUS Corp,itus,input_alias
0000715787,INTERFACE INC,INTERFACE FLOORING SYSTEMS INC,interface flooring systems,input_alias
0000715957,"DOMINION ENERGY, INC",DOMINION ENERGY INC /VA/,dominion energy inc va,input_alias
0000715957,"DOMINION ENERGY, INC",DOMINION RESOURCES INC /VA/,dominion resources inc va,input_alias
0000716133,CINCINNATI BELL INC,BROADWING INC,broadwing,input_alias
0000716133,CINCINNATI BELL INC,CBI INC,cbi,input_alias
0000716133,CINCINNATI BELL INC,CINCINNATI BELL INC /OH/,cincinnati bell inc oh,input_alias
0000716634,READING INTERNATIONAL INC,CITADEL HOLDING CORP,citadel,input_alias
0000717423,MURPHY OIL CORP,MURPHY OIL CORP /DE,murphy oil corp de,input_alias
0000717423,MURPHY OIL CORP,NEW MURPHY OIL CORP /DE,new murphy oil corp de,input_alias
0000717538,ARROW FINANCIAL CORP,ARROW BANK CORP,arrow bank,input_alias
0000717806,"FIRST US BANCSHARES, INC.",UNITED SECURITY BANCSHARES INC,united security bancshares,input_alias
0000717954,UNIFIRST CORP,INTERSTATE UNIFORM SERVICES CORP/MA,interstate uniform services corpma,input_alias
0000718332,"RAVE RESTAURANT GROUP, INC.",PANTERAS CORP,panteras,input_alias
0000718332,"RAVE RESTAURANT GROUP, INC.","PIZZA INN HOLDINGS, INC /MO/",pizza inn holdings inc mo,input_alias
0000718332,"RAVE RESTAURANT GROUP, INC.",PIZZA INN INC /MO/,pizza inn inc mo,input_alias
0000719135,Apyx Medical Corp,AN CON GENETICS INC,an con genetics,input_alias
0000719135,Apyx Medical Corp,BOVIE MEDICAL CORP,bovie medical,input_alias
0000719135,Apyx Medical Corp,BOVIE MEDICAL Corp,bovie medical,input_alias
0000720005,RAYMOND JAMES FINANCIAL INC,RJ FINANCIAL CORP/FL,rj financial corpfl,input_alias
0000720154,"Inotiv, Inc.",BIOANALYTICAL SYSTEMS INC,bioanalytical systems,input_alias
0000720500,AMTECH SYSTEMS INC,QUARTZ ENGINEERING & MATERIALS INC,quartz engineering materials,input_alias
0000720875,DYNATRONICS CORP,DYNATRONICS LASER CORP,dynatronics laser,input_alias
0000721371,CARDINAL HEALTH INC,CARDINAL DISTRIBUTION INC,cardinal distribution,input_alias
0000721693,Smart Powerr Corp.,BOULDER ACQUISITIONS INC,boulder acquisitions,input_alias
0000721693,Smart Powerr Corp.,CHINA DIGITAL WIRELESS INC,china digital wireless,input_alias
0000721693,Smart Powerr Corp.,CHINA RECYCLING ENERGY CORP,china recycling energy,input_alias
0000722313,NORTECH SYSTEMS INC,DIGIGRAPHIC SYSTEMS CORP,digigraphic systems,input_alias
0000722313,NORTECH SYSTEMS INC,DSC NORTECH INC,dsc nortech,input_alias
0000722572,FRANKLIN WIRELESS CORP,ABM COMPUTER SYSTEMS,abm computer systems,input_alias
0000722572,FRANKLIN WIRELESS CORP,AUTOMATED BUSINESS MACHINES INC,automated business machines,input_alias
0000722572,FRANKLIN WIRELESS CORP,FRANKLIN TELECOMMUNICATIONS CORP,franklin telecommunications,input_alias
0000723188,"COMMUNITY FINANCIAL SYSTEM, INC.","COMMUNITY BANK NA, a subsidiary of Community Bank System Inc",community bank na a subsidiary of community bank system,input_alias
0000723188,"COMMUNITY FINANCIAL SYSTEM, INC.","COMMUNITY BANK NA, a subsidiary of Community Bank System Inc.",community bank na a subsidiary of community bank system,input_alias
0000723188,"COMMUNITY FINANCIAL SYSTEM, INC.","COMMUNITY BANK SYSTEM, INC.",community bank system,input_alias
0000723612,"AVIS BUDGET GROUP, INC.",CENDANT CORP,cendant,input_alias
0000723612,"AVIS BUDGET GROUP, INC.",COMP U CARD INTERNATIONAL INC,comp u card international,input_alias
0000723612,"AVIS BUDGET GROUP, INC.",CUC INTERNATIONAL INC /DE/,cuc international inc de,input_alias
0000724004,MESA LABORATORIES INC /CO/,MESA MEDICAL INC,mesa medical,input_alias
0000724742,Trinity Place Holdings Inc.,SYMS CORP,syms,input_alias
0000724910,NVE CORP /NEW/,PREMIS CORP,premis,input_alias
0000725363,CEL SCI CORP,INTERLEUKIN 2 INC,interleukin 2,input_alias
0000725394,DALRADA FINANCIAL CORP,IMAGING TECHNOLOGIES CORP/CA,imaging technologies corpca,input_alias
0000725394,DALRADA FINANCIAL CORP,PERSONAL COMPUTER PRODUCTS INC,personal computer products,input_alias
0000727207,"Accelerate Diagnostics, Inc",ACCELR8 TECHNOLOGY CORP,accelr8 technology,input_alias
0000727207,"Accelerate Diagnostics, Inc",HYDRO SEEK INC,hydro seek,input_alias
0000727273,CADIZ INC,ARIDTECH INC,aridtech,input_alias
0000727273,CADIZ INC,CADIZ LAND CO INC,cadiz land,input_alias
0000727273,CADIZ INC,PACIFIC AGRICULTURAL HOLDINGS INC,pacific agricultural,input_alias
0000727346,"SELECTIS HEALTH, INC.",GLOBAL CASINOS INC,global casinos,input_alias
0000727346,"SELECTIS HEALTH, INC.","GLOBAL HEALTHCARE REIT, INC.",global healthcare reit,input_alias
0000727346,"SELECTIS HEALTH, INC.",MORGRO CHEMICAL CO,morgro chemical,input_alias
0000727510,"ENZON PHARMACEUTICALS, INC.",ENZON PHARMACEUTICAL INC,enzon pharmaceutical,input_alias
0000727892,RIVERSOURCE LIFE INSURANCE CO,IDS LIFE INSURANCE CO,ids life insurance,input_alias
0000727892,RIVERSOURCE LIFE INSURANCE CO,IDS LIFE INSURANCE CO /MN,ids life insurance co mn,input_alias
0000727920,Equitable Financial Life Insurance Co,AXA EQUITABLE LIFE INSURANCE CO,axa equitable life insurance,input_alias
0000727920,Equitable Financial Life Insurance Co,AXA-EQUITABLE LIFE INSURANCE CO,axaequitable life insurance,input_alias
0000727920,Equitable Financial Life Insurance Co,EQUITABLE LIFE ASSURANCE SOCIETY OF THE UNITED STATES /NY/,equitable life assurance society of the united states ny,input_alias
0000728385,Birchtech Corp.,"China Youth Media, Inc.",china youth media,input_alias
0000728385,Birchtech Corp.,"DIGICORP, INC.",digicorp,input_alias
0000728385,Birchtech Corp.,Midwest Energy Emissions Corp.,midwest energy emissions,input_alias
0000728387,"Perspective Therapeutics, Inc.",CENTURY PARK PICTURES CORP,century park pictures,input_alias
0000728387,"Perspective Therapeutics, Inc.","IsoRay, Inc.",isoray,input_alias
0000728387,"Perspective Therapeutics, Inc.","Isoray, Inc.",isoray,input_alias
0000730349,TOFUTTI BRANDS INC,TOFU TIME INC,tofu time,input_alias
0000731766,UNITEDHEALTH GROUP INC,UNITED HEALTHCARE CORP,united healthcare,input_alias
0000731766,UNITEDHEALTH GROUP INC,UNITED HEALTHCARE CORP/,united healthcare corp,input_alias
0000731802,ATMOS ENERGY CORP,ENERGAS CO,energas,input_alias
0000732026,TRIO-TECH INTERNATIONAL,TRIO TECH INTERNATIONAL,trio tech international,input_alias
0000732712,VERIZON COMMUNICATIONS INC,BELL ATLANTIC CORP,bell atlantic,input_alias
0000732717,AT&T INC.,SBC COMMUNICATIONS INC,sbc communications,input_alias
0000732717,AT&T INC.,SOUTHWESTERN BELL CORP,southwestern bell,input_alias
0000733076,BRIGHTHOUSE LIFE INSURANCE Co,MetLife Insurance CO of Connecticut,metlife insurance co of connecticut,input_alias
0000733076,BRIGHTHOUSE LIFE INSURANCE Co,MetLife Insurance Co USA,metlife insurance co usa,input_alias
0000733076,BRIGHTHOUSE LIFE INSURANCE Co,TRAVELERS INSURANCE CO,travelers insurance,input_alias
0000733269,"LiveRamp Holdings, Inc.",ACXIOM CORP,acxiom,input_alias
0000733269,"LiveRamp Holdings, Inc.","Acxiom Holdings, Inc.",acxiom holdings,input_alias
0000733269,"LiveRamp Holdings, Inc.",CCX NETWORK INC,ccx network,input_alias
0000733590,TRANSCONTINENTAL REALTY INVESTORS INC,JOHNSTOWN CONSOLIDATED REALTY TRUST,johnstown consolidated realty trust,input_alias
0000733590,TRANSCONTINENTAL REALTY INVESTORS INC,JOHNSTOWN CONSOLIDATED REALTY TRUST /CA/,johnstown consolidated realty trust ca,input_alias
0000736012,INTRUSION INC,INTRUSION COM INC,intrusion com,input_alias
0000736012,INTRUSION INC,ODS NETWORKS INC,ods networks,input_alias
0000736012,INTRUSION INC,OPTICAL DATA SYSTEMS INC,optical data systems,input_alias
0000737758,TORO CO,TORO CO/DE,toro code,input_alias
0000738214,"AEMETIS, INC","AE BIOFUELS, INC.",ae biofuels,input_alias
0000738214,"AEMETIS, INC","AE Biofuels, Inc.",ae biofuels,input_alias
0000738214,"AEMETIS, INC",MARWICH II LTD,marwich ii,input_alias
0000742278,RPC INC,RPC ENERGY SERVICES INC,rpc energy services,input_alias
0000743238,"SHYFT GROUP, INC.",SPARTAN MOTORS INC,spartan motors,input_alias
0000744187,REX AMERICAN RESOURCES Corp,AUDIO VIDEO AFFILIATES INC,audio video affiliates,input_alias
0000744187,REX AMERICAN RESOURCES Corp,REX STORES CORP,rex stores,input_alias
0000744218,"Celldex Therapeutics, Inc.",AVANT IMMUNOTHERAPEUTICS INC,avant immunotherapeutics,input_alias
0000744218,"Celldex Therapeutics, Inc.",T CELL SCIENCES INC,t cell sciences,input_alias
0000744452,BNB PLUS CORP.,APPLIED DNA SCIENCES INC,applied dna sciences,input_alias
0000744452,BNB PLUS CORP.,DCC ACQUISITION CORP,dcc acquisition,input_alias
0000744452,BNB PLUS CORP.,PROHEALTH MEDICAL TECHNOLOGIES INC,prohealth medical technologies,input_alias
0000745308,ST JOE Co,ST JOE PAPER CO,st joe paper,input_alias
0000746210,"Oblong, Inc.",GLOWPOINT INC,glowpoint,input_alias
0000746210,"Oblong, Inc.","GLOWPOINT, INC.",glowpoint,input_alias
0000746210,"Oblong, Inc.",WIRE ONE TECHNOLOGIES INC,wire one technologies,input_alias
0000746598,BRADY CORP,BRADY W H CO,brady w h,input_alias
0000746838,UNISYS CORP,BURROUGHS CORP /DE/,burroughs corp de,input_alias
0000748268,"Red Cat Holdings, Inc.",BROADLEAF CAPITAL PARTNERS INC,broadleaf capital partners,input_alias
0000748268,"Red Cat Holdings, Inc.",EnergyTEK Corp.,energytek,input_alias
0000748268,"Red Cat Holdings, Inc.",TimefireVR Inc.,timefirevr,input_alias
0000748592,Eterna Therapeutics Inc.,"Brooklyn ImmunoTherapeutics, Inc.",brooklyn immunotherapeutics,input_alias
0000748592,Eterna Therapeutics Inc.,NTN BUZZTIME INC,ntn buzztime,input_alias
0000748592,Eterna Therapeutics Inc.,NTN COMMUNICATIONS INC,ntn communications,input_alias
0000749647,"Imunon, Inc.",CELSION CORP,celsion,input_alias
0000749647,"Imunon, Inc.",CHEUNG LABORATORIES INC,cheung laboratories,input_alias
0000749647,"Imunon, Inc.",Celsion CORP,celsion,input_alias
0000749660,ICAD INC,HOWTEK INC,howtek,input_alias
0000750004,"Light & Wonder, Inc.",AUTOTOTE CORP,autotote,input_alias
0000750004,"Light & Wonder, Inc.",SCIENTIFIC GAMES CORP,scientific games,input_alias
0000750004,"Light & Wonder, Inc.",UNITED TOTE INC,united tote,input_alias
0000750577,HANCOCK WHITNEY CORP,HANCOCK HOLDING CO,hancock,input_alias
0000751364,"NNN REIT, INC.",CNL REALTY INVESTORS INC /DE/,cnl realty investors inc de,input_alias
0000751364,"NNN REIT, INC.",COMMERCIAL NET LEASE REALTY INC,commercial net lease realty,input_alias
0000751364,"NNN REIT, INC.","NATIONAL RETAIL PROPERTIES, INC.",national retail properties,input_alias
0000752642,"UMH PROPERTIES, INC.",UNITED MOBILE HOMES INC,united mobile homes,input_alias
0000753308,NEXTERA ENERGY INC,FPL GROUP INC,fpl,input_alias
0000754811,U S GLOBAL INVESTORS INC,UNITED SERVICES ADVISORS INC /TX/,united services advisors inc tx,input_alias
0000760498,BANCFIRST CORP /OK/,UNITED COMMUNITY CORP,united community,input_alias
0000761648,"CEDAR REALTY TRUST, INC.",CEDAR INCOME FUND LTD /MD/,cedar income fund ltd md,input_alias
0000761648,"CEDAR REALTY TRUST, INC.",CEDAR SHOPPING CENTERS INC,cedar shopping centers,input_alias
0000761648,"CEDAR REALTY TRUST, INC.",UNI INVEST USA LTD,uni invest usa,input_alias
0000763532,LSI INDUSTRIES INC,LSI LIGHTING SYSTEMS INC,lsi lighting systems,input_alias
0000763744,LCI INDUSTRIES,DREW INDUSTRIES INC,drew industries,input_alias
0000763744,LCI INDUSTRIES,DREW INDUSTRIES Inc,drew industries,input_alias
0000763901,"POPULAR, INC.",BANPONCE CORP,banponce,input_alias
0000764038,SouthState Corp,"FIRST FINANCIAL HOLDINGS, INC.",first financial holdings,input_alias
0000764038,SouthState Corp,SCBT FINANCIAL CORP,scbt financial,input_alias
0000764038,SouthState Corp,SOUTH STATE Corp,south state,input_alias
0000764065,CLEVELAND-CLIFFS INC.,CLEVELAND CLIFFS INC,cleveland cliffs,input_alias
0000764065,CLEVELAND-CLIFFS INC.,CLIFFS NATURAL RESOURCES INC.,cliffs natural resources,input_alias
0000764180,"ALTRIA GROUP, INC.",ALTRIA GROUP INC,altria,input_alias
0000764180,"ALTRIA GROUP, INC.",PHILIP MORRIS COMPANIES INC,philip morris companies,input_alias
0000764401,INSTEEL INDUSTRIES INC,EXPOSAIC INDUSTRIES INC,exposaic industries,input_alias
0000764478,BEST BUY CO INC,BEST BUYS CO INC,best buys,input_alias
0000764622,PINNACLE WEST CAPITAL CORP,AZP GROUP INC,azp,input_alias
0000764630,SHOREPOWER TECHNOLOGIES INC.,UNITED STATES BASKETBALL LEAGUE INC,united states basketball league,input_alias
0000764897,"Broad Street Realty, Inc.",BHIT INC,bhit,input_alias
0000764897,"Broad Street Realty, Inc.",Banyan Rail Services Inc.,banyan rail services,input_alias
0000764897,"Broad Street Realty, Inc.",MedAmerica Properties Inc.,medamerica properties,input_alias
0000765207,"First Bancorp, Inc /ME/",FIRST NATIONAL LINCOLN CORP /ME/,first national lincoln corp me,input_alias
0000765880,"HEALTHPEAK PROPERTIES, INC.","HCP, INC.",hcp,input_alias
0000765880,"HEALTHPEAK PROPERTIES, INC.",HEALTH CARE PROPERTY INVESTORS INC,health care property investors,input_alias
0000766421,"ALASKA AIR GROUP, INC.",ALASKA AIR GROUP INC,alaska air,input_alias
0000766704,WELLTOWER INC.,HEALTH CARE REIT INC /DE/,health care reit inc de,input_alias
0000767405,"SB FINANCIAL GROUP, INC.",RURBAN FINANCIAL CORP,rurban financial,input_alias
0000768899,"TrueBlue, Inc.",DICKS HAMBURGERS INC,dicks hamburgers,input_alias
0000768899,"TrueBlue, Inc.",LABOR READY INC,labor ready,input_alias
0000771497,ABM INDUSTRIES INC /DE/,ABM INDUSTRIES INC,abm industries,input_alias
0000771497,ABM INDUSTRIES INC /DE/,AMERICAN BUILDING MAINTENANCE INDUSTRIES INC,american building maintenance industries,input_alias
0000771856,"CHAMPIONS ONCOLOGY, INC.","CHAMPIONS BIOTECHNOLOGY, INC.",champions biotechnology,input_alias
0000771856,"CHAMPIONS ONCOLOGY, INC.",CHAMPIONS SPORTS INC,champions sports,input_alias
0000771856,"CHAMPIONS ONCOLOGY, INC.",INTERNATIONAL GROUP INC,international,input_alias
0000771999,"DSS, INC.",DOCUMENT SECURITY SYSTEMS INC,document security systems,input_alias
0000771999,"DSS, INC.",NEW SKY COMMUNICATIONS INC,new sky communications,input_alias
0000771999,"DSS, INC.",THOROUGHBREDS USA INC,thoroughbreds usa,input_alias
0000773141,"M.D.C. HOLDINGS, INC.",MDC HOLDINGS INC,mdc,input_alias
0000773717,"American Clean Resources Group, Inc.",Standard Gold,standard gold,input_alias
0000773717,"American Clean Resources Group, Inc.","Standard Gold Holdings, Inc.",standard gold holdings,input_alias
0000773717,"American Clean Resources Group, Inc.","Standard Metals Processing, Inc.",standard metals processing,input_alias
0000773840,HONEYWELL INTERNATIONAL INC,ALLIEDSIGNAL INC,alliedsignal,input_alias
0000774415,OneSolution Technology Inc.,ARXA INTERNATIONAL ENERGY INC,arxa international energy,input_alias
0000774415,OneSolution Technology Inc.,KING RESOURCES INC,king resources,input_alias
0000774415,OneSolution Technology Inc.,"KING RESOURCES, INC.",king resources,input_alias
0000775215,"HBT Financial, Inc.",HEARTLAND BANCORP,heartland bancorp,input_alias
0000775215,"HBT Financial, Inc.","HEARTLAND BANCORP, INC.",heartland bancorp,input_alias
0000776867,WHITE MOUNTAINS INSURANCE GROUP LTD,FUND AMERICAN COMPANIES INC,fund american companies,input_alias
0000776867,WHITE MOUNTAINS INSURANCE GROUP LTD,FUND AMERICAN ENTERPRISES HOLDINGS INC,fund american enterprises,input_alias
0000778164,"Alto Ingredients, Inc.",ACCESSITY CORP,accessity,input_alias
0000778164,"Alto Ingredients, Inc.",DRIVERSSHIELD COM CORP,driversshield com,input_alias
0000778164,"Alto Ingredients, Inc.","Pacific Ethanol, Inc.",pacific ethanol,input_alias
0000779152,JACK HENRY & ASSOCIATES INC,HENRY JACK & ASSOCIATES INC,henry jack associates,input_alias
0000780571,"ITRON, INC.",ITRON INC /WA/,itron inc wa,input_alias
0000783324,VISTA GOLD CORP,GRANGES EXPLORATION LTD,granges exploration,input_alias
0000783324,VISTA GOLD CORP,GRANGES INC,granges,input_alias
0000783325,"WEC ENERGY GROUP, INC.",WISCONSIN ENERGY CORP,wisconsin energy,input_alias
0000784199,"ARTIVION, INC.",CRYOLIFE INC,cryolife,input_alias
0000785161,Encompass Health Corp,HEALTHSOUTH CORP,healthsouth,input_alias
0000785161,Encompass Health Corp,HEALTHSOUTH REHABILITATION CORP,healthsouth rehabilitation,input_alias
0000785557,DLH Holdings Corp.,DIGITAL SOLUTIONS INC,digital solutions,input_alias
0000785557,DLH Holdings Corp.,TEAMSTAFF INC,teamstaff,input_alias
0000787253,NATURAL ALTERNATIVES INTERNATIONAL INC,AMERICAN ACQUISITIONS INC,american acquisitions,input_alias
0000788329,JOHNSON OUTDOORS INC,JOHNSON WORLDWIDE ASSOCIATES INC,johnson worldwide associates,input_alias
0000788611,"NextTrip, Inc.",FRAMEWAVES INC,framewaves,input_alias
0000788611,"NextTrip, Inc.","SIGMA ADDITIVE SOLUTIONS, INC.",sigma additive solutions,input_alias
0000788611,"NextTrip, Inc.","SIGMA LABS, INC.",sigma labs,input_alias
0000788920,PRO DEX INC,CONTEXT CAPITAL FUNDS,context capital funds,input_alias
0000788920,PRO DEX INC,"PRO-DEX, INC.",prodex,input_alias
0000788965,HALLADOR ENERGY CO,HALLADOR PETROLEUM CO,hallador petroleum,input_alias
0000788965,HALLADOR ENERGY CO,KIMBARK INC,kimbark,input_alias
0000788965,HALLADOR ENERGY CO,KIMBARK OIL & GAS CO /CO/,kimbark oil gas co co,input_alias
0000789460,WORLD KINECT CORP,INTERNATIONAL RECOVERY CORP,international recovery,input_alias
0000789460,WORLD KINECT CORP,WORLD FUEL SERVICES CORP,world fuel services,input_alias
0000789570,MGM Resorts International,GRAND NAME CO,grand name,input_alias
0000789570,MGM Resorts International,MGM GRAND INC,mgm grand,input_alias
0000789570,MGM Resorts International,MGM MIRAGE,mgm mirage,input_alias
0000790273,CONECTISYS CORP,BDR INDUSTRIES INC,bdr industries,input_alias
0000790273,CONECTISYS CORP,COASTAL FINANCIAL CORP,coastal financial,input_alias
0000790526,"RadNet, Inc.",CCC FRANCHISING CORP,ccc franchising,input_alias
0000790526,"RadNet, Inc.",PRIMEDEX HEALTH SYSTEMS INC,primedex health systems,input_alias
0000790816,BRANDYWINE REALTY TRUST,LINPRO SPECIFIED PROPERTIES,linpro specified properties,input_alias
0000791908,XOMA Royalty Corp,XOMA CORP /DE/,xoma corp de,input_alias
0000791908,XOMA Royalty Corp,XOMA Corp,xoma,input_alias
0000791908,XOMA Royalty Corp,XOMA LTD /DE/,xoma ltd de,input_alias
0000791963,OPPENHEIMER HOLDINGS INC,FAHNESTOCK VINER HOLDINGS INC,fahnestock viner,input_alias
0000791963,OPPENHEIMER HOLDINGS INC,GOLDALE INVESTMENTS LTD,goldale investments,input_alias
0000791963,OPPENHEIMER HOLDINGS INC,VINER E A HOLDINGS LTD,viner e a,input_alias
0000792935,ETHEMA HEALTH Corp,GREENESTONE HEALTHCARE CORP,greenestone healthcare,input_alias
0000792935,ETHEMA HEALTH Corp,NOVA NATURAL RESOURCES CORP,nova natural resources,input_alias
0000793306,BLUE DOLPHIN ENERGY CO,MUSTANG RESOURCES CORP,mustang resources,input_alias
0000793306,BLUE DOLPHIN ENERGY CO,ZIM ENERGY CORP,zim energy,input_alias
0000793952,"HARLEY-DAVIDSON, INC.",HARLEY DAVIDSON INC,harley davidson,input_alias
0000794323,"Level 3 Parent, LLC",KIEWIT PETER SONS INC,kiewit peter sons,input_alias
0000794323,"Level 3 Parent, LLC",LEVEL 3 COMMUNICATIONS INC,level 3 communications,input_alias
0000794367,"Macy's, Inc.",FEDERATED DEPARTMENT STORES INC /DE/,federated department stores inc de,input_alias
0000794367,"Macy's, Inc.",MACY ACQUIRING CORP,macy acquiring,input_alias
0000794367,"Macy's, Inc.",R H MACY & CO INC,r h macy,input_alias
0000795266,KB HOME,KAUFMAN & BROAD HOME CORP,kaufman broad home,input_alias
0000795403,WATTS WATER TECHNOLOGIES INC,WATTS INDUSTRIES INC,watts industries,input_alias
0000796343,ADOBE INC.,ADOBE SYSTEMS INC,adobe systems,input_alias
0000796505,"Clearfield, Inc.","APA Enterprises, Inc.",apa enterprises,input_alias
0000796505,"Clearfield, Inc.",APA OPTICS INC /MN/,apa optics inc mn,input_alias
0000797465,"HG Holdings, Inc.",STANLEY FURNITURE CO INC,stanley furniture,input_alias
0000797465,"HG Holdings, Inc.",STANLEY FURNITURE CO INC.,stanley furniture,input_alias
0000797465,"HG Holdings, Inc.",STANLEY FURNITURE CO INC/,stanley furniture co inc,input_alias
0000797542,Viewbix Inc.,Emerald Medical Applications Corp.,emerald medical applications,input_alias
0000797542,Viewbix Inc.,"Virtual Crypto Technologies, Inc.",virtual crypto technologies,input_alias
0000797542,Viewbix Inc.,ZAXIS INTERNATIONAL INC,zaxis international,input_alias
0000797564,"HST Global, Inc.",ABSS CORP,abss,input_alias
0000797564,"HST Global, Inc.",NT HOLDING CORP.,nt,input_alias
0000797564,"HST Global, Inc.",UNICO INC,unico,input_alias
0000798287,PAMT CORP,PAM TRANSPORTATION SERVICES INC,pam transportation services,input_alias
0000798359,CENTERSPACE,INVESTORS REAL ESTATE TRUST,investors real estate trust,input_alias
0000798528,ODYSSEY MARINE EXPLORATION INC,UNIVERSAL CAPITAL CORP,universal capital,input_alias
0000799165,DAWSON GEOPHYSICAL CO,TGC INDUSTRIES INC,tgc industries,input_alias
0000799292,"M/I HOMES, INC.",M I HOMES INC,m i homes,input_alias
0000799292,"M/I HOMES, INC.",M I SCHOTTENSTEIN HOMES INC,m i schottenstein homes,input_alias
0000799698,LadRx Corp,CYTRX CORP,cytrx,input_alias
0000799850,AMERICAS CARMART INC,CROWN CASINO CORP,crown casino,input_alias
0000799850,AMERICAS CARMART INC,CROWN GROUP INC /TX/,crown group inc tx,input_alias
0000799850,AMERICAS CARMART INC,SKYLINK AMERICA INC,skylink america,input_alias
0000800240,ODP Corp,OFFICE DEPOT INC,office depot,input_alias
0000802257,"Mitesco, Inc.",BRAIN TREE INTERNATIONAL INC,brain tree international,input_alias
0000802257,"Mitesco, Inc.","True Nature Holding, Inc.",true nature holding,input_alias
0000802257,"Mitesco, Inc.","Trunity Holdings, Inc.",trunity holdings,input_alias
0000803164,CHOICEONE FINANCIAL SERVICES INC,1ST COMMUNITY BANCORP INC,1st community bancorp,input_alias
0000803578,"FIREFLY NEUROSCIENCE, INC.",INFORMATION ANALYSIS INC,information analysis,input_alias
0000803578,"FIREFLY NEUROSCIENCE, INC.","WAVEDANCER, INC.",wavedancer,input_alias
0000803649,EQC Liquidating Trust,CommonWealth REIT,commonwealth reit,input_alias
0000803649,EQC Liquidating Trust,Equity Commonwealth,equity commonwealth,input_alias
0000803649,EQC Liquidating Trust,HEALTH & RETIREMENT PROPERTIES TRUST,health retirement properties trust,input_alias
0000803649,EQC Liquidating Trust,HRPT PROPERTIES TRUST,hrpt properties trust,input_alias
0000804269,"General Motors Financial Company, Inc.",AMERICREDIT CORP,americredit,input_alias
0000804269,"General Motors Financial Company, Inc.",URCARCO INC,urcarco,input_alias
0000805928,"Axogen, Inc.",LECTEC CORP /MN/,lectec corp mn,input_alias
0000807882,JACK IN THE BOX INC,FOODMAKER INC /DE/,foodmaker inc de,input_alias
0000807882,JACK IN THE BOX INC,JACK IN THE BOX INC /NEW/,jack in the box inc new,input_alias
0000810136,PHOTRONICS INC,PHOTRONIC LABS INC,photronic labs,input_alias
0000810332,MESA AIR GROUP INC,MESA AIRLINES INC,mesa airlines,input_alias
0000811222,Cardiff Lexington Corp,CARDIFF FINANCIAL INC,cardiff financial,input_alias
0000811222,Cardiff Lexington Corp,CARDIFF INTERNATIONAL INC,cardiff international,input_alias
0000811222,Cardiff Lexington Corp,UNITED AMERICAN INC,united american,input_alias
0000811596,KAISER ALUMINUM CORP,KAISERTECH LTD,kaisertech,input_alias
0000811830,"Santander Holdings USA, Inc.",SOVEREIGN BANCORP INC,sovereign bancorp,input_alias
0000812074,"O-I Glass, Inc. /DE/",OWENS ILLINOIS INC /DE/,owens illinois inc de,input_alias
0000812074,"O-I Glass, Inc. /DE/",OWENS-ILLINOIS INC /DE/,owensillinois inc de,input_alias
0000812152,RIDGEFIELD ACQUISITION CORP,BIO MEDICAL AUTOMATION INC,bio medical automation,input_alias
0000812152,RIDGEFIELD ACQUISITION CORP,OZO DIVERSIFIED AUTOMATION INC /CO/,ozo diversified automation inc co,input_alias
0000812796,"SOLIGENIX, INC.",DOR BIOPHARMA INC,dor biopharma,input_alias
0000812796,"SOLIGENIX, INC.",ENDOREX CORP,endorex,input_alias
0000812796,"SOLIGENIX, INC.",IMMUNOTHERAPEUTICS INC,immunotherapeutics,input_alias
0000813298,"DESTINATION XL GROUP, INC.",CASUAL MALE RETAIL GROUP INC,casual male retail,input_alias
0000813298,"DESTINATION XL GROUP, INC.",DESIGNS INC,designs,input_alias
0000813672,CADENCE DESIGN SYSTEMS INC,ECAD INC /DE/,ecad inc de,input_alias
0000813716,CIRTRAN CORP,VERMILLION VENTURES INC,vermillion ventures,input_alias
0000813762,ICAHN ENTERPRISES L.P.,AMERICAN REAL ESTATE PARTNERS L P,american real estate partners l p,input_alias
0000813828,Paramount Global,CBS CORP,cbs,input_alias
0000813828,Paramount Global,VIACOM INC,viacom,input_alias
0000813828,Paramount Global,ViacomCBS Inc.,viacomcbs,input_alias
0000814453,NEWELL BRANDS INC.,NEWELL RUBBERMAID INC,newell rubbermaid,input_alias
0000814676,CPS TECHNOLOGIES CORP/DE/,CERAMICS PROCESS SYSTEMS CORP/DE/,ceramics process systems corpde,input_alias
0000814926,"CAPSTONE COMPANIES, INC.",CBQ INC,cbq,input_alias
0000814926,"CAPSTONE COMPANIES, INC.",CHDT CORP,chdt,input_alias
0000814926,"CAPSTONE COMPANIES, INC.",CHINA DIRECT TRADING CORP,china direct trading,input_alias
0000815097,CARNIVAL CORP,CARNIVAL CRUISE LINES INC,carnival cruise lines,input_alias
0000815917,JONES FINANCIAL COMPANIES LLLP,JONES FINANCIAL COMPANIES L P,jones financial companies l p,input_alias
0000815917,JONES FINANCIAL COMPANIES LLLP,JONES FINANCIAL COMPANIES LP LLP,jones financial companies lp llp,input_alias
0000818033,"HERON THERAPEUTICS, INC. /DE/",ADVANCED POLYMER SYSTEMS INC /DE/,advanced polymer systems inc de,input_alias
0000818033,"HERON THERAPEUTICS, INC. /DE/",AP PHARMA INC /DE/,ap pharma inc de,input_alias
0000818479,DENTSPLY SIRONA Inc.,DENTSPLY INTERNATIONAL INC /DE/,dentsply international inc de,input_alias
0000818479,DENTSPLY SIRONA Inc.,GENDEX CORP,gendex,input_alias
0000819793,ALBANY INTERNATIONAL CORP /DE/,ALBINT INC,albint,input_alias
0000820027,AMERIPRISE FINANCIAL INC,AMERICAN EXPRESS FINANCIAL ADVISORS,american express financial advisors,input_alias
0000820027,AMERIPRISE FINANCIAL INC,AMERICAN EXPRESS FINANCIAL CORP,american express financial,input_alias
0000820027,AMERIPRISE FINANCIAL INC,IDS FINANCIAL CORP/MN/,ids financial corpmn,input_alias
0000820318,COHERENT CORP.,II-VI INC,iivi,input_alias
0000820771,Goliath Film & Media Holdings,CHINA ADVANCED TECHNOLOGY,china advanced technology,input_alias
0000820771,Goliath Film & Media Holdings,CHINA ADVANCED TECHOLOGY,china advanced techology,input_alias
0000820771,Goliath Film & Media Holdings,WESTMARK GROUP HOLDINGS INC,westmark,input_alias
0000821002,G III APPAREL GROUP LTD /DE/,ANTE CORP,ante,input_alias
0000821026,"Andersons, Inc.",ANDERSONS MANAGEMENT CORP,andersons management,input_alias
0000821189,EOG RESOURCES INC,ENRON OIL & GAS CO,enron oil gas,input_alias
0000821483,"PAR PACIFIC HOLDINGS, INC.",DELTA PETROLEUM CORP/CO,delta petroleum corpco,input_alias
0000821483,"PAR PACIFIC HOLDINGS, INC.",PAR PETROLEUM CORP/CO,par petroleum corpco,input_alias
0000822370,"Emmaus Life Sciences, Inc.","CNS RESPONSE, INC.",cns response,input_alias
0000822370,"Emmaus Life Sciences, Inc.","MYnd Analytics, Inc.",mynd analytics,input_alias
0000822370,"Emmaus Life Sciences, Inc.","STRATIVATION, INC.",strativation,input_alias
0000822416,PULTEGROUP INC/MI/,PHM CORP,phm,input_alias
0000822416,PULTEGROUP INC/MI/,PULTE CORP,pulte,input_alias
0000822416,PULTEGROUP INC/MI/,PULTE HOMES INC/MI/,pulte homes incmi,input_alias
0000822663,INTERPARFUMS INC,INTER PARFUMS INC,inter parfums,input_alias
0000822663,INTERPARFUMS INC,JEAN PHILIPPE FRAGRANCES INC,jean philippe fragrances,input_alias
0000823277,CHS INC,CENEX HARVEST STATES COOPERATIVES,cenex harvest states cooperatives,input_alias
0000823277,CHS INC,HARVEST STATES COOPERATIVES,harvest states cooperatives,input_alias
0000823768,WASTE MANAGEMENT INC,USA WASTE SERVICES INC,usa waste services,input_alias
0000824142,"AAON, INC.",DIAMOND HEAD RESOURCES INC,diamond head resources,input_alias
0000824416,QUEST PATENT RESEARCH CORP,PHASE OUT OF AMERICA INC,phase out of america,input_alias
0000824416,QUEST PATENT RESEARCH CORP,QUEST PRODUCTS CORP,quest products,input_alias
0000825313,ALLIANCEBERNSTEIN HOLDING L.P.,ALLIANCE CAPITAL MANAGEMENT HOLDING LP,alliance capital management holding lp,input_alias
0000825313,ALLIANCEBERNSTEIN HOLDING L.P.,ALLIANCE CAPITAL MANAGEMENT LP,alliance capital management lp,input_alias
0000825324,Good Times Restaurants Inc.,PARAMOUNT VENTURES INC,paramount ventures,input_alias
0000825542,SCOTTS MIRACLE-GRO CO,CDS HOLDING CORP,cds,input_alias
0000825542,SCOTTS MIRACLE-GRO CO,SCOTTS COMPANY,scotts,input_alias
0000825788,DIVALL INSURED INCOME PROPERTIES 2 LIMITED PARTNERSHIP,DIVALL INSURED INCOME FUND-2 LIMITED PARTNERSHIP,divall insured income fund2 limited partnership,input_alias
0000826675,DYNEX CAPITAL INC,RAC MORTGAGE INVESTMENT CORP /VA/,rac mortgage investment corp va,input_alias
0000826675,DYNEX CAPITAL INC,RESOURCE MORTGAGE CAPITAL INC/VA,resource mortgage capital incva,input_alias
0000826675,DYNEX CAPITAL INC,RESOURCE MORTGAGE INVESTMENT CORP,resource mortgage investment,input_alias
0000827052,EDISON INTERNATIONAL,SCECORP,scecorp,input_alias
0000827187,Sleep Number Corp,SELECT COMFORT CORP,select comfort,input_alias
0000827876,"CLEANSPARK, INC.",SMARTDATA CORP,smartdata,input_alias
0000827876,"CLEANSPARK, INC.",STRATEAN INC.,stratean,input_alias
0000828944,WSFS FINANCIAL CORP,STAR STATES CORP,star states,input_alias
0000829323,"Inuvo, Inc.",KOWABUNGA! INC.,kowabunga,input_alias
0000829323,"Inuvo, Inc.",THINK PARTNERSHIP INC,think partnership,input_alias
0000830616,"SCI Engineered Materials, Inc.",SUPERCONDUCTIVE COMPONENTS INC,superconductive components,input_alias
0000831001,CITIGROUP INC,PRIMERICA CORP /NEW/,primerica corp new,input_alias
0000831001,CITIGROUP INC,TRAVELERS GROUP INC,travelers,input_alias
0000831001,CITIGROUP INC,TRAVELERS INC,travelers,input_alias
0000831259,FREEPORT-MCMORAN INC,FREEPORT MCMORAN COPPER & GOLD INC,freeport mcmoran copper gold,input_alias
0000831259,FREEPORT-MCMORAN INC,FREEPORT MCMORAN COPPER COMPANY INC,freeport mcmoran copper,input_alias
0000831378,LVPAI GROUP Ltd,CONDOR WEST CORP,condor west,input_alias
0000831378,LVPAI GROUP Ltd,FINOTEC GROUP INC,finotec,input_alias
0000831378,LVPAI GROUP Ltd,ONLINE INTERNATIONAL CORP /NV/,online international corp nv,input_alias
0000832428,E.W. SCRIPPS Co,SCRIPPS E W CO /DE,scripps e w co de,input_alias
0000832480,UTG INC,UNITED TRUST GROUP INC,united trust,input_alias
0000832480,UTG INC,UNITED TRUST INC /IL/,united trust inc il,input_alias
0000832489,"GeoVax Labs, Inc.",DAUPHIN TECHNOLOGY INC,dauphin technology,input_alias
0000832489,"GeoVax Labs, Inc.",SUCCESSO INC,successo,input_alias
0000832988,SIGNET JEWELERS LTD,RATNERS GROUP PLC,ratners,input_alias
0000832988,SIGNET JEWELERS LTD,SIGNET GROUP PLC,signet,input_alias
0000833079,Meritage Homes CORP,HOMEPLEX MORTGAGE INVESTMENTS CORP,homeplex mortgage investments,input_alias
0000833079,Meritage Homes CORP,MERITAGE CORP,meritage,input_alias
0000833079,Meritage Homes CORP,MONTEREY HOMES CORP,monterey homes,input_alias
0000833444,Johnson Controls International plc,TYCO INTERNATIONAL LTD,tyco international,input_alias
0000833444,Johnson Controls International plc,TYCO INTERNATIONAL LTD /BER/,tyco international ltd ber,input_alias
0000833444,Johnson Controls International plc,TYCO INTERNATIONAL plc,tyco international,input_alias
0000834365,BIOLIFE SOLUTIONS INC,BIOLIFE SOLUTION INC,biolife solution,input_alias
0000834365,BIOLIFE SOLUTIONS INC,CRYOMEDICAL SCIENCES INC,cryomedical sciences,input_alias
0000835011,MGP INGREDIENTS INC,MIDWEST GRAIN PRODUCTS INC,midwest grain products,input_alias
0000835324,"Stock Yards Bancorp, Inc.",S Y BANCORP INC,s y bancorp,input_alias
0000835357,EQUITABLE FINANCIAL LIFE INSURANCE CO OF AMERICA,MONY LIFE INSURANCE CO OF AMERICA,mony life insurance co of america,input_alias
0000835357,EQUITABLE FINANCIAL LIFE INSURANCE CO OF AMERICA,MONY LIFE INSURANCE COMPANY OF AMERICA,mony life insurance company of america,input_alias
0000835662,"AiXin Life International, Inc.",MERCARI COMMUNICATIONS GROUP LTD,mercari communications,input_alias
0000836157,LINDSAY CORP,LINDSAY MANUFACTURING CO,lindsay manufacturing,input_alias
0000836564,Mosaic ImmunoEngineering Inc.,PATRIOT FINANCIAL CORP,patriot financial,input_alias
0000836564,Mosaic ImmunoEngineering Inc.,PATRIOT SCIENTIFIC CORP,patriot scientific,input_alias
0000837010,VOYA RETIREMENT INSURANCE & ANNUITY Co,AETNA LIFE INSURANCE & ANNUITY CO /CT,aetna life insurance annuity co ct,input_alias
0000837010,VOYA RETIREMENT INSURANCE & ANNUITY Co,ING LIFE INSURANCE & ANNUITY CO,ing life insurance annuity,input_alias
0000837465,Topgolf Callaway Brands Corp.,CALLAWAY GOLF,callaway golf,input_alias
0000837465,Topgolf Callaway Brands Corp.,CALLAWAY GOLF CO,callaway golf,input_alias
0000839087,VASO Corp,FUTURE MEDICAL PRODUCTS INC /DE/,future medical products inc de,input_alias
0000839087,VASO Corp,VASOMEDICAL INC,vasomedical,input_alias
0000839087,VASO Corp,"VASOMEDICAL, INC",vasomedical,input_alias
0000839470,"WESTWATER RESOURCES, INC.",URANIUM RESOURCES INC /DE/,uranium resources inc de,input_alias
0000840489,"FirstCash Holdings, Inc.",FIRST CASH FINANCIAL SERVICES INC,first cash financial services,input_alias
0000840489,"FirstCash Holdings, Inc.",FIRST CASH INC,first cash,input_alias
0000840489,"FirstCash Holdings, Inc.","FIRSTCASH, INC",firstcash,input_alias
0000840715,CLEARONE INC,CLEARONE COMMUNICATIONS INC,clearone communications,input_alias
0000840715,CLEARONE INC,GENTNER COMMUNICATIONS CORP,gentner communications,input_alias
0000840715,CLEARONE INC,GENTNER ELECTRONICS CORP,gentner electronics,input_alias
0000842023,BIO-TECHNE Corp,TECHNE CORP /MN/,techne corp mn,input_alias
0000842162,LEAR CORP,LEAR CORP /DE/,lear corp de,input_alias
0000842162,LEAR CORP,LEAR SEATING CORP,lear seating,input_alias
0000842162,LEAR CORP,LEAR SIEGLER SEATING CORP,lear siegler seating,input_alias
0000842517,ISABELLA BANK Corp,IBT BANCORP INC /MI/,ibt bancorp inc mi,input_alias
0000843006,ACCESS Newswire Inc.,DOCUCON INC,docucon,input_alias
0000843006,ACCESS Newswire Inc.,DOCUCON INCORPORATED,docucon incorporated,input_alias
0000843006,ACCESS Newswire Inc.,ISSUER DIRECT CORP,issuer direct,input_alias
0000844059,"FRP HOLDINGS, INC.",FRP PROPERTIES INC,frp properties,input_alias
0000844059,"FRP HOLDINGS, INC.",PATRIOT TRANSPORTATION HOLDING INC,patriot transportation,input_alias
0000844856,Healthier Choices Management Corp.,MILLER DIVERSIFIED CORP,miller diversified,input_alias
0000844856,Healthier Choices Management Corp.,VAPOR CORP.,vapor,input_alias
0000844887,DIAMONDHEAD CASINO CORP,EUROPA CRUISES CORP,europa cruises,input_alias
0000845385,PRINCETON CAPITAL CORP,REGAL ONE CORP,regal one,input_alias
0000845385,PRINCETON CAPITAL CORP,REGAL ONE Corp,regal one,input_alias
0000845819,"KonaTel, Inc.",DALA PETROLEUM CORP.,dala petroleum,input_alias
0000845819,"KonaTel, Inc.",WESTCOTT PRODUCTS CORP,westcott products,input_alias
0000846377,"Totaligent, Inc.","ALLTEMP, INC.",alltemp,input_alias
0000846377,"Totaligent, Inc.","SOURCE FINANCIAL, INC.",source financial,input_alias
0000846377,"Totaligent, Inc.","WIKI GROUP, INC.",wiki group,input_alias
0000846475,ZYNEX INC,FOX RIVER HOLDINGS INC,fox river,input_alias
0000846475,ZYNEX INC,ZYNEX MEDICAL HOLDINGS INC,zynex medical,input_alias
0000846617,"Dime Community Bancshares, Inc. /NY/",BRIDGE BANCORP INC,bridge bancorp,input_alias
0000846617,"Dime Community Bancshares, Inc. /NY/","BRIDGE BANCORP, INC.",bridge bancorp,input_alias
0000846913,"FUEL TECH, INC.",FUEL TECH N V,fuel tech n v,input_alias
0000849145,Heritage Global Inc.,ACCERIS COMMUNICATIONS INC,acceris communications,input_alias
0000849145,Heritage Global Inc.,C2 Global Technologies Inc,c2 global technologies,input_alias
0000849145,Heritage Global Inc.,Counsel RB Capital Inc.,counsel rb capital,input_alias
0000849146,Lifevantage Corp,ANDRAPLEX CORP,andraplex,input_alias
0000849146,Lifevantage Corp,"LIFELINE THERAPEUTICS, INC.",lifeline therapeutics,input_alias
0000849146,Lifevantage Corp,YAAK RIVER RESOURCES INC,yaak river resources,input_alias
0000849399,Gen Digital Inc.,NortonLifeLock Inc.,nortonlifelock,input_alias
0000849399,Gen Digital Inc.,SYMANTEC CORP,symantec,input_alias
0000849401,"ADM TRONICS UNLIMITED, INC.",ADM TRONICS UNLIMITED INC/DE,adm tronics unlimited incde,input_alias
0000850141,HORACE MANN EDUCATORS CORP /DE/,HORACE MANN EDUCATORS CORP,horace mann educators,input_alias
0000850209,"FOOT LOCKER, INC.",VENATOR GROUP INC,venator,input_alias
0000850209,"FOOT LOCKER, INC.",WOOLWORTH CORPORATION,woolworth,input_alias
0000850429,TREDEGAR CORP,TREDEGAR INDUSTRIES INC,tredegar industries,input_alias
0000851310,HARMONIC INC,HARMONIC LIGHTWAVES INC,harmonic lightwaves,input_alias
0000851520,EXPONENT INC,FAILURE GROUP INC,failure,input_alias
0000852772,DENNY'S Corp,ADVANTICA RESTAURANT GROUP INC,advantica restaurant,input_alias
0000852772,DENNY'S Corp,FLAGSTAR COMPANIES INC,flagstar companies,input_alias
0000855683,MILESTONE SCIENTIFIC INC.,MILESTONE SCIENTIFIC INC/NJ,milestone scientific incnj,input_alias
0000855683,MILESTONE SCIENTIFIC INC.,U S OPPORTUNITY SEARCH INC,u s opportunity search,input_alias
0000856984,"QHSLab, Inc.",AMERICAN BIOGENETIC SCIENCES INC,american biogenetic sciences,input_alias
0000856984,"QHSLab, Inc.",USA EQUITIES CORP.,usa equities,input_alias
0000856984,"QHSLab, Inc.",USA EQUITY CORP.,usa equity,input_alias
0000857005,PTC INC.,PARAMETRIC TECHNOLOGY CORP,parametric technology,input_alias
0000857855,UNITED COMMUNITY BANKS INC,UNION BANCSHARES INC /GA/,union bancshares inc ga,input_alias
0000857949,Enlightify Inc.,"China Green Agriculture, Inc.",china green agriculture,input_alias
0000857949,Enlightify Inc.,DISCOVERY TECHNOLOGIES INC,discovery technologies,input_alias
0000857949,Enlightify Inc.,DISCOVERY TECHNOLOGIES INC /KS/,discovery technologies inc ks,input_alias
0000858470,Coterra Energy Inc.,CABOT OIL & GAS CORP,cabot oil gas,input_alias
0000859070,FIRST COMMUNITY BANKSHARES INC /VA/,FCFT INC,fcft,input_alias
0000859070,FIRST COMMUNITY BANKSHARES INC /VA/,FIRST COMMUNITY BANCSHARES INC /NV/,first community bancshares inc nv,input_alias
0000860413,FIRST INTERSTATE BANCSYSTEM INC,FIRST INTERSTATE BANCSYSTEM OF MONTANA INC,first interstate bancsystem of montana,input_alias
0000860546,COPT DEFENSE PROPERTIES,CORPORATE OFFICE PROPERTIES TRUST,corporate office properties trust,input_alias
0000860546,COPT DEFENSE PROPERTIES,CORPORATE OFFICE PROPERTIES TRUST INC,corporate office properties trust,input_alias
0000860546,COPT DEFENSE PROPERTIES,ROYALE INVESTMENTS INC,royale investments,input_alias
0000860730,"HCA Healthcare, Inc.","HCA Holdings, Inc.",hca holdings,input_alias
0000860730,"HCA Healthcare, Inc.",HCA INC/TN,hca inctn,input_alias
0000860730,"HCA Healthcare, Inc.",HCA THE HEALTHCARE CO,hca the healthcare,input_alias
0000860731,TYLER TECHNOLOGIES INC,TYLER CORP /NEW/,tyler corp new,input_alias
0000860731,TYLER TECHNOLOGIES INC,TYLER THREE INC,tyler three,input_alias
0000860748,KEMPER Corp,UNITRIN INC,unitrin,input_alias
0000861842,CATHAY GENERAL BANCORP,CATHAY BANCORP INC,cathay bancorp,input_alias
0000861884,"RELIANCE, INC.",RELIANCE STEEL & ALUMINUM CO,reliance steel aluminum,input_alias
0000862668,ESCALON MEDICAL CORP,INTELLIGENT SURGICAL LASERS INC,intelligent surgical lasers,input_alias
0000862861,ALT5 Sigma Corp,APPLIANCE RECYCLING CENTERS OF AMERICA INC /MN,appliance recycling centers of america inc mn,input_alias
0000862861,ALT5 Sigma Corp,JanOne Inc.,janone,input_alias
0000863894,VERU INC.,FEMALE HEALTH CO,female health,input_alias
0000863894,VERU INC.,WISCONSIN PHARMACAL COMPANY INC,wisconsin pharmacal,input_alias
0000864240,SYPRIS SOLUTIONS INC,GROUP TECHNOLOGIES CORP,group technologies,input_alias
0000864749,TRIMBLE INC.,TRIMBLE NAVIGATION LTD /CA/,trimble navigation ltd ca,input_alias
0000865752,Monster Beverage Corp,HANSEN NATURAL CORP,hansen natural,input_alias
0000865752,Monster Beverage Corp,UNIPAC CORP,unipac,input_alias
0000866374,FLEX LTD.,FLEX HOLDINGS PTE LTD,flex holdings pte,input_alias
0000866374,FLEX LTD.,FLEXTRONICS INTERNATIONAL LTD,flextronics international,input_alias
0000866374,FLEX LTD.,FLEXTRONICS INTERNATIONAL LTD.,flextronics international,input_alias
0000866439,"DarkPulse, Inc.",KLEVER MARKETING INC,klever marketing,input_alias
0000866439,"DarkPulse, Inc.",VIDEOCART INC,videocart,input_alias
0000866706,ESCO TECHNOLOGIES INC,ESCO ELECTRONICS CORP,esco electronics,input_alias
0000866829,HELIX ENERGY SOLUTIONS GROUP INC,CAL DIVE INTERNATIONAL INC,cal dive international,input_alias
0000867840,"PRECISION OPTICS CORPORATION, INC.",PRECISION OPTICS CORP INC,precision optics,input_alias
0000867840,"PRECISION OPTICS CORPORATION, INC.",PRECISION OPTICS CORPORATION INC,precision optics,input_alias
0000867840,"PRECISION OPTICS CORPORATION, INC.",PRECISION OPTICS Corp INC,precision optics,input_alias
0000868278,"ProPhase Labs, Inc.",QUIGLEY CORP,quigley,input_alias
0000868780,"Dorman Products, Inc.",R & B INC,r b,input_alias
0000868857,AECOM,AECOM TECHNOLOGY CORP,aecom technology,input_alias
0000871763,ManpowerGroup Inc.,MANPOWER INC /WI/,manpower inc wi,input_alias
0000873303,"Sarepta Therapeutics, Inc.",ANTIVIRALS INC,antivirals,input_alias
0000873303,"Sarepta Therapeutics, Inc.",AVI BIOPHARMA INC,avi biopharma,input_alias
0000873303,"Sarepta Therapeutics, Inc.","Sarepta Therapuetics, Inc.",sarepta therapuetics,input_alias
0000873860,ONITY GROUP INC.,OCWEN FINANCIAL CORP,ocwen financial,input_alias
0000873860,ONITY GROUP INC.,OCWEN FINANCIAL Corp,ocwen financial,input_alias
0000874015,IONIS PHARMACEUTICALS INC,ISIS PHARMACEUTICALS INC,isis pharmaceuticals,input_alias
0000874238,"STERLING INFRASTRUCTURE, INC.",OAKHURST CAPITAL INC,oakhurst capital,input_alias
0000874238,"STERLING INFRASTRUCTURE, INC.",OAKHURST CO INC,oakhurst,input_alias
0000874238,"STERLING INFRASTRUCTURE, INC.",STERLING CONSTRUCTION CO INC,sterling construction,input_alias
0000874396,"LIFETIME BRANDS, INC",LIFETIME HOAN CORP,lifetime hoan,input_alias
0000874499,GULFPORT ENERGY CORP,WESTERN RESOURCE TECHNOLOGIES INC,western resource technologies,input_alias
0000874499,GULFPORT ENERGY CORP,WRT ENERGY CORP,wrt energy,input_alias
0000874501,AMBAC FINANCIAL GROUP INC,AMBAC INC /DE/,ambac inc de,input_alias
0000874716,IDEXX LABORATORIES INC /DE,IDEXX CORP / DE,idexx corp de,input_alias
0000874766,"HARTFORD INSURANCE GROUP, INC.",HARTFORD FINANCIAL SERVICES GROUP INC/DE,hartford financial services group incde,input_alias
0000874766,"HARTFORD INSURANCE GROUP, INC.","HARTFORD FINANCIAL SERVICES GROUP, INC.",hartford financial services group,input_alias
0000874766,"HARTFORD INSURANCE GROUP, INC.",ITT HARTFORD GROUP INC /DE,itt hartford group inc de,input_alias
0000874866,CORVEL CORP,FORTIS CORP,fortis,input_alias
0000875045,BIOGEN INC.,BIOGEN IDEC INC,biogen idec,input_alias
0000875045,BIOGEN INC.,BIOGEN IDEC INC.,biogen idec,input_alias
0000875045,BIOGEN INC.,IDEC PHARMACEUTICALS CORP / DE,idec pharmaceuticals corp de,input_alias
0000875355,"LENDWAY, INC.",INSIGNIA SYSTEMS INC/MN,insignia systems incmn,input_alias
0000875357,BOK FINANCIAL CORP,BOK FINANCIAL CORP ET AL,bok financial corp et al,input_alias
0000875582,NORTHERN TECHNOLOGIES INTERNATIONAL CORP,NORTHERN INSTRUMENTS CORP,northern instruments,input_alias
0000875657,ULTRALIFE CORP,ULTRALIFE BATTERIES INC,ultralife batteries,input_alias
0000875729,BION ENVIRONMENTAL TECHNOLOGIES INC,RSTS CORP,rsts,input_alias
0000876343,"Lineage Cell Therapeutics, Inc.",BIOTIME INC,biotime,input_alias
0000876427,"MONRO, INC.",MONRO MUFFLER BRAKE INC,monro muffler brake,input_alias
0000876883,Stagwell Inc,MDC CORP INC,mdc,input_alias
0000876883,Stagwell Inc,MDC PARTNERS INC,mdc partners,input_alias
0000876883,Stagwell Inc,MDC Stagwell Holdings Inc,mdc stagwell,input_alias
0000877212,ZEBRA TECHNOLOGIES CORP,ZEBRA TECHNOLOGIES CORP/DE,zebra technologies corpde,input_alias
0000877422,SpartanNash Co,SPARTAN STORES INC,spartan stores,input_alias
0000878927,"OLD DOMINION FREIGHT LINE, INC.",OLD DOMINION FREIGHT LINE INC/VA,old dominion freight line incva,input_alias
0000878932,"EQUUS TOTAL RETURN, INC.",EQUUS II INC,equus ii,input_alias
0000879169,INCYTE CORP,INCYTE GENOMICS INC,incyte genomics,input_alias
0000879169,INCYTE CORP,INCYTE PHARMACEUTICALS INC,incyte pharmaceuticals,input_alias
0000879407,"ARROWHEAD PHARMACEUTICALS, INC.",ARROWHEAD RESEARCH CORP,arrowhead research,input_alias
0000879407,"ARROWHEAD PHARMACEUTICALS, INC.",INTERACTIVE GROUP INC,interactive,input_alias
0000879407,"ARROWHEAD PHARMACEUTICALS, INC.",INTERACTIVE INC,interactive,input_alias
0000879526,WABASH NATIONAL Corp,WABASH NATIONAL CORP /DE,wabash national corp de,input_alias
0000879585,"ATN International, Inc.",ATLANTIC TELE NETWORK INC /DE,atlantic tele network inc de,input_alias
0000879911,"APPLIED ENERGETICS, INC.","IONATRON, INC.",ionatron,input_alias
0000879911,"APPLIED ENERGETICS, INC.",NATURAL EARTH TECHNOLOGIES INC,natural earth technologies,input_alias
0000879911,"APPLIED ENERGETICS, INC.",US HOME & GARDEN INC,us home garden,input_alias
0000880242,"BIOLARGO, INC.",LATIN AMERICAN CASINOS INC,latin american casinos,input_alias
0000880242,"BIOLARGO, INC.",NUWAY ENERGY INC,nuway energy,input_alias
0000880242,"BIOLARGO, INC.",NUWAY MEDICAL INC,nuway medical,input_alias
0000880417,"CSB Bancorp, Inc.",CSB BANCORP INC /OH,csb bancorp inc oh,input_alias
0000880631,"WisdomTree, Inc.",FINANCIAL DATA SYSTEMS,financial data systems,input_alias
0000880631,"WisdomTree, Inc.",INDEX DEVELOPMENT PARTNERS INC,index development partners,input_alias
0000880631,"WisdomTree, Inc.","WisdomTree Investments, Inc.",wisdomtree investments,input_alias
0000880984,"ACORN ENERGY, INC.","ACORN FACTOR, INC.",acorn factor,input_alias
0000880984,"ACORN ENERGY, INC.",DATA SYSTEMS & SOFTWARE INC,data systems software,input_alias
0000880984,"ACORN ENERGY, INC.",DEFENSE SOFTWARE & SYSTEMS INC,defense software systems,input_alias
0000881453,FORTITUDE LIFE INSURANCE & ANNUITY CO,AMERICAN SKANDIA LIFE ASSURANCE CORP/CT,american skandia life assurance corpct,input_alias
0000881453,FORTITUDE LIFE INSURANCE & ANNUITY CO,PRUDENTIAL ANNUITIES LIFE ASSURANCE CORP/CT,prudential annuities life assurance corpct,input_alias
0000882291,AETHLON MEDICAL INC,BISHOP EQUITIES INC,bishop equities,input_alias
0000882361,Aptose Biosciences Inc.,"Aptose Biosciences Inc., (formerly LORUS THERAPEUTICS INC.)",aptose biosciences inc formerly lorus therapeutics inc,input_alias
0000882361,Aptose Biosciences Inc.,IMUTEC PHARMA INC,imutec pharma,input_alias
0000882361,Aptose Biosciences Inc.,LORUS THERAPEUTICS INC,lorus therapeutics,input_alias
0000882835,ROPER TECHNOLOGIES INC,ROPER INDUSTRIES INC,roper industries,input_alias
0000882835,ROPER TECHNOLOGIES INC,ROPER INDUSTRIES INC /DE/,roper industries inc de,input_alias
0000883237,"VIRTUS INVESTMENT PARTNERS, INC.",DUFF & PHELPS CORP,duff phelps,input_alias
0000883237,"VIRTUS INVESTMENT PARTNERS, INC.",PHOENIX DUFF & PHELPS CORP,phoenix duff phelps,input_alias
0000883237,"VIRTUS INVESTMENT PARTNERS, INC.",PHOENIX INVESTMENT PARTNERS LTD/CT,phoenix investment partners ltdct,input_alias
0000883569,"Fossil Group, Inc.",FOSSIL INC,fossil,input_alias
0000883902,"Cornerstone Building Brands, Inc.",NATIONAL COMPONENTS INCORPORATED,national components incorporated,input_alias
0000883902,"Cornerstone Building Brands, Inc.",NCI BUILDING SYSTEMS INC,nci building systems,input_alias
0000883948,Atlantic Union Bankshares Corp,UNION FIRST MARKET BANKSHARES CORP,union first market bankshares,input_alias
0000883948,Atlantic Union Bankshares Corp,Union Bankshares Corp,union bankshares,input_alias
0000883975,Microbot Medical Inc.,CYTOTHERAPEUTICS INC/DE,cytotherapeutics incde,input_alias
0000883975,Microbot Medical Inc.,STEMCELLS INC,stemcells,input_alias
0000884144,ASURE SOFTWARE INC,FORGENT NETWORKS INC,forgent networks,input_alias
0000884144,ASURE SOFTWARE INC,VIDEO TELECOM CORP,video telecom,input_alias
0000884144,ASURE SOFTWARE INC,VTEL CORP,vtel,input_alias
0000884219,"Pursuit Attractions & Hospitality, Inc.",DIAL CORP /DE/,dial corp de,input_alias
0000884219,"Pursuit Attractions & Hospitality, Inc.",NEW DIAL CORP,new dial,input_alias
0000884219,"Pursuit Attractions & Hospitality, Inc.",VIAD CORP,viad,input_alias
0000884269,ALPHA PRO TECH LTD,BFD INDUSTRIES INC,bfd industries,input_alias
0000884614,UGI CORP /PA/,NEW UGI CORP,new ugi,input_alias
0000884624,Orthofix Medical Inc.,ORTHOFIX INTERNATIONAL N V,orthofix international n v,input_alias
0000884650,INFINITE GROUP INC,INFINITE MACHINE CORP,infinite machine,input_alias
0000884887,ROYAL CARIBBEAN CRUISES LTD,RA HOLDINGS INC,ra,input_alias
0000885462,"GULF RESOURCES, INC.",DIVERSIFAX INC,diversifax,input_alias
0000885508,STRATUS PROPERTIES INC,FM PROPERTIES INC,fm properties,input_alias
0000885590,Bausch Health Companies Inc.,BIOVAIL CORP INTERNATIONAL,biovail corp international,input_alias
0000885590,Bausch Health Companies Inc.,BIOVAIL Corp,biovail,input_alias
0000885590,Bausch Health Companies Inc.,"Valeant Pharmaceuticals International, Inc.",valeant pharmaceuticals international,input_alias
0000886128,FUELCELL ENERGY INC,ENERGY RESEARCH CORP /NY/,energy research corp ny,input_alias
0000886206,FRANKLIN COVEY CO,FRANKLIN QUEST CO,franklin quest,input_alias
0000886346,KADANT INC,THERMO FIBERTEK INC,thermo fibertek,input_alias
0000886982,GOLDMAN SACHS GROUP INC,GOLDMAN SACHS GROUP INC/,goldman sachs group inc,input_alias
0000887359,Vericel Corp,AASTROM BIOSCIENCES INC,aastrom biosciences,input_alias
0000887396,EMPIRE PETROLEUM CORP,AMERICOMM CORP,americomm,input_alias
0000887396,EMPIRE PETROLEUM CORP,AMERICOMM RESOURCES CORP,americomm resources,input_alias
0000887596,CHEESECAKE FACTORY INC,CHEESECAKE FACTORY INCORPORATED,cheesecake factory incorporated,input_alias
0000887936,"FTI CONSULTING, INC",FORENSIC TECHNOLOGIES INTERNATIONAL CORP,forensic technologies international,input_alias
0000889900,PATTERSON UTI ENERGY INC,PATTERSON ENERGY INC,patterson energy,input_alias
0000890394,Peraso Inc.,MONOLITHIC SYSTEM TECHNOLOGY INC,monolithic system technology,input_alias
0000890394,Peraso Inc.,"MoSys, Inc.",mosys,input_alias
0000890564,ASGN Inc,ON ASSIGNMENT INC,on assignment,input_alias
0000890821,"Enveric Biosciences, Inc.","AMERI Holdings, Inc.",ameri holdings,input_alias
0000890821,"Enveric Biosciences, Inc.",SPATIALIZER AUDIO LABORATORIES INC,spatializer audio laboratories,input_alias
0000890926,RADIAN GROUP INC,CMAC INVESTMENT CORP,cmac investment,input_alias
0000891103,"Match Group, Inc.",IAC/INTERACTIVECORP,iacinteractivecorp,input_alias
0000891103,"Match Group, Inc.",INTERACTIVECORP,interactivecorp,input_alias
0000891103,"Match Group, Inc.",USA INTERACTIVE,usa interactive,input_alias
0000891166,"UNIVERSAL INSURANCE HOLDINGS, INC.",UNIVERSAL HEIGHTS INC,universal heights,input_alias
0000891166,"UNIVERSAL INSURANCE HOLDINGS, INC.",UNIVERSAL INSURANCE HOLDINGS INC,universal insurance,input_alias
0000893538,SM Energy Co,ST MARY LAND & EXPLORATION CO,st mary land exploration,input_alias
0000893847,"HAWTHORN BANCSHARES, INC.",EXCHANGE NATIONAL BANCSHARES INC,exchange national bancshares,input_alias
0000893949,"Pediatrix Medical Group, Inc.","MEDNAX, INC.",mednax,input_alias
0000893949,"Pediatrix Medical Group, Inc.",PEDIATRIX MEDICAL GROUP INC,pediatrix medical,input_alias
0000894081,"Air Transport Services Group, Inc.",ABX AIR INC,abx air,input_alias
0000894081,"Air Transport Services Group, Inc.","ABX Holdings, Inc.",abx holdings,input_alias
0000894158,"Theriva Biologics, Inc.","ADEONA PHARMACEUTICALS, INC.",adeona pharmaceuticals,input_alias
0000894158,"Theriva Biologics, Inc.","PIPEX PHARMACEUTICALS, INC.",pipex pharmaceuticals,input_alias
0000894158,"Theriva Biologics, Inc.","Synthetic Biologics, Inc.",synthetic biologics,input_alias
0000894315,SITE Centers Corp.,DDR CORP,ddr,input_alias
0000894315,SITE Centers Corp.,DEVELOPERS DIVERSIFIED REALTY CORP,developers diversified realty,input_alias
0000894405,ARCBEST CORP /DE/,ARKANSAS BEST CORP /DE/,arkansas best corp de,input_alias
0000894501,"GOLD ROCK HOLDINGS, INC.",AFFORDABLE HOMES OF AMERICA INC,affordable homes of america,input_alias
0000894501,"GOLD ROCK HOLDINGS, INC.",COMPOSITE HOLDINGS INC,composite,input_alias
0000894501,"GOLD ROCK HOLDINGS, INC.",WORLD HOMES INC,world homes,input_alias
0000894556,"General Enterprise Ventures, Inc.","GENERAL ENTERTAINMENT VENTURES, INC",general entertainment ventures,input_alias
0000894556,"General Enterprise Ventures, Inc.","GENERAL ENVIRONMENTAL MANAGEMENT, INC",general environmental management,input_alias
0000894556,"General Enterprise Ventures, Inc.","GENERAL ENVIRONMENTAL VENTURES, INC",general environmental ventures,input_alias
0000894871,"Arena Group Holdings, Inc.",INTEGRATED SURGICAL SYSTEMS INC,integrated surgical systems,input_alias
0000894871,"Arena Group Holdings, Inc.","THEMAVEN, INC.",themaven,input_alias
0000894871,"Arena Group Holdings, Inc.","theMaven, Inc.",themaven,input_alias
0000895126,EXPAND ENERGY Corp,CHESAPEAKE ENERGY CORP,chesapeake energy,input_alias
0000895417,EQUITY LIFESTYLE PROPERTIES INC,MANUFACTURED HOME COMMUNITIES INC,manufactured home communities,input_alias
0000895419,"WOLFSPEED, INC.",CREE INC,cree,input_alias
0000895419,"WOLFSPEED, INC.",CREE RESEARCH INC /NC/,cree research inc nc,input_alias
0000895419,"WOLFSPEED, INC.","CREE, INC.",cree,input_alias
0000895421,MORGAN STANLEY,DEAN WITTER DISCOVER & CO,dean witter discover,input_alias
0000895421,MORGAN STANLEY,MORGAN STANLEY DEAN WITTER & CO,morgan stanley dean witter,input_alias
0000895456,"ROCKY BRANDS, INC.",ROCKY SHOES & BOOTS INC,rocky shoes boots,input_alias
0000895728,ENBRIDGE INC,INTERPROVINCIAL PIPE LINE SYSTEM INC,interprovincial pipe line system,input_alias
0000895728,ENBRIDGE INC,IPL ENERGY INC,ipl energy,input_alias
0000896159,Chubb Ltd,ACE LTD,ace,input_alias
0000896159,Chubb Ltd,ACE Ltd,ace,input_alias
0000896262,AMEDISYS INC,ANALYTICAL NURSING MANAGEMENT CORP,analytical nursing management,input_alias
0000896262,AMEDISYS INC,M&N CAPITAL CORP,mn capital,input_alias
0000896264,USANA HEALTH SCIENCES INC,USANA INC,usana,input_alias
0000896429,"CANTALOUPE, INC.",USA ENTERTAINMENT CENTER INC,usa entertainment center,input_alias
0000896429,"CANTALOUPE, INC.",USA TECHNOLOGIES INC,usa technologies,input_alias
0000896493,"Hyperscale Data, Inc.","Ault Alliance, Inc.",ault alliance,input_alias
0000896493,"Hyperscale Data, Inc.","Ault Global Holdings, Inc.",ault global holdings,input_alias
0000896493,"Hyperscale Data, Inc.","BitNile Holdings, Inc.",bitnile holdings,input_alias
0000897078,"Resonate Blends, Inc.","Textmunication Holdings, Inc.",textmunication holdings,input_alias
0000897078,"Resonate Blends, Inc.","Textmunications Holdings, Inc.",textmunications holdings,input_alias
0000897448,AMARIN CORP PLC\UK,AMARIN PHARMACEUTICALS PLC,amarin pharmaceuticals,input_alias
0000897448,AMARIN CORP PLC\UK,ETHICAL HOLDINGS PLC,ethical,input_alias
0000897723,SANMINA CORP,SANMINA CORP/DE,sanmina corpde,input_alias
0000897723,SANMINA CORP,SANMINA-SCI CORP,sanminasci,input_alias
0000898171,UWHARRIE CAPITAL CORP,STANLY CAPITAL CORP,stanly capital,input_alias
0000898293,JABIL INC,JABIL CIRCUIT INC,jabil circuit,input_alias
0000898437,"Anika Therapeutics, Inc.",ANIKA RESEARCH INC,anika research,input_alias
0000899045,LAMAR MEDIA CORP/DE,LAMAR ADVERTISING CO,lamar advertising,input_alias
0000899045,LAMAR MEDIA CORP/DE,LAMAR ADVERTISING CO /DE/,lamar advertising co de,input_alias
0000899045,LAMAR MEDIA CORP/DE,LAMAR MEDIA CORP,lamar media,input_alias
0000899629,ACADIA REALTY TRUST,MARK CENTERS TRUST,mark centers trust,input_alias
0000899715,TANGER INC.,TANGER FACTORY OUTLET CENTERS INC,tanger factory outlet centers,input_alias
0000899715,TANGER INC.,"TANGER FACTORY OUTLET CENTERS, INC",tanger factory outlet centers,input_alias
0000899751,TITAN INTERNATIONAL INC,TITAN WHEEL INTERNATIONAL INC,titan wheel international,input_alias
0000903129,Gentherm Inc,AMERIGON INC,amerigon,input_alias
0000903419,ALERUS FINANCIAL CORP,FIRST NATIONAL CORP NORTH DAKOTA,first national corp north dakota,input_alias
0000903651,INNODATA INC,INNODATA ISOGEN INC,innodata isogen,input_alias
0000906107,EQUITY RESIDENTIAL,EQUITY RESIDENTIAL PROPERTIES TRUST,equity residential properties trust,input_alias
0000906465,QCR HOLDINGS INC,QUAD CITY HOLDINGS INC,quad city,input_alias
0000906553,BOYD GAMING CORP,BOYD GROUP,boyd,input_alias
0000906709,NEKTAR THERAPEUTICS,INHALE THERAPEUTIC SYSTEMS,inhale therapeutic systems,input_alias
0000906709,NEKTAR THERAPEUTICS,INHALE THERAPEUTIC SYSTEMS INC,inhale therapeutic systems,input_alias
0000907471,"PATHWARD FINANCIAL, INC.",FIRST MIDWEST FINANCIAL INC,first midwest financial,input_alias
0000907471,"PATHWARD FINANCIAL, INC.",META FINANCIAL GROUP INC,meta financial,input_alias
0000907654,"Oruka Therapeutics, Inc.","ARCA biopharma, Inc.",arca biopharma,input_alias
0000907654,"Oruka Therapeutics, Inc.",HYSEQ INC,hyseq,input_alias
0000907654,"Oruka Therapeutics, Inc.",NUVELO INC,nuvelo,input_alias
0000908255,BORGWARNER INC,BORG WARNER AUTOMOTIVE INC,borg warner automotive,input_alias
0000908259,"Oncotelic Therapeutics, Inc.",MATEON THERAPEUTICS INC,mateon therapeutics,input_alias
0000908259,"Oncotelic Therapeutics, Inc.",OXIGENE INC,oxigene,input_alias
0000908311,Creative Media & Community Trust Corp,CIM Commercial Trust Corp,cim commercial trust,input_alias
0000908311,Creative Media & Community Trust Corp,PMC COMMERCIAL TRUST /TX,pmc commercial trust tx,input_alias
0000908315,WINMARK CORP,GROW BIZ INTERNATIONAL INC,grow biz international,input_alias
0000908937,SIRIUS XM HOLDINGS INC.,CD RADIO INC,cd radio,input_alias
0000908937,SIRIUS XM HOLDINGS INC.,SIRIUS SATELLITE RADIO INC,sirius satellite radio,input_alias
0000908937,SIRIUS XM HOLDINGS INC.,SIRIUS XM RADIO INC.,sirius xm radio,input_alias
0000909108,DIAMOND HILL INVESTMENT GROUP INC,BANC STOCK GROUP INC,banc stock,input_alias
0000909108,DIAMOND HILL INVESTMENT GROUP INC,HEARTLAND FINANCIAL GROUP INC,heartland financial,input_alias
0000909108,DIAMOND HILL INVESTMENT GROUP INC,HEARTLAND GROUP OF COMPANIES INC,heartland group of companies,input_alias
0000909494,TUCOWS INC /PA/,INFONAUTICS CORP,infonautics,input_alias
0000909494,TUCOWS INC /PA/,INFONAUTICS INC,infonautics,input_alias
0000909724,TANDY LEATHER FACTORY INC,LEATHER FACTORY INC,leather factory,input_alias
0000909832,COSTCO WHOLESALE CORP /NEW,COSTCO COMPANIES INC,costco companies,input_alias
0000909832,COSTCO WHOLESALE CORP /NEW,PRICE/COSTCO INC,pricecostco,input_alias
0000910073,"FLAGSTAR FINANCIAL, INC.",NEW YORK COMMUNITY BANCORP INC,new york community bancorp,input_alias
0000910073,"FLAGSTAR FINANCIAL, INC.","NEW YORK COMMUNITY BANCORP, INC.",new york community bancorp,input_alias
0000910073,"FLAGSTAR FINANCIAL, INC.",QUEENS COUNTY BANCORP INC,queens county bancorp,input_alias
0000910108,LXP Industrial Trust,LEXINGTON CORPORATE PROPERTIES INC,lexington corporate properties,input_alias
0000910108,LXP Industrial Trust,LEXINGTON CORPORATE PROPERTIES TRUST,lexington corporate properties trust,input_alias
0000910108,LXP Industrial Trust,LEXINGTON REALTY TRUST,lexington realty trust,input_alias
0000910329,MEDIFAST INC,00,00,input_alias
0000910329,MEDIFAST INC,HEALTHRITE INC,healthrite,input_alias
0000910329,MEDIFAST INC,XX,xx,input_alias
0000910406,HAIN CELESTIAL GROUP INC,21ST CENTURY FOOD PRODUCTS CORP,21st century food products,input_alias
0000910406,HAIN CELESTIAL GROUP INC,HAIN FOOD GROUP INC,hain food,input_alias
0000910406,HAIN CELESTIAL GROUP INC,KINERET ACQUISITION CORP,kineret acquisition,input_alias
0000910521,DECKERS OUTDOOR CORP,DECKERS FOOTWEAR CORP,deckers footwear,input_alias
0000910606,REGENCY CENTERS CORP,REGENCY REALTY CORP,regency realty,input_alias
0000910638,3D SYSTEMS CORP,3 D SYSTEMS CORP,3 d systems,input_alias
0000911147,CENTURY CASINOS INC /CO/,ALPINE GAMING INC,alpine gaming,input_alias
0000911147,CENTURY CASINOS INC /CO/,CENTURY CASINOS INC,century casinos,input_alias
0000911216,PALATIN TECHNOLOGIES INC,INTERFILM INC,interfilm,input_alias
0000912093,VIAVI SOLUTIONS INC.,JDS UNIPHASE CORP /CA/,jds uniphase corp ca,input_alias
0000912463,GUESS INC,GUESS INC ET AL/CA/,guess inc et alca,input_alias
0000912544,NovelStem International Corp.,HOLLYWOOD COM INC,hollywood com,input_alias
0000912544,NovelStem International Corp.,HOLLYWOOD MEDIA CORP,hollywood media,input_alias
0000912562,"GIBRALTAR INDUSTRIES, INC.",GIBRALTAR STEEL CORP,gibraltar steel,input_alias
0000912728,FORWARD AIR CORP,LANDAIR SERVICES INC,landair services,input_alias
0000912752,"Sinclair Broadcast Group, LLC",SINCLAIR BROADCAST GROUP INC,sinclair broadcast,input_alias
0000912766,"LAUREATE EDUCATION, INC.",SYLVAN LEARNING SYSTEMS INC,sylvan learning systems,input_alias
0000912767,UFP INDUSTRIES INC,UNIVERSAL FOREST PRODUCTS INC,universal forest products,input_alias
0000913142,BELDEN INC.,BELDEN CDT INC.,belden cdt,input_alias
0000913142,BELDEN INC.,CABLE DESIGN TECHNOLOGIES CORP,cable design technologies,input_alias
0000913241,"STEVEN MADDEN, LTD.",MADDEN STEVEN LTD,madden steven,input_alias
0000913277,Clarus Corp,"Black Diamond, Inc.",black diamond,input_alias
0000913277,Clarus Corp,SQL FINANCIALS INTERNATIONAL INC /DE/,sql financials international inc de,input_alias
0000913760,StoneX Group Inc.,INTERNATIONAL ASSETS HOLDING CORP,international assets,input_alias
0000913760,StoneX Group Inc.,INTL FCSTONE INC.,intl fcstone,input_alias
0000914122,"Perma-Pipe International Holdings, Inc.",MFRI INC,mfri,input_alias
0000914122,"Perma-Pipe International Holdings, Inc.",MIDWESCO FILTER RESOURCES INC,midwesco filter resources,input_alias
0000914208,Invesco Ltd.,Invesco Asset Management Deutschland GMBH,invesco asset management deutschland gmbh,input_alias
0000914748,EVEREST REINSURANCE HOLDINGS INC,PRUDENTIAL REINSURANCE HOLDINGS INC,prudential reinsurance,input_alias
0000915912,AVALONBAY COMMUNITIES INC,AVALON BAY COMMUNITIES INC,avalon bay communities,input_alias
0000915912,AVALONBAY COMMUNITIES INC,BAY APARTMENT COMMUNITIES INC,bay apartment communities,input_alias
0000915913,ALBEMARLE CORP,ECHEM INC,echem,input_alias
0000916540,DARLING INGREDIENTS INC.,DARLING INTERNATIONAL INC,darling international,input_alias
0000917225,SOLITARIO RESOURCES CORP.,SOLITARIO EXPLORATION & ROYALTY CORP.,solitario exploration royalty,input_alias
0000917225,SOLITARIO RESOURCES CORP.,SOLITARIO ZINC CORP.,solitario zinc,input_alias
0000918251,MOTORCAR PARTS OF AMERICA INC,MOTORCAR PARTS & ACCESSORIES INC,motorcar parts accessories,input_alias
0000918251,MOTORCAR PARTS OF AMERICA INC,MOTORCAR PARTS AMERICA INC,motorcar parts america,input_alias
0000918541,NN INC,NN BALL & ROLLER INC,nn ball roller,input_alias
0000918646,EAGLE MATERIALS INC,CENTEX CONSTRUCTION PRODUCTS INC,centex construction products,input_alias
0000919864,Finward Bancorp,NORTHWEST INDIANA BANCORP,northwest indiana bancorp,input_alias
0000920148,LABCORP HOLDINGS INC.,LABORATORY CORP OF AMERICA HOLDINGS,laboratory corp of america,input_alias
0000920148,LABCORP HOLDINGS INC.,NATIONAL HEALTH LABORATORIES HOLDINGS INC,national health laboratories,input_alias
0000920371,"Simpson Manufacturing Co., Inc.",SIMPSON MANUFACTURING CO INC /CA/,simpson manufacturing co inc ca,input_alias
0000920427,UNITY BANCORP INC /NJ/,UNITY BANCORP INC /DE/,unity bancorp inc de,input_alias
0000920522,"ESSEX PROPERTY TRUST, INC.",ESSEX PORTFOLIO LP,essex portfolio lp,input_alias
0000920760,LENNAR CORP /NEW/,PACIFIC GREYSTONE CORP /DE/,pacific greystone corp de,input_alias
0000921114,"Armata Pharmaceuticals, Inc.",AmpliPhi Biosciences Corp,ampliphi biosciences,input_alias
0000921114,"Armata Pharmaceuticals, Inc.",TARGETED GENETICS CORP /WA/,targeted genetics corp wa,input_alias
0000921738,"PENN Entertainment, Inc.",PENN NATIONAL GAMING INC,penn national gaming,input_alias
0000922224,PPL Corp,PP&L RESOURCES INC,ppl resources,input_alias
0000923601,"Algorhythm Holdings, Inc.",SINGING MACHINE CO INC,singing machine,input_alias
0000923796,GEO GROUP INC,WACKENHUT CORRECTIONS CORP,wackenhut corrections,input_alias
0000924168,"ENERGY FOCUS, INC/DE",FIBERSTARS INC /CA/,fiberstars inc ca,input_alias
0000924383,Genasys Inc.,AMERICAN TECHNOLOGY CORP /DE/,american technology corp de,input_alias
0000924383,Genasys Inc.,LRAD Corp,lrad,input_alias
0000924515,GUIDED THERAPEUTICS INC,SPECTRX INC,spectrx,input_alias
0000924805,Freedom Holding Corp.,BMB MUNAI INC,bmb munai,input_alias
0000924805,Freedom Holding Corp.,INTERUNION FINANCIAL CORP,interunion financial,input_alias
0000924901,"Veris Residential, Inc.",CALI REALTY CORP /NEW/,cali realty corp new,input_alias
0000924901,"Veris Residential, Inc.",CALI REALTY L P,cali realty l p,input_alias
0000924901,"Veris Residential, Inc.",MACK CALI REALTY CORP,mack cali realty,input_alias
0000925528,HUDSON TECHNOLOGIES INC /NY,REFRIGERANT RECLAMATION INDUSTRIES INC,refrigerant reclamation industries,input_alias
0000925741,"BioCardia, Inc.",CLICKNSETTLE COM INC,clicknsettle com,input_alias
0000925741,"BioCardia, Inc.","Cardo Medical, Inc.",cardo medical,input_alias
0000925741,"BioCardia, Inc.","Tiger X Medical, Inc.",tiger x medical,input_alias
0000926282,"ADTRAN Holdings, Inc.",ADTRAN INC,adtran,input_alias
0000926326,"OMNICELL, INC.",OMNICELL COM /CA/,omnicell com ca,input_alias
0000926326,"OMNICELL, INC.",OMNICELL INC /CA/,omnicell inc ca,input_alias
0000926423,"MIND TECHNOLOGY, INC",MITCHAM INDUSTRIES INC,mitcham industries,input_alias
0000926617,Aspira Women's Health Inc.,ABIOTIC SYSTEMS,abiotic systems,input_alias
0000926617,Aspira Women's Health Inc.,CIPHERGEN BIOSYSTEMS INC,ciphergen biosystems,input_alias
0000926617,Aspira Women's Health Inc.,"VERMILLION, INC.",vermillion,input_alias
0000926660,"Apartment Income REIT, L.P.",AIMCO PROPERTIES L.P.,aimco properties lp,input_alias
0000926660,"Apartment Income REIT, L.P.",AIMCO PROPERTIES LP,aimco properties lp,input_alias
0000926844,Fuss Brands Corp.,ANZA CAPITAL INC,anza capital,input_alias
0000926844,Fuss Brands Corp.,China Botanic Pharmaceutical,china botanic pharmaceutical,input_alias
0000926844,Fuss Brands Corp.,RENHUANG PHARMACEUTICALS INC,renhuang pharmaceuticals,input_alias
0000927066,DAVITA INC.,DAVITA HEALTHCARE PARTNERS INC.,davita healthcare partners,input_alias
0000927066,DAVITA INC.,TOTAL RENAL CARE HOLDINGS INC,total renal care,input_alias
0000927628,CAPITAL ONE FINANCIAL CORP,OAKSTONE FINANCIAL CORP,oakstone financial,input_alias
0000927653,MCKESSON CORP,MCKESSON HBOC INC,mckesson hboc,input_alias
0000927653,MCKESSON CORP,SP VENTURES INC,sp ventures,input_alias
0000928340,Consolidated Water Co. Ltd.,CAYMAN WATER CO LTD,cayman water,input_alias
0000928658,"COVENANT LOGISTICS GROUP, INC.",COVENANT TRANSPORT INC,covenant transport,input_alias
0000928658,"COVENANT LOGISTICS GROUP, INC.",COVENANT TRANSPORTATION GROUP INC,covenant transportation,input_alias
0000929008,WESCO INTERNATIONAL INC,CDW HOLDING CORP,cdw,input_alias
0000929351,STARZ ENTERTAINMENT CORP /CN/,BERINGER GOLD CORP,beringer gold,input_alias
0000929351,STARZ ENTERTAINMENT CORP /CN/,GUYANA GOLD CORP,guyana gold,input_alias
0000929351,STARZ ENTERTAINMENT CORP /CN/,LIONS GATE ENTERTAINMENT CORP /CN/,lions gate entertainment corp cn,input_alias
0000930245,GLOBAL ACQUISITIONS Corp,ALL AMERICAN SPORTPARK INC,all american sportpark,input_alias
0000930245,GLOBAL ACQUISITIONS Corp,SAINT ANDREWS GOLF CORP,saint andrews golf,input_alias
0000930420,KFORCE INC,ROMAC INTERNATIONAL INC,romac international,input_alias
0000930775,ENCISION INC,ELECTROSCOPE INC,electroscope,input_alias
0000931015,Polaris Inc.,POLARIS INDUSTRIES INC/MN,polaris industries incmn,input_alias
0000931148,GRAFTECH INTERNATIONAL LTD,UCAR INTERNATIONAL INC,ucar international,input_alias
0000933036,"UPBOUND GROUP, INC.",RENT A CENTER INC DE,rent a center inc de,input_alias
0000933036,"UPBOUND GROUP, INC.",RENTERS CHOICE INC,renters choice,input_alias
0000933136,Mr. Cooper Group Inc.,"WASHINGTON MUTUAL, INC",washington mutual,input_alias
0000933136,Mr. Cooper Group Inc.,WMI HOLDINGS CORP.,wmi,input_alias
0000933136,Mr. Cooper Group Inc.,WMIH CORP.,wmih,input_alias
0000933972,374Water Inc.,"POWERVERDE, INC.",powerverde,input_alias
0000933972,374Water Inc.,VYREX CORP,vyrex,input_alias
0000933974,"Azenta, Inc.",BROOKS AUTOMATION INC,brooks automation,input_alias
0000933974,"Azenta, Inc.",BROOKS-PRI AUTOMATION INC,brookspri automation,input_alias
0000933974,"Azenta, Inc.","Brooks Automation, Inc.",brooks automation,input_alias
0000934612,"BURLINGTON NORTHERN SANTA FE, LLC",BNSF CORP,bnsf,input_alias
0000934612,"BURLINGTON NORTHERN SANTA FE, LLC",BURLINGTON NORTHERN SANTE FE CORP,burlington northern sante fe,input_alias
0000935036,"ACI WORLDWIDE, INC.",TRANSACTION SYSTEMS ARCHITECTS INC,transaction systems architects,input_alias
0000935703,"DOLLAR TREE, INC.",DOLLAR TREE STORES INC,dollar tree stores,input_alias
0000936340,DTE ENERGY CO,DTE HOLDINGS INC,dte,input_alias
0000936528,WAFD INC,WASHINGTON FEDERAL INC,washington federal,input_alias
0000937098,"TRINET GROUP, INC.",TRINET EMPLOYER GROUP INC,trinet employer,input_alias
0000937098,"TRINET GROUP, INC.",TRINET GROUP INC,trinet,input_alias
0000939767,"EXELIXIS, INC.",EXELIXIS PHARMACEUTICALS INC,exelixis pharmaceuticals,input_alias
0000939930,"PYXUS INTERNATIONAL, INC.","ALLIANCE ONE INTERNATIONAL, INC.",alliance one international,input_alias
0000939930,"PYXUS INTERNATIONAL, INC.",DIMON INC,dimon,input_alias
0000940942,"Hub Group, Inc.",HUB GROUP INC,hub,input_alias
0000940942,"Hub Group, Inc.",Hub Group,hub,input_alias
0000940944,DARDEN RESTAURANTS INC,GENERAL MILLS RESTAURANTS INC,general mills restaurants,input_alias
0000943452,WESTINGHOUSE AIR BRAKE TECHNOLOGIES CORP,WABTEC CORP,wabtec,input_alias
0000943452,WESTINGHOUSE AIR BRAKE TECHNOLOGIES CORP,WESTINGHOUSE AIR BRAKE CO /DE/,westinghouse air brake co de,input_alias
0000943535,"WORLD HEALTH ENERGY HOLDINGS, INC.",ADVANCED PLANT PHARMACEUTICALS INC,advanced plant pharmaceuticals,input_alias
0000944075,"SOCKET MOBILE, INC.",SOCKET COMMUNICATIONS INC,socket communications,input_alias
0000944148,"CBIZ, Inc.",CENTURY BUSINESS SERVICES INC,century business services,input_alias
0000944148,"CBIZ, Inc.",INTERNATIONAL ALLIANCE SERVICES INC,international alliance services,input_alias
0000944695,"HANOVER INSURANCE GROUP, INC.",ALLMERICA FINANCIAL CORP,allmerica financial,input_alias
0000944745,"CIVISTA BANCSHARES, INC.",FIRST CITIZENS BANC CORP /OH,first citizens banc corp oh,input_alias
0000944809,"OPKO HEALTH, INC.",EXEGENICS INC,exegenics,input_alias
0000944809,"OPKO HEALTH, INC.",eXegenics Inc,exegenics,input_alias
0000945114,GLOBAL INDUSTRIAL Co,GLOBAL DIRECTMAIL CORP,global directmail,input_alias
0000945114,GLOBAL INDUSTRIAL Co,SYSTEMAX INC,systemax,input_alias
0000945394,Service Properties Trust,HOSPITALITY PROPERTIES TRUST,hospitality properties trust,input_alias
0000945841,POOL CORP,SCP POOL CORP,scp pool,input_alias
0000945983,"Climb Global Solutions, Inc.",PROGRAMMERS PARADISE INC,programmers paradise,input_alias
0000945983,"Climb Global Solutions, Inc.","Wayside Technology Group, Inc.",wayside technology group,input_alias
0000946486,WINDTREE THERAPEUTICS INC /DE/,ANSAN INC,ansan,input_alias
0000946486,WINDTREE THERAPEUTICS INC /DE/,ANSAN PHARMACEUTICALS INC,ansan pharmaceuticals,input_alias
0000946486,WINDTREE THERAPEUTICS INC /DE/,DISCOVERY LABORATORIES INC /DE/,discovery laboratories inc de,input_alias
0000946644,AIM ImmunoTech Inc.,HEMISPHERX BIOPHARMA INC,hemispherx biopharma,input_alias
0000946647,PREMIER FINANCIAL CORP,FIRST DEFIANCE FINANCIAL CORP,first defiance financial,input_alias
0000946673,BANNER CORP,FIRST SAVINGS BANK OF WASHINGTON BANCORP INC,first savings bank of washington bancorp,input_alias
0000946673,BANNER CORP,FIRST WASHINGTON BANCORP INC /WA/,first washington bancorp inc wa,input_alias
0000947484,ARCH CAPITAL GROUP LTD.,RISK CAPITAL HOLDINGS INC,risk capital,input_alias
0000947484,ARCH CAPITAL GROUP LTD.,RISK CAPITAL RE INC,risk capital re,input_alias
0000947559,FIRST BANCSHARES INC /MS/,COMMUNITY CAPITAL CORP /MS/,community capital corp ms,input_alias
0000948320,"LifeMD, Inc.","CONVERSION LABS, INC.",conversion labs,input_alias
0000948320,"LifeMD, Inc.",IMMUDYNE INC,immudyne,input_alias
0000948320,"LifeMD, Inc.","Immudyne, Inc.",immudyne,input_alias
0000949858,"ACHIEVE LIFE SCIENCES, INC.","ONCOGENEX PHARMACEUTICALS, INC.",oncogenex pharmaceuticals,input_alias
0000949858,"ACHIEVE LIFE SCIENCES, INC.",SONUS PHARMACEUTICALS INC,sonus pharmaceuticals,input_alias
0001000045,OLD MARKET CAPITAL Corp,NICHOLAS FINANCIAL INC,nicholas financial,input_alias
0001000228,HENRY SCHEIN INC,SCHEIN HENRY INC,schein henry,input_alias
0001000623,"Mativ Holdings, Inc.",SCHWEITZER MAUDUIT INTERNATIONAL INC,schweitzer mauduit international,input_alias
0001000697,WATERS CORP /DE/,WCD INVESTORS INC /DE/,wcd investors inc de,input_alias
0001000753,"INSPERITY, INC.",ADMINISTAFF INC \DE\,administaff inc de,input_alias
0001001082,DISH Network CORP,ECHOSTAR COMMUNICATIONS CORP,echostar communications,input_alias
0001001115,GEOSPACE TECHNOLOGIES CORP,OYO GEOSPACE CORP,oyo geospace,input_alias
0001001233,"SANGAMO THERAPEUTICS, INC",SANGAMO BIOSCIENCES INC,sangamo biosciences,input_alias
0001001316,"TG THERAPEUTICS, INC.",ATLANTIC PHARMACEUTICALS INC,atlantic pharmaceuticals,input_alias
0001001316,"TG THERAPEUTICS, INC.",ATLANTIC TECHNOLOGY VENTURES INC,atlantic technology ventures,input_alias
0001001316,"TG THERAPEUTICS, INC.",MANHATTAN PHARMACEUTICALS INC,manhattan pharmaceuticals,input_alias
0001001601,"MGT CAPITAL INVESTMENTS, INC.",HTTP TECHNOLOGY INC,http technology,input_alias
0001001601,"MGT CAPITAL INVESTMENTS, INC.",MEDICSIGHT INC,medicsight,input_alias
0001001614,"Riley Exploration Permian, Inc.",TENGASCO INC,tengasco,input_alias
0001001838,SOUTHERN COPPER CORP/,SOUTHERN PERU COPPER CORP/,southern peru copper corp,input_alias
0001001838,SOUTHERN COPPER CORP/,SOUTHERN PERU COPPER HOLDING CO,southern peru copper,input_alias
0001001907,ASTROTECH Corp,ASTROTECH Corp \WA\,astrotech corp wa,input_alias
0001001907,ASTROTECH Corp,SPACEHAB INC \WA\,spacehab inc wa,input_alias
0001002047,"NetApp, Inc.",NETWORK APPLIANCE INC,network appliance,input_alias
0001002590,"STAR GROUP, L.P.",STAR GAS PARTNERS LP,star gas partners lp,input_alias
0001004155,SOUTHERN CO GAS,AGL RESOURCES INC,agl resources,input_alias
0001004434,"AFFILIATED MANAGERS GROUP, INC.",AFFILIATED MANAGERS GROUP INC,affiliated managers,input_alias
0001004702,OCEANFIRST FINANCIAL CORP,OCEAN FINANCIAL CORP,ocean financial,input_alias
0001004724,"REGIONAL HEALTH PROPERTIES, INC",ADCARE HEALTH SYSTEMS INC,adcare health systems,input_alias
0001004724,"REGIONAL HEALTH PROPERTIES, INC","ADCARE HEALTH SYSTEMS, INC",adcare health systems,input_alias
0001004980,PG&E Corp,PG&E PARENT CO INC,pge parent,input_alias
0001004989,"SPAR Group, Inc.",PIA MERCHANDISING SERVICES INC,pia merchandising services,input_alias
0001004989,"SPAR Group, Inc.",SPAR GROUP INC,spar,input_alias
0001005101,"Marygold Companies, Inc.",CONCIERGE TECHNOLOGIES INC,concierge technologies,input_alias
0001005101,"Marygold Companies, Inc.",STARFEST INC,starfest,input_alias
0001005286,"LIFECORE BIOMEDICAL, INC. \DE\",LANDEC CORP \CA\,landec corp ca,input_alias
0001005817,TOMPKINS FINANCIAL CORP,TOMPKINS COUNTY TRUSTCO INC,tompkins county trustco,input_alias
0001005817,TOMPKINS FINANCIAL CORP,TOMPKINS TRUSTCO INC,tompkins trustco,input_alias
0001006028,"PURE BIOSCIENCE, INC.",INNOVATIVE MEDICAL SERVICES,innovative medical services,input_alias
0001006028,"PURE BIOSCIENCE, INC.",PURE BIOSCIENCES,pure biosciences,input_alias
0001006281,"Protalix BioTherapeutics, Inc.",EMBASSY ACQUISITION CORP,embassy acquisition,input_alias
0001006281,"Protalix BioTherapeutics, Inc.",ORTHODONTIX INC,orthodontix,input_alias
0001006655,EVOLUTION PETROLEUM CORP,NATURAL GAS SYSTEMS INC/NEW,natural gas systems incnew,input_alias
0001006655,EVOLUTION PETROLEUM CORP,"NATURAL GAS SYSTEMS, INC.",natural gas systems,input_alias
0001006655,EVOLUTION PETROLEUM CORP,REALITY INTERACTIVE INC,reality interactive,input_alias
0001006837,INNOVATE Corp.,"HC2 HOLDINGS, INC.",hc2 holdings,input_alias
0001006837,INNOVATE Corp.,"HC2 Holdings, Inc.",hc2 holdings,input_alias
0001006837,INNOVATE Corp.,"PTGi HOLDING, INC.",ptgi holding,input_alias
0001007019,COFFEE HOLDING CO INC,TRANSPACIFIC INTERNATIONAL GROUP CORP,transpacific international,input_alias
0001008586,STREAMLINE HEALTH SOLUTIONS INC.,LANVISION SYSTEMS INC,lanvision systems,input_alias
0001008586,STREAMLINE HEALTH SOLUTIONS INC.,STREEAMLINE HEALTH SOLUTIONS INC.,streeamline health solutions,input_alias
0001009759,"Capstone Green Energy Holdings, Inc.",CAPSTONE TURBINE CORP,capstone turbine,input_alias
0001009759,"Capstone Green Energy Holdings, Inc.",CAPSTONE TURBINE Corp,capstone turbine,input_alias
0001009759,"Capstone Green Energy Holdings, Inc.",Capstone Green Energy Corp,capstone green energy,input_alias
0001009891,AIR INDUSTRIES GROUP,"AIR INDUSTRIES GROUP, INC.",air industries group,input_alias
0001009891,AIR INDUSTRIES GROUP,Ashlin Development Corp,ashlin development,input_alias
0001009891,AIR INDUSTRIES GROUP,Gales Industries Inc,gales industries,input_alias
0001010086,SIGA TECHNOLOGIES INC,SIGA PHARMACEUTICALS INC,siga pharmaceuticals,input_alias
0001011060,Nordicus Partners Corp,AdvanSource Biomaterials Corp,advansource biomaterials,input_alias
0001011060,Nordicus Partners Corp,CARDIOTECH INTERNATIONAL INC,cardiotech international,input_alias
0001011060,Nordicus Partners Corp,EKIMAS Corp,ekimas,input_alias
0001011509,Golden Minerals Co,APEX SILVER MINES LTD,apex silver mines,input_alias
0001012100,SEALED AIR CORP/DE,GRACE HOLDING INC,grace,input_alias
0001012100,SEALED AIR CORP/DE,WR GRACE & CO/DE,wr grace code,input_alias
0001012477,AVADEL PHARMACEUTICALS PLC,FLAMEL TECHNOLOGIES SA,flamel technologies sa,input_alias
0001013488,BJs RESTAURANTS INC,CHICAGO PIZZA & BREWERY INC,chicago pizza brewery,input_alias
0001013706,"Wilhelmina International, Inc.",BILLING CONCEPTS CORP,billing concepts,input_alias
0001013706,"Wilhelmina International, Inc.",BILLING INFORMATION CONCEPTS CORP,billing information concepts,input_alias
0001013706,"Wilhelmina International, Inc.",NEW CENTURY EQUITY HOLDINGS CORP,new century equity,input_alias
0001013880,"TTEC Holdings, Inc.",TELETECH HOLDINGS INC,teletech,input_alias
0001013934,"Strategic Education, Inc.",STRAYER EDUCATION INC,strayer education,input_alias
0001014739,"Option Care Health, Inc.","BioScrip, Inc.",bioscrip,input_alias
0001014739,"Option Care Health, Inc.",MIM CORP,mim,input_alias
0001014763,"Ainos, Inc.",AMARILLO BIOSCIENCES INC,amarillo biosciences,input_alias
0001015383,Outdoor Holding Co,"AMMO, INC.",ammo,input_alias
0001015383,Outdoor Holding Co,RETROSPETTIVA INC,retrospettiva,input_alias
0001016504,INTEGRATED BIOPHARMA INC,CHEM INTERNATIONAL INC,chem international,input_alias
0001016504,INTEGRATED BIOPHARMA INC,INTEGRATED HEALTH TECHNOLOGIES INC,integrated health technologies,input_alias
0001017655,PAID INC,ROSE INTERNATIONAL LTD,rose international,input_alias
0001017655,PAID INC,SALES ONLINE DIRECT INC,sales online direct,input_alias
0001017655,PAID INC,SECURITIES RESOLUTION ADVISORS INC,securities resolution advisors,input_alias
0001018963,ATI INC,ALLEGHENY TECHNOLOGIES INC,allegheny technologies,input_alias
0001018963,ATI INC,ALLEGHENY TELEDYNE INC,allegheny teledyne,input_alias
0001019034,BIO KEY INTERNATIONAL INC,SAC TECHNOLOGIES INC,sac technologies,input_alias
0001019849,"PENSKE AUTOMOTIVE GROUP, INC.",UNITED AUTO GROUP INC,united auto,input_alias
0001020214,CERUS CORP,CERUS TECHNOLOGIES INC,cerus technologies,input_alias
0001020569,IRON MOUNTAIN INC,IRON MOUNTAIN INC/PA,iron mountain incpa,input_alias
0001020569,IRON MOUNTAIN INC,PIERCE LEAHY CORP,pierce leahy,input_alias
0001020710,DXP ENTERPRISES INC,INDEX INC,index,input_alias
0001021162,TRIUMPH GROUP INC,TRIUMPH GROUP INC /,triumph group inc,input_alias
0001021561,"NU SKIN ENTERPRISES, INC.",NU SKIN ASIA PACIFIC INC,nu skin asia pacific,input_alias
0001021860,NOV Inc.,NATIONAL OILWELL INC,national oilwell,input_alias
0001021860,NOV Inc.,NATIONAL OILWELL VARCO INC,national oilwell varco,input_alias
0001022079,QUEST DIAGNOSTICS INC,CORNING CLINICAL LABORATORIES INC,corning clinical laboratories,input_alias
0001022344,SIMON PROPERTY GROUP L P /DE/,SIMON DEBARTOLO GROUP L P,simon debartolo group l p,input_alias
0001022408,EPLUS INC,MLC HOLDINGS INC,mlc,input_alias
0001022505,"SideChannel, Inc.",CIPHERLOC Corp,cipherloc,input_alias
0001022505,"SideChannel, Inc.",NATIONAL SCIENTIFIC CORP/AZ,national scientific corpaz,input_alias
0001022652,INSEEGO CORP.,NOVATEL WIRELESS INC,novatel wireless,input_alias
0001022899,"Protagenic Therapeutics, Inc.\new","Atrinsic, Inc.",atrinsic,input_alias
0001022899,"Protagenic Therapeutics, Inc.\new","MPLC, Inc.",mplc,input_alias
0001022899,"Protagenic Therapeutics, Inc.\new","NEW MOTION, INC.",new motion,input_alias
0001023024,ANI PHARMACEUTICALS INC,BEN ABRAHAM TECHNOLOGIES INC,ben abraham technologies,input_alias
0001023024,ANI PHARMACEUTICALS INC,BIOSANTE PHARMACEUTICALS INC,biosante pharmaceuticals,input_alias
0001023731,8X8 INC /DE/,8X8 INC,8x8,input_alias
0001023731,8X8 INC /DE/,NETERGY NETWORKS INC,netergy networks,input_alias
0001023994,SAFE & GREEN HOLDINGS CORP.,CDSI HOLDINGS INC,cdsi,input_alias
0001023994,SAFE & GREEN HOLDINGS CORP.,PC411 INC,pc411,input_alias
0001023994,SAFE & GREEN HOLDINGS CORP.,"SG BLOCKS, INC.",sg blocks,input_alias
0001024305,COTY INC.,COTY INC /,coty inc,input_alias
0001024478,"ROCKWELL AUTOMATION, INC",ROCKWELL INTERNATIONAL CORP,rockwell international,input_alias
0001024795,"HELIOS TECHNOLOGIES, INC.",SUN HYDRAULICS CORP,sun hydraulics,input_alias
0001025378,W. P. Carey Inc.,CAREY DIVERSIFIED LLC,carey diversified,input_alias
0001025378,W. P. Carey Inc.,CAREY W P & CO LLC,carey w p,input_alias
0001025835,ENTERPRISE FINANCIAL SERVICES CORP,ENTERBANK HOLDINGS INC,enterbank,input_alias
0001026655,CORE MOLDING TECHNOLOGIES INC,CORE MATERIALS CORP,core materials,input_alias
0001029199,"EURONET WORLDWIDE, INC.",EURONET SERVICES INC,euronet services,input_alias
0001030192,"Idaho Strategic Resources, Inc.",NEW JERSEY MINING CO,new jersey mining,input_alias
0001030469,OFG BANCORP,ORIENTAL FINANCIAL GROUP INC,oriental financial,input_alias
0001031093,"SILVER BULL RESOURCES, INC.",METALLINE MINING CO,metalline mining,input_alias
0001031235,"Global Self Storage, Inc.",GLOBAL INCOME FUND INC,global income fund,input_alias
0001031235,"Global Self Storage, Inc.","GLOBAL INCOME FUND, INC.",global income fund,input_alias
0001031235,"Global Self Storage, Inc.","Self Storage Group, Inc.",self storage group,input_alias
0001031316,FRANKLIN STREET PROPERTIES CORP /MA/,FRANKLIN STREET PARTNERS LP,franklin street partners lp,input_alias
0001032033,SLM Corp,SALLIE MAE,sallie mae,input_alias
0001032033,SLM Corp,USA EDUCATION INC,usa education,input_alias
0001032208,SEMPRA,MINERAL ENERGY CO,mineral energy,input_alias
0001032208,SEMPRA,SEMPRA ENERGY,sempra energy,input_alias
0001034760,WIDEPOINT CORP,ZMAX CORP,zmax,input_alias
0001036044,"Identiv, Inc.","IDENTIVE GROUP, INC.",identive group,input_alias
0001036044,"Identiv, Inc.",SCM MICROSYSTEMS INC,scm microsystems,input_alias
0001037038,RALPH LAUREN CORP,POLO RALPH LAUREN CORP,polo ralph lauren,input_alias
0001037540,"BXP, Inc.",BOSTON PROPERTIES INC,boston properties,input_alias
0001037646,METTLER TOLEDO INTERNATIONAL INC/,METTLER TOLEDO INTERNATIONAL INC,mettler toledo international,input_alias
0001037646,METTLER TOLEDO INTERNATIONAL INC/,MT INVESTORS INC,mt investors,input_alias
0001037868,AMETEK INC/,AMETEK AEROSPACE PRODUCTS INC,ametek aerospace products,input_alias
0001037976,JONES LANG LASALLE INC,LASALLE PARTNERS INC,lasalle partners,input_alias
0001038773,SMARTFINANCIAL INC.,CORNERSTONE BANCSHARES INC,cornerstone bancshares,input_alias
0001038773,SMARTFINANCIAL INC.,EAST RIDGE BANCSHARES INC,east ridge bancshares,input_alias
0001039280,NETSOL TECHNOLOGIES INC,MIRAGE HOLDINGS INC,mirage,input_alias
0001039280,NETSOL TECHNOLOGIES INC,NETSOL INTERNATIONAL INC,netsol international,input_alias
0001039684,ONEOK INC /NEW/,WAI INC,wai,input_alias
0001039828,American National Group Inc.,AMERICAN EQUITY INVESTMENT LIFE HOLDING CO,american equity investment life,input_alias
0001040829,"Ryman Hospitality Properties, Inc.",GAYLORD ENTERTAINMENT CO /DE,gaylord entertainment co de,input_alias
0001040829,"Ryman Hospitality Properties, Inc.",NEW GAYLORD ENTERTAINMENT CO,new gaylord entertainment,input_alias
0001040896,"Intellicheck, Inc.",INTELLI CHECK INC,intelli check,input_alias
0001040896,"Intellicheck, Inc.","Intelli Check Mobilisa, Inc",intelli check mobilisa,input_alias
0001040896,"Intellicheck, Inc.","Intellicheck Mobilisa, Inc.",intellicheck mobilisa,input_alias
0001041024,"ROCKWELL MEDICAL, INC.",ROCKWELL MEDICAL TECHNOLOGIES INC,rockwell medical technologies,input_alias
0001041061,YUM BRANDS INC,GREAT AMERICAN RESTAURANT CO,great american restaurant,input_alias
0001041061,YUM BRANDS INC,TRICON GLOBAL RESTAURANTS INC,tricon global restaurants,input_alias
0001041514,LESAKA TECHNOLOGIES INC,NET 1 UEPS TECHNOLOGIES INC,net 1 ueps technologies,input_alias
0001041657,"URBAN ONE, INC.",RADIO ONE INC,radio one,input_alias
0001041657,"URBAN ONE, INC.","RADIO ONE, INC.",radio one,input_alias
0001041859,"Childrens Place, Inc.",CHILDRENS PLACE RETAIL STORES INC,childrens place retail stores,input_alias
0001042187,YUNHONG GREEN CTI LTD.,CTI INDUSTRIES CORP,cti industries,input_alias
0001042187,YUNHONG GREEN CTI LTD.,Yunhong CTI Ltd.,yunhong cti,input_alias
0001042418,"Inhibitor Therapeutics, Inc.",COMMONWEALTH BIOTECHNOLOGIES INC,commonwealth biotechnologies,input_alias
0001042418,"Inhibitor Therapeutics, Inc.","HedgePath Pharmaceuticals, Inc.",hedgepath pharmaceuticals,input_alias
0001042642,DISH DBS CORP,ECHOSTAR DBS CORP,echostar dbs,input_alias
0001042773,CENTERPOINT ENERGY RESOURCES CORP,HI MERGER INC,hi merger,input_alias
0001042773,CENTERPOINT ENERGY RESOURCES CORP,NORAM ENERGY CORP/,noram energy corp,input_alias
0001042773,CENTERPOINT ENERGY RESOURCES CORP,RELIANT ENERGY RESOURCES CORP,reliant energy resources,input_alias
0001042776,"Piedmont Office Realty Trust, Inc.",WELLS REAL ESTATE INVESTMENT TRUST INC,wells real estate investment trust,input_alias
0001042893,"Innovex International, Inc.",DRIL-QUIP INC,drilquip,input_alias
0001043000,"SONIDA SENIOR LIVING, INC.",CAPITAL SENIOR LIVING CORP,capital senior living,input_alias
0001043186,"Stabilis Solutions, Inc.",AMERICAN ACCESS TECHNOLOGIES INC,american access technologies,input_alias
0001043186,"Stabilis Solutions, Inc.",American Electric Technologies Inc,american electric technologies,input_alias
0001043186,"Stabilis Solutions, Inc.","Stabilis Energy, Inc.",stabilis energy,input_alias
0001043219,ANNALY CAPITAL MANAGEMENT INC,ANNALY MORTGAGE MANAGEMENT INC,annaly mortgage management,input_alias
0001043961,"Precipio, Inc.",TRANSGENOMIC INC,transgenomic,input_alias
0001044777,OneSpan Inc.,One Span Inc.,one span,input_alias
0001044777,OneSpan Inc.,VASCO DATA SECURITY INTERNATIONAL INC,vasco data security international,input_alias
0001045450,EPR PROPERTIES,ENTERTAINMENT PROPERTIES TRUST,entertainment properties trust,input_alias
0001045609,"Prologis, Inc.",AMB PROPERTY CORP,amb property,input_alias
0001045742,LIVE VENTURES Inc,LIVEDEAL INC,livedeal,input_alias
0001045742,LIVE VENTURES Inc,YP CORP,yp,input_alias
0001045742,LIVE VENTURES Inc,YP NET INC,yp net,input_alias
0001045810,NVIDIA CORP,NVIDIA CORP/CA,nvidia corpca,input_alias
0001045810,NVIDIA CORP,NVIDIA CORP/DE,nvidia corpde,input_alias
0001045942,"Track Group, Inc.",REMOTE MDX INC,remote mdx,input_alias
0001045942,"Track Group, Inc.","SecureAlert, Inc.",securealert,input_alias
0001045942,"Track Group, Inc.",VOLU SOL INC,volu sol,input_alias
0001046102,RB GLOBAL INC.,RITCHIE BROS AUCTIONEERS INC,ritchie bros auctioneers,input_alias
0001046257,Ingredion Inc,CORN PRODUCTS INTERNATIONAL INC,corn products international,input_alias
0001046311,CHOICE HOTELS INTERNATIONAL INC /DE,CHOICE HOTELS FRANCHISING INC,choice hotels franchising,input_alias
0001046311,CHOICE HOTELS INTERNATIONAL INC /DE,CHOICE HOTELS INTERNATIONAL INC/,choice hotels international inc,input_alias
0001046568,PERDOCEO EDUCATION Corp,CAREER EDUCATION CORP,career education,input_alias
0001047166,UNITED RENTALS NORTH AMERICA INC,UNITED RENTALS INC,united rentals,input_alias
0001048268,"IES Holdings, Inc.",INTEGRATED ELECTRICAL SERVICES INC,integrated electrical services,input_alias
0001048268,"IES Holdings, Inc.","Integrated Electrical Services, Inc.",integrated electrical services,input_alias
0001048286,MARRIOTT INTERNATIONAL INC /MD/,NEW MARRIOTT MI INC,new marriott mi,input_alias
0001048695,"F5, INC.",F5 LABS INC,f5 labs,input_alias
0001048695,"F5, INC.",F5 NETWORKS INC,f5 networks,input_alias
0001048695,"F5, INC.","F5 NETWORKS, INC.",f5 networks,input_alias
0001048911,FEDEX CORP,FDX CORP,fdx,input_alias
0001049521,MERCURY SYSTEMS INC,MERCURY COMPUTER SYSTEMS INC,mercury computer systems,input_alias
0001051470,CROWN CASTLE INC.,CROWN CASTLE INTERNATIONAL CORP,crown castle international,input_alias
0001051514,"STRATA Skin Sciences, Inc.",ELECTRO OPTICAL SCIENCES INC /NY,electro optical sciences inc ny,input_alias
0001051514,"STRATA Skin Sciences, Inc.","MELA SCIENCES, INC. /NY",mela sciences inc ny,input_alias
0001051627,AXT INC,AMERICAN XTAL TECHNOLOGY,american xtal technology,input_alias
0001053369,ELITE PHARMACEUTICALS INC /NV/,ELITE PHARMACEUTICALS INC /DE/,elite pharmaceuticals inc de,input_alias
0001053507,AMERICAN TOWER CORP /MA/,AMERICAN TOWER SYSTEMS CORP,american tower systems,input_alias
0001053691,CervoMed Inc.,Diffusion Pharmaceuticals Inc.,diffusion pharmaceuticals,input_alias
0001053691,CervoMed Inc.,RestorGenex Corp,restorgenex,input_alias
0001053691,CervoMed Inc.,"Stratus Media Group, Inc",stratus media group,input_alias
0001053706,"CRA INTERNATIONAL, INC.",CHARLES RIVER ASSOCIATES INC,charles river associates,input_alias
0001054102,"INTERPACE BIOSCIENCES, INC.","Interpace Diagnostics Group, Inc.",interpace diagnostics group,input_alias
0001054102,"INTERPACE BIOSCIENCES, INC.",PDI INC,pdi,input_alias
0001054102,"INTERPACE BIOSCIENCES, INC.",PROFESSIONAL DETAILING INC,professional detailing,input_alias
0001054905,INNOSPEC INC.,OCTEL CORP,octel,input_alias
0001055160,"MFA FINANCIAL, INC.",AMERICA FIRST MORTGAGE INVESTMENTS INC,america first mortgage investments,input_alias
0001055160,"MFA FINANCIAL, INC.",MFA MORTGAGE INVESTMENTS,mfa mortgage investments,input_alias
0001055726,"INOVIO PHARMACEUTICALS, INC.",GENETRONICS BIOMEDICAL CORP,genetronics biomedical,input_alias
0001055726,"INOVIO PHARMACEUTICALS, INC.",GENETRONICS BIOMEDICAL LTD,genetronics biomedical,input_alias
0001055726,"INOVIO PHARMACEUTICALS, INC.",INOVIO BIOMEDICAL CORP,inovio biomedical,input_alias
0001056288,"FEDERATED HERMES, INC.",FEDERATED INVESTORS INC /PA/,federated investors inc pa,input_alias
0001056943,PEOPLES FINANCIAL SERVICES CORP.,PEOPLES FINANCIAL SERVICES CORP/,peoples financial services corp,input_alias
0001057352,"COSTAR GROUP, INC.",COSTAR GROUP INC,costar,input_alias
0001057379,"HACKETT GROUP, INC.",ANSWERTHINK CONSULTING GROUP INC,answerthink consulting,input_alias
0001057379,"HACKETT GROUP, INC.",ANSWERTHINK INC,answerthink,input_alias
0001058307,NextPlat Corp,"Great West Resources, Inc.",great west resources,input_alias
0001058307,NextPlat Corp,ORBSAT CORP,orbsat,input_alias
0001058307,NextPlat Corp,Orbital Tracking Corp.,orbital tracking,input_alias
0001059142,Greystone Housing Impact Investors LP,"AMERICA FIRST MULTIFAMILY INVESTORS, L.P.",america first multifamily investors lp,input_alias
0001059142,Greystone Housing Impact Investors LP,AMERICA FIRST TAX EXEMPT INVESTORS LP,america first tax exempt investors lp,input_alias
0001059556,MOODYS CORP /DE/,DUN & BRADSTREET CORP /DE/,dun bradstreet corp de,input_alias
0001059556,MOODYS CORP /DE/,NEW DUN & BRADSTREET CORP,new dun bradstreet,input_alias
0001060822,CARTERS INC,CARTER HOLDINGS INC,carter,input_alias
0001061219,ENTERPRISE PRODUCTS PARTNERS L.P.,ENTERPRISE PRODUCTS PARTNERS L P,enterprise products partners l p,input_alias
0001061630,"BLACKSTONE MORTGAGE TRUST, INC.",CAPITAL TRUST INC,capital trust,input_alias
0001061937,HOST HOTELS & RESORTS L.P.,HOST Hotels & Resorts L P,host hotels resorts l p,input_alias
0001061937,HOST HOTELS & RESORTS L.P.,HOST MARRIOTT L P,host marriott l p,input_alias
0001062822,"LEXICON PHARMACEUTICALS, INC.",LEXICON GENETICS INC/TX,lexicon genetics inctx,input_alias
0001062822,"LEXICON PHARMACEUTICALS, INC.","LEXICON PHARMACEUTICALS, INC./DE",lexicon pharmaceuticals incde,input_alias
0001063761,SIMON PROPERTY GROUP INC /DE/,CORPORATE PROPERTY INVESTORS INC,corporate property investors,input_alias
0001064722,GIVEMEPOWER CORP,TELNET WORLD COMMUNICATIONS INC,telnet world communications,input_alias
0001064728,PEABODY ENERGY CORP,P&L COAL HOLDINGS CORP,pl coal,input_alias
0001065059,CENTRUS ENERGY CORP,USEC INC,usec,input_alias
0001065078,"NETWORK-1 TECHNOLOGIES, INC.",NETWORK 1 SECURITY SOLUTIONS INC,network 1 security solutions,input_alias
0001065078,"NETWORK-1 TECHNOLOGIES, INC.",NETWORK 1 TECHNOLOGIES INC,network 1 technologies,input_alias
0001065280,NETFLIX INC,NETFLIX COM INC,netflix com,input_alias
0001066194,EGAIN Corp,EGAIN COMMUNICATIONS CORP,egain communications,input_alias
0001066656,Ceres Classic L.P.,MANAGED FUTURES CHARTER GRAHAM L.P.,managed futures charter graham lp,input_alias
0001066656,Ceres Classic L.P.,MANAGED FUTURES PREMIER GRAHAM L.P.,managed futures premier graham lp,input_alias
0001066656,Ceres Classic L.P.,MORGAN STANLEY SMITH BARNEY CHARTER GRAHAM LP/,morgan stanley smith barney charter graham lp,input_alias
0001066764,Bimergen Energy Corp,Bitech Technologies Corp,bitech technologies,input_alias
0001066764,Bimergen Energy Corp,"Spine Injury Solutions, Inc",spine injury solutions,input_alias
0001066764,Bimergen Energy Corp,"Spine Pain Management, Inc",spine pain management,input_alias
0001066923,Future FinTech Group Inc.,CYBER PUBLIC RELATIONS INC,cyber public relations,input_alias
0001066923,Future FinTech Group Inc.,ENTECH ENVIRONMENTAL TECHNOLOGIES INC,entech environmental technologies,input_alias
0001066923,Future FinTech Group Inc.,"SkyPeople Fruit Juice, Inc",skypeople fruit juice,input_alias
0001067294,"CRACKER BARREL OLD COUNTRY STORE, INC",CBRL GROUP INC,cbrl,input_alias
0001067701,"UNITED RENTALS, INC.",UNITED RENTALS INC /DE,united rentals inc de,input_alias
0001067983,BERKSHIRE HATHAWAY INC,NBH INC,nbh,input_alias
0001068689,"Data443 Risk Mitigation, Inc.",LANDSTAR INC,landstar,input_alias
0001068689,"Data443 Risk Mitigation, Inc.","LandStar, Inc.",landstar,input_alias
0001069183,"AXON ENTERPRISE, INC.",TASER INTERNATIONAL INC,taser international,input_alias
0001069258,"KRATOS DEFENSE & SECURITY SOLUTIONS, INC.",WIRELESS FACILITIES INC,wireless facilities,input_alias
0001069530,CASSAVA SCIENCES INC,PAIN THERAPEUTICS INC,pain therapeutics,input_alias
0001069899,PHIBRO ANIMAL HEALTH CORP,PHILIPP BROTHERS CHEMICALS INC,philipp brothers chemicals,input_alias
0001070050,AppTech Payments Corp.,AppTech Corp.,apptech,input_alias
0001070050,AppTech Payments Corp.,"CSI Business Finance, Inc.",csi business finance,input_alias
0001070050,AppTech Payments Corp.,Natural Nutrition Inc.,natural nutrition,input_alias
0001070235,BLACKBERRY Ltd,RESEARCH IN MOTION LTD,research in motion,input_alias
0001070412,CNX Resources Corp,CONSOL ENERGY INC,consol energy,input_alias
0001070412,CNX Resources Corp,CONSOL Energy Inc,consol energy,input_alias
0001070680,CF BANKSHARES INC.,CENTRAL FEDERAL CORP,central federal,input_alias
0001070680,CF BANKSHARES INC.,GRAND CENTRAL FINANCIAL CORP,grand central financial,input_alias
0001070750,"HOST HOTELS & RESORTS, INC.",HMC MERGER CORP,hmc merger,input_alias
0001070750,"HOST HOTELS & RESORTS, INC.",HOST MARRIOTT CORP/,host marriott corp,input_alias
0001070985,"CoreCivic, Inc.",CORRECTIONS CORP OF AMERICA,corrections corp of america,input_alias
0001070985,"CoreCivic, Inc.",PRISON REALTY CORP,prison realty,input_alias
0001070985,"CoreCivic, Inc.",PRISON REALTY TRUST INC,prison realty trust,input_alias
0001071255,"GOLDEN ENTERTAINMENT, INC.",LAKES ENTERTAINMENT INC,lakes entertainment,input_alias
0001071255,"GOLDEN ENTERTAINMENT, INC.",LAKES GAMING INC,lakes gaming,input_alias
0001071840,"SolarWindow Technologies, Inc.","NEW ENERGY TECHNOLOGIES, INC.",new energy technologies,input_alias
0001071840,"SolarWindow Technologies, Inc.",OCTILLION CORP,octillion,input_alias
0001074828,"USBC, Inc.","KNOW LABS, INC.",know labs,input_alias
0001074828,"USBC, Inc.",VISUALANT INC,visualant,input_alias
0001074828,"USBC, Inc.","Visualant, INC",visualant,input_alias
0001074871,"Modular Medical, Inc.",BEAR LAKE RECREATION INC,bear lake recreation,input_alias
0001075415,DIVERSIFIED HEALTHCARE TRUST,SENIOR HOUSING PROPERTIES TRUST,senior housing properties trust,input_alias
0001075531,Booking Holdings Inc.,PRICELINE COM INC,priceline com,input_alias
0001075531,Booking Holdings Inc.,Priceline Group Inc.,priceline,input_alias
0001075736,"Crexendo, Inc.",IMERGENT INC,imergent,input_alias
0001075736,"Crexendo, Inc.",NETGATEWAY INC,netgateway,input_alias
0001076930,NOVANTA INC,GSI GROUP INC,gsi,input_alias
0001076930,NOVANTA INC,GSI LUMONICS,gsi lumonics,input_alias
0001076930,NOVANTA INC,GSI LUMONICS INC,gsi lumonics,input_alias
0001077183,NEOGENOMICS INC,AMERICAN COMMUNICATIONS ENTERPRISES INC,american communications enterprises,input_alias
0001077688,HOOKER FURNISHINGS Corp,HOOKER FURNITURE CORP,hooker furniture,input_alias
0001080014,"Innoviva, Inc.",ADVANCED MEDICINE INC,advanced medicine,input_alias
0001080014,"Innoviva, Inc.",THERAVANCE INC,theravance,input_alias
0001080340,"MANHATTAN BRIDGE CAPITAL, INC",DAG MEDIA INC,dag media,input_alias
0001080448,PATRIOT GOLD CORP,NORTHERN OSTRICH CORP,northern ostrich,input_alias
0001080657,"Presidio Property Trust, Inc.",NETREIT,netreit,input_alias
0001080657,"Presidio Property Trust, Inc.","NETREIT, INC.",netreit,input_alias
0001081316,BERKSHIRE HATHAWAY ENERGY CO,MID AMERICAN ENERGY HOLDINGS CO /NEW/,mid american energy holdings co new,input_alias
0001081316,BERKSHIRE HATHAWAY ENERGY CO,MIDAMERICAN ENERGY HOLDINGS CO /NEW/,midamerican energy holdings co new,input_alias
0001081745,"INTELLINETICS, INC.",GLOBALWISE INVESTMENTS INC,globalwise investments,input_alias
0001081938,"CANNAPHARMARX, INC.","CCVG, INC.",ccvg,input_alias
0001081938,"CANNAPHARMARX, INC.","CONCORD VENTURES, INC.",concord ventures,input_alias
0001081938,"CANNAPHARMARX, INC.",GOLDEN DRAGON HOLDING CO.,golden dragon,input_alias
0001082324,VirnetX Holding Corp,PACIFIC SOFTWORKS INC,pacific softworks,input_alias
0001082324,VirnetX Holding Corp,PASW INC,pasw,input_alias
0001082733,"VISIUM TECHNOLOGIES, INC.","Fittipaldi Logistics, Inc.",fittipaldi logistics,input_alias
0001082733,"VISIUM TECHNOLOGIES, INC.","NuSTATE ENERGY HOLDINGS, INC.",nustate energy holdings,input_alias
0001082733,"VISIUM TECHNOLOGIES, INC.",POWER2SHIP INC,power2ship,input_alias
0001083220,"XCel Brands, Inc.",HOUSTON OPERATING CO,houston operating,input_alias
0001083220,"XCel Brands, Inc.","NETFABRIC HOLDINGS, INC",netfabric holdings,input_alias
0001083301,TERAWULF INC.,CHROMALINE CORP,chromaline,input_alias
0001083301,TERAWULF INC.,IKONICS CORP,ikonics,input_alias
0001083446,"Astrana Health, Inc.","Apollo Medical Holdings, Inc.",apollo medical holdings,input_alias
0001083446,"Astrana Health, Inc.",SICLONE INDUSTRIES INC,siclone industries,input_alias
0001083490,SUNRISE REAL ESTATE GROUP INC,PARALLAX ENTERTAINMENT INC,parallax entertainment,input_alias
0001083490,SUNRISE REAL ESTATE GROUP INC,SUNRISE REAL ESTATE DEVELOPMENT GROUP INC,sunrise real estate development,input_alias
0001083522,JONES SODA CO,URBAN JUICE & SODA CO LTD /WY/,urban juice soda co ltd wy,input_alias
0001083743,"Flux Power Holdings, Inc.",Australian Forest Industries,australian forest industries,input_alias
0001083743,"Flux Power Holdings, Inc.","Lone Pine Holdings, Inc",lone pine holdings,input_alias
0001083743,"Flux Power Holdings, Inc.",MULTI TECH INTERNATIONAL CORP,multi tech international,input_alias
0001084048,"ZIFF DAVIS, INC.",J2 GLOBAL COMMUNICATIONS INC,j2 global communications,input_alias
0001084048,"ZIFF DAVIS, INC.","J2 GLOBAL, INC.",j2 global,input_alias
0001084048,"ZIFF DAVIS, INC.",JFAX COM INC,jfax com,input_alias
0001084267,"Mobiquity Technologies, Inc.",ACE MARKETING & PROMOTIONS INC,ace marketing promotions,input_alias
0001084475,"Video River Networks, Inc.",LSI COMMUNICATIONS INC,lsi communications,input_alias
0001084475,"Video River Networks, Inc.",NIGHTHAWK SYSTEMS INC,nighthawk systems,input_alias
0001084475,"Video River Networks, Inc.",PEREGRINE INC,peregrine,input_alias
0001084554,LIGHTBRIDGE Corp,NOVASTAR RESOURCES LTD,novastar resources,input_alias
0001084554,LIGHTBRIDGE Corp,NOVASTAR RESOURCES LTD.,novastar resources,input_alias
0001084554,LIGHTBRIDGE Corp,"Thorium Power, Ltd",thorium power,input_alias
0001084765,"RESOURCES CONNECTION, INC.",RC TRANSACTION CORP,rc transaction,input_alias
0001084961,ENCORE CAPITAL GROUP INC,MCM CAPITAL GROUP INC,mcm capital,input_alias
0001084961,ENCORE CAPITAL GROUP INC,MIDLAND CORP OF KANSAS,midland corp of kansas,input_alias
0001085243,"VirTra, Inc",GAMECOM INC,gamecom,input_alias
0001085243,"VirTra, Inc",VIRTRA SYSTEMS INC,virtra systems,input_alias
0001086745,"AYRO, Inc.","DropCar, Inc.",dropcar,input_alias
0001086745,"AYRO, Inc.",PHOENIX STAR VENTURES INC,phoenix star ventures,input_alias
0001086745,"AYRO, Inc.",WPCS INTERNATIONAL INC,wpcs international,input_alias
0001088034,"Usio, Inc.",BILLSERV INC,billserv,input_alias
0001088034,"Usio, Inc.",PAYMENT DATA SYSTEMS INC,payment data systems,input_alias
0001088034,"Usio, Inc.",Payment Data Systems Inc,payment data systems,input_alias
0001088413,"GREYSTONE LOGISTICS, INC.",PALWEB CORP,palweb,input_alias
0001089748,HUNTSMAN INTERNATIONAL LLC,HUNTSMAN ICI CHEMICALS LLC,huntsman ici chemicals,input_alias
0001089815,Elite Health Systems Inc.,"U.S. NeuroSurgical Holdings, Inc.",us neurosurgical holdings,input_alias
0001089815,Elite Health Systems Inc.,US NEUROSURGICAL INC,us neurosurgical,input_alias
0001089819,Cleco Corporate Holdings LLC,CLECO CORP,cleco,input_alias
0001089819,Cleco Corporate Holdings LLC,CLECO HOLDING CORP,cleco,input_alias
0001089872,"GAIA, INC",GAIAM INC,gaiam,input_alias
0001089872,"GAIA, INC","GAIAM, INC",gaiam,input_alias
0001089907,SWK Holdings Corp,KANA COMMUNICATIONS INC,kana communications,input_alias
0001089907,SWK Holdings Corp,KANA SOFTWARE INC,kana software,input_alias
0001090009,SOUTHERN FIRST BANCSHARES INC,GREENVILLE FIRST BANCSHARES INC,greenville first bancshares,input_alias
0001090012,DEVON ENERGY CORP/DE,DEVON DELAWARE CORP,devon delaware,input_alias
0001090425,LAMAR ADVERTISING CO/NEW,LAMAR NEW HOLDING CO,lamar new,input_alias
0001090872,"AGILENT TECHNOLOGIES, INC.",HP MEASUREMENT INC,hp measurement,input_alias
0001091748,"Argo Group International Holdings, Inc.",PXRE GROUP LTD,pxre,input_alias
0001092796,"SMITH & WESSON BRANDS, INC.",AMERICAN OUTDOOR BRANDS CORP,american outdoor brands,input_alias
0001092796,"SMITH & WESSON BRANDS, INC.",AMERICAN OUTDOOR BRANDS CORPORATON,american outdoor brands corporaton,input_alias
0001092796,"SMITH & WESSON BRANDS, INC.",SMITH & WESSON HOLDING CORP,smith wesson,input_alias
0001094032,QDM International Inc.,"24/7 Kid Doc, Inc.",247 kid doc,input_alias
0001094032,QDM International Inc.,DALE JARRETT RACING ADVENTURE INC,dale jarrett racing adventure,input_alias
0001094032,QDM International Inc.,JARRETT FAVRE DRIVING ADVENTURE INC,jarrett favre driving adventure,input_alias
0001094038,"Marker Therapeutics, Inc.",GENEMAX CORP,genemax,input_alias
0001094038,"Marker Therapeutics, Inc.",TAPIMMUNE INC,tapimmune,input_alias
0001094038,"Marker Therapeutics, Inc.",TAPIMMUNE INC.,tapimmune,input_alias
0001094093,PROGRESS ENERGY INC,CP&L ENERGY INC,cpl energy,input_alias
0001094093,PROGRESS ENERGY INC,CP&L HOLDINGS INC,cpl,input_alias
0001094831,"BGC Group, Inc.","BGC Partners, Inc.",bgc partners,input_alias
0001094831,"BGC Group, Inc.",ESPEED INC,espeed,input_alias
0001095073,"EVEREST GROUP, LTD.",EVEREST RE GROUP LTD,everest re,input_alias
0001095073,"EVEREST GROUP, LTD.",EVEREST REINSURANCE GROUP LTD,everest reinsurance,input_alias
0001095651,Safehold Inc.,ISTAR FINANCIAL INC,istar financial,input_alias
0001095651,Safehold Inc.,ISTAR INC.,istar,input_alias
0001095651,Safehold Inc.,STARWOOD FINANCIAL INC,starwood financial,input_alias
0001095981,"PLUS THERAPEUTICS, INC.","CYTORI THERAPEUTICS, INC.",cytori therapeutics,input_alias
0001095981,"PLUS THERAPEUTICS, INC.",MACROPORE INC,macropore,input_alias
0001096275,Worksport Ltd,"Franchise Holdings International, Inc.",franchise holdings international,input_alias
0001096275,Worksport Ltd,TMANGLOBAL COM INC,tmanglobal com,input_alias
0001096343,MARKEL GROUP INC.,"MARKEL GROUP, INC.",markel group,input_alias
0001096752,EDGEWELL PERSONAL CARE Co,ENERGIZER HOLDINGS INC,energizer,input_alias
0001096938,"United Health Products, Inc.",MNS EAGLE EQUITY GROUP III INC,mns eagle equity group iii,input_alias
0001096938,"United Health Products, Inc.",United EcoEnergy Corp.,united ecoenergy,input_alias
0001097864,ON SEMICONDUCTOR CORP,SCG HOLDING CORP,scg,input_alias
0001098009,America Great Health,CROWN MARKETING,crown marketing,input_alias
0001098009,America Great Health,SPACE LAUNCHES FINANCING INC,space launches financing,input_alias
0001098972,AGENUS INC,ANTIGENICS INC /DE/,antigenics inc de,input_alias
0001099800,Edwards Lifesciences Corp,CVG CONTROLLED INC,cvg controlled,input_alias
0001100682,"CHARLES RIVER LABORATORIES INTERNATIONAL, INC.",CHARLES RIVER LABORATORIES HOLDINGS INC,charles river laboratories,input_alias
0001101026,"Zivo Bioscience, Inc.",HEALTH ENHANCEMENT PRODUCTS INC,health enhancement products,input_alias
0001101026,"Zivo Bioscience, Inc.",WESTERN GLORY HOLE INC,western glory hole,input_alias
0001101215,"BREAD FINANCIAL HOLDINGS, INC.",ALLIANCE DATA SYSTEMS CORP,alliance data systems,input_alias
0001101433,QUOTEMEDIA INC,QUOTEMEDIA COM INC,quotemedia com,input_alias
0001103795,"QS Energy, Inc.",SAVE THE WORLD AIR INC,save the world air,input_alias
0001103833,"Crown Equity Holdings, Inc.",20/20 NETWORKS INC,2020 networks,input_alias
0001103833,"Crown Equity Holdings, Inc.","MICRO BIO-MEDICAL WASTE SYSTEMS, INC.",micro biomedical waste systems,input_alias
0001103982,"Mondelez International, Inc.",KRAFT FOODS INC,kraft foods,input_alias
0001104038,"VerifyMe, Inc.",LASERLOCK TECHNOLOGIES INC,laserlock technologies,input_alias
0001104485,"NORTHERN OIL & GAS, INC.",KENTEX PETROLEUM INC,kentex petroleum,input_alias
0001104657,MATERION Corp,BRUSH ENGINEERED MATERIALS INC,brush engineered materials,input_alias
0001106213,SEAFARER EXPLORATION CORP,DIAMOND INTERNATIONAL GROUP INC/NY/,diamond international group incny,input_alias
0001106213,SEAFARER EXPLORATION CORP,Organetix,organetix,input_alias
0001106213,SEAFARER EXPLORATION CORP,SEGWAY I CORP,segway i,input_alias
0001106644,"CHINA PHARMA HOLDINGS, INC.",SOFTSTONE INC,softstone,input_alias
0001106644,"CHINA PHARMA HOLDINGS, INC.",SOFTSTONE INC /DE/,softstone inc de,input_alias
0001106644,"CHINA PHARMA HOLDINGS, INC.",TS ELECTRONICS INC,ts electronics,input_alias
0001106838,"Sonnet BioTherapeutics Holdings, Inc.","Chanticleer Holdings, Inc.",chanticleer holdings,input_alias
0001106838,"Sonnet BioTherapeutics Holdings, Inc.",TULVINE SYSTEMS INC,tulvine systems,input_alias
0001107280,OCULUS INC.,OCULUS VISION TECH INC.,oculus vision tech,input_alias
0001107280,OCULUS INC.,OCULUS VISIONTECH INC.,oculus visiontech,input_alias
0001107280,OCULUS INC.,USA VIDEO INTERACTIVE CORP,usa video interactive,input_alias
0001107421,"Alaunos Therapeutics, Inc.",EASYWEB INC,easyweb,input_alias
0001107421,"Alaunos Therapeutics, Inc.",ZIOPHARM ONCOLOGY INC,ziopharm oncology,input_alias
0001108109,COMMUNITY HEALTH SYSTEMS INC,COMMUNITY HEALTH SYSTEMS INC/,community health systems inc,input_alias
0001108426,TXNM ENERGY INC,MANZANO CORP,manzano,input_alias
0001108426,TXNM ENERGY INC,PNM RESOURCES INC,pnm resources,input_alias
0001108524,"Salesforce, Inc.",SALESFORCE COM INC,salesforce com,input_alias
0001108524,"Salesforce, Inc.","SALESFORCE.COM, INC.",salesforcecom,input_alias
0001109354,BRUKER CORP,BRUKER BIOSCIENCES CORP,bruker biosciences,input_alias
0001109354,BRUKER CORP,BRUKER DALTONICS INC,bruker daltonics,input_alias
0001109448,ALLIANCEBERNSTEIN L.P.,ALLIANCE CAPITAL MANAGEMENT L P,alliance capital management l p,input_alias
0001110607,"Koil Energy Solutions, Inc.","Deep Down, Inc.",deep down,input_alias
0001110607,"Koil Energy Solutions, Inc.","MediQuip Holdings, INC",mediquip holdings,input_alias
0001110607,"Koil Energy Solutions, Inc.",TRUE HEALTH INC,true health,input_alias
0001111711,NISOURCE INC.,NEW NISOURCE INC,new nisource,input_alias
0001111711,NISOURCE INC.,NISOURCE INC/DE,nisource incde,input_alias
0001111741,"DYNARESOURCE, INC.",DYNA RESOURCE INC,dyna resource,input_alias
0001113232,AXCELIS TECHNOLOGIES INC,EATON SEMICONDUCTOR EQUIPMENT INC,eaton semiconductor equipment,input_alias
0001113313,ARVANA INC,TURINCO INC,turinco,input_alias
0001113809,BUILD-A-BEAR WORKSHOP INC,BUILD A BEAR WORKSHOP INC,build a bear workshop,input_alias
0001114483,Integer Holdings Corp,"GREATBATCH, INC.",greatbatch,input_alias
0001114483,Integer Holdings Corp,WILSON GREATBATCH TECHNOLOGIES INC,wilson greatbatch technologies,input_alias
0001116132,"TAPESTRY, INC.",COACH INC,coach,input_alias
0001117057,Planet Green Holdings Corp.,American CORP,american,input_alias
0001117057,Planet Green Holdings Corp.,American Lorain CORP,american lorain,input_alias
0001117171,"CBAK Energy Technology, Inc.",CHINA BAK BATTERY INC,china bak battery,input_alias
0001117171,"CBAK Energy Technology, Inc.",MEDINA COFFEE INC,medina coffee,input_alias
0001119190,"HUMBL, INC.",IWT TESORO CORP,iwt tesoro,input_alias
0001119190,"HUMBL, INC.","Tesoro Distributors, Inc.",tesoro distributors,input_alias
0001119190,"HUMBL, INC.","Tesoro Enterprises, Inc.",tesoro enterprises,input_alias
0001120193,"NASDAQ, INC.","NASDAQ OMX GROUP, INC.",nasdaq omx group,input_alias
0001120193,"NASDAQ, INC.",NASDAQ STOCK MARKET INC,nasdaq stock market,input_alias
0001120370,"BROADWIND, INC.",BLACKFOOT ENTERPRISES INC,blackfoot enterprises,input_alias
0001120370,"BROADWIND, INC.","BROADWIND ENERGY, INC.",broadwind energy,input_alias
0001120370,"BROADWIND, INC.",TOWER TECH HOLDINGS INC.,tower tech,input_alias
0001120970,Comstock Inc.,Comstock Mining Inc.,comstock mining,input_alias
0001120970,Comstock Inc.,GOLDSPRING,goldspring,input_alias
0001120970,Comstock Inc.,GOLDSPRING INC,goldspring,input_alias
0001121795,GHST World Inc.,GENERAL TELEPHONY COM INC,general telephony com,input_alias
0001121795,GHST World Inc.,Ghost Technology Inc.,ghost technology,input_alias
0001121795,GHST World Inc.,I A EUROPE GROUP INC,i a europe,input_alias
0001122976,AVIENT CORP,POLYONE CORP,polyone,input_alias
0001124105,"GYRE THERAPEUTICS, INC.","CATALYST BIOSCIENCES, INC.",catalyst biosciences,input_alias
0001124105,"GYRE THERAPEUTICS, INC.",TARGACEPT INC,targacept,input_alias
0001124140,EXACT SCIENCES CORP,EXACT CORP,exact,input_alias
0001124524,"Cryoport, Inc.",CRYOPORT SYSTEMS INC,cryoport systems,input_alias
0001124524,"Cryoport, Inc.",CRYOPORT SYSTEMS LLC,cryoport systems,input_alias
0001124796,"NLIGHT, INC.",NLIGHT PHOTONICS CORP,nlight photonics,input_alias
0001124804,Veradigm Inc.,ALLSCRIPTS HEALTHCARE SOLUTIONS INC,allscripts healthcare solutions,input_alias
0001124804,Veradigm Inc.,"ALLSCRIPTS HEALTHCARE SOLUTIONS, INC.",allscripts healthcare solutions,input_alias
0001124804,Veradigm Inc.,"ALLSCRIPTS-MISYS HEALTHCARE SOLUTIONS, INC.",allscriptsmisys healthcare solutions,input_alias
0001125259,CARNIVAL PLC,P&O PRINCESS CRUISES PLC,po princess cruises,input_alias
0001125376,"ENSIGN GROUP, INC",ENSIGN GROUP INC,ensign,input_alias
0001126956,SPIRE INC,LACLEDE GROUP INC,laclede,input_alias
0001127371,Community West Bancshares,CENTRAL VALLEY COMMUNITY BANCORP,central valley community bancorp,input_alias
0001127475,"Digital Brand Media & Marketing Group, Inc.",RTG VENTURES INC,rtg ventures,input_alias
0001128189,"ProtoKinetix, Inc.",RJV NETWORK INC,rjv network,input_alias
0001128281,"Saker Aviation Services, Inc.","FBO AIR, INC.",fbo air,input_alias
0001128281,"Saker Aviation Services, Inc.","FirstFlight, Inc.",firstflight,input_alias
0001128281,"Saker Aviation Services, Inc.",SHADOWS BEND DEVELOPMENT INC,shadows bend development,input_alias
0001128361,HOPE BANCORP INC,BBCN BANCORP INC,bbcn bancorp,input_alias
0001128361,HOPE BANCORP INC,NARA BANCORP INC,nara bancorp,input_alias
0001130166,"Cyclacel Pharmaceuticals, Inc.",XCYTE THERAPIES INC,xcyte therapies,input_alias
0001130310,CENTERPOINT ENERGY INC,RELIANT ENERGY REGCO INC,reliant energy regco,input_alias
0001130464,BLACK HILLS CORP /SD/,BLACK HILLS HOLDING CORP,black hills,input_alias
0001130598,"Traws Pharma, Inc.",ONCONOVA THERAPEUTICS INC,onconova therapeutics,input_alias
0001130598,"Traws Pharma, Inc.","ONCONOVA THERAPEUTICS, INC.",onconova therapeutics,input_alias
0001130598,"Traws Pharma, Inc.","Onconova Therapeutics, Inc.",onconova therapeutics,input_alias
0001130713,"BEYOND, INC.",OVERSTOCK COM INC,overstock com,input_alias
0001130713,"BEYOND, INC.","OVERSTOCK.COM, INC",overstockcom,input_alias
0001130781,NEURALBASE AI LTD.,"Imperia Entertainment, Inc.",imperia entertainment,input_alias
0001130781,NEURALBASE AI LTD.,"Soleil Film, Inc.",soleil film,input_alias
0001130781,NEURALBASE AI LTD.,Viratech Corp.,viratech,input_alias
0001131903,SPECTRAL CAPITAL Corp,FUSA CAPITAL CORP,fusa capital,input_alias
0001131903,SPECTRAL CAPITAL Corp,GALAXY CHAMPIONSHIP WRESTLING INC,galaxy championship wrestling,input_alias
0001131903,SPECTRAL CAPITAL Corp,SPECTRA CAPITAL Corp,spectra capital,input_alias
0001132105,"SPORTSMAN'S WAREHOUSE HOLDINGS, INC.",SPORTSMANS WAREHOUSE HOLDINGS INC,sportsmans warehouse,input_alias
0001132509,New Momentum Corp.,"Eason Education Kingdom Holdings, Inc.",eason education kingdom holdings,input_alias
0001132509,New Momentum Corp.,HAN LOGISTICS INC,han logistics,input_alias
0001133062,JANEL CORP,JANEL WORLD TRADE LTD,janel world trade,input_alias
0001133062,JANEL CORP,WINE SYSTEMS DESIGN INC,wine systems design,input_alias
0001133416,GALECTIN THERAPEUTICS INC,PRO PHARMACEUTICALS INC,pro pharmaceuticals,input_alias
0001133421,NORTHROP GRUMMAN CORP /DE/,NNG INC,nng,input_alias
0001133818,"BIO-PATH HOLDINGS, INC.",BIO-PATH HOLDINGS INC,biopath,input_alias
0001133818,"BIO-PATH HOLDINGS, INC.",OGDEN GOLF CO CORP,ogden golf,input_alias
0001133869,"CAPRICOR THERAPEUTICS, INC.","Nile Therapeutics, Inc.",nile therapeutics,input_alias
0001133869,"CAPRICOR THERAPEUTICS, INC.",SMI PRODUCTS INC,smi products,input_alias
0001134765,"Charlie's Holdings, Inc.","BAZI INTERNATIONAL, INC.",bazi international,input_alias
0001134765,"Charlie's Holdings, Inc.","True Drinks Holdings, Inc.",true drinks holdings,input_alias
0001134765,"Charlie's Holdings, Inc.","XELR8 HOLDINGS, INC.",xelr8 holdings,input_alias
0001135971,PEPCO HOLDINGS LLC,NEW RC INC,new rc,input_alias
0001136174,"Ontrak, Inc.","CATASYS, INC.",catasys,input_alias
0001136174,"Ontrak, Inc.",HYTHIAM INC,hythiam,input_alias
0001136174,"Ontrak, Inc.","HYTHIAM, INC.",hythiam,input_alias
0001136869,"ZIMMER BIOMET HOLDINGS, INC.",ZIMMER HOLDINGS INC,zimmer,input_alias
0001136893,"Fidelity National Information Services, Inc.",CERTEGY INC,certegy,input_alias
0001136893,"Fidelity National Information Services, Inc.",EQUIFAX PS INC,equifax ps,input_alias
0001137091,"POWER SOLUTIONS INTERNATIONAL, INC.",FORMAT INC,format,input_alias
0001137091,"POWER SOLUTIONS INTERNATIONAL, INC.",FORMAT INC /FA/,format inc fa,input_alias
0001137883,BRAINSTORM CELL THERAPEUTICS INC.,GOLDEN HAND RESOURCES INC,golden hand resources,input_alias
0001137883,BRAINSTORM CELL THERAPEUTICS INC.,WIZBANG TECHNOLOGIES INC,wizbang technologies,input_alias
0001138118,"CBRE GROUP, INC.",CB RICHARD ELLIS GROUP INC,cb richard ellis,input_alias
0001138118,"CBRE GROUP, INC.",CBRE HOLDING INC,cbre,input_alias
0001138639,Infinera Corp,ZEPTON NETWORKS INC,zepton networks,input_alias
0001138724,"Global Arena Holding, Inc.","China Stationery & Office Supply, Inc.",china stationery office supply,input_alias
0001138724,"Global Arena Holding, Inc.",DICKIE WALKER MARINE INC,dickie walker marine,input_alias
0001140102,"HireQuest, Inc.","Command Center, Inc.",command center,input_alias
0001140102,"HireQuest, Inc.",TEMPORARY FINANCIAL SERVICES INC,temporary financial services,input_alias
0001140215,"REED'S, INC.",ORIGINAL BEVERAGE CORP /,original beverage corp,input_alias
0001140536,WILLIS TOWERS WATSON PLC,WILLIS GROUP HOLDINGS LTD,willis,input_alias
0001140536,WILLIS TOWERS WATSON PLC,WILLIS GROUP HOLDINGS PLC,willis,input_alias
0001140859,"Cencora, Inc.",AMERISOURCEBERGEN CORP,amerisourcebergen,input_alias
0001141103,CROSS COUNTRY HEALTHCARE INC,CROSS COUNTRY INC,cross country,input_alias
0001141197,PEDEVCO CORP,"BLAST ENERGY SERVICES, INC.",blast energy services,input_alias
0001141197,PEDEVCO CORP,VERDISYS INC,verdisys,input_alias
0001141688,LANDMARK BANCORP INC,LANDMARK MERGER CO,landmark merger,input_alias
0001141964,PUBLIC CO MANAGEMENT CORP,MYOFFIZ INC,myoffiz,input_alias
0001141964,PUBLIC CO MANAGEMENT CORP,"MYOFFIZ, INC.",myoffiz,input_alias
0001142417,"NEXSTAR MEDIA GROUP, INC.",NEXSTAR BROADCASTING GROUP INC,nexstar broadcasting,input_alias
0001144215,ACUITY INC. (DE),ACUITY BRANDS INC,acuity brands,input_alias
0001144215,ACUITY INC. (DE),L&C SPINCO INC,lc spinco,input_alias
0001144879,Applied Digital Corp.,"Applied Blockchain, Inc.",applied blockchain,input_alias
0001144879,Applied Digital Corp.,"Applied Science Products, Inc.",applied science products,input_alias
0001144879,Applied Digital Corp.,FLIGHT SAFETY TECHNOLOGIES INC,flight safety technologies,input_alias
0001145604,"NIKA PHARMACEUTICALS, INC",CENTENNIAL GROWTH EQUITIES INC,centennial growth equities,input_alias
0001156039,"Elevance Health, Inc.","Anthem, Inc.",anthem,input_alias
0001156039,"Elevance Health, Inc.",WELLPOINT INC,wellpoint,input_alias
0001156039,"Elevance Health, Inc.","WELLPOINT, INC",wellpoint,input_alias
0001156375,CME GROUP INC.,CHICAGO MERCANTILE EXCHANGE HOLDINGS INC,chicago mercantile exchange,input_alias
0001156388,BIG 5 SPORTING GOODS Corp,BIG 5 HOLDINGS CORP,big 5,input_alias
0001157075,"PharmaCyte Biotech, Inc.",EFOODSAFETY COM INC,efoodsafety com,input_alias
0001157075,"PharmaCyte Biotech, Inc.","NUVILEX, INC.",nuvilex,input_alias
0001157408,"Stride, Inc.",K12 INC,k12,input_alias
0001157601,"MADRIGAL PHARMACEUTICALS, INC.",SYNTA PHARMACEUTICALS CORP,synta pharmaceuticals,input_alias
0001157647,"Western New England Bancorp, Inc.",WESTFIELD FINANCIAL INC,westfield financial,input_alias
0001157762,CHINA AUTOMOTIVE SYSTEMS INC,VISIONS IN GLASS INC,visions in glass,input_alias
0001158172,"COMSCORE, INC.",COMSCORE NETWORKS INC,comscore networks,input_alias
0001158324,"COGENT COMMUNICATIONS HOLDINGS, INC.",COGENT COMMUNICATIONS GROUP INC,cogent communications,input_alias
0001158780,Pluri Inc.,AI SOFTWARE INC,ai software,input_alias
0001158780,Pluri Inc.,PLURISTEM LIFE SYSTEMS INC,pluristem life systems,input_alias
0001158780,Pluri Inc.,PLURISTEM THERAPEUTICS INC,pluristem therapeutics,input_alias
0001159036,"HALOZYME THERAPEUTICS, INC.",GLOBAL YACHT SERVICES INC,global yacht services,input_alias
0001160308,Savara Inc,ADVENTRX PHARMACEUTICALS INC,adventrx pharmaceuticals,input_alias
0001160308,Savara Inc,BIOKEYS PHARMACEUTICALS INC,biokeys pharmaceuticals,input_alias
0001160308,Savara Inc,"Mast Therapeutics, Inc.",mast therapeutics,input_alias
0001162194,STANDARD BIOTOOLS INC.,FLUIDIGM CORP,fluidigm,input_alias
0001162896,Prairie Operating Co.,"Creek Road Miners, Inc.",creek road miners,input_alias
0001162896,Prairie Operating Co.,"WIZARD BRANDS, INC.",wizard brands,input_alias
0001162896,Prairie Operating Co.,"WIZARD ENTERTAINMENT, INC.",wizard entertainment,input_alias
0001163165,CONOCOPHILLIPS,CORVETTEPORSCHE CORP,corvetteporsche,input_alias
0001163609,SOUTH DAKOTA SOYBEAN PROCESSORS LLC,SOYBEAN PROCESSORS LLC,soybean processors,input_alias
0001164727,NEWMONT Corp /DE/,DELTA HOLDCO CORP,delta holdco,input_alias
0001164727,NEWMONT Corp /DE/,NEWMONT GOLDCORP CORP /DE/,newmont goldcorp corp de,input_alias
0001164727,NEWMONT Corp /DE/,NEWMONT MINING CORP /DE/,newmont mining corp de,input_alias
0001164863,Enpro Inc.,ENPRO INDUSTRIES INC,enpro industries,input_alias
0001164863,Enpro Inc.,"ENPRO INDUSTRIES, INC",enpro industries,input_alias
0001166003,"XPO, Inc.",EXPRESS-1 EXPEDITED SOLUTIONS INC,express1 expedited solutions,input_alias
0001166003,"XPO, Inc.",SEGMENTZ INC,segmentz,input_alias
0001166003,"XPO, Inc.","XPO Logistics, Inc.",xpo logistics,input_alias
0001166691,COMCAST CORP,AT&T COMCAST CORP,att comcast,input_alias
0001166708,"Brownie's Marine Group, Inc",UNITED COMPANIES CORP,united companies,input_alias
0001167419,"Riot Platforms, Inc.","Bioptix, Inc.",bioptix,input_alias
0001167419,"Riot Platforms, Inc.","Riot Blockchain, Inc.",riot blockchain,input_alias
0001167419,"Riot Platforms, Inc.","Venaxis, Inc.",venaxis,input_alias
0001168165,CONSTELLATION ENERGY GENERATION LLC,EXELON GENERATION CO LLC,exelon generation,input_alias
0001169445,"TruBridge, Inc.",COMPUTER PROGRAMS & SYSTEMS INC,computer programs systems,input_alias
0001169770,"BANC OF CALIFORNIA, INC.",FIRST PACTRUST BANCORP INC,first pactrust bancorp,input_alias
0001171326,ENTREPRENEUR UNIVERSE BRIGHT GROUP,LONESTAR Group Holdings CO,lonestar,input_alias
0001171326,ENTREPRENEUR UNIVERSE BRIGHT GROUP,PITBOSS ENTERTAINMENT INC.,pitboss entertainment,input_alias
0001171326,ENTREPRENEUR UNIVERSE BRIGHT GROUP,U.S. ENERGY HOLDINGS INC.,us energy,input_alias
0001171838,"Sundance Strategies, Inc.",JAVA EXPRESS INC,java express,input_alias
0001172052,SAFETY INSURANCE GROUP INC,SAFETY HOLDINGS INC,safety,input_alias
0001172178,LIBERTY STAR URANIUM & METALS CORP.,LIBERTY STAR GOLD CORP,liberty star gold,input_alias
0001172178,LIBERTY STAR URANIUM & METALS CORP.,TITANIUM INTELLIGENCE INC,titanium intelligence,input_alias
0001173204,Cineverse Corp.,"Access Integrated Technologies, Inc. d/b/a Cinedigm Digital Cinema Corp.",access integrated technologies inc dba cinedigm digital cinema,input_alias
0001173204,Cineverse Corp.,Cinedigm Corp.,cinedigm,input_alias
0001173204,Cineverse Corp.,Cinedigm Digital Cinema Corp.,cinedigm digital cinema,input_alias
0001173313,"ABVC BIOPHARMA, INC.",American BriVision (Holding) Corp,american brivision holding,input_alias
0001173313,"ABVC BIOPHARMA, INC.","ECOLOGY COATINGS, INC.",ecology coatings,input_alias
0001173313,"ABVC BIOPHARMA, INC.","METU BRANDS, INC.",metu brands,input_alias
0001173489,CEVA INC,PARTHUSCEVA INC,parthusceva,input_alias
0001173514,"HYSTER-YALE, INC.",HYSTER YALE MATERIALS HANDLING INC.,hyster yale materials handling,input_alias
0001173514,"HYSTER-YALE, INC.","HYSTER-YALE MATERIALS HANDLING, INC.",hysteryale materials handling,input_alias
0001173514,"HYSTER-YALE, INC.",NMHG HOLDING CO,nmhg,input_alias
0001174891,"CalEthos, Inc.",FORCE ENERGY CORP.,force energy,input_alias
0001174891,"CalEthos, Inc.","RealSource Residential, Inc",realsource residential,input_alias
0001174891,"CalEthos, Inc.",UPSTREAM BIOSCIENCES INC.,upstream biosciences,input_alias
0001175151,Cytosorbents Corp,GILDER ENTERPRISES INC,gilder enterprises,input_alias
0001175151,Cytosorbents Corp,MedaSorb Technologies CORP,medasorb technologies,input_alias
0001175454,"CORPAY, INC.",FLEETCOR TECHNOLOGIES INC,fleetcor technologies,input_alias
0001175535,Whitestone REIT,HARTMAN COMMERCIAL PROPERTIES REIT,hartman commercial properties reit,input_alias
0001175680,CytoDyn Inc.,REXRAY CORP,rexray,input_alias
0001176309,ORAMED PHARMACEUTICALS INC.,IGUANA VENTURES LTD,iguana ventures,input_alias
0001176309,ORAMED PHARMACEUTICALS INC.,"Integrated Security Technologies, Inc.",integrated security technologies,input_alias
0001176948,Ares Management Corp,ARES MANAGEMENT LP,ares management lp,input_alias
0001177394,TD SYNNEX CORP,SYNNEX CORP,synnex,input_alias
0001177609,"FIVE BELOW, INC",CHEAP HOLDINGS INC,cheap,input_alias
0001177702,SAIA INC,SCS TRANSPORTATION INC,scs transportation,input_alias
0001180262,HERBALIFE LTD.,HERBALIFE NUTRITION LTD.,herbalife nutrition,input_alias
0001180262,HERBALIFE LTD.,WH HOLDINGS CAYMAN ISLANDS LTD,wh holdings cayman islands,input_alias
0001185348,PRA GROUP INC,PORTFOLIO RECOVERY ASSOCIATES INC,portfolio recovery associates,input_alias
0001187953,"CREATIVE MEDICAL TECHNOLOGY HOLDINGS, INC.",JOLLEY MARKETING INC,jolley marketing,input_alias
0001193311,ONCOR ELECTRIC DELIVERY CO LLC,TXU ELECTRIC DELIVERY CO,txu electric delivery,input_alias
0001206264,SOMNIGROUP INTERNATIONAL INC.,TEMPUR PEDIC INTERNATIONAL INC,tempur pedic international,input_alias
0001206264,SOMNIGROUP INTERNATIONAL INC.,"TEMPUR SEALY INTERNATIONAL, INC.",tempur sealy international,input_alias
0001206264,SOMNIGROUP INTERNATIONAL INC.,TWI HOLDINGS INC,twi,input_alias
0001209709,CERES TACTICAL SYSTEMATIC L.P.,CITIGROUP DIVERSIFIED FUTURES FUND LP,citigroup diversified futures fund lp,input_alias
0001209709,CERES TACTICAL SYSTEMATIC L.P.,TACTICAL DIVERSIFIED FUTURES FUND L.P.,tactical diversified futures fund lp,input_alias
0001210708,"Hudson Global, Inc.",HUDSON HIGHLAND GROUP INC,hudson highland,input_alias
0001210708,"Hudson Global, Inc.",HUDSON HIGHLAND INC,hudson highland,input_alias
0001210708,"Hudson Global, Inc.",TMP WORLDWIDE SEARCH INC,tmp worldwide search,input_alias
0001211583,FENNEC PHARMACEUTICALS INC.,ADHEREX TECHNOLOGIES INC,adherex technologies,input_alias
0001211805,"My Size, Inc.",Mysize Inc.,mysize,input_alias
0001211805,"My Size, Inc.",TOPSPIN MEDICAL INC,topspin medical,input_alias
0001213037,"Cardiff Oncology, Inc.",TrovaGene Inc.,trovagene,input_alias
0001213037,"Cardiff Oncology, Inc.","Trovagene, Inc.",trovagene,input_alias
0001213037,"Cardiff Oncology, Inc.",XENOMICS INC,xenomics,input_alias
0001213809,DYADIC INTERNATIONAL INC,CCP WORLDWIDE INC,ccp worldwide,input_alias
0001217234,"CareDx, Inc.",EXPRESSION DIAGNOSTICS INC,expression diagnostics,input_alias
0001217234,"CareDx, Inc.","XDx, Inc.",xdx,input_alias
0001218683,Mawson Infrastructure Group Inc.,DENALI CONCRETE MANAGEMENT INC,denali concrete management,input_alias
0001218683,Mawson Infrastructure Group Inc.,"OphthaliX, Inc.",ophthalix,input_alias
0001218683,Mawson Infrastructure Group Inc.,"Wize Pharma, Inc.",wize pharma,input_alias
0001219601,"CROWN HOLDINGS, INC.",CROWN HOLDINGS INC,crown,input_alias
0001220754,ModivCare Inc,PROVIDENCE SERVICE CORP,providence service,input_alias
0001224608,"CNO Financial Group, Inc.",CONSECO INC,conseco,input_alias
0001227265,CERES ORION L.P.,CITIGROUP ORION FUTURES FUND LP,citigroup orion futures fund lp,input_alias
0001227265,CERES ORION L.P.,ORION FUTURES FUND LP,orion futures fund lp,input_alias
0001227265,CERES ORION L.P.,SALOMON SMITH BARNEY ORION FUTURES FUND LP,salomon smith barney orion futures fund lp,input_alias
0001227654,COMPASS MINERALS INTERNATIONAL INC,SALT HOLDINGS CORP,salt,input_alias
0001228627,"Opus Genetics, Inc.",CORPORATE ROAD SHOW DOT COM INC,corporate road show dot com,input_alias
0001228627,"Opus Genetics, Inc.","Ocuphire Pharma, Inc.",ocuphire pharma,input_alias
0001228627,"Opus Genetics, Inc.","REXAHN PHARMACEUTICALS, INC.",rexahn pharmaceuticals,input_alias
0001230245,PIPER SANDLER COMPANIES,PIPER JAFFRAY COMPANIES,piper jaffray companies,input_alias
0001230524,"Leopard Energy, Inc.",CLEAN ENVIRO TECH CORP,clean enviro tech,input_alias
0001230524,"Leopard Energy, Inc.",Cyber Apps World,cyber apps world,input_alias
0001230524,"Leopard Energy, Inc.",SKY POWER SOLUTIONS CORP.,sky power solutions,input_alias
0001236275,"QXO, Inc.","SilverSun Technologies, Inc.",silversun technologies,input_alias
0001236275,"QXO, Inc.",TREY INDUSTRIES INC,trey industries,input_alias
0001236275,"QXO, Inc.",TREY RESOURCES INC,trey resources,input_alias
0001257640,KRONOS WORLDWIDE INC,KRONOS INC,kronos,input_alias
0001259429,Oxford Square Capital Corp.,Oxford Street Capital Corp.,oxford street capital,input_alias
0001259429,Oxford Square Capital Corp.,TECHNOLOGY INVESTMENT CAPITAL CORP,technology investment capital,input_alias
0001259429,Oxford Square Capital Corp.,TICC Capital Corp.,ticc capital,input_alias
0001260221,TransDigm Group INC,TD HOLDING CORP,td,input_alias
0001261379,Frontier Funds,Equinox Frontier Funds,equinox frontier funds,input_alias
0001261379,Frontier Funds,FRONTIER FUND,frontier fund,input_alias
0001262104,"Lite Strategy, Inc.",MARSHALL EDWARDS INC,marshall edwards,input_alias
0001262104,"Lite Strategy, Inc.","MEI Pharma, Inc.",mei pharma,input_alias
0001262823,WESTLAKE CORP,WESTLAKE CHEMICAL CORP,westlake chemical,input_alias
0001262976,CIMPRESS plc,CIMPRESS N.V.,cimpress nv,input_alias
0001262976,CIMPRESS plc,VISTAPRINT LTD,vistaprint,input_alias
0001262976,CIMPRESS plc,VISTAPRINT N.V.,vistaprint nv,input_alias
0001263364,Idaho Copper Corp,G2 VENTURES INC,g2 ventures,input_alias
0001263364,Idaho Copper Corp,Joway Health Industries Group Inc,joway health industries,input_alias
0001265131,Hilltop Holdings Inc.,AFFORDABLE RESIDENTIAL COMMUNITIES INC,affordable residential communities,input_alias
0001265521,"Polomar Health Services, Inc.",HEALTHMED SERVICES LTD,healthmed services,input_alias
0001265521,"Polomar Health Services, Inc.",Trustfeed Corp.,trustfeed,input_alias
0001266806,"Vivani Medical, Inc.",SECOND SIGHT MEDICAL PRODUCTS INC,second sight medical products,input_alias
0001269026,"Sintx Technologies, Inc.",AMEDICA CORP,amedica,input_alias
0001269026,"Sintx Technologies, Inc.",AMEDICA Corp,amedica,input_alias
0001270436,Cohen & Co Inc.,ALESCO FINANCIAL INC,alesco financial,input_alias
0001270436,Cohen & Co Inc.,"INSTITUTIONAL FINANCIAL MARKETS, INC.",institutional financial markets,input_alias
0001273441,GRAN TIERRA ENERGY INC.,GOLDSTRIKE INC,goldstrike,input_alias
0001273441,GRAN TIERRA ENERGY INC.,GOLKSTRIKE INC,golkstrike,input_alias
0001273813,ASSURED GUARANTY LTD,AGC HOLDINGS LTD,agc,input_alias
0001273813,ASSURED GUARANTY LTD,AGR LTD,agr,input_alias
0001274173,JANUS HENDERSON GROUP PLC,HENDERSON GROUP PLC,henderson,input_alias
0001274173,JANUS HENDERSON GROUP PLC,HHG PLC,hhg,input_alias
0001274737,EXAGEN INC.,EXAGEN DIAGNOSTICS INC,exagen diagnostics,input_alias
0001275014,"Ultra Clean Holdings, Inc.",ULTRA CLEAN HOLDINGS INC,ultra clean,input_alias
0001275477,"BIMINI CAPITAL MANAGEMENT, INC.",BIMINI MORTGAGE MANAGEMENT INC,bimini mortgage management,input_alias
0001275477,"BIMINI CAPITAL MANAGEMENT, INC.",Opteum Inc.,opteum,input_alias
0001276187,Energy Transfer LP,"Energy Transfer Equity, L.P.",energy transfer equity lp,input_alias
0001276187,Energy Transfer LP,LAGRANGE ENERGY LP,lagrange energy lp,input_alias
0001278752,MidCap Financial Investment Corp,APOLLO CAPITAL CORP,apollo capital,input_alias
0001278752,MidCap Financial Investment Corp,APOLLO INVESTMENT CORP,apollo investment,input_alias
0001279620,"Zoned Properties, Inc.","Knewtrino, Inc.",knewtrino,input_alias
0001279620,"Zoned Properties, Inc.",Vanguard Minerals CORP,vanguard minerals,input_alias
0001279620,"Zoned Properties, Inc.",Vanguard Minerals Corp,vanguard minerals,input_alias
0001279704,"Cellectar Biosciences, Inc.",COMMON HORIZONS INC,common horizons,input_alias
0001279704,"Cellectar Biosciences, Inc.","NOVELOS THERAPEUTICS, INC.",novelos therapeutics,input_alias
0001279715,"Wright Investors Service Holdings, Inc.",NATIONAL PATENT DEVELOPMENT CORP,national patent development,input_alias
0001280776,"IMMUNIC, INC.",VITAL THERAPIES INC,vital therapies,input_alias
0001280784,"Hercules Capital, Inc.",HERCULES TECHNOLOGY GROWTH CAPITAL INC,hercules technology growth capital,input_alias
0001281761,REGIONS FINANCIAL CORP,NEW REGIONS FINANCIAL CORP,new regions financial,input_alias
0001281895,"ROCKET PHARMACEUTICALS, INC.",INOTEK PHARMACEUTICALS CORP,inotek pharmaceuticals,input_alias
0001282224,"Dolphin Entertainment, Inc.",DOLPHIN DIGITAL MEDIA INC,dolphin digital media,input_alias
0001282224,"Dolphin Entertainment, Inc.",LOGICA HOLDINGS INC,logica,input_alias
0001282224,"Dolphin Entertainment, Inc.",MAXIMUM AWARDS INC,maximum awards,input_alias
0001282648,BATTALION OIL CORP,HALCON RESOURCES CORP,halcon resources,input_alias
0001282648,BATTALION OIL CORP,RAM ENERGY RESOURCES INC,ram energy resources,input_alias
0001282648,BATTALION OIL CORP,TREMISIS ENERGY ACQUISITION CORP,tremisis energy acquisition,input_alias
0001282980,"Dror Ortho-Design, Inc.",NOVINT TECHNOLOGIES INC,novint technologies,input_alias
0001283699,"T-Mobile US, Inc.",METROPCS COMMUNICATIONS INC,metropcs communications,input_alias
0001284454,Yong Bai Chao New Retail Corp,BOSS MINERALS INC,boss minerals,input_alias
0001284454,Yong Bai Chao New Retail Corp,ENVIRONMENTAL CONTROL CORP.,environmental control,input_alias
0001285550,"ClearPoint Neuro, Inc.","MRI INTERVENTIONS, INC.",mri interventions,input_alias
0001285550,"ClearPoint Neuro, Inc.",SURGI VISION INC,surgi vision,input_alias
0001285550,"ClearPoint Neuro, Inc.",SURGIVISION INC,surgivision,input_alias
0001285785,MOSAIC CO,GLOBAL NUTRITION SOLUTIONS INC,global nutrition solutions,input_alias
0001286139,"LEGALZOOM.COM, INC.",LEGALZOOM COM INC,legalzoom com,input_alias
0001287032,PROSPECT CAPITAL CORP,PROSPECT ENERGY CORP,prospect energy,input_alias
0001287032,PROSPECT CAPITAL CORP,PROSPECT STREET ENERGY CORP,prospect street energy,input_alias
0001288847,"Five9, Inc.",Five 9 Inc,five 9,input_alias
0001289945,"Spok Holdings, Inc","USA Mobility, Inc",usa mobility,input_alias
0001289945,"Spok Holdings, Inc","Wizards-Patriots Holdings, Inc.",wizardspatriots holdings,input_alias
0001290476,Village Bank & Trust Financial Corp.,Southern Community Financial Corp.,southern community financial,input_alias
0001290658,"IIOT-OXYS, Inc.",Creative Beauty Supply of New Jersey CORP,creative beauty supply of new jersey,input_alias
0001290658,"IIOT-OXYS, Inc.","Gotham Capital Holdings, Inc.",gotham capital holdings,input_alias
0001290677,"Turning Point Brands, Inc.","North Atlantic Holding Company, Inc.",north atlantic holding company,input_alias
0001293971,"bluebird bio, Inc.",Genetix Pharmaceuticals Inc,genetix pharmaceuticals,input_alias
0001295947,Prestige Consumer Healthcare Inc.,"Prestige Brands Holdings, Inc.",prestige brands holdings,input_alias
0001295947,Prestige Consumer Healthcare Inc.,"Prestige Household Brands, Inc.",prestige household brands,input_alias
0001296884,"Lightstone Value Plus REIT I, Inc.","Lightstone Value Plus Real Estate Investment Trust, Inc.",lightstone value plus real estate investment trust,input_alias
0001297937,"PARKS AMERICA, INC",GREAT AMERICAN FAMILY PARKS INC,great american family parks,input_alias
0001298675,CubeSmart,U-Store-It Trust,ustoreit trust,input_alias
0001299130,"PACIFIC BIOSCIENCES OF CALIFORNIA, INC.",NANOFLUIDICS INC,nanofluidics,input_alias
0001299709,"Axos Financial, Inc.","BofI Holding, Inc.",bofi holding,input_alias
0001299969,"Comstock Holding Companies, Inc.","Comstock Homebuilding Companies, Inc.",comstock homebuilding companies,input_alias
0001300485,"CubeSmart, L.P.",Acquiport Amsdell I L P,acquiport amsdell i l p,input_alias
0001300485,"CubeSmart, L.P.",U-Store-It L P,ustoreit l p,input_alias
0001301236,Sotherly Hotels Inc.,MHI Hospitality CORP,mhi hospitality,input_alias
0001301236,Sotherly Hotels Inc.,Sotherly Hotel Inc.,sotherly hotel,input_alias
0001302215,"HOULIHAN LOKEY, INC.",HOULIHAN LOKEY HOWARD & ZUKIN INC,houlihan lokey howard zukin,input_alias
0001304161,"Pharma-Bio Serv, Inc.",LAWRENCE CONSULTING GROUP INC,lawrence consulting,input_alias
0001304409,ATHENA GOLD CORP,ATHENA SILVER CORP,athena silver,input_alias
0001304409,ATHENA GOLD CORP,ATHENA SILVER Corp,athena silver,input_alias
0001304409,ATHENA GOLD CORP,Athena Silver Corp,athena silver,input_alias
0001304492,Anterix Inc.,Pacific Data Vision,pacific data vision,input_alias
0001304492,Anterix Inc.,"Pacific DataVision, Inc.",pacific datavision,input_alias
0001304492,Anterix Inc.,"pdvWireless, Inc.",pdvwireless,input_alias
0001306830,Celanese Corp,Blackstone Crystal Holdings Capital Partners (Cayman) IV Ltd.,blackstone crystal holdings capital partners cayman iv,input_alias
0001307579,LIQTECH INTERNATIONAL INC,Blue Moose Media Inc,blue moose media,input_alias
0001307748,InvenTrust Properties Corp.,"Inland American Real Estate Trust, Inc.",inland american real estate trust,input_alias
0001308208,"UNIVERSAL LOGISTICS HOLDINGS, INC.","Universal Truckload Services, Inc.",universal truckload services,input_alias
0001309082,"CAMBER ENERGY, INC.","LUCAS ENERGY, INC.",lucas energy,input_alias
0001309082,"CAMBER ENERGY, INC.",Panorama Investments Corp,panorama investments,input_alias
0001309108,WEX Inc.,Wright Express CORP,wright express,input_alias
0001309402,Green Plains Inc.,"GREEN PLAINS RENEWABLE ENERGY, INC.",green plains renewable energy,input_alias
0001309402,Green Plains Inc.,"Green Plains Renewable Energy, Inc.",green plains renewable energy,input_alias
0001310488,"BIOFORCE NANOSCIENCES HOLDINGS, INC.","SILVER RIVER VENTURES, INC.",silver river ventures,input_alias
0001310630,China Foods Holdings Ltd.,"China Foods Holdings, Ltd.",china foods holdings,input_alias
0001310630,China Foods Holdings Ltd.,"Trafalgar Resources, Inc.",trafalgar resources,input_alias
0001311673,"Yale Transaction Finders, Inc.","Yacht Finders, Inc.",yacht finders,input_alias
0001314052,ANAVEX LIFE SCIENCES CORP.,Thrifty Printing Inc.,thrifty printing,input_alias
0001314102,"EyePoint Pharmaceuticals, Inc.",pSivida Corp.,psivida,input_alias
0001314102,"EyePoint Pharmaceuticals, Inc.",pSivida LTD,psivida,input_alias
0001315257,Koppers Holdings Inc.,KI Holdings Inc.,ki,input_alias
0001318220,"Waste Connections, Inc.",BFI Canada Ltd,bfi canada,input_alias
0001318220,"Waste Connections, Inc.",IESI-BFC Ltd,iesibfc,input_alias
0001318220,"Waste Connections, Inc.",Progressive Waste Solutions Ltd.,progressive waste solutions,input_alias
0001318568,Everi Holdings Inc.,"Everi Holdings, Inc.",everi holdings,input_alias
0001318568,Everi Holdings Inc.,"Global Cash Access Holdings, Inc.",global cash access holdings,input_alias
0001318605,"Tesla, Inc.",TESLA MOTORS INC,tesla motors,input_alias
0001319161,Warner Music Group Corp.,WMG Parent Corp.,wmg parent,input_alias
0001319229,TransMontaigne Partners LLC,TransMontaigne Partners L.P.,transmontaigne partners lp,input_alias
0001319643,"FinTrade Sherpa, Inc.",International Gold Corp.,international gold,input_alias
0001319643,"FinTrade Sherpa, Inc.",Lode-Star Mining Inc.,lodestar mining,input_alias
0001319947,Designer Brands Inc.,DSW Inc.,dsw,input_alias
0001320350,"LENSAR, Inc.",LaserSoft Vision Inc,lasersoft vision,input_alias
0001320461,Cooper-Standard Holdings Inc.,CSA Acquisition Corp.,csa acquisition,input_alias
0001320760,"TSS, Inc.","Fortress International Group, Inc.",fortress international group,input_alias
0001320854,"FreightCar America, Inc.",FCA Acquisition Corp.,fca acquisition,input_alias
0001321834,"TNF Pharmaceuticals, Inc.",Akers Biosciences Inc,akers biosciences,input_alias
0001321834,"TNF Pharmaceuticals, Inc.","Akers Biosciences, Inc.",akers biosciences,input_alias
0001321834,"TNF Pharmaceuticals, Inc.","MyMD Pharmaceuticals, Inc.",mymd pharmaceuticals,input_alias
0001324424,"Expedia Group, Inc.","Expedia, Inc.",expedia,input_alias
0001324759,HONG YUAN HOLDING GROUP,Cereplast Inc,cereplast,input_alias
0001325670,Primis Financial Corp.,Southern National Bancorp of Virginia Inc,southern national bancorp of virginia,input_alias
0001325676,Ceres Tactical Commodity L.P.,BRISTOL ENERGY FUND LP,bristol energy fund lp,input_alias
0001325676,Ceres Tactical Commodity L.P.,MANAGED FUTURES PREMIER AVENTIS II L.P.,managed futures premier aventis ii lp,input_alias
0001325676,Ceres Tactical Commodity L.P.,SMITH BARNEY BRISTOL ENERGY FUND LP,smith barney bristol energy fund lp,input_alias
0001325964,"Lightwave Logic, Inc.",PSI TEC HOLDINGS INC,psi tec,input_alias
0001325964,"Lightwave Logic, Inc.",THIRD-ORDER NANOTECHNOLOGIES INC,thirdorder nanotechnologies,input_alias
0001325964,"Lightwave Logic, Inc.",THIRD-ORDER NANOTECHNOLOIES INC,thirdorder nanotechnoloies,input_alias
0001326110,"ImmunityBio, Inc.","Conkwest, Inc.",conkwest,input_alias
0001326110,"ImmunityBio, Inc.","NantKwest, Inc.",nantkwest,input_alias
0001326110,"ImmunityBio, Inc.",ZelleRx Corp,zellerx,input_alias
0001326160,Duke Energy CORP,Deer Holding Corp.,deer,input_alias
0001326190,"Altimmune, Inc.",HEALTHCARE ACQUISITION CORP,healthcare acquisition,input_alias
0001326190,"Altimmune, Inc.","PHARMATHENE, INC",pharmathene,input_alias
0001326205,"IGC Pharma, Inc.","India Globalization Capital, Inc.",india globalization capital,input_alias
0001326380,GameStop Corp.,GSC Holdings Corp.,gsc,input_alias
0001326706,"NanoVibronix, Inc.",Nano Vibronix Inc,nano vibronix,input_alias
0001326706,"NanoVibronix, Inc.","Nano Vibronix, Inc.",nano vibronix,input_alias
0001326801,"Meta Platforms, Inc.",Facebook Inc,facebook,input_alias
0001327068,"United States Oil Fund, LP","New York Oil ETF, LP",new york oil etf lp,input_alias
0001327273,"Lyra Therapeutics, Inc.","480 Biomedical, Inc.",480 biomedical,input_alias
0001327273,"Lyra Therapeutics, Inc.","Arsenal Medical, Inc.",arsenal medical,input_alias
0001327273,"Lyra Therapeutics, Inc.","Arsenal Vascular, Inc.",arsenal vascular,input_alias
0001327318,"TrueCar, Inc.",Zag com Inc,zag com,input_alias
0001327978,Ares Real Estate Income Trust Inc.,Black Creek Diversified Property Fund Inc.,black creek diversified property fund,input_alias
0001327978,Ares Real Estate Income Trust Inc.,Dividend Capital Diversified Property Fund Inc.,dividend capital diversified property fund,input_alias
0001327978,Ares Real Estate Income Trust Inc.,Dividend Capital Total Realty Trust Inc.,dividend capital total realty trust,input_alias
0001328581,BOISE CASCADE Co,"BOISE CASCADE, L.L.C.",boise cascade llc,input_alias
0001328598,Invesco CurrencyShares Euro Trust,CURRENCYSHARES EURO TRUST,currencyshares euro trust,input_alias
0001328598,Invesco CurrencyShares Euro Trust,EURO CURRENCY TRUST,euro currency trust,input_alias
0001328792,TECHPRECISION CORP,LOUNSBERRY HOLDINGS II INC,lounsberry holdings ii,input_alias
0001329606,"Clean Energy Technologies, Inc.",Probe Manufacturing Inc,probe manufacturing,input_alias
0001331421,"HALLMARK VENTURE GROUP, INC.",HALLMARK VENTURE GROUP,hallmark venture,input_alias
0001331875,"Fidelity National Financial, Inc.","Fidelity National Title Group, Inc.",fidelity national title group,input_alias
0001332551,ACRES Commercial Realty Corp.,Exantas Capital Corp.,exantas capital,input_alias
0001332551,ACRES Commercial Realty Corp.,Resource Capital Corp.,resource capital,input_alias
0001333274,MERCER INTERNATIONAL INC.,MERCER INTERNATIONAL REGCO INC.,mercer international regco,input_alias
0001333986,"Equitable Holdings, Inc.","AXA AMERICA HOLDINGS, INC.",axa america holdings,input_alias
0001333986,"Equitable Holdings, Inc.","AXA Equitable Holdings, Inc.",axa equitable holdings,input_alias
0001335105,"LIXTE BIOTECHNOLOGY HOLDINGS, INC.",SRKP 7 INC,srkp 7,input_alias
0001335258,"Live Nation Entertainment, Inc.","CCE Spinco, Inc.",cce spinco,input_alias
0001335258,"Live Nation Entertainment, Inc.","Live Nation, Inc.",live nation,input_alias
0001336920,"Leidos Holdings, Inc.","SAIC, Inc.",saic,input_alias
0001337013,"InfuSystem Holdings, Inc","HAPC, Inc.",hapc,input_alias
0001337013,"InfuSystem Holdings, Inc",Healthcare Acquisition Partners Corp.,healthcare acquisition partners,input_alias
0001337298,FutureFuel Corp.,Viceroy Acquisition CORP,viceroy acquisition,input_alias
0001338749,POTLATCHDELTIC CORP,POTLATCH CORP,potlatch,input_alias
0001338749,POTLATCHDELTIC CORP,"Potlatch Holdings, Inc.",potlatch holdings,input_alias
0001338929,"Authentic Holdings, Inc.",ECO TEK 360 INC,eco tek 360,input_alias
0001338929,"Authentic Holdings, Inc.","Global Fashion Technologies, Inc.",global fashion technologies,input_alias
0001338929,"Authentic Holdings, Inc.","Global Fiber Technologies, Inc.",global fiber technologies,input_alias
0001341235,"Aldeyra Therapeutics, Inc.","Aldexa Therapeutics, Inc.",aldexa therapeutics,input_alias
0001341235,"Aldeyra Therapeutics, Inc.",Neuron Systems Inc,neuron systems,input_alias
0001341439,ORACLE CORP,Ozark Holding Inc.,ozark,input_alias
0001341766,"Celsius Holdings, Inc.",VECTOR VENTURES CORP.,vector ventures,input_alias
0001342936,"Rivulet Entertainment, Inc.","Advanced Voice Recognition Systems, Inc",advanced voice recognition systems,input_alias
0001342936,"Rivulet Entertainment, Inc.",SAMOYED ENERGY CORP,samoyed energy,input_alias
0001343009,CNBX Pharmaceuticals Inc.,American Mining Corp,american mining,input_alias
0001343009,CNBX Pharmaceuticals Inc.,Cannabics Pharmaceuticals Inc.,cannabics pharmaceuticals,input_alias
0001343009,CNBX Pharmaceuticals Inc.,Thrust Energy Corp.,thrust energy,input_alias
0001345126,Compass Diversified Holdings,Compass Diversified Trust,compass diversified trust,input_alias
0001346022,Enertopia Corp.,Golden Aria Corp.,golden aria,input_alias
0001347858,"22nd Century Group, Inc.",Touchstone Mining LTD,touchstone mining,input_alias
0001348362,Lexaria Bioscience Corp.,LEXARIA CORP.,lexaria,input_alias
0001348362,Lexaria Bioscience Corp.,Lexaria Corp.,lexaria,input_alias
0001348911,"KalVista Pharmaceuticals, Inc.",Carbylan Biosurgery Inc,carbylan biosurgery,input_alias
0001348911,"KalVista Pharmaceuticals, Inc.","Carbylan Biosurgery, Inc",carbylan biosurgery,input_alias
0001348911,"KalVista Pharmaceuticals, Inc.","Carbylan Therapeutics, Inc.",carbylan therapeutics,input_alias
0001349436,SANDRIDGE ENERGY INC,RIATA ENERGY INC,riata energy,input_alias
0001349706,"TurnOnGreen, Inc.",COLOURED (US) INC.,coloured us,input_alias
0001349706,"TurnOnGreen, Inc.",IMPERALIS HOLDING CORP.,imperalis,input_alias
0001350156,PREAXIA HEALTH CARE PAYMENT SYSTEMS INC.,SUN WORLD PARTNERS INC,sun world partners,input_alias
0001350593,"Mueller Water Products, Inc.","Mueller Holding Company, Inc.",mueller holding company,input_alias
0001351636,"SOUNDTHINKING, INC.",SHOTSPOTTER INC,shotspotter,input_alias
0001351636,"SOUNDTHINKING, INC.","SHOTSPOTTER, INC",shotspotter,input_alias
0001351636,"SOUNDTHINKING, INC.",Shotspotter Inc,shotspotter,input_alias
0001352952,CFN Enterprises Inc.,ACCELERIZE NEW MEDIA INC,accelerize new media,input_alias
0001352952,CFN Enterprises Inc.,Accelerize Inc.,accelerize,input_alias
0001354866,Byrna Technologies Inc.,Security Devices International Inc.,security devices international,input_alias
0001355001,Anywhere Real Estate Group LLC,REALOGY CORP,realogy,input_alias
0001355001,Anywhere Real Estate Group LLC,REALOGY GROUP LLC,realogy,input_alias
0001355096,"QVC Group, Inc.",LIBERTY MEDIA CORP,liberty media,input_alias
0001355096,"QVC Group, Inc.",Liberty Interactive Corp,liberty interactive,input_alias
0001355096,"QVC Group, Inc.","Qurate Retail, Inc.",qurate retail,input_alias
0001355790,International Stem Cell CORP,BTHC III INC.,bthc iii,input_alias
0001355839,INTELLIGENT PROTECTION MANAGEMENT CORP.,"PALTALK, INC.",paltalk,input_alias
0001355839,INTELLIGENT PROTECTION MANAGEMENT CORP.,"PeerStream, Inc.",peerstream,input_alias
0001355839,INTELLIGENT PROTECTION MANAGEMENT CORP.,"Snap Interactive, Inc",snap interactive,input_alias
0001355848,"Kartoon Studios, Inc.","Genius Brands International, Inc.",genius brands international,input_alias
0001355848,"Kartoon Studios, Inc.",PACIFIC ENTERTAINMENT CORP,pacific entertainment,input_alias
0001356090,"PRECIGEN, INC.",INTREXON CORP,intrexon,input_alias
0001356093,"CREATIVE REALITIES, INC.",WIRELESS RONIN TECHNOLOGIES INC,wireless ronin technologies,input_alias
0001356115,NEXPOINT DIVERSIFIED REAL ESTATE TRUST,NexPoint Credit Strategies Fund,nexpoint credit strategies fund,input_alias
0001356115,NEXPOINT DIVERSIFIED REAL ESTATE TRUST,NexPoint Strategic Opportunities Fund,nexpoint strategic opportunities fund,input_alias
0001356115,NEXPOINT DIVERSIFIED REAL ESTATE TRUST,Pyxis Credit Strategies Fund,pyxis credit strategies fund,input_alias
0001357459,"PALISADE BIO, INC.","Neuralstem, Inc.",neuralstem,input_alias
0001357459,"PALISADE BIO, INC.","Seneca Biopharma, Inc.",seneca biopharma,input_alias
0001357878,"REGENEREX PHARMA, INC.",Eternelle Skincare Products Inc.,eternelle skincare products,input_alias
0001357878,"REGENEREX PHARMA, INC.","PEPTIDE TECHNOLOGIES, INC.",peptide technologies,input_alias
0001357971,Energy Services of America CORP,Energy Services Acquisition Corp.,energy services acquisition,input_alias
0001358190,"IT TECH PACKAGING, INC.","CARLATERAL, INC.",carlateral,input_alias
0001358190,"IT TECH PACKAGING, INC.",Orient Paper Inc.,orient paper,input_alias
0001358633,SENTIENT BRANDS HOLDINGS INC.,"Intelligent Buying, Inc.",intelligent buying,input_alias
0001359931,"Protara Therapeutics, Inc.","ArTara Therapeutics, Inc.",artara therapeutics,input_alias
0001359931,"Protara Therapeutics, Inc.",PROTEON THERAPEUTICS INC,proteon therapeutics,input_alias
0001360214,"HARROW, INC.","HARROW HEALTH, INC.",harrow health,input_alias
0001360214,"HARROW, INC.","Imprimis Pharmaceuticals, Inc.",imprimis pharmaceuticals,input_alias
0001360214,"HARROW, INC.",TRANSDEL PHARMACEUTICALS INC,transdel pharmaceuticals,input_alias
0001360442,"Dogecoin Cash, Inc.","Cannabis Sativa, Inc.",cannabis sativa,input_alias
0001360442,"Dogecoin Cash, Inc.",Ultra Sun Corp,ultra sun,input_alias
0001360565,"Where Food Comes From, Inc.","Integrated Management Information, Inc.",integrated management information,input_alias
0001360604,Healthcare Realty Trust Inc,"HEALTHCARE TRUST OF AMERICA, INC.",healthcare trust of america,input_alias
0001360604,Healthcare Realty Trust Inc,"Healthcare Trust of America Holdings, Inc.",healthcare trust of america holdings,input_alias
0001360604,Healthcare Realty Trust Inc,"Healthcare Trust of America Holdings, LP",healthcare trust of america holdings lp,input_alias
0001360901,Evercore Inc.,Evercore Partners Inc.,evercore partners,input_alias
0001361538,Primoris Services Corp,Rhapsody Acquisition Corp.,rhapsody acquisition,input_alias
0001361658,Travel & Leisure Co.,WYNDHAM WORLDWIDE CORP,wyndham worldwide,input_alias
0001361658,Travel & Leisure Co.,"Wyndham Destinations, Inc.",wyndham destinations,input_alias
0001363829,Enstar Group LTD,Castlewood Holdings LTD,castlewood,input_alias
0001364479,HERC HOLDINGS INC,HERTZ GLOBAL HOLDINGS INC,hertz global,input_alias
0001367083,"Sonoma Pharmaceuticals, Inc.","Oculus Innovative Sciences, Inc.",oculus innovative sciences,input_alias
0001368458,"Sally Beauty Holdings, Inc.","New Sally Holdings, Inc.",new sally holdings,input_alias
0001368514,"ADMA BIOLOGICS, INC.","R&R ACQUISITION VI, INC",rr acquisition vi,input_alias
0001369568,"CATALYST PHARMACEUTICALS, INC.","CATALYST PHARMACEUTICAL PARTNERS, INC.",catalyst pharmaceutical partners,input_alias
0001369568,"CATALYST PHARMACEUTICALS, INC.","Catalyst Pharmaceutical Partners, Inc.",catalyst pharmaceutical partners,input_alias
0001370053,"ANAPTYSBIO, INC",ANAPTYS BIOSCIENCES INC,anaptys biosciences,input_alias
0001370755,BlackRock TCP Capital Corp.,"Special Value Continuation Fund, LLC",special value continuation fund,input_alias
0001370755,BlackRock TCP Capital Corp.,TCP Capital Corp.,tcp capital,input_alias
0001370946,Owens Corning,Owens Corning (Reorganized) Inc.,owens corning reorganized,input_alias
0001371128,"NewHydrogen, Inc.",BioSolar Inc,biosolar,input_alias
0001371285,"TRUPANION, INC.",VETINSURANCE INTERNATIONAL INC,vetinsurance international,input_alias
0001372299,"Ocugen, Inc.",HISTOGENICS CORP,histogenics,input_alias
0001372514,KIORA PHARMACEUTICALS INC,EYEGATE PHARMACEUTICALS INC,eyegate pharmaceuticals,input_alias
0001372612,BOX INC,BOX.NET INC,boxnet,input_alias
0001372807,Portman Ridge Finance Corp,"KCAP Financial, Inc.",kcap financial,input_alias
0001372807,Portman Ridge Finance Corp,Kohlberg Capital CORP,kohlberg capital,input_alias
0001372807,Portman Ridge Finance Corp,"Kohlberg Capital, LLC",kohlberg capital,input_alias
0001373670,"Green Brick Partners, Inc.",BioFuel Energy Corp.,biofuel energy,input_alias
0001373715,"ServiceNow, Inc.",SERVICE-NOW.COM,servicenowcom,input_alias
0001374310,"Cboe Global Markets, Inc.","CBOE Holdings, Inc.",cboe holdings,input_alias
0001374328,"FITLIFE BRANDS, INC.","BOND LABORATORIES, INC.",bond laboratories,input_alias
0001374339,ProMIS Neurosciences Inc.,AMORFIX LIFE SCIENCES LTD,amorfix life sciences,input_alias
0001374567,"Luvu Brands, Inc.","Liberator, Inc.",liberator,input_alias
0001374567,"Luvu Brands, Inc.","WES Consulting, Inc.",wes consulting,input_alias
0001374690,"Larimar Therapeutics, Inc.",ZAFGEN INC,zafgen,input_alias
0001374690,"Larimar Therapeutics, Inc.","ZAFGEN, INC.",zafgen,input_alias
0001375793,"Metalert, Inc.",DEEAS RESOURCES INC.,deeas resources,input_alias
0001375793,"Metalert, Inc.",GTX CORP,gtx,input_alias
0001376227,"United States Natural Gas Fund, LP",United States Gas Fund LP,united states gas fund lp,input_alias
0001376231,"VPR Brands, LP.","JobsInSite, Inc.",jobsinsite,input_alias
0001376231,"VPR Brands, LP.",Soleil Capital L.P.,soleil capital lp,input_alias
0001376321,ZW Data Action Technologies Inc.,"ChinaNet Online Holdings, Inc.",chinanet online holdings,input_alias
0001376321,ZW Data Action Technologies Inc.,"EMAZING INTERACTIVE, INC.",emazing interactive,input_alias
0001376339,"MIMEDX GROUP, INC.","Alynx, Co.",alynx,input_alias
0001376793,"Cavitation Technologies, Inc.",Bioenergy Inc.,bioenergy,input_alias
0001377121,"Protagonist Therapeutics, Inc",Protagonist Inc,protagonist,input_alias
0001377789,"AVIAT NETWORKS, INC.","HARRIS STRATEX NETWORKS, INC.",harris stratex networks,input_alias
0001377936,SARATOGA INVESTMENT CORP.,GSC INVESTMENT CORP.,gsc investment,input_alias
0001377936,SARATOGA INVESTMENT CORP.,GSC Investment LLC,gsc investment,input_alias
0001378590,"Bridgeline Digital, Inc.","Bridgeline Software, Inc.",bridgeline software,input_alias
0001378950,"CarParts.com, Inc.","U.S. Auto Parts Network, Inc.",us auto parts network,input_alias
0001379785,"Barings BDC, Inc.",Triangle Capital CORP,triangle capital,input_alias
0001382574,"Scienture Holdings, Inc.","TRXADE GROUP, INC.",trxade group,input_alias
0001382574,"Scienture Holdings, Inc.","TRxADE HEALTH, INC",trxade health,input_alias
0001382574,"Scienture Holdings, Inc.",XCELLINK INTERNATIONAL INC.,xcellink international,input_alias
0001383082,INVESCO DB AGRICULTURE FUND,POWERSHARES DB AGRICULTURE FUND,powershares db agriculture fund,input_alias
0001383312,"BROADRIDGE FINANCIAL SOLUTIONS, INC.",BSG LLC,bsg,input_alias
0001383414,PENNANTPARK INVESTMENT CORP,Peninsula Private Capital CORP,peninsula private capital,input_alias
0001383414,PENNANTPARK INVESTMENT CORP,Pennant Investment CORP,pennant investment,input_alias
0001384101,"VERACYTE, INC.",CALDEROME INC,calderome,input_alias
0001384195,"RING ENERGY, INC.",Blanca Corp.,blanca,input_alias
0001384195,"RING ENERGY, INC.",Transglobal Mining Corp.,transglobal mining,input_alias
0001385157,TE Connectivity plc,Tyco Electronics Ltd.,tyco electronics,input_alias
0001385818,"AYTU BIOPHARMA, INC","AYTU BIOSCIENCE, INC",aytu bioscience,input_alias
0001385818,"AYTU BIOPHARMA, INC","AYTU BIOSCIENCE, INC.",aytu bioscience,input_alias
0001385818,"AYTU BIOPHARMA, INC",Rosewind CORP,rosewind,input_alias
0001386301,"Research Solutions, Inc.",Derycz Scientific Inc,derycz scientific,input_alias
0001386570,ChromaDex Corp.,"CODY RESOURCES, INC.",cody resources,input_alias
0001387061,"Lightstone Value Plus REIT V, Inc.","Behringer Harvard Opportunity REIT II, Inc.",behringer harvard opportunity reit ii,input_alias
0001387061,"Lightstone Value Plus REIT V, Inc.","Lightstone Value Plus Real Estate Investment Trust V, Inc.",lightstone value plus real estate investment trust v,input_alias
0001388295,OneMeta Inc.,"Blindspot Alert, Inc.",blindspot alert,input_alias
0001388295,OneMeta Inc.,"Promotions on Wheels Holdings, Inc.",promotions on wheels holdings,input_alias
0001388295,OneMeta Inc.,"WebSafety, Inc.",websafety,input_alias
0001388320,"Actinium Pharmaceuticals, Inc.","Cactus Ventures, Inc.",cactus ventures,input_alias
0001389050,"Archrock, Inc.",EXTERRAN HOLDINGS INC.,exterran,input_alias
0001389050,"Archrock, Inc.","Iliad Holdings, INC",iliad holdings,input_alias
0001389122,Frontier Balanced Fund,"BALANCED SERIES, a series of The Frontier Fund",balanced series a series of the frontier fund,input_alias
0001389122,Frontier Balanced Fund,Equinox Frontier Balanced Fund,equinox frontier balanced fund,input_alias
0001389123,Frontier Heritage Fund,Equinox Frontier Heritage Fund,equinox frontier heritage fund,input_alias
0001389123,Frontier Heritage Fund,"Frontier Heritage Series, a series of The Frontier Fund",frontier heritage series a series of the frontier fund,input_alias
0001389123,Frontier Heritage Fund,"WINTON/GRAHAM SERIES, a series of The Frontier Fund",wintongraham series a series of the frontier fund,input_alias
0001389125,Frontier Select Fund,Equinox Frontier Select Fund,equinox frontier select fund,input_alias
0001389125,Frontier Select Fund,"Frontier Select Series, a series of The Frontier Fund",frontier select series a series of the frontier fund,input_alias
0001389125,Frontier Select Fund,"TIVERTON/GRAHAM/TRANSTREND SERIES, a series of The Frontier Fund",tivertongrahamtranstrend series a series of the frontier fund,input_alias
0001389128,Frontier Long/Short Commodity Fund,Equinox Frontier Long/Short Commodity Fund,equinox frontier longshort commodity fund,input_alias
0001389128,Frontier Long/Short Commodity Fund,"FRONTIER LONG/SHORT COMMODITY SERIES, a series of The Frontier Fund",frontier longshort commodity series a series of the frontier fund,input_alias
0001389128,Frontier Long/Short Commodity Fund,"LONG/SHORT COMMODITY SERIES, a series of The Frontier Fund",longshort commodity series a series of the frontier fund,input_alias
0001389170,Targa Resources Corp.,Targa Resources Investments Inc.,targa resources investments,input_alias
0001390478,"SELLAS Life Sciences Group, Inc.","GALENA BIOPHARMA, INC.",galena biopharma,input_alias
0001390478,"SELLAS Life Sciences Group, Inc.","Galena Biopharma, Inc.",galena biopharma,input_alias
0001390478,"SELLAS Life Sciences Group, Inc.",RXi Pharmaceuticals Corp,rxi pharmaceuticals,input_alias
0001391135,LFTD PARTNERS INC.,ACQUIRED SALES CORP,acquired sales,input_alias
0001391135,LFTD PARTNERS INC.,Acquired Sales CORP,acquired sales,input_alias
0001391426,Clean Vision Corp,"Byzen Digital, Inc.",byzen digital,input_alias
0001391426,Clean Vision Corp,"CHINA VITUP HEALTH CARE HOLDINGS, INC.",china vitup health care holdings,input_alias
0001392694,"SurgePays, Inc.","KSIX Media Holdings, Inc.",ksix media holdings,input_alias
0001392694,"SurgePays, Inc.","North American Energy Resources, Inc.",north american energy resources,input_alias
0001392694,"SurgePays, Inc.","Surge Holdings, Inc.",surge holdings,input_alias
0001393052,VEEVA SYSTEMS INC,VERTICALS ONDEMAND INC,verticals ondemand,input_alias
0001393434,"OCULAR THERAPEUTIX, INC",I-THERAPEUTIX INC,itherapeutix,input_alias
0001393726,TIPTREE INC.,Care Investment Trust Inc.,care investment trust,input_alias
0001393726,TIPTREE INC.,TIPTREE FINANCIAL INC.,tiptree financial,input_alias
0001393772,"WEED, INC.",UNITED MINES INC,united mines,input_alias
0001393781,Quality Industrial Corp.,POWER PLAY DEVELOPMENT CORP,power play development,input_alias
0001393781,Quality Industrial Corp.,WIKISOFT CORP.,wikisoft,input_alias
0001393818,Blackstone Inc.,Blackstone Group L.P.,blackstone group lp,input_alias
0001393883,"DHI GROUP, INC.","DICE HOLDINGS, INC.",dice holdings,input_alias
0001394108,SUIC Worldwide Holdings Ltd.,AJ GREENTECH HOLDINGS.,aj greentech holdings,input_alias
0001394108,SUIC Worldwide Holdings Ltd.,"AMERICAN JIANYE GREENTECH HOLDINGS, LTD.",american jianye greentech holdings,input_alias
0001394108,SUIC Worldwide Holdings Ltd.,Sino United Worldwide Consolidated Ltd.,sino united worldwide consolidated,input_alias
0001394638,"Driveitaway Holdings, Inc.","B2 HEALTH, INC.",b2 health,input_alias
0001394638,"Driveitaway Holdings, Inc.",CREATIVE LEARNING Corp,creative learning,input_alias
0001395942,"OPENLANE, Inc.","KAR Auction Services, Inc.",kar auction services,input_alias
0001395942,"OPENLANE, Inc.","KAR Holdings, Inc.",kar holdings,input_alias
0001396009,Vulcan Materials CO,"Virginia Holdco, Inc.",virginia holdco,input_alias
0001396536,"DUOS TECHNOLOGIES GROUP, INC.","DUOS TECHNOLOGY GROUP, INC.",duos technology group,input_alias
0001396536,"DUOS TECHNOLOGIES GROUP, INC.","INFORMATION SYSTEMS ASSOCIATES, INC.",information systems associates,input_alias
0001396814,"Pacira BioSciences, Inc.",Blue Acquisition Corp,blue acquisition,input_alias
0001396814,"Pacira BioSciences, Inc.",PACIRA INC,pacira,input_alias
0001396814,"Pacira BioSciences, Inc.","Pacira Pharmaceuticals, Inc.",pacira pharmaceuticals,input_alias
0001397016,Optex Systems Holdings Inc,Sustut Exploration Inc,sustut exploration,input_alias
0001397183,"Iveda Solutions, Inc.",Charmed Homes Inc.,charmed homes,input_alias
0001397183,"Iveda Solutions, Inc.",Iveda Corp,iveda,input_alias
0001397187,lululemon athletica inc.,Lululemon Corp.,lululemon,input_alias
0001397911,LPL Financial Holdings Inc.,LPL Investment Holdings Inc.,lpl investment,input_alias
0001398733,"Aquestive Therapeutics, Inc.","MonoSol Rx, Inc.",monosol rx,input_alias
0001398805,Beam Global,"Casita Enterprises, Inc.",casita enterprises,input_alias
0001398805,Beam Global,"Envision Solar International, Inc.",envision solar international,input_alias
0001398987,Anywhere Real Estate Inc.,Domus Holdings Corp.,domus,input_alias
0001398987,Anywhere Real Estate Inc.,REALOGY HOLDINGS CORP.,realogy,input_alias
0001398987,Anywhere Real Estate Inc.,Realogy Holdings Corp.,realogy,input_alias
0001399520,"ONE Group Hospitality, Inc.",COMMITTED CAPITAL ACQUISITION Corp,committed capital acquisition,input_alias
0001399520,"ONE Group Hospitality, Inc.",PLASTRON ACQUISITION CORP II,plastron acquisition corp ii,input_alias
0001400118,Sagimet Biosciences Inc.,"3-V Biosciences, Inc.",3v biosciences,input_alias
0001400810,"HCI Group, Inc.","Homeowners Choice, Inc.",homeowners choice,input_alias
0001400891,"iHeartMedia, Inc.","BT Triple Crown Capital Holdings III, Inc.",bt triple crown capital holdings iii,input_alias
0001400891,"iHeartMedia, Inc.",C C Media Holdings Inc,c c media,input_alias
0001400891,"iHeartMedia, Inc.",CC Media Holdings Inc,cc media,input_alias
0001401040,DiaMedica Therapeutics Inc.,DiaMedica Inc.,diamedica,input_alias
0001401257,"FORUM ENERGY TECHNOLOGIES, INC.",FORUM OILFIELD TECHNOLOGIES INC,forum oilfield technologies,input_alias
0001401257,"FORUM ENERGY TECHNOLOGIES, INC.","FORUM OILFIELD TECHNOLOGIES, INC.",forum oilfield technologies,input_alias
0001401521,AMERICAN COASTAL INSURANCE Corp,FMG ACQUISITION CORP,fmg acquisition,input_alias
0001401521,AMERICAN COASTAL INSURANCE Corp,UNITED INSURANCE HOLDINGS CORP.,united insurance,input_alias
0001401667,"PUMA BIOTECHNOLOGY, INC.",INNOVATIVE ACQUISITIONS CORP,innovative acquisitions,input_alias
0001401835,Star Gold Corp.,Elan Development Inc,elan development,input_alias
0001401914,"Dare Bioscience, Inc.",Cerulean Pharma Inc.,cerulean pharma,input_alias
0001401914,"Dare Bioscience, Inc.",Tempo Pharmaceuticals Inc,tempo pharmaceuticals,input_alias
0001402057,CDW Corp,"VH Holdings, Inc.",vh holdings,input_alias
0001402328,Sunshine Biopharma Inc.,"Mountain West Business Solutions, Inc",mountain west business solutions,input_alias
0001402328,Sunshine Biopharma Inc.,"mountain west business solutions,inc",mountain west business solutionsinc,input_alias
0001402829,Orion Group Holdings Inc,Orion Marine Group Inc,orion marine,input_alias
0001403528,"Brookfield Oaktree Holdings, LLC","Oaktree Capital Group, LLC",oaktree capital group,input_alias
0001403568,"Ulta Beauty, Inc.","Ulta Salon, Cosmetics & Fragrance, Inc.",ulta salon cosmetics fragrance,input_alias
0001404281,"Eledon Pharmaceuticals, Inc.","Novus Therapeutics, Inc.",novus therapeutics,input_alias
0001404281,"Eledon Pharmaceuticals, Inc.",Tokai Pharmaceuticals Inc,tokai pharmaceuticals,input_alias
0001404644,Neurogene Inc.,AQUINOX PHARMACEUTICALS (USA) INC,aquinox pharmaceuticals usa,input_alias
0001404644,Neurogene Inc.,"AQUINOX PHARMACEUTICALS, INC",aquinox pharmaceuticals,input_alias
0001404644,Neurogene Inc.,"Neoleukin Therapeutics, Inc.",neoleukin therapeutics,input_alias
0001404912,KKR & Co. Inc.,KKR & Co. L.P.,kkr co lp,input_alias
0001406587,Forestar Group Inc.,Forestar Real Estate Group Inc.,forestar real estate,input_alias
0001406587,Forestar Group Inc.,Forestar Real Estate Group LLC,forestar real estate,input_alias
0001406666,"CALIX, INC",CALIX NETWORKS INC,calix networks,input_alias
0001407973,"Sonendo, Inc.",Dentatek CORP,dentatek,input_alias
0001408075,GRAPHIC PACKAGING HOLDING CO,New Giant CORP,new giant,input_alias
0001408100,"Kennedy-Wilson Holdings, Inc.",Prospect Acquisition Corp,prospect acquisition,input_alias
0001409269,Venus Concept Inc.,Restoration Robotics Inc,restoration robotics,input_alias
0001409269,Venus Concept Inc.,"Restoration Robotics, Inc.",restoration robotics,input_alias
0001410384,"Q2 Holdings, Inc.",CBG Holdings Inc,cbg,input_alias
0001410384,"Q2 Holdings, Inc.","CBG Holdings, Inc.",cbg holdings,input_alias
0001410428,"XWELL, Inc.","Form Holdings, Inc.",form holdings,input_alias
0001410428,"XWELL, Inc.","XpresSpa Group, Inc.",xpresspa group,input_alias
0001411057,"Cannabis Bioscience International Holdings, Inc.",CHINA INFRASTRUCTURE CONSTRUCTION Corp,china infrastructure construction,input_alias
0001411057,"Cannabis Bioscience International Holdings, Inc.",FIDELITY AVIATION CORP,fidelity aviation,input_alias
0001411685,"Vistagen Therapeutics, Inc.","Excaliber Enterprises, Ltd.",excaliber enterprises,input_alias
0001411690,"Bionano Genomics, Inc.",BioNanomatrix Inc,bionanomatrix,input_alias
0001412126,RemSleep Holdings Inc.,"Bella Viaggio, Inc.",bella viaggio,input_alias
0001412126,RemSleep Holdings Inc.,Kat Gold Holdings Corp.,kat gold,input_alias
0001412126,RemSleep Holdings Inc.,"OBICOM, INC.",obicom,input_alias
0001412486,"Cocrystal Pharma, Inc.","BIOZONE PHARMACEUTICALS, INC.",biozone pharmaceuticals,input_alias
0001412486,"Cocrystal Pharma, Inc.","International Surf Resorts, Inc.",international surf resorts,input_alias
0001412665,"MidWestOne Financial Group, Inc.",ISB Financial Corp.,isb financial,input_alias
0001413447,NXP Semiconductors N.V.,KASLION Acquisition B.V.,kaslion acquisition bv,input_alias
0001413754,"MARIZYME, INC.",GBS Enterprises Inc,gbs enterprises,input_alias
0001413754,"MARIZYME, INC.",Swav Enterprises Ltd.,swav enterprises,input_alias
0001413837,First Foundation Inc.,KELLER FINANCIAL GROUP,keller financial,input_alias
0001413891,"HIGH WIRE NETWORKS, INC.","HWN, INC.",hwn,input_alias
0001413891,"HIGH WIRE NETWORKS, INC.",Mantra Venture Group Ltd.,mantra venture,input_alias
0001413891,"HIGH WIRE NETWORKS, INC.","Spectrum Global Solutions, Inc.",spectrum global solutions,input_alias
0001413898,DallasNews Corp,A. H. Belo Corp,a h belo,input_alias
0001414475,"Western Midstream Operating, LP",Western Gas Partners,western gas partners,input_alias
0001414475,"Western Midstream Operating, LP",Western Gas Partners LP,western gas partners lp,input_alias
0001414767,Netcapital Inc.,ValueSetters Corp,valuesetters,input_alias
0001414767,Netcapital Inc.,ValueSetters Inc.,valuesetters,input_alias
0001414932,Oaktree Specialty Lending Corp,Fifth Street Finance Corp,fifth street finance,input_alias
0001414932,Oaktree Specialty Lending Corp,Fifth Street Finance Corp.,fifth street finance,input_alias
0001414953,EQUATOR Beverage Co,"MOJO Organics, Inc.",mojo organics,input_alias
0001414953,EQUATOR Beverage Co,"Mojo Organics, Inc.",mojo organics,input_alias
0001414953,EQUATOR Beverage Co,"Mojo Ventures, Inc.",mojo ventures,input_alias
0001415332,Lithium Corp,Utalk Communications Inc.,utalk communications,input_alias
0001415744,NORTHERN MINERALS & EXPLORATION LTD.,"Punchline Entertainment, Inc.",punchline entertainment,input_alias
0001415744,NORTHERN MINERALS & EXPLORATION LTD.,Punchline Resources Ltd.,punchline resources,input_alias
0001415813,Un Monde International Ltd.,ASIARIM CORP,asiarim,input_alias
0001415813,Un Monde International Ltd.,Un Monde International Worldwide Ltd.,un monde international worldwide,input_alias
0001416090,BLUSKY AI INC.,GOLD AMERICAN MINING CORP.,gold american mining,input_alias
0001416090,BLUSKY AI INC.,INCEPTION MINING INC.,inception mining,input_alias
0001416090,BLUSKY AI INC.,"SILVER AMERICA, INC.",silver america,input_alias
0001416697,"Blue Line Protection Group, Inc.",Engraving Master Inc,engraving master,input_alias
0001416697,"Blue Line Protection Group, Inc.","Engraving Masters, Inc.",engraving masters,input_alias
0001417398,"Hillenbrand, Inc.","Batesville Holdings, Inc.",batesville holdings,input_alias
0001417663,"SANUWAVE Health, Inc.","RUB MUSIC ENTERPRISES, INC.",rub music enterprises,input_alias
0001417892,Emeren Group Ltd,ReneSola Ltd,renesola,input_alias
0001417926,"INVO Fertility, Inc.","EMY'S SALSA AJI DISTRIBUTION COMPANY, INC.",emys salsa aji distribution company,input_alias
0001417926,"INVO Fertility, Inc.","INVO Bioscience, Inc.",invo bioscience,input_alias
0001417926,"INVO Fertility, Inc.","NAYA Biosciences, Inc.",naya biosciences,input_alias
0001418076,SLR Investment Corp.,Solar Capital Ltd.,solar capital,input_alias
0001418121,"Apple Hospitality REIT, Inc.","Apple REIT Nine, Inc.",apple reit nine,input_alias
0001418135,Keurig Dr Pepper Inc.,CSAB Inc.,csab,input_alias
0001418135,Keurig Dr Pepper Inc.,"Dr Pepper Snapple Group, Inc.",dr pepper snapple group,input_alias
0001418819,Iridium Communications Inc.,GHL Acquisition Corp.,ghl acquisition,input_alias
0001419041,"Forte Biosciences, Inc.",Tocagen Inc,tocagen,input_alias
0001419275,RYVYL Inc.,"ASAP Expo, Inc.",asap expo,input_alias
0001419275,RYVYL Inc.,GreenBox POS,greenbox pos,input_alias
0001419275,RYVYL Inc.,"GreenBox POS, LLC",greenbox pos,input_alias
0001419554,Bone Biologics Corp,"AFH ACQUISITION X, INC.",afh acquisition x,input_alias
0001419793,"ORIGINCLEAR, INC.",ORIGINOIL INC,originoil,input_alias
0001419951,Data Storage Corp,Euro Trend Inc.,euro trend,input_alias
0001420520,Atomera Inc,MEARS TECHNOLOGIES INC,mears technologies,input_alias
0001420565,"Rein Therapeutics, Inc.",AILERON THERAPEUTICS INC,aileron therapeutics,input_alias
0001420565,"Rein Therapeutics, Inc.","Aileron Therapeutics, Inc.",aileron therapeutics,input_alias
0001420720,"iBio, Inc.","InB:Biotechnologies, Inc.",inbbiotechnologies,input_alias
0001420720,"iBio, Inc.","iBioPharma, Inc.",ibiopharma,input_alias
0001420800,Enovis CORP,Colfax CORP,colfax,input_alias
0001420924,"Adapti, Inc.","Brazos International Exploration, Inc.",brazos international exploration,input_alias
0001420924,"Adapti, Inc.","Scepter Holdings, Inc. NV",scepter holdings inc nv,input_alias
0001422142,"Whitehawk Therapeutics, Inc.","Aadi Bioscience, Inc.",aadi bioscience,input_alias
0001422142,"Whitehawk Therapeutics, Inc.","Aerpio Pharmaceuticals, Inc.",aerpio pharmaceuticals,input_alias
0001422142,"Whitehawk Therapeutics, Inc.",ZETA ACQUISITION CORP II,zeta acquisition corp ii,input_alias
0001422143,"Kura Oncology, Inc.",ZETA ACQUISITION CORP III,zeta acquisition corp iii,input_alias
0001422183,FS KKR Capital Corp,FB Investment CORP,fb investment,input_alias
0001422183,FS KKR Capital Corp,FS Investment CORP,fs investment,input_alias
0001422183,FS KKR Capital Corp,Franklin Square Investment CORP,franklin square investment,input_alias
0001422892,Singularity Future Technology Ltd.,"Sino-Global Shipping America, Ltd.",sinoglobal shipping america,input_alias
0001422930,"PubMatic, Inc.",Komli Inc,komli,input_alias
0001423689,AGNC Investment Corp.,American Capital Agency Corp,american capital agency,input_alias
0001423869,PCB BANCORP,PACIFIC CITY FINANCIAL CORP,pacific city financial,input_alias
0001423902,"Western Midstream Partners, LP",WGR Holdings LLC,wgr,input_alias
0001423902,"Western Midstream Partners, LP","Western Gas Equity Partners, LP",western gas equity partners lp,input_alias
0001424657,Cuentas Inc.,"NEXT GROUP HOLDINGS, INC.",next group holdings,input_alias
0001424657,Cuentas Inc.,"NYBD Holding, Inc.",nybd holding,input_alias
0001424657,Cuentas Inc.,"Pleasant Kids, Inc.",pleasant kids,input_alias
0001424864,Rise Gold Corp.,Atlantic Resources Inc.,atlantic resources,input_alias
0001424864,Rise Gold Corp.,Patriot Minefinders Inc.,patriot minefinders,input_alias
0001424864,Rise Gold Corp.,Rise Resources Inc.,rise resources,input_alias
0001425205,"IOVANCE BIOTHERAPEUTICS, INC.",FREIGHT MANAGEMENT CORP,freight management,input_alias
0001425205,"IOVANCE BIOTHERAPEUTICS, INC.","Genesis Biopharma, Inc",genesis biopharma,input_alias
0001425205,"IOVANCE BIOTHERAPEUTICS, INC.","Lion Biotechnologies, Inc.",lion biotechnologies,input_alias
0001425287,Workhorse Group Inc.,AMP Holding Inc.,amp,input_alias
0001425287,Workhorse Group Inc.,"Title Starts Online, Inc.",title starts online,input_alias
0001425355,"Mill City Ventures III, Ltd",POKER MAGIC INC,poker magic,input_alias
0001425627,"SOBR Safe, Inc.",IMAGINE MEDIA LTD,imagine media,input_alias
0001425627,"SOBR Safe, Inc.","TransBiotec, Inc.",transbiotec,input_alias
0001426800,"ASSEMBLY BIOSCIENCES, INC.",VENTRUS BIOSCIENCES INC,ventrus biosciences,input_alias
0001427570,ReShape Lifesciences Inc.,OBALON THERAPEUTICS INC,obalon therapeutics,input_alias
0001427925,"TALPHERA, INC.",ACELRX PHARMACEUTICALS INC,acelrx pharmaceuticals,input_alias
0001429260,"Fortress Biotech, Inc.",CORONADO BIOSCIENCES INC,coronado biosciences,input_alias
0001429393,"Trutankless, Inc.",Alcantara Brands CORP,alcantara brands,input_alias
0001429393,"Trutankless, Inc.",Bollente Companies Inc.,bollente companies,input_alias
0001429764,Blink Charging Co.,"Car Charging Group, Inc.",car charging group,input_alias
0001429764,Blink Charging Co.,"NEW IMAGE CONCEPTS, INC",new image concepts,input_alias
0001430306,Tonix Pharmaceuticals Holding Corp.,TAMANDARE EXPLORATIONS INC.,tamandare explorations,input_alias
0001431695,Olo Inc.,MOBO SYSTEMS INC,mobo systems,input_alias
0001431695,Olo Inc.,"MOBO SYSTEMS, INC",mobo systems,input_alias
0001433270,ANTERO RESOURCES Corp,ANTERO RESOURCES APPALACHIAN CORP,antero resources appalachian,input_alias
0001433270,ANTERO RESOURCES Corp,ANTERO RESOURCES BARNETT CORP,antero resources barnett,input_alias
0001433607,"InspireMD, Inc.","Saguaro Resources, Inc.",saguaro resources,input_alias
0001433660,JBT Marel Corp,John Bean Technologies CORP,john bean technologies,input_alias
0001434524,ClearSign Technologies Corp,CLEARSIGN COMBUSTION CORP,clearsign combustion,input_alias
0001434621,"LendingTree, Inc.","Tree.com, Inc.",treecom,input_alias
0001434647,"ZEVRA THERAPEUTICS, INC.",KEMPHARM INC,kempharm,input_alias
0001434647,"ZEVRA THERAPEUTICS, INC.","KEMPHARM, INC",kempharm,input_alias
0001434868,"Esperion Therapeutics, Inc.",HDL THERAPEUTICS INC,hdl therapeutics,input_alias
0001435508,"First Savings Financial Group, Inc.",First Savings Financial Group Inc,first savings financial,input_alias
0001436229,BTCS Inc.,BITCOIN SHOP INC.,bitcoin shop,input_alias
0001436229,BTCS Inc.,"Bitcoin Shop, Inc.",bitcoin shop,input_alias
0001436229,BTCS Inc.,"TouchIT Technologies, Inc.",touchit technologies,input_alias
0001436975,"Lightstone Value Plus REIT II, Inc.",LIGHTSTONE VALUE PLUS REAL ESTATE INVESTMENT TRUST II INC,lightstone value plus real estate investment trust ii,input_alias
0001437071,Invesco Mortgage Capital Inc.,Invesco Agency Securities Inc.,invesco agency securities,input_alias
0001437107,"Warner Bros. Discovery, Inc.","Discovery Communications, Inc.",discovery communications,input_alias
0001437107,"Warner Bros. Discovery, Inc.","Discovery, Inc.",discovery,input_alias
0001437226,"Mastech Digital, Inc.","Mastech Holdings, Inc.",mastech holdings,input_alias
0001437283,"REGO PAYMENT ARCHITECTURES, INC.","Moggle, Inc.",moggle,input_alias
0001437283,"REGO PAYMENT ARCHITECTURES, INC.","VIRTUAL PIGGY, INC.",virtual piggy,input_alias
0001437402,"ARDELYX, INC.",NTERYX INC,nteryx,input_alias
0001437517,"CYBERLOQ TECHNOLOGIES, INC.",ADVANCED CREDIT TECHNOLOGIES INC,advanced credit technologies,input_alias
0001437578,BRIGHT HORIZONS FAMILY SOLUTIONS INC.,BRIGHT HORIZONS SOLUTIONS CORP,bright horizons solutions,input_alias
0001437750,T-REX Acquisition Corp.,"Plethora Resources, Inc.",plethora resources,input_alias
0001437750,T-REX Acquisition Corp.,Sync2 Networks Corp,sync2 networks,input_alias
0001437925,"Golden Matrix Group, Inc.",Ibex Resources Corp.,ibex resources,input_alias
0001437925,"Golden Matrix Group, Inc.",Source Gold Corp.,source gold,input_alias
0001438231,Digimarc CORP,DMRC CORP,dmrc,input_alias
0001438461,Yinfu Gold Corp.,Element92 Resources Corp.,element92 resources,input_alias
0001438533,"Travere Therapeutics, Inc.","Desert Gateway, Inc.",desert gateway,input_alias
0001438533,"Travere Therapeutics, Inc.","Retrophin, Inc.",retrophin,input_alias
0001439095,MRC GLOBAL INC.,MCJUNKIN RED MAN HOLDING CORP,mcjunkin red man,input_alias
0001439264,Marvion Inc.,Bonanza Goldfield Corp.,bonanza goldfield,input_alias
0001439264,Marvion Inc.,Bonanza Goldfields Corp.,bonanza goldfields,input_alias
0001439288,Zurn Elkay Water Solutions Corp,Rexnord Corp,rexnord,input_alias
0001439288,Zurn Elkay Water Solutions Corp,"Rexnord Holdings, Inc",rexnord holdings,input_alias
0001439288,Zurn Elkay Water Solutions Corp,Zurn Water Solutions Corp,zurn water solutions,input_alias
0001440799,MMEX Resources Corp,"MGMT ENERGY, INC.",mgmt energy,input_alias
0001440799,MMEX Resources Corp,MMEX Mining Corp,mmex mining,input_alias
0001440799,MMEX Resources Corp,"Management Energy, Inc.",management energy,input_alias
0001441236,Clearwater Paper Corp,Potlatch Forest Products CORP,potlatch forest products,input_alias
0001441816,"MongoDB, Inc.",10GEN INC,10gen,input_alias
0001442236,Quest Resource Holding Corp,"BlueStar Financial Group, Inc.",bluestar financial group,input_alias
0001442236,Quest Resource Holding Corp,Infinity Resources Holdings Corp.,infinity resources,input_alias
0001442236,Quest Resource Holding Corp,YouChange Holdings Corp,youchange,input_alias
0001442492,"Laredo Oil, Inc.","Laredo Mining, Inc.",laredo mining,input_alias
0001443611,SinglePoint Inc.,"CARBON CREDITS INTERNATIONAL, INC.",carbon credits international,input_alias
0001443646,Booz Allen Hamilton Holding Corp,EXPLORER HOLDING CORP,explorer,input_alias
0001443863,BioCorRx Inc.,Cetrone Energy CO,cetrone energy,input_alias
0001443863,BioCorRx Inc.,"FRESH START PRIVATE MANAGEMENT, INC.",fresh start private management,input_alias
0001444192,"Grace Therapeutics, Inc.",Acasti Pharma Inc.,acasti pharma,input_alias
0001444839,Bravo Multinational Inc.,GoldCorp Holding Co.,goldcorp,input_alias
0001444839,Bravo Multinational Inc.,GoldCorp Holdings Corp.,goldcorp,input_alias
0001444839,Bravo Multinational Inc.,GoldLand Holdings Corp.,goldland,input_alias
0001445283,"KINETA, INC./DE",PROTEOSTASIS THERAPEUTICS INC,proteostasis therapeutics,input_alias
0001445283,"KINETA, INC./DE","PROTEOSTASIS THERAPEUTICS, INC.",proteostasis therapeutics,input_alias
0001445283,"KINETA, INC./DE","YUMANITY THERAPEUTICS, INC.",yumanity therapeutics,input_alias
0001445305,WORKIVA INC,WEBFILINGS LLC,webfilings,input_alias
0001445815,"BIOXYTRAN, INC","U.S. Natural Nutrients & Minerals, Inc.",us natural nutrients minerals,input_alias
0001445815,"BIOXYTRAN, INC","U.S. RARE EARTH MINERALS, INC",us rare earth minerals,input_alias
0001445815,"BIOXYTRAN, INC","U.S. RARE EARTH MINERALS, INC.",us rare earth minerals,input_alias
0001445942,Texas Mineral Resources Corp.,Standard Silver Corp.,standard silver,input_alias
0001445942,Texas Mineral Resources Corp.,Texas Rare Earth Resources Corp.,texas rare earth resources,input_alias
0001446159,Predictive Oncology Inc.,Precision Therapeutic Inc.,precision therapeutic,input_alias
0001446159,Predictive Oncology Inc.,Precision Therapeutics Inc.,precision therapeutics,input_alias
0001446159,Predictive Oncology Inc.,Skyline Medical Inc.,skyline medical,input_alias
0001447028,Arbutus Biopharma Corp,TEKMIRA PHARMACEUTICALS CORP,tekmira pharmaceuticals,input_alias
0001447028,Arbutus Biopharma Corp,TEKMIRA PHARMACEUTICALS Corp,tekmira pharmaceuticals,input_alias
0001447380,MOBIVITY HOLDINGS CORP.,ARES VENTURES CORP.,ares ventures,input_alias
0001447380,MOBIVITY HOLDINGS CORP.,COMMERCETEL CORP,commercetel,input_alias
0001448597,AUGUSTA GOLD CORP.,Bullfrog Gold Corp.,bullfrog gold,input_alias
0001448597,AUGUSTA GOLD CORP.,Kopr Resources Corp.,kopr resources,input_alias
0001448705,"BASANITE, INC.","MMAX MEDIA, INC.",mmax media,input_alias
0001448705,"BASANITE, INC.",Nevada Processing Solutions,nevada processing solutions,input_alias
0001448705,"BASANITE, INC.","PayMeOn, Inc.",paymeon,input_alias
0001449349,VIVOS INC,ADVANCED MEDICAL ISOTOPE Corp,advanced medical isotope,input_alias
0001449792,"PIONEER POWER SOLUTIONS, INC.",SIERRA CONCEPTS,sierra concepts,input_alias
0001449792,"PIONEER POWER SOLUTIONS, INC.","SIERRA CONCEPTS, INC.",sierra concepts,input_alias
0001450720,Frontier Diversified Fund,Equinox Frontier Diversified Fund,equinox frontier diversified fund,input_alias
0001450720,Frontier Diversified Fund,"FRONTIER DIVERSIFIED SERIES, a series of The Frontier Fund",frontier diversified series a series of the frontier fund,input_alias
0001450722,Frontier Masters Fund,Equinox Frontier Masters Fund,equinox frontier masters fund,input_alias
0001450722,Frontier Masters Fund,"FRONTIER MASTERS SERIES, a series of The Frontier Fund",frontier masters series a series of the frontier fund,input_alias
0001452857,STEEL PARTNERS HOLDINGS L.P.,WEBFINANCIAL L.P.,webfinancial lp,input_alias
0001452936,"Pacific Oak Strategic Opportunity REIT, Inc.","KBS Strategic Opportunity REIT, Inc.",kbs strategic opportunity reit,input_alias
0001453593,"Xtant Medical Holdings, Inc.","Bacterin International Holdings, Inc.",bacterin international holdings,input_alias
0001453593,"Xtant Medical Holdings, Inc.",K KITZ INC,k kitz,input_alias
0001453687,"Cartesian Therapeutics, Inc.",SELECTA BIOSCIENCES INC,selecta biosciences,input_alias
0001454742,"GOOD GAMING, INC.","GMV Wireless, Inc.",gmv wireless,input_alias
0001454742,"GOOD GAMING, INC.",HDS INTERNATIONAL CORP.,hds international,input_alias
0001454789,"Astria Therapeutics, Inc.",CATABASIS PHARMACEUTICALS INC,catabasis pharmaceuticals,input_alias
0001456772,OFFICE PROPERTIES INCOME TRUST,GOVERNMENT PROPERTIES INCOME TRUST,government properties income trust,input_alias
0001456772,OFFICE PROPERTIES INCOME TRUST,Government Properties Income Trust,government properties income trust,input_alias
0001460329,"Fluent, Inc.","Cogint, Inc.",cogint,input_alias
0001460329,"Fluent, Inc.","IDI, Inc.",idi,input_alias
0001460329,"Fluent, Inc.","Tiger Media, Inc.",tiger media,input_alias
0001462223,"Nixxy, Inc.","Recruiter.com Group, Inc.",recruitercom group,input_alias
0001462223,"Nixxy, Inc.","TRULI TECHNOLOGIES, INC.",truli technologies,input_alias
0001462223,"Nixxy, Inc.","Truli Media Group, Inc.",truli media group,input_alias
0001462418,ALTISOURCE PORTFOLIO SOLUTIONS S.A.,Altisource Portfolio Solutions S.a.r.l.,altisource portfolio solutions sarl,input_alias
0001463208,"Transportation & Logistics Systems, Inc.",LORAN CONNECTION CORP,loran connection,input_alias
0001463208,"Transportation & Logistics Systems, Inc.",PETROTERRA CORP.,petroterra,input_alias
0001463361,"Unity Biotechnology, Inc.","Cenexys, Inc.",cenexys,input_alias
0001463361,"Unity Biotechnology, Inc.",Forge Inc,forge,input_alias
0001463913,US Alliance Corp,U. S. Alliance Corp,u s alliance,input_alias
0001464343,Atlanticus Holdings Corp,CompuCredit Holdings Corp,compucredit,input_alias
0001464790,"B. Riley Financial, Inc.","Great American Group, Inc.",great american group,input_alias
0001465470,NaturalShrimp Inc,"MultiPlayer Online Dragon, Inc.",multiplayer online dragon,input_alias
0001466085,"INDEPENDENCE REALTY TRUST, INC.",EMPIRE AMERICAN REALTY TRUST INC,empire american realty trust,input_alias
0001466258,Trane Technologies plc,Ingersoll-Rand plc,ingersollrand,input_alias
0001467623,"DROPBOX, INC.","Evenflow, Inc.",evenflow,input_alias
0001467761,"FiEE, Inc.","MINIM, INC.",minim,input_alias
0001467761,"FiEE, Inc.","Zoom Telephonics, Inc.",zoom telephonics,input_alias
0001468492,HeartSciences Inc.,"Heart Test Laboratories, Inc.",heart test laboratories,input_alias
0001468748,Kodiak Sciences Inc.,"Oligasis, LLC",oligasis,input_alias
0001468929,"NEXGEL, INC.","AquaMed Technologies, Inc.",aquamed technologies,input_alias
0001471727,"SRx Health Solutions, Inc.",Better Choice Co Inc.,better choice,input_alias
0001471727,"SRx Health Solutions, Inc.","Sport Endurance, Inc.",sport endurance,input_alias
0001471781,GBT Technologies Inc.,Forex International Trading Corp.,forex international trading,input_alias
0001471781,GBT Technologies Inc.,Gopher Protocol Inc.,gopher protocol,input_alias
0001472091,PDS Biotechnology Corp,"Edge Therapeutics, Inc.",edge therapeutics,input_alias
0001473334,"Nova Lifestyle, Inc.","Stevens Resources, Inc.",stevens resources,input_alias
0001473490,"Global AI, Inc.","BRIGHT MOUNTAIN HOLDINGS, INC.",bright mountain holdings,input_alias
0001473490,"Global AI, Inc.","MY CATALOGS ONLINE, INC.",my catalogs online,input_alias
0001473490,"Global AI, Inc.","Wall Street Media Co, Inc.",wall street media co,input_alias
0001473844,"Stellar Bancorp, Inc.","CBFH, Inc.",cbfh,input_alias
0001473844,"Stellar Bancorp, Inc.","CBTX, Inc.",cbtx,input_alias
0001474167,Cosmos Health Inc.,Cosmos Holdings Inc.,cosmos,input_alias
0001474167,Cosmos Health Inc.,PRIME ESTATES & DEVELOPMENTS INC,prime estates developments,input_alias
0001474432,"Pure Storage, Inc.","Os76, Inc.",os76,input_alias
0001474464,New York REIT Liquidating LLC,AMERICAN REALTY CAPITAL NEW YORK RECOVERY REIT INC,american realty capital new york recovery reit,input_alias
0001474464,New York REIT Liquidating LLC,"New York REIT, Inc.",new york reit,input_alias
0001474903,"BGSF, INC.","BG Staffing, Inc.",bg staffing,input_alias
0001474903,"BGSF, INC.","LTN Staffing, LLC",ltn staffing,input_alias
0001475841,National Bank Holdings Corp,NBH Holdings Corp.,nbh,input_alias
0001476204,"Phillips Edison & Company, Inc.","PHILLIPS EDISON GROCERY CENTER REIT I, INC.",phillips edison grocery center reit i,input_alias
0001476204,"Phillips Edison & Company, Inc.",Phillips Edison - ARC Shopping Center REIT Inc.,phillips edison arc shopping center reit,input_alias
0001476204,"Phillips Edison & Company, Inc.","Phillips Edison Grocery Center REIT I, Inc.",phillips edison grocery center reit i,input_alias
0001476765,"GOLUB CAPITAL BDC, Inc.",GOLUB CAPITAL INVESTMENT Corp,golub capital investment,input_alias
0001476963,"Scorpius Holdings, Inc.","HEAT BIOLOGICS, INC.",heat biologics,input_alias
0001476963,"Scorpius Holdings, Inc.","NightHawk Biosciences, Inc.",nighthawk biosciences,input_alias
0001477294,Sensata Technologies Holding plc,Sensata Technologies Holding B.V.,sensata technologies holding bv,input_alias
0001477294,Sensata Technologies Holding plc,Sensata Technologies Holding N.V.,sensata technologies holding nv,input_alias
0001477449,"Teladoc Health, Inc.","Teladoc, Inc.",teladoc,input_alias
0001477845,"Annovis Bio, Inc.","QR Pharma, Inc.",qr pharma,input_alias
0001477960,Catalyst Crew Technologies Corp.,Blue Chip Technologies Corp.,blue chip technologies,input_alias
0001477960,Catalyst Crew Technologies Corp.,"Hermes Jets, Inc.",hermes jets,input_alias
0001478242,IQVIA HOLDINGS INC.,"Quintiles IMS Holdings, Inc.",quintiles ims holdings,input_alias
0001478242,IQVIA HOLDINGS INC.,Quintiles Transnational Holdings Inc.,quintiles transnational,input_alias
0001478320,Adaptive Biotechnologies Corp,Adaptive TCR Corp,adaptive tcr,input_alias
0001479094,"STAG Industrial, Inc.","STAG Industrial REIT, Inc.",stag industrial reit,input_alias
0001479419,"KALA BIO, Inc.","Kala Pharmaceuticals, Inc.",kala pharmaceuticals,input_alias
0001479681,"Nutex Health, Inc.","Clinigence Holdings, Inc.",clinigence holdings,input_alias
0001479681,"Nutex Health, Inc.","iGambit, Inc.",igambit,input_alias
0001481028,"SUNHYDROGEN, INC.","Hypersolar, Inc.",hypersolar,input_alias
0001481504,"XERIANT, INC.","Banjo & Matilda, Inc.",banjo matilda,input_alias
0001481504,"XERIANT, INC.","EASTERN WORLD SOLUTIONS, INC.",eastern world solutions,input_alias
0001481504,"XERIANT, INC.","Encom Group, Inc.",encom group,input_alias
0001482541,CEA Industries Inc.,Surna Inc.,surna,input_alias
0001482554,"Hartford Creative Group, Inc.",Hartford Great Health Corp.,hartford great health,input_alias
0001482554,"Hartford Creative Group, Inc.","Photoamigo, Inc.",photoamigo,input_alias
0001482981,"Vita Coco Company, Inc.",All Market Inc.,all market,input_alias
0001482981,"Vita Coco Company, Inc.","All Market, Inc.",all market,input_alias
0001483646,"BLACKSTAR ENTERPRISE GROUP, INC.","BLACKSTAR ENERGY GROUP, INC.",blackstar energy group,input_alias
0001484565,SOLENO THERAPEUTICS INC,"Capnia, Inc.",capnia,input_alias
0001484612,"Outset Medical, Inc.","Home Dialysis Plus, Ltd.",home dialysis plus,input_alias
0001484769,fuboTV Inc. /FL,"FaceBank Group, Inc.",facebank group,input_alias
0001484769,fuboTV Inc. /FL,"Pulse Evolution Group, Inc.",pulse evolution group,input_alias
0001484769,fuboTV Inc. /FL,fuboTV Inc. /new,fubotv inc new,input_alias
0001485003,Carisma Therapeutics Inc.,"Eleven Biotherapeutics, Inc.",eleven biotherapeutics,input_alias
0001485003,Carisma Therapeutics Inc.,"Sesen Bio, Inc.",sesen bio,input_alias
0001486159,Chord Energy Corp,Oasis Petroleum Inc.,oasis petroleum,input_alias
0001486957,"BWX Technologies, Inc.",Babcock & Wilcox Co,babcock wilcox,input_alias
0001487197,BARFRESH FOOD GROUP INC.,Moving Box Inc,moving box,input_alias
0001487718,"AMERICAN BATTERY MATERIALS, INC.","BOXSCORE BRANDS, INC.",boxscore brands,input_alias
0001487718,"AMERICAN BATTERY MATERIALS, INC.","INTERNET MEDIA SERVICES, INC.",internet media services,input_alias
0001487718,"AMERICAN BATTERY MATERIALS, INC.","U-Vend, Inc.",uvend,input_alias
0001488039,"ATOSSA THERAPEUTICS, INC.",ATOSSA GENETICS INC,atossa genetics,input_alias
0001488813,"Customers Bancorp, Inc.","Customers 1st Bancorp, Inc.",customers 1st bancorp,input_alias
0001490161,Sow Good Inc.,"Black Ridge Oil & Gas, Inc.",black ridge oil gas,input_alias
0001490161,Sow Good Inc.,"ante5, Inc.",ante5,input_alias
0001490349,PhenixFIN Corp,Medley Capital BDC LLC,medley capital bdc,input_alias
0001490349,PhenixFIN Corp,Medley Capital Corp,medley capital,input_alias
0001490873,"ECO SCIENCE SOLUTIONS, INC.","EATON SCIENTIFIC SYSTEMS, INC.",eaton scientific systems,input_alias
0001490873,"ECO SCIENCE SOLUTIONS, INC.",PRISTINE SOLUTIONS INC.,pristine solutions,input_alias
0001491419,"LiveOne, Inc.","LOTON, CORP",loton,input_alias
0001491419,"LiveOne, Inc.","LiveXLive Media, Inc.",livexlive media,input_alias
0001492691,Knight-Swift Transportation Holdings Inc.,SWIFT TRANSPORTATION CO,swift transportation,input_alias
0001492691,Knight-Swift Transportation Holdings Inc.,SWIFT TRANSPORTATION Co,swift transportation,input_alias
0001493761,Turtle Beach Corp,Parametric Sound Corp,parametric sound,input_alias
0001494413,Two Hands Corp,Innovative Product Opportunities Inc.,innovative product opportunities,input_alias
0001494582,BOSTON OMAHA Corp,"REO PLUS, INC.",reo plus,input_alias
0001494904,"Global Indemnity Group, LLC",Global Indemnity Ltd,global indemnity,input_alias
0001494904,"Global Indemnity Group, LLC",Global Indemnity plc,global indemnity,input_alias
0001495231,"IZEA Worldwide, Inc.","IZEA Holdings, Inc.",izea holdings,input_alias
0001495231,"IZEA Worldwide, Inc.","IZEA, Inc.",izea,input_alias
0001495231,"IZEA Worldwide, Inc.",Rapid Holdings Inc.,rapid,input_alias
0001495648,Blackwell 3D Construction Corp.,"Brisset Beer International, Inc.",brisset beer international,input_alias
0001495648,Blackwell 3D Construction Corp.,"Buckeye Oil & Gas, Inc.",buckeye oil gas,input_alias
0001495648,Blackwell 3D Construction Corp.,Power Americas Resource Group Ltd.,power americas resource,input_alias
0001495932,"eXp World Holdings, Inc.",Desert Canadians Ltd.,desert canadians,input_alias
0001495932,"eXp World Holdings, Inc.",EXP Realty International Corp,exp realty international,input_alias
0001496099,New Mountain Finance Corp,New Mountain Guardian Corp,new mountain guardian,input_alias
0001496323,"IGM Biosciences, Inc.","Palingen, Inc.",palingen,input_alias
0001496443,"Paysign, Inc.","3PEA INTERNATIONAL, INC.",3pea international,input_alias
0001496454,"CNL Healthcare Properties, Inc.","CNL Diversified Lifestyle Properties, Inc.",cnl diversified lifestyle properties,input_alias
0001496454,"CNL Healthcare Properties, Inc.","CNL Healthcare Trust, Inc.",cnl healthcare trust,input_alias
0001496454,"CNL Healthcare Properties, Inc.","CNL Properties Trust, Inc.",cnl properties trust,input_alias
0001496690,"BlueOne Card, Inc.",Avenue South Ltd.,avenue south,input_alias
0001496690,"BlueOne Card, Inc.","Manneking, Inc.",manneking,input_alias
0001496690,"BlueOne Card, Inc.","TBSS International, Inc.",tbss international,input_alias
0001497230,"SMC Entertainment, Inc.",SMC Recordings Inc.,smc recordings,input_alias
0001497253,"VivoSim Labs, INC.","ORGANOVO HOLDINGS, INC.",organovo holdings,input_alias
0001497253,"VivoSim Labs, INC.","REAL ESTATE RESTORATION & RENTAL, INC.",real estate restoration rental,input_alias
0001497649,Graphene & Solar Technologies Ltd,Solar Quartz Technologies Corp,solar quartz technologies,input_alias
0001497649,Graphene & Solar Technologies Ltd,Vanguard Energy Corp,vanguard energy,input_alias
0001498067,"CITRINE GLOBAL, CORP.",BREEDIT CORP.,breedit,input_alias
0001498067,"CITRINE GLOBAL, CORP.",PROGAMING PLATFORMS CORP,progaming platforms,input_alias
0001498067,"CITRINE GLOBAL, CORP.",TechCare Corp.,techcare,input_alias
0001498148,Artificial Intelligence Technology Solutions Inc.,ON THE MOVE SYSTEMS CORP.,on the move systems,input_alias
0001498382,"TuHURA Biosciences, Inc./NV",Berry Only Inc.,berry only,input_alias
0001498382,"TuHURA Biosciences, Inc./NV","DelMar Pharmaceuticals, Inc.",delmar pharmaceuticals,input_alias
0001498382,"TuHURA Biosciences, Inc./NV","Kintara Therapeutics, Inc.",kintara therapeutics,input_alias
0001498547,"CIM REAL ESTATE FINANCE TRUST, INC.",COLE ADVISOR CORPORATE INCOME,cole advisor corporate income,input_alias
0001498547,"CIM REAL ESTATE FINANCE TRUST, INC.","COLE CREDIT PROPERTY TRUST IV, INC.",cole credit property trust iv,input_alias
0001498547,"CIM REAL ESTATE FINANCE TRUST, INC.","Cole Advisor Retail Income REIT, Inc.",cole advisor retail income reit,input_alias
0001498828,Howard Hughes Corp,"Spinco, Inc.",spinco,input_alias
0001499275,SANTO MINING CORP.,Santo Pita Corp,santo pita,input_alias
0001499961,MULLEN AUTOMOTIVE INC.,Cazador Acquisition Corp Ltd.,cazador acquisition corp,input_alias
0001499961,MULLEN AUTOMOTIVE INC.,"Net Element International, Inc.",net element international,input_alias
0001499961,MULLEN AUTOMOTIVE INC.,"Net Element, Inc.",net element,input_alias
0001500198,NEUROONE MEDICAL TECHNOLOGIES Corp,"Original Source Entertainment, Inc.",original source entertainment,input_alias
0001500435,"GoPro, Inc.","Woodman Labs, Inc.",woodman labs,input_alias
0001500881,enCore Energy Corp.,TIGRIS URANIUM CORP.,tigris uranium,input_alias
0001500881,enCore Energy Corp.,WOLFPACK GOLD CORP.,wolfpack gold,input_alias
0001501585,"HUNTINGTON INGALLS INDUSTRIES, INC.","NEW S HOLDCO, INC.",new s holdco,input_alias
0001501585,"HUNTINGTON INGALLS INDUSTRIES, INC.","New Ships, Inc.",new ships,input_alias
0001501697,"X4 Pharmaceuticals, Inc","Arsanis, Inc.",arsanis,input_alias
0001501729,FS Specialty Lending Fund,FS Energy & Power Fund,fs energy power fund,input_alias
0001501756,"Adverum Biotechnologies, Inc.","Avalanche Biotechnologies, Inc.",avalanche biotechnologies,input_alias
0001502557,Kun Peng International Ltd.,"CX Network Group, Inc.",cx network group,input_alias
0001502557,Kun Peng International Ltd.,"mLight Tech, Inc.",mlight tech,input_alias
0001502966,"Hypha Labs, Inc.","DigiPath,Inc.",digipathinc,input_alias
0001502966,"Hypha Labs, Inc.","Digipath, Inc.",digipath,input_alias
0001503658,LiquidValue Development Inc.,HOMEOWNUSA,homeownusa,input_alias
0001503658,LiquidValue Development Inc.,SeD Intelligent Home Inc.,sed intelligent home,input_alias
0001503707,"NorthStar Healthcare Income, Inc.","NorthStar Healthcare Income Trust, Inc.",northstar healthcare income trust,input_alias
0001503707,"NorthStar Healthcare Income, Inc.","NorthStar Healthcare Trust, Inc.",northstar healthcare trust,input_alias
0001503707,"NorthStar Healthcare Income, Inc.","NorthStar Senior Care Trust, Inc.",northstar senior care trust,input_alias
0001504461,NGL Energy Partners LP,Silverthorne Energy Partners LP,silverthorne energy partners lp,input_alias
0001504619,PennantPark Floating Rate Capital Ltd.,PennantPark Senior Floating Rate Fund Inc.,pennantpark senior floating rate fund,input_alias
0001504678,"Loop Industries, Inc.",FIRST AMERICAN GROUP INC.,first american,input_alias
0001504776,Warby Parker Inc.,"JAND, Inc.",jand,input_alias
0001505155,"Upland Software, Inc.",Silverback Acquisition Corp,silverback acquisition,input_alias
0001505497,"BioRestorative Therapies, Inc.","Stem Cell Assurance, Inc.",stem cell assurance,input_alias
0001505732,"Bankwell Financial Group, Inc.","BNC Financial Group, Inc.",bnc financial group,input_alias
0001505952,"DOMO, INC.","LIGHTSTORM, INC.",lightstorm,input_alias
0001505952,"DOMO, INC.","SHACHO, INC.",shacho,input_alias
0001506251,"Citius Pharmaceuticals, Inc.","Trail One, Inc.",trail one,input_alias
0001506251,"Citius Pharmaceuticals, Inc.","TrailOne, Inc.",trailone,input_alias
0001506293,"PINTEREST, INC.",Cold Brew Labs Inc.,cold brew labs,input_alias
0001506307,"KINDER MORGAN, INC.",Kinder Morgan Holdco LLC,kinder morgan holdco,input_alias
0001506492,"Nuwellis, Inc.","CHF Solutions, Inc.",chf solutions,input_alias
0001506492,"Nuwellis, Inc.","Sunshine Heart, Inc.",sunshine heart,input_alias
0001506983,"Glucotrack, Inc.","Integrity Applications, Inc.",integrity applications,input_alias
0001507079,"Floor & Decor Holdings, Inc.","FDO Holdings, Inc.",fdo holdings,input_alias
0001507605,"MARA Holdings, Inc.",American Strategic Minerals Corp,american strategic minerals,input_alias
0001507605,"MARA Holdings, Inc.","MARATHON DIGITAL HOLDINGS, INC.",marathon digital holdings,input_alias
0001507605,"MARA Holdings, Inc.","Marathon Patent Group, Inc.",marathon patent group,input_alias
0001507957,Ideal Power Inc.,"Ideal Power Converters, Inc.",ideal power converters,input_alias
0001508655,"Sixth Street Specialty Lending, Inc.","TPG Specialty Lending, Inc.",tpg specialty lending,input_alias
0001509223,"Moatable, Inc.",Renren Inc.,renren,input_alias
0001509261,"Rezolute, Inc.","AntriaBio, Inc.",antriabio,input_alias
0001509261,"Rezolute, Inc.",FITS MY STYLE INC,fits my style,input_alias
0001509470,SURO CAPITAL CORP.,GSV Capital Corp.,gsv capital,input_alias
0001509470,SURO CAPITAL CORP.,NeXt Innovation Corp.,next innovation,input_alias
0001509470,SURO CAPITAL CORP.,SUTTER ROCK CAPITAL CORP.,sutter rock capital,input_alias
0001509589,"CIVITAS RESOURCES, INC.","Bonanza Creek Energy, Inc.",bonanza creek energy,input_alias
0001509745,"LEAP THERAPEUTICS, INC.",Dekkun Corp,dekkun,input_alias
0001510964,"CV Sciences, Inc.",CannaVEST Corp.,cannavest,input_alias
0001510964,"CV Sciences, Inc.","Foreclosure Solutions, Inc.",foreclosure solutions,input_alias
0001511737,Ubiquiti Inc.,"Ubiquiti Networks, Inc.",ubiquiti networks,input_alias
0001512228,NIOCORP DEVELOPMENTS LTD,QUANTUM RARE EARTH DEVELOPMENTS CORP.,quantum rare earth developments,input_alias
0001512499,"LINDBLAD EXPEDITIONS HOLDINGS, INC.",Capitol Acquisition Corp. II,capitol acquisition corp ii,input_alias
0001512673,"Block, Inc.","Square, Inc.",square,input_alias
0001512762,"Coherus BioSciences, Inc.","BioGenerics, Inc.",biogenerics,input_alias
0001512922,"PetVivo Holdings, Inc.",Technologies Scan Corp,technologies scan,input_alias
0001513525,"ADIAL PHARMACEUTICALS, INC.","ADial Pharmaceuticals, L.L.C.",adial pharmaceuticals llc,input_alias
0001513525,"ADIAL PHARMACEUTICALS, INC.","Adial Pharmaceuticals, L.L.C.",adial pharmaceuticals llc,input_alias
0001514056,Titan Environmental Solutions Inc.,"TRAQIQ, INC.",traqiq,input_alias
0001514056,Titan Environmental Solutions Inc.,"Thunderclap Entertainment, Inc.",thunderclap entertainment,input_alias
0001514183,"Silo Pharma, Inc.",Gold Swap Inc,gold swap,input_alias
0001514183,"Silo Pharma, Inc.","Point Capital, Inc.",point capital,input_alias
0001514183,"Silo Pharma, Inc.","Uppercut Brands, Inc.",uppercut brands,input_alias
0001514281,"AG Mortgage Investment Trust, Inc.","Alexander Mortgage REIT, Inc.",alexander mortgage reit,input_alias
0001514416,Bandwidth Inc.,"Bandwidth.com, Inc.",bandwidthcom,input_alias
0001514443,"AMERIGUARD SECURITY SERVICES, INC.","ANVEX INTERNATIONAL, INC.",anvex international,input_alias
0001514443,"AMERIGUARD SECURITY SERVICES, INC.","HEALTH REVENEUE ASSURANCE HOLDINGS, INC.",health reveneue assurance holdings,input_alias
0001514443,"AMERIGUARD SECURITY SERVICES, INC.","HEALTH REVENUE ASSURANCE HOLDINGS, INC.",health revenue assurance holdings,input_alias
0001515139,WASTE ENERGY CORP.,CurrencyWorks Inc.,currencyworks,input_alias
0001515139,WASTE ENERGY CORP.,ICOX INNOVATIONS INC.,icox innovations,input_alias
0001515139,WASTE ENERGY CORP.,"METAWORKS PLATFORMS, INC.",metaworks platforms,input_alias
0001515156,"Arq, Inc.","Advanced Emissions Solutions, Inc.",advanced emissions solutions,input_alias
0001515317,MAGELLAN COPPER & GOLD Corp,MAGELLAN GOLD Corp,magellan gold,input_alias
0001515816,"Plymouth Industrial REIT, Inc.",Plymouth Opportunity REIT Inc.,plymouth opportunity reit,input_alias
0001516551,"Skye Bioscience, Inc.","Emerald Bioscience, Inc.",emerald bioscience,input_alias
0001516551,"Skye Bioscience, Inc.","LOAD GUARD LOGISTICS, INC.",load guard logistics,input_alias
0001516551,"Skye Bioscience, Inc.","Nemus Bioscience, Inc.",nemus bioscience,input_alias
0001516912,"Origin Bancorp, Inc.",Community Trust Financial Corp,community trust financial,input_alias
0001517175,"Chefs' Warehouse, Inc.","Chefs' Warehouse Holdings, LLC",chefs warehouse holdings,input_alias
0001517413,"Fastly, Inc.","Skycache, Inc.(DE)",skycache incde,input_alias
0001517681,"Propanc Biopharma, Inc.",Propanc Health Group Corp,propanc health,input_alias
0001518461,"AmpliTech Group, Inc.",BAYVIEW ACQUISITION CORP,bayview acquisition,input_alias
0001519061,Trinseo PLC,Bain Capital Everest (Luxco 2) S.a r.l.,bain capital everest luxco 2 sa rl,input_alias
0001519061,Trinseo PLC,Trinseo S.A.,trinseo sa,input_alias
0001519449,"Skyward Specialty Insurance Group, Inc.",Houston International Insurance Group,houston international insurance,input_alias
0001519449,"Skyward Specialty Insurance Group, Inc.",Houston International Insurance Group LTD,houston international insurance,input_alias
0001519751,"Fortune Brands Innovations, Inc.",Fortune Brands Home & Security LLC,fortune brands home security,input_alias
0001519751,"Fortune Brands Innovations, Inc.","Fortune Brands Home & Security, Inc.",fortune brands home security,input_alias
0001520006,Matador Resources Co,"Matador Holdco, Inc.",matador holdco,input_alias
0001520048,Permianville Royalty Trust,Enduro Royalty Trust,enduro royalty trust,input_alias
0001520118,"MedWellAI, Inc.","EMS FIND, INC.",ems find,input_alias
0001520118,"MedWellAI, Inc.","INTEGRATED VENTURES, INC.",integrated ventures,input_alias
0001520118,"MedWellAI, Inc.","LIGHTCOLLAR, INC.",lightcollar,input_alias
0001520262,Alkermes plc.,ANTLER SCIENCE TWO PLC,antler science two,input_alias
0001520262,Alkermes plc.,Antler Science Two Ltd,antler science two,input_alias
0001520358,"Mama's Creations, Inc.","MASCOT PROPERTIES, INC.",mascot properties,input_alias
0001520358,"Mama's Creations, Inc.","MamaMancini's Holdings, Inc.",mamamancinis holdings,input_alias
0001521036,"Lantheus Holdings, Inc.","Lantheus MI Holdings, Inc.",lantheus mi holdings,input_alias
0001521332,Aptiv PLC,Delphi Automotive PLC,delphi automotive,input_alias
0001522767,MARIMED INC.,WORLDS ONLINE INC.,worlds online,input_alias
0001524472,Xylem Inc.,"ITT WCO, Inc.",itt wco,input_alias
0001525221,Bristow Group Inc.,ERA GROUP INC.,era,input_alias
0001525221,Bristow Group Inc.,Era Froup Inc.,era froup,input_alias
0001525769,"Dave & Buster's Entertainment, Inc.","Dave & Buster's Parent, Inc.",dave busters parent,input_alias
0001526113,"Global Net Lease, Inc.","American Realty Capital Global Daily Net Asset Value Trust, Inc.",american realty capital global daily net asset value trust,input_alias
0001526113,"Global Net Lease, Inc.","American Realty Capital Global Trust, Inc.",american realty capital global trust,input_alias
0001526243,PERPETUA RESOURCES CORP.,MIDAS GOLD CORP.,midas gold,input_alias
0001527166,Carlyle Group Inc.,Carlyle Group L.P.,carlyle group lp,input_alias
0001527508,Pactiv Evergreen Inc.,Reynolds Group Holdings Ltd,reynolds,input_alias
0001527590,Ready Capital Corp,Sutherland Asset Management Corp,sutherland asset management,input_alias
0001527590,Ready Capital Corp,ZAIS Financial Corp.,zais financial,input_alias
0001527599,"SYNLOGIC, INC.","Mirna Therapeutics, Inc.",mirna therapeutics,input_alias
0001527613,CIMG Inc.,Havana Furnishings Inc.,havana furnishings,input_alias
0001527613,CIMG Inc.,Havanna Furnishings Inc.,havanna furnishings,input_alias
0001527613,CIMG Inc.,"NuZee, Inc.",nuzee,input_alias
0001527702,iQSTEL Inc,"B-MAVEN, INC.",bmaven,input_alias
0001527702,iQSTEL Inc,"PURE SNAX INTERNATIONAL, INC.",pure snax international,input_alias
0001527702,iQSTEL Inc,"PURESNAX INTERNATIONAL, INC.",puresnax international,input_alias
0001527728,Lunai Bioworks Inc.,Enochian Biosciences Inc.,enochian biosciences,input_alias
0001527728,Lunai Bioworks Inc.,RENOVARO BIOSCIENCES INC.,renovaro biosciences,input_alias
0001527728,Lunai Bioworks Inc.,RENOVARO INC.,renovaro,input_alias
0001527728,Lunai Bioworks Inc.,Renovaro Biosciences Inc.,renovaro biosciences,input_alias
0001528129,"Vital Energy, Inc.","Laredo Petroleum Holdings, Inc.",laredo petroleum holdings,input_alias
0001528129,"Vital Energy, Inc.","Laredo Petroleum, Inc.",laredo petroleum,input_alias
0001528849,RH,Restoration Hardware Holdings Inc,restoration hardware,input_alias
0001528985,"Inland Real Estate Income Trust, Inc.","Inland Core Assets Real Estate Trust, Inc.",inland core assets real estate trust,input_alias
0001528985,"Inland Real Estate Income Trust, Inc.","Inland Monthly Income Trust, Inc.",inland monthly income trust,input_alias
0001529113,"XTI Aerospace, Inc.",INPIXON,inpixon,input_alias
0001529113,"XTI Aerospace, Inc.",Sysorex Global,sysorex global,input_alias
0001529113,"XTI Aerospace, Inc.",Sysorex Global Holdings Corp.,sysorex global,input_alias
0001529274,"ALKAMI TECHNOLOGY, INC.","ALKAMI TECHNOLOGY, INC,",alkami technology inc,input_alias
0001530425,"Artisan Consumer Goods, Inc.",Cassidy Ventures Inc.,cassidy ventures,input_alias
0001530425,"Artisan Consumer Goods, Inc.","Lash, Inc.",lash,input_alias
0001530721,Capri Holdings Ltd,Michael Kors Holdings Ltd,michael kors,input_alias
0001530746,"Kaya Holdings, Inc.","Alternative Fuels America, Inc.",alternative fuels america,input_alias
0001530746,"Kaya Holdings, Inc.","Alternative Fuels Americas, Inc.",alternative fuels americas,input_alias
0001531152,"BJ's Wholesale Club Holdings, Inc.",Beacon Holding Inc.,beacon,input_alias
0001532286,"Nine Energy Service, Inc.","NSC-Tripoint, Inc.",nsctripoint,input_alias
0001532383,VANJIA CORP,VANJIE CORP,vanjie,input_alias
0001532383,VANJIA CORP,Vantone Realty Corp,vantone realty,input_alias
0001532961,"NV5 Global, Inc.","NV5 Holdings, Inc.",nv5 holdings,input_alias
0001533040,Phio Pharmaceuticals Corp.,RXi Pharmaceuticals Corp,rxi pharmaceuticals,input_alias
0001533357,DEFENSE TECHNOLOGIES INTERNATIONAL CORP.,CANYON GOLD CORP.,canyon gold,input_alias
0001533615,Global Medical REIT Inc.,"SCOOP MEDIA, INC.",scoop media,input_alias
0001533743,"Processa Pharmaceuticals, Inc.","Heatwurx, Inc.",heatwurx,input_alias
0001533758,Hughes Satellite Systems Corp,Hughes Satellites Systems Corp,hughes satellites systems,input_alias
0001533924,Amplify Energy Corp.,"Midstates Petroleum Company, Inc.",midstates petroleum company,input_alias
0001533998,DarioHealth Corp.,LabStyle Innovations Corp.,labstyle innovations,input_alias
0001534120,"Avalo Therapeutics, Inc.",Cerecor Inc.,cerecor,input_alias
0001534133,"CalciMedica, Inc.","CalciMedica, Inc. /DE/",calcimedica inc de,input_alias
0001534133,"CalciMedica, Inc.","GRAYBUG VISION, INC.",graybug vision,input_alias
0001534133,"CalciMedica, Inc.","GRAYBUG, Inc.",graybug,input_alias
0001534154,authID Inc.,ID Global Solutions Corp,id global solutions,input_alias
0001534154,authID Inc.,IIM Global Corp,iim global,input_alias
0001534154,authID Inc.,Ipsidy Inc.,ipsidy,input_alias
0001534254,CION Investment Corp,C&#298;ON Investment Corp,c298on investment,input_alias
0001534525,"Xenetic Biosciences, Inc.",GENERAL AIRCRAFT INC.,general aircraft,input_alias
0001534525,"Xenetic Biosciences, Inc.","General Sales & Leasing, Inc.",general sales leasing,input_alias
0001534675,Tecnoglass Inc.,Andina Acquisition Corp,andina acquisition,input_alias
0001534708,"Beeline Holdings, Inc.","Eastside Distilling, Inc.",eastside distilling,input_alias
0001534708,"Beeline Holdings, Inc.",Eurocan Holdings Ltd.,eurocan,input_alias
0001535778,"MSC INCOME FUND, INC.","HMS INCOME FUND, INC.",hms income fund,input_alias
0001535929,"Voya Financial, Inc.","ING America Insurance Holdings, Inc.",ing america insurance holdings,input_alias
0001535929,"Voya Financial, Inc.","ING U.S., Inc.",ing us,input_alias
0001535955,Lipocine Inc.,MARATHON BAR CORP,marathon bar,input_alias
0001538263,"HomeTrust Bancshares, Inc.","HomeTrustBancshares, Inc.",hometrustbancshares,input_alias
0001538379,"Ibotta, Inc.","Zing Enterprises, Inc.",zing enterprises,input_alias
0001538495,"Earth Science Tech, Inc.",Ultimate Novelty Sports Inc.,ultimate novelty sports,input_alias
0001538716,Oportun Financial Corp,"Progreso Financiero Holdings, Inc.",progreso financiero holdings,input_alias
0001538849,CrossAmerica Partners LP,Lehigh Gas Partners LP,lehigh gas partners lp,input_alias
0001539638,"Triumph Financial, Inc.","Triumph Bancorp, Inc.",triumph bancorp,input_alias
0001539850,"Starco Brands, Inc.","Insynergy Products, Inc",insynergy products,input_alias
0001540159,"Edesa Biotech, Inc.","Stellar Biotechnologies, Inc.",stellar biotechnologies,input_alias
0001540684,Atlas Lithium Corp,"Brazil Minerals, Inc.",brazil minerals,input_alias
0001540684,Atlas Lithium Corp,"Flux Technologies, Corp.",flux technologies,input_alias
0001542447,"RREEF Property Trust, Inc.","RREEF America Property Income Trust, Inc.",rreef america property income trust,input_alias
0001543418,Trilogy Metals Inc.,NovaCopper Inc.,novacopper,input_alias
0001544206,"Carlyle Secured Lending, Inc.","Carlyle GMS Finance, Inc.",carlyle gms finance,input_alias
0001544206,"Carlyle Secured Lending, Inc.","TCG BDC, INC.",tcg bdc,input_alias
0001544227,"Tempest Therapeutics, Inc.","Millendo Therapeutics, Inc.",millendo therapeutics,input_alias
0001544227,"Tempest Therapeutics, Inc.","OvaScience, Inc.",ovascience,input_alias
0001544522,Freshworks Inc.,FreshDesk Inc.,freshdesk,input_alias
0001545654,"Alexander & Baldwin, Inc.","& B II, Inc.",b ii,input_alias
0001545654,"Alexander & Baldwin, Inc.","A & B II, Inc.",a b ii,input_alias
0001545654,"Alexander & Baldwin, Inc.","A&B II, Inc.",ab ii,input_alias
0001546853,"Skkynet Cloud Systems, Inc.","Skyynet Cloud Systems, Inc.",skyynet cloud systems,input_alias
0001547546,"Lument Finance Trust, Inc.",Five Oaks Investment Corp.,five oaks investment,input_alias
0001547546,"Lument Finance Trust, Inc.","Hunt Companies Finance Trust, Inc.",hunt companies finance trust,input_alias
0001549084,"EKSO BIONICS HOLDINGS, INC.",PN Med Group Inc,pn med,input_alias
0001549145,"BLUE BIOFUELS, INC.","ALLIANCE BIOENERGY PLUS, INC.",alliance bioenergy plus,input_alias
0001549145,"BLUE BIOFUELS, INC.","Alliance Media Group Holdings, Inc.",alliance media group holdings,input_alias
0001549595,"Nurix Therapeutics, Inc.","Nurix, Inc.",nurix,input_alias
0001550695,Performant Healthcare Inc,Performant Financial Corp,performant financial,input_alias
0001551306,"Progyny, Inc.",Auxogyn Inc,auxogyn,input_alias
0001551306,"Progyny, Inc.","Auxogyn, Inc.",auxogyn,input_alias
0001552033,TransUnion,"TransUnion Holding Company, Inc.",transunion holding company,input_alias
0001552275,Sunoco LP,Susser Petroleum Partners LP,susser petroleum partners lp,input_alias
0001552493,CNH Industrial Capital LLC,CNH Capital LLC,cnh capital,input_alias
0001553643,"RELMADA THERAPEUTICS, INC.","CAMP NINE, INC.",camp nine,input_alias
0001553788,"SPLASH BEVERAGE GROUP, INC.","Canfield Medical Supply, Inc.",canfield medical supply,input_alias
0001554818,AUDDIA INC.,"Clip Interactive, LLC",clip interactive,input_alias
0001556593,Rithm Capital Corp.,New Residential Investment Corp.,new residential investment,input_alias
0001556593,Rithm Capital Corp.,New Residential Investment LLC,new residential investment,input_alias
0001556593,Rithm Capital Corp.,Spinco Inc.,spinco,input_alias
0001556739,"Thryv Holdings, Inc.","DEX MEDIA, INC.",dex media,input_alias
0001556739,"Thryv Holdings, Inc.","NEWDEX, INC.",newdex,input_alias
0001556801,"My City Builders, Inc.","DIAMANTE MINERALS, INC.",diamante minerals,input_alias
0001556801,"My City Builders, Inc.",OCONN INDUSTRIES CORP,oconn industries,input_alias
0001556801,"My City Builders, Inc.",iMine Corp,imine,input_alias
0001557376,"Zeo ScientifiX, Inc.",BESPOKE TRICYCLES INC,bespoke tricycles,input_alias
0001557376,"Zeo ScientifiX, Inc.","Biotech Products Services & Research, Inc.",biotech products services research,input_alias
0001557376,"Zeo ScientifiX, Inc.","Organicell Regenerative Medicine, Inc.",organicell regenerative medicine,input_alias
0001557798,"Tianci International, Inc.",FREEDOM PETROLEUM INC.,freedom petroleum,input_alias
0001557798,"Tianci International, Inc.","Steampunk Wizards, Inc.",steampunk wizards,input_alias
0001559053,PROTHENA CORP PUBLIC LTD CO,Neotope Corp Ltd,neotope corp,input_alias
0001559053,PROTHENA CORP PUBLIC LTD CO,Prothena Corp plc,prothena corp,input_alias
0001560385,Liberty Media Corp,"Liberty Spinco, Inc.",liberty spinco,input_alias
0001560672,Ellington Credit Co,Ellington Residential Mortgage REIT,ellington residential mortgage reit,input_alias
0001561032,"National Healthcare Properties, Inc.","American Realty Capital Healthcare Trust II, Inc.",american realty capital healthcare trust ii,input_alias
0001561032,"National Healthcare Properties, Inc.","Healthcare Trust, Inc.",healthcare trust,input_alias
0001561680,"Tri Pointe Homes, Inc.","TRI Pointe Group, Inc.",tri pointe group,input_alias
0001561894,"HA Sustainable Infrastructure Capital, Inc.","Hannon Armstrong Sustainable Infrastructure Capital, Inc.",hannon armstrong sustainable infrastructure capital,input_alias
0001562528,"Franklin BSP Realty Trust, Inc.","ARC Realty Finance Trust, Inc.",arc realty finance trust,input_alias
0001562528,"Franklin BSP Realty Trust, Inc.","Benefit Street Partners Realty Trust, Inc.",benefit street partners realty trust,input_alias
0001562528,"Franklin BSP Realty Trust, Inc.","Realty Finance Trust, Inc.",realty finance trust,input_alias
0001563190,"Compass, Inc.","Urban Compass, Inc.",urban compass,input_alias
0001563568,"Envirotech Vehicles, Inc.","ADOMANI, INC.",adomani,input_alias
0001563568,"Envirotech Vehicles, Inc.","Adomani, Inc.",adomani,input_alias
0001563665,"Harvard Apparatus Regenerative Technology, Inc.","Biostage, Inc.",biostage,input_alias
0001563756,"Lightstone Value Plus REIT III, Inc.","Lightstone Value Plus Real Estate Investment Trust III, Inc.",lightstone value plus real estate investment trust iii,input_alias
0001564408,Snap Inc,Snapchat Inc,snapchat,input_alias
0001564708,NEWS CORP,New Newscorp Inc,new newscorp,input_alias
0001564708,NEWS CORP,New Newscorp LLC,new newscorp,input_alias
0001564902,United Parks & Resorts Inc.,"SeaWorld Entertainment, Inc.",seaworld entertainment,input_alias
0001565228,"Vislink Technologies, Inc.","xG TECHNOLOGY, INC.",xg technology,input_alias
0001565687,"Intapp, Inc.","LegalApp Holdings, Inc.",legalapp holdings,input_alias
0001566044,VYNE Therapeutics Inc.,Menlo Therapeutics Inc.,menlo therapeutics,input_alias
0001566044,VYNE Therapeutics Inc.,"Menlo Therapeutics, Inc.",menlo therapeutics,input_alias
0001566044,VYNE Therapeutics Inc.,"Tigercat Pharma, Inc.",tigercat pharma,input_alias
0001566610,"Verb Technology Company, Inc.","BBOOTH, INC.",bbooth,input_alias
0001566610,"Verb Technology Company, Inc.","Global System Designs, Inc.",global system designs,input_alias
0001566610,"Verb Technology Company, Inc.","nFusz, Inc.",nfusz,input_alias
0001566826,"LogicMark, Inc.","Nxt-ID, Inc.",nxtid,input_alias
0001567094,CNH Industrial N.V.,FI CBM Holdings N.V.,fi cbm holdings nv,input_alias
0001567514,"Intra-Cellular Therapies, Inc.",Oneida Resources Corp.,oneida resources,input_alias
0001567683,"Clearway Energy, Inc.","NRG Yield, Inc.",nrg yield,input_alias
0001567683,"Clearway Energy, Inc.","NRG Yieldco, Inc.",nrg yieldco,input_alias
0001567900,BLACKBOXSTOCKS INC.,SMSA BALLINGER ACQUISITION CORP,smsa ballinger acquisition,input_alias
0001567925,"Sila Realty Trust, Inc.","Carter Validus Mission Critical REIT II, Inc.",carter validus mission critical reit ii,input_alias
0001568385,"Bright Mountain Media, Inc.",Bright Mountain Acquisition Corp,bright mountain acquisition,input_alias
0001568385,"Bright Mountain Media, Inc.","Bright Mountain Holdings, Inc./FL",bright mountain holdings incfl,input_alias
0001568651,"Oscar Health, Inc.",Mulberry Health Inc.,mulberry health,input_alias
0001570585,Liberty Global Ltd.,Liberty Global Corp Ltd,liberty global corp,input_alias
0001570585,Liberty Global Ltd.,Lynx Europe Ltd.,lynx europe,input_alias
0001571123,Science Applications International Corp,"SAIC Gemini, Inc.",saic gemini,input_alias
0001571283,"Rexford Industrial Realty, Inc.","Rexford Industrial, Inc.",rexford industrial,input_alias
0001571329,Logan Ridge Finance Corp.,Capitala Finance Corp.,capitala finance,input_alias
0001571934,"Synaptogenix, Inc.","NEUROTROPE BIOSCIENCE, INC.",neurotrope bioscience,input_alias
0001571949,"Intercontinental Exchange, Inc.","Intercontinental Exchange Group, Inc.",intercontinental exchange group,input_alias
0001571949,"Intercontinental Exchange, Inc.","IntercontinentalExchange Group, Inc.",intercontinentalexchange group,input_alias
0001571996,Dell Technologies Inc.,Denali Holding Inc.,denali,input_alias
0001572386,GREENWAY TECHNOLOGIES INC,"UMED HOLDINGS, INC.",umed holdings,input_alias
0001572616,"FRACTYL HEALTH, INC.",Fractyl Laboratories Inc.,fractyl laboratories,input_alias
0001572694,"Goldman Sachs BDC, Inc.","Goldman Sachs Liberty Harbor Capital, LLC",goldman sachs liberty harbor capital,input_alias
0001574085,Braemar Hotels & Resorts Inc.,"Ashford Hospitality Prime, Inc.",ashford hospitality prime,input_alias
0001574197,"Five Point Holdings, LLC","Newhall Holding Company, LLC",newhall holding company,input_alias
0001574235,"Pulmatrix, Inc.","Ruthigen, Inc.",ruthigen,input_alias
0001575515,"Sprouts Farmers Market, Inc.","Sprouts Farmers Markets, LLC",sprouts farmers markets,input_alias
0001575793,Energous Corp,DvineWave Inc.,dvinewave,input_alias
0001575828,EXPRO GROUP HOLDINGS N.V.,FRANK'S INTERNATIONAL N.V.,franks international nv,input_alias
0001575828,EXPRO GROUP HOLDINGS N.V.,Frank's International N.V.,franks international nv,input_alias
0001575858,PureBase Corp,Port of Call Online Inc.,port of call online,input_alias
0001576018,SiriusPoint Ltd,Third Point Reinsurance Ltd.,third point reinsurance,input_alias
0001576873,AMERICAN BATTERY TECHNOLOGY Co,AMERICAN BATTERY METALS CORP,american battery metals,input_alias
0001576873,AMERICAN BATTERY TECHNOLOGY Co,"Oroplata Resources, Inc.",oroplata resources,input_alias
0001577445,Odysight.ai Inc.,Intellisense Solutions Inc.,intellisense solutions,input_alias
0001577445,Odysight.ai Inc.,ScoutCam Inc.,scoutcam,input_alias
0001577526,"C3.ai, Inc.","C3 IoT, Inc.",c3 iot,input_alias
0001577526,"C3.ai, Inc.","C3, Inc.",c3,input_alias
0001578348,"Investcorp Credit Management BDC, Inc.",CM Finance Inc,cm finance,input_alias
0001579157,VINCE HOLDING CORP.,Apparel Holding Corp.,apparel,input_alias
0001579157,VINCE HOLDING CORP.,Kellwood Holding Corp.,kellwood,input_alias
0001579214,"Emerald Holding, Inc.","Emerald Expositions Events, Inc.",emerald expositions events,input_alias
0001579214,"Emerald Holding, Inc.","Expo Event Holdco, Inc.",expo event holdco,input_alias
0001579298,"Burlington Stores, Inc.","Burlington Holdings, Inc.",burlington holdings,input_alias
0001579684,"Gannett Co., Inc.",New Media Investment Group Inc.,new media investment,input_alias
0001579877,OUTFRONT Media Inc.,CBS OUTDOOR AMERICAS INC.,cbs outdoor americas,input_alias
0001580149,BIOVIE INC.,"NANOANTIBIOTICS, INC.",nanoantibiotics,input_alias
0001580490,I-ON Digital Corp.,Evans Brewing Co Inc.,evans brewing,input_alias
0001580490,I-ON Digital Corp.,"Evans Brewing Company, Inc.",evans brewing company,input_alias
0001580490,I-ON Digital Corp.,I-ON Communications Corp.,ion communications,input_alias
0001580560,Flywire Corp,peerTransfer Corp,peertransfer,input_alias
0001580864,"Vroom, Inc.","AutoAmerica, Inc.",autoamerica,input_alias
0001582961,"DigitalOcean Holdings, Inc.","Digital Ocean, Inc.",digital ocean,input_alias
0001582982,"CareCloud, Inc.","MEDICAL TRANSCRIPTION BILLING, CORP",medical transcription billing,input_alias
0001582982,"CareCloud, Inc.","MTBC, Inc.",mtbc,input_alias
0001583648,"PALVELLA THERAPEUTICS, INC.",Marika Inc.,marika,input_alias
0001583648,"PALVELLA THERAPEUTICS, INC.","PIERIS PHARMACEUTICALS, INC.",pieris pharmaceuticals,input_alias
0001583648,"PALVELLA THERAPEUTICS, INC.","Pieris Pharmaceuticals, Inc.",pieris pharmaceuticals,input_alias
0001583708,"SentinelOne, Inc.","Sentinel Labs, Inc.",sentinel labs,input_alias
0001583771,"Hepion Pharmaceuticals, Inc.","ContraVir Pharmaceuticals, Inc.",contravir pharmaceuticals,input_alias
0001584207,"OneMain Holdings, Inc.","Springleaf Holdings, Inc.",springleaf holdings,input_alias
0001584207,"OneMain Holdings, Inc.","Springleaf Holdings, LLC",springleaf holdings,input_alias
0001584549,"Village Farms International, Inc.","Agro Power Development, Inc.",agro power development,input_alias
0001584693,SafeSpace Global Corp,"GRASSHOPPER STAFFING, INC.",grasshopper staffing,input_alias
0001584693,SafeSpace Global Corp,Healthcare Integrated Technologies Inc.,healthcare integrated technologies,input_alias
0001584693,SafeSpace Global Corp,Tomichi Creek Outfitters,tomichi creek outfitters,input_alias
0001585389,"SmartStop Self Storage REIT, Inc.","Strategic Storage Trust II, Inc.",strategic storage trust ii,input_alias
0001585521,"Zoom Communications, Inc.","Zoom Video Communications, Inc.",zoom video communications,input_alias
0001585608,"Jaguar Health, Inc.","Jaguar Animal Health, Inc.",jaguar animal health,input_alias
0001586495,Leet Technology Inc.,Leet Inc.,leet,input_alias
0001586554,Target Group Inc.,Chess Supersite Corp,chess supersite,input_alias
0001586554,Target Group Inc.,River Run Acquisition Corp,river run acquisition,input_alias
0001587987,"NewtekOne, Inc.",Newtek Business Services Corp.,newtek business services,input_alias
0001589149,"Greenwave Technology Solutions, Inc.","MassRoots, Inc.",massroots,input_alias
0001589526,Blue Bird Corp,Hennessy Capital Acquisition Corp.,hennessy capital acquisition,input_alias
0001590364,FTAI Aviation Ltd.,Fortress Transportation & Infrastructure Investors LLC,fortress transportation infrastructure investors,input_alias
0001590364,FTAI Aviation Ltd.,Fortress Transportation & Infrastructure Investors Ltd.,fortress transportation infrastructure investors,input_alias
0001590496,Aerkomm Inc.,"Maple Tree Kids, Inc.",maple tree kids,input_alias
0001590560,uniQure N.V.,uniQure B.V.,uniqure bv,input_alias
0001590584,Civeo Corp,OIS Accommodations SpinCo Inc.,ois accommodations spinco,input_alias
0001590714,Element Solutions Inc,Platform Specialty Products Corp,platform specialty products,input_alias
0001590715,American Resources Corp,NATURAL GAS FUELING & CONVERSION INC.,natural gas fueling conversion,input_alias
0001590715,American Resources Corp,"NGFC Equities, INC.",ngfc equities,input_alias
0001590715,American Resources Corp,"NGFC Equities, Inc.",ngfc equities,input_alias
0001590750,"Viridian Therapeutics, Inc.\DE","MIRAGEN THERAPEUTICS, INC.",miragen therapeutics,input_alias
0001590750,"Viridian Therapeutics, Inc.\DE","SIGNAL GENETICS, INC.",signal genetics,input_alias
0001590877,REGENXBIO Inc.,"ReGenX Biosciences, LLC",regenx biosciences,input_alias
0001590895,"Caesars Entertainment, Inc.",Eclair Holdings Co,eclair,input_alias
0001590895,"Caesars Entertainment, Inc.","Eldorado Resorts, Inc.",eldorado resorts,input_alias
0001591890,Fundamental Global Inc.,"1347 Property Insurance Holdings, Inc.",1347 property insurance holdings,input_alias
0001591890,Fundamental Global Inc.,"FG Financial Group, Inc.",fg financial group,input_alias
0001593184,"BIOREGENX, INC.","ARTEMIS ENERGY HOLDINGS, INC.",artemis energy holdings,input_alias
0001593184,"BIOREGENX, INC.","FINDIT, INC.",findit,input_alias
0001593538,NAVIENT CORP,New Corp,new,input_alias
0001593548,"PlayAGS, Inc.","AP Gaming Holdco, Inc.",ap gaming holdco,input_alias
0001593549,"Livento Group, Inc.","Bling Marketing, Inc.",bling marketing,input_alias
0001593549,"Livento Group, Inc.","NuGene International, Inc.",nugene international,input_alias
0001593773,AMJ Global Technology,KANGE CORP,kange,input_alias
0001595097,"Corbus Pharmaceuticals Holdings, Inc.",SAV Acquisition Corp,sav acquisition,input_alias
0001595527,American Strategic Investment Co.,"American Realty Capital New York City REIT, Inc.",american realty capital new york city reit,input_alias
0001595527,American Strategic Investment Co.,"American Realty Captal New York City REIT, Inc.",american realty captal new york city reit,input_alias
0001595527,American Strategic Investment Co.,"New York City REIT, Inc.",new york city reit,input_alias
0001595974,"MAGNITE, INC.","RUBICON PROJECT, INC.",rubicon project,input_alias
0001596961,"RumbleOn, Inc.","Smart Server, Inc",smart server,input_alias
0001597672,RAYONIER ADVANCED MATERIALS INC.,Rayonier Holding Co,rayonier,input_alias
0001597846,Greenpro Capital Corp.,"Greenpro, Inc.",greenpro,input_alias
0001598428,Metallus Inc.,TimkenSteel Corp,timkensteel,input_alias
0001598981,SKYX Platforms Corp.,SQL Technologies Corp.,sql technologies,input_alias
0001598981,SKYX Platforms Corp.,Safety Quick Lighting & Fans Corp.,safety quick lighting fans,input_alias
0001599298,Summit Therapeutics Inc.,Summit Corp plc,summit corp,input_alias
0001599617,DNOW Inc.,NOW Inc.,now,input_alias
0001599901,"Avidity Biosciences, Inc.",Avidity NanoMedicines LLC,avidity nanomedicines,input_alias
0001600033,"e.l.f. Beauty, Inc.","J.A. Cosmetics Holdings, Inc.",ja cosmetics holdings,input_alias
0001600222,"Phoenix Education Partners, Inc.","AP VIII Queso Holdings, L.P.",ap viii queso holdings lp,input_alias
0001600347,Hapi Metaverse Inc.,GigWorld Inc.,gigworld,input_alias
0001600347,Hapi Metaverse Inc.,HotApp Blockchain Inc.,hotapp blockchain,input_alias
0001600347,Hapi Metaverse Inc.,"HotApp Blockchain, Inc.",hotapp blockchain,input_alias
0001600438,GMS Inc.,GYP Holdings I Corp.,gyp holdings i,input_alias
0001600626,Peakstone Realty Trust,"Griffin Capital Essential Asset REIT, Inc.",griffin capital essential asset reit,input_alias
0001600626,Peakstone Realty Trust,Griffin Realty Trust,griffin realty trust,input_alias
0001600626,Peakstone Realty Trust,"Griffin Realty Trust, Inc.",griffin realty trust,input_alias
0001601280,"MediXall Group, Inc.",CONTINENTAL RAIL CORP,continental rail,input_alias
0001601485,"Elicio Therapeutics, Inc.",Angion Biomedica Corp.,angion biomedica,input_alias
0001601548,"V2X, Inc.",Exelis MSCO Inc.,exelis msco,input_alias
0001601548,"V2X, Inc.","Vectrus, Inc.",vectrus,input_alias
0001602065,"Viper Energy, Inc.",Viper Energy Partners LP,viper energy partners lp,input_alias
0001602409,"FingerMotion, Inc.",Property Management Corp of America,property management corp of america,input_alias
0001603145,"XPLR Infrastructure, LP","NEXTERA ENERGY PARTNERS, LP",nextera energy partners lp,input_alias
0001603145,"XPLR Infrastructure, LP","NextEra Energy Partners, LP",nextera energy partners lp,input_alias
0001603291,"EASTERN ENERGY GAS HOLDINGS, LLC","DOMINION ENERGY GAS HOLDINGS, LLC",dominion energy gas holdings,input_alias
0001603291,"EASTERN ENERGY GAS HOLDINGS, LLC","Dominion Energy Gas Holdings, LLC",dominion energy gas holdings,input_alias
0001603291,"EASTERN ENERGY GAS HOLDINGS, LLC","Dominion Gas Holdings, LLC",dominion gas holdings,input_alias
0001603793,"Norris Industries, Inc.","INTERNATIONAL WESTERN PETROLEUM, INC.",international western petroleum,input_alias
0001604191,"Entero Therapeutics, Inc.","AzurRx BioPharma, Inc.",azurrx biopharma,input_alias
0001604191,"Entero Therapeutics, Inc.","BioPharma d'Azur, Inc.",biopharma dazur,input_alias
0001604191,"Entero Therapeutics, Inc.","First Wave BioPharma, Inc.",first wave biopharma,input_alias
0001604778,"Qorvo, Inc.","Rocky Holding, Inc.",rocky holding,input_alias
0001604868,GrowGeneration Corp.,"EasyLife, Corp.",easylife,input_alias
0001605481,Nevada Canyon Gold Corp.,"Tech Foundry Ventures, Inc.",tech foundry ventures,input_alias
0001605888,ATLANTIC INTERNATIONAL CORP.,"SeqLL, Inc.",seqll,input_alias
0001606163,"Limbach Holdings, Inc.",1347 Capital Corp,1347 capital,input_alias
0001606268,"Via Renewables, Inc.","Spark Energy, Inc.",spark energy,input_alias
0001606498,"AVANOS MEDICAL, INC.","Halyard Health, Inc.",halyard health,input_alias
0001606909,Pangaea Logistics Solutions Ltd.,Quartet Holdco Ltd.,quartet holdco,input_alias
0001607962,Lifeward Ltd.,Argo Medical Technologies Ltd.,argo medical technologies,input_alias
0001607962,Lifeward Ltd.,ReWalk Robotics Ltd.,rewalk robotics,input_alias
0001609804,Orion S.A.,Orion Engineered Carbons S.A.,orion engineered carbons sa,input_alias
0001609804,Orion S.A.,Orion Engineered Carbons S.a r.l.,orion engineered carbons sa rl,input_alias
0001609809,"Seres Therapeutics, Inc.","Seres Health, Inc.",seres health,input_alias
0001610618,"Cidara Therapeutics, Inc.","K2 THERAPEUTICS, INC.",k2 therapeutics,input_alias
0001610820,BriaCell Therapeutics Corp.,Ansell Capital Corp.,ansell capital,input_alias
0001611547,Urban Edge Properties,Vornado SpinCo,vornado spinco,input_alias
0001612720,NextDecade Corp.,Harmony Merger Corp.,harmony merger,input_alias
0001613103,Medtronic plc,Kalani I Ltd,kalani i,input_alias
0001614556,Star Alliance International Corp.,ASTERIKO CORP.,asteriko,input_alias
0001614806,Rithm Property Trust Inc.,Great Ajax Corp.,great ajax,input_alias
0001615063,"Inspired Entertainment, Inc.",Hydra Industries Acquisition Corp.,hydra industries acquisition,input_alias
0001615219,"Salarius Pharmaceuticals, Inc.","Flex Pharma, Inc.",flex pharma,input_alias
0001616156,"WEWARDS, INC.",Betafox Corp.,betafox,input_alias
0001616156,"WEWARDS, INC.","FUTURE WORLD GROUP, INC.",future world group,input_alias
0001616156,"WEWARDS, INC.","GLOBAL ENTERTAINMENT CLUBS, INC.",global entertainment clubs,input_alias
0001616262,"Rocky Mountain Chocolate Factory, Inc.","Rocky Mountain Brands, Inc.",rocky mountain brands,input_alias
0001616533,"Penguin Solutions, Inc.","SMART Global Holdings, Inc.",smart global holdings,input_alias
0001616543,"Senseonics Holdings, Inc.","ASN Technologies, Inc.",asn technologies,input_alias
0001617406,Park Hotels & Resorts Inc.,"Hilton Worldwide, Inc.",hilton worldwide,input_alias
0001617640,"ZILLOW GROUP, INC.",Zebra Holdco Inc.,zebra holdco,input_alias
0001618755,Restaurant Brands International Limited Partnership,New Red Canada Limited Partnership,new red canada limited partnership,input_alias
0001618755,Restaurant Brands International Limited Partnership,New Red Canada Partnership,new red canada partnership,input_alias
0001618756,Restaurant Brands International Inc.,1011773 B.C. Unlimited Liability Co,1011773 bc unlimited liability,input_alias
0001618756,Restaurant Brands International Inc.,9060669 Canada Inc.,9060669 canada,input_alias
0001618835,"Evofem Biosciences, Inc.","Neothetics, Inc.",neothetics,input_alias
0001619227,"Cloudweb, Inc.","Data Backup Solutions, Inc.",data backup solutions,input_alias
0001619227,"Cloudweb, Inc.",Formigli Inc.,formigli,input_alias
0001619312,"Lightstone Value Plus REIT IV, Inc.",Lightstone Real Estate Income Trust Inc.,lightstone real estate income trust,input_alias
0001620463,"Athira Pharma, Inc.","M3 Biotechnology, Inc.",m3 biotechnology,input_alias
0001621227,Adaptimmune Therapeutics PLC,Adaptimmune Ltd,adaptimmune,input_alias
0001621672,"Super League Enterprise, Inc.","Nth Games, Inc.",nth games,input_alias
0001621672,"Super League Enterprise, Inc.","Super League Gaming, Inc.",super league gaming,input_alias
0001621906,Western Uranium & Vanadium Corp.,HOMELAND URANIUM INC.,homeland uranium,input_alias
0001621906,Western Uranium & Vanadium Corp.,Western Uranium Corp,western uranium,input_alias
0001622229,"Cogent Biosciences, Inc.",Unum Therapeutics Inc.,unum therapeutics,input_alias
0001622229,"Cogent Biosciences, Inc.","Unum Therapeutics, Inc.",unum therapeutics,input_alias
0001622244,"One World Products, Inc.","One World Pharma, Inc.",one world pharma,input_alias
0001622244,"One World Products, Inc.","PUNTO GROUP, CORP.",punto group,input_alias
0001623526,"Stoke Therapeutics, Inc.","ASOthera Pharmaceuticals, Inc.",asothera pharmaceuticals,input_alias
0001623925,Antero Midstream Corp,Antero Midstream GP LP,antero midstream gp lp,input_alias
0001623925,Antero Midstream Corp,Antero Resources Midstream Management LLC,antero resources midstream management,input_alias
0001624326,PAVmed Inc.,PAXmed Inc.,paxmed,input_alias
0001624512,Boxlight Corp,Logical Choice Corp,logical choice,input_alias
0001624517,Yuenglings Ice Cream Corp,Aureus Inc,aureus,input_alias
0001624517,Yuenglings Ice Cream Corp,"Aureus, Inc.",aureus,input_alias
0001624517,Yuenglings Ice Cream Corp,Yeunglings Ice Cream Corp,yeunglings ice cream,input_alias
0001624794,"CSW INDUSTRIALS, INC.",CSWC Newco Corp.,cswc newco,input_alias
0001624985,Tribal Rides International Corp.,"TriMax Consulting, Inc.",trimax consulting,input_alias
0001624985,Tribal Rides International Corp.,XINDA INTERNATIONAL CORP.,xinda international,input_alias
0001625101,"PULSE BIOSCIENCES, INC.","Electroblate, Inc.",electroblate,input_alias
0001625941,ARES INDUSTRIAL REAL ESTATE INCOME TRUST Inc.,BLACK CREEK INDUSTRIAL REIT IV Inc.,black creek industrial reit iv,input_alias
0001625941,ARES INDUSTRIAL REAL ESTATE INCOME TRUST Inc.,INDUSTRIAL LOGISTICS REALTY TRUST INC.,industrial logistics realty trust,input_alias
0001625941,ARES INDUSTRIAL REAL ESTATE INCOME TRUST Inc.,LOGISTICS PROPERTY TRUST INC.,logistics property trust,input_alias
0001626115,PJT Partners Inc.,Blackstone Advisory Inc.,blackstone advisory,input_alias
0001626644,"Odyssey Health, Inc.","Odyssey Group International, Inc.",odyssey group international,input_alias
0001627223,Chemours Co,"Chemours Company, LLC",chemours company,input_alias
0001627282,CaliberCos Inc.,CaliberCo Inc.,caliberco,input_alias
0001627475,"UPWORK, INC","Elance-oDesk, Inc.",elanceodesk,input_alias
0001630113,BIOTRICITY INC.,"METASOLUTIONS, INC.",metasolutions,input_alias
0001630176,HEALTHY EXTRACTS INC.,GREY CLOAK TECH INC.,grey cloak tech,input_alias
0001630176,HEALTHY EXTRACTS INC.,HEALTHLY EXTRACTS INC.,healthly extracts,input_alias
0001630212,Avalon GloboCare Corp.,GLOBAL TECHNOLOGIES CORP,global technologies,input_alias
0001631282,DATASEA INC.,ROSE ROCK INC.,rose rock,input_alias
0001632790,"ENERGIZER HOLDINGS, INC.","Energizer SpinCo, Inc.",energizer spinco,input_alias
0001632970,"American Healthcare REIT, Inc.","Griffin-American Healthcare REIT 4, Inc.",griffinamerican healthcare reit 4,input_alias
0001632970,"American Healthcare REIT, Inc.","Griffin-American Healthcare REIT IV, Inc.",griffinamerican healthcare reit iv,input_alias
0001633858,Audax Credit BDC Inc.,Audax Senior BDC Inc.,audax senior bdc,input_alias
0001633931,TopBuild Corp,Masco SpinCo Corp.,masco spinco,input_alias
0001634293,"Exceed World, Inc.","Brilliant Acquisition,Inc.",brilliant acquisitioninc,input_alias
0001634452,AB Private Credit Investors Corp,AB Private Credit Corp,ab private credit,input_alias
0001635077,"Aclarion, Inc.","Nocimed, Inc.",nocimed,input_alias
0001635282,"Rimini Street, Inc.",GP Investments Acquisition Corp.,gp investments acquisition,input_alias
0001635327,Flutter Entertainment plc,Amaya Inc.,amaya,input_alias
0001635327,Flutter Entertainment plc,Stars Group Inc.,stars,input_alias
0001636222,Wingstop Inc.,Wing Stop Holdings Corp,wing stop,input_alias
0001636282,"Spyre Therapeutics, Inc.","Aeglea BioTherapeutics, Inc.",aeglea biotherapeutics,input_alias
0001636422,"Health Catalyst, Inc.","HQC Holdings, Inc.",hqc holdings,input_alias
0001636519,Madison Square Garden Sports Corp.,"MSG SPINCO, INC.",msg spinco,input_alias
0001636519,Madison Square Garden Sports Corp.,Madison Square Garden Co,madison square garden,input_alias
0001637459,Kraft Heinz Co,H.J. Heinz Holding Corp,hj heinz,input_alias
0001637715,"OnKure Therapeutics, Inc.","Reneo Pharmaceuticals, Inc.",reneo pharmaceuticals,input_alias
0001637866,"Deep Green Waste & Recycling, Inc.","Evader, Inc.",evader,input_alias
0001638287,MetaVia Inc.,Gemphire Therapeutics Inc.,gemphire therapeutics,input_alias
0001638287,MetaVia Inc.,"NeuroBo Pharmaceuticals, Inc.",neurobo pharmaceuticals,input_alias
0001638290,"MasterCraft Boat Holdings, Inc.","MCBC Holdings, Inc.",mcbc holdings,input_alias
0001639327,Zhuoxun Hongtu Inc.,"Gushen, Inc",gushen,input_alias
0001639691,LivaNova PLC,Sand Holdco Ltd,sand holdco,input_alias
0001639691,LivaNova PLC,Sand Holdco Plc,sand holdco,input_alias
0001640147,Snowflake Inc.,"Snowflake Computing, Inc.",snowflake computing,input_alias
0001641281,"Bolt Biotherapeutics, Inc.","Bolt Therapeutics, Inc.",bolt therapeutics,input_alias
0001641398,GD Culture Group Ltd,Code Chain New Continent Ltd,code chain new continent,input_alias
0001641398,GD Culture Group Ltd,JM Global Holding Co,jm global,input_alias
0001641398,GD Culture Group Ltd,TMSR HOLDING Co Ltd,tmsr,input_alias
0001641614,CPI Card Group Inc.,"CPI Holdings I, Inc.",cpi holdings i,input_alias
0001641631,"Beyond Air, Inc.","AIT Therapeutics, Inc.",ait therapeutics,input_alias
0001641631,"Beyond Air, Inc.","KokiCare, Inc.",kokicare,input_alias
0001642122,"Associated Capital Group, Inc.","Gabelli Securities Group, Inc.",gabelli securities group,input_alias
0001642896,Samsara Inc.,Samsara Networks Inc.,samsara networks,input_alias
0001643154,"iANTHUS CAPITAL HOLDINGS, INC.",GENARCA HOLDINGS LTD,genarca,input_alias
0001643721,"LEAFBUYER TECHNOLOGIES, INC.",AP EVENT INC.,ap event,input_alias
0001643953,"Purple Innovation, Inc.",Global Partner Acquisition Corp.,global partner acquisition,input_alias
0001644378,RMR GROUP INC.,Reit Management & Research Inc.,reit management research,input_alias
0001644903,"cbdMD, Inc.","LEVEL BEAUTY GROUP, INC.",level beauty group,input_alias
0001644903,"cbdMD, Inc.","Level Brands, Inc.",level brands,input_alias
0001645460,"Cue Biopharma, Inc.","Imagen Biopharma, Inc.",imagen biopharma,input_alias
0001645873,"MODIV INDUSTRIAL, INC.",MODIV INC.,modiv,input_alias
0001645873,"MODIV INDUSTRIAL, INC.","RW HOLDINGS NNN REIT, INC.",rw holdings nnn reit,input_alias
0001646188,Ondas Holdings Inc.,ZEV VENTURES INC.,zev ventures,input_alias
0001647088,WillScot Holdings Corp,Double Eagle Acquisition Corp.,double eagle acquisition,input_alias
0001647088,WillScot Holdings Corp,WillScot Mobile Mini Holdings Corp.,willscot mobile mini,input_alias
0001647822,"Jingbo Technology, Inc.",SavMobi Technology Inc.,savmobi technology,input_alias
0001648087,AMERICAN REBEL HOLDINGS INC,CUBESCAPE INC,cubescape,input_alias
0001648960,"DatChat, Inc.","Dat Chat, Inc",dat chat,input_alias
0001649094,"Vaxcyte, Inc.","SutroVax, Inc.",sutrovax,input_alias
0001649739,BayFirst Financial Corp.,First Home Bancorp Inc,first home bancorp,input_alias
0001649749,FB Financial Corp,"First South Bancorp, Inc.",first south bancorp,input_alias
0001649904,"RHYTHM PHARMACEUTICALS, INC.","RHYTHM METABOLIC, INC.",rhythm metabolic,input_alias
0001649989,"Outlook Therapeutics, Inc.","Oncobiologics, Inc.",oncobiologics,input_alias
0001650372,Atlassian Corp,Atlassian Corp Plc,atlassian corp,input_alias
0001651311,Merus N.V.,Merus B.V.,merus bv,input_alias
0001651932,"Xenous Holdings, Inc.",Concept Holding Corp.,concept,input_alias
0001651932,"Xenous Holdings, Inc.",M101 CORP.,m101,input_alias
0001652935,"ACTUATE THERAPEUTICS, INC.","Apotheca Therapeutics, Inc.",apotheca therapeutics,input_alias
0001652958,"Edgemode, Inc.","FOURTH WAVE ENERGY, INC.",fourth wave energy,input_alias
0001652958,"Edgemode, Inc.",PIERRE CORP.,pierre,input_alias
0001652958,"Edgemode, Inc.",Wadena Corp.,wadena,input_alias
0001653384,Runway Growth Finance Corp.,GSV Growth Credit Fund Inc.,gsv growth credit fund,input_alias
0001653384,Runway Growth Finance Corp.,Runway Growth Credit Fund Inc.,runway growth credit fund,input_alias
0001653558,"Priority Technology Holdings, Inc.","M I Acquisitions, Inc.",m i acquisitions,input_alias
0001653653,"Red Rock Resorts, Inc.",Station Casinos Corp.,station casinos,input_alias
0001655050,"Bain Capital Specialty Finance, Inc.",Sankaty Capital Corp,sankaty capital,input_alias
0001655210,"BEYOND MEAT, INC.","Savage River, Inc.",savage river,input_alias
0001655759,"ARVINAS, INC.","ARVINAS HOLDING COMPANY, LLC",arvinas holding company,input_alias
0001655888,Blue Owl Capital Corp,Owl Rock Capital Corp,owl rock capital,input_alias
0001656472,Cronos Group Inc.,PharmaCan Capital Corp.,pharmacan capital,input_alias
0001657045,NEXT-ChemX Corporation.,"AllyMe Group, Inc./NV",allyme group incnv,input_alias
0001657045,NEXT-ChemX Corporation.,Makh Group Corp.,makh,input_alias
0001657045,NEXT-ChemX Corporation.,Wewin Group Corp.,wewin,input_alias
0001657642,"Skyline Bankshares, Inc.",Parkway Acquisition Corp.,parkway acquisition,input_alias
0001657853,"HERTZ GLOBAL HOLDINGS, INC","Hertz Rental Car Holding Company, Inc.",hertz rental car holding company,input_alias
0001658566,Permian Resources Corp,"Centennial Resource Development, Inc.",centennial resource development,input_alias
0001658566,Permian Resources Corp,Silver Run Acquisition Corp,silver run acquisition,input_alias
0001659166,Fortive Corp,TGA Holding Corp.,tga,input_alias
0001661053,enVVeno Medical Corp,"Hancock Jaffe Laboratories, Inc.",hancock jaffe laboratories,input_alias
0001661181,Organogenesis Holdings Inc.,Avista Healthcare Public Acquisition Corp.,avista healthcare public acquisition,input_alias
0001661600,SATIVUS TECH CORP.,GRCR Partners Inc,grcr partners,input_alias
0001661600,SATIVUS TECH CORP.,SEEDO CORP.,seedo,input_alias
0001661998,Q32 Bio Inc.,"Homology Medicines, Inc.",homology medicines,input_alias
0001662684,"KULR Technology Group, Inc.",Grant Hill Acquisition Corp,grant hill acquisition,input_alias
0001662684,"KULR Technology Group, Inc.",KT High-Tech Marketing Inc.,kt hightech marketing,input_alias
0001662774,"Quince Therapeutics, Inc.","Cortexyme, Inc.",cortexyme,input_alias
0001662972,"Blackstone Real Estate Income Trust, Inc.","Royal Blue Trust, Inc.",royal blue trust,input_alias
0001663038,Quantumzyme Corp.,Reliant Service Inc,reliant service,input_alias
0001663244,COMM 2016-DC2 Mortgage Trust,COMM 2016-D2 Mortgage Trust,comm 2016d2 mortgage trust,input_alias
0001665300,"Phunware, Inc.",Stellar Acquisition III Inc.,stellar acquisition iii,input_alias
0001666138,Atkore Inc.,Atkore International Group Inc.,atkore international,input_alias
0001666244,"Cantor Fitzgerald Income Trust, Inc.","RODIN GLOBAL ACCESS PROPERTY TRUST, INC.",rodin global access property trust,input_alias
0001666244,"Cantor Fitzgerald Income Trust, Inc.","RODIN GLOBAL PROPERTY TRUST, INC.",rodin global property trust,input_alias
0001666700,"DuPont de Nemours, Inc.",DowDuPont Inc.,dowdupont,input_alias
0001669779,"Camping World Holdings, Inc.","CWGS, Inc.",cwgs,input_alias
0001671284,"NeueHealth, Inc.",Bright Health Group Inc.,bright health,input_alias
0001671284,"NeueHealth, Inc.",Bright Health Inc.,bright health,input_alias
0001671858,"ARS Pharmaceuticals, Inc.","Silverback Therapeutics, Inc.",silverback therapeutics,input_alias
0001672571,Antiaging Quantum Living Inc.,Achison Inc,achison,input_alias
0001672619,"Enliven Therapeutics, Inc.",IMARA Inc.,imara,input_alias
0001672909,Canterbury Park Holding Corp,New Canterbury Park Holding Corp,new canterbury park,input_alias
0001673358,"Yum China Holdings, Inc.","Yum! China Holding, Inc.",yum china holding,input_alias
0001673475,"GPO Plus, Inc.",GLOBAL HOUSE HOLDINGS LTD.,global house,input_alias
0001673475,"GPO Plus, Inc.",KOLDECK INC.,koldeck,input_alias
0001673481,Lottery.com Inc.,Trident Acquisitions Corp.,trident acquisitions,input_alias
0001673772,"RAPT Therapeutics, Inc.","FLX Bio, Inc.",flx bio,input_alias
0001674101,Vertiv Holdings Co,GS Acquisition Holdings Corp,gs acquisition,input_alias
0001674227,SCWorx Corp.,"Alliance MMA, Inc.",alliance mma,input_alias
0001674440,Connexa Sports Technologies Inc.,Slinger Bag Inc.,slinger bag,input_alias
0001674862,ASHLAND INC.,ASHLAND GLOBAL HOLDINGS INC,ashland global,input_alias
0001674930,"Fulgent Genetics, Inc.","Fulgent Diagnostics, Inc.",fulgent diagnostics,input_alias
0001675149,Alcoa Corp,Alcoa Upstream Corp,alcoa upstream,input_alias
0001676163,"SS Innovations International, Inc.","AVRA Medical Robotics, Inc.",avra medical robotics,input_alias
0001676238,"Braze, Inc.","Appboy, Inc.",appboy,input_alias
0001677576,INNOVATIVE INDUSTRIAL PROPERTIES INC,INNOVATIVE GREENHOUSE PROPERTIES INC,innovative greenhouse properties,input_alias
0001679049,"International Seaways, Inc.","OSG International, INC",osg international,input_alias
0001679688,"DigitalBridge Group, Inc.","Colony Capital, Inc.",colony capital,input_alias
0001679688,"DigitalBridge Group, Inc.","Colony NorthStar, Inc.",colony northstar,input_alias
0001679817,"OZOP ENERGY SOLUTIONS, INC.",Newmarkt Corp.,newmarkt,input_alias
0001679817,"OZOP ENERGY SOLUTIONS, INC.",OZOP SURGICAL CORP.,ozop surgical,input_alias
0001681087,"Tectonic Therapeutic, Inc.","AVROBIO, Inc.",avrobio,input_alias
0001681087,"Tectonic Therapeutic, Inc.","AvroBio, Inc.",avrobio,input_alias
0001681682,ENDRA Life Sciences Inc.,Endra Inc.,endra,input_alias
0001682149,Datavault AI Inc.,Summit Semiconductor Inc.,summit semiconductor,input_alias
0001682149,Datavault AI Inc.,"Summit Wireless Technologies, Inc.",summit wireless technologies,input_alias
0001682149,Datavault AI Inc.,"WISA TECHNOLOGIES, INC.",wisa technologies,input_alias
0001682265,Onar Holding Corp,"Reliant Holdings, Inc.",reliant holdings,input_alias
0001682745,VERRA MOBILITY Corp,"Gores Holdings II, Inc.",gores holdings ii,input_alias
0001682852,"Moderna, Inc.","Moderna Therapeutics, Inc.",moderna therapeutics,input_alias
0001683695,"International Money Express, Inc.",Fintech Acquisition Corp. II,fintech acquisition corp ii,input_alias
0001684144,Zomedica Corp.,Zomedica Pharmaceuticals Corp.,zomedica pharmaceuticals,input_alias
0001687542,"Freight Technologies, Inc.","China Internet Nationwide Financial Services, Inc.",china internet nationwide financial services,input_alias
0001687542,"Freight Technologies, Inc.",Hudson Capital Inc.,hudson capital,input_alias
0001687926,"ZEUUS, INC.",Kriptech International Corp.,kriptech international,input_alias
0001687932,"J.Jill, Inc.",Jill Intermediate LLC,jill intermediate,input_alias
0001688126,Crypto Co,"CROE, INC.",croe,input_alias
0001688568,DXC Technology Co,"Everett SpinCo, Inc.",everett spinco,input_alias
0001689084,Qrons Inc.,BIOLABMART INC.,biolabmart,input_alias
0001689375,"Entrada Therapeutics, Inc.","CycloPorters, Inc.",cycloporters,input_alias
0001689796,JBG SMITH Properties,Vornado DC Spinco,vornado dc spinco,input_alias
0001690080,180 Life Sciences Corp.,KBL MERGER CORP. IV,kbl merger corp iv,input_alias
0001690536,"FS Credit Real Estate Income Trust, Inc.","FS Real Estate Credit Income Trust, Inc.",fs real estate credit income trust,input_alias
0001690585,"Dianthus Therapeutics, Inc. /DE/","Magenta Therapeutics, Inc.",magenta therapeutics,input_alias
0001690680,"NEWMARK GROUP, INC.","NRE DELAWARE, INC.",nre delaware,input_alias
0001692412,Playa Hotels & Resorts N.V.,Porto Holdco B.V.,porto holdco bv,input_alias
0001692787,Kinetik Holdings Inc.,Altus Midstream Co,altus midstream,input_alias
0001692787,Kinetik Holdings Inc.,Kayne Anderson Acquisition Corp,kayne anderson acquisition,input_alias
0001692819,Vistra Corp.,Vistra Energy Corp,vistra energy,input_alias
0001692819,Vistra Corp.,Vistra Energy Corp.,vistra energy,input_alias
0001693256,"Select Water Solutions, Inc.","Select Energy Services, Inc.",select energy services,input_alias
0001693687,GREENLIT VENTURES INC.,AllyMe Holding Inc.,allyme,input_alias
0001693687,GREENLIT VENTURES INC.,"MS YOUNG ADVENTURE ENTERPRISE, INC.",ms young adventure enterprise,input_alias
0001693687,GREENLIT VENTURES INC.,Rain Sound Acquisition Corp,rain sound acquisition,input_alias
0001694028,Liberty Energy Inc.,Liberty Oilfield Services Inc.,liberty oilfield services,input_alias
0001694426,"Delek US Holdings, Inc.","Delek Holdco, Inc.",delek holdco,input_alias
0001694617,"Royale Energy, Inc.","Royale Energy Holdings, Inc.",royale energy holdings,input_alias
0001695295,"HYDROFARM HOLDINGS GROUP, INC.",Innovation Acquisition One Corp,innovation acquisition one,input_alias
0001697500,"Solaris Energy Infrastructure, Inc.","Solaris Oilfield Infrastructure, Inc.",solaris oilfield infrastructure,input_alias
0001697851,"Rekor Systems, Inc.","Novume Solutions, Inc.",novume solutions,input_alias
0001698530,"EXICURE, INC.",Max-1 Acquisition Corp,max1 acquisition,input_alias
0001698538,"Strategic Student & Senior Housing Trust, Inc.","Strategic Student Senior & Storage Trust, Inc.",strategic student senior storage trust,input_alias
0001698990,Magnolia Oil & Gas Corp,TPG Pace Energy Holdings Corp.,tpg pace energy,input_alias
0001698991,"Accel Entertainment, Inc.",TPG Pace Holdings Corp.,tpg pace,input_alias
0001699150,Ingersoll Rand Inc.,"GARDNER DENVER HOLDINGS, INC.",gardner denver holdings,input_alias
0001700844,EvoAir Holdings Inc.,UNEX HOLDINGS INC.,unex,input_alias
0001701541,"Black Diamond Therapeutics, Inc.","Aset Therapeutics, Inc.",aset therapeutics,input_alias
0001701605,Baker Hughes Co,Baker Hughes a GE Co,baker hughes a ge,input_alias
0001701605,Baker Hughes Co,"Bear Newco, Inc.",bear newco,input_alias
0001701732,Altair Engineering Inc.,Altair Engineering Ing.,altair engineering ing,input_alias
0001701756,Sadot Group Inc.,"Muscle Maker, Inc.",muscle maker,input_alias
0001703056,ADT Inc.,"Prime Security Services Parent, Inc.",prime security services parent,input_alias
0001703157,"Securetech Innovations, Inc.","Securetech, Inc.",securetech,input_alias
0001703647,"Korro Bio, Inc.","Frequency Therapeutics, Inc.",frequency therapeutics,input_alias
0001703956,"Concrete Pumping Holdings, Inc.",Industrea Acquisition Corp.,industrea acquisition,input_alias
0001704715,"Alpha Metallurgical Resources, Inc.","Contura Energy, Inc.",contura energy,input_alias
0001705110,Angi Inc.,ANGI Homeservices Inc.,angi homeservices,input_alias
0001705110,Angi Inc.,"Halo TopCo, Inc.",halo topco,input_alias
0001705843,"Cibus, Inc.","Calyxt, Inc.",calyxt,input_alias
0001705873,Berry Corp (bry),Berry Petroleum Corp,berry petroleum,input_alias
0001706946,"Virgin Galactic Holdings, Inc",Social Capital Hedosophia Holdings Corp.,social capital hedosophia,input_alias
0001706946,"Virgin Galactic Holdings, Inc","Virgin Galactic Vehicle Holdings, Inc",virgin galactic vehicle holdings,input_alias
0001707753,Elastic N.V.,ELasticsearch Global BV,elasticsearch global bv,input_alias
0001707753,Elastic N.V.,Elastic B.V.,elastic bv,input_alias
0001707753,Elastic N.V.,Elasticsearch Global BV,elasticsearch global bv,input_alias
0001707925,LINDE PLC,PRAXAIR,praxair,input_alias
0001707925,LINDE PLC,ZAMALIGHT PLC,zamalight,input_alias
0001708035,Ecovyst Inc.,PQ Group Holdings Inc.,pq,input_alias
0001708055,Ribbon Communications Inc.,"Solstice Sapphire Investments, Inc.",solstice sapphire investments,input_alias
0001708055,Ribbon Communications Inc.,"Sonus Networks, Inc.",sonus networks,input_alias
0001708176,Hall of Fame Resort & Entertainment Co,Gordon Pointe Acquisition Corp.,gordon pointe acquisition,input_alias
0001708176,Hall of Fame Resort & Entertainment Co,Gordon Pointe Acqusition Corp.,gordon pointe acqusition,input_alias
0001708341,Allied Gaming & Entertainment Inc.,"Allied Esports Entertainment, Inc.",allied esports entertainment,input_alias
0001708341,Allied Gaming & Entertainment Inc.,Black Ridge Acquisition Corp.,black ridge acquisition,input_alias
0001708527,ELUTIA INC.,"AZIYO BIOLOGICS, INC.",aziyo biologics,input_alias
0001708599,"Serina Therapeutics, Inc.","AgeX Therapeutics, Inc.",agex therapeutics,input_alias
0001709628,"CLOUDASTRUCTURE, INC.",Connexed Technologies Inc.,connexed technologies,input_alias
0001709682,"Custom Truck One Source, Inc.",Capitol Investment Corp. IV,capitol investment corp iv,input_alias
0001709682,"Custom Truck One Source, Inc.","NESCO HOLDINGS, INC.",nesco holdings,input_alias
0001710350,"Bit Digital, Inc",Golden Bull Ltd,golden bull,input_alias
0001710366,"Core Natural Resources, Inc.",CONSOL Energy Inc.,consol energy,input_alias
0001710366,"Core Natural Resources, Inc.",CONSOL Mining Corp,consol mining,input_alias
0001711269,"Evergy, Inc.","Monarch Energy Holding, Inc.",monarch energy holding,input_alias
0001712184,Liberty Latin America Ltd.,LatAm Splitco Ltd.,latam splitco,input_alias
0001712189,Target Hospitality Corp.,Platinum Eagle Acquisition Corp.,platinum eagle acquisition,input_alias
0001712463,Ranpak Holdings Corp.,One Madison Corp,one madison,input_alias
0001716166,"Vivos Therapeutics, Inc.","Vivos BioTechnologies, Inc.",vivos biotechnologies,input_alias
0001716621,"Catheter Precision, Inc.","Ra Medical Systems, Inc.",ra medical systems,input_alias
0001716947,"Ensysce Biosciences, Inc.",Leisure Acquisition Corp.,leisure acquisition,input_alias
0001717115,"Tempus AI, Inc.","Tempus Labs, Inc.",tempus labs,input_alias
0001717310,"Venture Lending & Leasing IX, Inc.","Venture Lending & Leasing Fund IX, Inc.",venture lending leasing fund ix,input_alias
0001717547,"BrightSpire Capital, Inc.","Colony Credit Real Estate, Inc.",colony credit real estate,input_alias
0001717547,"BrightSpire Capital, Inc.","Colony NorthStar Credit Real Estate, Inc.",colony northstar credit real estate,input_alias
0001718224,"BT Brands, Inc.","Burger Time, Inc.",burger time,input_alias
0001718224,"BT Brands, Inc.","Burger Time,Inc.",burger timeinc,input_alias
0001718405,HYCROFT MINING HOLDING CORP,Mudrick Capital Acquisition Corp,mudrick capital acquisition,input_alias
0001718500,"Axil Brands, Inc.",Reviv3 Procare Co,reviv3 procare,input_alias
0001719406,"NRX Pharmaceuticals, Inc.",Big Rock Partners Acquisition Corp.,big rock partners acquisition,input_alias
0001720286,INTERNET SCIENCES INC.,Luxury Trine Digital Media Group,luxury trine digital media,input_alias
0001720286,INTERNET SCIENCES INC.,Luxury Trine Digital Media Group Inc.,luxury trine digital media,input_alias
0001720580,"Adicet Bio, Inc.","resTORbio, Inc.",restorbio,input_alias
0001720592,Repay Holdings Corp,Thunder Bridge Acquisition Ltd,thunder bridge acquisition,input_alias
0001721386,Landsea Homes Corp,LF Capital Acquisition Corp.,lf capital acquisition,input_alias
0001721741,"Lazydays Holdings, Inc.",Andina II Holdco Corp.,andina ii holdco,input_alias
0001721947,Jamf Holding Corp.,"JUNO TOPCO, INC.",juno topco,input_alias
0001722194,Benchmark 2018-B1 Mortgage Trust,BMARK 2018-B1 Mortgage Trust,bmark 2018b1 mortgage trust,input_alias
0001722194,Benchmark 2018-B1 Mortgage Trust,DBJPM 2017-C8 Mortgage Trust,dbjpm 2017c8 mortgage trust,input_alias
0001722482,"Avantor, Inc.",Vail Holdco Corp,vail holdco,input_alias
0001722731,"FDCTECH, INC.","FDC TECH, INC.",fdc tech,input_alias
0001722731,"FDCTECH, INC.",Forex Development Corp.,forex development,input_alias
0001723089,ChampionX Corp,Apergy Corp,apergy,input_alias
0001723089,ChampionX Corp,Wellsite Corp,wellsite,input_alias
0001723128,"Amneal Pharmaceuticals, Inc.","Atlas Holdings, Inc.",atlas holdings,input_alias
0001723788,Bitwise 10 Crypto Index Fund,"Bitwise 10 Private Index Fund, LLC",bitwise 10 private index fund,input_alias
0001723788,Bitwise 10 Crypto Index Fund,"Bitwise HOLD10 Private Index Fund, LLC",bitwise hold10 private index fund,input_alias
0001723788,Bitwise 10 Crypto Index Fund,"Bitwise Hold 10 Private Index Fund, LLC",bitwise hold 10 private index fund,input_alias
0001724965,TALOS ENERGY INC.,SAILFISH ENERGY HOLDINGS Corp,sailfish energy,input_alias
0001725057,"Dayforce, Inc.",Ceridian HCM Holding Inc.,ceridian hcm,input_alias
0001725160,"Zentalis Pharmaceuticals, Inc.","Zeno Pharma, LLC",zeno pharma,input_alias
0001725255,AdaptHealth Corp.,DFB Healthcare Acquisitions Corp.,dfb healthcare acquisitions,input_alias
0001725430,INTELLIGENT BIO SOLUTIONS INC.,GBS Inc.,gbs,input_alias
0001725430,INTELLIGENT BIO SOLUTIONS INC.,"Glucose Biosensor Systems (Greater China) Holdings, Inc.",glucose biosensor systems greater china holdings,input_alias
0001726079,"Lucent, Inc.","Tipmefast, Inc.",tipmefast,input_alias
0001726173,Biglari Holdings Inc.,NBHSA Inc.,nbhsa,input_alias
0001726445,"Seer, Inc.","Seer Biosciences, Inc.",seer biosciences,input_alias
0001726711,"Aditxt, Inc.","ADiTx Therapeutics, Inc.",aditx therapeutics,input_alias
0001726711,"Aditxt, Inc.","Aditx Therapeutics, Inc.",aditx therapeutics,input_alias
0001727263,"Frontdoor, Inc.","AHS Holding Company, Inc.",ahs holding company,input_alias
0001729637,Karbon-X Corp.,COCOLUV INC.,cocoluv,input_alias
0001729944,"IMAC Holdings, Inc.",IMAC HOLDINGS LLC,imac,input_alias
0001730430,"Kiniksa Pharmaceuticals International, plc","Kiniksa Pharmaceuticals, Ltd.",kiniksa pharmaceuticals,input_alias
0001730773,Blue Star Foods Corp.,"AG ACQUISITION GROUP II, INC.",ag acquisition group ii,input_alias
0001731289,Nikola Corp,VectoIQ Acquisition Corp.,vectoiq acquisition,input_alias
0001731348,"Tilray Brands, Inc.","Tilray, Inc.",tilray,input_alias
0001732406,Grayscale Litecoin Trust (LTC),Litecoin Investment Trust,litecoin investment trust,input_alias
0001732409,Grayscale Bitcoin Cash Trust (BCH),Bitcoin Cash Investment Trust,bitcoin cash investment trust,input_alias
0001733443,"5&2 Studios, Inc.","Chosen, Inc.",chosen,input_alias
0001733443,"5&2 Studios, Inc.","Chosen, LLC",chosen,input_alias
0001734342,Amerant Bancorp Inc.,Mercantil Bank Holding Corp,mercantil bank,input_alias
0001734750,Movano Inc.,Maestro Sensors Inc.,maestro sensors,input_alias
0001735041,Greenland Technologies Holding Corp.,Greenland Acquisition Corp.,greenland acquisition,input_alias
0001735707,Garrett Motion Inc.,Garrett Transportation Systems Inc.,garrett transportation systems,input_alias
0001736035,Blackstone Secured Lending Fund,Blackstone / GSO Secured Lending Fund,blackstone gso secured lending fund,input_alias
0001737193,Luduson G Inc.,"Baja Custom Design, Inc.",baja custom design,input_alias
0001737523,BioNexus Gene Lab Corp,BioNexus Gene Lab Coporation,bionexus gene lab coporation,input_alias
0001737706,Seadrill Ltd,NEW SDRL LTD.,new sdrl,input_alias
0001737924,Nuveen Churchill Direct Lending Corp.,Nuveen Churchill BDC INC.,nuveen churchill bdc,input_alias
0001737924,Nuveen Churchill Direct Lending Corp.,Nuveen Churchill BDC LLC,nuveen churchill bdc,input_alias
0001738021,"Compass Therapeutics, Inc.","Olivia Ventures, Inc.",olivia ventures,input_alias
0001738827,"KLX Energy Services Holdings, Inc.",KLX Energy Services Inc.,klx energy services,input_alias
0001739174,BiomX Inc.,Chardan Healthcare Acquisition Corp.,chardan healthcare acquisition,input_alias
0001739410,Rallybio Corp,"Rallybio Holdings, LLC",rallybio holdings,input_alias
0001739566,"Utz Brands, Inc.",Collier Creek Holdings,collier creek,input_alias
0001739940,Cigna Group,"Halfmoon Parent, Inc.",halfmoon parent,input_alias
0001739942,SolarWinds Corp,"SolarWinds Parent, Inc.",solarwinds parent,input_alias
0001740279,"IN8BIO, INC.","Incysus Therapeutics, Inc.",incysus therapeutics,input_alias
0001740332,"RESIDEO TECHNOLOGIES, INC.",HH Spinco Inc.,hh spinco,input_alias
0001740797,AVANT TECHNOLOGIES INC.,FREECOOK,freecook,input_alias
0001740797,AVANT TECHNOLOGIES INC.,TREND INNOVATIONS HOLDING INC.,trend innovations,input_alias
0001741489,"Elvictor Group, Inc.","Thenablers, Inc.",thenablers,input_alias
0001742927,"REVIVA PHARMACEUTICALS HOLDINGS, INC.",Tenzing Acquisition Corp.,tenzing acquisition,input_alias
0001743725,"GRID DYNAMICS HOLDINGS, INC.",ChaSerg Technology Acquisition Corp,chaserg technology acquisition,input_alias
0001744489,Walt Disney Co,TWDC Holdco 613 Corp,twdc holdco 613,input_alias
0001744489,Walt Disney Co,TWDC Holdco 613 Corp.,twdc holdco 613,input_alias
0001744494,"ADVENT TECHNOLOGIES HOLDINGS, INC.",AMCI Acquisition Corp.,amci acquisition,input_alias
0001745916,"PennyMac Financial Services, Inc.","New PennyMac Financial Services, Inc.",new pennymac financial services,input_alias
0001746109,Bank First Corp,Bank First National Corp,bank first national,input_alias
0001746119,Vanguard Green Investment Ltd,MU GLOBAL HOLDING Ltd,mu global,input_alias
0001746618,"Revolve Group, Inc.","Advance Holdings, LLC",advance holdings,input_alias
0001747079,Bally's Corp,"Twin River Worldwide Holdings, Inc.",twin river worldwide holdings,input_alias
0001747777,Blue Owl Technology Finance Corp.,Owl Rock Technology Finance Corp.,owl rock technology finance,input_alias
0001748790,Amcor plc,ARCTIC JERSEY Ltd,arctic jersey,input_alias
0001748824,Acadian Asset Management Inc.,BrightSphere Investment Group Inc.,brightsphere investment,input_alias
0001748824,Acadian Asset Management Inc.,BrightSphere US Inc.,brightsphere us,input_alias
0001748945,Grayscale Horizen Trust (ZEN),Zen Investment Trust,zen investment trust,input_alias
0001749723,New Fortress Energy Inc.,NFE Financial Holdings LLC,nfe financial,input_alias
0001750106,Alset Inc.,Alset EHome International Inc.,alset ehome international,input_alias
0001750106,Alset Inc.,HF Enterprises Inc.,hf enterprises,input_alias
0001751707,OZ VISION INC.,United Express Inc.,united express,input_alias
0001752363,DBGS 2018-C1 Mortgage Trust,DBGS 2018-1 Mortgage Trust,dbgs 20181 mortgage trust,input_alias
0001752828,Celularity Inc,GX Acquisition Corp.,gx acquisition,input_alias
0001753373,"M2i Global, Inc.",INKY INC.,inky,input_alias
0001753539,BlackSky Technology Inc.,Osprey Acquisition Corp. II,osprey acquisition corp ii,input_alias
0001753539,BlackSky Technology Inc.,Osprey Energy Acquisition Corp. II,osprey energy acquisition corp ii,input_alias
0001753539,BlackSky Technology Inc.,Osprey Technology Acquisition Corp.,osprey technology acquisition,input_alias
0001754068,"Allovir, Inc.","ViraCyte, Inc.",viracyte,input_alias
0001754170,AerSale Corp,Monocle Acquisition Corp,monocle acquisition,input_alias
0001754301,Fox Corp,"NEW FOX, INC.",new fox,input_alias
0001755953,"Gryphon Digital Mining, Inc.",Akerna Corp.,akerna,input_alias
0001755953,"Gryphon Digital Mining, Inc.",MTech Acquisition Holdings Inc.,mtech acquisition,input_alias
0001757073,Envista Holdings Corp,DH Dental Holding Corp.,dh dental,input_alias
0001757715,"Aterian, Inc.","Mohawk Group Holdings, Inc.",mohawk group holdings,input_alias
0001758057,"Luminar Technologies, Inc./DE","Gores Metropoulos, Inc.",gores metropoulos,input_alias
0001758057,"Luminar Technologies, Inc./DE","Luminar Technologies, Inc./FL",luminar technologies incfl,input_alias
0001758766,"STEM, INC.",Roaring Fork Acquisition Corp.,roaring fork acquisition,input_alias
0001758766,"STEM, INC.",Star Peak Energy Acquisition Corp.,star peak energy acquisition,input_alias
0001758766,"STEM, INC.",Star Peak Energy Transition Corp.,star peak energy transition,input_alias
0001759186,"Coeptis Therapeutics Holdings, Inc.",Bull Horn Holdings Corp.,bull horn,input_alias
0001759546,NU RIDE INC.,DiamondPeak Holdings Corp.,diamondpeak,input_alias
0001759546,NU RIDE INC.,Lordstown Motors Corp.,lordstown motors,input_alias
0001759631,Hyliion Holdings Corp.,Tortoise Acquisition Corp.,tortoise acquisition,input_alias
0001759655,"Privia Health Group, Inc.",PH Group Parent Corp.,ph group parent,input_alias
0001759824,ALTA EQUIPMENT GROUP INC.,B. Riley Principal Merger Corp.,b riley principal merger,input_alias
0001760026,Regenerative Medical Technology Group Inc.,"MESO NUMISMATICS, INC.",meso numismatics,input_alias
0001760233,"GIFTIFY, INC.","Incumaker, Inc.",incumaker,input_alias
0001760233,"GIFTIFY, INC.","RDE, Inc.",rde,input_alias
0001760233,"GIFTIFY, INC.","uBid Holdings, Inc./New",ubid holdings incnew,input_alias
0001760689,"Microvast Holdings, Inc.",Tuscan Holdings Corp.,tuscan,input_alias
0001760903,"Safety Shot, Inc.","CBD Brands, Inc.",cbd brands,input_alias
0001760903,"Safety Shot, Inc.","Jupiter Wellness, Inc.",jupiter wellness,input_alias
0001761312,"Palomar Holdings, Inc.",GC Palomar Holdings,gc palomar,input_alias
0001761325,Grayscale Stellar Lumens Trust (XLM),Stellar Lumens Investment Trust,stellar lumens investment trust,input_alias
0001762239,"Kaival Brands Innovations Group, Inc.","Quick Start Holdings, Inc.",quick start holdings,input_alias
0001763329,"AIBOTICS, INC.","20/20 Global, Inc.",2020 global,input_alias
0001763329,"AIBOTICS, INC.","Mycotopia Therapies, Inc.",mycotopia therapies,input_alias
0001763415,Bitwise Bitcoin ETF,BITWISE BITCOIN ETF TRUST,bitwise bitcoin etf trust,input_alias
0001763415,Bitwise Bitcoin ETF,BITWISE BITCOIN ETP TRUST,bitwise bitcoin etp trust,input_alias
0001763415,Bitwise Bitcoin ETF,Bitwise Bitcoin ETF Trust,bitwise bitcoin etf trust,input_alias
0001763501,JPMCC Commercial Mortgage Securities Trust 2019-COR4,JPMDB Commercial Mortgage Securities Trust 2019-COR4,jpmdb commercial mortgage securities trust 2019cor4,input_alias
0001764013,"Immunovant, Inc.",Health Sciences Acquisitions Corp,health sciences acquisitions,input_alias
0001764046,CLARIVATE PLC,Clarivate Analytics PLC,clarivate analytics,input_alias
0001766037,"NMF SLF I, Inc.","NMF Senior Loan Fund I, Inc.",nmf senior loan fund i,input_alias
0001766368,"Mayville Engineering Company, Inc.","Mayville Engineering Comapny, Inc.",mayville engineering comapny,input_alias
0001766478,"Angel Oak Mortgage REIT, Inc.","Angel Oak Mortgage, Inc.",angel oak mortgage,input_alias
0001766526,"Tectonic Financial, Inc.","T Acquisition, Inc.",t acquisition,input_alias
0001766660,Morgan Stanley Capital I Trust 2019-L2,Morgan Stanley Capital I Trust 2019-H5,morgan stanley capital i trust 2019h5,input_alias
0001767042,"Kodiak Gas Services, Inc.","Frontier TopCo, Inc.",frontier topco,input_alias
0001768267,Cerence Inc.,"Diamond SpinCo, LLC",diamond spinco,input_alias
0001768446,"Climb Bio, Inc.","Eliem Therapeutics, Inc.",eliem therapeutics,input_alias
0001769617,"HarborOne Bancorp, Inc.","HarborOne Bancorp, Inc./NEW",harborone bancorp incnew,input_alias
0001769617,"HarborOne Bancorp, Inc.","HarborOne NorthEast Bancorp, Inc.",harborone northeast bancorp,input_alias
0001769759,Monogram Technologies Inc.,MONOGRAM ORTHOPAEDICS INC,monogram orthopaedics,input_alias
0001771200,CF 2019-CF1 Mortgage Trust,CF 2019-C1 Mortgage Trust,cf 2019c1 mortgage trust,input_alias
0001771706,Vireo Growth Inc.,"Goodness Growth Holdings, Inc.",goodness growth holdings,input_alias
0001771706,Vireo Growth Inc.,"Vireo Health International, Inc.",vireo health international,input_alias
0001771995,American Picture House Corp,Life Design Station International Inc,life design station international,input_alias
0001772720,SPRUCE POWER HOLDING CORP,Pivotal Investment Corp II,pivotal investment corp ii,input_alias
0001772720,SPRUCE POWER HOLDING CORP,XL Fleet Corp.,xl fleet,input_alias
0001773751,"Hims & Hers Health, Inc.",Oaktree Acquisition Corp.,oaktree acquisition,input_alias
0001774675,Skillsoft Corp.,Churchill Capital Corp II,churchill capital corp ii,input_alias
0001774675,Skillsoft Corp.,Hornblower Acquisition Corp,hornblower acquisition,input_alias
0001775194,"UPEXI, INC.","GROVE, INC.",grove,input_alias
0001775734,Beneficient,"Beneficient Co Group, L.P.",beneficient co group lp,input_alias
0001776661,Advantage Solutions Inc.,Conyers Park II Acquisition Corp.,conyers park ii acquisition,input_alias
0001776909,CuriosityStream Inc.,Software Acquisition Group Inc.,software acquisition,input_alias
0001777319,"CISO Global, Inc.",CERBERUS CYBER SENTINEL CORP,cerberus cyber sentinel,input_alias
0001777393,"ChargePoint Holdings, Inc.",Switchback Energy Acquisition Corp,switchback energy acquisition,input_alias
0001777835,Perella Weinberg Partners,FinTech Acquisition Corp. IV,fintech acquisition corp iv,input_alias
0001777921,"AvePoint, Inc.",Apex Technology Acquisition Corp,apex technology acquisition,input_alias
0001779128,"Blade Air Mobility, Inc.",Experience Investment Corp.,experience investment,input_alias
0001779474,"WM TECHNOLOGY, INC.",Silver Spike Acquisition Corp.,silver spike acquisition,input_alias
0001780312,"AST SpaceMobile, Inc.",New Providence Acquisition Corp.,new providence acquisition,input_alias
0001781162,Momentus Inc.,Stable Road Acquisition Corp.,stable road acquisition,input_alias
0001781755,"Baldwin Insurance Group, Inc.","BRP Group, Inc.",brp group,input_alias
0001782107,"Onconetix, Inc.","Blue Water Biotech, Inc.",blue water biotech,input_alias
0001782107,"Onconetix, Inc.",Blue Water Vaccines Inc.,blue water vaccines,input_alias
0001782524,Morgan Stanley Direct Lending Fund,Morgan Stanley BDC LLC,morgan stanley bdc,input_alias
0001783398,UWM Holdings Corp,"Gores Holdings IV, Inc.",gores holdings iv,input_alias
0001784535,"Porch Group, Inc.",PropTech Acquisition Corp,proptech acquisition,input_alias
0001784970,Next Technology Holding Inc.,WETRADE GROUP INC.,wetrade,input_alias
0001784970,Next Technology Holding Inc.,WeTrade Group Inc.,wetrade,input_alias
0001785279,"Metagenomi, Inc.","Metagenomi Technologies, LLC",metagenomi technologies,input_alias
0001785424,"Katapult Holdings, Inc.",FinServ Acquisition Corp.,finserv acquisition,input_alias
0001785493,RHINO BITCOIN INC.,Phoenix Plus Corp.,phoenix plus,input_alias
0001785592,"Leafly Holdings, Inc. /DE",Merida Merger Corp. I,merida merger corp i,input_alias
0001786352,"BILL Holdings, Inc.","Bill.com Holdings, Inc.",billcom holdings,input_alias
0001786835,Star Mountain Lower Middle-Market Capital Corp,"Star Mountain Credit Opportunities Fund, LP",star mountain credit opportunities fund lp,input_alias
0001786842,Vontier Corp,TTF Holdings Corp.,ttf,input_alias
0001787306,"Arcutis Biotherapeutics, Inc.","Arcutis, Inc.",arcutis,input_alias
0001787518,Nukkleus Inc.,Brilliant Acquisition Corp,brilliant acquisition,input_alias
0001788028,"Jasper Therapeutics, Inc.",Amplitude Healthcare Acquisition Corp,amplitude healthcare acquisition,input_alias
0001788841,micromobility.com Inc.,GreenVision Acquisition Corp.,greenvision acquisition,input_alias
0001788841,micromobility.com Inc.,"Helbiz, Inc.",helbiz,input_alias
0001788882,"Root, Inc.","Root Stockholdings, Inc.",root stockholdings,input_alias
0001788999,Xperi Inc.,TiVo Product HoldCo LLC,tivo product holdco,input_alias
0001789029,"Aeva Technologies, Inc.",InterPrivate Acquisition Corp.,interprivate acquisition,input_alias
0001789192,"N2OFF, Inc.",Save Foods Inc.,save foods,input_alias
0001789192,"N2OFF, Inc.","Save Foods, Inc.",save foods,input_alias
0001789940,"First Watch Restaurant Group, Inc.","AI Fresh Super Holdco, Inc.",ai fresh super holdco,input_alias
0001789940,"First Watch Restaurant Group, Inc.","Al Fresh Super Holdco, Inc.",al fresh super holdco,input_alias
0001789972,"Cullinan Therapeutics, Inc.","Cullinan Management, Inc.",cullinan management,input_alias
0001789972,"Cullinan Therapeutics, Inc.","Cullinan Oncology, Inc.",cullinan oncology,input_alias
0001789972,"Cullinan Therapeutics, Inc.","Cullinan Oncology, LLC",cullinan oncology,input_alias
0001791295,Morgan Stanley Capital I Trust 2019-L3,MSC 2019-L3,msc 2019l3,input_alias
0001792044,Viatris Inc,Upjohn Inc,upjohn,input_alias
0001792158,JPMDB Commercial Mortgage Securities Trust 2019-COR6,JPMCC Commercial Mortgage Securities Trust 2019-COR6,jpmcc commercial mortgage securities trust 2019cor6,input_alias
0001792509,TriplePoint Private Venture Credit Inc.,"TriplePoint Global Venture Credit, LLC",triplepoint global venture credit,input_alias
0001792580,Ovintiv Inc.,1847432 Alberta ULC,1847432 alberta ulc,input_alias
0001792581,"Kiromic Biopharma, Inc.","Kiromic, Inc.",kiromic,input_alias
0001792941,Genvor Inc,"Allure Worldwide, Inc.",allure worldwide,input_alias
0001793229,Claritev Corp,Butler Acquisition Corp,butler acquisition,input_alias
0001793229,Claritev Corp,Churchill Capital Corp III,churchill capital corp iii,input_alias
0001793229,Claritev Corp,MultiPlan Corp,multiplan,input_alias
0001793659,"Rush Street Interactive, Inc.","dMY Technology Group, Inc.",dmy technology group,input_alias
0001795250,Sphere Entertainment Co.,"MSG ENTERTAINMENT SPINCO, INC.",msg entertainment spinco,input_alias
0001795250,Sphere Entertainment Co.,Madison Square Garden Entertainment Corp.,madison square garden entertainment,input_alias
0001795815,California BanCorp \ CA,Southern California Bancorp \ CA,southern california bancorp ca,input_alias
0001796129,"Vincerx Pharma, Inc.",LifeSci Acquisition Corp.,lifesci acquisition,input_alias
0001796129,"Vincerx Pharma, Inc.","Vincera Pharma, Inc.",vincera pharma,input_alias
0001796949,"GenFlat Holdings, Inc.","Healthcare Business Resources, Inc.",healthcare business resources,input_alias
0001798562,TMC the metals Co Inc.,Sustainable Opportunities Acquisition Corp.,sustainable opportunities acquisition,input_alias
0001799191,"Oncology Institute, Inc.",DFP HEALTHCARE ACQUISITIONS CORP.,dfp healthcare acquisitions,input_alias
0001799208,"Dun & Bradstreet Holdings, Inc.","Star Intermediate I, Inc.",star intermediate i,input_alias
0001800227,IAC Inc.,"IAC Holdings, Inc.",iac holdings,input_alias
0001800227,IAC Inc.,IAC/InterActiveCorp,iacinteractivecorp,input_alias
0001800347,"E2open Parent Holdings, Inc.",CC Neuberger Principal Holdings I,cc neuberger principal holdings i,input_alias
0001801169,Opendoor Technologies Inc.,Social Capital Hedosophia Holdings Corp. II,social capital hedosophia holdings corp ii,input_alias
0001801170,"CLOVER HEALTH INVESTMENTS, CORP. /DE","CLOVER HEALTH INVESTMENTS, CORP.",clover health investments,input_alias
0001801170,"CLOVER HEALTH INVESTMENTS, CORP. /DE",Social Capital Hedosophia Holdings Corp. III,social capital hedosophia holdings corp iii,input_alias
0001801368,MP Materials Corp. / DE,Fortress Value Acquisition Corp.,fortress value acquisition,input_alias
0001801602,"SpringBig Holdings, Inc.",Tuatara Capital Acquisition Corp,tuatara capital acquisition,input_alias
0001801661,Skillz Inc.,Flying Eagle Acquisition Corp.,flying eagle acquisition,input_alias
0001802255,"Guardian Pharmacy Services, Inc.","Guardian Pharmacy, LLC",guardian pharmacy,input_alias
0001802450,"MSP Recovery, Inc.",Lionheart Acquisition Corp.,lionheart acquisition,input_alias
0001802450,"MSP Recovery, Inc.",Lionheart Acquisition Corp. II,lionheart acquisition corp ii,input_alias
0001802457,"Origin Materials, Inc.",Artius Acquisition Inc.,artius acquisition,input_alias
0001803696,Adeia Inc.,XRAY-TWOLF HoldCo Corp,xraytwolf holdco,input_alias
0001803696,Adeia Inc.,Xperi Holding Corp,xperi,input_alias
0001803737,"Enhabit, Inc.","Encompass Health Home Health Holdings, Inc.",encompass health home health holdings,input_alias
0001803901,"Talkspace, Inc.",Hudson Executive Investment Corp.,hudson executive investment,input_alias
0001803914,"PLBY Group, Inc.",Mountain Crest Acquisition Corp.,mountain crest acquisition,input_alias
0001803977,Limitless X Holdings Inc.,"BIO LAB NATURALS, INC.",bio lab naturals,input_alias
0001804176,"Butterfly Network, Inc.",Longview Acquisition Corp.,longview acquisition,input_alias
0001804591,23andMe Holding Co.,Bleecker Street Acquisition Corp.,bleecker street acquisition,input_alias
0001804591,23andMe Holding Co.,VG Acquisition Corp.,vg acquisition,input_alias
0001804591,23andMe Holding Co.,Virgin Group Acquisition Corp.,virgin group acquisition,input_alias
0001804745,Driven Brands Holdings Inc.,RC Driven Holdings LLC,rc driven,input_alias
0001805077,"Eos Energy Enterprises, Inc.",B. Riley Principal Merger Corp. II,b riley principal merger corp ii,input_alias
0001805385,"Evolv Technologies Holdings, Inc.",NewHold Investment Corp.,newhold investment,input_alias
0001805521,FARADAY FUTURE INTELLIGENT ELECTRIC INC.,Property Solutions Acquisition Corp.,property solutions acquisition,input_alias
0001805526,Janover Inc.,Janover Ventures LLC,janover ventures,input_alias
0001805651,"MARKETWISE, INC.",Ascendant Digital Acquisition Corp.,ascendant digital acquisition,input_alias
0001805833,"System1, Inc.",Trebia Acquisition Corp.,trebia acquisition,input_alias
0001806201,Open Lending Corp,Nebula Parent Corp.,nebula parent,input_alias
0001807166,Amesite Inc.,Amesite Operating Co,amesite operating,input_alias
0001807846,MONEYLION INC.,Fusion Acquisition Corp.,fusion acquisition,input_alias
0001808805,"Nautilus Biotechnology, Inc.",ARYA Sciences Acquisition Corp III,arya sciences acquisition corp iii,input_alias
0001808834,"PROG Holdings, Inc.","Aaron's Holdings Company, Inc.",aarons holdings company,input_alias
0001808997,"American Outdoor Brands, Inc.",American Outdoor Brands Spin Co.,american outdoor brands spin,input_alias
0001808997,"American Outdoor Brands, Inc.","American Outdoor Brands,Inc.",american outdoor brandsinc,input_alias
0001809104,"Alight, Inc. / Delaware","Alight Group, Inc.",alight group,input_alias
0001809104,"Alight, Inc. / Delaware",Foley Trasimene Acquisition Corp.,foley trasimene acquisition,input_alias
0001809987,"Mirion Technologies, Inc.",GS Acquisition Holdings Corp II,gs acquisition holdings corp ii,input_alias
0001810019,"Rackspace Technology, Inc.",Rackspace Corp.,rackspace,input_alias
0001810560,"REVELATION BIOSCIENCES, INC.",Petra Acquisition Inc.,petra acquisition,input_alias
0001811063,Nuvation Bio Inc.,Panacea Acquisition Corp,panacea acquisition,input_alias
0001811210,"Lucid Group, Inc.",Annetta Acquisition Corp,annetta acquisition,input_alias
0001811210,"Lucid Group, Inc.",Churchill Capital Corp IV,churchill capital corp iv,input_alias
0001811414,QuantumScape Corp,Kensington Capital Acquisition Corp.,kensington capital acquisition,input_alias
0001812173,Vicarious Surgical Inc.,D8 Holdings Corp.,d8,input_alias
0001812360,FOXO TECHNOLOGIES INC.,Delwinds Insurance Acquisition Corp.,delwinds insurance acquisition,input_alias
0001812554,Blue Owl Credit Income Corp.,Owl Rock Core Income Corp.,owl rock core income,input_alias
0001814114,"Orchestra BioMed Holdings, Inc.",Health Sciences Acquisitions Corp 2,health sciences acquisitions corp 2,input_alias
0001814215,"Nuburu, Inc.",Tailwind Acquisition Corp.,tailwind acquisition,input_alias
0001814287,"Abacus Global Management, Inc.","Abacus Life, Inc.",abacus life,input_alias
0001814287,"Abacus Global Management, Inc.",East Resources Acquisition Co,east resources acquisition,input_alias
0001814974,"BBX Capital, Inc.",BBX Capital Florida LLC,bbx capital florida,input_alias
0001815849,"ATI Physical Therapy, Inc.",Fortress Value Acquisition Corp. II,fortress value acquisition corp ii,input_alias
0001816017,"Spire Global, Inc.","NavSight Holdings, Inc.",navsight holdings,input_alias
0001816431,Quantum-Si Inc,HighCape Capital Acquisition Corp.,highcape capital acquisition,input_alias
0001816581,"Ouster, Inc.",Colonnade Acquisition Corp.,colonnade acquisition,input_alias
0001816590,COMPASS Pathways plc,Compass Rx Ltd.,compass rx,input_alias
0001816613,Markforged Holding Corp,one,one,input_alias
0001816708,"Owlet, Inc.",Sandbridge Acquisition Corp,sandbridge acquisition,input_alias
0001816736,"Disc Medicine, Inc.",FS Development Corp.,fs development,input_alias
0001816736,"Disc Medicine, Inc.","Gemini Therapeutics, Inc. /DE",gemini therapeutics inc de,input_alias
0001817004,"NEXTNRG, INC.",EzFill Holdings Inc,ezfill,input_alias
0001817232,Global Gas Corp,Dune Acquisition Corp,dune acquisition,input_alias
0001817760,"SmartKem, Inc.",Parasol Investments Corp,parasol investments,input_alias
0001818093,Beauty Health Co,Vesper Healthcare Acquisition Corp.,vesper healthcare acquisition,input_alias
0001818152,"Zentrum Holdings, Inc.","OFF Line International, Inc.",off line international,input_alias
0001818201,CCC Intelligent Solutions Holdings Inc.,Dragoneer Growth Opportunities Corp.,dragoneer growth opportunities,input_alias
0001818331,GeneDx Holdings Corp.,"CM Life Sciences, Inc.",cm life sciences,input_alias
0001818331,GeneDx Holdings Corp.,Sema4 Holdings Corp.,sema4,input_alias
0001818382,"Humacyte, Inc.",Alpha Healthcare Acquisition Corp.,alpha healthcare acquisition,input_alias
0001818502,OppFi Inc.,FG New America Acquisition Corp.,fg new america acquisition,input_alias
0001818644,"AEye, Inc.",CF Finance Acquisition Corp. III,cf finance acquisition corp iii,input_alias
0001818844,"Dogwood Therapeutics, Inc.","Virios Therapeutics, Inc.",virios therapeutics,input_alias
0001818844,"Dogwood Therapeutics, Inc.","Virios Therapeutics, LLC",virios therapeutics,input_alias
0001818874,"SoFi Technologies, Inc.",Social Capital Hedosophia Holdings Corp. V,social capital hedosophia holdings corp v,input_alias
0001819133,"Tango Therapeutics, Inc.",BCTG Acquisition Corp.,bctg acquisition,input_alias
0001819142,SES AI Corp,Ivanhoe Capital Acquisition Corp.,ivanhoe capital acquisition,input_alias
0001819253,biote Corp.,Haymaker Acquisition Corp. III,haymaker acquisition corp iii,input_alias
0001819394,"Matterport, Inc./DE","Gores Holdings VI, Inc.",gores holdings vi,input_alias
0001819395,Sonder Holdings Inc.,"Gores Metropoulos II, Inc.",gores metropoulos ii,input_alias
0001819395,Sonder Holdings Inc.,"Sonder Holdings, Inc.",sonder holdings,input_alias
0001819404,Nerdy Inc.,TPG Pace Tech Opportunities Corp.,tpg pace tech opportunities,input_alias
0001819438,"ESS Tech, Inc.",ACON S2 Acquisition Corp.,acon s2 acquisition,input_alias
0001819493,"Xos, Inc.",NextGen Acquisition Corp,nextgen acquisition,input_alias
0001819516,Wheels Up Experience Inc.,Aspirational Consumer Lifestyle Corp.,aspirational consumer lifestyle,input_alias
0001819574,"Bark, Inc.",Northern Star Acquisition Corp.,northern star acquisition,input_alias
0001819574,"Bark, Inc.",Original Bark Co,original bark,input_alias
0001819810,Redwire Corp,Genesis Park Acquisition Corp.,genesis park acquisition,input_alias
0001819848,"Joby Aviation, Inc.",Reinvent Acquisition Corp.,reinvent acquisition,input_alias
0001819848,"Joby Aviation, Inc.",Reinvent Technology Partners,reinvent technology partners,input_alias
0001819974,"SkyWater Technology, Inc","CMI Acquisition, LLC",cmi acquisition,input_alias
0001819989,Cipher Mining Inc.,GOOD WORKS ACQUISITION CORP.,good works acquisition,input_alias
0001819994,"Rocket Lab USA, Inc.",Vector Acquisition Corp,vector acquisition,input_alias
0001820144,Grindr Inc.,Tiga Acquisition Corp.,tiga acquisition,input_alias
0001820190,Scilex Holding Co,Scilex Holding Company/DE,scilex holding companyde,input_alias
0001820190,Scilex Holding Co,Vickers Vantage Corp. I,vickers vantage corp i,input_alias
0001820302,"Bakkt Holdings, Inc.",VPC Impact Acquisition Holdings,vpc impact acquisition,input_alias
0001820566,Inspirato Inc,Thayer Ventures Acquisition Corp,thayer ventures acquisition,input_alias
0001820721,"Array Technologies, Inc.","ATI Intermediate Holdings, LLC",ati intermediate holdings,input_alias
0001820872,"Global Business Travel Group, Inc.",Apollo Strategic Growth Capital,apollo strategic growth capital,input_alias
0001820875,CXApp Inc.,"KINS Technology Group, Inc.",kins technology group,input_alias
0001821159,EVgo Inc.,Climate Change Crisis Real Impact I Acquisition Corp,climate change crisis real impact i acquisition,input_alias
0001821175,Motorsport Games Inc.,MOTORSPORT GAMING US LLC,motorsport gaming us,input_alias
0001821586,MoonLake Immunotherapeutics,Helix Acquisition Corp,helix acquisition,input_alias
0001821769,Navitas Semiconductor Corp,Live Oak Acquisition Corp II,live oak acquisition corp ii,input_alias
0001822359,DocGo Inc.,Motion Acquisition Corp.,motion acquisition,input_alias
0001822479,Sotera Health Co,"Sotera Health Topco, Inc.",sotera health topco,input_alias
0001822492,Hillman Solutions Corp.,"Landcadia Holdings III, Inc.",landcadia holdings iii,input_alias
0001822791,Clene Inc.,Chelsea Worldwide Inc.,chelsea worldwide,input_alias
0001822928,Holley Inc.,Empower Ltd.,empower,input_alias
0001822966,NUSCALE POWER Corp,SPRING VALLEY ACQUISITION CORP.,spring valley acquisition,input_alias
0001823144,"CompoSecure, Inc.",Roman DBDR Tech Acquisition Corp.,roman dbdr tech acquisition,input_alias
0001823466,"FiscalNote Holdings, Inc.",Duddell Street Acquisition Corp.,duddell street acquisition,input_alias
0001823529,"Enact Holdings, Inc.","Genworth Mortgage Holdings, Inc.",genworth mortgage holdings,input_alias
0001823587,Sky Harbour Group Corp,Yellowstone Acquisition Co,yellowstone acquisition,input_alias
0001823652,"Eve Holding, Inc.",Zanite Acquisition Corp.,zanite acquisition,input_alias
0001823878,"PLAYSTUDIOS, Inc.",Acies Acquisition Corp.,acies acquisition,input_alias
0001823945,BLUE OWL CAPITAL INC.,ALTIMAR ACQUISITION CORP.,altimar acquisition,input_alias
0001824293,"GRI Bio, Inc.","Vallon Pharmaceuticals, Inc.",vallon pharmaceuticals,input_alias
0001824403,"Reservoir Media, Inc.",Roth CH Acquisition II Co,roth ch acquisition ii,input_alias
0001824502,Archer Aviation Inc.,Atlas Crest Investment Corp.,atlas crest investment,input_alias
0001824893,"Surrozen, Inc./DE",Consonance-HFW Acquisition Corp.,consonancehfw acquisition,input_alias
0001824920,"IonQ, Inc.","dMY Technology Group, Inc. III",dmy technology group inc iii,input_alias
0001825024,Offerpad Solutions Inc.,"Supernova Partners Acquisition Company, Inc.",supernova partners acquisition company,input_alias
0001825079,"Velo3D, Inc.",JAWS Spitfire Acquisition Corp,jaws spitfire acquisition,input_alias
0001825079,"Velo3D, Inc.",Spitfire Acquisition Corp,spitfire acquisition,input_alias
0001825248,Franklin BSP Capital Corp,Franklin BSP Capital L.L.C.,franklin bsp capital llc,input_alias
0001825384,Stone Point Credit Corp,Stone Point Capital Credit LLC,stone point capital credit,input_alias
0001825452,"Onfolio Holdings, Inc",Onfolio Holdings Inc,onfolio,input_alias
0001826000,"Latch, Inc.",TS Innovation Acquisitions Corp.,ts innovation acquisitions,input_alias
0001826011,"Banzai International, Inc.",7GC & Co. Holdings Inc.,7gc co,input_alias
0001826470,"Petco Health & Wellness Company, Inc.",PET Acquisition LLC,pet acquisition,input_alias
0001826470,"Petco Health & Wellness Company, Inc.",Petco Acquisition LLC,petco acquisition,input_alias
0001826600,"Montauk Renewables, Inc.","Montauk Energy, Inc.",montauk energy,input_alias
0001826667,"TriSalus Life Sciences, Inc.",MedTech Acquisition Corp,medtech acquisition,input_alias
0001826681,Palladyne AI Corp.,Rotor Acquisition Corp.,rotor acquisition,input_alias
0001826681,Palladyne AI Corp.,Sarcos Technology & Robotics Corp,sarcos technology robotics,input_alias
0001826681,Palladyne AI Corp.,Sarcos Technology & Robotics Corporation.,sarcos technology robotics corporation,input_alias
0001826889,"Beachbody Company, Inc.",Forest Road Acquisition Corp.,forest road acquisition,input_alias
0001827506,"Tourmaline Bio, Inc.","Talaris Therapeutics, Inc.",talaris therapeutics,input_alias
0001827821,"Forge Global Holdings, Inc.",MCF2 Acquisition Corp.,mcf2 acquisition,input_alias
0001827821,"Forge Global Holdings, Inc.",Motive Capital Corp,motive capital,input_alias
0001828105,Hippo Holdings Inc.,Reinvent Technology Partners B,reinvent technology partners b,input_alias
0001828105,Hippo Holdings Inc.,Reinvent Technology Partners Z,reinvent technology partners z,input_alias
0001828108,"Aurora Innovation, Inc.",Reinvent Technology Partners C,reinvent technology partners c,input_alias
0001828108,"Aurora Innovation, Inc.",Reinvent Technology Partners Y,reinvent technology partners y,input_alias
0001828318,Enovix Corp,Rodgers Silicon Valley Acquisition Corp,rodgers silicon valley acquisition,input_alias
0001828536,"Energy Vault Holdings, Inc.",Novus Capital Corp II,novus capital corp ii,input_alias
0001828723,"Altus Power, Inc.","CBRE Acquisition Holdings, Inc.",cbre acquisition holdings,input_alias
0001828739,"Arculus System Co., Ltd.",Azzurro Solutions Corp.,azzurro solutions,input_alias
0001828805,"Aeluma, Inc.","Parc Investments, Inc.",parc investments,input_alias
0001828972,"BuzzFeed, Inc.","890 5th Avenue Partners, Inc.",890 5th avenue partners,input_alias
0001829311,"BITMINE IMMERSION TECHNOLOGIES, INC.","Sandy Springs Holdings, Inc.",sandy springs holdings,input_alias
0001829864,"TaskUs, Inc.","TU TopCo, Inc.",tu topco,input_alias
0001830081,Rumble Inc.,CF Acquisition Corp. VI,cf acquisition corp vi,input_alias
0001830188,"United Homes Group, Inc.",DiamondHead Holdings Corp.,diamondhead,input_alias
0001830214,"Ginkgo Bioworks Holdings, Inc.",Soaring Eagle Acquisition Corp.,soaring eagle acquisition,input_alias
0001830214,"Ginkgo Bioworks Holdings, Inc.",Spinning Eagle Acquisition Corp.,spinning eagle acquisition,input_alias
0001831097,"agilon health, inc.","Agilon Health Topco, Inc.",agilon health topco,input_alias
0001831868,SeaStar Medical Holding Corp,LMF Acquisition Opportunities Inc,lmf acquisition opportunities,input_alias
0001831979,Stardust Power Inc.,Global Partner Acquisition Corp II,global partner acquisition corp ii,input_alias
0001832038,"Invivyd, Inc.","Adagio Therapeutics, Inc.",adagio therapeutics,input_alias
0001832161,"VIP Play, Inc.",KeyStar Corp.,keystar,input_alias
0001832483,Serve Robotics Inc. /DE/,Patricia Acquisition Corp.,patricia acquisition,input_alias
0001832487,"Guerrilla RF, Inc.",Laffin Acquisition Corp.,laffin acquisition,input_alias
0001832511,P3 Health Partners Inc.,Foresight Acquisition Corp.,foresight acquisition,input_alias
0001832873,CSAIL 2021-C20 Commercial Mortgage Trust,CSAIL 2020-C20 Commercial Mortgage Trust,csail 2020c20 commercial mortgage trust,input_alias
0001833197,"Latham Group, Inc.","Latham Topco, Inc.",latham topco,input_alias
0001833214,"SAB Biotherapeutics, Inc.",Big Cypress Acquisition Corp.,big cypress acquisition,input_alias
0001833498,"Spectral AI, Inc.",Rosecliff Acquisition Corp I,rosecliff acquisition corp i,input_alias
0001833769,"Hyperfine, Inc.",HealthCor Catalio Acquisition Corp.,healthcor catalio acquisition,input_alias
0001834376,InnovAge Holding Corp.,"TCO GROUP HOLDINGS, INC.",tco group holdings,input_alias
0001834488,"N-able, Inc.","SWI Spinco, LLC",swi spinco,input_alias
0001834494,"MeridianLink, Inc.","Project Angel Parent, LLC",project angel parent,input_alias
0001835856,Better Home & Finance Holding Co,Aurora Acquisition Corp.,aurora acquisition,input_alias
0001835856,Better Home & Finance Holding Co,Aurora Capital Holding Corp.,aurora capital,input_alias
0001836833,Planet Labs PBC,"dMY Technology Group, Inc. IV",dmy technology group inc iv,input_alias
0001836875,Nuvve Holding Corp.,NB Merger Corp.,nb merger,input_alias
0001836981,"BigBear.ai Holdings, Inc.","GigCapital4, Inc.",gigcapital4,input_alias
0001837014,"SmartRent, Inc.",Fifth Wall Acquisition Corp. I,fifth wall acquisition corp i,input_alias
0001837607,"AEON Biopharma, Inc.",Priveterra Acquisition Corp.,priveterra acquisition,input_alias
0001837686,"Vimeo, Inc.","Vimeo Holdings, Inc.",vimeo holdings,input_alias
0001838163,Brand Engagement Network Inc.,DHC Acquisition Corp.,dhc acquisition,input_alias
0001838359,"Rigetti Computing, Inc.","Supernova Partners Acquisition Co II, Ltd.",supernova partners acquisition co ii,input_alias
0001838615,"AlTi Global, Inc.","Alvarium Tiedemann Holdings, Inc.",alvarium tiedemann holdings,input_alias
0001838615,"AlTi Global, Inc.",Cartesian Growth Corp,cartesian growth,input_alias
0001838987,"Complete Solaria, Inc.",Freedom Acquisition I Corp.,freedom acquisition i,input_alias
0001839133,"IR-Med, Inc.","International Display Advertising, Inc.",international display advertising,input_alias
0001839341,"Core Scientific, Inc./tx",Power & Digital Infrastructure Acquisition Corp.,power digital infrastructure acquisition,input_alias
0001839530,"XBP Europe Holdings, Inc.",CF Acquisition Corp. VIII,cf acquisition corp viii,input_alias
0001839839,"Janus International Group, Inc.","Janus Parent, Inc.",janus parent,input_alias
0001840292,"Heliogen, Inc.",Athena Technology Acquisition Corp.,athena technology acquisition,input_alias
0001840317,VEEA INC.,Plum Acquisition Corp. I,plum acquisition corp i,input_alias
0001840748,LAVA Therapeutics NV,LAVA Therapeutics BV,lava therapeutics bv,input_alias
0001840776,"Hagerty, Inc.",Aldel Financial Inc.,aldel financial,input_alias
0001840780,Local Bounti Corporation/DE,Leo Holdings III Corp.,leo holdings iii,input_alias
0001840856,"SOUNDHOUND AI, INC.",Archimedes Tech Spac Partners Co,archimedes tech spac partners,input_alias
0001840877,"Envoy Medical, Inc.",Anzu Special Acquisition Corp I,anzu special acquisition corp i,input_alias
0001840904,ATAI Life Sciences N.V.,ATAI Life Sciences B.V.,atai life sciences bv,input_alias
0001841387,"Candel Therapeutics, Inc.","Candel Therapeutics, Inic.",candel therapeutics inic,input_alias
0001841408,Dave Inc./DE,"VPC Impact Acquisition Holdings III, Inc.",vpc impact acquisition holdings iii,input_alias
0001841425,"Verde Clean Fuels, Inc.",CENAQ Energy Corp.,cenaq energy,input_alias
0001841925,"indie Semiconductor, Inc.","Thunder Bridge II Surviving Pubco, Inc.",thunder bridge ii surviving pubco,input_alias
0001842356,Wag! Group Co.,CHW Acquisition Corp,chw acquisition,input_alias
0001842566,"Airship AI Holdings, Inc.",BYTE Acquisition Corp.,byte acquisition,input_alias
0001842566,"Airship AI Holdings, Inc.",Byte Acquisition Corp.,byte acquisition,input_alias
0001842718,INTEGRAL AD SCIENCE HOLDING CORP.,"KAVACHA TOPCO, LLC",kavacha topco,input_alias
0001843714,"Zapata Quantum, Inc.",Andretti Acquisition Corp.,andretti acquisition,input_alias
0001843714,"Zapata Quantum, Inc.",Zapata Computing Holdings Inc.,zapata computing,input_alias
0001843724,"LanzaTech Global, Inc.",AMCI Acquisition Corp. II,amci acquisition corp ii,input_alias
0001844452,"Intuitive Machines, Inc.",Inflection Point Acquisition Corp.,inflection point acquisition,input_alias
0001844505,"QT IMAGING HOLDINGS, INC.","GigCapital5, Inc.",gigcapital5,input_alias
0001845123,"AleAnna, Inc.",Swiftmerge Acquisition Corp.,swiftmerge acquisition,input_alias
0001845437,NET Power Inc.,Rice Acquisition Corp. II,rice acquisition corp ii,input_alias
0001845459,"NKGen Biotech, Inc.",Graf Acquisition Corp. IV,graf acquisition corp iv,input_alias
0001845550,Plum Acquisition Corp. III,Alpha Partners Technology Merger Corp.,alpha partners technology merger,input_alias
0001845815,Payoneer Global Inc.,"New Starship Parent, Inc.",new starship parent,input_alias
0001846069,"Nextdoor Holdings, Inc.",Khosla Ventures Acquisition Co. II,khosla ventures acquisition co ii,input_alias
0001846253,"OmniAb, Inc.",Avista Public Acquisition Corp. II,avista public acquisition corp ii,input_alias
0001846510,Soho House & Co Inc.,Membership Collective Group Inc.,membership collective,input_alias
0001847064,"PSQ Holdings, Inc.",Colombier Acquisition Corp.,colombier acquisition,input_alias
0001847367,ALUMIS INC.,"ESKER THERAPEUTICS, INC.",esker therapeutics,input_alias
0001847367,ALUMIS INC.,"FL2021-001, Inc.",fl2021001,input_alias
0001847874,Mobile Infrastructure Corp,Fifth Wall Acquisition Corp. III,fifth wall acquisition corp iii,input_alias
0001847986,Dragonfly Energy Holdings Corp.,Chardan NexTech Acquisition 2 Corp.,chardan nextech acquisition 2,input_alias
0001849056,Oklo Inc.,AltC Acquisition Corp.,altc acquisition,input_alias
0001849089,"Lafayette Square USA, Inc.","Lafayette Square Empire BDC, Inc.",lafayette square empire bdc,input_alias
0001849089,"Lafayette Square USA, Inc.","Lafayette Square Empire BDC, LLC",lafayette square empire bdc,input_alias
0001849253,"RYAN SPECIALTY HOLDINGS, INC.","MAVERICK SPECIALTY, INC.",maverick specialty,input_alias
0001849253,"RYAN SPECIALTY HOLDINGS, INC.","RYAN SPECIALTY GROUP HOLDINGS, INC.",ryan specialty group holdings,input_alias
0001849380,OneMedNet Corp,Data Knights Acquisition Corp.,data knights acquisition,input_alias
0001849635,Trump Media & Technology Group Corp.,Digital World Acquisition Corp.,digital world acquisition,input_alias
0001849820,"Nauticus Robotics, Inc.",cleantech Acquisition Corp.,cleantech acquisition,input_alias
0001849894,MSD Investment Corp.,"MSD Investment Corp., LLC",msd investment corp,input_alias
0001851322,North Haven Private Income Fund LLC,Morgan Stanley Private Income Fund LLC,morgan stanley private income fund,input_alias
0001851484,"CITIUS ONCOLOGY, INC.",TenX Keane Acquisition,tenx keane acquisition,input_alias
0001851961,"GCT Semiconductor Holding, Inc.",Concord Acquisition Corp III,concord acquisition corp iii,input_alias
0001852207,Bold Eagle Acquisition Corp.,Spinning Eagle Acquisition Corp.,spinning eagle acquisition,input_alias
0001852889,Investcorp AI Acquisition Corp.,Investcorp Acquisition Corp.,investcorp acquisition,input_alias
0001852889,Investcorp AI Acquisition Corp.,Investcorp India Acquisition Corp,investcorp india acquisition,input_alias
0001853044,"Aeries Technology, Inc.",Worldwide Webb Acquisition Corp.,worldwide webb acquisition,input_alias
0001854149,Agriculture & Natural Solutions Acquisition Corp,Decarbonization Plus Acquisition Corp V,decarbonization plus acquisition corp v,input_alias
0001854149,Agriculture & Natural Solutions Acquisition Corp,Energy Opportunities Acquisition Corp,energy opportunities acquisition,input_alias
0001854270,"Senti Biosciences, Inc.",Dynamics Special Purpose Corp.,dynamics special purpose,input_alias
0001854270,"Senti Biosciences, Inc.","Senti Biosciences, Inc.\",senti biosciences inc,input_alias
0001854275,"Zoomcar Holdings, Inc.",Innovative International Acquisition Corp.,innovative international acquisition,input_alias
0001854963,"SHF Holdings, Inc.",Northern Lights Acquisition Corp.,northern lights acquisition,input_alias
0001855447,"TIGO ENERGY, INC.",Roth CH Acquisition IV Co.,roth ch acquisition iv,input_alias
0001855474,AirJoule Technologies Corp.,Montana Technologies Corp.,montana technologies,input_alias
0001855644,Zura Bio Ltd,JATT Acquisition Corp,jatt acquisition,input_alias
0001855781,Invesco Galaxy Bitcoin ETF,Galaxy Bitcoin ETF,galaxy bitcoin etf,input_alias
0001857086,"TruGolf Holdings, Inc.",Deep Medicine Acquisition Corp.,deep medicine acquisition,input_alias
0001857154,"Krispy Kreme, Inc.",Krispy Kreme Holdco Inc.,krispy kreme holdco,input_alias
0001857154,"Krispy Kreme, Inc.","Krispy Kreme Holdco, Inc.",krispy kreme holdco,input_alias
0001857853,"Traeger, Inc.",TGPX Holdings I LLC,tgpx holdings i,input_alias
0001858681,"Apollo Global Management, Inc.","Tango Holdings, Inc.",tango holdings,input_alias
0001859199,reAlpha Tech Corp.,ReAlpha Asset Management Inc,realpha asset management,input_alias
0001860424,Onex Direct Lending BDC Fund,Onex Falcon BDC Fund,onex falcon bdc fund,input_alias
0001860424,Onex Direct Lending BDC Fund,Onex Falcon Direct Lending BDC Fund,onex falcon direct lending bdc fund,input_alias
0001860514,Roth CH Acquisition Co.,TKB Critical Technologies 1,tkb critical technologies 1,input_alias
0001860871,Tevogen Bio Holdings Inc.,Semper Paratus Acquisition Corp,semper paratus acquisition,input_alias
0001861622,Jet.AI Inc.,Oxbridge Acquisition Corp.,oxbridge acquisition,input_alias
0001862463,"ALPHA MODUS HOLDINGS, INC.",Insight Acquisition Corp. /DE,insight acquisition corp de,input_alias
0001862935,Currenc Group Inc.,InFinT Acquisition Corp,infint acquisition,input_alias
0001863990,"MultiSensor AI Holdings, Inc.","Infrared Cameras Holdings, Inc.",infrared cameras holdings,input_alias
0001863990,"MultiSensor AI Holdings, Inc.",Sportsmap Tech Acquisition Corp.,sportsmap tech acquisition,input_alias
0001864531,"VSEE HEALTH, INC.",DIGITAL HEALTH ACQUISITION CORP.,digital health acquisition,input_alias
0001865174,Goldman Sachs Middle Market Lending Corp. II,Goldman Sachs Middle Market Lending LLC II,goldman sachs middle market lending llc ii,input_alias
0001865631,NEXTNAV INC.,Spartacus Acquisition Shelf Corp.,spartacus acquisition shelf,input_alias
0001866816,"SYNTEC OPTICS HOLDINGS, INC.",OmniLit Acquisition Corp.,omnilit acquisition,input_alias
0001868159,"Lineage, Inc.","Lineage Growth Properties, Inc.",lineage growth properties,input_alias
0001868275,Constellation Energy Corp,"Constellation Newholdco, Inc.",constellation newholdco,input_alias
0001868419,"Cycurion, Inc.",Western Acquisition Ventures Corp.,western acquisition ventures,input_alias
0001868516,"StratCap Digital Infrastructure REIT, Inc.","STRATEGIC WIRELESS INFRASTRUCTURE FUND II, INC.",strategic wireless infrastructure fund ii,input_alias
0001868640,Roadzen Inc.,Vahanna Tech Edge Acquisition I Corp.,vahanna tech edge acquisition i,input_alias
0001868726,"OLAPLEX HOLDINGS, INC.","OLAPEX HOLDINGS, INC.",olapex holdings,input_alias
0001869453,Blue Owl Technology Income Corp.,Owl Rock Technology Income Corp.,owl rock technology income,input_alias
0001869974,"Ocean Biomedical, Inc.",Aesther Healthcare Acquisition Corp.,aesther healthcare acquisition,input_alias
0001869974,"Ocean Biomedical, Inc.","Ocean Biomedical, Inc./DE",ocean biomedical incde,input_alias
0001870144,"Cardio Diagnostics Holdings, Inc.",Mana Capital Acquisition Corp.,mana capital acquisition,input_alias
0001870404,"CERO THERAPEUTICS HOLDINGS, INC.",PHOENIX BIOTECH ACQUISITION CORP.,phoenix biotech acquisition,input_alias
0001871638,"Blaize Holdings, Inc.",BurTech Acquisition Corp.,burtech acquisition,input_alias
0001872371,Oaktree Strategic Credit Fund,Oaktree Opportunistic Income Fund,oaktree opportunistic income fund,input_alias
0001872789,Embecta Corp.,"Berra Newco, Inc.",berra newco,input_alias
0001875493,CSLM ACQUISITION CORP.,"Consilium Acquisition Corp I, Ltd.",consilium acquisition corp i,input_alias
0001876588,ZimVie Inc.,"ZB SpinCo Holdings, Inc.",zb spinco holdings,input_alias
0001878848,IREN Ltd,Iris Energy Ltd,iris energy,input_alias
0001878848,IREN Ltd,Iris Energy Pty Ltd,iris energy pty,input_alias
0001879001,Verses AI Inc.,Verses Technologies Inc.,verses technologies,input_alias
0001879293,"Mag Mile Capital, Inc.","Myson, Inc.",myson,input_alias
0001879373,GRAPHJET TECHNOLOGY,Energem Corp,energem,input_alias
0001880661,TPG Inc.,"TPG Partners, LLC",tpg partners,input_alias
0001882781,"C2 Blockchain, Inc.","C2 Blockchain,Inc.",c2 blockchaininc,input_alias
0001883313,"Savers Value Village, Inc.",S-Evergreen Holding LLC,severgreen,input_alias
0001883685,DraftKings Inc.,"New Duke Holdco, Inc.",new duke holdco,input_alias
0001883788,"DIH HOLDING US, INC.",Aurora Technology Acquisition Corp.,aurora technology acquisition,input_alias
0001883835,ESG Inc.,PLASMA INNOVATIVE INC.,plasma innovative,input_alias
0001883984,"Alternus Clean Energy, Inc.",Clean Earth Acquisitions Corp.,clean earth acquisitions,input_alias
0001885522,"Neumora Therapeutics, Inc.","RBNC Therapeutics, Inc.",rbnc therapeutics,input_alias
0001885968,T Series Middle Market Loan Fund LLC,T Series Middle Market Investment Loan Fund LLC,t series middle market investment loan fund,input_alias
0001886894,"Snail, Inc.","Snail Games USA, Inc.",snail games usa,input_alias
0001887944,Shimmick Corp,"SCCI National Holdings, Inc.",scci national holdings,input_alias
0001888886,Structure Therapeutics Inc.,ShouTi Inc.,shouti,input_alias
0001889123,"Fold Holdings, Inc.",Emerald ESG Acquisition Corp,emerald esg acquisition,input_alias
0001889123,"Fold Holdings, Inc.",FTAC Emerald Acquisition Corp.,ftac emerald acquisition,input_alias
0001889450,FutureTech II Acquisition Corp.,Future Tech II Acquisition Corp.,future tech ii acquisition,input_alias
0001889539,"Corebridge Financial, Inc.","SAFG Retirement Services, Inc.",safg retirement services,input_alias
0001889668,Blue Owl Technology Finance Corp. II,Owl Rock Technology Finance Corp. II,owl rock technology finance corp ii,input_alias
0001892747,Valuence Merger Corp. I,"VMCA Sponsor, LLC",vmca sponsor,input_alias
0001895249,"ConnectM Technology Solutions, Inc.",Monterey Capital Acquisition Corp,monterey capital acquisition,input_alias
0001895262,Noble Corp plc,Noble Finco Ltd,noble finco,input_alias
0001895618,GAXOS.AI INC.,NFT Gaming Co,nft gaming,input_alias
0001895618,GAXOS.AI INC.,NFT Gaming Co Inc.,nft gaming,input_alias
0001896212,CONDUIT PHARMACEUTICALS INC.,Murphy Canyon Acquisition Corp.,murphy canyon acquisition,input_alias
0001898496,"Getty Images Holdings, Inc.","VECTOR HOLDING, LLC",vector holding,input_alias
0001900520,"Lomond Therapeutics Holdings, Inc.",Venetian-1 Acquisition Corp.,venetian1 acquisition,input_alias
0001901164,T. Rowe Price OHA Select Private Credit Fund,OHA Private Credit Fund,oha private credit fund,input_alias
0001901164,T. Rowe Price OHA Select Private Credit Fund,OHA Private Credit Fund LLC,oha private credit fund,input_alias
0001901164,T. Rowe Price OHA Select Private Credit Fund,T. Rowe Price OHA Private Credit Fund,t rowe price oha private credit fund,input_alias
0001901297,ZRCN Inc.,Harmony Energy Technologies Corp,harmony energy technologies,input_alias
0001901440,UL Solutions Inc.,UL Inc.,ul,input_alias
0001901799,Bitcoin Depot Inc.,GLA II Meteora Acquisition Corp.,gla ii meteora acquisition,input_alias
0001901799,Bitcoin Depot Inc.,GSR II Meteora Acquisition Corp.,gsr ii meteora acquisition,input_alias
0001902733,"nCino, Inc.","Penny HoldCo, Inc.",penny holdco,input_alias
0001906324,QuidelOrtho Corp,"Coronado Topco, Inc.",coronado topco,input_alias
0001910139,Mobileye Global Inc.,Mobileye Group Inc.,mobileye,input_alias
0001910139,Mobileye Global Inc.,Mobileye Holdings Inc.,mobileye,input_alias
0001911321,Kennedy Lewis Capital Co,Tate Capital Co,tate capital,input_alias
0001911545,"Global Interactive Technologies, Inc.","Hanryu Holdings, Inc.",hanryu holdings,input_alias
0001912582,"Thunder Power Holdings, Inc.",Feutune Light Acquisition Corp,feutune light acquisition,input_alias
0001913724,TPG Twin Brook Capital Income Fund,AG Twin Brook Capital Income Fund,ag twin brook capital income fund,input_alias
0001915657,HF Sinclair Corp,Hippo Parent Corp,hippo parent,input_alias
0001918712,ARES STRATEGIC INCOME FUND,ARES PRIVATE CREDIT FUND,ares private credit fund,input_alias
0001919246,Channel Therapeutics Corp,Chromocell Therapeutics Corp,chromocell therapeutics,input_alias
0001920145,Goldman Sachs Private Credit Corp.,Goldman Sachs Loan Fund LLC,goldman sachs loan fund,input_alias
0001920145,Goldman Sachs Private Credit Corp.,Goldman Sachs Private Credit Fund LLC,goldman sachs private credit fund,input_alias
0001923622,PGIM Private Credit Fund,PGIM Senior Loan Opportunities Fund,pgim senior loan opportunities fund,input_alias
0001929561,"RXO, Inc.","NAT Holdings, LLC",nat holdings,input_alias
0001930021,New Horizon Aircraft Ltd.,"Pono Capital Three, Inc.",pono capital three,input_alias
0001930313,SBC Medical Group Holdings Inc,"Pono Capital Two, Inc.",pono capital two,input_alias
0001930679,KKR FS Income Trust,FS KKR Income Trust,fs kkr income trust,input_alias
0001932393,GE HealthCare Technologies Inc.,GE Healthcare Holding LLC,ge healthcare,input_alias
0001936258,NewAmsterdam Pharma Co N.V.,NewAmsterdam Pharma Co B.V.,newamsterdam pharma co bv,input_alias
0001940177,"PodcastOne, Inc.","Courtside Group, Inc",courtside group,input_alias
0001940177,"PodcastOne, Inc.","Courtside Group, Inc.",courtside group,input_alias
0001944048,Kenvue Inc.,"JNTL, Inc.",jntl,input_alias
0001944366,Blue Owl Real Estate Net Lease Trust,Oak Street Net Lease Trust,oak street net lease trust,input_alias
0001945619,Kinetic Seas Inc.,"Bellatora, Inc.",bellatora,input_alias
0001948455,Ispire Technology Inc.,"Ispire Technology Inc,",ispire technology inc,input_alias
0001949543,Sitio Royalties Corp.,"Snapper Merger Sub I, Inc.",snapper merger sub i,input_alias
0001950572,BIP Ventures Evergreen BDC,BIP Evergreen Venture Fund,bip evergreen venture fund,input_alias
0001950572,BIP Ventures Evergreen BDC,Panoramic Evergreen Venture Fund,panoramic evergreen venture fund,input_alias
0001953926,"Zenas BioPharma, Inc.",Zenas BioPharma (Cayman) Ltd,zenas biopharma cayman,input_alias
0001958086,Core Laboratories Inc. /DE/,Core Laboratories Luxembourg S.A.,core laboratories luxembourg sa,input_alias
0001959961,"IPC Alternative Real Estate Income Trust, Inc.","Inland Private Capital Alternative Assets Fund, LLC",inland private capital alternative assets fund,input_alias
0001961629,FIVE 2023-V1 Mortgage Trust,HIGH 2023-FIVE Mortgage Trust,high 2023five mortgage trust,input_alias
0001963088,"AtlasClear Holdings, Inc.","Calculator New Pubco, Inc.",calculator new pubco,input_alias
0001964738,Solventum Corp,3M Health Care Co,3m health care,input_alias
0001964979,"ALLURION TECHNOLOGIES, INC.","ALLURION TECHNOLOGIES HOLDINGS, INC.",allurion technologies holdings,input_alias
0001965040,Fortrea Holdings Inc.,Silver Spinco Inc.,silver spinco,input_alias
0001967649,Vestis Corp,"Epic NewCo, Inc.",epic newco,input_alias
0001970622,"USA Rare Earth, Inc.",Inflection Point Acquisition Corp. II,inflection point acquisition corp ii,input_alias
0001970781,Benchmark 2023-V2 Mortgage Trust,FIVE 2023-V2 Mortgage Trust,five 2023v2 mortgage trust,input_alias
0001973266,"TKO Group Holdings, Inc.",New Whale Inc.,new whale,input_alias
0001974138,NCR Atleos Corp,"NCR ATMCo, LLC",ncr atmco,input_alias
0001976719,"New Mountain Guardian IV Income Fund, L.L.C.","New Mountain Guardian IV Unlevered BDC, L.L.C.",new mountain guardian iv unlevered bdc llc,input_alias
0001977837,ALIXO-YOLLOO Corp,ALIXO-YOLLO Corp,alixoyollo,input_alias
0001984060,Atlas Energy Solutions Inc.,New Atlas HoldCo Inc.,new atlas holdco,input_alias
0001987221,AMG Comvest Senior Lending Fund,"Comvest Credit Partners BDC Fund, L.P.",comvest credit partners bdc fund lp,input_alias
0001992243,T1 Energy Inc.,"FREYR Battery, Inc. /DE/",freyr battery inc de,input_alias
0001992508,21Shares Core Ethereum ETF,Ark 21Shares Ethereum ETF,ark 21shares ethereum etf,input_alias
0002000640,Damon Inc.,Grafiti Holding Inc.,grafiti,input_alias
0002001557,"Innventure, Inc.","Learn SPAC HoldCo, Inc.",learn spac holdco,input_alias
0002002473,Bowhead Specialty Holdings Inc.,Bowhead Holdings Inc.,bowhead,input_alias
0002007855,"Venture Global, Inc.","Venture Global Holdings, Inc.",venture global holdings,input_alias
0002010788,EXOZYMES INC.,Invizyne Technologies Inc,invizyne technologies,input_alias
0002011286,"Amentum Holdings, Inc.",Amazon Holdco Inc.,amazon holdco,input_alias
0002012383,"BlackRock, Inc.","BlackRock Funding, Inc. /DE",blackrock funding inc de,input_alias
0002012481,BANK5 2024-5YR8,BANK5 2024-5YR6,bank5 20245yr6,input_alias
0002013807,Foxx Development Holdings Inc.,Acri Capital Merger Sub I Inc.,acri capital merger sub i,input_alias
0002017206,"Millrose Properties, Inc.","Millrose, Inc.",millrose,input_alias
0002018064,"TechTarget, Inc.","Toro CombineCo, Inc.",toro combineco,input_alias
0002022416,Silexion Therapeutics Corp,Biomotion Sciences,biomotion sciences,input_alias
0002023554,Sandisk Corp,SanDisk Corp/DE,sandisk corpde,input_alias
0002025410,"StandardAero, Inc.","Dynasty Parent Co., Inc.",dynasty parent co,input_alias
0002028336,NEW ERA HELIUM INC.,"Roth CH V Holdings, Inc.",roth ch v holdings,input_alias
0002030763,"Wellgistics Health, Inc.","Danam Health, Inc",danam health,input_alias
0002030781,"SailPoint, Inc.","SailPoint Parent, LP",sailpoint parent lp,input_alias
0002030829,AIFEEX NEXUS ACQUISITION CORP.,Shepherd Ave Capital Acquisition Corp,shepherd ave capital acquisition,input_alias
0002040127,Karman Holdings Inc.,TCFIII SPACECO HOLDINGS LLC,tcfiii spaceco,input_alias
0000004457,U-Haul Holding Co /NV/,U-HAUL HOLDING CO,uhaul,crosswalk_name
0000005272,"AMERICAN INTERNATIONAL GROUP, INC.",AMERICAN INTERNATIONAL GROUP,american international,crosswalk_name
0000006176,AMPCO PITTSBURGH CORP,AMPCO-PITTSBURGH CORP,ampcopittsburgh,crosswalk_name
0000006951,APPLIED MATERIALS INC /DE,APPLIED MATERIALS INC,applied materials,crosswalk_name
0000007623,ARTS WAY MANUFACTURING CO INC,ARTS WAY MFG INC,arts way mfg,crosswalk_name
0000009326,BALCHEM CORP,BALCHEM CORP  -CL B,balchem corp cl b,crosswalk_name
0000010329,BASSETT FURNITURE INDUSTRIES INC,BASSETT FURNITURE INDS,bassett furniture inds,crosswalk_name
0000012659,H&R BLOCK INC,BLOCK H & R INC,block h r,crosswalk_name
0000014272,BRISTOL MYERS SQUIBB CO,BRISTOL-MYERS SQUIBB CO,bristolmyers squibb,crosswalk_name
0000016058,CACI INTERNATIONAL INC /DE/,CACI INTL INC  -CL A,caci intl inc cl a,crosswalk_name
0000016732,CAMPBELL'S Co,CAMPBELL'S CO (THE),campbells co the,crosswalk_name
0000016875,CANADIAN PACIFIC KANSAS CITY LTD/CN,CANADIAN PAC KANSAS CITY LTD,canadian pac kansas city,crosswalk_name
0000017797,"DUKE ENERGY PROGRESS, LLC.",DUKE ENERGY PROGRESS INC,duke energy progress,crosswalk_name
0000018255,CATO CORP,CATO CORP  -CL A,cato corp cl a,crosswalk_name
0000020520,"Frontier Communications Parent, Inc.",FRONTIER COMMUNIC PARENT INC,frontier communic parent,crosswalk_name
0000020947,CLEVELAND ELECTRIC ILLUMINATING CO,CLEVELAND ELECTRIC ILLUM,cleveland electric illum,crosswalk_name
0000021076,CLOROX CO /DE/,CLOROX CO/DE,clorox code,crosswalk_name
0000021344,COCA COLA CO,COCA-COLA CO,cocacola,crosswalk_name
0000021665,COLGATE PALMOLIVE CO,COLGATE-PALMOLIVE CO,colgatepalmolive,crosswalk_name
0000022356,COMMERCE BANCSHARES INC /MO/,COMMERCE BANCSHARES INC,commerce bancshares,crosswalk_name
0000023197,COMTECH TELECOMMUNICATIONS CORP /DE/,COMTECH TELECOMMUN,comtech telecommun,crosswalk_name
0000023632,CONSOLIDATED EDISON CO OF NEW YORK INC,CONSOLIDATED EDISON CO OF NY,consolidated edison co of ny,crosswalk_name
0000024741,CORNING INC /NY,CORNING INC,corning,crosswalk_name
0000026324,CURTISS WRIGHT CORP,CURTISS-WRIGHT CORP,curtisswright,crosswalk_name
0000027879,DELMARVA POWER & LIGHT CO /DE/,DELMARVA POWER & LIGHT CO,delmarva power light,crosswalk_name
0000028385,DTE Electric Co,DETROIT EDISON CO,detroit edison,crosswalk_name
0000028412,COMERICA INC /NEW/,COMERICA INC,comerica,crosswalk_name
0000028917,"DILLARD'S, INC.",DILLARDS INC  -CL A,dillards inc cl a,crosswalk_name
0000029002,DIODES INC /DEL/,DIODES INC,diodes,crosswalk_name
0000030305,DUCOMMUN INC /DE/,DUCOMMUN INC,ducommun,crosswalk_name
0000030554,"EIDP, Inc.",DU PONT (E I) DE NEMOURS,du pont e i de nemours,crosswalk_name
0000033992,"KINGSTONE COMPANIES, INC.",KINGSTONE COS INC,kingstone cos,crosswalk_name
0000034563,FARMER BROTHERS CO,FARMER BROS CO,farmer bros,crosswalk_name
0000034903,FEDERAL REALTY INVESTMENT TRUST,FEDERAL REALTY INVESTMENT TR,federal realty investment tr,crosswalk_name
0000036029,FIRST FINANCIAL BANKSHARES INC,FIRST FINL BANKSHARES INC,first finl bankshares,crosswalk_name
0000036104,US BANCORP \DE\,US BANCORP,us bancorp,crosswalk_name
0000036840,FIRST REAL ESTATE INVESTMENT TRUST OF NEW JERSEY,FIRST REAL ESTATE TR NJ INC,first real estate tr nj,crosswalk_name
0000037808,FNB CORP/PA/,F N B CORP/FL,f n b corpfl,crosswalk_name
0000039311,INDEPENDENT BANK CORP /MI/,INDEPENDENT BANK CORP/MI,independent bank corpmi,crosswalk_name
0000040545,GENERAL ELECTRIC CO,GE AEROSPACE,ge aerospace,crosswalk_name
0000042582,GOODYEAR TIRE & RUBBER CO /OH/,GOODYEAR TIRE & RUBBER CO,goodyear tire rubber,crosswalk_name
0000042682,GORMAN RUPP CO,GORMAN-RUPP CO,gormanrupp,crosswalk_name
0000043920,"GREIF, INC",GREIF INC  -CL A,greif inc cl a,crosswalk_name
0000048465,HORMEL FOODS CORP /DE/,HORMEL FOODS CORP,hormel foods,crosswalk_name
0000048732,CENTERPOINT ENERGY HOUSTON ELECTRIC LLC,CENTERPOINT ENRG HOUSTON ELE,centerpoint enrg houston ele,crosswalk_name
0000049196,HUNTINGTON BANCSHARES INC /MD/,HUNTINGTON BANCSHARES,huntington bancshares,crosswalk_name
0000050493,INGLES MARKETS INC,INGLES MARKETS INC  -CL A,ingles markets inc cl a,crosswalk_name
0000051143,INTERNATIONAL BUSINESS MACHINES CORP,INTL BUSINESS MACHINES CORP,intl business machines,crosswalk_name
0000051253,INTERNATIONAL FLAVORS & FRAGRANCES INC,INTL FLAVORS & FRAGRANCES,intl flavors fragrances,crosswalk_name
0000051434,INTERNATIONAL PAPER CO /NEW/,INTL PAPER CO,intl paper,crosswalk_name
0000051644,"INTERPUBLIC GROUP OF COMPANIES, INC.",INTERPUBLIC GROUP OF COS,interpublic group of cos,crosswalk_name
0000054187,MAYS J W INC,MAYS (J.W.) INC,mays jw,crosswalk_name
0000054476,"EVERGY METRO, INC.",KANSAS CITY POWER & LIGHT CO,kansas city power light,crosswalk_name
0000054507,"EVERGY KANSAS CENTRAL, INC.",WESTAR ENERGY INC,westar energy,crosswalk_name
0000055135,KELLY SERVICES INC,KELLY SERVICES INC  -CL A,kelly services inc cl a,crosswalk_name
0000055234,KENILWORTH SYSTEMS CORP,GLOBAL ASSET MGMT GROUP INC,global asset mgmt,crosswalk_name
0000055529,KEWAUNEE SCIENTIFIC CORP /DE/,KEWAUNEE SCIENTIFIC CORP,kewaunee scientific,crosswalk_name
0000055785,KIMBERLY CLARK CORP,KIMBERLY-CLARK CORP,kimberlyclark,crosswalk_name
0000057183,SPIRE MISSOURI INC,LACLEDE GAS CO,laclede gas,crosswalk_name
0000057515,MARZETTI CO,MARZETTI CO (THE),marzetti co the,crosswalk_name
0000059255,VALHI INC /DE/,VALHI INC,valhi,crosswalk_name
0000059478,ELI LILLY & Co,LILLY (ELI) & CO,lilly eli,crosswalk_name
0000059527,LINCOLN ELECTRIC HOLDINGS INC,LINCOLN ELECTRIC HLDGS INC,lincoln electric hldgs,crosswalk_name
0000060549,LOUISVILLE GAS & ELECTRIC CO /KY/,LOUISVILLE GAS AND ELECTRIC,louisville gas and electric,crosswalk_name
0000060667,LOWES COMPANIES INC,LOWE'S COS INC,lowes cos,crosswalk_name
0000062709,"MARSH & MCLENNAN COMPANIES, INC.",MARSH,marsh,crosswalk_name
0000062996,MASCO CORP /DE/,MASCO CORP,masco,crosswalk_name
0000063276,MATTEL INC /DE/,MATTEL INC,mattel,crosswalk_name
0000063296,MATTHEWS INTERNATIONAL CORP,MATTHEWS INTL CORP  -CL A,matthews intl corp cl a,crosswalk_name
0000064463,"Soluna Holdings, Inc",SOLUNA HOLDINGS INC,soluna,crosswalk_name
0000065984,ENTERGY CORP /DE/,ENTERGY CORP,entergy,crosswalk_name
0000066901,"ENTERGY MISSISSIPPI, LLC",ENTERGY MISSISSSIPPI,entergy mississsippi,crosswalk_name
0000067887,MOOG INC.,MOOG INC  -CL A,moog inc cl a,crosswalk_name
0000069633,"NAPCO SECURITY TECHNOLOGIES, INC",NAPCO SECURITY TECH INC,napco security tech,crosswalk_name
0000070502,NATIONAL RURAL UTILITIES COOPERATIVE FINANCE CORP /DC/,NATIONAL RURAL UTIL COOP CP,national rural util coop cp,crosswalk_name
0000070858,BANK OF AMERICA CORP /DE/,BANK OF AMERICA CORP,bank of america,crosswalk_name
0000071691,NEW YORK TIMES CO,NEW YORK TIMES CO  -CL A,new york times co cl a,crosswalk_name
0000072633,NORTH EUROPEAN OIL ROYALTY TRUST,NORTH EUROPEAN OIL RTY TR,north european oil rty tr,crosswalk_name
0000072909,NORTHERN STATES POWER CO /WI/,NORTHERN STATES POWER/WI,northern states powerwi,crosswalk_name
0000072971,WELLS FARGO & COMPANY/MN,WELLS FARGO & CO,wells fargo,crosswalk_name
0000074046,Oil-Dri Corp of America,OIL DRI CORP AMERICA,oil dri corp america,crosswalk_name
0000074260,OLD REPUBLIC INTERNATIONAL CORP,OLD REPUBLIC INTL CORP,old republic intl,crosswalk_name
0000075252,OWENS & MINOR INC/VA/,ACCENDRA HEALTH INC,accendra health,crosswalk_name
0000075594,PACIFICORP /OR/,PACIFICORP,pacificorp,crosswalk_name
0000078239,PVH CORP. /DE/,PVH CORP,pvh,crosswalk_name
0000078814,PITNEY BOWES INC /DE/,PITNEY BOWES INC,pitney bowes,crosswalk_name
0000080172,NATIONAL PRESTO INDUSTRIES INC,NATIONAL PRESTO INDS INC,national presto inds,crosswalk_name
0000080661,PROGRESSIVE CORP/OH/,PROGRESSIVE CORP-OHIO,progressive corpohio,crosswalk_name
0000081018,PUBLIC SERVICE CO OF COLORADO,PUBLIC SERVICE CO OF COLO,public service co of colo,crosswalk_name
0000081023,PUBLIC SERVICE CO OF NEW MEXICO,PUBLIC SERVICE CO OF NEW MEX,public service co of new mex,crosswalk_name
0000081027,PUBLIC SERVICE CO OF OKLAHOMA,PUBLIC SERVICE CO OF OKLA,public service co of okla,crosswalk_name
0000081033,PUBLIC SERVICE ELECTRIC & GAS CO,PUBLIC SERVICE ELEC & GAS CO,public service elec gas,crosswalk_name
0000081362,QUAKER CHEMICAL CORP,QUAKER HOUGHTON,quaker houghton,crosswalk_name
0000082020,UNITED STATES LIME & MINERALS INC,U S LIME & MINERALS,u s lime minerals,crosswalk_name
0000082473,INNSUITES HOSPITALITY TRUST,INNSUITES HOSPITALITY TR,innsuites hospitality tr,crosswalk_name
0000083246,HSBC USA INC /MD/,HSBC USA INC,hsbc usa,crosswalk_name
0000084112,"GEORGE RISK INDUSTRIES, INC.",RISK(GEORGE) INDUSTRIES INC,riskgeorge industries,crosswalk_name
0000086312,"TRAVELERS COMPANIES, INC.",TRAVELERS COS INC,travelers cos,crosswalk_name
0000087347,SCHLUMBERGER LIMITED/NV,SLB LTD,slb,crosswalk_name
0000088000,Horizon Kinetics Holding Corp,HORIZON KINETICS HLDING CORP,horizon kinetics hlding,crosswalk_name
0000088121,SEABOARD CORP /DE/,SEABOARD CORP,seaboard,crosswalk_name
0000089140,SERVOTRONICS INC /DE/,SERVOTRONICS INC,servotronics,crosswalk_name
0000089800,SHERWIN WILLIAMS CO,SHERWIN-WILLIAMS CO,sherwinwilliams,crosswalk_name
0000090498,SIMMONS FIRST NATIONAL CORP,SIMMONS FIRST NATL CP  -CL A,simmons first natl cp cl a,crosswalk_name
0000091142,SMITH A O CORP,SMITH (A.O.),smith ao,crosswalk_name
0000091419,J M SMUCKER Co,SMUCKER (JM) CO,smucker jm,crosswalk_name
0000091576,KEYCORP /NEW/,KEYCORP,keycorp,crosswalk_name
0000091882,"DOMINION ENERGY SOUTH CAROLINA, INC.",SOUTH CAROLINA ELEC & GAS CO,south carolina elec gas,crosswalk_name
0000092487,SOUTHWESTERN ELECTRIC POWER CO,SOUTHWESTERN ELECTRIC PWR CO,southwestern electric pwr,crosswalk_name
0000092521,SOUTHWESTERN PUBLIC SERVICE CO,SOUTHWESTERN PUBLIC SVC CO,southwestern public svc,crosswalk_name
0000093389,"STANDARD MOTOR PRODUCTS, INC.",STANDARD MOTOR PRODS,standard motor prods,crosswalk_name
0000095552,SUPERIOR INDUSTRIES INTERNATIONAL INC,SUPERIOR INDUSTRIES INTL,superior industries intl,crosswalk_name
0000095574,"SUPERIOR GROUP OF COMPANIES, INC.",SUPERIOR GROUP OF COS INC,superior group of cos,crosswalk_name
0000096223,Jefferies Financial Group Inc.,JEFFERIES FINANCIAL GRP INC,jefferies financial grp,crosswalk_name
0000099250,"TRANSCONTINENTAL GAS PIPE LINE COMPANY, LLC",TRANSCONTINENTAL GAS PIPE LN,transcontinental gas pipe ln,crosswalk_name
0000100493,"TYSON FOODS, INC.",TYSON FOODS INC  -CL A,tyson foods inc cl a,crosswalk_name
0000100517,"United Airlines Holdings, Inc.",UNITED AIRLINES HOLDINGS INC,united airlines,crosswalk_name
0000100790,UNION CARBIDE CORP /NEW/,UNION CARBIDE CORP,union carbide,crosswalk_name
0000101295,UNITED GUARDIAN INC,UNITED-GUARDIAN INC,unitedguardian,crosswalk_name
0000101538,UNITED STATES ANTIMONY CORP,U S ANTIMONY CORP,u s antimony,crosswalk_name
0000102037,UNIVERSAL CORP /VA/,UNIVERSAL CORP/VA,universal corpva,crosswalk_name
0000102109,"UNIVERSAL SAFETY PRODUCTS, INC.",UNIVERSAL SAFETY PRDUCTS INC,universal safety prducts,crosswalk_name
0000103379,V F CORP,VF CORP,vf,crosswalk_name
0000103595,VILLAGE SUPER MARKET INC,VILLAGE SUPER MARKET  -CL A,village super market cl a,crosswalk_name
0000105132,WD 40 CO,WD-40 CO,wd40,crosswalk_name
0000105634,"EMCOR Group, Inc.",EMCOR GROUP INC,emcor,crosswalk_name
0000105770,WEST PHARMACEUTICAL SERVICES INC,WEST PHARMACEUTICAL SVSC INC,west pharmaceutical svsc,crosswalk_name
0000106640,WHIRLPOOL CORP /DE/,WHIRLPOOL CORP,whirlpool,crosswalk_name
0000107140,"JOHN WILEY & SONS, INC.",WILEY (JOHN) & SONS  -CL A,wiley john sons cl a,crosswalk_name
0000107263,"WILLIAMS COMPANIES, INC.",WILLIAMS COS INC,williams cos,crosswalk_name
0000107833,WISCONSIN PUBLIC SERVICE CORP,WISCONSIN PUBLIC SERVICE CP,wisconsin public service cp,crosswalk_name
0000108385,WORLD ACCEPTANCE CORP,WORLD ACCEPTANCE CORP/DE,world acceptance corpde,crosswalk_name
0000109177,"Spectrum Brands Holdings, Inc.",SPECTRUM BRND HLDG INC,spectrum brnd hldg,crosswalk_name
0000109198,TJX COMPANIES INC /DE/,TJX COS INC (THE),tjx cos inc the,crosswalk_name
0000109380,"ZIONS BANCORPORATION, NATIONAL ASSOCIATION /UT/",ZIONS BANCORPORATION NA,zions bancorporation na,crosswalk_name
0000109563,APPLIED INDUSTRIAL TECHNOLOGIES INC,APPLIED INDUSTRIAL TECH INC,applied industrial tech,crosswalk_name
0000110471,WOLVERINE WORLD WIDE INC /DE/,WOLVERINE WORLD WIDE,wolverine world wide,crosswalk_name
0000110621,RPM INTERNATIONAL INC/DE/,RPM INTERNATIONAL INC,rpm international,crosswalk_name
0000202058,"L3HARRIS TECHNOLOGIES, INC. /DE/",L3HARRIS TECHNOLOGIES INC,l3harris technologies,crosswalk_name
0000202947,CAPITAL PROPERTIES INC /RI/,CAPITAL PROPERTIES INC,capital properties,crosswalk_name
0000216085,HAVERTY FURNITURE COMPANIES INC,HAVERTY FURNITURE,haverty furniture,crosswalk_name
0000230557,SELECTIVE INSURANCE GROUP INC,SELECTIVE INS GROUP INC,selective ins,crosswalk_name
0000275053,NATURES SUNSHINE PRODUCTS INC,NATURES SUNSHINE PRODS INC,natures sunshine prods,crosswalk_name
0000277135,"W.W. GRAINGER, INC.",GRAINGER (W W) INC,grainger w w,crosswalk_name
0000277509,FEDERAL SIGNAL CORP /DE/,FEDERAL SIGNAL CORP,federal signal,crosswalk_name
0000310158,"Merck & Co., Inc.",MERCK & CO INC,merck,crosswalk_name
0000310354,STANDEX INTERNATIONAL CORP/DE/,STANDEX INTERNATIONAL CORP,standex international,crosswalk_name
0000310522,FEDERAL NATIONAL MORTGAGE ASSOCIATION FANNIE MAE,FEDERAL NATIONAL MORTGA ASSN,federal national mortga assn,crosswalk_name
0000313364,MESA ROYALTY TRUST/TX,MESA ROYALTY TRUST,mesa royalty trust,crosswalk_name
0000313616,DANAHER CORP /DE/,DANAHER CORP,danaher,crosswalk_name
0000313927,CHURCH & DWIGHT CO INC /DE/,CHURCH & DWIGHT INC,church dwight,crosswalk_name
0000314203,McEwen Mining Inc.,MCEWEN INC,mcewen,crosswalk_name
0000314227,"TOMI Environmental Solutions, Inc.",TOMI ENVIRONMENTAL SOLUTINS,tomi environmental solutins,crosswalk_name
0000314489,FIRST BUSEY CORP /NV/,FIRST BUSEY CORP,first busey,crosswalk_name
0000314808,Valaris Ltd,VALARIS LIMITED,valaris limited,crosswalk_name
0000315256,PUBLIC SERVICE CO OF NEW HAMPSHIRE,PUBLIC SERVICE CO/N H,public service con h,crosswalk_name
0000315374,HURCO COMPANIES INC,HURCO COS INC,hurco cos,crosswalk_name
0000315709,INTERNATIONAL BANCSHARES CORP,INTL BANCSHARES CORP,intl bancshares,crosswalk_name
0000315958,CREDITRISKMONITOR COM INC,CREDITRISKMONITOR.COM INC,creditriskmonitorcom,crosswalk_name
0000317540,"Coca-Cola Consolidated, Inc.",COCA COLA CONSOLIDATED INC,coca cola consolidated,crosswalk_name
0000318299,"SPARTA COMMERCIAL SERVICES, INC.",SPARTA COMMERCIAL SERVIC INC,sparta commercial servic,crosswalk_name
0000318300,PEOPLES BANCORP INC,PEOPLES BANCORP INC/OH,peoples bancorp incoh,crosswalk_name
0000318673,SECURITY NATIONAL FINANCIAL CORP,SECURITY NATL FINL CP  -CL A,security natl finl cp cl a,crosswalk_name
0000319655,SAN JUAN BASIN ROYALTY TRUST,SAN JUAN BASIN ROYALTY TR,san juan basin royalty tr,crosswalk_name
0000320121,TELOS CORP,TELOS CORP/MD,telos corpmd,crosswalk_name
0000320187,"NIKE, Inc.",NIKE INC  -CL B,nike inc cl b,crosswalk_name
0000350852,COMMUNITY TRUST BANCORP INC /KY/,COMMUNITY TRUST BANCORP INC,community trust bancorp,crosswalk_name
0000351789,ELECTRO SENSORS INC,ELECTRO-SENSORS INC,electrosensors,crosswalk_name
0000352825,FOSTER L B CO,FOSTER (LB) CO,foster lb,crosswalk_name
0000352915,UNIVERSAL HEALTH SERVICES INC,UNIVERSAL HEALTH SVCS INC,universal health svcs,crosswalk_name
0000352991,ADVANCED OXYGEN TECHNOLOGIES INC,ADVANCED OXYGEN TECHNOLOGY,advanced oxygen technology,crosswalk_name
0000354707,HAWAIIAN ELECTRIC INDUSTRIES INC,HAWAIIAN ELECTRIC INDS,hawaiian electric inds,crosswalk_name
0000354963,SHENANDOAH TELECOMMUNICATIONS CO/VA/,SHENANDOAH TELECOMMUN CO,shenandoah telecommun,crosswalk_name
0000356037,CSP INC /MA/,CSP INC,csp,crosswalk_name
0000357173,OLD SECOND BANCORP INC,OLD SECOND BANCORP INC/IL,old second bancorp incil,crosswalk_name
0000357294,HOVNANIAN ENTERPRISES INC,HOVNANIAN ENTRPRS INC  -CL A,hovnanian entrprs inc cl a,crosswalk_name
0000357301,TRUSTCO BANK CORP N Y,TRUSTCO BANK CORP/NY,trustco bank corpny,crosswalk_name
0000701347,CENTRAL PACIFIC FINANCIAL CORP,CENTRAL PACIFIC FINANCIAL CP,central pacific financial cp,crosswalk_name
0000703351,"BRINKER INTERNATIONAL, INC",BRINKER INTL INC,brinker intl,crosswalk_name
0000703604,"Distribution Solutions Group, Inc.",DISTRIBUTION SOLUTIO GRO INC,distribution solutio gro,crosswalk_name
0000706129,HORIZON BANCORP INC /IN/,HORIZON BANCORP INC,horizon bancorp,crosswalk_name
0000707179,OLD NATIONAL BANCORP /IN/,OLD NATIONAL BANCORP,old national bancorp,crosswalk_name
0000707388,"STAR EQUITY HOLDINGS, INC.",STAR EQUITY HOLDING INC -OLD,star equity holding inc old,crosswalk_name
0000707605,AMERISERV FINANCIAL INC /PA/,AMERISERV FINANCIAL INC/PA,ameriserv financial incpa,crosswalk_name
0000708955,FIRST FINANCIAL BANCORP /OH/,FIRST FINL BANCORP INC/OH,first finl bancorp incoh,crosswalk_name
0000709283,QUANTUM CORP /DE/,QUANTUM CORP,quantum,crosswalk_name
0000709337,FARMERS NATIONAL BANC CORP /OH/,FARMERS NATL BANC CORP/OH,farmers natl banc corpoh,crosswalk_name
0000711404,"COOPER COMPANIES, INC.",COOPER COS INC (THE),cooper cos inc the,crosswalk_name
0000712537,FIRST COMMONWEALTH FINANCIAL CORP /PA/,FIRST COMMONWLTH FINL CP/PA,first commonwlth finl cppa,crosswalk_name
0000713676,"PNC FINANCIAL SERVICES GROUP, INC.",PNC FINANCIAL SVCS GROUP INC,pnc financial svcs,crosswalk_name
0000714562,FIRST FINANCIAL CORP /IN/,FIRST FINANCIAL CORP,first financial,crosswalk_name
0000714712,JUNIATA VALLEY FINANCIAL CORP,JUNIATA VALLEY FINANCIAL CP,juniata valley financial cp,crosswalk_name
0000716634,READING INTERNATIONAL INC,READING INTL INC  -CL A,reading intl inc cl a,crosswalk_name
0000716643,REGIS CORP,REGIS CORP/MN,regis corpmn,crosswalk_name
0000717605,HEXCEL CORP /DE/,HEXCEL CORP,hexcel,crosswalk_name
0000718332,"RAVE RESTAURANT GROUP, INC.",RAVE RESTAURANT GROUP INC,rave restaurant,crosswalk_name
0000718413,COMMUNITY BANCORP /VT,COMMUNITY BANCORP INC/VT,community bancorp incvt,crosswalk_name
0000719220,S&T BANCORP INC,S & T BANCORP INC,s t bancorp,crosswalk_name
0000719402,FIRST NATIONAL CORP /VA/,FIRST NATIONAL CORP/VA,first national corpva,crosswalk_name
0000719413,HECLA MINING CO/DE/,HECLA MINING CO,hecla mining,crosswalk_name
0000719955,WILLIAMS SONOMA INC,WILLIAMS-SONOMA INC,williamssonoma,crosswalk_name
0000723188,"COMMUNITY FINANCIAL SYSTEM, INC.",COMMUNITY FINANCIAL SYST INC,community financial syst,crosswalk_name
0000723612,"AVIS BUDGET GROUP, INC.",AVIS BUDGET GROUP INC,avis budget,crosswalk_name
0000723646,FRANKLIN FINANCIAL SERVICES CORP /PA/,FRANKLIN FINANCIAL SVCS CORP,franklin financial svcs,crosswalk_name
0000724004,MESA LABORATORIES INC /CO/,MESA LABORATORIES INC,mesa laboratories,crosswalk_name
0000724910,NVE CORP /NEW/,NVE CORP,nve,crosswalk_name
0000726601,CAPITAL CITY BANK GROUP INC,CAPITAL CITY BK GROUP INC,capital city bk,crosswalk_name
0000728535,HUNT J B TRANSPORT SERVICES INC,HUNT (JB) TRANSPRT SVCS INC,hunt jb transprt svcs,crosswalk_name
0000729580,BEL FUSE INC /NJ,BEL FUSE INC,bel fuse,crosswalk_name
0000730464,Adtalem Global Education Inc.,COVISTA INC,covista,crosswalk_name
0000730708,SEACOAST BANKING CORP OF FLORIDA,SEACOAST BANKING CORP/FL,seacoast banking corpfl,crosswalk_name
0000731653,UNITED BANCORP INC /OH/,UNITED BANCORP INC/OH,united bancorp incoh,crosswalk_name
0000733076,BRIGHTHOUSE LIFE INSURANCE Co,BRIGHTHOUSE LIFE INSURNCE CO,brighthouse life insurnce,crosswalk_name
0000733269,"LiveRamp Holdings, Inc.",LIVERAMP HOLDINGS INC,liveramp,crosswalk_name
0000733590,TRANSCONTINENTAL REALTY INVESTORS INC,TRANSCONTINENTAL RLTY INVS,transcontinental rlty invs,crosswalk_name
0000737468,WASHINGTON TRUST BANCORP INC,WASHINGTON TR BANCORP INC,washington tr bancorp,crosswalk_name
0000739421,CITIZENS FINANCIAL SERVICES INC,CITIZENS FINANCIAL SVCS INC,citizens financial svcs,crosswalk_name
0000740663,FIRST OF LONG ISLAND CORP,FIRST LONG ISLAND CORP,first long island,crosswalk_name
0000740806,F&M BANK CORP,F & M BANK CORP,f m bank,crosswalk_name
0000744825,AMERICAN SHARED HOSPITAL SERVICES,AMERICAN SHARED HSPTL SERV,american shared hsptl serv,crosswalk_name
0000746210,"Oblong, Inc.",TAOWEAVE INC,taoweave,crosswalk_name
0000746514,NEW ENGLAND REALTY ASSOCIATES LIMITED PARTNERSHIP,NEW ENGLAND REALTY ASSC  -LP,new england realty assc lp,crosswalk_name
0000746515,EXPEDITORS INTERNATIONAL OF WASHINGTON INC,EXPEDITORS INTL WASH INC,expeditors intl wash,crosswalk_name
0000748268,"Red Cat Holdings, Inc.",RED CAT HOLDINGS INC,red cat,crosswalk_name
0000748592,Eterna Therapeutics Inc.,ERNEXA THERAPEUTICS INC,ernexa therapeutics,crosswalk_name
0000750574,"AUBURN NATIONAL BANCORPORATION, INC",AUBURN NATIONAL BANCORP,auburn national bancorp,crosswalk_name
0000759944,CITIZENS FINANCIAL GROUP INC/RI,CITIZENS FINANCIAL GROUP INC,citizens financial,crosswalk_name
0000760498,BANCFIRST CORP /OK/,BANCFIRST CORP/OK,bancfirst corpok,crosswalk_name
0000763907,FIRST UNITED CORP/MD/,FIRST UNITED CORP,first united,crosswalk_name
0000764038,SouthState Corp,SOUTH STATE BANK CORP,south state bank,crosswalk_name
0000764180,"ALTRIA GROUP, INC.",ALTRIA GROUP INC,altria,crosswalk_name
0000764764,CATERPILLAR FINANCIAL SERVICES CORP,CATERPILLAR FINANCIAL SVCS,caterpillar financial svcs,crosswalk_name
0000765207,"First Bancorp, Inc /ME/",FIRST BANCORP INC/ME,first bancorp incme,crosswalk_name
0000766421,"ALASKA AIR GROUP, INC.",ALASKA AIR GROUP INC,alaska air,crosswalk_name
0000766829,SJW GROUP,H2O AMERICA,h2o america,crosswalk_name
0000767405,"SB FINANCIAL GROUP, INC.",SB FINANCIAL GROUP INC,sb financial,crosswalk_name
0000770460,PEOPLES FINANCIAL CORP /MS/,PEOPLES FINANCIAL CORP/MS,peoples financial corpms,crosswalk_name
0000771497,ABM INDUSTRIES INC /DE/,ABM INDUSTRIES INC,abm industries,crosswalk_name
0000773141,"M.D.C. HOLDINGS, INC.",MDC HOLDINGS INC,mdc,crosswalk_name
0000773717,"American Clean Resources Group, Inc.",AMERICAN CLEAN RES GRP INC,american clean res grp,crosswalk_name
0000776867,WHITE MOUNTAINS INSURANCE GROUP LTD,WHITE MTNS INS GROUP LTD,white mtns ins,crosswalk_name
0000776901,INDEPENDENT BANK CORP,INDEPENDENT BANK CORP/MA,independent bank corpma,crosswalk_name
0000779152,JACK HENRY & ASSOCIATES INC,HENRY (JACK) & ASSOCIATES,henry jack associates,crosswalk_name
0000783325,"WEC ENERGY GROUP, INC.",WEC ENERGY GROUP INC,wec energy,crosswalk_name
0000784977,PORTLAND GENERAL ELECTRIC CO /OR/,PORTLAND GENERAL ELECTRIC CO,portland general electric,crosswalk_name
0000785956,J&J SNACK FOODS CORP,J & J SNACK FOODS CORP,j j snack foods,crosswalk_name
0000787253,NATURAL ALTERNATIVES INTERNATIONAL INC,NATURAL ALTERNATIVES,natural alternatives,crosswalk_name
0000788329,JOHNSON OUTDOORS INC,JOHNSON OUTDOORS INC  -CL A,johnson outdoors inc cl a,crosswalk_name
0000788784,PUBLIC SERVICE ENTERPRISE GROUP INC,PUBLIC SERVICE ENTRP GRP INC,public service entrp grp,crosswalk_name
0000788920,PRO DEX INC,PRO-DEX INC/CO,prodex incco,crosswalk_name
0000789933,NACCO INDUSTRIES INC,NACCO INDUSTRIES  -CL A,nacco industries cl a,crosswalk_name
0000790051,CARLISLE COMPANIES INC,CARLISLE COS INC,carlisle cos,crosswalk_name
0000790359,NBT BANCORP INC,N B T BANCORP INC,n b t bancorp,crosswalk_name
0000792966,FARMERS & MERCHANTS BANCORP INC,FARMERS & MERCHANTS BCP/OH,farmers merchants bcpoh,crosswalk_name
0000794323,"Level 3 Parent, LLC",LEVEL 3 COMMUNICATIONS INC,level 3 communications,crosswalk_name
0000796534,NATIONAL BANKSHARES INC,NATIONAL BANKSHARES INC VA,national bankshares inc va,crosswalk_name
0000797465,"HG Holdings, Inc.",HG HOLDINGS INC,hg,crosswalk_name
0000797468,OCCIDENTAL PETROLEUM CORP /DE/,OCCIDENTAL PETROLEUM CORP,occidental petroleum,crosswalk_name
0000798359,CENTERSPACE,CENTRESPACE,centrespace,crosswalk_name
0000798783,UNIVERSAL HEALTH REALTY INCOME TRUST,UNIVERSAL HEALTH RLTY INCOME,universal health rlty income,crosswalk_name
0000798941,FIRST CITIZENS BANCSHARES INC /DE/,FIRST CITIZENS BANCSH  -CL A,first citizens bancsh cl a,crosswalk_name
0000803649,EQC Liquidating Trust,EQUITY COMMONWEALTH,equity commonwealth,crosswalk_name
0000804269,"General Motors Financial Company, Inc.",GENERAL MOTORS FINL CO INC,general motors finl,crosswalk_name
0000804328,QUALCOMM INC/DE,QUALCOMM INC,qualcomm,crosswalk_name
0000805676,PARK NATIONAL CORP /OH/,PARK NATIONAL CORP,park national,crosswalk_name
0000806172,SONO TEK CORP,SONO-TEK CORP,sonotek,crosswalk_name
0000811589,FIRST BANCORP /NC/,FIRST BANCORP/NC,first bancorpnc,crosswalk_name
0000811641,IMMUCELL CORP /DE/,IMMUCELL CORP,immucell,crosswalk_name
0000812074,"O-I Glass, Inc. /DE/",O-I GLASS INC,oi glass,crosswalk_name
0000813298,"DESTINATION XL GROUP, INC.",DESTINATION XL GROUP INC,destination xl,crosswalk_name
0000814676,CPS TECHNOLOGIES CORP/DE/,CPS TECHNOLOGIES CORP,cps technologies,crosswalk_name
0000815097,CARNIVAL CORP,CARNIVAL CORPORATION & PLC,carnival corporation,crosswalk_name
0000815917,JONES FINANCIAL COMPANIES LLLP,JONES FINANCIAL COS  -LP,jones financial cos lp,crosswalk_name
0000816761,TERADATA CORP /DE/,TERADATA CORP,teradata,crosswalk_name
0000818033,"HERON THERAPEUTICS, INC. /DE/",HERON THERAPEUTICS INC,heron therapeutics,crosswalk_name
0000818686,TEVA PHARMACEUTICAL INDUSTRIES LTD,TEVA PHARMACEUTICALS,teva pharmaceuticals,crosswalk_name
0000819793,ALBANY INTERNATIONAL CORP /DE/,ALBANY INTL CORP  -CL A,albany intl corp cl a,crosswalk_name
0000820313,AMPHENOL CORP /DE/,AMPHENOL CORP,amphenol,crosswalk_name
0000820771,Goliath Film & Media Holdings,GOLIATH FILM & MEDIA HLDGS,goliath film media hldgs,crosswalk_name
0000821002,G III APPAREL GROUP LTD /DE/,G-III APPAREL GROUP LTD,giii apparel,crosswalk_name
0000821130,UNITED STATES CELLULAR CORP,ARRAY DIG INFRASTRUCTURE INC,array dig infrastructure,crosswalk_name
0000821483,"PAR PACIFIC HOLDINGS, INC.",PAR PACIFIC HOLDINGS INC,par pacific,crosswalk_name
0000822416,PULTEGROUP INC/MI/,PULTEGROUP INC,pultegroup,crosswalk_name
0000826154,ORRSTOWN FINANCIAL SERVICES INC,ORRSTOWN FINANCIAL SVCS INC,orrstown financial svcs,crosswalk_name
0000832101,IDEX CORP /DE/,IDEX CORP,idex,crosswalk_name
0000832428,E.W. SCRIPPS Co,EW SCRIPPS  -CL A,ew scripps cl a,crosswalk_name
0000833444,Johnson Controls International plc,JOHNSON CONTROLS INTL PLC,johnson controls intl,crosswalk_name
0000836690,INNOVATIVE SOLUTIONS & SUPPORT INC,INNOVATIVE SOLTNS & SUPP INC,innovative soltns supp,crosswalk_name
0000837010,VOYA RETIREMENT INSURANCE & ANNUITY Co,VOYA RETIREMENT INS &ANNUITY,voya retirement ins annuity,crosswalk_name
0000837465,Topgolf Callaway Brands Corp.,CALLAWAY GOLF CO,callaway golf,crosswalk_name
0000840489,"FirstCash Holdings, Inc.",FIRSTCASH HOLDINGS INC,firstcash,crosswalk_name
0000844059,"FRP HOLDINGS, INC.",FRP HOLDINGS INC,frp,crosswalk_name
0000844856,Healthier Choices Management Corp.,HEALTHIER CHOICES MNGMT CORP,healthier choices mngmt,crosswalk_name
0000844965,TETRA TECHNOLOGIES INC,TETRA TECHNOLOGIES INC/DE,tetra technologies incde,crosswalk_name
0000845877,FEDERAL AGRICULTURAL MORTGAGE CORP,FEDERAL AGRICULTURE MTG CP,federal agriculture mtg cp,crosswalk_name
0000846617,"Dime Community Bancshares, Inc. /NY/",DIME COMMUNITY BANCSHARES,dime community bancshares,crosswalk_name
0000847942,STRATEGIC ACQUISITIONS INC /NV/,STRATEGIC ACQUISITIONS INC,strategic acquisitions,crosswalk_name
0000849401,"ADM TRONICS UNLIMITED, INC.",ADM TRONICS UNLIMITED INC/DE,adm tronics unlimited incde,crosswalk_name
0000850141,HORACE MANN EDUCATORS CORP /DE/,HORACE MANN EDUCATORS CORP,horace mann educators,crosswalk_name
0000856984,"QHSLab, Inc.",AMER BIOGENETIC SCI  -CL A,amer biogenetic sci cl a,crosswalk_name
0000859070,FIRST COMMUNITY BANKSHARES INC /VA/,FIRST CMNTY BANCSHARES INC,first cmnty bancshares,crosswalk_name
0000860748,KEMPER Corp,KEMPER CORP/DE,kemper corpde,crosswalk_name
0000862692,CRYO CELL INTERNATIONAL INC,CRYO-CELL INTERNATIONAL INC,cryocell international,crosswalk_name
0000863110,ARTESIAN RESOURCES CORP,ARTESIAN RESOURCES  -CL A,artesian resources cl a,crosswalk_name
0000867840,"PRECISION OPTICS CORPORATION, INC.",PRECISION OPTICS CORP INC,precision optics,crosswalk_name
0000874501,AMBAC FINANCIAL GROUP INC,OCTAVE SPECIALTY GROUP INC,octave specialty,crosswalk_name
0000874716,IDEXX LABORATORIES INC /DE,IDEXX LABS INC,idexx labs,crosswalk_name
0000874761,AES CORP,AES CORP (THE),aes corp the,crosswalk_name
0000874766,"HARTFORD INSURANCE GROUP, INC.",HARTFORD INSURANCE GROUP INC,hartford insurance,crosswalk_name
0000875320,VERTEX PHARMACEUTICALS INC / MA,VERTEX PHARMACEUTICALS INC,vertex pharmaceuticals,crosswalk_name
0000875355,"LENDWAY, INC.",BLOOMIA HOLDINGS INC,bloomia,crosswalk_name
0000875582,NORTHERN TECHNOLOGIES INTERNATIONAL CORP,NORTHERN TECH INTL,northern tech intl,crosswalk_name
0000875729,BION ENVIRONMENTAL TECHNOLOGIES INC,BION ENVIRONMENTAL TECH INC,bion environmental tech,crosswalk_name
0000876167,PROGRESS SOFTWARE CORP /MA,PROGRESS SOFTWARE CORP,progress software,crosswalk_name
0000876343,"Lineage Cell Therapeutics, Inc.",LINEAGE CELL THERAPEUTICS IN,lineage cell therapeutics in,crosswalk_name
0000876437,MGIC INVESTMENT CORP,MGIC INVESTMENT CORP/WI,mgic investment corpwi,crosswalk_name
0000876523,EZCORP INC,EZCORP INC  -CL A,ezcorp inc cl a,crosswalk_name
0000877212,ZEBRA TECHNOLOGIES CORP,ZEBRA TECHNOLOGIES CP  -CL A,zebra technologies cp cl a,crosswalk_name
0000878927,"OLD DOMINION FREIGHT LINE, INC.",OLD DOMINION FREIGHT,old dominion freight,crosswalk_name
0000879407,"ARROWHEAD PHARMACEUTICALS, INC.",ARROWHEAD PHARMACEUTICAL INC,arrowhead pharmaceutical,crosswalk_name
0000880117,SANFILIPPO JOHN B & SON INC,SANFILIPPO JOHN B&SON,sanfilippo john bson,crosswalk_name
0000880266,AGCO CORP /DE,AGCO CORP,agco,crosswalk_name
0000880417,"CSB Bancorp, Inc.",CSB BANCORP INC/OH,csb bancorp incoh,crosswalk_name
0000880807,AMERICAN SUPERCONDUCTOR CORP /DE/,AMERICAN SUPERCONDUCTOR CP,american superconductor cp,crosswalk_name
0000882184,HORTON D R INC /DE/,D R HORTON INC,d r horton,crosswalk_name
0000883107,NANOPHASE TECHNOLOGIES Corp,SOLESENCE INC,solesence,crosswalk_name
0000883237,"VIRTUS INVESTMENT PARTNERS, INC.",VIRTUS INVESTMENT PTNRS INC,virtus investment ptnrs,crosswalk_name
0000883569,"Fossil Group, Inc.",FOSSIL GROUP INC,fossil,crosswalk_name
0000883902,"Cornerstone Building Brands, Inc.",CORNERSTNE BULDNG BRNDS INC,cornerstne buldng brnds,crosswalk_name
0000883948,Atlantic Union Bankshares Corp,ATLANTIC UNION BANKSHRS CRP,atlantic union bankshrs crp,crosswalk_name
0000883984,ICU MEDICAL INC/DE,ICU MEDICAL INC,icu medical,crosswalk_name
0000884219,"Pursuit Attractions & Hospitality, Inc.",PURSUIT ATTRC AND HSPTLY INC,pursuit attrc and hsptly,crosswalk_name
0000884614,UGI CORP /PA/,UGI CORP,ugi,crosswalk_name
0000884887,ROYAL CARIBBEAN CRUISES LTD,ROYAL CARIBBEAN GROUP,royal caribbean,crosswalk_name
0000885307,JEWETT CAMERON TRADING CO LTD,JEWETT-CAMERON TRADING CO,jewettcameron trading,crosswalk_name
0000885568,OLD DOMINION ELECTRIC COOPERATIVE,OLD DOMINION ELECTRIC COOP,old dominion electric coop,crosswalk_name
0000885975,CINEMARK USA INC /TX,CINEMARK USA INC,cinemark usa,crosswalk_name
0000885978,U S PHYSICAL THERAPY INC /NV,US PHYSICAL THERAPY INC,us physical therapy,crosswalk_name
0000886163,LIGAND PHARMACEUTICALS INC,LIGAND PHARMACEUTICAL INC,ligand pharmaceutical,crosswalk_name
0000888491,OMEGA HEALTHCARE INVESTORS INC,OMEGA HEALTHCARE INVS INC,omega healthcare invs,crosswalk_name
0000888981,NOCOPI TECHNOLOGIES INC/MD/,NOCOPI TECHNOLOGIES INC,nocopi technologies,crosswalk_name
0000889331,LITTELFUSE INC /DE,LITTELFUSE INC,littelfuse,crosswalk_name
0000889609,"CONSUMER PORTFOLIO SERVICES, INC.",CONSUMER PORTFOLIO SVCS INC,consumer portfolio svcs,crosswalk_name
0000889900,PATTERSON UTI ENERGY INC,PATTERSON-UTI ENERGY INC,pattersonuti energy,crosswalk_name
0000891103,"Match Group, Inc.",MATCH GROUP INC,match,crosswalk_name
0000891166,"UNIVERSAL INSURANCE HOLDINGS, INC.",UNIVERSAL INSURANCE HLDGS,universal insurance hldgs,crosswalk_name
0000891532,PERMA FIX ENVIRONMENTAL SERVICES INC,PERMA-FIX ENVIRONMENTAL SVCS,permafix environmental svcs,crosswalk_name
0000893949,"Pediatrix Medical Group, Inc.",PEDIATRIX MEDICAL GROUP INC,pediatrix medical,crosswalk_name
0000894081,"Air Transport Services Group, Inc.",AIR TRANSPORT SERVICES GROUP,air transport services,crosswalk_name
0000894405,ARCBEST CORP /DE/,ARCBEST CORP,arcbest,crosswalk_name
0000894556,"General Enterprise Ventures, Inc.",CITROTECH INC,citrotech,crosswalk_name
0000894627,VAALCO ENERGY INC /DE/,VAALCO ENERGY INC,vaalco energy,crosswalk_name
0000894871,"Arena Group Holdings, Inc.",ARENA GROUP HLDNGS INC (THE),arena group hldngs inc the,crosswalk_name
0000895417,EQUITY LIFESTYLE PROPERTIES INC,EQUITY LIFESTYLE PPTYS INC,equity lifestyle pptys,crosswalk_name
0000897448,AMARIN CORP PLC\UK,AMARIN CORPORATION PLC,amarin corporation,crosswalk_name
0000898173,O REILLY AUTOMOTIVE INC,O'REILLY AUTOMOTIVE INC,oreilly automotive,crosswalk_name
0000898174,REINSURANCE GROUP OF AMERICA INC,REINSURANCE GROUP AMER INC,reinsurance group amer,crosswalk_name
0000899045,LAMAR MEDIA CORP/DE,LAMAR MEDIA CORP,lamar media,crosswalk_name
0000902791,BARRETT BUSINESS SERVICES INC,BARRETT BUSINESS SVCS INC,barrett business svcs,crosswalk_name
0000908311,Creative Media & Community Trust Corp,CREATIVE MEDIA & COM TR CORP,creative media com tr,crosswalk_name
0000909108,DIAMOND HILL INVESTMENT GROUP INC,DIAMOND HILL INVESTMENT GRP,diamond hill investment grp,crosswalk_name
0000909494,TUCOWS INC /PA/,TUCOWS INC,tucows,crosswalk_name
0000909832,COSTCO WHOLESALE CORP /NEW,COSTCO WHOLESALE CORP,costco wholesale,crosswalk_name
0000910073,"FLAGSTAR FINANCIAL, INC.",FLAGSTAR BANK NA,flagstar bank na,crosswalk_name
0000910612,CBL & ASSOCIATES PROPERTIES INC,CBL & ASSOCIATES PPTYS INC,cbl associates pptys,crosswalk_name
0000911147,CENTURY CASINOS INC /CO/,CENTURY CASINOS INC,century casinos,crosswalk_name
0000911177,CASELLA WASTE SYSTEMS INC,CASELLA WASTE SYS INC  -CL A,casella waste sys inc cl a,crosswalk_name
0000912595,MID AMERICA APARTMENT COMMUNITIES INC.,MID-AMERICA APT CMNTYS INC,midamerica apt cmntys,crosswalk_name
0000913241,"STEVEN MADDEN, LTD.",MADDEN STEVEN LTD,madden steven,crosswalk_name
0000913341,C & F FINANCIAL CORP,C&F FINANCIAL CORP,cf financial,crosswalk_name
0000914122,"Perma-Pipe International Holdings, Inc.",PERMA-PIPE INTERNATIONAL HOL,permapipe international hol,crosswalk_name
0000915779,DAKTRONICS INC /SD/,DAKTRONICS INC,daktronics,crosswalk_name
0000916365,TRACTOR SUPPLY CO /DE/,TRACTOR SUPPLY CO,tractor supply,crosswalk_name
0000916907,"SOUTHERN MISSOURI BANCORP, INC.",SOUTHERN MISSOURI BANCP INC,southern missouri bancp,crosswalk_name
0000917520,INTEGRA LIFESCIENCES HOLDINGS CORP,INTEGRA LIFESCIENCES HOLDNGS,integra lifesciences holdngs,crosswalk_name
0000918251,MOTORCAR PARTS OF AMERICA INC,MOTORCAR PARTS OF AMER INC,motorcar parts of amer,crosswalk_name
0000918545,BALTIC INTERNATIONAL USA INC,BALTIC INTL USA INC,baltic intl usa,crosswalk_name
0000919012,AMERICAN EAGLE OUTFITTERS INC,AMERN EAGLE OUTFITTERS INC,amern eagle outfitters,crosswalk_name
0000920371,"Simpson Manufacturing Co., Inc.",SIMPSON MANUFACTURING INC,simpson manufacturing,crosswalk_name
0000920427,UNITY BANCORP INC /NJ/,UNITY BANCORP INC,unity bancorp,crosswalk_name
0000920760,LENNAR CORP /NEW/,LENNAR CORP,lennar,crosswalk_name
0000921299,FIBROGEN INC,KYNTRA BIO INC,kyntra bio,crosswalk_name
0000921557,REPUBLIC BANCORP INC /KY/,REPUBLIC BANCORP INC/KY,republic bancorp incky,crosswalk_name
0000921825,FIRST INDUSTRIAL REALTY TRUST INC,FIRST INDL REALTY TRUST INC,first indl realty trust,crosswalk_name
0000922358,FERRELLGAS PARTNERS L P,FERRELLGAS PARTNERS  -LP,ferrellgas partners lp,crosswalk_name
0000922864,APARTMENT INVESTMENT & MANAGEMENT CO,APARTMENT INVST & MGMT CO,apartment invst mgmt,crosswalk_name
0000923120,GREENBRIER COMPANIES INC,GREENBRIER COS INC (THE),greenbrier cos inc the,crosswalk_name
0000924168,"ENERGY FOCUS, INC/DE",ENERGY FOCUS INC,energy focus,crosswalk_name
0000924719,SMITH MIDLAND CORP,SMITH-MIDLAND CORP,smithmidland,crosswalk_name
0000924822,MILLER INDUSTRIES INC /TN/,MILLER INDUSTRIES INC/TN,miller industries inctn,crosswalk_name
0000925528,HUDSON TECHNOLOGIES INC /NY,HUDSON TECHNOLOGIES INC,hudson technologies,crosswalk_name
0000926282,"ADTRAN Holdings, Inc.",ADTRAN HOLDINGS INC,adtran,crosswalk_name
0000927003,ADVANCED ENERGY INDUSTRIES INC,ADVANCED ENERGY INDS INC,advanced energy inds,crosswalk_name
0000928054,FLOTEK INDUSTRIES INC/CN/,FLOTEK INDUSTRIES INC,flotek industries,crosswalk_name
0000928658,"COVENANT LOGISTICS GROUP, INC.",COVENANT LOGISTICS GROUP INC,covenant logistics,crosswalk_name
0000929008,WESCO INTERNATIONAL INC,WESCO INTL INC,wesco intl,crosswalk_name
0000929351,STARZ ENTERTAINMENT CORP /CN/,STARZ ENTERTAINMENT CORP,starz entertainment,crosswalk_name
0000930245,GLOBAL ACQUISITIONS Corp,AGASSI SPORTS ENTERTAIN CORP,agassi sports entertain,crosswalk_name
0000932781,FIRST COMMUNITY CORP /SC/,FIRST COMMUNITY CORP/SC,first community corpsc,crosswalk_name
0000933036,"UPBOUND GROUP, INC.",UPBOUND GROUP INC,upbound,crosswalk_name
0000937098,"TRINET GROUP, INC.",TRINET GROUP INC,trinet,crosswalk_name
0000940942,"Hub Group, Inc.",HUB GROUP INC  -CL A,hub group inc cl a,crosswalk_name
0000942126,TAITRON COMPONENTS INC,TAITRON COMPONENTS  -CL A,taitron components cl a,crosswalk_name
0000943452,WESTINGHOUSE AIR BRAKE TECHNOLOGIES CORP,WABTEC CORP,wabtec,crosswalk_name
0000943535,"WORLD HEALTH ENERGY HOLDINGS, INC.",WORLD HEALTH ENERGY HOLDINGS,world health energy,crosswalk_name
0000944695,"HANOVER INSURANCE GROUP, INC.",HANOVER INSURANCE GROUP INC,hanover insurance,crosswalk_name
0000946486,WINDTREE THERAPEUTICS INC /DE/,WINDTREE THERAPEUTICS INC,windtree therapeutics,crosswalk_name
0000946581,TAKE TWO INTERACTIVE SOFTWARE INC,TAKE-TWO INTERACTIVE SFTWR,taketwo interactive sftwr,crosswalk_name
0000947559,FIRST BANCSHARES INC /MS/,FIRST BANCSHARES INC/MS,first bancshares incms,crosswalk_name
0000949870,BOSTON BEER CO INC,BOSTON BEER INC  -CL A,boston beer inc cl a,crosswalk_name
0000949961,INCOME OPPORTUNITY REALTY INVESTORS INC /TX/,INCOME OPPORTUNITY RLTY INVS,income opportunity rlty invs,crosswalk_name
0001000623,"Mativ Holdings, Inc.",MATIV HOLDINGS INC,mativ,crosswalk_name
0001000697,WATERS CORP /DE/,WATERS CORP,waters,crosswalk_name
0001001171,BROADWAY FINANCIAL CORP \DE\,BROADWAY FINANCIAL CORP/DE,broadway financial corpde,crosswalk_name
0001001385,NORTHWEST PIPE CO,NWPX INFRASTRUCTURE INC,nwpx infrastructure,crosswalk_name
0001001838,SOUTHERN COPPER CORP/,SOUTHERN COPPER CORP,southern copper,crosswalk_name
0001003078,MSC INDUSTRIAL DIRECT CO INC,MSC INDUSTRIAL DIRECT  -CL A,msc industrial direct cl a,crosswalk_name
0001004434,"AFFILIATED MANAGERS GROUP, INC.",AFFILIATED MANAGERS GRP INC,affiliated managers grp,crosswalk_name
0001004724,"REGIONAL HEALTH PROPERTIES, INC",REGIONAL HEALTH PROPERTS INC,regional health properts,crosswalk_name
0001004989,"SPAR Group, Inc.",SPAR GROUP INC,spar,crosswalk_name
0001005101,"Marygold Companies, Inc.",MARYGOLD COMPANIES INC (THE),marygold companies inc the,crosswalk_name
0001005210,SUBURBAN PROPANE PARTNERS LP,SUBURBAN PROPANE PRTNRS  -LP,suburban propane prtnrs lp,crosswalk_name
0001005284,UNIVERSAL DISPLAY CORP \PA\,UNIVERSAL DISPLAY CORP,universal display,crosswalk_name
0001005286,"LIFECORE BIOMEDICAL, INC. \DE\",LIFECORE BIOMEDL INC,lifecore biomedl,crosswalk_name
0001005757,CSG SYSTEMS INTERNATIONAL INC,CSG SYSTEMS INTL INC,csg systems intl,crosswalk_name
0001006830,CONSUMERS BANCORP INC /OH/,CONSUMERS BANCORP INC,consumers bancorp,crosswalk_name
0001007587,KVH INDUSTRIES INC \DE\,KVH INDUSTRIES INC,kvh industries,crosswalk_name
0001012019,RUSH ENTERPRISES INC \TX\,RUSH ENTERPRISES INC,rush enterprises,crosswalk_name
0001012100,SEALED AIR CORP/DE,SEALED AIR CORP,sealed air,crosswalk_name
0001013880,"TTEC Holdings, Inc.",TTEC HOLDINGS INC,ttec,crosswalk_name
0001014473,VERISIGN INC/CA,VERISIGN INC,verisign,crosswalk_name
0001015739,AWARE INC /MA/,AWARE INC,aware,crosswalk_name
0001018399,ENTERPRISE BANCORP INC /MA/,ENTERPRISE BANCORP INC/MA,enterprise bancorp incma,crosswalk_name
0001018724,AMAZON COM INC,AMAZON.COM INC,amazoncom,crosswalk_name
0001018840,ABERCROMBIE & FITCH CO /DE/,ABERCROMBIE & FITCH  -CL A,abercrombie fitch cl a,crosswalk_name
0001018963,ATI INC,ATI INC -NEW,ati inc new,crosswalk_name
0001019034,BIO KEY INTERNATIONAL INC,BIO-KEY INTERNATIONAL INC,biokey international,crosswalk_name
0001019849,"PENSKE AUTOMOTIVE GROUP, INC.",PENSKE AUTOMOTIVE GROUP INC,penske automotive,crosswalk_name
0001021561,"NU SKIN ENTERPRISES, INC.",NU SKIN ENTERPRISES  -CL A,nu skin enterprises cl a,crosswalk_name
0001022899,"Protagenic Therapeutics, Inc.\new",PROTAGENIC THERAPEUTICS INC,protagenic therapeutics,crosswalk_name
0001023128,LITHIA MOTORS INC,LITHIA MOTORS INC  -CL A,lithia motors inc cl a,crosswalk_name
0001023731,8X8 INC /DE/,8X8 INC,8x8,crosswalk_name
0001023994,SAFE & GREEN HOLDINGS CORP.,OLENOX INDUSTRIES INC,olenox industries,crosswalk_name
0001025835,ENTERPRISE FINANCIAL SERVICES CORP,ENTERPRISE FINL SERVICES CP,enterprise finl services cp,crosswalk_name
0001026214,FEDERAL HOME LOAN MORTGAGE CORP,FEDERAL HOME LOAN MORTG CORP,federal home loan mortg,crosswalk_name
0001030192,"Idaho Strategic Resources, Inc.",IDAHO STRTEGIC RESOURCES INC,idaho strtegic resources,crosswalk_name
0001031316,FRANKLIN STREET PROPERTIES CORP /MA/,FRANKLIN STREET PROPERTIES,franklin street properties,crosswalk_name
0001032208,SEMPRA,SEMPRA ENERGY,sempra energy,crosswalk_name
0001035002,VALERO ENERGY CORP/TX,VALERO ENERGY CORP,valero energy,crosswalk_name
0001035201,CALIFORNIA WATER SERVICE GROUP,CALIFORNIA WATER SERVICE GP,california water service gp,crosswalk_name
0001035443,"ALEXANDRIA REAL ESTATE EQUITIES, INC.",ALEXANDRIA R E EQUITIES INC,alexandria r e equities,crosswalk_name
0001037646,METTLER TOLEDO INTERNATIONAL INC/,METTLER-TOLEDO INTL INC,mettlertoledo intl,crosswalk_name
0001037868,AMETEK INC/,AMETEK INC,ametek,crosswalk_name
0001038277,INTERNATIONAL ISOTOPES INC,RADNOSTIX INC,radnostix,crosswalk_name
0001039684,ONEOK INC /NEW/,ONEOK INC,oneok,crosswalk_name
0001040765,VORNADO REALTY LP,VORNADO REALTY 7.875 PUB INC,vornado realty 7875 pub,crosswalk_name
0001040829,"Ryman Hospitality Properties, Inc.",RYMAN HOSPITALITY PPTYS INC,ryman hospitality pptys,crosswalk_name
0001042773,CENTERPOINT ENERGY RESOURCES CORP,CENTERPOINT ENERGY RES CORP,centerpoint energy res,crosswalk_name
0001043509,SONIC AUTOMOTIVE INC,SONIC AUTOMOTIVE INC  -CL A,sonic automotive inc cl a,crosswalk_name
0001045942,"Track Group, Inc.",TRACK GROUP INC,track,crosswalk_name
0001046025,HERITAGE FINANCIAL CORP /WA/,HERITAGE FINANCIAL CORP,heritage financial,crosswalk_name
0001046311,CHOICE HOTELS INTERNATIONAL INC /DE,CHOICE HOTELS INTL INC,choice hotels intl,crosswalk_name
0001048268,"IES Holdings, Inc.",IES HOLDINGS INC,ies,crosswalk_name
0001048286,MARRIOTT INTERNATIONAL INC /MD/,MARRIOTT INTL INC,marriott intl,crosswalk_name
0001049502,MKS INSTRUMENTS INC,MKS INC,mks,crosswalk_name
0001050441,EAGLE BANCORP INC,EAGLE BANCORP INC/MD,eagle bancorp incmd,crosswalk_name
0001050446,MICROSTRATEGY Inc,STRATEGY INC,strategy,crosswalk_name
0001050743,PEAPACK GLADSTONE FINANCIAL CORP,PEAPACK-GLADSTONE FINAN CORP,peapackgladstone finan,crosswalk_name
0001051512,TELEPHONE & DATA SYSTEMS INC /DE/,TELEPHONE & DATA SYSTEMS INC,telephone data systems,crosswalk_name
0001052752,GETTY REALTY CORP /MD/,GETTY REALTY CORP,getty realty,crosswalk_name
0001053369,ELITE PHARMACEUTICALS INC /NV/,ELITE PHARMACEUTICALS INC,elite pharmaceuticals,crosswalk_name
0001053507,AMERICAN TOWER CORP /MA/,AMERICAN TOWER CORP,american tower,crosswalk_name
0001056285,"KIRKLAND'S, INC",BRAND HOUSE COLLECTIVE INC,brand house collective,crosswalk_name
0001057352,"COSTAR GROUP, INC.",COSTAR GROUP INC,costar,crosswalk_name
0001057379,"HACKETT GROUP, INC.",HACKETT GROUP INC,hackett,crosswalk_name
0001057706,FIRST BANCORP /PR/,FIRST BANCORP P R,first bancorp p r,crosswalk_name
0001058290,COGNIZANT TECHNOLOGY SOLUTIONS CORP,COGNIZANT TECH SOLUTIONS,cognizant tech solutions,crosswalk_name
0001058867,GUARANTY BANCSHARES INC /TX/,GUARANTY BANCSHARES INC,guaranty bancshares,crosswalk_name
0001059142,Greystone Housing Impact Investors LP,GREYSTONE HSG IMPT INVTS LP,greystone hsg impt invts lp,crosswalk_name
0001059556,MOODYS CORP /DE/,MOODY'S CORP,moodys,crosswalk_name
0001061219,ENTERPRISE PRODUCTS PARTNERS L.P.,ENTERPRISE PRODCT PARTNRS LP,enterprise prodct partnrs lp,crosswalk_name
0001061630,"BLACKSTONE MORTGAGE TRUST, INC.",BLACKSTONE MORTGAGE TR INC,blackstone mortgage tr,crosswalk_name
0001062231,AMERICAN AXLE & MANUFACTURING HOLDINGS INC,DAUCH CORP,dauch,crosswalk_name
0001063761,SIMON PROPERTY GROUP INC /DE/,SIMON PROPERTY GROUP INC,simon property,crosswalk_name
0001065837,SKECHERS USA INC,SKECHERS U S A INC,skechers u s a,crosswalk_name
0001066605,HEIDRICK & STRUGGLES INTERNATIONAL INC,HEIDRICK & STRUGGLES INTL,heidrick struggles intl,crosswalk_name
0001066684,THEGLOBE COM INC,THEGLOBE.COM INC,theglobecom,crosswalk_name
0001067294,"CRACKER BARREL OLD COUNTRY STORE, INC",CRACKER BARREL OLD CTRY STOR,cracker barrel old ctry stor,crosswalk_name
0001069258,"KRATOS DEFENSE & SECURITY SOLUTIONS, INC.",KRATOS DEFENSE & SECURITY,kratos defense security,crosswalk_name
0001069394,FLEXIBLE SOLUTIONS INTERNATIONAL INC,FLEXIBLE SOLUTIONS INTL INC,flexible solutions intl,crosswalk_name
0001069530,CASSAVA SCIENCES INC,FILANA THERAPEUTICS INC,filana therapeutics,crosswalk_name
0001070423,PLAINS ALL AMERICAN PIPELINE LP,PLAINS ALL AMER PIPELNE  -LP,plains all amer pipelne lp,crosswalk_name
0001072627,KINGSWAY FINANCIAL SERVICES INC,KINGSWAY FINANCIAL SVCS INC,kingsway financial svcs,crosswalk_name
0001077428,TEXAS CAPITAL BANCSHARES INC/TX,TEXAS CAPITAL BANCSHARES INC,texas capital bancshares,crosswalk_name
0001083490,SUNRISE REAL ESTATE GROUP INC,SUNRISE REAL ESTATE GRP INC,sunrise real estate grp,crosswalk_name
0001084869,1 800 FLOWERS COM INC,1-800-FLOWERS.COM,1800flowerscom,crosswalk_name
0001085392,PUGET ENERGY INC /WA,PUGET ENERGY INC,puget energy,crosswalk_name
0001086600,ALLIANCE RESOURCE PARTNERS LP,ALLIANCE RESOURCE PTNRS  -LP,alliance resource ptnrs lp,crosswalk_name
0001086745,"AYRO, Inc.",STABLEX TECHNOLOGIES INC,stablex technologies,crosswalk_name
0001089819,Cleco Corporate Holdings LLC,CLECO CORP,cleco,crosswalk_name
0001090009,SOUTHERN FIRST BANCSHARES INC,SOUTHERN FIRST BANKSHARES,southern first bankshares,crosswalk_name
0001090012,DEVON ENERGY CORP/DE,DEVON ENERGY CORP,devon energy,crosswalk_name
0001090425,LAMAR ADVERTISING CO/NEW,LAMAR ADVERTISING CO  -CL A,lamar advertising co cl a,crosswalk_name
0001091667,"CHARTER COMMUNICATIONS, INC. /MO/",CHARTER COMMUNICATIONS INC,charter communications,crosswalk_name
0001091748,"Argo Group International Holdings, Inc.",ARGO GROUP INTL HOLDINGS LTD,argo group intl,crosswalk_name
0001093672,PEOPLES BANCORP OF NORTH CAROLINA INC,PEOPLES BANCORP NC INC,peoples bancorp nc,crosswalk_name
0001094831,"BGC Group, Inc.",BGC GROUP INC,bgc,crosswalk_name
0001095073,"EVEREST GROUP, LTD.",EVEREST GROUP LTD,everest,crosswalk_name
0001100682,"CHARLES RIVER LABORATORIES INTERNATIONAL, INC.",CHARLES RIVER LABS INTL INC,charles river labs intl,crosswalk_name
0001101215,"BREAD FINANCIAL HOLDINGS, INC.",BREAD FINANCIAL HOLDINGS INC,bread financial,crosswalk_name
0001103833,"Crown Equity Holdings, Inc.",CROWN EQUITY HOLDINGS INC,crown equity,crosswalk_name
0001106644,"CHINA PHARMA HOLDINGS, INC.",CHINA PHARMA HOLDINGS INC,china pharma,crosswalk_name
0001108134,BERKSHIRE HILLS BANCORP INC,BEACON FINANCIAL CORP,beacon financial,crosswalk_name
0001114927,FIRST NORTHERN COMMUNITY BANCORP,FIRST NORTHN CMNTY BANCORP,first northn cmnty bancorp,crosswalk_name
0001115055,PINNACLE FINANCIAL PARTNERS INC,PINNACLE FINL PARTNERS INC,pinnacle finl partners,crosswalk_name
0001121484,"OIL STATES INTERNATIONAL, INC",OIL STATES INTL INC,oil states intl,crosswalk_name
0001123852,NORTHERN STATES POWER CO,NORTHERN STATES POWER CO /MN,northern states power co mn,crosswalk_name
0001125259,CARNIVAL PLC,CARNIVAL CORP/PLC (GBR),carnival corpplc gbr,crosswalk_name
0001125376,"ENSIGN GROUP, INC",ENSIGN GROUP INC,ensign,crosswalk_name
0001126328,PRINCIPAL FINANCIAL GROUP INC,PRINCIPAL FINANCIAL GRP INC,principal financial grp,crosswalk_name
0001127475,"Digital Brand Media & Marketing Group, Inc.",DIGITAL BRAND MEDIA & MKTG,digital brand media mktg,crosswalk_name
0001130144,SIERRA BANCORP,SIERRA BANCORP/CA,sierra bancorpca,crosswalk_name
0001130166,"Cyclacel Pharmaceuticals, Inc.",BIO GREEN MED SOLUTION INC,bio green med solution,crosswalk_name
0001130464,BLACK HILLS CORP /SD/,BLACK HILLS CORP,black hills,crosswalk_name
0001130713,"BEYOND, INC.",BED BATH & BEYOND INC,bed bath beyond,crosswalk_name
0001132105,"SPORTSMAN'S WAREHOUSE HOLDINGS, INC.",SPORTSMANS WAREHOUSE HLDGS,sportsmans warehouse hldgs,crosswalk_name
0001133421,NORTHROP GRUMMAN CORP /DE/,NORTHROP GRUMMAN CORP,northrop grumman,crosswalk_name
0001133818,"BIO-PATH HOLDINGS, INC.",BIO-PATH HOLDINGS INC,biopath,crosswalk_name
0001134115,INTERNATIONAL TOWER HILL MINES LTD,INTERNATIONAL TOWER HILL MIN,international tower hill min,crosswalk_name
0001134765,"Charlie's Holdings, Inc.",CHARLIES HOLDINGS INC,charlies,crosswalk_name
0001136869,"ZIMMER BIOMET HOLDINGS, INC.",ZIMMER BIOMET HOLDINGS INC,zimmer biomet,crosswalk_name
0001136893,"Fidelity National Information Services, Inc.",FIDELITY NATIONAL INFO SVCS,fidelity national info svcs,crosswalk_name
0001137091,"POWER SOLUTIONS INTERNATIONAL, INC.",POWER SOLUTIONS INTL INC,power solutions intl,crosswalk_name
0001137547,UNITED SECURITY BANCSHARES,UNITED SECURITY BANCSHARS CA,united security bancshars ca,crosswalk_name
0001138118,"CBRE GROUP, INC.",CBRE GROUP INC,cbre,crosswalk_name
0001138476,PACIFIC HEALTH CARE ORGANIZATION INC,PACIFIC HEALTH CARE ORG INC,pacific health care org,crosswalk_name
0001138724,"Global Arena Holding, Inc.",GLOBAL ARENA HOLDINGS INC,global arena,crosswalk_name
0001141688,LANDMARK BANCORP INC,LANDMARK BANCORP INC/KS,landmark bancorp incks,crosswalk_name
0001142417,"NEXSTAR MEDIA GROUP, INC.",NEXSTAR MEDIA GROUP,nexstar media,crosswalk_name
0001144215,ACUITY INC. (DE),ACUITY INC,acuity,crosswalk_name
0001156041,HOUSTON AMERICAN ENERGY CORP,ABUNDIA GLOBAL IMPACT GRP IN,abundia global impact grp in,crosswalk_name
0001157647,"Western New England Bancorp, Inc.",WESTERN NEW ENG BANCORP INC,western new eng bancorp,crosswalk_name
0001158324,"COGENT COMMUNICATIONS HOLDINGS, INC.",COGENT COMMUNICATIONS HLDGS,cogent communications hldgs,crosswalk_name
0001163609,SOUTH DAKOTA SOYBEAN PROCESSORS LLC,SOUTH DAKOTA SYBN PRCSSR LLC,south dakota sybn prcssr,crosswalk_name
0001164727,NEWMONT Corp /DE/,NEWMONT CORP,newmont,crosswalk_name
0001166708,"Brownie's Marine Group, Inc",BROWNIE'S MARINE GROUP INC,brownies marine,crosswalk_name
0001168165,CONSTELLATION ENERGY GENERATION LLC,EXELON GENERATION CO LLC,exelon generation,crosswalk_name
0001172178,LIBERTY STAR URANIUM & METALS CORP.,LIBERTY STAR URANIUM & METAL,liberty star uranium metal,crosswalk_name
0001173514,"HYSTER-YALE, INC.",HYSTER YALE INC,hyster yale,crosswalk_name
0001178697,SONIM TECHNOLOGIES INC,DNA X INC,dna x,crosswalk_name
0001178970,PROVIDENT FINANCIAL SERVICES INC,PROVIDENT FINANCIAL SVCS INC,provident financial svcs,crosswalk_name
0001187953,"CREATIVE MEDICAL TECHNOLOGY HOLDINGS, INC.",CREATIVE MED TECH HLDG INC,creative med tech hldg,crosswalk_name
0001210708,"Hudson Global, Inc.",STAR EQUITY HOLDINGS INC,star equity,crosswalk_name
0001212545,WESTERN ALLIANCE BANCORPORATION,WESTERN ALLIANCE BANCORP,western alliance bancorp,crosswalk_name
0001218683,Mawson Infrastructure Group Inc.,MAWSON INFRA GROUP INC,mawson infra,crosswalk_name
0001219601,"CROWN HOLDINGS, INC.",CROWN HOLDINGS INC,crown,crosswalk_name
0001224608,"CNO Financial Group, Inc.",CNO FINANCIAL GROUP INC,cno financial,crosswalk_name
0001227654,COMPASS MINERALS INTERNATIONAL INC,COMPASS MINERALS INTL INC,compass minerals intl,crosswalk_name
0001230245,PIPER SANDLER COMPANIES,PIPER SANDLER COS,piper sandler cos,crosswalk_name
0001253689,GLYCOMIMETICS INC,CRESCENT BIOPHARMA INC,crescent biopharma,crosswalk_name
0001261654,UNIVERSAL TECHNICAL INSTITUTE INC,UNIVERSAL TECHNICAL INST,universal technical inst,crosswalk_name
0001267332,MERRILL LYNCH DEPOSITOR INC INDEXPLUS TRUST SERIES 2003-1,MERRILL LYNCH DEPOSITOR INC,merrill lynch depositor,crosswalk_name
0001273685,"NEW YORK MORTGAGE TRUST, INC.",ADAMAS TRUST INC,adamas trust,crosswalk_name
0001275014,"Ultra Clean Holdings, Inc.",ULTRA CLEAN HOLDINGS INC,ultra clean,crosswalk_name
0001279715,"Wright Investors Service Holdings, Inc.",WRIGHT INVESTORS SERVICE,wright investors service,crosswalk_name
0001283337,STRUCTURED PRODUCTS CORP CRED ENHANCE CORTS TR FOR AON CAP A,CREDIT-ENHANCED CORTS TR AON,creditenhanced corts tr aon,crosswalk_name
0001283464,STRUCTURED PRODUCTS CORP CORTS TR FOR PECO ENERGY CAP TR III,CORTS TRUST PECO ENERGY III,corts trust peco energy iii,crosswalk_name
0001284454,Yong Bai Chao New Retail Corp,NONGFU SHP DG NEW RTL CO LTD,nongfu shp dg new rtl,crosswalk_name
0001288855,"OptimumBank Holdings, Inc.",OPTIMUMBANK HOLDINGS INC,optimumbank,crosswalk_name
0001289945,"Spok Holdings, Inc",SPOK HOLDINGS INC,spok,crosswalk_name
0001290476,Village Bank & Trust Financial Corp.,VILLAGE BANK AND TRUST FINL,village bank and trust finl,crosswalk_name
0001290900,"Commercial Vehicle Group, Inc.",COMMERCIAL VEHICLE GROUP INC,commercial vehicle,crosswalk_name
0001296884,"Lightstone Value Plus REIT I, Inc.",LIGHTSTONE VALUE PLU R I INC,lightstone value plu r i,crosswalk_name
0001297184,"Amphastar Pharmaceuticals, Inc.",AMPHASTAR PHARMACEUTICLS INC,amphastar pharmaceuticls,crosswalk_name
0001297341,Kentucky First Federal Bancorp,KENTUCKY FIRST FEDERAL BNCRP,kentucky first federal bncrp,crosswalk_name
0001297989,"ExlService Holdings, Inc.",EXLSERVICE HOLDINGS INC,exlservice,crosswalk_name
0001299130,"PACIFIC BIOSCIENCES OF CALIFORNIA, INC.",PACIFIC BIOSCIENCES OF CALIF,pacific biosciences of calif,crosswalk_name
0001299969,"Comstock Holding Companies, Inc.",COMSTOCK HOLDING COS INC,comstock holding cos,crosswalk_name
0001308208,"UNIVERSAL LOGISTICS HOLDINGS, INC.",UNIVERSAL LOGISTICS HLDGS,universal logistics hldgs,crosswalk_name
0001310488,"BIOFORCE NANOSCIENCES HOLDINGS, INC.",BIOFORCE NANOSCIENCES HLDGS,bioforce nanosciences hldgs,crosswalk_name
0001314102,"EyePoint Pharmaceuticals, Inc.",EYEPOINT INC,eyepoint,crosswalk_name
0001314196,"OLB GROUP, INC.",OLB GROUP INC (THE),olb group inc the,crosswalk_name
0001319229,TransMontaigne Partners LLC,TRANSMONTAIGNE PARTNERS LP,transmontaigne partners lp,crosswalk_name
0001321655,Palantir Technologies Inc.,PALANTIR TECHNOLOG INC,palantir technolog,crosswalk_name
0001321741,GLADSTONE INVESTMENT CORPORATION\DE,GLADSTONE INVESTMENT CORP/DE,gladstone investment corpde,crosswalk_name
0001321834,"TNF Pharmaceuticals, Inc.",Q/C TECHNOLOGIES INC,qc technologies,crosswalk_name
0001324404,"CF Industries Holdings, Inc.",CF INDUSTRIES HOLDINGS INC,cf industries,crosswalk_name
0001324424,"Expedia Group, Inc.",EXPEDIA GROUP INC,expedia,crosswalk_name
0001326706,"NanoVibronix, Inc.",ENVUE MEDICAL INC,envue medical,crosswalk_name
0001327607,First Western Financial Inc,FIRST WSTRN FINNCIL INC,first wstrn finncil,crosswalk_name
0001333274,MERCER INTERNATIONAL INC.,MERCER INTL INC,mercer intl,crosswalk_name
0001333986,"Equitable Holdings, Inc.",EQUITABLE HOLDINGS INC,equitable,crosswalk_name
0001334325,"Coda Octopus Group, Inc.",CODA OCTOPUS GROUP INC,coda octopus,crosswalk_name
0001334978,"Clear Channel Outdoor Holdings, Inc.",CLEAR CHANNEL OUTDOOR HLDGS,clear channel outdoor hldgs,crosswalk_name
0001335105,"LIXTE BIOTECHNOLOGY HOLDINGS, INC.",LIXTE BIOTECHNOLOGY HOLDINGS,lixte biotechnology,crosswalk_name
0001336047,"Boardwalk Pipeline Partners, LP",BOARDWALK PIPELINE PRTNRS-LP,boardwalk pipeline prtnrslp,crosswalk_name
0001336920,"Leidos Holdings, Inc.",LEIDOS HOLDINGS INC,leidos,crosswalk_name
0001337013,"InfuSystem Holdings, Inc",INFUSYSTEM HOLDINGS INC,infusystem,crosswalk_name
0001338929,"Authentic Holdings, Inc.",AUTHENTIC HOLDINGS INC,authentic,crosswalk_name
0001340476,DIRTT ENVIRONMENTAL SOLUTIONS LTD,DIRTT ENVIRONMENTL SOLUTIONS,dirtt environmentl solutions,crosswalk_name
0001340909,"STRATS SM TRUST FOR WAL-MART STORES, INC. SECURITIES, SERIES 2005-4",STRATS TRUST WAL MART STORES,strats trust wal mart stores,crosswalk_name
0001341766,"Celsius Holdings, Inc.",CELSIUS HOLDINGS INC,celsius,crosswalk_name
0001342958,"DIGITAL ALLY, INC.",KUSTOM ENTERTAINMENT INC,kustom entertainment,crosswalk_name
0001343491,"STRATS(SM) TRUST FOR DOMINION RESOURCES, INC. SECURITIES, SERIES 2005-6",STRATS TR FOR DOMINION RES,strats tr for dominion res,crosswalk_name
0001346830,"Cara Therapeutics, Inc.",TVARDI THERAPEUTICS INC,tvardi therapeutics,crosswalk_name
0001347858,"22nd Century Group, Inc.",22ND CENTURY GROUP INC,22nd century,crosswalk_name
0001350102,"Ascent Solar Technologies, Inc.",ASCENT SOLAR TECH INC,ascent solar tech,crosswalk_name
0001350653,"Alphatec Holdings, Inc.",ALPHATEC HOLDINGS INC,alphatec,crosswalk_name
0001353226,"STRATS(SM) Trust for Procter & Gamble Securities, Series 2006-1",SYNTHETIC FXD-INC F/R STRATS,synthetic fxdinc fr strats,crosswalk_name
0001355096,"QVC Group, Inc.",QVC GROUP INC,qvc,crosswalk_name
0001355839,INTELLIGENT PROTECTION MANAGEMENT CORP.,INTELLIGENT PROCTN MGMT CORP,intelligent proctn mgmt,crosswalk_name
0001356284,"STRATS(SM) Trust for Goldman Sachs Group Securities, Series 2006-2",STRATS TR GOLDMAN SACHS GRP,strats tr goldman sachs grp,crosswalk_name
0001357660,"STRATS(SM) Trust for Allstate Corp Securities, Series 2006-3",STRATS TRUST ALLSTATE CORP,strats trust allstate,crosswalk_name
0001357971,Energy Services of America CORP,ENERGY SERVICES OF AMER CORP,energy services of amer,crosswalk_name
0001361658,Travel & Leisure Co.,TRAVEL PLUS LEISURE CO,travel plus leisure,crosswalk_name
0001363829,Enstar Group LTD,ENSTAR GROUP LIMITED,enstar group limited,crosswalk_name
0001364885,"Spirit AeroSystems Holdings, Inc.",SPIRIT AEROSYSTEMS HOLDINGS,spirit aerosystems,crosswalk_name
0001368458,"Sally Beauty Holdings, Inc.",SALLY BEAUTY HOLDINGS INC,sally beauty,crosswalk_name
0001370450,"Willdan Group, Inc.",WILLDAN GROUP INC,willdan,crosswalk_name
0001372020,Great Lakes Dredge & Dock CORP,GREAT LAKES DREDGE & DOCK CP,great lakes dredge dock cp,crosswalk_name
0001372807,Portman Ridge Finance Corp,BCP INVESTMENT CORP,bcp investment,crosswalk_name
0001375205,UR-ENERGY INC,UR ENERGY INC,ur energy,crosswalk_name
0001376321,ZW Data Action Technologies Inc.,ZW DATA ACTION TECHNOLGY INC,zw data action technolgy,crosswalk_name
0001376339,"MIMEDX GROUP, INC.",MIMEDX GROUP INC,mimedx,crosswalk_name
0001378950,"CarParts.com, Inc.",CARPARTS COM INC,carparts com,crosswalk_name
0001379041,"Employers Holdings, Inc.",EMPLOYERS HOLDINGS INC,employers,crosswalk_name
0001381197,"Interactive Brokers Group, Inc.",INTERACTIVE BROKERS GROUP,interactive brokers,crosswalk_name
0001382574,"Scienture Holdings, Inc.",SCIENTURE HOLDINGS INC,scienture,crosswalk_name
0001383312,"BROADRIDGE FINANCIAL SOLUTIONS, INC.",BROADRIDGE FINANCIAL SOLUTNS,broadridge financial solutns,crosswalk_name
0001385280,"Cinemark Holdings, Inc.",CINEMARK HOLDINGS INC,cinemark,crosswalk_name
0001386570,ChromaDex Corp.,NIAGEN BIOSCIENCE INC,niagen bioscience,crosswalk_name
0001387061,"Lightstone Value Plus REIT V, Inc.",LIGHTSTONE VAL PL REIT V INC,lightstone val pl reit v,crosswalk_name
0001387467,ALPHA & OMEGA SEMICONDUCTOR Ltd,ALPHA AND OMEGA SEMICONDUCTO,alpha and omega semiconducto,crosswalk_name
0001388658,"iRhythm Technologies, Inc.",IRHYTHM HOLDINGS INC,irhythm,crosswalk_name
0001390478,"SELLAS Life Sciences Group, Inc.",SELLAS LIFE SCIENCES GROUP I,sellas life sciences group i,crosswalk_name
0001392972,"PROS Holdings, Inc.",PROS HOLDINGS INC,pros,crosswalk_name
0001393612,Discover Financial Services,DISCOVER FINANCIAL SVCS,discover financial svcs,crosswalk_name
0001393883,"DHI GROUP, INC.",DHI GROUP INC,dhi,crosswalk_name
0001396536,"DUOS TECHNOLOGIES GROUP, INC.",DUOS TECHNOLOGIES GROUP INC,duos technologies,crosswalk_name
0001398733,"Aquestive Therapeutics, Inc.",AQUESTIVE THERAPETC INC,aquestive therapetc,crosswalk_name
0001399520,"ONE Group Hospitality, Inc.",ONE GP HOSPITALITY (THE),one gp hospitality the,crosswalk_name
0001400810,"HCI Group, Inc.",HCI GROUP INC,hci,crosswalk_name
0001401257,"FORUM ENERGY TECHNOLOGIES, INC.",FORUM ENERGY TECH INC,forum energy tech,crosswalk_name
0001401521,AMERICAN COASTAL INSURANCE Corp,AMERICAN COASTAL INSURA CORP,american coastal insura,crosswalk_name
0001402436,SS&C Technologies Holdings Inc,SS&C TECHNOLOGIES HLDGS INC,ssc technologies hldgs,crosswalk_name
0001403528,"Brookfield Oaktree Holdings, LLC",OAKTREE CAPITAL GROUP LLC,oaktree capital,crosswalk_name
0001408100,"Kennedy-Wilson Holdings, Inc.",KENNEDY-WILSON HOLDINGS INC,kennedywilson,crosswalk_name
0001408443,Milestone Pharmaceuticals Inc.,MILESTONE PHARMACEUTICLS INC,milestone pharmaceuticls,crosswalk_name
0001410384,"Q2 Holdings, Inc.",Q2 HOLDINGS INC,q2,crosswalk_name
0001410636,"American Water Works Company, Inc.",AMERICAN WATER WORKS CO INC,american water works,crosswalk_name
0001411207,Allison Transmission Holdings Inc,ALLISON TRANSMISSION HLDGS,allison transmission hldgs,crosswalk_name
0001411579,"AMC ENTERTAINMENT HOLDINGS, INC.",AMC ENTERTAINMENT HOLDINGS,amc entertainment,crosswalk_name
0001412665,"MidWestOne Financial Group, Inc.",MIDWESTONE FINANCIAL GROUP,midwestone financial,crosswalk_name
0001414475,"Western Midstream Operating, LP",WESTERN GAS PARTNERS LP,western gas partners lp,crosswalk_name
0001414932,Oaktree Specialty Lending Corp,OAKTREE SPECIALTY LENDING CP,oaktree specialty lending cp,crosswalk_name
0001415744,NORTHERN MINERALS & EXPLORATION LTD.,NORTHERN MINERALS & EXPL LTD,northern minerals expl,crosswalk_name
0001416697,"Blue Line Protection Group, Inc.",BLUE LINE PROTECTION GROUP,blue line protection,crosswalk_name
0001423902,"Western Midstream Partners, LP",WESTERN MIDSTRM PRTNRS LP,western midstrm prtnrs lp,crosswalk_name
0001424929,FOX FACTORY HOLDING CORP,FOX FACTORY HOLDING CP,fox factory holding cp,crosswalk_name
0001425355,"Mill City Ventures III, Ltd",SUI GROUP HOLDINGS LTD,sui,crosswalk_name
0001427570,ReShape Lifesciences Inc.,VYOME HOLDINGS INC,vyome,crosswalk_name
0001430306,Tonix Pharmaceuticals Holding Corp.,TONIX PHARMACEUTICALS HLDG,tonix pharmaceuticals hldg,crosswalk_name
0001435508,"First Savings Financial Group, Inc.",FIRST SAVINGS FINANCIAL GP,first savings financial gp,crosswalk_name
0001436126,"Mistras Group, Inc.",MISTRAS GROUP INC,mistras,crosswalk_name
0001436975,"Lightstone Value Plus REIT II, Inc.",LIGHTSTONE VL PL REIT II INC,lightstone vl pl reit ii,crosswalk_name
0001437283,"REGO PAYMENT ARCHITECTURES, INC.",REGO PAYMENT ARCHITECTES INC,rego payment architectes,crosswalk_name
0001437578,BRIGHT HORIZONS FAMILY SOLUTIONS INC.,BRIGHT HORIZONS FAMILY SOLTN,bright horizons family soltn,crosswalk_name
0001442836,"Mersana Therapeutics, Inc.",MERSANA THRPEUTIC INC,mersana thrpeutic,crosswalk_name
0001443646,Booz Allen Hamilton Holding Corp,BOOZ ALLEN HAMILTON HLDG CP,booz allen hamilton hldg cp,crosswalk_name
0001445283,"KINETA, INC./DE",KINETA INC,kineta,crosswalk_name
0001446159,Predictive Oncology Inc.,AXE COMPUTE INC,axe compute,crosswalk_name
0001452936,"Pacific Oak Strategic Opportunity REIT, Inc.",PACIFIC OAK STR OPP REIT INC,pacific oak str opp reit,crosswalk_name
0001453593,"Xtant Medical Holdings, Inc.",XTANT MEDICAL HOLDINGS INC,xtant medical,crosswalk_name
0001456772,OFFICE PROPERTIES INCOME TRUST,OFFICE PROPERTIES INCOME TR,office properties income tr,crosswalk_name
0001459200,"Alarm.com Holdings, Inc.",ALARM.COM HOLDINGS INC,alarmcom,crosswalk_name
0001462418,ALTISOURCE PORTFOLIO SOLUTIONS S.A.,ALTISOURCE PORTFOLIO SOLTNS,altisource portfolio soltns,crosswalk_name
0001463208,"Transportation & Logistics Systems, Inc.",TRANSPORTATION & LOG SYS INC,transportation log sys,crosswalk_name
0001464423,PennyMac Mortgage Investment Trust,PENNYMAC MORTGAGE INVEST TR,pennymac mortgage invest tr,crosswalk_name
0001464790,"B. Riley Financial, Inc.",BRC GROUP HOLDINGS INC,brc,crosswalk_name
0001467760,"Apollo Commercial Real Estate Finance, Inc.",APOLLO COMMERCIAL RE FIN INC,apollo commercial re fin,crosswalk_name
0001472787,First American Financial Corp,FIRST AMERICAN FINANCIAL CP,first american financial cp,crosswalk_name
0001473334,"Nova Lifestyle, Inc.",XMAX INC,xmax,crosswalk_name
0001474432,"Pure Storage, Inc.",EVERPURE INC,everpure,crosswalk_name
0001474464,New York REIT Liquidating LLC,NEW YORK REIT INC,new york reit,crosswalk_name
0001475841,National Bank Holdings Corp,NATIONAL BANK HLDGS CORP,national bank hldgs,crosswalk_name
0001476034,Metropolitan Bank Holding Corp.,METROPOLITAN BANK HLDNG,metropolitan bank hldng,crosswalk_name
0001476204,"Phillips Edison & Company, Inc.",PHILLIPS EDISON & CO INC,phillips edison,crosswalk_name
0001476963,"Scorpius Holdings, Inc.",SCORPIUS HOLDINGS INC,scorpius,crosswalk_name
0001477294,Sensata Technologies Holding plc,SENSATA TECHNOLOGES HLDG PLC,sensata technologes hldg,crosswalk_name
0001478320,Adaptive Biotechnologies Corp,ADAPTIVE BIOTECH CORP,adaptive biotech,crosswalk_name
0001482430,"KBS Real Estate Investment Trust III, Inc.",KBS REAL ESTATE INST TR III,kbs real estate inst tr iii,crosswalk_name
0001482512,"Hudson Pacific Properties, Inc.",HUDSON PACIFIC PPTYS INC,hudson pacific pptys,crosswalk_name
0001482554,"Hartford Creative Group, Inc.",HARTFORD CREATIVE GROUP INC,hartford creative,crosswalk_name
0001483646,"BLACKSTAR ENTERPRISE GROUP, INC.",BLACKSTAR ENTERPRISE GROUP,blackstar enterprise,crosswalk_name
0001484769,fuboTV Inc. /FL,FUBOTV INC,fubotv,crosswalk_name
0001487718,"AMERICAN BATTERY MATERIALS, INC.",AMERICAN BATTERY MATERLS INC,american battery materls,crosswalk_name
0001487952,"Vishay Precision Group, Inc.",VISHAY PRECISION GROUP INC,vishay precision,crosswalk_name
0001489096,"Thermon Group Holdings, Inc.",THERMON GROUP HOLDINGS INC,thermon,crosswalk_name
0001489393,LyondellBasell Industries N.V.,LYONDELLBASELL INDUSTRIES,lyondellbasell industries,crosswalk_name
0001490906,"Capitol Federal Financial, Inc.",CAPITOL FEDERAL FINL INC,capitol federal finl,crosswalk_name
0001492691,Knight-Swift Transportation Holdings Inc.,KNIGHT-SWIFT TRPTN HLDGS INC,knightswift trptn hldgs,crosswalk_name
0001493594,"MACOM Technology Solutions Holdings, Inc.",MACOM TECHNLGY SOL HLDGS INC,macom technlgy sol hldgs,crosswalk_name
0001494904,"Global Indemnity Group, LLC",GLOBAL INDEMNITY GROUP LLC,global indemnity,crosswalk_name
0001495584,"Firsthand Technology Value Fund, Inc.",FIRSTHAND TECHNOLOGY VALU FD,firsthand technology valu fd,crosswalk_name
0001495932,"eXp World Holdings, Inc.",EXP WORLD HOLDINGS INC,exp world,crosswalk_name
0001496454,"CNL Healthcare Properties, Inc.",CNL HEALTHCARE PPTYS INC,cnl healthcare pptys,crosswalk_name
0001497649,Graphene & Solar Technologies Ltd,GRAPHENE & SOLAR TECHNOLOGIE,graphene solar technologie,crosswalk_name
0001498148,Artificial Intelligence Technology Solutions Inc.,ARTIFICIAL INTEL TECH SL INC,artificial intel tech sl,crosswalk_name
0001498382,"TuHURA Biosciences, Inc./NV",TUHURA BIOSCIENCES INC,tuhura biosciences,crosswalk_name
0001498547,"CIM REAL ESTATE FINANCE TRUST, INC.",CIM RL ESTATE FINANCE TR INC,cim rl estate finance tr,crosswalk_name
0001498710,"Spirit Airlines, Inc.",SPIRIT AVIATION HOLDINGS INC,spirit aviation,crosswalk_name
0001499961,MULLEN AUTOMOTIVE INC.,BOLLINGER INNOVATIONS INC,bollinger innovations,crosswalk_name
0001500198,NEUROONE MEDICAL TECHNOLOGIES Corp,NEUROONE MED TECHNOLOGIES CO,neuroone med technologies,crosswalk_name
0001500375,"Home Federal Bancorp, Inc. of Louisiana",HOME FEDERAL BANCORP INC/LA,home federal bancorp incla,crosswalk_name
0001501570,"Veritex Holdings, Inc.",VERITEX HOLDINGS INC,veritex,crosswalk_name
0001501585,"HUNTINGTON INGALLS INDUSTRIES, INC.",HUNTINGTON INGALLS IND INC,huntington ingalls ind,crosswalk_name
0001502292,"Conifer Holdings, Inc.",PRESURANCE HOLDINGS INC,presurance,crosswalk_name
0001503707,"NorthStar Healthcare Income, Inc.",NORTHSTAR HEALTHCRE INCM INC,northstar healthcre incm,crosswalk_name
0001504619,PennantPark Floating Rate Capital Ltd.,PENNANTPARK FLOATING RT CAP,pennantpark floating rt cap,crosswalk_name
0001505732,"Bankwell Financial Group, Inc.",BANKWELL FINANCIAL GROUP INC,bankwell financial,crosswalk_name
0001507079,"Floor & Decor Holdings, Inc.",FLOOR & DECOR HLDGS,floor decor hldgs,crosswalk_name
0001507605,"MARA Holdings, Inc.",MARA HOLDINGS INC,mara,crosswalk_name
0001508655,"Sixth Street Specialty Lending, Inc.",SIXTH STREET SPECIALTY LENDI,sixth street specialty lendi,crosswalk_name
0001509745,"LEAP THERAPEUTICS, INC.",CYPHERPUNK TECHNOLOGIES INC,cypherpunk technologies,crosswalk_name
0001512499,"LINDBLAD EXPEDITIONS HOLDINGS, INC.",LINDBLAD EXPEDITIONS HLDGS,lindblad expeditions hldgs,crosswalk_name
0001512762,"Coherus BioSciences, Inc.",COHERUS ONCOLOGY INC,coherus oncology,crosswalk_name
0001512922,"PetVivo Holdings, Inc.",PETVIVO HOLDINGS INC,petvivo,crosswalk_name
0001513761,Norwegian Cruise Line Holdings Ltd.,NORWEGIAN CRUISE LINE HLDGS,norwegian cruise line hldgs,crosswalk_name
0001514056,Titan Environmental Solutions Inc.,TITAN ENVIRONM SOLUTIONS INC,titan environm solutions,crosswalk_name
0001514443,"AMERIGUARD SECURITY SERVICES, INC.",AMERIGUARD SECURITY SRVS INC,ameriguard security srvs,crosswalk_name
0001515816,"Plymouth Industrial REIT, Inc.",PLYMOUTH INDL REIT INC,plymouth indl reit,crosswalk_name
0001517228,"CommScope Holding Company, Inc.",VISTANCE NETWORKS INC,vistance networks,crosswalk_name
0001517302,Artisan Partners Asset Management Inc.,ARTISAN PARTNERS ASSET MGMT,artisan partners asset mgmt,crosswalk_name
0001518461,"AmpliTech Group, Inc.",AMPLITECH GROUP INC,amplitech,crosswalk_name
0001518715,"HomeStreet, Inc.",MECHANICS BANCORP,mechanics bancorp,crosswalk_name
0001519751,"Fortune Brands Innovations, Inc.",FORTUNE BRANDS INNOVATNS INC,fortune brands innovatns,crosswalk_name
0001520262,Alkermes plc.,ALKERMES PLC,alkermes,crosswalk_name
0001520697,"Acadia Healthcare Company, Inc.",ACADIA HEALTHCARE CO INC,acadia healthcare,crosswalk_name
0001521036,"Lantheus Holdings, Inc.",LANTHEUS HOLDINGS INC,lantheus,crosswalk_name
0001521951,"FIRST BUSINESS FINANCIAL SERVICES, INC.",FIRST BUSINESS FINL SRV INC,first business finl srv,crosswalk_name
0001522727,"USA Compression Partners, LP",USA COMPRESSION PRTNRS LP,usa compression prtnrs lp,crosswalk_name
0001525769,"Dave & Buster's Entertainment, Inc.",DAVE & BUSTER'S ENTMT INC,dave busters entmt,crosswalk_name
0001527541,"Wheeler Real Estate Investment Trust, Inc.",WHEELER REAL ESTATE INVT TR,wheeler real estate invt tr,crosswalk_name
0001528129,"Vital Energy, Inc.",VITAL ENGY INC,vital engy,crosswalk_name
0001528985,"Inland Real Estate Income Trust, Inc.",INLAND REAL ESTATE INCOME TR,inland real estate income tr,crosswalk_name
0001530746,"Kaya Holdings, Inc.",KAYA HOLDINGS INC,kaya,crosswalk_name
0001530766,"BioSig Technologies, Inc.",STREAMEX CORP,streamex,crosswalk_name
0001530950,"Post Holdings, Inc.",POST HOLDINGS INC,post,crosswalk_name
0001531031,"Esquire Financial Holdings, Inc.",ESQUIRE FINCL HOLD INC,esquire fincl hold,crosswalk_name
0001531152,"BJ's Wholesale Club Holdings, Inc.",BJS WHSL CLUB HLDGS INC,bjs whsl club hldgs,crosswalk_name
0001533357,DEFENSE TECHNOLOGIES INTERNATIONAL CORP.,DEFENSE TECHNOLOGIES INTL CP,defense technologies intl cp,crosswalk_name
0001533615,Global Medical REIT Inc.,CHIRON REAL ESTATE INC,chiron real estate,crosswalk_name
0001534708,"Beeline Holdings, Inc.",BEELINE HOLDINGS INC,beeline,crosswalk_name
0001535527,"CrowdStrike Holdings, Inc.",CROWDSTRIKE HOLDINGS INC,crowdstrike,crosswalk_name
0001541401,"Empire State Realty Trust, Inc.",EMPIRE STATE REALTY TR INC,empire state realty tr,crosswalk_name
0001546296,"Professional Diversity Network, Inc.",PROFESSIONAL DIVERSITY NETWK,professional diversity netwk,crosswalk_name
0001547459,"Natural Grocers by Vitamin Cottage, Inc.",NATURAL GROCERS VITAMIN CTGE,natural grocers vitamin ctge,crosswalk_name
0001547903,"NMI Holdings, Inc.",NMI HOLDINGS INC,nmi,crosswalk_name
0001549084,"EKSO BIONICS HOLDINGS, INC.",EKSO BIONICS HOLDINGS INC,ekso bionics,crosswalk_name
0001549966,Silvercrest Asset Management Group Inc.,SILVERCREST ASSET MGT,silvercrest asset mgt,crosswalk_name
0001550453,TriLinc Global Impact Fund LLC,TRILINC GLOBAL IMPACT FU LLC,trilinc global impact fu,crosswalk_name
0001552800,"TILE SHOP HOLDINGS, INC.",TILE SHOP HOLDINGS INC,tile shop,crosswalk_name
0001553788,"SPLASH BEVERAGE GROUP, INC.",SPLASH BEVERAGE GROUP INC,splash beverage,crosswalk_name
0001556727,First Northwest Bancorp,FIRST NORTHWEST BANCRP,first northwest bancrp,crosswalk_name
0001556739,"Thryv Holdings, Inc.",THRYV HOLDINGS INC,thryv,crosswalk_name
0001559053,PROTHENA CORP PUBLIC LTD CO,PROTHENA CORPORATION PLC,prothena corporation,crosswalk_name
0001560385,Liberty Media Corp,LIBERTY MEDIA CORP -CONSOL,liberty media corp consol,crosswalk_name
0001561032,"National Healthcare Properties, Inc.",NATIONAL HEALTHCR PRPRTS INC,national healthcr prprts,crosswalk_name
0001561894,"HA Sustainable Infrastructure Capital, Inc.",HA SUSTAINABLE INFRA CAP INC,ha sustainable infra cap,crosswalk_name
0001562151,"Crimson Wine Group, Ltd",CRIMSON WINE GROUP LTD,crimson wine,crosswalk_name
0001562528,"Franklin BSP Realty Trust, Inc.",FRANKLIN BSP REALTY TRUST IN,franklin bsp realty trust in,crosswalk_name
0001563665,"Harvard Apparatus Regenerative Technology, Inc.",HARVARD APPARATUS REGE T INC,harvard apparatus rege t,crosswalk_name
0001563756,"Lightstone Value Plus REIT III, Inc.",LIGHTSTONE VAL PLUS REIT III,lightstone val plus reit iii,crosswalk_name
0001565146,Gulf Coast Ultra Deep Royalty Trust,GULF COAST ULTRA DEEP RTY TR,gulf coast ultra deep rty tr,crosswalk_name
0001566610,"Verb Technology Company, Inc.",TON STRATEGY CO,ton strategy,crosswalk_name
0001567900,BLACKBOXSTOCKS INC.,REALLOYS INC,realloys,crosswalk_name
0001569187,"Armada Hoffler Properties, Inc.",AH REALTY TRUST INC,ah realty trust,crosswalk_name
0001570827,"Victory Capital Holdings, Inc.",VICTORY CPTL HLDGS INC,victory cptl hldgs,crosswalk_name
0001570937,ALTAIR INTERNATIONAL CORP.,PREMIER AIR CHARTER HOLDINGS,premier air charter,crosswalk_name
0001571123,Science Applications International Corp,SCIENCE APPLICATIONS INTL CP,science applications intl cp,crosswalk_name
0001571283,"Rexford Industrial Realty, Inc.",REXFORD INDUS REALTY,rexford indus realty,crosswalk_name
0001571776,Cherry Hill Mortgage Investment Corp,CHERRY HILL MTG INVST,cherry hill mtg invst,crosswalk_name
0001571934,"Synaptogenix, Inc.",TAO SYNERGIES INC,tao synergies,crosswalk_name
0001573221,"TheRealReal, Inc.",REALREAL INC (THE),realreal inc the,crosswalk_name
0001574197,"Five Point Holdings, LLC",FIVE POINT HOLDINGS LLC,five point,crosswalk_name
0001575828,EXPRO GROUP HOLDINGS N.V.,EXPRO GROUP HOLDINGS N V,expro group holdings n v,crosswalk_name
0001575965,"Gaming & Leisure Properties, Inc.",GAMING & LEISURE PPTYS,gaming leisure pptys,crosswalk_name
0001576197,"Strategic Environmental & Energy Resources, Inc.",STRATEGIC ENVIRONMTL& ENERGY,strategic environmtl energy,crosswalk_name
0001576873,AMERICAN BATTERY TECHNOLOGY Co,AMERICAN BTTRY TECHNOLOGY CO,american bttry technology,crosswalk_name
0001578348,"Investcorp Credit Management BDC, Inc.",INVESTCORP CRDT MNGMT BDC,investcorp crdt mngmt bdc,crosswalk_name
0001579214,"Emerald Holding, Inc.",EMERALD HOLDING INC,emerald,crosswalk_name
0001579684,"Gannett Co., Inc.",USA TODAY CO INC,usa today,crosswalk_name
0001580345,TriplePoint Venture Growth BDC Corp.,TRIPLEPOINT VENTURE GWTH BDC,triplepoint venture gwth bdc,crosswalk_name
0001580905,"Installed Building Products, Inc.",INSTALLED BLDG PRODUCTS INC,installed bldg products,crosswalk_name
0001581091,"RE/MAX Holdings, Inc.",RE/MAX HOLDINGS INC,remax,crosswalk_name
0001582554,"Matinas BioPharma Holdings, Inc.",MATINAS BIOPHARMA HLDGS INC,matinas biopharma hldgs,crosswalk_name
0001584207,"OneMain Holdings, Inc.",ONEMAIN HOLDINGS INC,onemain,crosswalk_name
0001584549,"Village Farms International, Inc.",VILLAGE FARMS INTL INC,village farms intl,crosswalk_name
0001585389,"SmartStop Self Storage REIT, Inc.",SMARTSTOP SELF STORAGE R INC,smartstop self storage r,crosswalk_name
0001589149,"Greenwave Technology Solutions, Inc.",GREENWAVE TECHNOLOGY SOL INC,greenwave technology sol,crosswalk_name
0001590750,"Viridian Therapeutics, Inc.\DE",VIRIDIAN THERAPEUTICS INC,viridian therapeutics,crosswalk_name
0001591588,"A-Mark Precious Metals, Inc.",GOLD.COM INC,goldcom,crosswalk_name
0001591890,Fundamental Global Inc.,FG NEXUS INC,fg nexus,crosswalk_name
0001595097,"Corbus Pharmaceuticals Holdings, Inc.",CORBUS PHARMACEUTICALS HLDGS,corbus pharmaceuticals hldgs,crosswalk_name
0001595527,American Strategic Investment Co.,AMERICAN STRATEGIC INVEST CO,american strategic invest,crosswalk_name
0001596961,"RumbleOn, Inc.",RIDENOW GROUP INC,ridenow,crosswalk_name
0001598665,"Heritage Insurance Holdings, Inc.",HERITAGE INSURANCE HOLDINGS,heritage insurance,crosswalk_name
0001599901,"Avidity Biosciences, Inc.",AVIDITY BIOSCIENCE INC,avidity bioscience,crosswalk_name
0001603291,"EASTERN ENERGY GAS HOLDINGS, LLC",EASTERN ENERGY GAS HLDG LLC,eastern energy gas hldg,crosswalk_name
0001603923,Weatherford International plc,WEATHERFORD INTL PLC,weatherford intl,crosswalk_name
0001604191,"Entero Therapeutics, Inc.",GRIDAI TECHNOLOGIES CORP,gridai technologies,crosswalk_name
0001604665,Westlake Chemical Partners LP,WESTLAKE CHEMICAL PRTNRS LP,westlake chemical prtnrs lp,crosswalk_name
0001605607,"Paramount Group, Inc.",PARAMOUNT GROUP INC,paramount,crosswalk_name
0001606163,"Limbach Holdings, Inc.",LIMBACH HOLDINGS INC,limbach,crosswalk_name
0001606366,"El Pollo Loco Holdings, Inc.",EL POLLO LOCO HOLDINGS INC,el pollo loco,crosswalk_name
0001606745,"Liberty TripAdvisor Holdings, Inc.",LIBERTY TRIPADVISOR HOLDINGS,liberty tripadvisor,crosswalk_name
0001609550,"Inspire Medical Systems, Inc.",INSPIRE MEDICAL SYSTEM,inspire medical system,crosswalk_name
0001610250,"Boot Barn Holdings, Inc.",BOOT BARN HOLDINGS INC,boot barn,crosswalk_name
0001610853,"HELIUS MEDICAL TECHNOLOGIES, INC.",SOLANA CO,solana,crosswalk_name
0001612630,JOINT Corp,JOINT CORP (THE),joint corp the,crosswalk_name
0001613780,DBV Technologies S.A.,DBV TECHNOLOGIES S A,dbv technologies s a,crosswalk_name
0001615219,"Salarius Pharmaceuticals, Inc.",DECOY THERAPEUTICS INC,decoy therapeutics,crosswalk_name
0001616262,"Rocky Mountain Chocolate Factory, Inc.",ROCKY MOUNTAIN CHOC FACT INC,rocky mountain choc fact,crosswalk_name
0001616543,"Senseonics Holdings, Inc.",SENSEONICS HLDGS INC,senseonics hldgs,crosswalk_name
0001617640,"ZILLOW GROUP, INC.",ZILLOW GROUP INC,zillow,crosswalk_name
0001618563,National Storage Affiliates Trust,NATIONAL STORAGE AFFILIATES,national storage affiliates,crosswalk_name
0001618755,Restaurant Brands International Limited Partnership,RESTAURANT BRANDS INTL LP,restaurant brands intl lp,crosswalk_name
0001618756,Restaurant Brands International Inc.,RESTAURANT BRANDS INTL INC,restaurant brands intl,crosswalk_name
0001620393,"NexPoint Residential Trust, Inc.",NEXPOINT RESIDENTIAL TR INC,nexpoint residential tr,crosswalk_name
0001620459,"James River Group Holdings, Ltd.",JAMES RIVER GROUP HLDGS INC,james river group hldgs,crosswalk_name
0001620463,"Athira Pharma, Inc.",LEONABIO INC,leonabio,crosswalk_name
0001621906,Western Uranium & Vanadium Corp.,WESTERN URANM & VNDM CORP,western uranm vndm,crosswalk_name
0001622194,"Easterly Government Properties, Inc.",EASTERLY GOVERNMENT PPTYS,easterly government pptys,crosswalk_name
0001624322,"Business First Bancshares, Inc.",BUSINESS FIRST BANCSHS INC,business first bancshs,crosswalk_name
0001626450,"BigCommerce Holdings, Inc.",COMMERCE.COM INC,commercecom,crosswalk_name
0001630031,Brixmor Operating Partnership LP,BRIXMOR OPERATING PRTNRS LP,brixmor operating prtnrs lp,crosswalk_name
0001630472,"TPG RE Finance Trust, Inc.",TPG RE FINANCE TRT INC,tpg re finance trt,crosswalk_name
0001631596,KKR Real Estate Finance Trust Inc.,KKR REAL ESTATE FIN TR INC,kkr real estate fin tr,crosswalk_name
0001632790,"ENERGIZER HOLDINGS, INC.",ENERGIZER HOLDINGS INC,energizer,crosswalk_name
0001633917,"PayPal Holdings, Inc.",PAYPAL HOLDINGS INC,paypal,crosswalk_name
0001636651,Ovid Therapeutics Inc.,OVID THRPUTCS INC,ovid thrputcs,crosswalk_name
0001638290,"MasterCraft Boat Holdings, Inc.",MASTERCRAFT BOAT HLDNGS IN,mastercraft boat hldngs in,crosswalk_name
0001639300,"Ollie's Bargain Outlet Holdings, Inc.",OLLIE'S BARGAIN OUTLET HLDGS,ollies bargain outlet hldgs,crosswalk_name
0001639327,Zhuoxun Hongtu Inc.,GUSHEN INC,gushen,crosswalk_name
0001641281,"Bolt Biotherapeutics, Inc.",BOLT BIOTHRPTCS INC,bolt biothrptcs,crosswalk_name
0001642122,"Associated Capital Group, Inc.",ASSOCIATED CAPITAL GROUP INC,associated capital,crosswalk_name
0001642380,Oncocyte Corp,INSIGHT MOLECLAR DIAGNOS INC,insight moleclar diagnos,crosswalk_name
0001643154,"iANTHUS CAPITAL HOLDINGS, INC.",IANTHUS CAPITAL HOLDINGS INC,ianthus capital,crosswalk_name
0001643615,"Montrose Environmental Group, Inc.",MONTROSE ENV GROUP INC,montrose env,crosswalk_name
0001645113,NovoCure Ltd,NOVOCURE LIMITED,novocure limited,crosswalk_name
0001646972,"Albertsons Companies, Inc.",ALBERTSONS COS INC,albertsons cos,crosswalk_name
0001647639,"Upstart Holdings, Inc.",UPSTART HOLDINGS INC,upstart,crosswalk_name
0001649904,"RHYTHM PHARMACEUTICALS, INC.",RHYTHM PHARMACEUTICLS,rhythm pharmaceuticls,crosswalk_name
0001650132,"Four Corners Property Trust, Inc.",FOUR CORNERS PROPERTY TR INC,four corners property tr,crosswalk_name
0001650648,"4D Molecular Therapeutics, Inc.",4D MOLECULAR THER INC,4d molecular ther,crosswalk_name
0001651308,"BeiGene, Ltd.",BEONE MEDICINES LTD,beone medicines,crosswalk_name
0001651932,"Xenous Holdings, Inc.",XENOUS HOLDINGS INC,xenous,crosswalk_name
0001652535,"ICHOR HOLDINGS, LTD.",ICHOR HOLDINGS LTD,ichor,crosswalk_name
0001653558,"Priority Technology Holdings, Inc.",PRIORITY TECHNLGY HLDNGS INC,priority technlgy hldngs,crosswalk_name
0001654595,"Medalist Diversified REIT, Inc.",MEDALIST DIVERSIFIED INC,medalist diversified,crosswalk_name
0001655050,"Bain Capital Specialty Finance, Inc.",BAIN CAP SPECIALTY FIN INC,bain cap specialty fin,crosswalk_name
0001657045,NEXT-ChemX Corporation.,NEXT-CHEMX CORP,nextchemx,crosswalk_name
0001657853,"HERTZ GLOBAL HOLDINGS, INC",HERTZ GLOBAL HOLDINGS INC,hertz global,crosswalk_name
0001658247,"Crinetics Pharmaceuticals, Inc.",CRINETICS PHARMCTCL INC,crinetics pharmctcl,crosswalk_name
0001660280,"Tenable Holdings, Inc.",TENABLE HOLDINGS INC,tenable,crosswalk_name
0001660334,Verrica Pharmaceuticals Inc.,VERRICA PHARMACEUTICAL,verrica pharmaceutical,crosswalk_name
0001662684,"KULR Technology Group, Inc.",KULR TECHNOLOGY GROUP,kulr technology,crosswalk_name
0001668397,"Medpace Holdings, Inc.",MEDPACE HOLDINGS INC,medpace,crosswalk_name
0001669162,"Kinsale Capital Group, Inc.",KINSALE CAPITAL GROUP INC,kinsale capital,crosswalk_name
0001669779,"Camping World Holdings, Inc.",CAMPING WORLD HOLDINGS INC,camping world,crosswalk_name
0001669811,"Donnelley Financial Solutions, Inc.",DONNELLEY FINANCIAL SOLTNS,donnelley financial soltns,crosswalk_name
0001670592,"YETI Holdings, Inc.",YETI HOLDINGS INC,yeti,crosswalk_name
0001673358,"Yum China Holdings, Inc.",YUM CHINA HOLDINGS INC,yum china,crosswalk_name
0001673475,"GPO Plus, Inc.",KOLDECK INC-REDH,koldeck incredh,crosswalk_name
0001673481,Lottery.com Inc.,SPORTS ENTERTMT GMG GBL CORP,sports entertmt gmg gbl,crosswalk_name
0001674335,"JELD-WEN Holding, Inc.",JELD-WEN HOLDING INC,jeldwen,crosswalk_name
0001677576,INNOVATIVE INDUSTRIAL PROPERTIES INC,INNOVATIVE INDUSTRIAL PPTYS,innovative industrial pptys,crosswalk_name
0001679273,"Lamb Weston Holdings, Inc.",LAMB WESTON HOLDINGS INC,lamb weston,crosswalk_name
0001679688,"DigitalBridge Group, Inc.",DIGITALBRIDGE GROUP INC,digitalbridge,crosswalk_name
0001681206,"NI Holdings, Inc.",NI HOLDINGS INC,ni,crosswalk_name
0001682639,"EYENOVIA, INC.",HYPERION DEFI INC,hyperion defi,crosswalk_name
0001683695,"International Money Express, Inc.",INTERNATIONAL MONEY EXPR INC,international money expr,crosswalk_name
0001685040,"Brighthouse Financial, Inc.",BRIGHTHOUSE FINANL INC,brighthouse finanl,crosswalk_name
0001687221,"REV Group, Inc.",REV GROUP INC,rev,crosswalk_name
0001687932,"J.Jill, Inc.",J JILL INC,j jill,crosswalk_name
0001688757,ESTABLISHMENT LABS HOLDINGS INC.,ESTABLISHMNT LBS HLDNG,establishmnt lbs hldng,crosswalk_name
0001689548,"Praxis Precision Medicines, Inc.",PRAXIS PRECIS MEDI INC,praxis precis medi,crosswalk_name
0001689796,JBG SMITH Properties,JBG SMITH PPTYS,jbg smith pptys,crosswalk_name
0001690012,"InPoint Commercial Real Estate Income, Inc.",INPOINT COMMERC REAL EST INC,inpoint commerc real est,crosswalk_name
0001690080,180 Life Sciences Corp.,FORUM MARKETS INC,forum markets,crosswalk_name
0001690334,SEACOR Marine Holdings Inc.,SEACOR MARINE HLDGS INC,seacor marine hldgs,crosswalk_name
0001690585,"Dianthus Therapeutics, Inc. /DE/",DIANTHUS THERAPEUTICS INC,dianthus therapeutics,crosswalk_name
0001690680,"NEWMARK GROUP, INC.",NEWMARK GROUP INC,newmark,crosswalk_name
0001692115,"Southwest Gas Holdings, Inc.",SOUTHWEST GAS HOLDINGS INC,southwest gas,crosswalk_name
0001692412,Playa Hotels & Resorts N.V.,PLAYA HOTELS & RESORTS N V,playa hotels resorts n v,crosswalk_name
0001692415,"Co-Diagnostics, Inc.",CO-DIAGNOSTIC INC,codiagnostic,crosswalk_name
0001692427,"NCS Multistage Holdings, Inc.",NCS MULTISTAGE HLDG INC,ncs multistage hldg,crosswalk_name
0001694426,"Delek US Holdings, Inc.",DELEK US HOLDINGS INC,delek us,crosswalk_name
0001695295,"HYDROFARM HOLDINGS GROUP, INC.",HYDROFARM HLDNG GP INC,hydrofarm hldng gp,crosswalk_name
0001697500,"Solaris Energy Infrastructure, Inc.",SOLARIS ENRGY INFRASTRUCTURE,solaris enrgy infrastructure,crosswalk_name
0001698022,"Farmers & Merchants Bancshares, Inc.",FARMERS & MERCHANTS BANCSHRS,farmers merchants bancshrs,crosswalk_name
0001698538,"Strategic Student & Senior Housing Trust, Inc.",STRATEGIC STDNT & SR HSNG TR,strategic stdnt sr hsng tr,crosswalk_name
0001701758,Lovesac Co,LOVESAC CO (THE),lovesac co the,crosswalk_name
0001702780,"Altice USA, Inc.",OPTIMUM COMMUNICATIONS INC,optimum communications,crosswalk_name
0001703644,Granite Point Mortgage Trust Inc.,GRANITE POINT MORTGE TRS INC,granite point mortge trs,crosswalk_name
0001703956,"Concrete Pumping Holdings, Inc.",CONCRETE PUMPING HOLDINGS,concrete pumping,crosswalk_name
0001704715,"Alpha Metallurgical Resources, Inc.",ALPHA METALLURGICAL RESOURCE,alpha metallurgical resource,crosswalk_name
0001704720,"Cannae Holdings, Inc.",CANNAE HOLDINGS INC,cannae,crosswalk_name
0001705873,Berry Corp (bry),BERRY CORP,berry,crosswalk_name
0001706509,Cosmos Group Holdings Inc.,GRAND GALLERY INC,grand gallery,crosswalk_name
0001706946,"Virgin Galactic Holdings, Inc",VIRGIN GALACTIC HOLDINGS INC,virgin galactic,crosswalk_name
0001708176,Hall of Fame Resort & Entertainment Co,HALL OF FAME RESORT & ENT CO,hall of fame resort ent,crosswalk_name
0001708341,Allied Gaming & Entertainment Inc.,ALLIED GAMING & ENTERTAI INC,allied gaming entertai,crosswalk_name
0001709164,Hamilton Beach Brands Holding Co,HAMILTON BEACH BND HDNG,hamilton beach bnd hdng,crosswalk_name
0001710155,"National Vision Holdings, Inc.",NATIONAL VISION HOLDINGS INC,national vision,crosswalk_name
0001713863,"Rafael Holdings, Inc.",RAFAEL HOLDINGS INC,rafael,crosswalk_name
0001714899,Denali Therapeutics Inc.,DENALI THERAPEUTCS INC,denali therapeutcs,crosswalk_name
0001717307,Industrial Logistics Properties Trust,INDSTRL LGST PRPT TRST,indstrl lgst prpt trst,crosswalk_name
0001718227,"Construction Partners, Inc.",CONSTRUCTION PRTNR INC,construction prtnr,crosswalk_name
0001721741,"Lazydays Holdings, Inc.",LAZYDAYS HOLDINGS INC,lazydays,crosswalk_name
0001722684,"WYNDHAM HOTELS & RESORTS, INC.",WYNDHAM HOTELS & RESRTS,wyndham hotels resrts,crosswalk_name
0001722964,"Y-mAbs Therapeutics, Inc.",Y MABS THERAPEUTICS INC,y mabs therapeutics,crosswalk_name
0001725430,INTELLIGENT BIO SOLUTIONS INC.,INTELLIGENT BIO SOLUTION INC,intelligent bio solution,crosswalk_name
0001727196,Scholar Rock Holding Corp,SCHOLAR ROCK HOLDNG CRP,scholar rock holdng crp,crosswalk_name
0001728951,"ESSENTIAL PROPERTIES REALTY TRUST, INC.",ESSENTIAL PPT RLTY TST,essential ppt rlty tst,crosswalk_name
0001729637,Karbon-X Corp.,KARBON X CORP,karbon x,crosswalk_name
0001729944,"IMAC Holdings, Inc.",IMAC HOLDINGS INC,imac,crosswalk_name
0001730430,"Kiniksa Pharmaceuticals International, plc",KINIKSA PHRMCTICALS INTL PLC,kiniksa phrmcticals intl,crosswalk_name
0001733998,Northwest Natural Holding Co,NORTHWEST NATURAL HLDNG CO,northwest natural hldng,crosswalk_name
0001734713,"BrightView Holdings, Inc.",BRIGHTVIEW HOLDINGS,brightview,crosswalk_name
0001735041,Greenland Technologies Holding Corp.,GREENLAND TECH HOLDING CORP,greenland tech,crosswalk_name
0001736035,Blackstone Secured Lending Fund,BLACKSTONE SECURED LENDING F,blackstone secured lending f,crosswalk_name
0001737924,Nuveen Churchill Direct Lending Corp.,NUVEEN CHURCHILL DI LEN CORP,nuveen churchill di len,crosswalk_name
0001737953,"Replimune Group, Inc.",REPLIMUNE GROUP INC,replimune,crosswalk_name
0001739104,Elanco Animal Health Inc,ELANCO ANIMAL HLTH INC,elanco animal hlth,crosswalk_name
0001739940,Cigna Group,CIGNA GROUP (THE),cigna group the,crosswalk_name
0001740797,AVANT TECHNOLOGIES INC.,AVAI BIO INC,avai bio,crosswalk_name
0001741489,"Elvictor Group, Inc.",ELVICTOR GROUP INC,elvictor,crosswalk_name
0001742927,"REVIVA PHARMACEUTICALS HOLDINGS, INC.",REVIVA PHARMACEUTICALS HOLD,reviva pharmaceuticals hold,crosswalk_name
0001743725,"GRID DYNAMICS HOLDINGS, INC.",GRID DYNAMICS HOLDGS INC,grid dynamics holdgs,crosswalk_name
0001743745,"Greenlane Holdings, Inc.",GREENLANE HOLDINGS INC,greenlane,crosswalk_name
0001744489,Walt Disney Co,DISNEY (WALT) CO,disney walt,crosswalk_name
0001744494,"ADVENT TECHNOLOGIES HOLDINGS, INC.",ADVENT TECHNOLOGIES HOLD INC,advent technologies hold,crosswalk_name
0001746119,Vanguard Green Investment Ltd,VANGUARD GREEN INVESTMNT LTD,vanguard green investmnt,crosswalk_name
0001746618,"Revolve Group, Inc.",REVOLVE GROUP INC,revolve,crosswalk_name
0001747777,Blue Owl Technology Finance Corp.,BLUE OWL TECH FIN CORP -REDH,blue owl tech fin corp redh,crosswalk_name
0001750149,"Inhibikase Therapeutics, Inc.",INHIBIKASE THERAPE INC,inhibikase therape,crosswalk_name
0001754068,"Allovir, Inc.",KALARIS THERAPEUTICS INC,kalaris therapeutics,crosswalk_name
0001756262,"TransMedics Group, Inc.",TRANSMEDICS GROUP INC,transmedics,crosswalk_name
0001758057,"Luminar Technologies, Inc./DE",LUMINAR TECHNOLOGIES INC,luminar technologies,crosswalk_name
0001759186,"Coeptis Therapeutics Holdings, Inc.",COEPTIS THERAPEUTIC HOLD INC,coeptis therapeutic hold,crosswalk_name
0001760026,Regenerative Medical Technology Group Inc.,REGENERATIVE MD TECH GRP INC,regenerative md tech grp,crosswalk_name
0001760689,"Microvast Holdings, Inc.",MICROVAST HOLDINGS INC,microvast,crosswalk_name
0001760903,"Safety Shot, Inc.",BONK INC,bonk,crosswalk_name
0001761312,"Palomar Holdings, Inc.",PALOMAR HOLDINGS INC,palomar,crosswalk_name
0001762239,"Kaival Brands Innovations Group, Inc.",KAIVAL BRANDS INNV GROUP INC,kaival brands innv,crosswalk_name
0001763925,CoJax Oil & Gas Corp,COJAX OIL AND GAS CORP,cojax oil and gas,crosswalk_name
0001766368,"Mayville Engineering Company, Inc.",MAYVILLE ENGNERING CMPNY INC,mayville engnering cmpny,crosswalk_name
0001766400,"Pennant Group, Inc.",PENNANT GROUP INC (THE),pennant group inc the,crosswalk_name
0001767837,"Richmond Mutual Bancorporation, Inc.",RICHMOND MUTUAL BANCO INC,richmond mutual banco,crosswalk_name
0001768224,Arcturus Therapeutics Holdings Inc.,ARCTURUS THERAPETCS HOLD INC,arcturus therapetcs hold,crosswalk_name
0001769663,"Pioneer Bancorp, Inc./MD",PIONEER BANCORP INC,pioneer bancorp,crosswalk_name
0001770121,"Sana Biotechnology, Inc.",SANA BIOTCHNOLOGY INC,sana biotchnology,crosswalk_name
0001770236,MOVING iMAGE TECHNOLOGIES INC.,MOVING IMAGE TECHNOLOGIS INC,moving image technologis,crosswalk_name
0001770561,Coronado Global Resources Inc.,CORONADO GBL RESORC INC -ADR,coronado gbl resorc inc adr,crosswalk_name
0001771515,Grocery Outlet Holding Corp.,GROCERY OUTLET HLDNG CORP,grocery outlet hldng,crosswalk_name
0001772695,Sunnova Energy International Inc.,SUNNOVA ENRGY INTL INC,sunnova enrgy intl,crosswalk_name
0001772720,SPRUCE POWER HOLDING CORP,SPRUCE POWER HOLDG CORP,spruce power holdg,crosswalk_name
0001777393,"ChargePoint Holdings, Inc.",CHARGEPOINT HOLDINGS INC,chargepoint,crosswalk_name
0001778784,"Provident Bancorp, Inc. /MD/",PROVIDENT BANCORP INC,provident bancorp,crosswalk_name
0001781755,"Baldwin Insurance Group, Inc.",BALDWIN INSURANCE GROUP INC,baldwin insurance,crosswalk_name
0001782524,Morgan Stanley Direct Lending Fund,MORGAN STANLEY DRCT LEND FND,morgan stanley drct lend fnd,crosswalk_name
0001783183,"Phathom Pharmaceuticals, Inc.",PHATHOM PHARMA INC,phathom pharma,crosswalk_name
0001784535,"Porch Group, Inc.",PORCH GROUP INC,porch,crosswalk_name
0001785424,"Katapult Holdings, Inc.",KATAPULT HOLDINGS INC,katapult,crosswalk_name
0001785592,"Leafly Holdings, Inc. /DE",LEAFLY HOLDINGS INC,leafly,crosswalk_name
0001786248,"NexPoint Real Estate Finance, Inc.",NEXPOINT REAL EST FIN,nexpoint real est fin,crosswalk_name
0001786352,"BILL Holdings, Inc.",BILL HOLDINGS INC,bill,crosswalk_name
0001787518,Nukkleus Inc.,T3 DEFENSE INC,t3 defense,crosswalk_name
0001789192,"N2OFF, Inc.",NEXENTIS TECHNOLOGIES INC,nexentis technologies,crosswalk_name
0001794515,ZoomInfo Technologies Inc.,ZOOMINFO TECHNO INC,zoominfo techno,crosswalk_name
0001794776,Palmer Square Capital BDC Inc.,PALMER SQUARE CAPTAL BDC INC,palmer square captal bdc,crosswalk_name
0001796949,"GenFlat Holdings, Inc.",GENFLAT HOLDINGS INC,genflat,crosswalk_name
0001799191,"Oncology Institute, Inc.",ONCOLOGY INSTITUTE INC (THE),oncology institute inc the,crosswalk_name
0001799208,"Dun & Bradstreet Holdings, Inc.",DUN & BRADSTREET HOLDNGS INC,dun bradstreet holdngs,crosswalk_name
0001799788,"Greenwich LifeSciences, Inc.",GREENWICH LIFESCIE INC,greenwich lifescie,crosswalk_name
0001800315,"Galecto, Inc.",DAMORA THERAPEUTICS INC,damora therapeutics,crosswalk_name
0001800347,"E2open Parent Holdings, Inc.",E2OPEN PARENT HOLDINGS INC,e2open parent,crosswalk_name
0001800637,Agrify Corp,RYTHM INC,rythm,crosswalk_name
0001801170,"CLOVER HEALTH INVESTMENTS, CORP. /DE",CLOVER HEALTH INVESTMENTS,clover health investments,crosswalk_name
0001801368,MP Materials Corp. / DE,MP MATERIALS CORP,mp materials,crosswalk_name
0001802665,"Harmony Biosciences Holdings, Inc.",HARMONY BIOSC HOLD INC,harmony biosc hold,crosswalk_name
0001803914,"PLBY Group, Inc.",PLAYBOY INC,playboy,crosswalk_name
0001804591,23andMe Holding Co.,CHROME HOLDING CO,chrome,crosswalk_name
0001805284,"Rocket Companies, Inc.",ROCKET COS INC,rocket cos,crosswalk_name
0001805385,"Evolv Technologies Holdings, Inc.",EVOLV TECHNOLOGIES HOLDINGS,evolv technologies,crosswalk_name
0001805521,FARADAY FUTURE INTELLIGENT ELECTRIC INC.,FARADAY FUTURE INTELLIGENT,faraday future intelligent,crosswalk_name
0001806310,"Taysha Gene Therapies, Inc.",TAYSHA GENE THERPS INC,taysha gene therps,crosswalk_name
0001807765,PMV Consumer Acquisition Corp.,PMV CONSUMER ACQU CORP -REDH,pmv consumer acqu corp redh,crosswalk_name
0001807893,"STANDARD PREMIUM FINANCE HOLDINGS, INC.",STANDARD PREMI FIN HLDGS INC,standard premi fin hldgs,crosswalk_name
0001808158,Repare Therapeutics Inc.,REPARE THERAPEUTIC INC,repare therapeutic,crosswalk_name
0001808665,"Assertio Holdings, Inc.",ASSERTIO HOLDINGS INC,assertio,crosswalk_name
0001808834,"PROG Holdings, Inc.",PROG HOLDINGS INC,prog,crosswalk_name
0001809104,"Alight, Inc. / Delaware",ALIGHT INC,alight,crosswalk_name
0001809519,"GoodRx Holdings, Inc.",GOODRX HLDGS INC,goodrx hldgs,crosswalk_name
0001810182,ALX ONCOLOGY HOLDINGS INC,ALX ONCOLOGY HOLDI INC,alx oncology holdi,crosswalk_name
0001811210,"Lucid Group, Inc.",LUCID GROUP INC,lucid,crosswalk_name
0001811999,"FARMHOUSE, INC. /NV",FARMHOUSE INC,farmhouse,crosswalk_name
0001812727,"Reliance Global Group, Inc.",RELIANCE GLOBAL GROUP INC,reliance global,crosswalk_name
0001814114,"Orchestra BioMed Holdings, Inc.",ORCHESTRA BIOMED HOLDING INC,orchestra biomed,crosswalk_name
0001815442,"Kymera Therapeutics, Inc.",KYMERA THERAPEUTIC INC,kymera therapeutic,crosswalk_name
0001815974,"Anebulo Pharmaceuticals, Inc.",ANEBULO PHARMA INC,anebulo pharma,crosswalk_name
0001816431,Quantum-Si Inc,QUANTUM SI INC,quantum si,crosswalk_name
0001817358,"Academy Sports & Outdoors, Inc.",ACADEMY SPO AND OU INC,academy spo and ou,crosswalk_name
0001818093,Beauty Health Co,BEAUTY HEALTH CO (THE),beauty health co the,crosswalk_name
0001818201,CCC Intelligent Solutions Holdings Inc.,CCC INTELLIGENT SOLUTIONS HL,ccc intelligent solutions hl,crosswalk_name
0001819394,"Matterport, Inc./DE",MATTERPORT INC,matterport,crosswalk_name
0001819790,"Tarsus Pharmaceuticals, Inc.",TARSUS PHARMACEUTI INC,tarsus pharmaceuti,crosswalk_name
0001819989,Cipher Mining Inc.,CIPHER DIGITAL INC,cipher digital,crosswalk_name
0001819994,"Rocket Lab USA, Inc.",ROCKET LAB CORP,rocket lab,crosswalk_name
0001820302,"Bakkt Holdings, Inc.",BAKKT INC,bakkt,crosswalk_name
0001820872,"Global Business Travel Group, Inc.",GLOBAL BUSINESS TRAVL GP INC,global business travl gp,crosswalk_name
0001820953,"Affirm Holdings, Inc.",AFFIRM HOLDINGS INC,affirm,crosswalk_name
0001823144,"CompoSecure, Inc.",GPGI INC,gpgi,crosswalk_name
0001823239,"MARAVAI LIFESCIENCES HOLDINGS, INC.",MARAVAI LIFESCIENS HLDGS INC,maravai lifesciens hldgs,crosswalk_name
0001823466,"FiscalNote Holdings, Inc.",FISCALNOTE HOLDINGS INC,fiscalnote,crosswalk_name
0001823652,"Eve Holding, Inc.",EVE HOLDING INC,eve,crosswalk_name
0001824893,"Surrozen, Inc./DE",SURROZEN INC,surrozen,crosswalk_name
0001826470,"Petco Health & Wellness Company, Inc.",PETCO HEALTH AND WELLNESS CO,petco health and wellness,crosswalk_name
0001826889,"Beachbody Company, Inc.",BEACHBODY CO INC (THE),beachbody co inc the,crosswalk_name
0001827821,"Forge Global Holdings, Inc.",FORGE GLOBAL HOLDINGS INC,forge global,crosswalk_name
0001828536,"Energy Vault Holdings, Inc.",ENERGY VAULT HOLDINGS INC,energy vault,crosswalk_name
0001829311,"BITMINE IMMERSION TECHNOLOGIES, INC.",BITMINE IMMERSION TECH INC,bitmine immersion tech,crosswalk_name
0001829802,"Sensei Biotherapeutics, Inc.",SENSEI BIOTHERAPEU INC,sensei biotherapeu,crosswalk_name
0001829953,Corner Growth Acquisition Corp.,CORNER GROWTH ACQ CORP -REDH,corner growth acq corp redh,crosswalk_name
0001830188,"United Homes Group, Inc.",UNITED HOMES GROUP INC,united homes,crosswalk_name
0001831096,"Great Elm Group, Inc.",GREAT ELM GROUP INC,great elm,crosswalk_name
0001831363,"Terns Pharmaceuticals, Inc.",TERNS PHARMACEUTIC INC,terns pharmaceutic,crosswalk_name
0001831651,"Shoals Technologies Group, Inc.",SHOALS TECHNOLOGIES GRP INC,shoals technologies grp,crosswalk_name
0001832483,Serve Robotics Inc. /DE/,SERVE ROBOTICS INC,serve robotics,crosswalk_name
0001834376,InnovAge Holding Corp.,INNOVAGE HOLD CORP,innovage hold,crosswalk_name
0001835385,"Marathon Bancorp, Inc. /MD/",MARATHON BANCORP INC,marathon bancorp,crosswalk_name
0001836981,"BigBear.ai Holdings, Inc.",BIGBEAR.AI HOLDINGS INC,bigbearai,crosswalk_name
0001854445,"Glimpse Group, Inc.",GLIMPSE GROUP INC(THE),glimpse group incthe,crosswalk_name
0000002186,BK Technologies Corp,Relm Wireless Corp,relm wireless,ticker_map_name
0000004281,Howmet Aerospace Inc.,Alcoa Inc,alcoa,ticker_map_name
0000004457,U-Haul Holding Co /NV/,Amerco,amerco,ticker_map_name
0000005272,"AMERICAN INTERNATIONAL GROUP, INC.",American International Group Inc,american international,ticker_map_name
0000006951,APPLIED MATERIALS INC /DE,Applied Materials Inc,applied materials,ticker_map_name
0000006955,ENERPAC TOOL GROUP CORP,Actuant Corp,actuant,ticker_map_name
0000007084,Archer-Daniels-Midland Co,Archer Daniels Midland Co,archer daniels midland,ticker_map_name
0000008146,"AstroNova, Inc.",Astro Med Inc,astro med,ticker_map_name
0000008504,AgEagle Aerial Systems Inc.,Enerjex Resources Inc,enerjex resources,ticker_map_name
0000012208,"BIO-RAD LABORATORIES, INC.",Bio Rad Laboratories Inc,bio rad laboratories,ticker_map_name
0000012239,Dominari Holdings Inc.,Spherix Inc,spherix,ticker_map_name
0000014707,CALERES INC,Brown Shoe Co Inc,brown shoe,ticker_map_name
0000014846,BRT Apartments Corp.,BRT Realty Trust,brt realty trust,ticker_map_name
0000016058,CACI INTERNATIONAL INC /DE/,Caci International Inc,caci international,ticker_map_name
0000016160,CAL-MAINE FOODS INC,Cal Maine Foods Inc,cal maine foods,ticker_map_name
0000016732,CAMPBELL'S Co,Campbell Soup Co,campbell soup,ticker_map_name
0000018926,"Lumen Technologies, Inc.",Centurylink Inc,centurylink,ticker_map_name
0000020520,"Frontier Communications Parent, Inc.",Frontier Communications Corp,frontier communications,ticker_map_name
0000021076,CLOROX CO /DE/,Clorox Co,clorox,ticker_map_name
0000022356,COMMERCE BANCSHARES INC /MO/,Commerce Bancshares Inc,commerce bancshares,ticker_map_name
0000022701,"SUNation Energy, Inc.",Communications Systems Inc,communications systems,ticker_map_name
0000023197,COMTECH TELECOMMUNICATIONS CORP /DE/,Comtech Telecommunications Corp,comtech telecommunications,ticker_map_name
0000023217,CONAGRA BRANDS INC.,Conagra Foods Inc,conagra foods,ticker_map_name
0000023795,"CTO Realty Growth, Inc.",Consolidated Tomoka Land Co,consolidated tomoka land,ticker_map_name
0000024545,MOLSON COORS BEVERAGE CO,Molson Coors Brewing Co,molson coors brewing,ticker_map_name
0000024741,CORNING INC /NY,Corning Inc,corning,ticker_map_name
0000025445,"Crane NXT, Co.",Crane Co,crane,ticker_map_name
0000027093,U.S. GOLD CORP.,Dataram Corp,dataram,ticker_map_name
0000028412,COMERICA INC /NEW/,Comerica Inc,comerica,ticker_map_name
0000028823,"DIEBOLD NIXDORF, Inc",Diebold Inc,diebold,ticker_map_name
0000029002,DIODES INC /DEL/,Diodes Inc,diodes,ticker_map_name
0000029915,DOW CHEMICAL CO /DE/,Dow Chemical Co,dow chemical,ticker_map_name
0000030305,DUCOMMUN INC /DE/,Ducommun Inc,ducommun,ticker_map_name
0000030554,"EIDP, Inc.",Dupont E I De Nemours & Co,dupont e i de nemours,ticker_map_name
0000031791,"REVVITY, INC.",Perkinelmer Inc,perkinelmer,ticker_map_name
0000034067,DMC Global Inc.,Dynamic Materials Corp,dynamic materials,ticker_map_name
0000034956,"TENAX THERAPEUTICS, INC.",Oxygen Biotherapeutics Inc,oxygen biotherapeutics,ticker_map_name
0000035527,FIFTH THIRD BANCORP,Third Bancorp Fifth,third bancorp fifth,ticker_map_name
0000036104,US BANCORP \DE\,US Bancorp,us bancorp,ticker_map_name
0000036966,FIRST HORIZON CORP,First Horizon National Corp,first horizon national,ticker_map_name
0000037808,FNB CORP/PA/,FNB Corp,fnb,ticker_map_name
0000039263,"CULLEN/FROST BANKERS, INC.",Cullen,cullen,ticker_map_name
0000039311,INDEPENDENT BANK CORP /MI/,Independent Bank Corp,independent bank,ticker_map_name
0000039899,TEGNA INC,Gannett Co Inc,gannett,ticker_map_name
0000040570,GEE Group Inc.,General Employment Enterprises Inc,general employment enterprises,ticker_map_name
0000041719,Magnera Corp,Glatfelter P H Co,glatfelter p h,ticker_map_name
0000042582,GOODYEAR TIRE & RUBBER CO /OH/,Goodyear Tire & Rubber Co,goodyear tire rubber,ticker_map_name
0000043196,"GRAY MEDIA, INC",Gray Television Inc,gray television,ticker_map_name
0000045876,ENVIRI Corp,Harsco Corp,harsco,ticker_map_name
0000046129,ALLIENT INC,Allied Motion Technologies Inc,allied motion technologies,ticker_map_name
0000047217,HP INC,Hewlett Packard Co,hewlett packard,ticker_map_name
0000047307,CRAWFORD UNITED Corp,Hickok Inc,hickok,ticker_map_name
0000048465,HORMEL FOODS CORP /DE/,Hormel Foods Corp,hormel foods,ticker_map_name
0000049196,HUNTINGTON BANCSHARES INC /MD/,Huntington Bancshares Inc,huntington bancshares,ticker_map_name
0000049754,"Dine Brands Global, Inc.",Dineequity Inc,dineequity,ticker_map_name
0000050471,"ReposiTrak, Inc.",Park City Group Inc,park city,ticker_map_name
0000051434,INTERNATIONAL PAPER CO /NEW/,International Paper Co,international paper,ticker_map_name
0000052988,JACOBS SOLUTIONS INC.,Jacobs Engineering Group Inc,jacobs engineering,ticker_map_name
0000054507,"EVERGY KANSAS CENTRAL, INC.",Westar Energy Inc,westar energy,ticker_map_name
0000055067,KELLANOVA,Kellogg Co,kellogg,ticker_map_name
0000055529,KEWAUNEE SCIENTIFIC CORP /DE/,Kewaunee Scientific Corp,kewaunee scientific,ticker_map_name
0000056679,KORN FERRY,Korn Ferry International,korn ferry international,ticker_map_name
0000056868,PRIMEENERGY RESOURCES CORP,Primeenergy Corp,primeenergy,ticker_map_name
0000057515,MARZETTI CO,Lancaster Colony Corp,lancaster colony,ticker_map_name
0000059255,VALHI INC /DE/,Valhi Inc,valhi,ticker_map_name
0000059478,ELI LILLY & Co,Lilly Eli & Co,lilly eli,ticker_map_name
0000061398,TELLURIAN INC,Magellan Petroleum Corp,magellan petroleum,ticker_map_name
0000062996,MASCO CORP /DE/,Masco Corp,masco,ticker_map_name
0000063276,MATTEL INC /DE/,Mattel Inc,mattel,ticker_map_name
0000064040,S&P Global Inc.,Mcgraw Hill Financial Inc,mcgraw hill financial,ticker_map_name
0000064463,"Soluna Holdings, Inc",Mechanical Technology Inc,mechanical technology,ticker_map_name
0000064803,CVS HEALTH Corp,CVS Caremark Corp,cvs caremark,ticker_map_name
0000065312,"EVI INDUSTRIES, INC.",Envirostar Inc,envirostar,ticker_map_name
0000065984,ENTERGY CORP /DE/,Entergy Corp,entergy,ticker_map_name
0000066382,"MILLERKNOLL, INC.",Miller Herman Inc,miller herman,ticker_map_name
0000066570,MSA Safety Inc,Mine Safety Appliances Co,mine safety appliances,ticker_map_name
0000070858,BANK OF AMERICA CORP /DE/,Bank Of America Corp,bank of america,ticker_map_name
0000070866,NCR Voyix Corp,NCR Corp,ncr,ticker_map_name
0000071557,"Nuvera Communications, Inc.",New Ulm Telecom Inc,new ulm telecom,ticker_map_name
0000071829,NPK International Inc.,Newpark Resources Inc,newpark resources,ticker_map_name
0000072444,"Vaxart, Inc.",Biota Pharmaceuticals Inc,biota pharmaceuticals,ticker_map_name
0000072741,EVERSOURCE ENERGY,Northeast Utilities,northeast utilities,ticker_map_name
0000072971,WELLS FARGO & COMPANY/MN,Wells Fargo & Company,wells fargo,ticker_map_name
0000074046,Oil-Dri Corp of America,Oil Dri Corp Of America,oil dri corp of america,ticker_map_name
0000075252,OWENS & MINOR INC/VA/,Owens & Minor Inc,owens minor,ticker_map_name
0000076267,PARK AEROSPACE CORP,Park Electrochemical Corp,park electrochemical,ticker_map_name
0000076334,Parker-Hannifin Corp,Parker Hannifin Corp,parker hannifin,ticker_map_name
0000078128,"Essential Utilities, Inc.",Aqua America Inc,aqua america,ticker_map_name
0000078239,PVH CORP. /DE/,PVH Corp,pvh,ticker_map_name
0000078814,PITNEY BOWES INC /DE/,Pitney Bowes Inc,pitney bowes,ticker_map_name
0000080661,PROGRESSIVE CORP/OH/,Progressive Corp,progressive,ticker_map_name
0000082811,REGAL REXNORD CORP,Regal Beloit Corp,regal beloit,ticker_map_name
0000083246,HSBC USA INC /MD/,HSBC USA Inc,hsbc usa,ticker_map_name
0000084112,"GEORGE RISK INDUSTRIES, INC.",Risk George Industries Inc,risk george industries,ticker_map_name
0000087347,SCHLUMBERGER LIMITED/NV,Schlumberger LTD,schlumberger,ticker_map_name
0000088000,Horizon Kinetics Holding Corp,Scotts Liquid Gold Inc,scotts liquid gold,ticker_map_name
0000088121,SEABOARD CORP /DE/,Seaboard Corp,seaboard,ticker_map_name
0000088205,"SPX Technologies, Inc.",SPX Corp,spx,ticker_map_name
0000089089,SERVICE CORP INTERNATIONAL,Service Corporation International,service corporation international,ticker_map_name
0000089140,SERVOTRONICS INC /DE/,Servotronics Inc,servotronics,ticker_map_name
0000090896,"Champion Homes, Inc.",Skyline Corp,skyline,ticker_map_name
0000091419,J M SMUCKER Co,Smucker J M Co,smucker j m,ticker_map_name
0000091576,KEYCORP /NEW/,Keycorp,keycorp,ticker_map_name
0000091882,"DOMINION ENERGY SOUTH CAROLINA, INC.",South Carolina Electric & Gas Co,south carolina electric gas,ticker_map_name
0000092230,TRUIST FINANCIAL CORP,BB&T Corp,bbt,ticker_map_name
0000095574,"SUPERIOR GROUP OF COMPANIES, INC.",Superior Uniform Group Inc,superior uniform,ticker_map_name
0000095953,ASCENT INDUSTRIES CO.,Synalloy Corp,synalloy,ticker_map_name
0000096223,Jefferies Financial Group Inc.,Leucadia National Corp,leucadia national,ticker_map_name
0000096885,TEL-INSTRUMENT ELECTRONICS,Tel Instrument Electronics Corp,tel instrument electronics,ticker_map_name
0000099106,TRANS-LUX CORP,Trans Lux Corp,trans lux,ticker_map_name
0000100517,"United Airlines Holdings, Inc.",United Continental Holdings Inc,united continental,ticker_map_name
0000101829,RTX Corp,United Technologies Corp,united technologies,ticker_map_name
0000102037,UNIVERSAL CORP /VA/,Universal Corp,universal,ticker_map_name
0000102109,"UNIVERSAL SAFETY PRODUCTS, INC.",Universal Security Instruments Inc,universal security instruments,ticker_map_name
0000102212,UNIVEST FINANCIAL Corp,Univest Corp Of Pennsylvania,univest corp of pennsylvania,ticker_map_name
0000104169,Walmart Inc.,Wal Mart Stores Inc,wal mart stores,ticker_map_name
0000104894,Elme Communities,Washington Real Estate Investment Trust,washington real estate investment trust,ticker_map_name
0000105319,"WW INTERNATIONAL, INC.",Weight Watchers International Inc,weight watchers international,ticker_map_name
0000105634,"EMCOR Group, Inc.",Emcor Group Inc,emcor,ticker_map_name
0000106640,WHIRLPOOL CORP /DE/,Whirlpool Corp,whirlpool,ticker_map_name
0000107140,"JOHN WILEY & SONS, INC.",Wiley John & Sons Inc,wiley john sons,ticker_map_name
0000108516,"WORTHINGTON ENTERPRISES, INC.",Worthington Industries Inc,worthington industries,ticker_map_name
0000109177,"Spectrum Brands Holdings, Inc.",Harbinger Group Inc,harbinger,ticker_map_name
0000109198,TJX COMPANIES INC /DE/,TJX Companies Inc,tjx companies,ticker_map_name
0000109380,"ZIONS BANCORPORATION, NATIONAL ASSOCIATION /UT/",Zions Bancorporation,zions bancorporation,ticker_map_name
0000109657,"GT Biopharma, Inc.",Oxis International Inc,oxis international,ticker_map_name
0000110471,WOLVERINE WORLD WIDE INC /DE/,Wolverine World Wide Inc,wolverine world wide,ticker_map_name
0000110621,RPM INTERNATIONAL INC/DE/,RPM International Inc,rpm international,ticker_map_name
0000202058,"L3HARRIS TECHNOLOGIES, INC. /DE/",Harris Corp,harris,ticker_map_name
0000202947,CAPITAL PROPERTIES INC /RI/,Capital Properties Inc,capital properties,ticker_map_name
0000277135,"W.W. GRAINGER, INC.",Grainger W W Inc,grainger w w,ticker_map_name
0000277509,FEDERAL SIGNAL CORP /DE/,Federal Signal Corp,federal signal,ticker_map_name
0000278165,OMNIQ Corp.,Amerigo Energy Inc,amerigo energy,ticker_map_name
0000310158,"Merck & Co., Inc.",Merck & Co Inc,merck,ticker_map_name
0000310354,STANDEX INTERNATIONAL CORP/DE/,Standex International Corp,standex international,ticker_map_name
0000313364,MESA ROYALTY TRUST/TX,Mesa Royalty Trust,mesa royalty trust,ticker_map_name
0000313616,DANAHER CORP /DE/,Danaher Corp,danaher,ticker_map_name
0000313927,CHURCH & DWIGHT CO INC /DE/,Church & Dwight Co Inc,church dwight,ticker_map_name
0000314489,FIRST BUSEY CORP /NV/,First Busey Corp,first busey,ticker_map_name
0000314808,Valaris Ltd,Ensco PLC,ensco,ticker_map_name
0000315131,PHX MINERALS INC.,Panhandle Oil & Gas Inc,panhandle oil gas,ticker_map_name
0000315213,ROBERT HALF INC.,Half Robert International Inc,half robert international,ticker_map_name
0000317540,"Coca-Cola Consolidated, Inc.",Coca Cola Bottling Co Consolidated,coca cola bottling co consolidated,ticker_map_name
0000317788,"Digital Turbine, Inc.",Mandalay Digital Group Inc,mandalay digital,ticker_map_name
0000318306,ABEONA THERAPEUTICS INC.,Access Pharmaceuticals Inc,access pharmaceuticals,ticker_map_name
0000319201,KLA CORP,Kla Tencor Corp,kla tencor,ticker_map_name
0000320017,"LISATA THERAPEUTICS, INC.",Neostem Inc,neostem,ticker_map_name
0000320335,GLOBE LIFE INC.,Torchmark Corp,torchmark,ticker_map_name
0000320340,CoreCard Corp,Intelligent Systems Corp,intelligent systems,ticker_map_name
0000350852,COMMUNITY TRUST BANCORP INC /KY/,Community Trust Bancorp Inc,community trust bancorp,ticker_map_name
0000351817,SILVERBOW RESOURCES INC,Swift Energy Co,swift energy,ticker_map_name
0000351998,DATA I/O CORP,Data I,data i,ticker_map_name
0000354190,Arthur J. Gallagher & Co.,Gallagher Arthur J & Co,gallagher arthur j,ticker_map_name
0000354963,SHENANDOAH TELECOMMUNICATIONS CO/VA/,Shenandoah Telecommunications Co,shenandoah telecommunications,ticker_map_name
0000356037,CSP INC /MA/,CSP Inc,csp,ticker_map_name
0000356590,GLOBAL TECH INDS GROUP INC,Tree Top Industries Inc,tree top industries,ticker_map_name
0000700565,"FIRST MID BANCSHARES, INC.",First Mid Illinois Bancshares Inc,first mid illinois bancshares,ticker_map_name
0000700764,VICTORY OILFIELD TECH INC,Victory Energy Corp,victory energy,ticker_map_name
0000701374,SIX FLAGS ENTERTAINMENT -OLD,Six Flags Entertainment Corp,six flags entertainment,ticker_map_name
0000701719,Envela Corp,Dgse Companies Inc,dgse companies,ticker_map_name
0000701985,"Bath & Body Works, Inc.",L Brands Inc,l brands,ticker_map_name
0000703604,"Distribution Solutions Group, Inc.",Lawson Products Inc,lawson products,ticker_map_name
0000704440,"KORU Medical Systems, Inc.",Repro Med Systems Inc,repro med systems,ticker_map_name
0000704532,ONTO INNOVATION INC.,Nanometrics Inc,nanometrics,ticker_map_name
0000704562,AVID BIOSERVICES INC,Peregrine Pharmaceuticals Inc,peregrine pharmaceuticals,ticker_map_name
0000706129,HORIZON BANCORP INC /IN/,Horizon Bancorp,horizon bancorp,ticker_map_name
0000707179,OLD NATIONAL BANCORP /IN/,Old National Bancorp,old national bancorp,ticker_map_name
0000707388,"STAR EQUITY HOLDINGS, INC.",Digirad Corp,digirad,ticker_map_name
0000707605,AMERISERV FINANCIAL INC /PA/,Ameriserv Financial Inc,ameriserv financial,ticker_map_name
0000708955,FIRST FINANCIAL BANCORP /OH/,First Financial Bancorp,first financial bancorp,ticker_map_name
0000709283,QUANTUM CORP /DE/,Quantum Corp,quantum,ticker_map_name
0000709337,FARMERS NATIONAL BANC CORP /OH/,Farmers National Banc Corp,farmers national banc,ticker_map_name
0000712537,FIRST COMMONWEALTH FINANCIAL CORP /PA/,First Commonwealth Financial Corp,first commonwealth financial,ticker_map_name
0000712771,"ConnectOne Bancorp, Inc.",Center Bancorp Inc,center bancorp,ticker_map_name
0000713425,LOGILITY SPPLY CHAIN SOL INC,American Software Inc,american software,ticker_map_name
0000713676,"PNC FINANCIAL SERVICES GROUP, INC.",PNC Financial Services Group Inc,pnc financial services,ticker_map_name
0000714256,Sanara MedTech Inc.,Wound Management Technologies Inc,wound management technologies,ticker_map_name
0000714562,FIRST FINANCIAL CORP /IN/,First Financial Corp,first financial,ticker_map_name
0000715446,Anixa Biosciences Inc,Copytele Inc,copytele,ticker_map_name
0000715957,"DOMINION ENERGY, INC",Dominion Resources Inc,dominion resources,ticker_map_name
0000717605,HEXCEL CORP /DE/,Hexcel Corp,hexcel,ticker_map_name
0000717806,"FIRST US BANCSHARES, INC.",United Security Bancshares Inc,united security bancshares,ticker_map_name
0000718332,"RAVE RESTAURANT GROUP, INC.",Pizza Inn Holdings Inc,pizza inn,ticker_map_name
0000718413,COMMUNITY BANCORP /VT,Community Bancorp,community bancorp,ticker_map_name
0000719135,Apyx Medical Corp,Bovie Medical Corp,bovie medical,ticker_map_name
0000719274,GIGA-TRONICS INC,Giga Tronics Inc,giga tronics,ticker_map_name
0000719402,FIRST NATIONAL CORP /VA/,First National Corp,first national,ticker_map_name
0000719413,HECLA MINING CO/DE/,Hecla Mining Co,hecla mining,ticker_map_name
0000720154,"Inotiv, Inc.",Bioanalytical Systems Inc,bioanalytical systems,ticker_map_name
0000720762,NON INVASIVE MONITOR,Non Invasive Monitoring Systems Inc,non invasive monitoring systems,ticker_map_name
0000721693,Smart Powerr Corp.,China Recycling Energy Corp,china recycling energy,ticker_map_name
0000723188,"COMMUNITY FINANCIAL SYSTEM, INC.",Community Bank System Inc,community bank system,ticker_map_name
0000723612,"AVIS BUDGET GROUP, INC.",Avis Budget Group Inc,avis budget,ticker_map_name
0000723646,FRANKLIN FINANCIAL SERVICES CORP /PA/,Franklin Financial Services Corp,franklin financial services,ticker_map_name
0000724004,MESA LABORATORIES INC /CO/,Mesa Laboratories Inc,mesa laboratories,ticker_map_name
0000724910,NVE CORP /NEW/,Nve Corp,nve,ticker_map_name
0000725394,DALRADA FINANCIAL CORP,Imaging Technologies Corp,imaging technologies,ticker_map_name
0000727346,"SELECTIS HEALTH, INC.",Global Healthcare REIT Inc,global healthcare reit,ticker_map_name
0000728385,Birchtech Corp.,Midwest Energy Emissions Corp,midwest energy emissions,ticker_map_name
0000728387,"Perspective Therapeutics, Inc.",Isoray Inc,isoray,ticker_map_name
0000729580,BEL FUSE INC /NJ,Bel Fuse Inc,bel fuse,ticker_map_name
0000729986,UNITED BANKSHARES INC/WV,United Bankshares Inc,united bankshares,ticker_map_name
0000730464,Adtalem Global Education Inc.,Devry Education Group Inc,devry education,ticker_map_name
0000731653,UNITED BANCORP INC /OH/,United Bancorp Inc,united bancorp,ticker_map_name
0000732026,TRIO-TECH INTERNATIONAL,Trio Tech International,trio tech international,ticker_map_name
0000733269,"LiveRamp Holdings, Inc.",Acxiom Corp,acxiom,ticker_map_name
0000736772,CNB FINANCIAL CORP/PA,CNB Financial Corp,cnb financial,ticker_map_name
0000741516,AMERICAN NATL BANKSHARES,American National Bankshares Inc,american national bankshares,ticker_map_name
0000743238,"SHYFT GROUP, INC.",Spartan Motors Inc,spartan motors,ticker_map_name
0000743367,BAR HARBOR BANKSHARES,Harbor Bankshares Bar,harbor bankshares bar,ticker_map_name
0000743758,AIADVERTISING INC,Warp 9 Inc,warp 9,ticker_map_name
0000744452,BNB PLUS CORP.,Applied Dna Sciences Inc,applied dna sciences,ticker_map_name
0000746210,"Oblong, Inc.",Glowpoint Inc,glowpoint,ticker_map_name
0000748268,"Red Cat Holdings, Inc.",Broadleaf Capital Partners Inc,broadleaf capital partners,ticker_map_name
0000748592,Eterna Therapeutics Inc.,NTN Buzztime Inc,ntn buzztime,ticker_map_name
0000749647,"Imunon, Inc.",Celsion Corp,celsion,ticker_map_name
0000750004,"Light & Wonder, Inc.",Scientific Games Corp,scientific games,ticker_map_name
0000750577,HANCOCK WHITNEY CORP,Hancock Holding Co,hancock,ticker_map_name
0000751364,"NNN REIT, INC.",National Retail Properties Inc,national retail properties,ticker_map_name
0000752294,ELECTRONIC SYSTEM TECH INC,Electronic Systems Technology Inc,electronic systems technology,ticker_map_name
0000760498,BANCFIRST CORP /OK/,Bancfirst Corp,bancfirst,ticker_map_name
0000763744,LCI INDUSTRIES,Drew Industries Inc,drew industries,ticker_map_name
0000763907,FIRST UNITED CORP/MD/,First United Corp,first united,ticker_map_name
0000764038,SouthState Corp,First Financial Holdings Inc,first financial,ticker_map_name
0000764065,CLEVELAND-CLIFFS INC.,Cliffs Natural Resources Inc,cliffs natural resources,ticker_map_name
0000764180,"ALTRIA GROUP, INC.",Altria Group Inc,altria,ticker_map_name
0000764897,"Broad Street Realty, Inc.",Banyan Rail Services Inc,banyan rail services,ticker_map_name
0000765207,"First Bancorp, Inc /ME/",First Bancorp Inc,first bancorp,ticker_map_name
0000765880,"HEALTHPEAK PROPERTIES, INC.",HCP Inc,hcp,ticker_map_name
0000766404,MULTI SOFT INC,Multi Soft II Inc,multi soft ii,ticker_map_name
0000766421,"ALASKA AIR GROUP, INC.",Alaska Air Group Inc,alaska air,ticker_map_name
0000766704,WELLTOWER INC.,Health Care REIT Inc,health care reit,ticker_map_name
0000767405,"SB FINANCIAL GROUP, INC.",SB Financial Group Inc,sb financial,ticker_map_name
0000768216,LOGICQUEST TECHNOLOGY INC,Bluegate Corp,bluegate,ticker_map_name
0000770460,PEOPLES FINANCIAL CORP /MS/,Peoples Financial Corp,peoples financial,ticker_map_name
0000771497,ABM INDUSTRIES INC /DE/,Abm Industries Inc,abm industries,ticker_map_name
0000771999,"DSS, INC.",Document Security Systems Inc,document security systems,ticker_map_name
0000773141,"M.D.C. HOLDINGS, INC.",MDC Holdings Inc,mdc,ticker_map_name
0000773717,"American Clean Resources Group, Inc.",Standard Metals Processing Inc,standard metals processing,ticker_map_name
0000778164,"Alto Ingredients, Inc.",Pacific Ethanol Inc,pacific ethanol,ticker_map_name
0000779152,JACK HENRY & ASSOCIATES INC,Henry Jack & Associates Inc,henry jack associates,ticker_map_name
0000783325,"WEC ENERGY GROUP, INC.",Wisconsin Energy Corp,wisconsin energy,ticker_map_name
0000784199,"ARTIVION, INC.",Cryolife Inc,cryolife,ticker_map_name
0000784977,PORTLAND GENERAL ELECTRIC CO /OR/,Portland General Electric Co,portland general electric,ticker_map_name
0000785161,Encompass Health Corp,Healthsouth Corp,healthsouth,ticker_map_name
0000789460,WORLD KINECT CORP,World Fuel Services Corp,world fuel services,ticker_map_name
0000791908,XOMA Royalty Corp,Xoma Corp,xoma,ticker_map_name
0000793952,"HARLEY-DAVIDSON, INC.",Harley Davidson Inc,harley davidson,ticker_map_name
0000794323,"Level 3 Parent, LLC",Level 3 Communications Inc,level 3 communications,ticker_map_name
0000796343,ADOBE INC.,Adobe Systems Inc,adobe systems,ticker_map_name
0000797465,"HG Holdings, Inc.",Stanley Furniture Co Inc,stanley furniture,ticker_map_name
0000797468,OCCIDENTAL PETROLEUM CORP /DE/,Occidental Petroleum Corp,occidental petroleum,ticker_map_name
0000797542,Viewbix Inc.,Zaxis International Inc,zaxis international,ticker_map_name
0000798287,PAMT CORP,Pam Transportation Services Inc,pam transportation services,ticker_map_name
0000798359,CENTERSPACE,Investors Real Estate Trust,investors real estate trust,ticker_map_name
0000798941,FIRST CITIZENS BANCSHARES INC /DE/,First Citizens Bancshares Inc,first citizens bancshares,ticker_map_name
0000799165,DAWSON GEOPHYSICAL CO,TGC Industries Inc,tgc industries,ticker_map_name
0000799292,"M/I HOMES, INC.",M I Homes Inc,m i homes,ticker_map_name
0000799698,LadRx Corp,Cytrx Corp,cytrx,ticker_map_name
0000800240,ODP Corp,Office Depot Inc,office depot,ticker_map_name
0000802257,"Mitesco, Inc.",Trunity Holdings Inc,trunity,ticker_map_name
0000803578,"FIREFLY NEUROSCIENCE, INC.",Information Analysis Inc,information analysis,ticker_map_name
0000803649,EQC Liquidating Trust,Commonwealth REIT,commonwealth reit,ticker_map_name
0000804269,"General Motors Financial Company, Inc.",General Motors Financial Company Inc,general motors financial,ticker_map_name
0000804328,QUALCOMM INC/DE,Qualcomm Inc,qualcomm,ticker_map_name
0000805676,PARK NATIONAL CORP /OH/,Park National Corp,park national,ticker_map_name
0000811222,Cardiff Lexington Corp,Cardiff International Inc,cardiff international,ticker_map_name
0000811589,FIRST BANCORP /NC/,First Bancorp,first bancorp,ticker_map_name
0000811641,IMMUCELL CORP /DE/,Immucell Corp,immucell,ticker_map_name
0000812074,"O-I Glass, Inc. /DE/",Owens Illinois Inc,owens illinois,ticker_map_name
0000813298,"DESTINATION XL GROUP, INC.",Destination XL Group Inc,destination xl,ticker_map_name
0000813828,Paramount Global,CBS Corp,cbs,ticker_map_name
0000814453,NEWELL BRANDS INC.,Newell Rubbermaid Inc,newell rubbermaid,ticker_map_name
0000814676,CPS TECHNOLOGIES CORP/DE/,CPS Technologies Corp,cps technologies,ticker_map_name
0000816761,TERADATA CORP /DE/,Teradata Corp,teradata,ticker_map_name
0000818033,"HERON THERAPEUTICS, INC. /DE/",Heron Therapeutics Inc,heron therapeutics,ticker_map_name
0000818479,DENTSPLY SIRONA Inc.,Dentsply International Inc,dentsply international,ticker_map_name
0000819050,FRESH TRACKS THERAPEUTIC INC,Vical Inc,vical,ticker_map_name
0000819793,ALBANY INTERNATIONAL CORP /DE/,Albany International Corp,albany international,ticker_map_name
0000820313,AMPHENOL CORP /DE/,Amphenol Corp,amphenol,ticker_map_name
0000820318,COHERENT CORP.,Ii-vi Inc,iivi,ticker_map_name
0000821002,G III APPAREL GROUP LTD /DE/,G III Apparel Group LTD,g iii apparel,ticker_map_name
0000821483,"PAR PACIFIC HOLDINGS, INC.",Par Petroleum Corp,par petroleum,ticker_map_name
0000822370,"Emmaus Life Sciences, Inc.",CNS Response Inc,cns response,ticker_map_name
0000822416,PULTEGROUP INC/MI/,Pultegroup Inc,pultegroup,ticker_map_name
0000822663,INTERPARFUMS INC,Inter Parfums Inc,inter parfums,ticker_map_name
0000827187,Sleep Number Corp,Select Comfort Corp,select comfort,ticker_map_name
0000831259,FREEPORT-MCMORAN INC,Freeport Mcmoran Copper & Gold Inc,freeport mcmoran copper gold,ticker_map_name
0000831378,LVPAI GROUP Ltd,Finotec Group Inc,finotec,ticker_map_name
0000832101,IDEX CORP /DE/,Idex Corp,idex,ticker_map_name
0000832428,E.W. SCRIPPS Co,Scripps E W Co,scripps e w,ticker_map_name
0000833444,Johnson Controls International plc,Tyco International LTD,tyco international,ticker_map_name
0000835324,"Stock Yards Bancorp, Inc.",S Y Bancorp Inc,s y bancorp,ticker_map_name
0000835662,"AiXin Life International, Inc.",Mercari Communications Group LTD,mercari communications,ticker_map_name
0000836564,Mosaic ImmunoEngineering Inc.,Patriot Scientific Corp,patriot scientific,ticker_map_name
0000837465,Topgolf Callaway Brands Corp.,Callaway Golf Co,callaway golf,ticker_map_name
0000837852,IDEANOMICS INC,You On Demand Holdings Inc,you on demand,ticker_map_name
0000839087,VASO Corp,Vasomedical Inc,vasomedical,ticker_map_name
0000839470,"WESTWATER RESOURCES, INC.",Uranium Resources Inc,uranium resources,ticker_map_name
0000840489,"FirstCash Holdings, Inc.",First Cash Financial Services Inc,first cash financial services,ticker_map_name
0000842023,BIO-TECHNE Corp,Techne Corp,techne,ticker_map_name
0000843006,ACCESS Newswire Inc.,Issuer Direct Corp,issuer direct,ticker_map_name
0000844059,"FRP HOLDINGS, INC.",Patriot Transportation Holding Inc,patriot transportation,ticker_map_name
0000844856,Healthier Choices Management Corp.,Vapor Corp,vapor,ticker_map_name
0000845385,PRINCETON CAPITAL CORP,Regal One Corp,regal one,ticker_map_name
0000846377,"Totaligent, Inc.",Source Financial Inc,source financial,ticker_map_name
0000846617,"Dime Community Bancshares, Inc. /NY/",Bridge Bancorp Inc,bridge bancorp,ticker_map_name
0000847942,STRATEGIC ACQUISITIONS INC /NV/,Strategic Acquisitions Inc,strategic acquisitions,ticker_map_name
0000849399,Gen Digital Inc.,Symantec Corp,symantec,ticker_map_name
0000850141,HORACE MANN EDUCATORS CORP /DE/,Horace Mann Educators Corp,horace mann educators,ticker_map_name
0000856984,"QHSLab, Inc.",American Biogenetic Sciences Inc,american biogenetic sciences,ticker_map_name
0000857949,Enlightify Inc.,China Green Agriculture Inc,china green agriculture,ticker_map_name
0000858470,Coterra Energy Inc.,Cabot Oil & Gas Corp,cabot oil gas,ticker_map_name
0000859070,FIRST COMMUNITY BANKSHARES INC /VA/,First Community Bancshares Inc,first community bancshares,ticker_map_name
0000860543,JACKSAM CORP,China Grand Resorts Inc,china grand resorts,ticker_map_name
0000860546,COPT DEFENSE PROPERTIES,Corporate Office Properties Trust,corporate office properties trust,ticker_map_name
0000860730,"HCA Healthcare, Inc.",Hca Holdings Inc,hca,ticker_map_name
0000861884,"RELIANCE, INC.",Reliance Steel & Aluminum Co,reliance steel aluminum,ticker_map_name
0000862861,ALT5 Sigma Corp,Appliance Recycling Centers Of America Inc,appliance recycling centers of america,ticker_map_name
0000863894,VERU INC.,Female Health Co,female health,ticker_map_name
0000864749,TRIMBLE INC.,Trimble Navigation LTD,trimble navigation,ticker_map_name
0000866374,FLEX LTD.,Flextronics International LTD,flextronics international,ticker_map_name
0000866439,"DarkPulse, Inc.",Klever Marketing Inc,klever marketing,ticker_map_name
0000867840,"PRECISION OPTICS CORPORATION, INC.",Precision Optics Corp Inc,precision optics,ticker_map_name
0000868857,AECOM,Aecom Technology Corp,aecom technology,ticker_map_name
0000873860,ONITY GROUP INC.,Ocwen Financial Corp,ocwen financial,ticker_map_name
0000874015,IONIS PHARMACEUTICALS INC,Isis Pharmaceuticals Inc,isis pharmaceuticals,ticker_map_name
0000874238,"STERLING INFRASTRUCTURE, INC.",Sterling Construction Co Inc,sterling construction,ticker_map_name
0000874716,IDEXX LABORATORIES INC /DE,Idexx Laboratories Inc,idexx laboratories,ticker_map_name
0000874766,"HARTFORD INSURANCE GROUP, INC.",Hartford Financial Services Group Inc,hartford financial services,ticker_map_name
0000875045,BIOGEN INC.,Biogen Idec Inc,biogen idec,ticker_map_name
0000875320,VERTEX PHARMACEUTICALS INC / MA,Vertex Pharmaceuticals Inc,vertex pharmaceuticals,ticker_map_name
0000875355,"LENDWAY, INC.",Insignia Systems Inc,insignia systems,ticker_map_name
0000876167,PROGRESS SOFTWARE CORP /MA,Progress Software Corp,progress software,ticker_map_name
0000876343,"Lineage Cell Therapeutics, Inc.",Biotime Inc,biotime,ticker_map_name
0000876378,ASENSUS SURGICAL INC,Transenterix Inc,transenterix,ticker_map_name
0000876427,"MONRO, INC.",Monro Muffler Brake Inc,monro muffler brake,ticker_map_name
0000876883,Stagwell Inc,MDC Partners Inc,mdc partners,ticker_map_name
0000877422,SpartanNash Co,Spartan Stores Inc,spartan stores,ticker_map_name
0000879407,"ARROWHEAD PHARMACEUTICALS, INC.",Arrowhead Research Corp,arrowhead research,ticker_map_name
0000879585,"ATN International, Inc.",Atlantic Tele Network Inc,atlantic tele network,ticker_map_name
0000880266,AGCO CORP /DE,Agco Corp,agco,ticker_map_name
0000880631,"WisdomTree, Inc.",Wisdomtree Investments Inc,wisdomtree investments,ticker_map_name
0000880807,AMERICAN SUPERCONDUCTOR CORP /DE/,American Superconductor Corp,american superconductor,ticker_map_name
0000882184,HORTON D R INC /DE/,Horton D R Inc,horton d r,ticker_map_name
0000882835,ROPER TECHNOLOGIES INC,Roper Industries Inc,roper industries,ticker_map_name
0000883569,"Fossil Group, Inc.",Fossil Group Inc,fossil,ticker_map_name
0000883902,"Cornerstone Building Brands, Inc.",Nci Building Systems Inc,nci building systems,ticker_map_name
0000883948,Atlantic Union Bankshares Corp,Union First Market Bankshares Corp,union first market bankshares,ticker_map_name
0000883975,Microbot Medical Inc.,Stemcells Inc,stemcells,ticker_map_name
0000883984,ICU MEDICAL INC/DE,Icu Medical Inc,icu medical,ticker_map_name
0000884219,"Pursuit Attractions & Hospitality, Inc.",Viad Corp,viad,ticker_map_name
0000884614,UGI CORP /PA/,Ugi Corp,ugi,ticker_map_name
0000884624,Orthofix Medical Inc.,Orthofix International N V,orthofix international n v,ticker_map_name
0000885590,Bausch Health Companies Inc.,Valeant Pharmaceuticals International Inc,valeant pharmaceuticals international,ticker_map_name
0000885978,U S PHYSICAL THERAPY INC /NV,U S Physical Therapy Inc,u s physical therapy,ticker_map_name
0000887359,Vericel Corp,Aastrom Biosciences Inc,aastrom biosciences,ticker_map_name
0000888981,NOCOPI TECHNOLOGIES INC/MD/,Nocopi Technologies Inc,nocopi technologies,ticker_map_name
0000889331,LITTELFUSE INC /DE,Littelfuse Inc,littelfuse,ticker_map_name
0000890394,Peraso Inc.,Mosys Inc,mosys,ticker_map_name
0000890564,ASGN Inc,On Assignment Inc,on assignment,ticker_map_name
0000890821,"Enveric Biosciences, Inc.",Spatializer Audio Laboratories Inc,spatializer audio laboratories,ticker_map_name
0000891024,PATTERSON COS INC,Patterson Companies Inc,patterson companies,ticker_map_name
0000891103,"Match Group, Inc.",Iac,iac,ticker_map_name
0000891166,"UNIVERSAL INSURANCE HOLDINGS, INC.",Universal Insurance Holdings Inc,universal insurance,ticker_map_name
0000891417,NANO MAGIC INC,Applied Nanotech Holdings Inc,applied nanotech,ticker_map_name
0000893949,"Pediatrix Medical Group, Inc.",Mednax Inc,mednax,ticker_map_name
0000894081,"Air Transport Services Group, Inc.",Air Transport Services Group Inc,air transport services,ticker_map_name
0000894158,"Theriva Biologics, Inc.",Synthetic Biologics Inc,synthetic biologics,ticker_map_name
0000894315,SITE Centers Corp.,DDR Corp,ddr,ticker_map_name
0000894405,ARCBEST CORP /DE/,Arkansas Best Corp,arkansas best,ticker_map_name
0000894556,"General Enterprise Ventures, Inc.",General Environmental Management Inc,general environmental management,ticker_map_name
0000894627,VAALCO ENERGY INC /DE/,Vaalco Energy Inc,vaalco energy,ticker_map_name
0000894871,"Arena Group Holdings, Inc.",Integrated Surgical Systems Inc,integrated surgical systems,ticker_map_name
0000895126,EXPAND ENERGY Corp,Chesapeake Energy Corp,chesapeake energy,ticker_map_name
0000895419,"WOLFSPEED, INC.",Cree Inc,cree,ticker_map_name
0000896159,Chubb Ltd,Ace LTD,ace,ticker_map_name
0000896429,"CANTALOUPE, INC.",USA Technologies Inc,usa technologies,ticker_map_name
0000896493,"Hyperscale Data, Inc.",Digital Power Corp,digital power,ticker_map_name
0000897078,"Resonate Blends, Inc.",Firstwave Technologies Inc,firstwave technologies,ticker_map_name
0000897448,AMARIN CORP PLC\UK,Amarin Corp PLC,amarin corp,ticker_map_name
0000898293,JABIL INC,Jabil Circuit Inc,jabil circuit,ticker_map_name
0000899394,HARBOR DIVERSIFIED INC,Harbor Biosciences Inc,harbor biosciences,ticker_map_name
0000899715,TANGER INC.,Tanger Factory Outlet Centers Inc,tanger factory outlet centers,ticker_map_name
0000907471,"PATHWARD FINANCIAL, INC.",Meta Financial Group Inc,meta financial,ticker_map_name
0000907654,"Oruka Therapeutics, Inc.",Arca Biopharma Inc,arca biopharma,ticker_map_name
0000908259,"Oncotelic Therapeutics, Inc.",Oxigene Inc,oxigene,ticker_map_name
0000908311,Creative Media & Community Trust Corp,PMC Commercial Trust,pmc commercial trust,ticker_map_name
0000909494,TUCOWS INC /PA/,Tucows Inc,tucows,ticker_map_name
0000909832,COSTCO WHOLESALE CORP /NEW,Costco Wholesale Corp,costco wholesale,ticker_map_name
0000910073,"FLAGSTAR FINANCIAL, INC.",New York Community Bancorp Inc,new york community bancorp,ticker_map_name
0000910108,LXP Industrial Trust,Lexington Realty Trust,lexington realty trust,ticker_map_name
0000911147,CENTURY CASINOS INC /CO/,Century Casinos Inc,century casinos,ticker_map_name
0000912093,VIAVI SOLUTIONS INC.,JDS Uniphase Corp,jds uniphase,ticker_map_name
0000912544,NovelStem International Corp.,Hollywood Media Corp,hollywood media,ticker_map_name
0000912603,RADIUS RECYCLING INC,Schnitzer Steel Industries Inc,schnitzer steel industries,ticker_map_name
0000912752,"Sinclair Broadcast Group, LLC",Sinclair Broadcast Group Inc,sinclair broadcast,ticker_map_name
0000912767,UFP INDUSTRIES INC,Universal Forest Products Inc,universal forest products,ticker_map_name
0000913277,Clarus Corp,Black Diamond Inc,black diamond,ticker_map_name
0000913760,StoneX Group Inc.,Intl Fcstone Inc,intl fcstone,ticker_map_name
0000914122,"Perma-Pipe International Holdings, Inc.",Mfri Inc,mfri,ticker_map_name
0000914712,STEEL CONNECT INC,Moduslink Global Solutions Inc,moduslink global solutions,ticker_map_name
0000915779,DAKTRONICS INC /SD/,Daktronics Inc,daktronics,ticker_map_name
0000916365,TRACTOR SUPPLY CO /DE/,Tractor Supply Co,tractor supply,ticker_map_name
0000916540,DARLING INGREDIENTS INC.,Darling International Inc,darling international,ticker_map_name
0000917225,SOLITARIO RESOURCES CORP.,Solitario Exploration & Royalty Corp,solitario exploration royalty,ticker_map_name
0000918251,MOTORCAR PARTS OF AMERICA INC,Motorcar Parts America Inc,motorcar parts america,ticker_map_name
0000919864,Finward Bancorp,Northwest Indiana Bancorp,northwest indiana bancorp,ticker_map_name
0000920148,LABCORP HOLDINGS INC.,Laboratory Corp Of America Holdings,laboratory corp of america,ticker_map_name
0000920371,"Simpson Manufacturing Co., Inc.",Simpson Manufacturing Co Inc,simpson manufacturing,ticker_map_name
0000920427,UNITY BANCORP INC /NJ/,Unity Bancorp Inc,unity bancorp,ticker_map_name
0000920760,LENNAR CORP /NEW/,Lennar Corp,lennar,ticker_map_name
0000921114,"Armata Pharmaceuticals, Inc.",Ampliphi Biosciences Corp,ampliphi biosciences,ticker_map_name
0000921557,REPUBLIC BANCORP INC /KY/,Republic Bancorp Inc,republic bancorp,ticker_map_name
0000921738,"PENN Entertainment, Inc.",Penn National Gaming Inc,penn national gaming,ticker_map_name
0000922247,CYCLO THERAPEUTICS INC,CTD Holdings Inc,ctd,ticker_map_name
0000922358,FERRELLGAS PARTNERS L P,Ferrellgas Partners LP,ferrellgas partners lp,ticker_map_name
0000923601,"Algorhythm Holdings, Inc.",Singing Machine Co Inc,singing machine,ticker_map_name
0000924168,"ENERGY FOCUS, INC/DE",Energy Focus Inc,energy focus,ticker_map_name
0000924383,Genasys Inc.,Lrad Corp,lrad,ticker_map_name
0000924805,Freedom Holding Corp.,BMB Munai Inc,bmb munai,ticker_map_name
0000924822,MILLER INDUSTRIES INC /TN/,Miller Industries Inc,miller industries,ticker_map_name
0000924901,"Veris Residential, Inc.",Mack Cali Realty Corp,mack cali realty,ticker_map_name
0000925528,HUDSON TECHNOLOGIES INC /NY,Hudson Technologies Inc,hudson technologies,ticker_map_name
0000925741,"BioCardia, Inc.",Tiger X Medical Inc,tiger x medical,ticker_map_name
0000926282,"ADTRAN Holdings, Inc.",Adtran Inc,adtran,ticker_map_name
0000926423,"MIND TECHNOLOGY, INC",Mitcham Industries Inc,mitcham industries,ticker_map_name
0000926617,Aspira Women's Health Inc.,Vermillion Inc,vermillion,ticker_map_name
0000926844,Fuss Brands Corp.,China Botanic Pharmaceutical,china botanic pharmaceutical,ticker_map_name
0000927066,DAVITA INC.,Davita Healthcare Partners Inc,davita healthcare partners,ticker_map_name
0000928022,CALLON PETROLEUM CO/DE,Callon Petroleum Co,callon petroleum,ticker_map_name
0000928054,FLOTEK INDUSTRIES INC/CN/,Flotek Industries Inc,flotek industries,ticker_map_name
0000928658,"COVENANT LOGISTICS GROUP, INC.",Covenant Transportation Group Inc,covenant transportation,ticker_map_name
0000929351,STARZ ENTERTAINMENT CORP /CN/,Lions Gate Entertainment Corp,lions gate entertainment,ticker_map_name
0000930245,GLOBAL ACQUISITIONS Corp,All American Sportpark Inc,all american sportpark,ticker_map_name
0000931015,Polaris Inc.,Polaris Industries Inc,polaris industries,ticker_map_name
0000931584,UNVL STAINLESS & ALLOY PRODS,Universal Stainless & Alloy Products Inc,universal stainless alloy products,ticker_map_name
0000932021,GLOBAL TECHNOLOGIES LTD,Interactive Flight Technologies Inc,interactive flight technologies,ticker_map_name
0000932781,FIRST COMMUNITY CORP /SC/,First Community Corp,first community,ticker_map_name
0000933036,"UPBOUND GROUP, INC.",Rent A Center Inc De,rent a center inc de,ticker_map_name
0000933136,Mr. Cooper Group Inc.,Wmi Holdings Corp,wmi,ticker_map_name
0000933972,374Water Inc.,Powerverde Inc,powerverde,ticker_map_name
0000933974,"Azenta, Inc.",Brooks Automation Inc,brooks automation,ticker_map_name
0000935419,RCI HOSPITALITY HLDGS INC,Ricks Cabaret International Inc,ricks cabaret international,ticker_map_name
0000936528,WAFD INC,Washington Federal Inc,washington federal,ticker_map_name
0000939930,"PYXUS INTERNATIONAL, INC.",Alliance One International Inc,alliance one international,ticker_map_name
0000940942,"Hub Group, Inc.",Hub Group Inc,hub,ticker_map_name
0000944695,"HANOVER INSURANCE GROUP, INC.",Hanover Insurance Group Inc,hanover insurance,ticker_map_name
0000944745,"CIVISTA BANCSHARES, INC.",First Citizens Banc Corp,first citizens banc,ticker_map_name
0000945114,GLOBAL INDUSTRIAL Co,Systemax Inc,systemax,ticker_map_name
0000945394,Service Properties Trust,Hospitality Properties Trust,hospitality properties trust,ticker_map_name
0000945617,AMERICAN CANNABIS CO INC,Brazil Interactive Media Inc,brazil interactive media,ticker_map_name
0000945983,"Climb Global Solutions, Inc.",Wayside Technology Group Inc,wayside technology,ticker_map_name
0000946486,WINDTREE THERAPEUTICS INC /DE/,Discovery Laboratories Inc,discovery laboratories,ticker_map_name
0000946644,AIM ImmunoTech Inc.,Hemispherx Biopharma Inc,hemispherx biopharma,ticker_map_name
0000946647,PREMIER FINANCIAL CORP,First Defiance Financial Corp,first defiance financial,ticker_map_name
0000947559,FIRST BANCSHARES INC /MS/,First Bancshares Inc,first bancshares,ticker_map_name
0000949039,DIAMOND OFFSHRE DRILLING INC,Diamond Offshore Drilling Inc,diamond offshore drilling,ticker_map_name
0000949858,"ACHIEVE LIFE SCIENCES, INC.",Oncogenex Pharmaceuticals Inc,oncogenex pharmaceuticals,ticker_map_name
0000949961,INCOME OPPORTUNITY REALTY INVESTORS INC /TX/,Income Opportunity Realty Investors Inc,income opportunity realty investors,ticker_map_name
0001000045,OLD MARKET CAPITAL Corp,Nicholas Financial Inc,nicholas financial,ticker_map_name
0001000623,"Mativ Holdings, Inc.",Schweitzer Mauduit International Inc,schweitzer mauduit international,ticker_map_name
0001000697,WATERS CORP /DE/,Waters Corp,waters,ticker_map_name
0001001171,BROADWAY FINANCIAL CORP \DE\,Broadway Financial Corp,broadway financial,ticker_map_name
0001001233,"SANGAMO THERAPEUTICS, INC",Sangamo Biosciences Inc,sangamo biosciences,ticker_map_name
0001001614,"Riley Exploration Permian, Inc.",Tengasco Inc,tengasco,ticker_map_name
0001001838,SOUTHERN COPPER CORP/,Southern Copper Corp,southern copper,ticker_map_name
0001002590,"STAR GROUP, L.P.",Star Gas Partners LP,star gas partners lp,ticker_map_name
0001004155,SOUTHERN CO GAS,Agl Resources Inc,agl resources,ticker_map_name
0001004434,"AFFILIATED MANAGERS GROUP, INC.",Affiliated Managers Group Inc,affiliated managers,ticker_map_name
0001004724,"REGIONAL HEALTH PROPERTIES, INC",Adcare Health Systems Inc,adcare health systems,ticker_map_name
0001004989,"SPAR Group, Inc.",Spar Group Inc,spar,ticker_map_name
0001005101,"Marygold Companies, Inc.",Concierge Technologies Inc,concierge technologies,ticker_map_name
0001005284,UNIVERSAL DISPLAY CORP \PA\,Universal Display Corp,universal display,ticker_map_name
0001005286,"LIFECORE BIOMEDICAL, INC. \DE\",Landec Corp,landec,ticker_map_name
0001006830,CONSUMERS BANCORP INC /OH/,Consumers Bancorp Inc,consumers bancorp,ticker_map_name
0001007587,KVH INDUSTRIES INC \DE\,KVH Industries Inc,kvh industries,ticker_map_name
0001009759,"Capstone Green Energy Holdings, Inc.",Capstone Turbine Corp,capstone turbine,ticker_map_name
0001011060,Nordicus Partners Corp,Advansource Biomaterials Corp,advansource biomaterials,ticker_map_name
0001012019,RUSH ENTERPRISES INC \TX\,Rush Enterprises Inc,rush enterprises,ticker_map_name
0001012477,AVADEL PHARMACEUTICALS PLC,Flamel Technologies SA,flamel technologies sa,ticker_map_name
0001013880,"TTEC Holdings, Inc.",Teletech Holdings Inc,teletech,ticker_map_name
0001013934,"Strategic Education, Inc.",Strayer Education Inc,strayer education,ticker_map_name
0001014473,VERISIGN INC/CA,Verisign Inc,verisign,ticker_map_name
0001014739,"Option Care Health, Inc.",Bioscrip Inc,bioscrip,ticker_map_name
0001014763,"Ainos, Inc.",Amarillo Biosciences Inc,amarillo biosciences,ticker_map_name
0001015383,Outdoor Holding Co,Retrospettiva Inc,retrospettiva,ticker_map_name
0001015739,AWARE INC /MA/,Aware Inc,aware,ticker_map_name
0001017480,HIBBETT INC,Hibbett Sports Inc,hibbett sports,ticker_map_name
0001017491,SEELOS THERAPEUTICS INC,Apricus Biosciences Inc,apricus biosciences,ticker_map_name
0001018399,ENTERPRISE BANCORP INC /MA/,Enterprise Bancorp Inc,enterprise bancorp,ticker_map_name
0001018840,ABERCROMBIE & FITCH CO /DE/,Abercrombie & Fitch Co,abercrombie fitch,ticker_map_name
0001018963,ATI INC,Allegheny Technologies Inc,allegheny technologies,ticker_map_name
0001019849,"PENSKE AUTOMOTIVE GROUP, INC.",Penske Automotive Group Inc,penske automotive,ticker_map_name
0001021860,NOV Inc.,National Oilwell Varco Inc,national oilwell varco,ticker_map_name
0001022505,"SideChannel, Inc.",National Scientific Corp,national scientific,ticker_map_name
0001022652,INSEEGO CORP.,Novatel Wireless Inc,novatel wireless,ticker_map_name
0001022899,"Protagenic Therapeutics, Inc.\new",New Motion Inc,new motion,ticker_map_name
0001023731,8X8 INC /DE/,8X8 Inc,8x8,ticker_map_name
0001023994,SAFE & GREEN HOLDINGS CORP.,SG Blocks Inc,sg blocks,ticker_map_name
0001024795,"HELIOS TECHNOLOGIES, INC.",Sun Hydraulics Corp,sun hydraulics,ticker_map_name
0001030192,"Idaho Strategic Resources, Inc.",New Jersey Mining Co,new jersey mining,ticker_map_name
0001031235,"Global Self Storage, Inc.",Self Storage Group Inc,self storage,ticker_map_name
0001031316,FRANKLIN STREET PROPERTIES CORP /MA/,Franklin Street Properties Corp,franklin street properties,ticker_map_name
0001032208,SEMPRA,Sempra Energy,sempra energy,ticker_map_name
0001035002,VALERO ENERGY CORP/TX,Valero Energy Corp,valero energy,ticker_map_name
0001035976,FNCB BANCORP INC,First National Community Bancorp Inc,first national community bancorp,ticker_map_name
0001036044,"Identiv, Inc.",Identive Group Inc,identive,ticker_map_name
0001037540,"BXP, Inc.",Boston Properties Inc,boston properties,ticker_map_name
0001037646,METTLER TOLEDO INTERNATIONAL INC/,Mettler Toledo International Inc,mettler toledo international,ticker_map_name
0001037676,ARCH RESOURCES INC,Arch Coal Inc,arch coal,ticker_map_name
0001037868,AMETEK INC/,Ametek Inc,ametek,ticker_map_name
0001038773,SMARTFINANCIAL INC.,Cornerstone Bancshares Inc,cornerstone bancshares,ticker_map_name
0001039466,NOVACCESS GLOBAL INC,Xsunx Inc,xsunx,ticker_map_name
0001039684,ONEOK INC /NEW/,Oneok Inc,oneok,ticker_map_name
0001039828,American National Group Inc.,American Equity Investment Life Holding Co,american equity investment life,ticker_map_name
0001040896,"Intellicheck, Inc.",Intellicheck Mobilisa Inc,intellicheck mobilisa,ticker_map_name
0001041514,LESAKA TECHNOLOGIES INC,Net 1 Ueps Technologies Inc,net 1 ueps technologies,ticker_map_name
0001041657,"URBAN ONE, INC.",Radio One Inc,radio one,ticker_map_name
0001041859,"Childrens Place, Inc.",Childrens Place Retail Stores Inc,childrens place retail stores,ticker_map_name
0001042187,YUNHONG GREEN CTI LTD.,Cti Industries Corp,cti industries,ticker_map_name
0001042418,"Inhibitor Therapeutics, Inc.",Hedgepath Pharmaceuticals Inc,hedgepath pharmaceuticals,ticker_map_name
0001042893,"Innovex International, Inc.",Dril-quip Inc,drilquip,ticker_map_name
0001043000,"SONIDA SENIOR LIVING, INC.",Capital Senior Living Corp,capital senior living,ticker_map_name
0001043186,"Stabilis Solutions, Inc.",American Electric Technologies Inc,american electric technologies,ticker_map_name
0001043961,"Precipio, Inc.",Transgenomic Inc,transgenomic,ticker_map_name
0001044777,OneSpan Inc.,Vasco Data Security International Inc,vasco data security international,ticker_map_name
0001045742,LIVE VENTURES Inc,Livedeal Inc,livedeal,ticker_map_name
0001045942,"Track Group, Inc.",Securealert Inc,securealert,ticker_map_name
0001046025,HERITAGE FINANCIAL CORP /WA/,Heritage Financial Corp,heritage financial,ticker_map_name
0001046311,CHOICE HOTELS INTERNATIONAL INC /DE,Choice Hotels International Inc,choice hotels international,ticker_map_name
0001046568,PERDOCEO EDUCATION Corp,Career Education Corp,career education,ticker_map_name
0001048268,"IES Holdings, Inc.",Integrated Electrical Services Inc,integrated electrical services,ticker_map_name
0001048286,MARRIOTT INTERNATIONAL INC /MD/,Marriott International Inc,marriott international,ticker_map_name
0001048695,"F5, INC.",F5 Networks Inc,f5 networks,ticker_map_name
0001051343,COMMUNITY WEST BANCSHRS -OLD,Community West Bancshares,community west bancshares,ticker_map_name
0001051470,CROWN CASTLE INC.,Crown Castle International Corp,crown castle international,ticker_map_name
0001051512,TELEPHONE & DATA SYSTEMS INC /DE/,Telephone & Data Systems Inc,telephone data systems,ticker_map_name
0001051514,"STRATA Skin Sciences, Inc.",Mela Sciences Inc,mela sciences,ticker_map_name
0001052752,GETTY REALTY CORP /MD/,Getty Realty Corp,getty realty,ticker_map_name
0001053369,ELITE PHARMACEUTICALS INC /NV/,Elite Pharmaceuticals Inc,elite pharmaceuticals,ticker_map_name
0001053507,AMERICAN TOWER CORP /MA/,American Tower Corp,american tower,ticker_map_name
0001053691,CervoMed Inc.,Stratus Media Group Inc,stratus media,ticker_map_name
0001054102,"INTERPACE BIOSCIENCES, INC.",Pdi Inc,pdi,ticker_map_name
0001056288,"FEDERATED HERMES, INC.",Federated Investors Inc,federated investors,ticker_map_name
0001057352,"COSTAR GROUP, INC.",Costar Group Inc,costar,ticker_map_name
0001057379,"HACKETT GROUP, INC.",Hackett Group Inc,hackett,ticker_map_name
0001057706,FIRST BANCORP /PR/,First Bancorp,first bancorp,ticker_map_name
0001058307,NextPlat Corp,Silver Horn Mining LTD,silver horn mining,ticker_map_name
0001058867,GUARANTY BANCSHARES INC /TX/,Guaranty Bancshares Inc,guaranty bancshares,ticker_map_name
0001059142,Greystone Housing Impact Investors LP,America First Multifamily Investors LP,america first multifamily investors lp,ticker_map_name
0001059556,MOODYS CORP /DE/,Moodys Corp,moodys,ticker_map_name
0001061027,VIRACTA THERAPEUTICS INC,Sunesis Pharmaceuticals Inc,sunesis pharmaceuticals,ticker_map_name
0001063761,SIMON PROPERTY GROUP INC /DE/,Simon Property Group Inc,simon property,ticker_map_name
0001065059,CENTRUS ENERGY CORP,Usec Inc,usec,ticker_map_name
0001065078,"NETWORK-1 TECHNOLOGIES, INC.",Network 1 Technologies Inc,network 1 technologies,ticker_map_name
0001066764,Bimergen Energy Corp,Spine Pain Management Inc,spine pain management,ticker_map_name
0001066923,Future FinTech Group Inc.,Skypeople Fruit Juice Inc,skypeople fruit juice,ticker_map_name
0001067837,AUDACY INC,Entercom Communications Corp,entercom communications,ticker_map_name
0001069183,"AXON ENTERPRISE, INC.",Taser International Inc,taser international,ticker_map_name
0001069530,CASSAVA SCIENCES INC,Pain Therapeutics Inc,pain therapeutics,ticker_map_name
0001070050,AppTech Payments Corp.,Natural Nutrition Inc,natural nutrition,ticker_map_name
0001070412,CNX Resources Corp,Consol Energy Inc,consol energy,ticker_map_name
0001070680,CF BANKSHARES INC.,Central Federal Corp,central federal,ticker_map_name
0001070985,"CoreCivic, Inc.",Corrections Corp Of America,corrections corp of america,ticker_map_name
0001071255,"GOLDEN ENTERTAINMENT, INC.",Lakes Entertainment Inc,lakes entertainment,ticker_map_name
0001071840,"SolarWindow Technologies, Inc.",New Energy Technologies Inc,new energy technologies,ticker_map_name
0001074828,"USBC, Inc.",Visualant Inc,visualant,ticker_map_name
0001075415,DIVERSIFIED HEALTHCARE TRUST,Senior Housing Properties Trust,senior housing properties trust,ticker_map_name
0001075531,Booking Holdings Inc.,Priceline Com Inc,priceline com,ticker_map_name
0001076930,NOVANTA INC,Gsi Group Inc,gsi,ticker_map_name
0001077428,TEXAS CAPITAL BANCSHARES INC/TX,Texas Capital Bancshares Inc,texas capital bancshares,ticker_map_name
0001077688,HOOKER FURNISHINGS Corp,Hooker Furniture Corp,hooker furniture,ticker_map_name
0001078207,BOWFLEX INC,Nautilus Inc,nautilus,ticker_map_name
0001080014,"Innoviva, Inc.",Theravance Inc,theravance,ticker_map_name
0001081745,"INTELLINETICS, INC.",Globalwise Investments Inc,globalwise investments,ticker_map_name
0001081938,"CANNAPHARMARX, INC.",Golden Dragon Holding Co,golden dragon,ticker_map_name
0001082733,"VISIUM TECHNOLOGIES, INC.",Nustate Energy Holdings Inc,nustate energy,ticker_map_name
0001083301,TERAWULF INC.,Ikonics Corp,ikonics,ticker_map_name
0001083446,"Astrana Health, Inc.",Apollo Medical Holdings Inc,apollo medical,ticker_map_name
0001083743,"Flux Power Holdings, Inc.",Flux Power Holdings Inc,flux power,ticker_map_name
0001084048,"ZIFF DAVIS, INC.",J2 Global Inc,j2 global,ticker_map_name
0001084475,"Video River Networks, Inc.",Nighthawk Systems Inc,nighthawk systems,ticker_map_name
0001085243,"VirTra, Inc",Virtra Systems Inc,virtra systems,ticker_map_name
0001085392,PUGET ENERGY INC /WA,Puget Energy Inc,puget energy,ticker_map_name
0001086745,"AYRO, Inc.",WPCS International Inc,wpcs international,ticker_map_name
0001088034,"Usio, Inc.",Payment Data Systems Inc,payment data systems,ticker_map_name
0001088638,MASTERMIND INC,Coconnect Inc,coconnect,ticker_map_name
0001089815,Elite Health Systems Inc.,US Neurosurgical Inc,us neurosurgical,ticker_map_name
0001089819,Cleco Corporate Holdings LLC,Cleco Corp,cleco,ticker_map_name
0001089872,"GAIA, INC",Gaiam Inc,gaiam,ticker_map_name
0001090012,DEVON ENERGY CORP/DE,Devon Energy Corp,devon energy,ticker_map_name
0001090425,LAMAR ADVERTISING CO/NEW,Lamar Advertising Co,lamar advertising,ticker_map_name
0001091667,"CHARTER COMMUNICATIONS, INC. /MO/",Charter Communications Inc,charter communications,ticker_map_name
0001091748,"Argo Group International Holdings, Inc.",Argo Group International Holdings LTD,argo group international,ticker_map_name
0001092796,"SMITH & WESSON BRANDS, INC.",Smith & Wesson Holding Corp,smith wesson,ticker_map_name
0001094032,QDM International Inc.,Dale Jarrett Racing Adventure Inc,dale jarrett racing adventure,ticker_map_name
0001094038,"Marker Therapeutics, Inc.",Tapimmune Inc,tapimmune,ticker_map_name
0001094831,"BGC Group, Inc.",BGC Partners Inc,bgc partners,ticker_map_name
0001095073,"EVEREST GROUP, LTD.",Everest Re Group LTD,everest re,ticker_map_name
0001095651,Safehold Inc.,Istar Financial Inc,istar financial,ticker_map_name
0001095981,"PLUS THERAPEUTICS, INC.",Cytori Therapeutics Inc,cytori therapeutics,ticker_map_name
0001096275,Worksport Ltd,Franchise Holdings International Inc,franchise holdings international,ticker_map_name
0001096752,EDGEWELL PERSONAL CARE Co,Energizer Holdings Inc,energizer,ticker_map_name
0001100397,AYALA PHARMACEUTIC INC,Advaxis Inc,advaxis,ticker_map_name
0001101026,"Zivo Bioscience, Inc.",Health Enhancement Products Inc,health enhancement products,ticker_map_name
0001101215,"BREAD FINANCIAL HOLDINGS, INC.",Alliance Data Systems Corp,alliance data systems,ticker_map_name
0001101680,DZS INC,Zhone Technologies Inc,zhone technologies,ticker_map_name
0001103795,"QS Energy, Inc.",Save The World Air Inc,save the world air,ticker_map_name
0001103833,"Crown Equity Holdings, Inc.",Crown Equity Holdings Inc,crown equity,ticker_map_name
0001104038,"VerifyMe, Inc.",Laserlock Technologies Inc,laserlock technologies,ticker_map_name
0001106644,"CHINA PHARMA HOLDINGS, INC.",China Pharma Holdings Inc,china pharma,ticker_map_name
0001106838,"Sonnet BioTherapeutics Holdings, Inc.",Chanticleer Holdings Inc,chanticleer,ticker_map_name
0001107280,OCULUS INC.,Oculus Visiontech Inc,oculus visiontech,ticker_map_name
0001107421,"Alaunos Therapeutics, Inc.",Ziopharm Oncology Inc,ziopharm oncology,ticker_map_name
0001108426,TXNM ENERGY INC,PNM Resources Inc,pnm resources,ticker_map_name
0001108524,"Salesforce, Inc.",Salesforce Com Inc,salesforce com,ticker_map_name
0001108645,CORRELATE ENERGY CORP,Frontier Oilfield Services Inc,frontier oilfield services,ticker_map_name
0001110607,"Koil Energy Solutions, Inc.",Deep Down Inc,deep down,ticker_map_name
0001113809,BUILD-A-BEAR WORKSHOP INC,Build A Bear Workshop Inc,build a bear workshop,ticker_map_name
0001114483,Integer Holdings Corp,Greatbatch Inc,greatbatch,ticker_map_name
0001116132,"TAPESTRY, INC.",Coach Inc,coach,ticker_map_name
0001117057,Planet Green Holdings Corp.,American Lorain Corp,american lorain,ticker_map_name
0001117171,"CBAK Energy Technology, Inc.",China Bak Battery Inc,china bak battery,ticker_map_name
0001119190,"HUMBL, INC.",Iwt Tesoro Corp,iwt tesoro,ticker_map_name
0001120193,"NASDAQ, INC.",Nasdaq Omx Group Inc,nasdaq omx,ticker_map_name
0001120370,"BROADWIND, INC.",Broadwind Energy Inc,broadwind energy,ticker_map_name
0001120970,Comstock Inc.,Comstock Mining Inc,comstock mining,ticker_map_name
0001121702,YIELD10 BIOSCIENCE INC,Metabolix Inc,metabolix,ticker_map_name
0001121795,GHST World Inc.,Ghost Technology Inc,ghost technology,ticker_map_name
0001122976,AVIENT CORP,Polyone Corp,polyone,ticker_map_name
0001124105,"GYRE THERAPEUTICS, INC.",Targacept Inc,targacept,ticker_map_name
0001124804,Veradigm Inc.,Allscripts Healthcare Solutions Inc,allscripts healthcare solutions,ticker_map_name
0001125376,"ENSIGN GROUP, INC",Ensign Group Inc,ensign,ticker_map_name
0001126234,LUMOS PHARMA INC,Newlink Genetics Corp,newlink genetics,ticker_map_name
0001126956,SPIRE INC,Laclede Group Inc,laclede,ticker_map_name
0001127371,Community West Bancshares,Central Valley Community Bancorp,central valley community bancorp,ticker_map_name
0001128361,HOPE BANCORP INC,BBCN Bancorp Inc,bbcn bancorp,ticker_map_name
0001130464,BLACK HILLS CORP /SD/,Black Hills Corp,black hills,ticker_map_name
0001130598,"Traws Pharma, Inc.",Onconova Therapeutics Inc,onconova therapeutics,ticker_map_name
0001130713,"BEYOND, INC.",Overstockcom Inc,overstockcom,ticker_map_name
0001130781,NEURALBASE AI LTD.,Viratech Corp,viratech,ticker_map_name
0001133062,JANEL CORP,Janel World Trade LTD,janel world trade,ticker_map_name
0001133421,NORTHROP GRUMMAN CORP /DE/,Northrop Grumman Corp,northrop grumman,ticker_map_name
0001133818,"BIO-PATH HOLDINGS, INC.",Bio-path Holdings Inc,biopath,ticker_map_name
0001134765,"Charlie's Holdings, Inc.",True Drinks Holdings Inc,true drinks,ticker_map_name
0001136174,"Ontrak, Inc.",Catasys Inc,catasys,ticker_map_name
0001136869,"ZIMMER BIOMET HOLDINGS, INC.",Zimmer Holdings Inc,zimmer,ticker_map_name
0001138118,"CBRE GROUP, INC.",Cbre Group Inc,cbre,ticker_map_name
0001138724,"Global Arena Holding, Inc.",Global Arena Holding Inc,global arena,ticker_map_name
0001140102,"HireQuest, Inc.",Command Center Inc,command center,ticker_map_name
0001140536,WILLIS TOWERS WATSON PLC,Willis Group Holdings PLC,willis,ticker_map_name
0001140859,"Cencora, Inc.",Amerisourcebergen Corp,amerisourcebergen,ticker_map_name
0001142417,"NEXSTAR MEDIA GROUP, INC.",Nexstar Broadcasting Group Inc,nexstar broadcasting,ticker_map_name
0001144215,ACUITY INC. (DE),Acuity Brands Inc,acuity brands,ticker_map_name
0001144879,Applied Digital Corp.,Flight Safety Technologies Inc,flight safety technologies,ticker_map_name
0001156039,"Elevance Health, Inc.",Wellpoint Inc,wellpoint,ticker_map_name
0001157075,"PharmaCyte Biotech, Inc.",Nuvilex Inc,nuvilex,ticker_map_name
0001157408,"Stride, Inc.",K12 Inc,k12,ticker_map_name
0001157601,"MADRIGAL PHARMACEUTICALS, INC.",Synta Pharmaceuticals Corp,synta pharmaceuticals,ticker_map_name
0001157647,"Western New England Bancorp, Inc.",Westfield Financial Inc,westfield financial,ticker_map_name
0001158324,"COGENT COMMUNICATIONS HOLDINGS, INC.",Cogent Communications Group Inc,cogent communications,ticker_map_name
0001158780,Pluri Inc.,Pluristem Therapeutics Inc,pluristem therapeutics,ticker_map_name
0001160308,Savara Inc,Mast Therapeutics Inc,mast therapeutics,ticker_map_name
0001162194,STANDARD BIOTOOLS INC.,Fluidigm Corp,fluidigm,ticker_map_name
0001162896,Prairie Operating Co.,Wizard World Inc,wizard world,ticker_map_name
0001164727,NEWMONT Corp /DE/,Newmont Mining Corp,newmont mining,ticker_map_name
0001164863,Enpro Inc.,Enpro Industries Inc,enpro industries,ticker_map_name
0001166003,"XPO, Inc.",Xpo Logistics Inc,xpo logistics,ticker_map_name
0001166708,"Brownie's Marine Group, Inc",Brownies Marine Group Inc,brownies marine,ticker_map_name
0001167419,"Riot Platforms, Inc.",Venaxis Inc,venaxis,ticker_map_name
0001169445,"TruBridge, Inc.",Computer Programs & Systems Inc,computer programs systems,ticker_map_name
0001171326,ENTREPRENEUR UNIVERSE BRIGHT GROUP,Karma Media Inc,karma media,ticker_map_name
0001173204,Cineverse Corp.,Cinedigm Corp,cinedigm,ticker_map_name
0001173313,"ABVC BIOPHARMA, INC.",Ecology Coatings Inc,ecology coatings,ticker_map_name
0001173514,"HYSTER-YALE, INC.",Hyster-yale Materials Handling Inc,hysteryale materials handling,ticker_map_name
0001174891,"CalEthos, Inc.",Realsource Residential Inc,realsource residential,ticker_map_name
0001175454,"CORPAY, INC.",Fleetcor Technologies Inc,fleetcor technologies,ticker_map_name
0001177394,TD SYNNEX CORP,Synnex Corp,synnex,ticker_map_name
0001183765,MOLECULAR TEMPLATES INC,Threshold Pharmaceuticals Inc,threshold pharmaceuticals,ticker_map_name
0001185348,PRA GROUP INC,Portfolio Recovery Associates Inc,portfolio recovery associates,ticker_map_name
0001206264,SOMNIGROUP INTERNATIONAL INC.,Tempur Sealy International Inc,tempur sealy international,ticker_map_name
0001211583,FENNEC PHARMACEUTICALS INC.,Adherex Technologies Inc,adherex technologies,ticker_map_name
0001213037,"Cardiff Oncology, Inc.",Trovagene Inc,trovagene,ticker_map_name
0001218683,Mawson Infrastructure Group Inc.,Ophthalix Inc,ophthalix,ticker_map_name
0001219601,"CROWN HOLDINGS, INC.",Crown Holdings Inc,crown,ticker_map_name
0001220754,ModivCare Inc,Providence Service Corp,providence service,ticker_map_name
0001224608,"CNO Financial Group, Inc.",Cno Financial Group Inc,cno financial,ticker_map_name
0001228627,"Opus Genetics, Inc.",Rexahn Pharmaceuticals Inc,rexahn pharmaceuticals,ticker_map_name
0001230245,PIPER SANDLER COMPANIES,Jaffray Companies Piper,jaffray companies piper,ticker_map_name
0001230524,"Leopard Energy, Inc.",Sky Power Solutions Corp,sky power solutions,ticker_map_name
0001236275,"QXO, Inc.",Silversun Technologies Inc,silversun technologies,ticker_map_name
0001259429,Oxford Square Capital Corp.,Ticc Capital Corp,ticc capital,ticker_map_name
0001260990,ONCTERNAL THERAPEUTICS INC,GTX Inc,gtx,ticker_map_name
0001262104,"Lite Strategy, Inc.",Mei Pharma Inc,mei pharma,ticker_map_name
0001262823,WESTLAKE CORP,Westlake Chemical Corp,westlake chemical,ticker_map_name
0001262976,CIMPRESS plc,Vistaprint NV,vistaprint nv,ticker_map_name
0001270436,Cohen & Co Inc.,Institutional Financial Markets Inc,institutional financial markets,ticker_map_name
0001275014,"Ultra Clean Holdings, Inc.",Ultra Clean Holdings Inc,ultra clean,ticker_map_name
0001276187,Energy Transfer LP,Energy Transfer Equity LP,energy transfer equity lp,ticker_map_name
0001278752,MidCap Financial Investment Corp,Apollo Investment Corp,apollo investment,ticker_map_name
0001279620,"Zoned Properties, Inc.",Vanguard Minerals Corp,vanguard minerals,ticker_map_name
0001279715,"Wright Investors Service Holdings, Inc.",Wright Investors Service Holdings Inc,wright investors service,ticker_map_name
0001280784,"Hercules Capital, Inc.",Hercules Technology Growth Capital Inc,hercules technology growth capital,ticker_map_name
0001282224,"Dolphin Entertainment, Inc.",Dolphin Digital Media Inc,dolphin digital media,ticker_map_name
0001282648,BATTALION OIL CORP,Halcon Resources Corp,halcon resources,ticker_map_name
0001282980,"Dror Ortho-Design, Inc.",Novint Technologies Inc,novint technologies,ticker_map_name
0001284454,Yong Bai Chao New Retail Corp,Environmental Control Corp,environmental control,ticker_map_name
0001285550,"ClearPoint Neuro, Inc.",Mri Interventions Inc,mri interventions,ticker_map_name
0001288855,"OptimumBank Holdings, Inc.",Optimumbank Holdings Inc,optimumbank,ticker_map_name
0001289945,"Spok Holdings, Inc",USA Mobility Inc,usa mobility,ticker_map_name
0001290658,"IIOT-OXYS, Inc.",Creative Beauty Supply Of New Jersey Corp,creative beauty supply of new jersey,ticker_map_name
0001290900,"Commercial Vehicle Group, Inc.",Commercial Vehicle Group Inc,commercial vehicle,ticker_map_name
0001295947,Prestige Consumer Healthcare Inc.,Prestige Brands Holdings Inc,prestige brands,ticker_map_name
0001297989,"ExlService Holdings, Inc.",Exlservice Holdings Inc,exlservice,ticker_map_name
0001299709,"Axos Financial, Inc.",Bofi Holding Inc,bofi,ticker_map_name
0001304409,ATHENA GOLD CORP,Athena Silver Corp,athena silver,ticker_map_name
0001304421,CONSOLIDATED COMM HLDGS INC,Consolidated Communications Holdings Inc,consolidated communications,ticker_map_name
0001305253,EIGER BIOPHARMACEUTICALS INC,Celladon Corp,celladon,ticker_map_name
0001308208,"UNIVERSAL LOGISTICS HOLDINGS, INC.",Universal Truckload Services Inc,universal truckload services,ticker_map_name
0001309082,"CAMBER ENERGY, INC.",Lucas Energy Inc,lucas energy,ticker_map_name
0001309402,Green Plains Inc.,Green Plains Renewable Energy Inc,green plains renewable energy,ticker_map_name
0001310488,"BIOFORCE NANOSCIENCES HOLDINGS, INC.",Bioforce Nanosciences Holdings Inc,bioforce nanosciences,ticker_map_name
0001310630,China Foods Holdings Ltd.,Trafalgar Resources Inc,trafalgar resources,ticker_map_name
0001311673,"Yale Transaction Finders, Inc.",Yacht Finders Inc,yacht finders,ticker_map_name
0001314102,"EyePoint Pharmaceuticals, Inc.",Psivida Corp,psivida,ticker_map_name
0001314196,"OLB GROUP, INC.",Olb Group Inc,olb,ticker_map_name
0001318568,Everi Holdings Inc.,Global Cash Access Holdings Inc,global cash access,ticker_map_name
0001318605,"Tesla, Inc.",Tesla Motors Inc,tesla motors,ticker_map_name
0001319229,TransMontaigne Partners LLC,Transmontaigne Partners LP,transmontaigne partners lp,ticker_map_name
0001319947,Designer Brands Inc.,DSW Inc,dsw,ticker_map_name
0001321741,GLADSTONE INVESTMENT CORPORATION\DE,Investment Corporation Gladstone,investment corporation gladstone,ticker_map_name
0001321834,"TNF Pharmaceuticals, Inc.",Akers Biosciences Inc,akers biosciences,ticker_map_name
0001324404,"CF Industries Holdings, Inc.",CF Industries Holdings Inc,cf industries,ticker_map_name
0001324424,"Expedia Group, Inc.",Expedia Inc,expedia,ticker_map_name
0001324759,HONG YUAN HOLDING GROUP,Cereplast Inc,cereplast,ticker_map_name
0001325670,Primis Financial Corp.,Southern National Bancorp Of Virginia Inc,southern national bancorp of virginia,ticker_map_name
0001326190,"Altimmune, Inc.",Pharmathene Inc,pharmathene,ticker_map_name
0001326205,"IGC Pharma, Inc.",India Globalization Capital Inc,india globalization capital,ticker_map_name
0001326801,"Meta Platforms, Inc.",Facebook Inc,facebook,ticker_map_name
0001328598,Invesco CurrencyShares Euro Trust,Currencyshares Euro Trust,currencyshares euro trust,ticker_map_name
0001329606,"Clean Energy Technologies, Inc.",Probe Manufacturing Inc,probe manufacturing,ticker_map_name
0001331612,INNOVATIVE MEDTECH INC,Fresh Harvest Products Inc,fresh harvest products,ticker_map_name
0001332551,ACRES Commercial Realty Corp.,Resource Capital Corp,resource capital,ticker_map_name
0001334325,"Coda Octopus Group, Inc.",Coda Octopus Group Inc,coda octopus,ticker_map_name
0001334978,"Clear Channel Outdoor Holdings, Inc.",Clear Channel Outdoor Holdings Inc,clear channel outdoor,ticker_map_name
0001335112,LOGIQ INC,Sitoa Global Inc,sitoa global,ticker_map_name
0001336920,"Leidos Holdings, Inc.",Leidos Holdings Inc,leidos,ticker_map_name
0001337013,"InfuSystem Holdings, Inc",Infusystem Holdings Inc,infusystem,ticker_map_name
0001338749,POTLATCHDELTIC CORP,Potlatch Corp,potlatch,ticker_map_name
0001338929,"Authentic Holdings, Inc.",Premiere Opportunities Group Inc,premiere opportunities,ticker_map_name
0001341766,"Celsius Holdings, Inc.",Celsius Holdings Inc,celsius,ticker_map_name
0001342936,"Rivulet Entertainment, Inc.",Advanced Voice Recognition Systems Inc,advanced voice recognition systems,ticker_map_name
0001343009,CNBX Pharmaceuticals Inc.,American Mining Corp,american mining,ticker_map_name
0001347652,CORENERGY INFRASTRUCTURE TR,Corenergy Infrastructure Trust Inc,corenergy infrastructure trust,ticker_map_name
0001347858,"22nd Century Group, Inc.",22ND Century Group Inc,22nd century,ticker_map_name
0001348362,Lexaria Bioscience Corp.,Lexaria Corp,lexaria,ticker_map_name
0001350653,"Alphatec Holdings, Inc.",Alphatec Holdings Inc,alphatec,ticker_map_name
0001354327,PGT INNOVATIONS INC,PGT Inc,pgt,ticker_map_name
0001355001,Anywhere Real Estate Group LLC,Realogy Group LLC,realogy,ticker_map_name
0001355096,"QVC Group, Inc.",Liberty Interactive Corp,liberty interactive,ticker_map_name
0001355839,INTELLIGENT PROTECTION MANAGEMENT CORP.,Snap Interactive Inc,snap interactive,ticker_map_name
0001355848,"Kartoon Studios, Inc.",Genius Brands International Inc,genius brands international,ticker_map_name
0001356090,"PRECIGEN, INC.",Intrexon Corp,intrexon,ticker_map_name
0001356093,"CREATIVE REALITIES, INC.",Wireless Ronin Technologies Inc,wireless ronin technologies,ticker_map_name
0001356115,NEXPOINT DIVERSIFIED REAL ESTATE TRUST,Nexpoint Credit Strategies Fund,nexpoint credit strategies fund,ticker_map_name
0001357459,"PALISADE BIO, INC.",Neuralstem Inc,neuralstem,ticker_map_name
0001357878,"REGENEREX PHARMA, INC.",Peptide Technologies Inc,peptide technologies,ticker_map_name
0001358190,"IT TECH PACKAGING, INC.",Orient Paper Inc,orient paper,ticker_map_name
0001360214,"HARROW, INC.",Imprimis Pharmaceuticals Inc,imprimis pharmaceuticals,ticker_map_name
0001360442,"Dogecoin Cash, Inc.",Cannabis Sativa Inc,cannabis sativa,ticker_map_name
0001360901,Evercore Inc.,Evercore Partners Inc,evercore partners,ticker_map_name
0001361658,Travel & Leisure Co.,Wyndham Worldwide Corp,wyndham worldwide,ticker_map_name
0001364479,HERC HOLDINGS INC,Hertz Global Holdings Inc,hertz global,ticker_map_name
0001364885,"Spirit AeroSystems Holdings, Inc.",Spirit Aerosystems Holdings Inc,spirit aerosystems,ticker_map_name
0001367083,"Sonoma Pharmaceuticals, Inc.",Oculus Innovative Sciences Inc,oculus innovative sciences,ticker_map_name
0001368365,REMARK HOLDINGS INC,Remark Media Inc,remark media,ticker_map_name
0001368458,"Sally Beauty Holdings, Inc.",Sally Beauty Holdings Inc,sally beauty,ticker_map_name
0001369568,"CATALYST PHARMACEUTICALS, INC.",Catalyst Pharmaceutical Partners Inc,catalyst pharmaceutical partners,ticker_map_name
0001370450,"Willdan Group, Inc.",Willdan Group Inc,willdan,ticker_map_name
0001370755,BlackRock TCP Capital Corp.,TCP Capital Corp,tcp capital,ticker_map_name
0001371128,"NewHydrogen, Inc.",Biosolar Inc,biosolar,ticker_map_name
0001372807,Portman Ridge Finance Corp,Kcap Financial Inc,kcap financial,ticker_map_name
0001373670,"Green Brick Partners, Inc.",Biofuel Energy Corp,biofuel energy,ticker_map_name
0001374310,"Cboe Global Markets, Inc.",Cboe Holdings Inc,cboe,ticker_map_name
0001374567,"Luvu Brands, Inc.",Liberator Inc,liberator,ticker_map_name
0001375195,CORETEC GROUP INC (THE),3dicon Corp,3dicon,ticker_map_name
0001375793,"Metalert, Inc.",GTX Corp,gtx,ticker_map_name
0001376321,ZW Data Action Technologies Inc.,Chinanet Online Holdings Inc,chinanet online,ticker_map_name
0001376339,"MIMEDX GROUP, INC.",Mimedx Group Inc,mimedx,ticker_map_name
0001378950,"CarParts.com, Inc.",US Auto Parts Network Inc,us auto parts network,ticker_map_name
0001378992,BERRY GLOBAL GROUP INC,Berry Plastics Group Inc,berry plastics,ticker_map_name
0001379041,"Employers Holdings, Inc.",Employers Holdings Inc,employers,ticker_map_name
0001379785,"Barings BDC, Inc.",Triangle Capital Corp,triangle capital,ticker_map_name
0001381197,"Interactive Brokers Group, Inc.",Interactive Brokers Group Inc,interactive brokers,ticker_map_name
0001381871,BOWMO INC,US Highland Inc,us highland,ticker_map_name
0001383082,INVESCO DB AGRICULTURE FUND,Powershares DB Agriculture Fund,powershares db agriculture fund,ticker_map_name
0001385280,"Cinemark Holdings, Inc.",Cinemark Holdings Inc,cinemark,ticker_map_name
0001389050,"Archrock, Inc.",Exterran Holdings Inc,exterran,ticker_map_name
0001390478,"SELLAS Life Sciences Group, Inc.",Galena Biopharma Inc,galena biopharma,ticker_map_name
0001391135,LFTD PARTNERS INC.,Acquired Sales Corp,acquired sales,ticker_map_name
0001391426,Clean Vision Corp,China Vitup Health Care Holdings Inc,china vitup health care,ticker_map_name
0001392694,"SurgePays, Inc.",North American Energy Resources Inc,north american energy resources,ticker_map_name
0001392972,"PROS Holdings, Inc.",Pros Holdings Inc,pros,ticker_map_name
0001393726,TIPTREE INC.,Tiptree Financial Inc,tiptree financial,ticker_map_name
0001393772,"WEED, INC.",United Mines Inc,united mines,ticker_map_name
0001393818,Blackstone Inc.,Blackstone Group LP,blackstone group lp,ticker_map_name
0001393883,"DHI GROUP, INC.",Dice Holdings Inc,dice,ticker_map_name
0001394108,SUIC Worldwide Holdings Ltd.,American Jianye Greentech Holdings LTD,american jianye greentech,ticker_map_name
0001395942,"OPENLANE, Inc.",Kar Auction Services Inc,kar auction services,ticker_map_name
0001396033,LL FLOORING HOLDINGS INC,Lumber Liquidators Holdings Inc,lumber liquidators,ticker_map_name
0001396536,"DUOS TECHNOLOGIES GROUP, INC.",Information Systems Associates Inc,information systems associates,ticker_map_name
0001396814,"Pacira BioSciences, Inc.",Pacira Pharmaceuticals Inc,pacira pharmaceuticals,ticker_map_name
0001398805,Beam Global,Envision Solar International Inc,envision solar international,ticker_map_name
0001398987,Anywhere Real Estate Inc.,Realogy Holdings Corp,realogy,ticker_map_name
0001399306,BREWBILT BREWING CO,Grid Petroleum Corp,grid petroleum,ticker_map_name
0001399520,"ONE Group Hospitality, Inc.",Committed Capital Acquisition Corp,committed capital acquisition,ticker_map_name
0001400810,"HCI Group, Inc.",Hci Group Inc,hci,ticker_map_name
0001400891,"iHeartMedia, Inc.",CC Media Holdings Inc,cc media,ticker_map_name
0001401521,AMERICAN COASTAL INSURANCE Corp,United Insurance Holdings Corp,united insurance,ticker_map_name
0001402829,Orion Group Holdings Inc,Orion Marine Group Inc,orion marine,ticker_map_name
0001403528,"Brookfield Oaktree Holdings, LLC",Oaktree Capital Group LLC,oaktree capital,ticker_map_name
0001403568,"Ulta Beauty, Inc.",Ulta Salon Cosmetics & Fragrance Inc,ulta salon cosmetics fragrance,ticker_map_name
0001404912,KKR & Co. Inc.,KKR & Co LP,kkr co lp,ticker_map_name
0001407623,RETAIL OPPORTUNITY INVTS CP,Retail Opportunity Investments Corp,retail opportunity investments,ticker_map_name
0001408100,"Kennedy-Wilson Holdings, Inc.",Kennedy-wilson Holdings Inc,kennedywilson,ticker_map_name
0001408146,SCANDIUM INTL MINING CORP,Emc Metals Corp,emc metals,ticker_map_name
0001410428,"XWELL, Inc.",Vringo Inc,vringo,ticker_map_name
0001410636,"American Water Works Company, Inc.",American Water Works Company Inc,american water works,ticker_map_name
0001411579,"AMC ENTERTAINMENT HOLDINGS, INC.",Amc Entertainment Holdings Inc,amc entertainment,ticker_map_name
0001412100,"Maiden Holdings, Ltd.",Maiden Holdings LTD,maiden,ticker_map_name
0001412126,RemSleep Holdings Inc.,Kat Gold Holdings Corp,kat gold,ticker_map_name
0001412665,"MidWestOne Financial Group, Inc.",Midwestone Financial Group Inc,midwestone financial,ticker_map_name
0001413754,"MARIZYME, INC.",GBS Enterprises Inc,gbs enterprises,ticker_map_name
0001413891,"HIGH WIRE NETWORKS, INC.",Mantra Venture Group LTD,mantra venture,ticker_map_name
0001413898,DallasNews Corp,A H Belo Corp,a h belo,ticker_map_name
0001414475,"Western Midstream Operating, LP",Western Gas Partners LP,western gas partners lp,ticker_map_name
0001414932,Oaktree Specialty Lending Corp,Fifth Street Finance Corp,fifth street finance,ticker_map_name
0001416697,"Blue Line Protection Group, Inc.",Engraving Masters Inc,engraving masters,ticker_map_name
0001418076,SLR Investment Corp.,Solar Capital LTD,solar capital,ticker_map_name
0001418135,Keurig Dr Pepper Inc.,DR Pepper Snapple Group Inc,dr pepper snapple,ticker_map_name
0001419051,THERAPEUTIC SOLUTIONS INTL,Therapeutic Solutions International Inc,therapeutic solutions international,ticker_map_name
0001420800,Enovis CORP,Colfax Corp,colfax,ticker_map_name
0001421636,C-BOND SYSTEMS INC,Westmountain Alternative Energy Inc,westmountain alternative energy,ticker_map_name
0001422892,Singularity Future Technology Ltd.,Sino-global Shipping America LTD,sinoglobal shipping america,ticker_map_name
0001423689,AGNC Investment Corp.,American Capital Agency Corp,american capital agency,ticker_map_name
0001423902,"Western Midstream Partners, LP",Western Gas Equity Partners LP,western gas equity partners lp,ticker_map_name
0001424404,WOLVERINE RESOURCES CORP,Wolverine Exploration Inc,wolverine exploration,ticker_map_name
0001424657,Cuentas Inc.,Nybd Holding Inc,nybd,ticker_map_name
0001424864,Rise Gold Corp.,Patriot Minefinders Inc,patriot minefinders,ticker_map_name
0001425205,"IOVANCE BIOTHERAPEUTICS, INC.",Lion Biotechnologies Inc,lion biotechnologies,ticker_map_name
0001425287,Workhorse Group Inc.,Amp Holding Inc,amp,ticker_map_name
0001426800,"ASSEMBLY BIOSCIENCES, INC.",Ventrus Biosciences Inc,ventrus biosciences,ticker_map_name
0001427925,"TALPHERA, INC.",Acelrx Pharmaceuticals Inc,acelrx pharmaceuticals,ticker_map_name
0001429260,"Fortress Biotech, Inc.",Coronado Biosciences Inc,coronado biosciences,ticker_map_name
0001429393,"Trutankless, Inc.",Bollente Companies Inc,bollente companies,ticker_map_name
0001429764,Blink Charging Co.,Car Charging Group Inc,car charging,ticker_map_name
0001431959,META MATERIALS INC,Torchlight Energy Resources Inc,torchlight energy resources,ticker_map_name
0001433660,JBT Marel Corp,John Bean Technologies Corp,john bean technologies,ticker_map_name
0001434524,ClearSign Technologies Corp,Clearsign Combustion Corp,clearsign combustion,ticker_map_name
0001434621,"LendingTree, Inc.",Treecom Inc,treecom,ticker_map_name
0001435508,"First Savings Financial Group, Inc.",First Savings Financial Group Inc,first savings financial,ticker_map_name
0001436126,"Mistras Group, Inc.",Mistras Group Inc,mistras,ticker_map_name
0001437107,"Warner Bros. Discovery, Inc.",Discovery Communications Inc,discovery communications,ticker_map_name
0001437226,"Mastech Digital, Inc.",Mastech Holdings Inc,mastech,ticker_map_name
0001437283,"REGO PAYMENT ARCHITECTURES, INC.",Virtual Piggy Inc,virtual piggy,ticker_map_name
0001437517,"CYBERLOQ TECHNOLOGIES, INC.",Advanced Credit Technologies Inc,advanced credit technologies,ticker_map_name
0001437750,T-REX Acquisition Corp.,Sync2 Networks Corp,sync2 networks,ticker_map_name
0001438533,"Travere Therapeutics, Inc.",Retrophin Inc,retrophin,ticker_map_name
0001439288,Zurn Elkay Water Solutions Corp,Rexnord Corp,rexnord,ticker_map_name
0001440799,MMEX Resources Corp,Quantum Information Inc,quantum information,ticker_map_name
0001443863,BioCorRx Inc.,Fresh Start Private Management Inc,fresh start private management,ticker_map_name
0001444839,Bravo Multinational Inc.,Goldland Holdings Corp,goldland,ticker_map_name
0001445815,"BIOXYTRAN, INC",US Rare Earth Minerals Inc,us rare earth minerals,ticker_map_name
0001445942,Texas Mineral Resources Corp.,Texas Rare Earth Resources Corp,texas rare earth resources,ticker_map_name
0001446159,Predictive Oncology Inc.,Skyline Medical Inc,skyline medical,ticker_map_name
0001448597,AUGUSTA GOLD CORP.,Bullfrog Gold Corp,bullfrog gold,ticker_map_name
0001448705,"BASANITE, INC.",Paymeon Inc,paymeon,ticker_map_name
0001449349,VIVOS INC,Advanced Medical Isotope Corp,advanced medical isotope,ticker_map_name
0001449488,CSI COMPRESSCO LP,Compressco Partners LP,compressco partners lp,ticker_map_name
0001453593,"Xtant Medical Holdings, Inc.",Bacterin International Holdings Inc,bacterin international,ticker_map_name
0001454742,"GOOD GAMING, INC.",HDS International Corp,hds international,ticker_map_name
0001456772,OFFICE PROPERTIES INCOME TRUST,Government Properties Income Trust,government properties income trust,ticker_map_name
0001460329,"Fluent, Inc.",Tiger Media Inc,tiger media,ticker_map_name
0001462223,"Nixxy, Inc.",Truli Media Group Inc,truli media,ticker_map_name
0001463208,"Transportation & Logistics Systems, Inc.",Petroterra Corp,petroterra,ticker_map_name
0001464790,"B. Riley Financial, Inc.",Great American Group Inc,great american,ticker_map_name
0001464865,ACCREDITED SOLUTIONS INC,Lone Star Gold Inc,lone star gold,ticker_map_name
0001466258,Trane Technologies plc,Ingersoll-rand PLC,ingersollrand,ticker_map_name
0001467761,"FiEE, Inc.",Zoom Telephonics Inc,zoom telephonics,ticker_map_name
0001468639,VICAPSYS LIFE SCIENCES INC,Ssgi Inc,ssgi,ticker_map_name
0001473490,"Global AI, Inc.",Wall Street Media Co Inc,wall street media,ticker_map_name
0001474167,Cosmos Health Inc.,Cosmos Holdings Inc,cosmos,ticker_map_name
0001476963,"Scorpius Holdings, Inc.",Heat Biologics Inc,heat biologics,ticker_map_name
0001477009,TREES CORP,Advanced Cannabis Solutions Inc,advanced cannabis solutions,ticker_map_name
0001477294,Sensata Technologies Holding plc,Sensata Technologies Holding NV,sensata technologies holding nv,ticker_map_name
0001478242,IQVIA HOLDINGS INC.,Quintiles Transnational Holdings Inc,quintiles transnational,ticker_map_name
0001481028,"SUNHYDROGEN, INC.",Hypersolar Inc,hypersolar,ticker_map_name
0001481504,"XERIANT, INC.",Banjo & Matilda Inc,banjo matilda,ticker_map_name
0001481792,"Quad/Graphics, Inc.",Quad,quad,ticker_map_name
0001482541,CEA Industries Inc.,Surna Inc,surna,ticker_map_name
0001486159,Chord Energy Corp,Oasis Petroleum Inc,oasis petroleum,ticker_map_name
0001486957,"BWX Technologies, Inc.",Babcock & Wilcox Co,babcock wilcox,ticker_map_name
0001487952,"Vishay Precision Group, Inc.",Vishay Precision Group Inc,vishay precision,ticker_map_name
0001488039,"ATOSSA THERAPEUTICS, INC.",Atossa Genetics Inc,atossa genetics,ticker_map_name
0001489096,"Thermon Group Holdings, Inc.",Thermon Group Holdings Inc,thermon,ticker_map_name
0001490161,Sow Good Inc.,Black Ridge Oil & Gas Inc,black ridge oil gas,ticker_map_name
0001490349,PhenixFIN Corp,Medley Capital Corp,medley capital,ticker_map_name
0001492691,Knight-Swift Transportation Holdings Inc.,Swift Transportation Co,swift transportation,ticker_map_name
0001493594,"MACOM Technology Solutions Holdings, Inc.",M,m,ticker_map_name
0001493761,Turtle Beach Corp,Parametric Sound Corp,parametric sound,ticker_map_name
0001494904,"Global Indemnity Group, LLC",Global Indemnity PLC,global indemnity,ticker_map_name
0001495648,Blackwell 3D Construction Corp.,Buckeye Oil & Gas Inc,buckeye oil gas,ticker_map_name
0001495932,"eXp World Holdings, Inc.",Exp Realty International Corp,exp realty international,ticker_map_name
0001496443,"Paysign, Inc.",3pea International Inc,3pea international,ticker_map_name
0001496690,"BlueOne Card, Inc.",TBSS International Inc,tbss international,ticker_map_name
0001497253,"VivoSim Labs, INC.",Organovo Holdings Inc,organovo,ticker_map_name
0001497649,Graphene & Solar Technologies Ltd,Vanguard Energy Corp,vanguard energy,ticker_map_name
0001498067,"CITRINE GLOBAL, CORP.",Breedit Corp,breedit,ticker_map_name
0001498382,"TuHURA Biosciences, Inc./NV",Delmar Pharmaceuticals Inc,delmar pharmaceuticals,ticker_map_name
0001499961,MULLEN AUTOMOTIVE INC.,Net Element Inc,net element,ticker_map_name
0001500198,NEUROONE MEDICAL TECHNOLOGIES Corp,Original Source Entertainment Inc,original source entertainment,ticker_map_name
0001502557,Kun Peng International Ltd.,Mlight Tech Inc,mlight tech,ticker_map_name
0001503658,LiquidValue Development Inc.,Homeownusa,homeownusa,ticker_map_name
0001506492,"Nuwellis, Inc.",Sunshine Heart Inc,sunshine heart,ticker_map_name
0001507605,"MARA Holdings, Inc.",Marathon Patent Group Inc,marathon patent,ticker_map_name
0001509470,SURO CAPITAL CORP.,GSV Capital Corp,gsv capital,ticker_map_name
0001509589,"CIVITAS RESOURCES, INC.",Bonanza Creek Energy Inc,bonanza creek energy,ticker_map_name
0001509786,GUSKIN GOLD CORP,Inspired Builders Inc,inspired builders,ticker_map_name
0001510964,"CV Sciences, Inc.",Cannavest Corp,cannavest,ticker_map_name
0001511737,Ubiquiti Inc.,Ubiquiti Networks Inc,ubiquiti networks,ticker_map_name
0001512499,"LINDBLAD EXPEDITIONS HOLDINGS, INC.",Capitol Acquisition Corp II,capitol acquisition corp ii,ticker_map_name
0001514183,"Silo Pharma, Inc.",Point Capital Inc,point capital,ticker_map_name
0001514946,AXIM BIOTECHNOLOGIES INC,Axim International Inc,axim international,ticker_map_name
0001515156,"Arq, Inc.",Advanced Emissions Solutions Inc,advanced emissions solutions,ticker_map_name
0001515317,MAGELLAN COPPER & GOLD Corp,Magellan Gold Corp,magellan gold,ticker_map_name
0001517228,"CommScope Holding Company, Inc.",Commscope Holding Company Inc,commscope,ticker_map_name
0001517681,"Propanc Biopharma, Inc.",Propanc Health Group Corp,propanc health,ticker_map_name
0001519751,"Fortune Brands Innovations, Inc.",Fortune Brands Home & Security Inc,fortune brands home security,ticker_map_name
0001520048,Permianville Royalty Trust,Enduro Royalty Trust,enduro royalty trust,ticker_map_name
0001520262,Alkermes plc.,Alkermes PLC,alkermes,ticker_map_name
0001520358,"Mama's Creations, Inc.",Mamamancinis Holdings Inc,mamamancinis,ticker_map_name
0001520697,"Acadia Healthcare Company, Inc.",Acadia Healthcare Company Inc,acadia healthcare,ticker_map_name
0001521332,Aptiv PLC,Delphi Automotive PLC,delphi automotive,ticker_map_name
0001524741,U S SILICA HOLDINGS INC,US Silica Holdings Inc,us silica,ticker_map_name
0001524769,CHESAPEAKE GRANITE WASH TR,Chesapeake Granite Wash Trust,chesapeake granite wash trust,ticker_map_name
0001525221,Bristow Group Inc.,Era Group Inc,era,ticker_map_name
0001527166,Carlyle Group Inc.,Carlyle Group LP,carlyle group lp,ticker_map_name
0001527590,Ready Capital Corp,Zais Financial Corp,zais financial,ticker_map_name
0001528129,"Vital Energy, Inc.",Laredo Petroleum Inc,laredo petroleum,ticker_map_name
0001528849,RH,Restoration Hardware Holdings Inc,restoration hardware,ticker_map_name
0001530721,Capri Holdings Ltd,Michael Kors Holdings LTD,michael kors,ticker_map_name
0001530950,"Post Holdings, Inc.",Post Holdings Inc,post,ticker_map_name
0001532961,"NV5 Global, Inc.",NV5 Holdings Inc,nv5,ticker_map_name
0001533040,Phio Pharmaceuticals Corp.,Rxi Pharmaceuticals Corp,rxi pharmaceuticals,ticker_map_name
0001533615,Global Medical REIT Inc.,Scoop Media Inc,scoop media,ticker_map_name
0001533924,Amplify Energy Corp.,Midstates Petroleum Company Inc,midstates petroleum,ticker_map_name
0001534708,"Beeline Holdings, Inc.",Eurocan Holdings LTD,eurocan,ticker_map_name
0001535929,"Voya Financial, Inc.",Ing US Inc,ing us,ticker_map_name
0001538849,CrossAmerica Partners LP,Lehigh Gas Partners LP,lehigh gas partners lp,ticker_map_name
0001543418,Trilogy Metals Inc.,Novacopper Inc,novacopper,ticker_map_name
0001544227,"Tempest Therapeutics, Inc.",Ovascience Inc,ovascience,ticker_map_name
0001547546,"Lument Finance Trust, Inc.",Five Oaks Investment Corp,five oaks investment,ticker_map_name
0001547903,"NMI Holdings, Inc.",Nmi Holdings Inc,nmi,ticker_map_name
0001550695,Performant Healthcare Inc,Performant Financial Corp,performant financial,ticker_map_name
0001552275,Sunoco LP,Susser Petroleum Partners LP,susser petroleum partners lp,ticker_map_name
0001552800,"TILE SHOP HOLDINGS, INC.",Tile Shop Holdings Inc,tile shop,ticker_map_name
0001555074,ACCELITRON ADN MTR CNTRL INC,Altisource Asset Management Corp,altisource asset management,ticker_map_name
0001556266,BAIYU HOLDINGS INC,China Commercial Credit Inc,china commercial credit,ticker_map_name
0001556593,Rithm Capital Corp.,New Residential Investment Corp,new residential investment,ticker_map_name
0001556739,"Thryv Holdings, Inc.",Dex Media Inc,dex media,ticker_map_name
0001557798,"Tianci International, Inc.",Freedom Petroleum Inc,freedom petroleum,ticker_map_name
0001559053,PROTHENA CORP PUBLIC LTD CO,Prothena Corp PLC,prothena corp,ticker_map_name
0001560672,Ellington Credit Co,Ellington Residential Mortgage REIT,ellington residential mortgage reit,ticker_map_name
0001561894,"HA Sustainable Infrastructure Capital, Inc.",Hannon Armstrong Sustainable Infrastructure Capital Inc,hannon armstrong sustainable infrastructure capital,ticker_map_name
0001562151,"Crimson Wine Group, Ltd",Crimson Wine Group LTD,crimson wine,ticker_map_name
0001564618,INDEPENDENT BK GRP INC,Independent Bank Group Inc,independent bank,ticker_map_name
0001564902,United Parks & Resorts Inc.,Seaworld Entertainment Inc,seaworld entertainment,ticker_map_name
0001565228,"Vislink Technologies, Inc.",XG Technology Inc,xg technology,ticker_map_name
0001567683,"Clearway Energy, Inc.",NRG Yield Inc,nrg yield,ticker_map_name
0001571329,Logan Ridge Finance Corp.,Capitala Finance Corp,capitala finance,ticker_map_name
0001571949,"Intercontinental Exchange, Inc.",Intercontinentalexchange Group Inc,intercontinentalexchange,ticker_map_name
0001574085,Braemar Hotels & Resorts Inc.,Ashford Hospitality Prime Inc,ashford hospitality prime,ticker_map_name
0001574540,PHYSICIANS REALTY TR,Physicians Realty Trust,physicians realty trust,ticker_map_name
0001575828,EXPRO GROUP HOLDINGS N.V.,Franks International NV,franks international nv,ticker_map_name
0001576018,SiriusPoint Ltd,Third Point Reinsurance LTD,third point reinsurance,ticker_map_name
0001579684,"Gannett Co., Inc.",New Media Investment Group Inc,new media investment,ticker_map_name
0001581091,"RE/MAX Holdings, Inc.",Re,re,ticker_map_name
0001584207,"OneMain Holdings, Inc.",Springleaf Holdings Inc,springleaf,ticker_map_name
0001589526,Blue Bird Corp,Hennessy Capital Acquisition Corp,hennessy capital acquisition,ticker_map_name
0001590714,Element Solutions Inc,Platform Specialty Products Corp,platform specialty products,ticker_map_name
