cik,name,alias,alias_clean,alias_source
0000002186,BK TECHNOLOGIES CORP,Relm Wireless Corp,relm wireless,ticker_map_name
0000004281,HOWMET AEROSPACE INC,Alcoa Inc,alcoa,ticker_map_name
0000004457,U-HAUL HOLDING CO,Amerco,amerco,ticker_map_name
0000006955,ENERPAC TOOL GROUP CORP,Actuant Corp,actuant,ticker_map_name
0000007084,ARCHER-DANIELS-MIDLAND CO,Archer Daniels Midland Co,archer daniels midland,ticker_map_name
0000008504,AGEAGLE AERIAL SYSTEMS,Enerjex Resources Inc,enerjex resources,ticker_map_name
0000009326,BALCHEM CORP  -CL B,Balchem Corp,balchem,ticker_map_name
0000012208,BIO-RAD LABORATORIES INC,Bio Rad Laboratories Inc,bio rad laboratories,ticker_map_name
0000012239,DOMINARI HOLDINGS INC,Spherix Inc,spherix,ticker_map_name
0000012659,BLOCK H & R INC,H&R Block Inc,hr block,ticker_map_name
0000014272,BRISTOL-MYERS SQUIBB CO,Bristol Myers Squibb Co,bristol myers squibb,ticker_map_name
0000016058,CACI INTL INC  -CL A,Caci International Inc,caci international,ticker_map_name
0000016160,CAL-MAINE FOODS INC,Cal Maine Foods Inc,cal maine foods,ticker_map_name
0000016732,CAMPBELL'S CO (THE),Campbell Soup Co,campbell soup,ticker_map_name
0000018926,LUMEN TECHNOLOGIES INC,Centurylink Inc,centurylink,ticker_map_name
0000020520,FRONTIER COMMUNIC PARENT INC,Frontier Communications Corp,frontier communications,ticker_map_name
0000021076,CLOROX CO/DE,Clorox Co,clorox,ticker_map_name
0000021344,COCA-COLA CO,Coca Cola Co,coca cola,ticker_map_name
0000021665,COLGATE-PALMOLIVE CO,Colgate Palmolive Co,colgate palmolive,ticker_map_name
0000022701,SUNATION ENERGY INC,Communications Systems Inc,communications systems,ticker_map_name
0000023197,COMTECH TELECOMMUN,Comtech Telecommunications Corp,comtech telecommunications,ticker_map_name
0000023217,CONAGRA BRANDS INC,Conagra Foods Inc,conagra foods,ticker_map_name
0000023795,CTO REALTY GROWTH INC,Consolidated Tomoka Land Co,consolidated tomoka land,ticker_map_name
0000024545,MOLSON COORS BEVERAGE CO,Molson Coors Brewing Co,molson coors brewing,ticker_map_name
0000025445,CRANE NXT CO,Crane Co,crane,ticker_map_name
0000026324,CURTISS-WRIGHT CORP,Curtiss Wright Corp,curtiss wright,ticker_map_name
0000028823,DIEBOLD NIXDORF INC,Diebold Inc,diebold,ticker_map_name
0000030554,DU PONT (E I) DE NEMOURS,Dupont E I De Nemours & Co,dupont e i de nemours,ticker_map_name
0000031791,REVVITY INC,Perkinelmer Inc,perkinelmer,ticker_map_name
0000033992,KINGSTONE COS INC,Kingstone Companies Inc,kingstone companies,ticker_map_name
0000034067,DMC GLOBAL INC,Dynamic Materials Corp,dynamic materials,ticker_map_name
0000034563,FARMER BROS CO,Farmer Brothers Co,farmer brothers,ticker_map_name
0000035527,FIFTH THIRD BANCORP,Third Bancorp Fifth,third bancorp fifth,ticker_map_name
0000036029,FIRST FINL BANKSHARES INC,First Financial Bankshares Inc,first financial bankshares,ticker_map_name
0000036966,FIRST HORIZON CORP,First Horizon National Corp,first horizon national,ticker_map_name
0000037808,F N B CORP/FL,FNB Corp,fnb,ticker_map_name
0000039263,CULLEN/FROST BANKERS INC,Cullen,cullen,ticker_map_name
0000039899,TEGNA INC,Gannett Co Inc,gannett,ticker_map_name
0000040545,GE AEROSPACE,General Electric Co,general electric,ticker_map_name
0000040570,GEE GROUP INC,General Employment Enterprises Inc,general employment enterprises,ticker_map_name
0000041719,MAGNERA CORP,Glatfelter P H Co,glatfelter p h,ticker_map_name
0000042682,GORMAN-RUPP CO,Gorman Rupp Co,gorman rupp,ticker_map_name
0000043920,GREIF INC  -CL A,Greif Inc,greif,ticker_map_name
0000045876,ENVIRI CORP,Harsco Corp,harsco,ticker_map_name
0000047217,HP INC,Hewlett Packard Co,hewlett packard,ticker_map_name
0000047307,CRAWFORD UNITED CORP,Hickok Inc,hickok,ticker_map_name
0000049754,DINE BRANDS GLOBAL INC,Dineequity Inc,dineequity,ticker_map_name
0000051143,INTL BUSINESS MACHINES CORP,International Business Machines Corp,international business machines,ticker_map_name
0000051253,INTL FLAVORS & FRAGRANCES,International Flavors & Fragrances Inc,international flavors fragrances,ticker_map_name
0000051434,INTL PAPER CO,International Paper Co,international paper,ticker_map_name
0000051644,INTERPUBLIC GROUP OF COS,Interpublic Group Of Companies Inc,interpublic group of companies,ticker_map_name
0000052988,JACOBS SOLUTIONS INC,Jacobs Engineering Group Inc,jacobs engineering,ticker_map_name
0000055067,KELLANOVA,Kellogg Co,kellogg,ticker_map_name
0000055135,KELLY SERVICES INC  -CL A,Kelly Services Inc,kelly services,ticker_map_name
0000055785,KIMBERLY-CLARK CORP,Kimberly Clark Corp,kimberly clark,ticker_map_name
0000056679,KORN FERRY,Korn Ferry International,korn ferry international,ticker_map_name
0000057515,MARZETTI CO (THE),Lancaster Colony Corp,lancaster colony,ticker_map_name
0000059527,LINCOLN ELECTRIC HLDGS INC,Lincoln Electric Holdings Inc,lincoln electric,ticker_map_name
0000060667,LOWE'S COS INC,Lowes Companies Inc,lowes companies,ticker_map_name
0000062709,MARSH,Marsh & Mclennan Companies Inc,marsh mclennan companies,ticker_map_name
0000064040,S&P GLOBAL INC,Mcgraw Hill Financial Inc,mcgraw hill financial,ticker_map_name
0000064463,SOLUNA HOLDINGS INC,Mechanical Technology Inc,mechanical technology,ticker_map_name
0000064803,CVS HEALTH CORP,CVS Caremark Corp,cvs caremark,ticker_map_name
0000066570,MSA SAFETY INC,Mine Safety Appliances Co,mine safety appliances,ticker_map_name
0000067887,MOOG INC  -CL A,Moog Inc,moog,ticker_map_name
0000070866,NCR VOYIX CORP,NCR Corp,ncr,ticker_map_name
0000071691,NEW YORK TIMES CO  -CL A,New York Times Co,new york times,ticker_map_name
0000072444,VAXART INC,Biota Pharmaceuticals Inc,biota pharmaceuticals,ticker_map_name
0000072741,EVERSOURCE ENERGY,Northeast Utilities,northeast utilities,ticker_map_name
0000074046,OIL DRI CORP AMERICA,Oil Dri Corp Of America,oil dri corp of america,ticker_map_name
0000074260,OLD REPUBLIC INTL CORP,Old Republic International Corp,old republic international,ticker_map_name
0000075252,ACCENDRA HEALTH INC,Owens & Minor Inc,owens minor,ticker_map_name
0000076334,PARKER-HANNIFIN CORP,Parker Hannifin Corp,parker hannifin,ticker_map_name
0000080172,NATIONAL PRESTO INDS INC,National Presto Industries Inc,national presto industries,ticker_map_name
0000080661,PROGRESSIVE CORP-OHIO,Progressive Corp,progressive,ticker_map_name
0000081033,PUBLIC SERVICE ELEC & GAS CO,Public Service Electric & Gas Co,public service electric gas,ticker_map_name
0000082473,INNSUITES HOSPITALITY TR,Innsuites Hospitality Trust,innsuites hospitality trust,ticker_map_name
0000082811,REGAL REXNORD CORP,Regal Beloit Corp,regal beloit,ticker_map_name
0000086312,TRAVELERS COS INC,Travelers Companies Inc,travelers companies,ticker_map_name
0000087347,SLB LTD,Schlumberger LTD,schlumberger,ticker_map_name
0000088205,SPX TECHNOLOGIES INC,SPX Corp,spx,ticker_map_name
0000089089,SERVICE CORP INTERNATIONAL,Service Corporation International,service corporation international,ticker_map_name
0000089800,SHERWIN-WILLIAMS CO,Sherwin Williams Co,sherwin williams,ticker_map_name
0000090896,CHAMPION HOMES INC,Skyline Corp,skyline,ticker_map_name
0000091142,SMITH (A.O.),Smith A O Corp,smith a o,ticker_map_name
0000091419,SMUCKER (JM) CO,Smucker J M Co,smucker j m,ticker_map_name
0000091882,SOUTH CAROLINA ELEC & GAS CO,South Carolina Electric & Gas Co,south carolina electric gas,ticker_map_name
0000092230,TRUIST FINANCIAL CORP,BB&T Corp,bbt,ticker_map_name
0000095552,SUPERIOR INDUSTRIES INTL,Superior Industries International Inc,superior industries international,ticker_map_name
0000095574,SUPERIOR GROUP OF COS INC,Superior Uniform Group Inc,superior uniform,ticker_map_name
0000096223,JEFFERIES FINANCIAL GRP INC,Leucadia National Corp,leucadia national,ticker_map_name
0000100493,TYSON FOODS INC  -CL A,Tyson Foods Inc,tyson foods,ticker_map_name
0000100517,UNITED AIRLINES HOLDINGS INC,United Continental Holdings Inc,united continental,ticker_map_name
0000101538,U S ANTIMONY CORP,United States Antimony Corp,united states antimony,ticker_map_name
0000101829,RTX CORP,United Technologies Corp,united technologies,ticker_map_name
0000103379,VF CORP,V F Corp,v f,ticker_map_name
0000104169,WALMART INC,Wal Mart Stores Inc,wal mart stores,ticker_map_name
0000105132,WD-40 CO,WD 40 Co,wd 40,ticker_map_name
0000105319,WW INTERNATIONAL INC,Weight Watchers International Inc,weight watchers international,ticker_map_name
0000107140,WILEY (JOHN) & SONS  -CL A,Wiley John & Sons Inc,wiley john sons,ticker_map_name
0000107263,WILLIAMS COS INC,Williams Companies Inc,williams companies,ticker_map_name
0000108516,WORTHINGTON ENTERPRISES INC,Worthington Industries Inc,worthington industries,ticker_map_name
0000109198,TJX COS INC (THE),TJX Companies Inc,tjx companies,ticker_map_name
0000109380,ZIONS BANCORPORATION NA,Zions Bancorporation,zions bancorporation,ticker_map_name
0000109563,APPLIED INDUSTRIAL TECH INC,Applied Industrial Technologies Inc,applied industrial technologies,ticker_map_name
0000202058,L3HARRIS TECHNOLOGIES INC,Harris Corp,harris,ticker_map_name
0000216085,HAVERTY FURNITURE,Haverty Furniture Companies Inc,haverty furniture companies,ticker_map_name
0000230557,SELECTIVE INS GROUP INC,Selective Insurance Group Inc,selective insurance,ticker_map_name
0000278165,OMNIQ CORP,Amerigo Energy Inc,amerigo energy,ticker_map_name
0000310522,FEDERAL NATIONAL MORTGA ASSN,Federal National Mortgage Association Fannie Mae,federal national mortgage association fannie mae,ticker_map_name
0000314203,MCEWEN INC,Mcewen Mining Inc,mcewen mining,ticker_map_name
0000314808,VALARIS LIMITED,Ensco PLC,ensco,ticker_map_name
0000315213,ROBERT HALF INC,Half Robert International Inc,half robert international,ticker_map_name
0000315709,INTL BANCSHARES CORP,International Bancshares Corp,international bancshares,ticker_map_name
0000315958,CREDITRISKMONITOR.COM INC,Creditriskmonitor Com Inc,creditriskmonitor com,ticker_map_name
0000317788,DIGITAL TURBINE INC,Mandalay Digital Group Inc,mandalay digital,ticker_map_name
0000318299,SPARTA COMMERCIAL SERVIC INC,Sparta Commercial Services Inc,sparta commercial services,ticker_map_name
0000319201,KLA CORP,Kla Tencor Corp,kla tencor,ticker_map_name
0000320121,TELOS CORP/MD,Telos Corp,telos,ticker_map_name
0000320187,NIKE INC  -CL B,Nike Inc,nike,ticker_map_name
0000320335,GLOBE LIFE INC,Torchmark Corp,torchmark,ticker_map_name
0000351817,SILVERBOW RESOURCES INC,Swift Energy Co,swift energy,ticker_map_name
0000351998,DATA I/O CORP,Data I,data i,ticker_map_name
0000354190,ARTHUR J GALLAGHER & CO,Gallagher Arthur J & Co,gallagher arthur j,ticker_map_name
0000354707,HAWAIIAN ELECTRIC INDS,Hawaiian Electric Industries Inc,hawaiian electric industries,ticker_map_name
0000354963,SHENANDOAH TELECOMMUN CO,Shenandoah Telecommunications Co,shenandoah telecommunications,ticker_map_name
0000356590,GLOBAL TECH INDS GROUP INC,Tree Top Industries Inc,tree top industries,ticker_map_name
0000357173,OLD SECOND BANCORP INC/IL,Old Second Bancorp Inc,old second bancorp,ticker_map_name
0000357294,HOVNANIAN ENTRPRS INC  -CL A,Hovnanian Enterprises Inc,hovnanian enterprises,ticker_map_name
0000357301,TRUSTCO BANK CORP/NY,Trustco Bank Corp N Y,trustco bank corp n y,ticker_map_name
0000700764,VICTORY OILFIELD TECH INC,Victory Energy Corp,victory energy,ticker_map_name
0000701347,CENTRAL PACIFIC FINANCIAL CP,Central Pacific Financial Corp,central pacific financial,ticker_map_name
0000701374,SIX FLAGS ENTERTAINMENT -OLD,Six Flags Entertainment Corp,six flags entertainment,ticker_map_name
0000701719,ENVELA CORP,Dgse Companies Inc,dgse companies,ticker_map_name
0000701985,BATH & BODY WORKS INC,L Brands Inc,l brands,ticker_map_name
0000703351,BRINKER INTL INC,Brinker International Inc,brinker international,ticker_map_name
0000703604,DISTRIBUTION SOLUTIO GRO INC,Lawson Products Inc,lawson products,ticker_map_name
0000704532,ONTO INNOVATION INC,Nanometrics Inc,nanometrics,ticker_map_name
0000704562,AVID BIOSERVICES INC,Peregrine Pharmaceuticals Inc,peregrine pharmaceuticals,ticker_map_name
0000708955,FIRST FINL BANCORP INC/OH,First Financial Bancorp,first financial bancorp,ticker_map_name
0000709337,FARMERS NATL BANC CORP/OH,Farmers National Banc Corp,farmers national banc,ticker_map_name
0000711404,COOPER COS INC (THE),Cooper Companies Inc,cooper companies,ticker_map_name
0000712537,FIRST COMMONWLTH FINL CP/PA,First Commonwealth Financial Corp,first commonwealth financial,ticker_map_name
0000712771,CONNECTONE BANCORP INC,Center Bancorp Inc,center bancorp,ticker_map_name
0000713425,LOGILITY SPPLY CHAIN SOL INC,American Software Inc,american software,ticker_map_name
0000713676,PNC FINANCIAL SVCS GROUP INC,PNC Financial Services Group Inc,pnc financial services,ticker_map_name
0000714256,SANARA MEDTECH INC,Wound Management Technologies Inc,wound management technologies,ticker_map_name
0000715446,ANIXA BIOSCIENCES INC,Copytele Inc,copytele,ticker_map_name
0000715957,DOMINION ENERGY INC,Dominion Resources Inc,dominion resources,ticker_map_name
0000717806,FIRST US BANCSHARES INC,United Security Bancshares Inc,united security bancshares,ticker_map_name
0000719274,GIGA-TRONICS INC,Giga Tronics Inc,giga tronics,ticker_map_name
0000719955,WILLIAMS-SONOMA INC,Williams Sonoma Inc,williams sonoma,ticker_map_name
0000723188,COMMUNITY FINANCIAL SYST INC,Community Bank System Inc,community bank system,ticker_map_name
0000726601,CAPITAL CITY BK GROUP INC,Capital City Bank Group Inc,capital city bank,ticker_map_name
0000729986,UNITED BANKSHARES INC/WV,United Bankshares Inc,united bankshares,ticker_map_name
0000730464,COVISTA INC,Devry Education Group Inc,devry education,ticker_map_name
0000730708,SEACOAST BANKING CORP/FL,Seacoast Banking Corp Of Florida,seacoast banking corp of florida,ticker_map_name
0000732026,TRIO-TECH INTERNATIONAL,Trio Tech International,trio tech international,ticker_map_name
0000733269,LIVERAMP HOLDINGS INC,Acxiom Corp,acxiom,ticker_map_name
0000736772,CNB FINANCIAL CORP/PA,CNB Financial Corp,cnb financial,ticker_map_name
0000737468,WASHINGTON TR BANCORP INC,Washington Trust Bancorp Inc,washington trust bancorp,ticker_map_name
0000743367,BAR HARBOR BANKSHARES,Harbor Bankshares Bar,harbor bankshares bar,ticker_map_name
0000743758,AIADVERTISING INC,Warp 9 Inc,warp 9,ticker_map_name
0000744452,BNB PLUS CORP,Applied Dna Sciences Inc,applied dna sciences,ticker_map_name
0000746514,NEW ENGLAND REALTY ASSC  -LP,New England Realty Associates Limited Partnership,new england realty associates limited partnership,ticker_map_name
0000746515,EXPEDITORS INTL WASH INC,Expeditors International Of Washington Inc,expeditors international of washington,ticker_map_name
0000748268,RED CAT HOLDINGS INC,Broadleaf Capital Partners Inc,broadleaf capital partners,ticker_map_name
0000749647,IMUNON INC,Celsion Corp,celsion,ticker_map_name
0000750004,LIGHT & WONDER INC,Scientific Games Corp,scientific games,ticker_map_name
0000750574,AUBURN NATIONAL BANCORP,Auburn National Bancorporation Inc,auburn national bancorporation,ticker_map_name
0000750577,HANCOCK WHITNEY CORP,Hancock Holding Co,hancock,ticker_map_name
0000751364,NNN REIT INC,National Retail Properties Inc,national retail properties,ticker_map_name
0000764038,SOUTH STATE BANK CORP,First Financial Holdings Inc,first financial,ticker_map_name
0000764065,CLEVELAND-CLIFFS INC,Cliffs Natural Resources Inc,cliffs natural resources,ticker_map_name
0000765207,FIRST BANCORP INC/ME,First Bancorp Inc,first bancorp,ticker_map_name
0000765880,HEALTHPEAK PROPERTIES INC,HCP Inc,hcp,ticker_map_name
0000766704,WELLTOWER INC,Health Care REIT Inc,health care reit,ticker_map_name
0000766829,H2O AMERICA,SJW Corp,sjw,ticker_map_name
0000773717,AMERICAN CLEAN RES GRP INC,Standard Metals Processing Inc,standard metals processing,ticker_map_name
0000776867,WHITE MTNS INS GROUP LTD,White Mountains Insurance Group LTD,white mountains insurance,ticker_map_name
0000776901,INDEPENDENT BANK CORP/MA,Independent Bank Corp,independent bank,ticker_map_name
0000783325,WEC ENERGY GROUP INC,Wisconsin Energy Corp,wisconsin energy,ticker_map_name
0000784199,ARTIVION INC,Cryolife Inc,cryolife,ticker_map_name
0000788784,PUBLIC SERVICE ENTRP GRP INC,Public Service Enterprise Group Inc,public service enterprise,ticker_map_name
0000789460,WORLD KINECT CORP,World Fuel Services Corp,world fuel services,ticker_map_name
0000789933,NACCO INDUSTRIES  -CL A,Nacco Industries Inc,nacco industries,ticker_map_name
0000790051,CARLISLE COS INC,Carlisle Companies Inc,carlisle companies,ticker_map_name
0000790359,N B T BANCORP INC,NBT Bancorp Inc,nbt bancorp,ticker_map_name
0000792966,FARMERS & MERCHANTS BCP/OH,Farmers & Merchants Bancorp Inc,farmers merchants bancorp,ticker_map_name
0000793952,HARLEY-DAVIDSON INC,Harley Davidson Inc,harley davidson,ticker_map_name
0000796343,ADOBE INC,Adobe Systems Inc,adobe systems,ticker_map_name
0000796534,NATIONAL BANKSHARES INC VA,National Bankshares Inc,national bankshares,ticker_map_name
0000797465,HG HOLDINGS INC,Stanley Furniture Co Inc,stanley furniture,ticker_map_name
0000797542,VIEWBIX INC,Zaxis International Inc,zaxis international,ticker_map_name
0000798287,PAMT CORP,Pam Transportation Services Inc,pam transportation services,ticker_map_name
0000798941,FIRST CITIZENS BANCSH  -CL A,First Citizens Bancshares Inc,first citizens bancshares,ticker_map_name
0000799292,M/I HOMES INC,M I Homes Inc,m i homes,ticker_map_name
0000800240,ODP CORP,Office Depot Inc,office depot,ticker_map_name
0000802257,MITESCO INC,Trunity Holdings Inc,trunity,ticker_map_name
0000803578,FIREFLY NEUROSCIENCE INC,Information Analysis Inc,information analysis,ticker_map_name
0000803649,EQUITY COMMONWEALTH,Commonwealth REIT,commonwealth reit,ticker_map_name
0000804269,GENERAL MOTORS FINL CO INC,General Motors Financial Company Inc,general motors financial,ticker_map_name
0000811222,CARDIFF LEXINGTON CORP,Cardiff International Inc,cardiff international,ticker_map_name
0000812074,O-I GLASS INC,Owens Illinois Inc,owens illinois,ticker_map_name
0000814453,NEWELL BRANDS INC,Newell Rubbermaid Inc,newell rubbermaid,ticker_map_name
0000815097,CARNIVAL CORPORATION & PLC,Carnival Corp,carnival,ticker_map_name
0000818479,DENTSPLY SIRONA INC,Dentsply International Inc,dentsply international,ticker_map_name
0000819793,ALBANY INTL CORP  -CL A,Albany International Corp,albany international,ticker_map_name
0000820318,COHERENT CORP,Ii-vi Inc,iivi,ticker_map_name
0000821002,G-III APPAREL GROUP LTD,G III Apparel Group LTD,g iii apparel,ticker_map_name
0000821130,ARRAY DIG INFRASTRUCTURE INC,United States Cellular Corp,united states cellular,ticker_map_name
0000822370,EMMAUS LIFE SCIENCES INC,CNS Response Inc,cns response,ticker_map_name
0000822663,INTERPARFUMS INC,Inter Parfums Inc,inter parfums,ticker_map_name
0000826154,ORRSTOWN FINANCIAL SVCS INC,Orrstown Financial Services Inc,orrstown financial services,ticker_map_name
0000827187,SLEEP NUMBER CORP,Select Comfort Corp,select comfort,ticker_map_name
0000831259,FREEPORT-MCMORAN INC,Freeport Mcmoran Copper & Gold Inc,freeport mcmoran copper gold,ticker_map_name
0000833444,JOHNSON CONTROLS INTL PLC,Tyco International LTD,tyco international,ticker_map_name
0000835662,AIXIN LIFE INTERNATIONAL INC,Mercari Communications Group LTD,mercari communications,ticker_map_name
0000837852,IDEANOMICS INC,You On Demand Holdings Inc,you on demand,ticker_map_name
0000843006,ACCESS NEWSWIRE INC,Issuer Direct Corp,issuer direct,ticker_map_name
0000844965,TETRA TECHNOLOGIES INC/DE,Tetra Technologies Inc,tetra technologies,ticker_map_name
0000845877,FEDERAL AGRICULTURE MTG CP,Federal Agricultural Mortgage Corp,federal agricultural mortgage,ticker_map_name
0000849399,GEN DIGITAL INC,Symantec Corp,symantec,ticker_map_name
0000856984,AMER BIOGENETIC SCI  -CL A,American Biogenetic Sciences Inc,american biogenetic sciences,ticker_map_name
0000858470,COTERRA ENERGY INC,Cabot Oil & Gas Corp,cabot oil gas,ticker_map_name
0000860546,COPT DEFENSE PROPERTIES,Corporate Office Properties Trust,corporate office properties trust,ticker_map_name
0000860730,HCA HEALTHCARE INC,Hca Holdings Inc,hca,ticker_map_name
0000860748,KEMPER CORP/DE,Kemper Corp,kemper,ticker_map_name
0000861884,RELIANCE INC,Reliance Steel & Aluminum Co,reliance steel aluminum,ticker_map_name
0000862861,ALT5 SIGMA CORP,Appliance Recycling Centers Of America Inc,appliance recycling centers of america,ticker_map_name
0000864749,TRIMBLE INC,Trimble Navigation LTD,trimble navigation,ticker_map_name
0000866374,FLEX LTD,Flextronics International LTD,flextronics international,ticker_map_name
0000866439,DARKPULSE INC,Klever Marketing Inc,klever marketing,ticker_map_name
0000868857,AECOM,Aecom Technology Corp,aecom technology,ticker_map_name
0000873860,ONITY GROUP INC,Ocwen Financial Corp,ocwen financial,ticker_map_name
0000874015,IONIS PHARMACEUTICALS INC,Isis Pharmaceuticals Inc,isis pharmaceuticals,ticker_map_name
0000874238,STERLING INFRASTRUCTURE INC,Sterling Construction Co Inc,sterling construction,ticker_map_name
0000874501,OCTAVE SPECIALTY GROUP INC,Ambac Financial Group Inc,ambac financial,ticker_map_name
0000874716,IDEXX LABS INC,Idexx Laboratories Inc,idexx laboratories,ticker_map_name
0000874761,AES CORP (THE),Aes Corp,aes,ticker_map_name
0000874766,HARTFORD INSURANCE GROUP INC,Hartford Financial Services Group Inc,hartford financial services,ticker_map_name
0000875045,BIOGEN INC,Biogen Idec Inc,biogen idec,ticker_map_name
0000875582,NORTHERN TECH INTL,Northern Technologies International Corp,northern technologies international,ticker_map_name
0000876343,LINEAGE CELL THERAPEUTICS IN,Biotime Inc,biotime,ticker_map_name
0000876378,ASENSUS SURGICAL INC,Transenterix Inc,transenterix,ticker_map_name
0000876427,MONRO INC,Monro Muffler Brake Inc,monro muffler brake,ticker_map_name
0000876437,MGIC INVESTMENT CORP/WI,Mgic Investment Corp,mgic investment,ticker_map_name
0000876523,EZCORP INC  -CL A,Ezcorp Inc,ezcorp,ticker_map_name
0000876883,STAGWELL INC,MDC Partners Inc,mdc partners,ticker_map_name
0000877212,ZEBRA TECHNOLOGIES CP  -CL A,Zebra Technologies Corp,zebra technologies,ticker_map_name
0000877422,SPARTANNASH CO,Spartan Stores Inc,spartan stores,ticker_map_name
0000878927,OLD DOMINION FREIGHT,Old Dominion Freight Line Inc,old dominion freight line,ticker_map_name
0000879407,ARROWHEAD PHARMACEUTICAL INC,Arrowhead Research Corp,arrowhead research,ticker_map_name
0000879585,ATN INTERNATIONAL INC,Atlantic Tele Network Inc,atlantic tele network,ticker_map_name
0000880117,SANFILIPPO JOHN B&SON,Sanfilippo John B & Son Inc,sanfilippo john b son,ticker_map_name
0000880631,WISDOMTREE INC,Wisdomtree Investments Inc,wisdomtree investments,ticker_map_name
0000880807,AMERICAN SUPERCONDUCTOR CP,American Superconductor Corp,american superconductor,ticker_map_name
0000882184,D R HORTON INC,Horton D R Inc,horton d r,ticker_map_name
0000882835,ROPER TECHNOLOGIES INC,Roper Industries Inc,roper industries,ticker_map_name
0000883902,CORNERSTNE BULDNG BRNDS INC,Nci Building Systems Inc,nci building systems,ticker_map_name
0000883948,ATLANTIC UNION BANKSHRS CRP,Union First Market Bankshares Corp,union first market bankshares,ticker_map_name
0000883975,MICROBOT MEDICAL INC,Stemcells Inc,stemcells,ticker_map_name
0000884624,ORTHOFIX MEDICAL INC,Orthofix International N V,orthofix international n v,ticker_map_name
0000884887,ROYAL CARIBBEAN GROUP,Royal Caribbean Cruises LTD,royal caribbean cruises,ticker_map_name
0000885590,BAUSCH HEALTH COMPANIES INC,Valeant Pharmaceuticals International Inc,valeant pharmaceuticals international,ticker_map_name
0000886163,LIGAND PHARMACEUTICAL INC,Ligand Pharmaceuticals Inc,ligand pharmaceuticals,ticker_map_name
0000887359,VERICEL CORP,Aastrom Biosciences Inc,aastrom biosciences,ticker_map_name
0000888491,OMEGA HEALTHCARE INVS INC,Omega Healthcare Investors Inc,omega healthcare investors,ticker_map_name
0000889609,CONSUMER PORTFOLIO SVCS INC,Consumer Portfolio Services Inc,consumer portfolio services,ticker_map_name
0000889900,PATTERSON-UTI ENERGY INC,Patterson Uti Energy Inc,patterson uti energy,ticker_map_name
0000890394,PERASO INC,Mosys Inc,mosys,ticker_map_name
0000890564,ASGN INC,On Assignment Inc,on assignment,ticker_map_name
0000890821,ENVERIC BIOSCIENCES INC,Spatializer Audio Laboratories Inc,spatializer audio laboratories,ticker_map_name
0000891024,PATTERSON COS INC,Patterson Companies Inc,patterson companies,ticker_map_name
0000891103,MATCH GROUP INC,Iac,iac,ticker_map_name
0000891166,UNIVERSAL INSURANCE HLDGS,Universal Insurance Holdings Inc,universal insurance,ticker_map_name
0000891532,PERMA-FIX ENVIRONMENTAL SVCS,Perma Fix Environmental Services Inc,perma fix environmental services,ticker_map_name
0000893949,PEDIATRIX MEDICAL GROUP INC,Mednax Inc,mednax,ticker_map_name
0000894405,ARCBEST CORP,Arkansas Best Corp,arkansas best,ticker_map_name
0000894556,CITROTECH INC,General Environmental Management Inc,general environmental management,ticker_map_name
0000894871,ARENA GROUP HLDNGS INC (THE),Integrated Surgical Systems Inc,integrated surgical systems,ticker_map_name
0000895417,EQUITY LIFESTYLE PPTYS INC,Equity Lifestyle Properties Inc,equity lifestyle properties,ticker_map_name
0000895419,WOLFSPEED INC,Cree Inc,cree,ticker_map_name
0000896159,CHUBB LTD,Ace LTD,ace,ticker_map_name
0000896429,CANTALOUPE INC,USA Technologies Inc,usa technologies,ticker_map_name
0000896493,HYPERSCALE DATA INC,Digital Power Corp,digital power,ticker_map_name
0000897078,RESONATE BLENDS INC,Firstwave Technologies Inc,firstwave technologies,ticker_map_name
0000897448,AMARIN CORPORATION PLC,Amarin Corp PLC,amarin corp,ticker_map_name
0000898174,REINSURANCE GROUP AMER INC,Reinsurance Group Of America Inc,reinsurance group of america,ticker_map_name
0000898293,JABIL INC,Jabil Circuit Inc,jabil circuit,ticker_map_name
0000899394,HARBOR DIVERSIFIED INC,Harbor Biosciences Inc,harbor biosciences,ticker_map_name
0000899715,TANGER INC,Tanger Factory Outlet Centers Inc,tanger factory outlet centers,ticker_map_name
0000902791,BARRETT BUSINESS SVCS INC,Barrett Business Services Inc,barrett business services,ticker_map_name
0000907471,PATHWARD FINANCIAL INC,Meta Financial Group Inc,meta financial,ticker_map_name
0000907654,ORUKA THERAPEUTICS INC,Arca Biopharma Inc,arca biopharma,ticker_map_name
0000908259,ONCOTELIC THERAPEUTICS INC,Oxigene Inc,oxigene,ticker_map_name
0000909108,DIAMOND HILL INVESTMENT GRP,Diamond Hill Investment Group Inc,diamond hill investment,ticker_map_name
0000911177,CASELLA WASTE SYS INC  -CL A,Casella Waste Systems Inc,casella waste systems,ticker_map_name
0000912093,VIAVI SOLUTIONS INC,JDS Uniphase Corp,jds uniphase,ticker_map_name
0000912595,MID-AMERICA APT CMNTYS INC,Mid America Apartment Communities Inc,mid america apartment communities,ticker_map_name
0000913241,MADDEN STEVEN LTD,Steven Madden LTD,steven madden,ticker_map_name
0000913277,CLARUS CORP,Black Diamond Inc,black diamond,ticker_map_name
0000913341,C&F FINANCIAL CORP,C & F Financial Corp,c f financial,ticker_map_name
0000916540,DARLING INGREDIENTS INC,Darling International Inc,darling international,ticker_map_name
0000917225,SOLITARIO RESOURCES CORP,Solitario Exploration & Royalty Corp,solitario exploration royalty,ticker_map_name
0000917520,INTEGRA LIFESCIENCES HOLDNGS,Integra Lifesciences Holdings Corp,integra lifesciences,ticker_map_name
0000918251,MOTORCAR PARTS OF AMER INC,Motorcar Parts America Inc,motorcar parts america,ticker_map_name
0000919012,AMERN EAGLE OUTFITTERS INC,American Eagle Outfitters Inc,american eagle outfitters,ticker_map_name
0000919864,FINWARD BANCORP,Northwest Indiana Bancorp,northwest indiana bancorp,ticker_map_name
0000920148,LABCORP HOLDINGS INC,Laboratory Corp Of America Holdings,laboratory corp of america,ticker_map_name
0000921114,ARMATA PHARMACEUTICALS INC,Ampliphi Biosciences Corp,ampliphi biosciences,ticker_map_name
0000921557,REPUBLIC BANCORP INC/KY,Republic Bancorp Inc,republic bancorp,ticker_map_name
0000921825,FIRST INDL REALTY TRUST INC,First Industrial Realty Trust Inc,first industrial realty trust,ticker_map_name
0000922864,APARTMENT INVST & MGMT CO,Apartment Investment & Management Co,apartment investment management,ticker_map_name
0000923120,GREENBRIER COS INC (THE),Greenbrier Companies Inc,greenbrier companies,ticker_map_name
0000924383,GENASYS INC,Lrad Corp,lrad,ticker_map_name
0000924805,FREEDOM HOLDING CORP,BMB Munai Inc,bmb munai,ticker_map_name
0000924822,MILLER INDUSTRIES INC/TN,Miller Industries Inc,miller industries,ticker_map_name
0000926423,MIND TECHNOLOGY INC,Mitcham Industries Inc,mitcham industries,ticker_map_name
0000926617,ASPIRA WOMENS HEALTH INC,Vermillion Inc,vermillion,ticker_map_name
0000927003,ADVANCED ENERGY INDS INC,Advanced Energy Industries Inc,advanced energy industries,ticker_map_name
0000927066,DAVITA INC,Davita Healthcare Partners Inc,davita healthcare partners,ticker_map_name
0000928658,COVENANT LOGISTICS GROUP INC,Covenant Transportation Group Inc,covenant transportation,ticker_map_name
0000929008,WESCO INTL INC,Wesco International Inc,wesco international,ticker_map_name
0000929351,STARZ ENTERTAINMENT CORP,Lions Gate Entertainment Corp,lions gate entertainment,ticker_map_name
0000931015,POLARIS INC,Polaris Industries Inc,polaris industries,ticker_map_name
0000932021,GLOBAL TECHNOLOGIES LTD,Interactive Flight Technologies Inc,interactive flight technologies,ticker_map_name
0000932781,FIRST COMMUNITY CORP/SC,First Community Corp,first community,ticker_map_name
0000933036,UPBOUND GROUP INC,Rent A Center Inc De,rent a center inc de,ticker_map_name
0000933136,MR COOPER GROUP INC,Wmi Holdings Corp,wmi,ticker_map_name
0000933972,374WATER INC,Powerverde Inc,powerverde,ticker_map_name
0000933974,AZENTA INC,Brooks Automation Inc,brooks automation,ticker_map_name
0000936528,WAFD INC,Washington Federal Inc,washington federal,ticker_map_name
0000940942,HUB GROUP INC  -CL A,Hub Group Inc,hub,ticker_map_name
0000943452,WABTEC CORP,Westinghouse Air Brake Technologies Corp,westinghouse air brake technologies,ticker_map_name
0000945114,GLOBAL INDUSTRIAL CO,Systemax Inc,systemax,ticker_map_name
0000945394,SERVICE PROPERTIES TRUST,Hospitality Properties Trust,hospitality properties trust,ticker_map_name
0000945983,CLIMB GLOBAL SOLUTIONS INC,Wayside Technology Group Inc,wayside technology,ticker_map_name
0000946486,WINDTREE THERAPEUTICS INC,Discovery Laboratories Inc,discovery laboratories,ticker_map_name
0000946581,TAKE-TWO INTERACTIVE SFTWR,Take Two Interactive Software Inc,take two interactive software,ticker_map_name
0000947559,FIRST BANCSHARES INC/MS,First Bancshares Inc,first bancshares,ticker_map_name
0000949039,DIAMOND OFFSHRE DRILLING INC,Diamond Offshore Drilling Inc,diamond offshore drilling,ticker_map_name
0000949858,ACHIEVE LIFE SCIENCES INC,Oncogenex Pharmaceuticals Inc,oncogenex pharmaceuticals,ticker_map_name
0000949870,BOSTON BEER INC  -CL A,Boston Beer Co Inc,boston beer,ticker_map_name
0001000045,OLD MARKET CAPITAL CORP,Nicholas Financial Inc,nicholas financial,ticker_map_name
0001000623,MATIV HOLDINGS INC,Schweitzer Mauduit International Inc,schweitzer mauduit international,ticker_map_name
0001001233,SANGAMO THERAPEUTICS INC,Sangamo Biosciences Inc,sangamo biosciences,ticker_map_name
0001003078,MSC INDUSTRIAL DIRECT  -CL A,MSC Industrial Direct Co Inc,msc industrial direct,ticker_map_name
0001004155,SOUTHERN CO GAS,Agl Resources Inc,agl resources,ticker_map_name
0001004434,AFFILIATED MANAGERS GRP INC,Affiliated Managers Group Inc,affiliated managers,ticker_map_name
0001005210,SUBURBAN PROPANE PRTNRS  -LP,Suburban Propane Partners LP,suburban propane partners lp,ticker_map_name
0001005757,CSG SYSTEMS INTL INC,CSG Systems International Inc,csg systems international,ticker_map_name
0001011060,NORDICUS PARTNERS CORP,Advansource Biomaterials Corp,advansource biomaterials,ticker_map_name
0001012477,AVADEL PHARMACEUTICALS PLC,Flamel Technologies SA,flamel technologies sa,ticker_map_name
0001013880,TTEC HOLDINGS INC,Teletech Holdings Inc,teletech,ticker_map_name
0001013934,STRATEGIC EDUCATION INC,Strayer Education Inc,strayer education,ticker_map_name
0001014739,OPTION CARE HEALTH INC,Bioscrip Inc,bioscrip,ticker_map_name
0001014763,AINOS INC,Amarillo Biosciences Inc,amarillo biosciences,ticker_map_name
0001015383,OUTDOOR HOLDING CO,Retrospettiva Inc,retrospettiva,ticker_map_name
0001017480,HIBBETT INC,Hibbett Sports Inc,hibbett sports,ticker_map_name
0001018399,ENTERPRISE BANCORP INC/MA,Enterprise Bancorp Inc,enterprise bancorp,ticker_map_name
0001018724,AMAZON.COM INC,Amazon Com Inc,amazon com,ticker_map_name
0001018840,ABERCROMBIE & FITCH  -CL A,Abercrombie & Fitch Co,abercrombie fitch,ticker_map_name
0001019034,BIO-KEY INTERNATIONAL INC,Bio Key International Inc,bio key international,ticker_map_name
0001021561,NU SKIN ENTERPRISES  -CL A,Nu Skin Enterprises Inc,nu skin enterprises,ticker_map_name
0001021860,NOV INC,National Oilwell Varco Inc,national oilwell varco,ticker_map_name
0001022505,SIDECHANNEL INC,National Scientific Corp,national scientific,ticker_map_name
0001022652,INSEEGO CORP,Novatel Wireless Inc,novatel wireless,ticker_map_name
0001023994,OLENOX INDUSTRIES INC,SG Blocks Inc,sg blocks,ticker_map_name
0001024795,HELIOS TECHNOLOGIES INC,Sun Hydraulics Corp,sun hydraulics,ticker_map_name
0001025835,ENTERPRISE FINL SERVICES CP,Enterprise Financial Services Corp,enterprise financial services,ticker_map_name
0001026214,FEDERAL HOME LOAN MORTG CORP,Federal Home Loan Mortgage Corp,federal home loan mortgage,ticker_map_name
0001035443,ALEXANDRIA R E EQUITIES INC,Alexandria Real Estate Equities Inc,alexandria real estate equities,ticker_map_name
0001035976,FNCB BANCORP INC,First National Community Bancorp Inc,first national community bancorp,ticker_map_name
0001036044,IDENTIV INC,Identive Group Inc,identive,ticker_map_name
0001037540,BXP INC,Boston Properties Inc,boston properties,ticker_map_name
0001037646,METTLER-TOLEDO INTL INC,Mettler Toledo International Inc,mettler toledo international,ticker_map_name
0001037676,ARCH RESOURCES INC,Arch Coal Inc,arch coal,ticker_map_name
0001038773,SMARTFINANCIAL INC,Cornerstone Bancshares Inc,cornerstone bancshares,ticker_map_name
0001039466,NOVACCESS GLOBAL INC,Xsunx Inc,xsunx,ticker_map_name
0001039828,AMERICAN NATIONAL GROUP INC,American Equity Investment Life Holding Co,american equity investment life,ticker_map_name
0001040829,RYMAN HOSPITALITY PPTYS INC,Ryman Hospitality Properties Inc,ryman hospitality properties,ticker_map_name
0001040896,INTELLICHECK INC,Intellicheck Mobilisa Inc,intellicheck mobilisa,ticker_map_name
0001041514,LESAKA TECHNOLOGIES INC,Net 1 Ueps Technologies Inc,net 1 ueps technologies,ticker_map_name
0001041657,URBAN ONE INC,Radio One Inc,radio one,ticker_map_name
0001042187,YUNHONG GREEN CTI LTD,Cti Industries Corp,cti industries,ticker_map_name
0001042418,INHIBITOR THERAPEUTICS INC,Hedgepath Pharmaceuticals Inc,hedgepath pharmaceuticals,ticker_map_name
0001043000,SONIDA SENIOR LIVING INC,Capital Senior Living Corp,capital senior living,ticker_map_name
0001043509,SONIC AUTOMOTIVE INC  -CL A,Sonic Automotive Inc,sonic automotive,ticker_map_name
0001043961,PRECIPIO INC,Transgenomic Inc,transgenomic,ticker_map_name
0001044777,ONESPAN INC,Vasco Data Security International Inc,vasco data security international,ticker_map_name
0001046311,CHOICE HOTELS INTL INC,Choice Hotels International Inc,choice hotels international,ticker_map_name
0001046568,PERDOCEO EDUCATION CORP,Career Education Corp,career education,ticker_map_name
0001048286,MARRIOTT INTL INC,Marriott International Inc,marriott international,ticker_map_name
0001048695,F5 INC,F5 Networks Inc,f5 networks,ticker_map_name
0001049502,MKS INC,MKS Instruments Inc,mks instruments,ticker_map_name
0001050441,EAGLE BANCORP INC/MD,Eagle Bancorp Inc,eagle bancorp,ticker_map_name
0001050446,STRATEGY INC,Microstrategy Inc,microstrategy,ticker_map_name
0001051343,COMMUNITY WEST BANCSHRS -OLD,Community West Bancshares,community west bancshares,ticker_map_name
0001051470,CROWN CASTLE INC,Crown Castle International Corp,crown castle international,ticker_map_name
0001053691,CERVOMED INC,Stratus Media Group Inc,stratus media,ticker_map_name
0001056285,BRAND HOUSE COLLECTIVE INC,Kirklands Inc,kirklands,ticker_map_name
0001056288,FEDERATED HERMES INC,Federated Investors Inc,federated investors,ticker_map_name
0001057706,FIRST BANCORP P R,First Bancorp,first bancorp,ticker_map_name
0001058290,COGNIZANT TECH SOLUTIONS,Cognizant Technology Solutions Corp,cognizant technology solutions,ticker_map_name
0001059142,GREYSTONE HSG IMPT INVTS LP,America First Multifamily Investors LP,america first multifamily investors lp,ticker_map_name
0001062231,DAUCH CORP,American Axle & Manufacturing Holdings Inc,american axle manufacturing,ticker_map_name
0001065059,CENTRUS ENERGY CORP,Usec Inc,usec,ticker_map_name
0001065078,NETWORK-1 TECHNOLOGIES INC,Network 1 Technologies Inc,network 1 technologies,ticker_map_name
0001066605,HEIDRICK & STRUGGLES INTL,Heidrick & Struggles International Inc,heidrick struggles international,ticker_map_name
0001066764,BIMERGEN ENERGY CORP,Spine Pain Management Inc,spine pain management,ticker_map_name
0001066923,FUTURE FINTECH GROUP INC,Skypeople Fruit Juice Inc,skypeople fruit juice,ticker_map_name
0001067294,CRACKER BARREL OLD CTRY STOR,Cracker Barrel Old Country Store Inc,cracker barrel old country store,ticker_map_name
0001069183,AXON ENTERPRISE INC,Taser International Inc,taser international,ticker_map_name
0001069258,KRATOS DEFENSE & SECURITY,Kratos Defense & Security Solutions Inc,kratos defense security solutions,ticker_map_name
0001069530,FILANA THERAPEUTICS INC,Pain Therapeutics Inc,pain therapeutics,ticker_map_name
0001070423,PLAINS ALL AMER PIPELNE  -LP,Plains All American Pipeline LP,plains all american pipeline lp,ticker_map_name
0001070985,CORECIVIC INC,Corrections Corp Of America,corrections corp of america,ticker_map_name
0001074828,USBC INC,Visualant Inc,visualant,ticker_map_name
0001075415,DIVERSIFIED HEALTHCARE TRUST,Senior Housing Properties Trust,senior housing properties trust,ticker_map_name
0001075531,BOOKING HOLDINGS INC,Priceline Com Inc,priceline com,ticker_map_name
0001076930,NOVANTA INC,Gsi Group Inc,gsi,ticker_map_name
0001078207,BOWFLEX INC,Nautilus Inc,nautilus,ticker_map_name
0001080014,INNOVIVA INC,Theravance Inc,theravance,ticker_map_name
0001081745,INTELLINETICS INC,Globalwise Investments Inc,globalwise investments,ticker_map_name
0001081938,CANNAPHARMARX INC,Golden Dragon Holding Co,golden dragon,ticker_map_name
0001082733,VISIUM TECHNOLOGIES INC,Nustate Energy Holdings Inc,nustate energy,ticker_map_name
0001083301,TERAWULF INC,Ikonics Corp,ikonics,ticker_map_name
0001083446,ASTRANA HEALTH INC,Apollo Medical Holdings Inc,apollo medical,ticker_map_name
0001084048,ZIFF DAVIS INC,J2 Global Inc,j2 global,ticker_map_name
0001084475,VIDEO RIVER NETWORKS INC,Nighthawk Systems Inc,nighthawk systems,ticker_map_name
0001084869,1-800-FLOWERS.COM,1 800 Flowers Com Inc,1 800 flowers com,ticker_map_name
0001086600,ALLIANCE RESOURCE PTNRS  -LP,Alliance Resource Partners LP,alliance resource partners lp,ticker_map_name
0001086745,STABLEX TECHNOLOGIES INC,WPCS International Inc,wpcs international,ticker_map_name
0001088034,USIO INC,Payment Data Systems Inc,payment data systems,ticker_map_name
0001089815,ELITE HEALTH SYSTEMS INC,US Neurosurgical Inc,us neurosurgical,ticker_map_name
0001089872,GAIA INC,Gaiam Inc,gaiam,ticker_map_name
0001090009,SOUTHERN FIRST BANKSHARES,Southern First Bancshares Inc,southern first bancshares,ticker_map_name
0001091748,ARGO GROUP INTL HOLDINGS LTD,Argo Group International Holdings LTD,argo group international,ticker_map_name
0001094831,BGC GROUP INC,BGC Partners Inc,bgc partners,ticker_map_name
0001095073,EVEREST GROUP LTD,Everest Re Group LTD,everest re,ticker_map_name
0001095981,PLUS THERAPEUTICS INC,Cytori Therapeutics Inc,cytori therapeutics,ticker_map_name
0001096275,WORKSPORT LTD,Franchise Holdings International Inc,franchise holdings international,ticker_map_name
0001100682,CHARLES RIVER LABS INTL INC,Charles River Laboratories International Inc,charles river laboratories international,ticker_map_name
0001101215,BREAD FINANCIAL HOLDINGS INC,Alliance Data Systems Corp,alliance data systems,ticker_map_name
0001101680,DZS INC,Zhone Technologies Inc,zhone technologies,ticker_map_name
0001103795,QS ENERGY INC,Save The World Air Inc,save the world air,ticker_map_name
0001104038,VERIFYME INC,Laserlock Technologies Inc,laserlock technologies,ticker_map_name
0001107280,OCULUS INC,Oculus Visiontech Inc,oculus visiontech,ticker_map_name
0001107421,ALAUNOS THERAPEUTICS INC,Ziopharm Oncology Inc,ziopharm oncology,ticker_map_name
0001108134,BEACON FINANCIAL CORP,Berkshire Hills Bancorp Inc,berkshire hills bancorp,ticker_map_name
0001108426,TXNM ENERGY INC,PNM Resources Inc,pnm resources,ticker_map_name
0001108524,SALESFORCE INC,Salesforce Com Inc,salesforce com,ticker_map_name
0001108645,CORRELATE ENERGY CORP,Frontier Oilfield Services Inc,frontier oilfield services,ticker_map_name
0001113809,BUILD-A-BEAR WORKSHOP INC,Build A Bear Workshop Inc,build a bear workshop,ticker_map_name
0001114483,INTEGER HOLDINGS CORP,Greatbatch Inc,greatbatch,ticker_map_name
0001114927,FIRST NORTHN CMNTY BANCORP,First Northern Community Bancorp,first northern community bancorp,ticker_map_name
0001115055,PINNACLE FINL PARTNERS INC,Pinnacle Financial Partners Inc,pinnacle financial partners,ticker_map_name
0001116132,TAPESTRY INC,Coach Inc,coach,ticker_map_name
0001117171,CBAK ENERGY TECHNOLOGY INC,China Bak Battery Inc,china bak battery,ticker_map_name
0001120193,NASDAQ INC,Nasdaq Omx Group Inc,nasdaq omx,ticker_map_name
0001120370,BROADWIND INC,Broadwind Energy Inc,broadwind energy,ticker_map_name
0001120970,COMSTOCK INC,Comstock Mining Inc,comstock mining,ticker_map_name
0001121484,OIL STATES INTL INC,Oil States International Inc,oil states international,ticker_map_name
0001121702,YIELD10 BIOSCIENCE INC,Metabolix Inc,metabolix,ticker_map_name
0001121795,GHST WORLD INC,Ghost Technology Inc,ghost technology,ticker_map_name
0001122976,AVIENT CORP,Polyone Corp,polyone,ticker_map_name
0001124105,GYRE THERAPEUTICS INC,Targacept Inc,targacept,ticker_map_name
0001125259,CARNIVAL CORP/PLC (GBR),Carnival PLC,carnival,ticker_map_name
0001126328,PRINCIPAL FINANCIAL GRP INC,Principal Financial Group Inc,principal financial,ticker_map_name
0001126956,SPIRE INC,Laclede Group Inc,laclede,ticker_map_name
0001127371,COMMUNITY WEST BANCSHARES,Central Valley Community Bancorp,central valley community bancorp,ticker_map_name
0001128361,HOPE BANCORP INC,BBCN Bancorp Inc,bbcn bancorp,ticker_map_name
0001130144,SIERRA BANCORP/CA,Sierra Bancorp,sierra bancorp,ticker_map_name
0001130713,BED BATH & BEYOND INC,Overstockcom Inc,overstockcom,ticker_map_name
0001134115,INTERNATIONAL TOWER HILL MIN,International Tower Hill Mines LTD,international tower hill mines,ticker_map_name
0001136174,ONTRAK INC,Catasys Inc,catasys,ticker_map_name
0001136869,ZIMMER BIOMET HOLDINGS INC,Zimmer Holdings Inc,zimmer,ticker_map_name
0001136893,FIDELITY NATIONAL INFO SVCS,Fidelity National Information Services Inc,fidelity national information services,ticker_map_name
0001138476,PACIFIC HEALTH CARE ORG INC,Pacific Health Care Organization Inc,pacific health care organization,ticker_map_name
0001140102,HIREQUEST INC,Command Center Inc,command center,ticker_map_name
0001140536,WILLIS TOWERS WATSON PLC,Willis Group Holdings PLC,willis,ticker_map_name
0001140859,CENCORA INC,Amerisourcebergen Corp,amerisourcebergen,ticker_map_name
0001141688,LANDMARK BANCORP INC/KS,Landmark Bancorp Inc,landmark bancorp,ticker_map_name
0001144215,ACUITY INC,Acuity Brands Inc,acuity brands,ticker_map_name
0001156039,ELEVANCE HEALTH INC,Wellpoint Inc,wellpoint,ticker_map_name
0001157408,STRIDE INC,K12 Inc,k12,ticker_map_name
0001157601,MADRIGAL PHARMACEUTICALS INC,Synta Pharmaceuticals Corp,synta pharmaceuticals,ticker_map_name
0001158324,COGENT COMMUNICATIONS HLDGS,Cogent Communications Group Inc,cogent communications,ticker_map_name
0001158780,PLURI INC,Pluristem Therapeutics Inc,pluristem therapeutics,ticker_map_name
0001160308,SAVARA INC,Mast Therapeutics Inc,mast therapeutics,ticker_map_name
0001162194,STANDARD BIOTOOLS INC,Fluidigm Corp,fluidigm,ticker_map_name
0001162896,PRAIRIE OPERATING CO,Wizard World Inc,wizard world,ticker_map_name
0001164727,NEWMONT CORP,Newmont Mining Corp,newmont mining,ticker_map_name
0001164863,ENPRO INC,Enpro Industries Inc,enpro industries,ticker_map_name
0001166003,XPO INC,Xpo Logistics Inc,xpo logistics,ticker_map_name
0001167419,RIOT PLATFORMS INC,Venaxis Inc,venaxis,ticker_map_name
0001169445,TRUBRIDGE INC,Computer Programs & Systems Inc,computer programs systems,ticker_map_name
0001173204,CINEVERSE CORP,Cinedigm Corp,cinedigm,ticker_map_name
0001173514,HYSTER YALE INC,Hyster-yale Materials Handling Inc,hysteryale materials handling,ticker_map_name
0001174891,CALETHOS INC,Realsource Residential Inc,realsource residential,ticker_map_name
0001175454,CORPAY INC,Fleetcor Technologies Inc,fleetcor technologies,ticker_map_name
0001177394,TD SYNNEX CORP,Synnex Corp,synnex,ticker_map_name
0001178970,PROVIDENT FINANCIAL SVCS INC,Provident Financial Services Inc,provident financial services,ticker_map_name
0001183765,MOLECULAR TEMPLATES INC,Threshold Pharmaceuticals Inc,threshold pharmaceuticals,ticker_map_name
0001185348,PRA GROUP INC,Portfolio Recovery Associates Inc,portfolio recovery associates,ticker_map_name
0001206264,SOMNIGROUP INTERNATIONAL INC,Tempur Sealy International Inc,tempur sealy international,ticker_map_name
0001210708,STAR EQUITY HOLDINGS INC,Hudson Global Inc,hudson global,ticker_map_name
0001211583,FENNEC PHARMACEUTICALS INC,Adherex Technologies Inc,adherex technologies,ticker_map_name
0001212545,WESTERN ALLIANCE BANCORP,Western Alliance Bancorporation,western alliance bancorporation,ticker_map_name
0001218683,MAWSON INFRA GROUP INC,Ophthalix Inc,ophthalix,ticker_map_name
0001227654,COMPASS MINERALS INTL INC,Compass Minerals International Inc,compass minerals international,ticker_map_name
0001228627,OPUS GENETICS INC,Rexahn Pharmaceuticals Inc,rexahn pharmaceuticals,ticker_map_name
0001253689,CRESCENT BIOPHARMA INC,Glycomimetics Inc,glycomimetics,ticker_map_name
0001259429,OXFORD SQUARE CAPITAL CORP,Ticc Capital Corp,ticc capital,ticker_map_name
0001262823,WESTLAKE CORP,Westlake Chemical Corp,westlake chemical,ticker_map_name
0001262976,CIMPRESS PLC,Vistaprint NV,vistaprint nv,ticker_map_name
0001270436,COHEN & COMPANY INC,Institutional Financial Markets Inc,institutional financial markets,ticker_map_name
0001276187,ENERGY TRANSFER LP,Energy Transfer Equity LP,energy transfer equity lp,ticker_map_name
0001280784,HERCULES CAPITAL INC,Hercules Technology Growth Capital Inc,hercules technology growth capital,ticker_map_name
0001282980,DROR ORTHO-DESIGN INC,Novint Technologies Inc,novint technologies,ticker_map_name
0001289945,SPOK HOLDINGS INC,USA Mobility Inc,usa mobility,ticker_map_name
0001290658,IIOT-OXYS INC,Creative Beauty Supply Of New Jersey Corp,creative beauty supply of new jersey,ticker_map_name
0001295947,PRESTIGE CONSUMER HEALTHCARE,Prestige Brands Holdings Inc,prestige brands,ticker_map_name
0001299130,PACIFIC BIOSCIENCES OF CALIF,Pacific Biosciences Of California Inc,pacific biosciences of california,ticker_map_name
0001299709,AXOS FINANCIAL INC,Bofi Holding Inc,bofi,ticker_map_name
0001308208,UNIVERSAL LOGISTICS HLDGS,Universal Truckload Services Inc,universal truckload services,ticker_map_name
0001314102,EYEPOINT INC,Psivida Corp,psivida,ticker_map_name
0001314196,OLB GROUP INC (THE),Olb Group Inc,olb,ticker_map_name
0001318568,EVERI HOLDINGS INC,Global Cash Access Holdings Inc,global cash access,ticker_map_name
0001318605,TESLA INC,Tesla Motors Inc,tesla motors,ticker_map_name
0001319947,DESIGNER BRANDS INC,DSW Inc,dsw,ticker_map_name
0001325670,PRIMIS FINANCIAL CORP,Southern National Bancorp Of Virginia Inc,southern national bancorp of virginia,ticker_map_name
0001326190,ALTIMMUNE INC,Pharmathene Inc,pharmathene,ticker_map_name
0001326205,IGC PHARMA INC,India Globalization Capital Inc,india globalization capital,ticker_map_name
0001326801,META PLATFORMS INC,Facebook Inc,facebook,ticker_map_name
0001331612,INNOVATIVE MEDTECH INC,Fresh Harvest Products Inc,fresh harvest products,ticker_map_name
0001334978,CLEAR CHANNEL OUTDOOR HLDGS,Clear Channel Outdoor Holdings Inc,clear channel outdoor,ticker_map_name
0001335112,LOGIQ INC,Sitoa Global Inc,sitoa global,ticker_map_name
0001336047,BOARDWALK PIPELINE PRTNRS-LP,Boardwalk Pipeline Partners LP,boardwalk pipeline partners lp,ticker_map_name
0001338749,POTLATCHDELTIC CORP,Potlatch Corp,potlatch,ticker_map_name
0001342958,KUSTOM ENTERTAINMENT INC,Digital Ally Inc,digital ally,ticker_map_name
0001343009,CNBX PHARMACEUTICALS INC,American Mining Corp,american mining,ticker_map_name
0001346830,TVARDI THERAPEUTICS INC,Cara Therapeutics Inc,cara therapeutics,ticker_map_name
0001348362,LEXARIA BIOSCIENCE CORP,Lexaria Corp,lexaria,ticker_map_name
0001355096,QVC GROUP INC,Liberty Interactive Corp,liberty interactive,ticker_map_name
0001355839,INTELLIGENT PROCTN MGMT CORP,Snap Interactive Inc,snap interactive,ticker_map_name
0001355848,KARTOON STUDIOS INC,Genius Brands International Inc,genius brands international,ticker_map_name
0001356090,PRECIGEN INC,Intrexon Corp,intrexon,ticker_map_name
0001356093,CREATIVE REALITIES INC,Wireless Ronin Technologies Inc,wireless ronin technologies,ticker_map_name
0001357459,PALISADE BIO INC,Neuralstem Inc,neuralstem,ticker_map_name
0001360214,HARROW INC,Imprimis Pharmaceuticals Inc,imprimis pharmaceuticals,ticker_map_name
0001360901,EVERCORE INC,Evercore Partners Inc,evercore partners,ticker_map_name
0001361658,TRAVEL PLUS LEISURE CO,Wyndham Worldwide Corp,wyndham worldwide,ticker_map_name
0001363829,ENSTAR GROUP LIMITED,Enstar Group LTD,enstar,ticker_map_name
0001368365,REMARK HOLDINGS INC,Remark Media Inc,remark media,ticker_map_name
0001369568,CATALYST PHARMACEUTICALS INC,Catalyst Pharmaceutical Partners Inc,catalyst pharmaceutical partners,ticker_map_name
0001370755,BLACKROCK TCP CAPITAL,TCP Capital Corp,tcp capital,ticker_map_name
0001372020,GREAT LAKES DREDGE & DOCK CP,Great Lakes Dredge & Dock Corp,great lakes dredge dock,ticker_map_name
0001373670,GREEN BRICK PARTNERS INC,Biofuel Energy Corp,biofuel energy,ticker_map_name
0001374310,CBOE GLOBAL MARKETS INC,Cboe Holdings Inc,cboe,ticker_map_name
0001375205,UR ENERGY INC,Ur-energy Inc,urenergy,ticker_map_name
0001375793,METALERT INC,GTX Corp,gtx,ticker_map_name
0001376321,ZW DATA ACTION TECHNOLGY INC,Chinanet Online Holdings Inc,chinanet online,ticker_map_name
0001378950,CARPARTS COM INC,US Auto Parts Network Inc,us auto parts network,ticker_map_name
0001381871,BOWMO INC,US Highland Inc,us highland,ticker_map_name
0001383312,BROADRIDGE FINANCIAL SOLUTNS,Broadridge Financial Solutions Inc,broadridge financial solutions,ticker_map_name
0001386570,NIAGEN BIOSCIENCE INC,Chromadex Corp,chromadex,ticker_map_name
0001387467,ALPHA AND OMEGA SEMICONDUCTO,Alpha & Omega Semiconductor LTD,alpha omega semiconductor,ticker_map_name
0001389050,ARCHROCK INC,Exterran Holdings Inc,exterran,ticker_map_name
0001390478,SELLAS LIFE SCIENCES GROUP I,Galena Biopharma Inc,galena biopharma,ticker_map_name
0001392694,SURGEPAYS INC,North American Energy Resources Inc,north american energy resources,ticker_map_name
0001393612,DISCOVER FINANCIAL SVCS,Discover Financial Services,discover financial services,ticker_map_name
0001393726,TIPTREE INC,Tiptree Financial Inc,tiptree financial,ticker_map_name
0001393818,BLACKSTONE INC,Blackstone Group LP,blackstone group lp,ticker_map_name
0001393883,DHI GROUP INC,Dice Holdings Inc,dice,ticker_map_name
0001394108,SUIC WORLDWIDE HOLDINGS LTD,American Jianye Greentech Holdings LTD,american jianye greentech,ticker_map_name
0001395942,OPENLANE INC,Kar Auction Services Inc,kar auction services,ticker_map_name
0001396536,DUOS TECHNOLOGIES GROUP INC,Information Systems Associates Inc,information systems associates,ticker_map_name
0001396814,PACIRA BIOSCIENCES INC,Pacira Pharmaceuticals Inc,pacira pharmaceuticals,ticker_map_name
0001398805,BEAM GLOBAL,Envision Solar International Inc,envision solar international,ticker_map_name
0001398987,ANYWHERE REAL ESTATE INC,Realogy Holdings Corp,realogy,ticker_map_name
0001399520,ONE GP HOSPITALITY (THE),Committed Capital Acquisition Corp,committed capital acquisition,ticker_map_name
0001400891,IHEARTMEDIA INC,CC Media Holdings Inc,cc media,ticker_map_name
0001402436,SS&C TECHNOLOGIES HLDGS INC,SS&C Technologies Holdings Inc,ssc technologies,ticker_map_name
0001402829,ORION GROUP HOLDINGS INC,Orion Marine Group Inc,orion marine,ticker_map_name
0001403568,ULTA BEAUTY INC,Ulta Salon Cosmetics & Fragrance Inc,ulta salon cosmetics fragrance,ticker_map_name
0001404912,KKR & CO INC,KKR & Co LP,kkr co lp,ticker_map_name
0001411207,ALLISON TRANSMISSION HLDGS,Allison Transmission Holdings Inc,allison transmission,ticker_map_name
0001413754,MARIZYME INC,GBS Enterprises Inc,gbs enterprises,ticker_map_name
0001413891,HIGH WIRE NETWORKS INC,Mantra Venture Group LTD,mantra venture,ticker_map_name
0001414932,OAKTREE SPECIALTY LENDING CP,Fifth Street Finance Corp,fifth street finance,ticker_map_name
0001418076,SLR INVESTMENT CORP,Solar Capital LTD,solar capital,ticker_map_name
0001418135,KEURIG DR PEPPER INC,DR Pepper Snapple Group Inc,dr pepper snapple,ticker_map_name
0001420800,ENOVIS CORP,Colfax Corp,colfax,ticker_map_name
0001424657,CUENTAS INC,Nybd Holding Inc,nybd,ticker_map_name
0001424929,FOX FACTORY HOLDING CP,Fox Factory Holding Corp,fox factory,ticker_map_name
0001426800,ASSEMBLY BIOSCIENCES INC,Ventrus Biosciences Inc,ventrus biosciences,ticker_map_name
0001429260,FORTRESS BIOTECH INC,Coronado Biosciences Inc,coronado biosciences,ticker_map_name
0001429393,TRUTANKLESS INC,Bollente Companies Inc,bollente companies,ticker_map_name
0001431959,META MATERIALS INC,Torchlight Energy Resources Inc,torchlight energy resources,ticker_map_name
0001433660,JBT MAREL CORP,John Bean Technologies Corp,john bean technologies,ticker_map_name
0001434621,LENDINGTREE INC,Treecom Inc,treecom,ticker_map_name
0001437107,WARNER BROS DISCOVERY INC,Discovery Communications Inc,discovery communications,ticker_map_name
0001437226,MASTECH DIGITAL INC,Mastech Holdings Inc,mastech,ticker_map_name
0001437283,REGO PAYMENT ARCHITECTES INC,Virtual Piggy Inc,virtual piggy,ticker_map_name
0001437578,BRIGHT HORIZONS FAMILY SOLTN,Bright Horizons Family Solutions Inc,bright horizons family solutions,ticker_map_name
0001438533,TRAVERE THERAPEUTICS INC,Retrophin Inc,retrophin,ticker_map_name
0001443646,BOOZ ALLEN HAMILTON HLDG CP,Booz Allen Hamilton Holding Corp,booz allen hamilton,ticker_map_name
0001446159,AXE COMPUTE INC,Skyline Medical Inc,skyline medical,ticker_map_name
0001449488,CSI COMPRESSCO LP,Compressco Partners LP,compressco partners lp,ticker_map_name
0001453593,XTANT MEDICAL HOLDINGS INC,Bacterin International Holdings Inc,bacterin international,ticker_map_name
0001456772,OFFICE PROPERTIES INCOME TR,Government Properties Income Trust,government properties income trust,ticker_map_name
0001460329,FLUENT INC,Tiger Media Inc,tiger media,ticker_map_name
0001462223,NIXXY INC,Truli Media Group Inc,truli media,ticker_map_name
0001462418,ALTISOURCE PORTFOLIO SOLTNS,Altisource Portfolio Solutions SA,altisource portfolio solutions sa,ticker_map_name
0001463208,TRANSPORTATION & LOG SYS INC,Petroterra Corp,petroterra,ticker_map_name
0001464423,PENNYMAC MORTGAGE INVEST TR,Pennymac Mortgage Investment Trust,pennymac mortgage investment trust,ticker_map_name
0001464790,BRC GROUP HOLDINGS INC,Great American Group Inc,great american,ticker_map_name
0001466258,TRANE TECHNOLOGIES PLC,Ingersoll-rand PLC,ingersollrand,ticker_map_name
0001467760,APOLLO COMMERCIAL RE FIN INC,Apollo Commercial Real Estate Finance Inc,apollo commercial real estate finance,ticker_map_name
0001467761,FIEE INC,Zoom Telephonics Inc,zoom telephonics,ticker_map_name
0001472787,FIRST AMERICAN FINANCIAL CP,First American Financial Corp,first american financial,ticker_map_name
0001473334,XMAX INC,Nova Lifestyle Inc,nova lifestyle,ticker_map_name
0001474167,COSMOS HEALTH INC,Cosmos Holdings Inc,cosmos,ticker_map_name
0001475841,NATIONAL BANK HLDGS CORP,National Bank Holdings Corp,national bank,ticker_map_name
0001476963,SCORPIUS HOLDINGS INC,Heat Biologics Inc,heat biologics,ticker_map_name
0001478242,IQVIA HOLDINGS INC,Quintiles Transnational Holdings Inc,quintiles transnational,ticker_map_name
0001481504,XERIANT INC,Banjo & Matilda Inc,banjo matilda,ticker_map_name
0001481792,QUAD/GRAPHICS INC,Quad,quad,ticker_map_name
0001482541,CEA INDUSTRIES INC,Surna Inc,surna,ticker_map_name
0001486159,CHORD ENERGY CORP,Oasis Petroleum Inc,oasis petroleum,ticker_map_name
0001486957,BWX TECHNOLOGIES INC,Babcock & Wilcox Co,babcock wilcox,ticker_map_name
0001488039,ATOSSA THERAPEUTICS INC,Atossa Genetics Inc,atossa genetics,ticker_map_name
0001489393,LYONDELLBASELL INDUSTRIES,Lyondellbasell Industries NV,lyondellbasell industries nv,ticker_map_name
0001490906,CAPITOL FEDERAL FINL INC,Capitol Federal Financial Inc,capitol federal financial,ticker_map_name
0001492691,KNIGHT-SWIFT TRPTN HLDGS INC,Swift Transportation Co,swift transportation,ticker_map_name
0001493594,MACOM TECHNLGY SOL HLDGS INC,M,m,ticker_map_name
0001495584,FIRSTHAND TECHNOLOGY VALU FD,Firsthand Technology Value Fund Inc,firsthand technology value fund,ticker_map_name
0001495932,EXP WORLD HOLDINGS INC,Exp Realty International Corp,exp realty international,ticker_map_name
0001496443,PAYSIGN INC,3pea International Inc,3pea international,ticker_map_name
0001496690,BLUEONE CARD INC,TBSS International Inc,tbss international,ticker_map_name
0001497253,VIVOSIM LABS INC,Organovo Holdings Inc,organovo,ticker_map_name
0001498710,SPIRIT AVIATION HOLDINGS INC,Spirit Airlines Inc,spirit airlines,ticker_map_name
0001499961,BOLLINGER INNOVATIONS INC,Net Element Inc,net element,ticker_map_name
0001500198,NEUROONE MED TECHNOLOGIES CO,Original Source Entertainment Inc,original source entertainment,ticker_map_name
0001501585,HUNTINGTON INGALLS IND INC,Huntington Ingalls Industries Inc,huntington ingalls industries,ticker_map_name
0001507605,MARA HOLDINGS INC,Marathon Patent Group Inc,marathon patent,ticker_map_name
0001509470,SURO CAPITAL CORP,GSV Capital Corp,gsv capital,ticker_map_name
0001511737,UBIQUITI INC,Ubiquiti Networks Inc,ubiquiti networks,ticker_map_name
0001512499,LINDBLAD EXPEDITIONS HLDGS,Capitol Acquisition Corp II,capitol acquisition corp ii,ticker_map_name
0001513761,NORWEGIAN CRUISE LINE HLDGS,Norwegian Cruise Line Holdings LTD,norwegian cruise line,ticker_map_name
0001517228,VISTANCE NETWORKS INC,Commscope Holding Company Inc,commscope,ticker_map_name
0001517302,ARTISAN PARTNERS ASSET MGMT,Artisan Partners Asset Management Inc,artisan partners asset management,ticker_map_name
0001518715,MECHANICS BANCORP,Homestreet Inc,homestreet,ticker_map_name
0001519751,FORTUNE BRANDS INNOVATNS INC,Fortune Brands Home & Security Inc,fortune brands home security,ticker_map_name
0001520358,MAMA'S CREATIONS INC,Mamamancinis Holdings Inc,mamamancinis,ticker_map_name
0001521332,APTIV PLC,Delphi Automotive PLC,delphi automotive,ticker_map_name
0001521951,FIRST BUSINESS FINL SRV INC,First Business Financial Services Inc,first business financial services,ticker_map_name
0001522727,USA COMPRESSION PRTNRS LP,USA Compression Partners LP,usa compression partners lp,ticker_map_name
0001527166,CARLYLE GROUP INC,Carlyle Group LP,carlyle group lp,ticker_map_name
0001527541,WHEELER REAL ESTATE INVT TR,Wheeler Real Estate Investment Trust Inc,wheeler real estate investment trust,ticker_map_name
0001528129,VITAL ENGY INC,Laredo Petroleum Inc,laredo petroleum,ticker_map_name
0001533615,CHIRON REAL ESTATE INC,Scoop Media Inc,scoop media,ticker_map_name
0001534708,BEELINE HOLDINGS INC,Eurocan Holdings LTD,eurocan,ticker_map_name
0001535929,VOYA FINANCIAL INC,Ing US Inc,ing us,ticker_map_name
0001543418,TRILOGY METALS INC,Novacopper Inc,novacopper,ticker_map_name
0001544227,TEMPEST THERAPEUTICS INC,Ovascience Inc,ovascience,ticker_map_name
0001546296,PROFESSIONAL DIVERSITY NETWK,Professional Diversity Network Inc,professional diversity network,ticker_map_name
0001547546,LUMENT FINANCE TRUST INC,Five Oaks Investment Corp,five oaks investment,ticker_map_name
0001550695,PERFORMANT HEALTHCARE INC,Performant Financial Corp,performant financial,ticker_map_name
0001556593,RITHM CAPITAL CORP,New Residential Investment Corp,new residential investment,ticker_map_name
0001556739,THRYV HOLDINGS INC,Dex Media Inc,dex media,ticker_map_name
0001560672,ELLINGTON CREDIT CO,Ellington Residential Mortgage REIT,ellington residential mortgage reit,ticker_map_name
0001561894,HA SUSTAINABLE INFRA CAP INC,Hannon Armstrong Sustainable Infrastructure Capital Inc,hannon armstrong sustainable infrastructure capital,ticker_map_name
0001563665,HARVARD APPARATUS REGE T INC,Harvard Apparatus Regenerative Technology Inc,harvard apparatus regenerative technology,ticker_map_name
0001564618,INDEPENDENT BK GRP INC,Independent Bank Group Inc,independent bank,ticker_map_name
0001564902,UNITED PARKS & RESORTS INC,Seaworld Entertainment Inc,seaworld entertainment,ticker_map_name
0001565228,VISLINK TECHNOLOGIES INC,XG Technology Inc,xg technology,ticker_map_name
0001571123,SCIENCE APPLICATIONS INTL CP,Science Applications International Corp,science applications international,ticker_map_name
0001571283,REXFORD INDUS REALTY,Rexford Industrial Realty Inc,rexford industrial realty,ticker_map_name
0001571776,CHERRY HILL MTG INVST,Cherry Hill Mortgage Investment Corp,cherry hill mortgage investment,ticker_map_name
0001571949,INTERCONTINENTAL EXCHANGE,Intercontinentalexchange Group Inc,intercontinentalexchange,ticker_map_name
0001574540,PHYSICIANS REALTY TR,Physicians Realty Trust,physicians realty trust,ticker_map_name
0001575828,EXPRO GROUP HOLDINGS N V,Franks International NV,franks international nv,ticker_map_name
0001576018,SIRIUSPOINT LTD,Third Point Reinsurance LTD,third point reinsurance,ticker_map_name
0001579684,USA TODAY CO INC,New Media Investment Group Inc,new media investment,ticker_map_name
0001581091,RE/MAX HOLDINGS INC,Re,re,ticker_map_name
0001584207,ONEMAIN HOLDINGS INC,Springleaf Holdings Inc,springleaf,ticker_map_name
0001590714,ELEMENT SOLUTIONS INC,Platform Specialty Products Corp,platform specialty products,ticker_map_name
0001807166,AMESITE INC,Amesite Operating Co,amesite operating,sec_former_name
0001651308,BEONE MEDICINES LTD,"BeiGene, Ltd.",beigene,sec_current_name
0001703956,CONCRETE PUMPING HOLDINGS,"Concrete Pumping Holdings, Inc.",concrete pumping holdings,sec_current_name
0001703956,CONCRETE PUMPING HOLDINGS,Industrea Acquisition Corp.,industrea acquisition,sec_former_name
0000715446,ANIXA BIOSCIENCES INC,ITUS Corp,itus,sec_former_name
0000715446,ANIXA BIOSCIENCES INC,COPYTELE INC,copytele,sec_former_name
0001583771,HEPION PHARMACEUTICALS INC,"ContraVir Pharmaceuticals, Inc.",contravir pharmaceuticals,sec_former_name
0001606909,PANGAEA LOGISTICS SOLUTIONS,Quartet Holdco Ltd.,quartet holdco,sec_former_name
0001141964,PUBLIC CO MANAGEMENT CORP,"MYOFFIZ, INC.",myoffiz,sec_former_name
0001141964,PUBLIC CO MANAGEMENT CORP,MYOFFIZ INC,myoffiz,sec_former_name
0001502966,HYPHA LABS INC,"Digipath, Inc.",digipath,sec_former_name
0001502966,HYPHA LABS INC,"DigiPath,Inc.",digipathinc,sec_former_name
0000725363,CEL-SCI CORP,CEL SCI CORP,cel sci,sec_current_name
0000725363,CEL-SCI CORP,INTERLEUKIN 2 INC,interleukin 2,sec_former_name
0000725394,DALRADA TECHNOLOGY GROUP INC,DALRADA FINANCIAL CORP,dalrada financial,sec_current_name
0000725394,DALRADA TECHNOLOGY GROUP INC,IMAGING TECHNOLOGIES CORP/CA,imaging technologies corpca,sec_former_name
0000725394,DALRADA TECHNOLOGY GROUP INC,PERSONAL COMPUTER PRODUCTS INC,personal computer products,sec_former_name
0000796343,ADOBE INC,ADOBE SYSTEMS INC,adobe systems,sec_former_name
0001614556,STAR ALLIANCE INTL CORP,Star Alliance International Corp.,star alliance international,sec_current_name
0001614556,STAR ALLIANCE INTL CORP,ASTERIKO CORP.,asteriko,sec_former_name
0001492617,FLYWHEEL ADVANCED TECHNO INC,"FLYWHEEL ADVANCED TECHNOLOGY, INC.",flywheel advanced technology,sec_current_name
0001492617,FLYWHEEL ADVANCED TECHNO INC,"PAN GLOBAL, CORP.",pan global,sec_former_name
0001492617,FLYWHEEL ADVANCED TECHNO INC,SAVVY BUSINESS SUPPORT INC,savvy business support,sec_former_name
0001492617,FLYWHEEL ADVANCED TECHNO INC,SAAVY BUSINESS SUPPORT INC,saavy business support,sec_former_name
0001665300,PHUNWARE INC,Stellar Acquisition III Inc.,stellar acquisition iii,sec_former_name
0000864749,TRIMBLE INC,TRIMBLE NAVIGATION LTD /CA/,trimble navigation ltd ca,sec_former_name
0000038264,FORWARD INDUSTRIES INC,PROGRESS HEAT SEALING CO INC,progress heat sealing,sec_former_name
0001740797,AVAI BIO INC,AVANT TECHNOLOGIES INC.,avant technologies,sec_current_name
0001740797,AVAI BIO INC,TREND INNOVATIONS HOLDING INC.,trend innovations,sec_former_name
0001740797,AVAI BIO INC,FREECOOK,freecook,sec_former_name
0000876167,PROGRESS SOFTWARE CORP,PROGRESS SOFTWARE CORP /MA,progress software corp ma,sec_current_name
0000087347,SLB LTD,SCHLUMBERGER LIMITED/NV,schlumberger limitednv,sec_current_name
0000087347,SLB LTD,SCHLUMBERGER LTD /NV/,schlumberger ltd nv,sec_former_name
0000087347,SLB LTD,SCHLUMBERGER NV,schlumberger nv,sec_former_name
0000087347,SLB LTD,SCHLUMBERGER LTD,schlumberger,sec_former_name
0001649989,OUTLOOK THERAPEUTICS INC,"Oncobiologics, Inc.",oncobiologics,sec_former_name
0000920760,LENNAR CORP,LENNAR CORP /NEW/,lennar corp new,sec_current_name
0000920760,LENNAR CORP,PACIFIC GREYSTONE CORP /DE/,pacific greystone corp de,sec_former_name
0000004127,SKYWORKS SOLUTIONS INC,ALPHA INDUSTRIES INC,alpha industries,sec_former_name
0001177394,TD SYNNEX CORP,SYNNEX CORP,synnex,sec_former_name
0001499961,BOLLINGER INNOVATIONS INC,MULLEN AUTOMOTIVE INC.,mullen automotive,sec_current_name
0001499961,BOLLINGER INNOVATIONS INC,"Net Element, Inc.",net element,sec_former_name
0001499961,BOLLINGER INNOVATIONS INC,"Net Element International, Inc.",net element international,sec_former_name
0001499961,BOLLINGER INNOVATIONS INC,Cazador Acquisition Corp Ltd.,cazador acquisition corp,sec_former_name
0000795266,KB HOME,KAUFMAN & BROAD HOME CORP,kaufman broad home,sec_former_name
0001506251,CITIUS PHARMACEUTICALS INC,"Trail One, Inc.",trail one,sec_former_name
0001506251,CITIUS PHARMACEUTICALS INC,"TrailOne, Inc.",trailone,sec_former_name
0001851484,CITIUS ONCOLOGY INC,TenX Keane Acquisition,tenx keane acquisition,sec_former_name
0001035443,ALEXANDRIA R E EQUITIES INC,"ALEXANDRIA REAL ESTATE EQUITIES, INC.",alexandria real estate equities,sec_current_name
0001035443,ALEXANDRIA R E EQUITIES INC,ALEXANDRIA REAL ESTATE EQUITIES INC,alexandria real estate equities,sec_former_name
0001065280,NETFLIX INC,NETFLIX COM INC,netflix com,sec_former_name
0000815097,CARNIVAL CORPORATION & PLC,CARNIVAL CORP,carnival,sec_current_name
0000815097,CARNIVAL CORPORATION & PLC,CARNIVAL CRUISE LINES INC,carnival cruise lines,sec_former_name
0001125259,CARNIVAL CORP/PLC (GBR),CARNIVAL PLC,carnival,sec_current_name
0001125259,CARNIVAL CORP/PLC (GBR),P&O PRINCESS CRUISES PLC,po princess cruises,sec_former_name
0001601280,MEDIXALL GROUP INC,"MediXall Group, Inc.",medixall group,sec_current_name
0001601280,MEDIXALL GROUP INC,CONTINENTAL RAIL CORP,continental rail,sec_former_name
0001549595,NURIX THERAPEUTICS INC,"Nurix, Inc.",nurix,sec_former_name
0000804269,GENERAL MOTORS FINL CO INC,"General Motors Financial Company, Inc.",general motors financial company,sec_current_name
0000804269,GENERAL MOTORS FINL CO INC,AMERICREDIT CORP,americredit,sec_former_name
0000804269,GENERAL MOTORS FINL CO INC,URCARCO INC,urcarco,sec_former_name
0000096223,JEFFERIES FINANCIAL GRP INC,Jefferies Financial Group Inc.,jefferies financial,sec_current_name
0000096223,JEFFERIES FINANCIAL GRP INC,LEUCADIA NATIONAL CORP,leucadia national,sec_former_name
0000096223,JEFFERIES FINANCIAL GRP INC,TALCOTT NATIONAL CORP,talcott national,sec_former_name
0001067701,UNITED RENTALS INC,UNITED RENTALS INC /DE,united rentals inc de,sec_former_name
0001047166,United Rentals North America Inc,UNITED RENTALS INC,united rentals,sec_former_name
0001083743,FLUX POWER HOLDINGS INC,"Flux Power Holdings, Inc.",flux power holdings,sec_current_name
0001083743,FLUX POWER HOLDINGS INC,"Lone Pine Holdings, Inc",lone pine holdings,sec_former_name
0001083743,FLUX POWER HOLDINGS INC,Australian Forest Industries,australian forest industries,sec_former_name
0001083743,FLUX POWER HOLDINGS INC,MULTI TECH INTERNATIONAL CORP,multi tech international,sec_former_name
0001304161,PHARMA-BIO SERV INC,LAWRENCE CONSULTING GROUP INC,lawrence consulting,sec_former_name
0001334325,CODA OCTOPUS GROUP INC,"Coda Octopus Group, Inc.",coda octopus group,sec_current_name
0001133421,NORTHROP GRUMMAN CORP,NORTHROP GRUMMAN CORP /DE/,northrop grumman corp de,sec_current_name
0001133421,NORTHROP GRUMMAN CORP,NNG INC,nng,sec_former_name
0001318605,TESLA INC,TESLA MOTORS INC,tesla motors,sec_former_name
0001326801,META PLATFORMS INC,Facebook Inc,facebook,sec_former_name
0001373715,SERVICENOW INC,SERVICE-NOW.COM,servicenowcom,sec_former_name
0000908937,SIRIUS XM HOLDINGS INC,SIRIUS XM RADIO INC.,sirius xm radio,sec_former_name
0000908937,SIRIUS XM HOLDINGS INC,SIRIUS SATELLITE RADIO INC,sirius satellite radio,sec_former_name
0000908937,SIRIUS XM HOLDINGS INC,CD RADIO INC,cd radio,sec_former_name
0001091667,CHARTER COMMUNICATIONS INC,"CHARTER COMMUNICATIONS, INC. /MO/",charter communications inc mo,sec_current_name
0001091667,CHARTER COMMUNICATIONS INC,CHARTER COMMUNICATIONS INC /MO/,charter communications inc mo,sec_former_name
0001166691,COMCAST CORP,AT&T COMCAST CORP,att comcast,sec_former_name
0001283699,T-MOBILE US INC,METROPCS COMMUNICATIONS INC,metropcs communications,sec_former_name
0001546853,SKKYNET CLOUD SYSTEMS INC,"Skyynet Cloud Systems, Inc.",skyynet cloud systems,sec_former_name
0000101829,RTX CORP,RAYTHEON TECHNOLOGIES CORP,raytheon technologies,sec_former_name
0000101829,RTX CORP,UNITED TECHNOLOGIES CORP /DE/,united technologies corp de,sec_former_name
0000101829,RTX CORP,UNITED TECHNOLOGIES MICROELECTRONICS CENTER,united technologies microelectronics center,sec_former_name
0000012927,BOEING CO,BOEING AIRPLANE CO,boeing airplane,sec_former_name
0000040545,GE AEROSPACE,GENERAL ELECTRIC CO,general electric,sec_current_name
0000040545,GE AEROSPACE,GENERAL ELECTRIC Co,general electric,sec_former_name
0000040545,GE AEROSPACE,GENERAL ELECTRIC CO,general electric,sec_former_name
0000100790,UNION CARBIDE CORP,UNION CARBIDE CORP /NEW/,union carbide corp new,sec_current_name
0000100790,UNION CARBIDE CORP,UNION CARBIDE CHEMICALS & PLASTICS CO INC,union carbide chemicals plastics,sec_former_name
0000100790,UNION CARBIDE CORP,UNION CARBIDE & CARBON CORP,union carbide carbon,sec_former_name
0001633917,PAYPAL HOLDINGS INC,"PayPal Holdings, Inc.",paypal holdings,sec_current_name
0001701605,BAKER HUGHES CO,Baker Hughes a GE Co,baker hughes a ge,sec_former_name
0001701605,BAKER HUGHES CO,"Bear Newco, Inc.",bear newco,sec_former_name
0000029915,Dow Chemical Co,DOW CHEMICAL CO /DE/,dow chemical co de,sec_current_name
0000765880,HEALTHPEAK PROPERTIES INC,"HCP, INC.",hcp,sec_former_name
0000765880,HEALTHPEAK PROPERTIES INC,HEALTH CARE PROPERTY INVESTORS INC,health care property investors,sec_former_name
0000077476,PEPSICO INC,PEPSI COLA CO,pepsi cola,sec_former_name
0001103982,MONDELEZ INTERNATIONAL INC,KRAFT FOODS INC,kraft foods,sec_former_name
0001125376,ENSIGN GROUP INC,"ENSIGN GROUP, INC",ensign group,sec_current_name
0001564408,SNAP INC,Snapchat Inc,snapchat,sec_former_name
0000029989,OMNICOM GROUP INC,DOYLE DANE BERNBACH GROUP INC,doyle dane bernbach,sec_former_name
0000029989,OMNICOM GROUP INC,DOYLE DANE BERNBACH INTERNATIONAL INC,doyle dane bernbach international,sec_former_name
0000066740,3M CO,MINNESOTA MINING & MANUFACTURING CO,minnesota mining manufacturing,sec_former_name
0000717605,HEXCEL CORP,HEXCEL CORP /DE/,hexcel corp de,sec_current_name
0000818686,TEVA PHARMACEUTICALS,TEVA PHARMACEUTICAL INDUSTRIES LTD,teva pharmaceutical industries,sec_current_name
0000847942,STRATEGIC ACQUISITIONS INC,STRATEGIC ACQUISITIONS INC /NV/,strategic acquisitions inc nv,sec_current_name
0001413754,MARIZYME INC,GBS Enterprises Inc,gbs enterprises,sec_former_name
0001413754,MARIZYME INC,Swav Enterprises Ltd.,swav enterprises,sec_former_name
0001466258,TRANE TECHNOLOGIES PLC,Ingersoll-Rand plc,ingersollrand,sec_former_name
0001501585,HUNTINGTON INGALLS IND INC,"HUNTINGTON INGALLS INDUSTRIES, INC.",huntington ingalls industries,sec_current_name
0001501585,HUNTINGTON INGALLS IND INC,"Huntington Ingalls Industries, Inc.",huntington ingalls industries,sec_former_name
0001501585,HUNTINGTON INGALLS IND INC,"New Ships, Inc.",new ships,sec_former_name
0001501585,HUNTINGTON INGALLS IND INC,"NEW S HOLDCO, INC.",new s holdco,sec_former_name
0001506293,PINTEREST INC,Cold Brew Labs Inc.,cold brew labs,sec_former_name
0001571949,INTERCONTINENTAL EXCHANGE,"IntercontinentalExchange Group, Inc.",intercontinentalexchange group,sec_former_name
0001571949,INTERCONTINENTAL EXCHANGE,"Intercontinental Exchange Group, Inc.",intercontinental exchange group,sec_former_name
0001603923,WEATHERFORD INTL PLC,Weatherford International plc,weatherford international,sec_current_name
0001603923,WEATHERFORD INTL PLC,Weatherford International Ltd,weatherford international,sec_former_name
0000217346,TEXTRON INC,AMERICAN TEXTRON INC,american textron,sec_former_name
0000039263,CULLEN/FROST BANKERS INC,CULLEN FROST BANKERS INC,cullen frost bankers,sec_former_name
0000039263,CULLEN/FROST BANKERS INC,FROST BANK CORP,frost bank,sec_former_name
0000822416,PULTEGROUP INC,PULTEGROUP INC/MI/,pultegroup incmi,sec_current_name
0000822416,PULTEGROUP INC,PULTE HOMES INC/MI/,pulte homes incmi,sec_former_name
0000822416,PULTEGROUP INC,PULTE CORP,pulte,sec_former_name
0000822416,PULTEGROUP INC,PHM CORP,phm,sec_former_name
0000908255,BORGWARNER INC,BORG WARNER AUTOMOTIVE INC,borg warner automotive,sec_former_name
0001018724,AMAZON.COM INC,AMAZON COM INC,amazon com,sec_current_name
0001037646,METTLER-TOLEDO INTL INC,METTLER TOLEDO INTERNATIONAL INC/,mettler toledo international inc,sec_current_name
0001037646,METTLER-TOLEDO INTL INC,METTLER TOLEDO INTERNATIONAL INC,mettler toledo international,sec_former_name
0001037646,METTLER-TOLEDO INTL INC,MT INVESTORS INC,mt investors,sec_former_name
0001065059,CENTRUS ENERGY CORP,USEC INC,usec,sec_former_name
0001166003,XPO INC,"XPO Logistics, Inc.",xpo logistics,sec_former_name
0001166003,XPO INC,EXPRESS-1 EXPEDITED SOLUTIONS INC,express1 expedited solutions,sec_former_name
0001166003,XPO INC,SEGMENTZ INC,segmentz,sec_former_name
0001324424,EXPEDIA GROUP INC,"Expedia Group, Inc.",expedia group,sec_current_name
0001354866,BYRNA TECHNOLOGIES INC,Security Devices International Inc.,security devices international,sec_former_name
0001521332,APTIV PLC,Delphi Automotive PLC,delphi automotive,sec_former_name
0000912595,MID-AMERICA APT CMNTYS INC,MID AMERICA APARTMENT COMMUNITIES INC.,mid america apartment communities,sec_current_name
0000912595,MID-AMERICA APT CMNTYS INC,MID AMERICA APARTMENT COMMUNITIES INC,mid america apartment communities,sec_former_name
0001584207,ONEMAIN HOLDINGS INC,"OneMain Holdings, Inc.",onemain holdings,sec_current_name
0001584207,ONEMAIN HOLDINGS INC,"Springleaf Holdings, Inc.",springleaf holdings,sec_former_name
0001584207,ONEMAIN HOLDINGS INC,"Springleaf Holdings, LLC",springleaf holdings,sec_former_name
0000025598,ONEMAIN FINANCE CORP,SPRINGLEAF FINANCE CORP,springleaf finance,sec_former_name
0000025598,ONEMAIN FINANCE CORP,AMERICAN GENERAL FINANCE CORP,american general finance,sec_former_name
0000025598,ONEMAIN FINANCE CORP,CREDITHRIFT FINANCIAL CORP,credithrift financial,sec_former_name
0001722482,AVANTOR INC,Vail Holdco Corp,vail holdco,sec_former_name
0000820313,AMPHENOL CORP,AMPHENOL CORP /DE/,amphenol corp de,sec_current_name
0000860748,KEMPER CORP/DE,KEMPER Corp,kemper,sec_current_name
0000860748,KEMPER CORP/DE,UNITRIN INC,unitrin,sec_former_name
0000092380,SOUTHWEST AIRLINES,AIR SOUTHWEST CO,air southwest,sec_former_name
0001040765,VORNADO REALTY 7.875 PUB INC,VORNADO REALTY LP,vornado realty lp,sec_current_name
0001097864,ON SEMICONDUCTOR CORP,SCG HOLDING CORP,scg,sec_former_name
0001439288,ZURN ELKAY WATER SOLUTI CORP,Zurn Elkay Water Solutions Corp,zurn elkay water solutions,sec_current_name
0001439288,ZURN ELKAY WATER SOLUTI CORP,Zurn Water Solutions Corp,zurn water solutions,sec_former_name
0001439288,ZURN ELKAY WATER SOLUTI CORP,Rexnord Corp,rexnord,sec_former_name
0001439288,ZURN ELKAY WATER SOLUTI CORP,"Rexnord Holdings, Inc",rexnord holdings,sec_former_name
0001467760,APOLLO COMMERCIAL RE FIN INC,"Apollo Commercial Real Estate Finance, Inc.",apollo commercial real estate finance,sec_current_name
0001571283,REXFORD INDUS REALTY,"Rexford Industrial Realty, Inc.",rexford industrial realty,sec_current_name
0001571283,REXFORD INDUS REALTY,"Rexford Industrial, Inc.",rexford industrial,sec_former_name
0001630031,BRIXMOR OPERATING PRTNRS LP,Brixmor Operating Partnership LP,brixmor operating partnership lp,sec_current_name
0001609550,INSPIRE MEDICAL SYSTEM,"Inspire Medical Systems, Inc.",inspire medical systems,sec_current_name
0000230557,SELECTIVE INS GROUP INC,SELECTIVE INSURANCE GROUP INC,selective insurance,sec_current_name
0000230557,SELECTIVE INS GROUP INC,SRI CORP,sri,sec_former_name
0000062709,MARSH,"MARSH & MCLENNAN COMPANIES, INC.",marsh mclennan companies,sec_current_name
0000062709,MARSH,MARSH & MCLENNAN COMPANIES INC,marsh mclennan companies,sec_former_name
0000062709,MARSH,MARLENNAN CORP,marlennan,sec_former_name
0000879169,INCYTE CORP,INCYTE GENOMICS INC,incyte genomics,sec_former_name
0000879169,INCYTE CORP,INCYTE PHARMACEUTICALS INC,incyte pharmaceuticals,sec_former_name
0001000753,INSPERITY INC,ADMINISTAFF INC \DE\,administaff inc de,sec_former_name
0001048286,MARRIOTT INTL INC,MARRIOTT INTERNATIONAL INC /MD/,marriott international inc md,sec_current_name
0001048286,MARRIOTT INTL INC,NEW MARRIOTT MI INC,new marriott mi,sec_former_name
0001077428,TEXAS CAPITAL BANCSHARES INC,TEXAS CAPITAL BANCSHARES INC/TX,texas capital bancshares inctx,sec_current_name
0001336047,BOARDWALK PIPELINE PRTNRS-LP,"Boardwalk Pipeline Partners, LP",boardwalk pipeline partners lp,sec_current_name
0001336920,LEIDOS HOLDINGS INC,"Leidos Holdings, Inc.",leidos holdings,sec_current_name
0001336920,LEIDOS HOLDINGS INC,"SAIC, Inc.",saic,sec_former_name
0001476204,PHILLIPS EDISON & CO INC,"Phillips Edison & Company, Inc.",phillips edison company,sec_current_name
0001476204,PHILLIPS EDISON & CO INC,"PHILLIPS EDISON GROCERY CENTER REIT I, INC.",phillips edison grocery center reit i,sec_former_name
0001476204,PHILLIPS EDISON & CO INC,"Phillips Edison Grocery Center REIT I, Inc.",phillips edison grocery center reit i,sec_former_name
0001476204,PHILLIPS EDISON & CO INC,Phillips Edison - ARC Shopping Center REIT Inc.,phillips edison arc shopping center reit,sec_former_name
0001522727,USA COMPRESSION PRTNRS LP,"USA Compression Partners, LP",usa compression partners lp,sec_current_name
0001539638,TRIUMPH FINANCIAL INC,"Triumph Bancorp, Inc.",triumph bancorp,sec_former_name
0001617640,ZILLOW GROUP INC,"ZILLOW GROUP, INC.",zillow group,sec_current_name
0001617640,ZILLOW GROUP INC,Zebra Holdco Inc.,zebra holdco,sec_former_name
0001655759,ARVINAS INC,"ARVINAS HOLDING COMPANY, LLC",arvinas holding company,sec_former_name
0001668397,MEDPACE HOLDINGS INC,"Medpace Holdings, Inc.",medpace holdings,sec_current_name
0000201533,CONSUMERS ENERGY CO,CONSUMERS POWER CO,consumers power,sec_former_name
0000026172,CUMMINS INC,CUMMINS ENGINE CO INC,cummins engine,sec_former_name
0000064040,S&P GLOBAL INC,MCGRAW HILL FINANCIAL INC,mcgraw hill financial,sec_former_name
0000064040,S&P GLOBAL INC,MCGRAW-HILL COMPANIES INC,mcgrawhill companies,sec_former_name
0000064040,S&P GLOBAL INC,MCGRAW HILL INC,mcgraw hill,sec_former_name
0000751364,NNN REIT INC,"NATIONAL RETAIL PROPERTIES, INC.",national retail properties,sec_former_name
0000751364,NNN REIT INC,COMMERCIAL NET LEASE REALTY INC,commercial net lease realty,sec_former_name
0000751364,NNN REIT INC,CNL REALTY INVESTORS INC /DE/,cnl realty investors inc de,sec_former_name
0000889900,PATTERSON-UTI ENERGY INC,PATTERSON UTI ENERGY INC,patterson uti energy,sec_current_name
0000889900,PATTERSON-UTI ENERGY INC,PATTERSON ENERGY INC,patterson energy,sec_former_name
0000091142,SMITH (A.O.),SMITH A O CORP,smith a o,sec_current_name
0000939767,EXELIXIS INC,EXELIXIS PHARMACEUTICALS INC,exelixis pharmaceuticals,sec_former_name
0001025378,W P CAREY INC,CAREY W P & CO LLC,carey w p,sec_former_name
0001025378,W P CAREY INC,CAREY DIVERSIFIED LLC,carey diversified,sec_former_name
0001058290,COGNIZANT TECH SOLUTIONS,COGNIZANT TECHNOLOGY SOLUTIONS CORP,cognizant technology solutions,sec_current_name
0001135971,PEPCO HOLDINGS INC,NEW RC INC,new rc,sec_former_name
0000078100,PECO ENERGY CO,PHILADELPHIA ELECTRIC CO,philadelphia electric,sec_former_name
0000027879,DELMARVA POWER & LIGHT CO,DELMARVA POWER & LIGHT CO /DE/,delmarva power light co de,sec_current_name
0001130464,BLACK HILLS CORP,BLACK HILLS CORP /SD/,black hills corp sd,sec_current_name
0001392972,PROS HOLDINGS INC,"PROS Holdings, Inc.",pros holdings,sec_current_name
0001393883,DHI GROUP INC,"DHI GROUP, INC.",dhi group,sec_current_name
0001393883,DHI GROUP INC,"DICE HOLDINGS, INC.",dice holdings,sec_former_name
0001410384,Q2 HOLDINGS INC,"Q2 Holdings, Inc.",q2 holdings,sec_current_name
0001410384,Q2 HOLDINGS INC,"CBG Holdings, Inc.",cbg holdings,sec_former_name
0001410384,Q2 HOLDINGS INC,CBG Holdings Inc,cbg,sec_former_name
0000014272,BRISTOL-MYERS SQUIBB CO,BRISTOL MYERS SQUIBB CO,bristol myers squibb,sec_current_name
0000014272,BRISTOL-MYERS SQUIBB CO,BRISTOL MYERS CO,bristol myers,sec_former_name
0001433270,ANTERO RESOURCES CORP,ANTERO RESOURCES APPALACHIAN CORP,antero resources appalachian,sec_former_name
0001433270,ANTERO RESOURCES CORP,ANTERO RESOURCES BARNETT CORP,antero resources barnett,sec_former_name
0001479094,STAG INDUSTRIAL INC,"STAG Industrial REIT, Inc.",stag industrial reit,sec_former_name
0001520262,ALKERMES PLC,Alkermes plc.,alkermes plc,sec_current_name
0001520262,ALKERMES PLC,ANTLER SCIENCE TWO PLC,antler science two,sec_former_name
0001520262,ALKERMES PLC,Antler Science Two Ltd,antler science two,sec_former_name
0001623925,ANTERO MIDSTREAM CORP,Antero Midstream GP LP,antero midstream gp lp,sec_former_name
0001623925,ANTERO MIDSTREAM CORP,Antero Resources Midstream Management LLC,antero resources midstream management,sec_former_name
0000045012,HALLIBURTON CO,HALLIBURTON OIL WELL CEMENTING CO,halliburton oil well cementing,sec_former_name
0000049600,EASTGROUP PROPERTIES,EASTGROUP PROPERTIES II INC,eastgroup properties ii,sec_former_name
0000049600,EASTGROUP PROPERTIES,ICM REALTY,icm realty,sec_former_name
0000064803,CVS HEALTH CORP,CVS CAREMARK CORP,cvs caremark,sec_former_name
0000064803,CVS HEALTH CORP,CVS/CAREMARK CORP,cvscaremark,sec_former_name
0000064803,CVS HEALTH CORP,CVS CORP,cvs,sec_former_name
0000732712,VERIZON COMMUNICATIONS INC,BELL ATLANTIC CORP,bell atlantic,sec_former_name
0000732717,AT&T INC,SBC COMMUNICATIONS INC,sbc communications,sec_former_name
0000732717,AT&T INC,SOUTHWESTERN BELL CORP,southwestern bell,sec_former_name
0000766704,WELLTOWER INC,HEALTH CARE REIT INC /DE/,health care reit inc de,sec_former_name
0000007789,ASSOCIATED BANC-CORP,ASSOCIATED BANK SERVICES INC,associated bank services,sec_former_name
0000812074,O-I GLASS INC,"O-I Glass, Inc. /DE/",oi glass inc de,sec_current_name
0000812074,O-I GLASS INC,OWENS ILLINOIS INC /DE/,owens illinois inc de,sec_former_name
0000812074,O-I GLASS INC,OWENS-ILLINOIS INC /DE/,owensillinois inc de,sec_former_name
0000875045,BIOGEN INC,BIOGEN IDEC INC.,biogen idec,sec_former_name
0000875045,BIOGEN INC,BIOGEN IDEC INC,biogen idec,sec_former_name
0000875045,BIOGEN INC,IDEC PHARMACEUTICALS CORP / DE,idec pharmaceuticals corp de,sec_former_name
0000943452,WABTEC CORP,WESTINGHOUSE AIR BRAKE TECHNOLOGIES CORP,westinghouse air brake technologies,sec_current_name
0000943452,WABTEC CORP,WESTINGHOUSE AIR BRAKE CO /DE/,westinghouse air brake co de,sec_former_name
0001725430,INTELLIGENT BIO SOLUTION INC,INTELLIGENT BIO SOLUTIONS INC.,intelligent bio solutions,sec_current_name
0001725430,INTELLIGENT BIO SOLUTION INC,GBS Inc.,gbs,sec_former_name
0001725430,INTELLIGENT BIO SOLUTION INC,"Glucose Biosensor Systems (Greater China) Holdings, Inc.",glucose biosensor systems greater china holdings,sec_former_name
0001004980,PG&E CORP,PG&E PARENT CO INC,pge parent,sec_former_name
0001014473,VERISIGN INC,VERISIGN INC/CA,verisign incca,sec_current_name
0001026214,FEDERAL HOME LOAN MORTG CORP,FEDERAL HOME LOAN MORTGAGE CORP,federal home loan mortgage,sec_current_name
0001043219,ANNALY CAPITAL MANAGEMENT,ANNALY MORTGAGE MANAGEMENT INC,annaly mortgage management,sec_former_name
0001052752,GETTY REALTY CORP,GETTY REALTY CORP /MD/,getty realty corp md,sec_current_name
0000106640,WHIRLPOOL CORP,WHIRLPOOL CORP /DE/,whirlpool corp de,sec_current_name
0000106640,WHIRLPOOL CORP,WHIRLPOOL SEEGER CORP,whirlpool seeger,sec_former_name
0001136893,FIDELITY NATIONAL INFO SVCS,"Fidelity National Information Services, Inc.",fidelity national information services,sec_current_name
0001136893,FIDELITY NATIONAL INFO SVCS,CERTEGY INC,certegy,sec_former_name
0001136893,FIDELITY NATIONAL INFO SVCS,EQUIFAX PS INC,equifax ps,sec_former_name
0001253689,CRESCENT BIOPHARMA INC,GLYCOMIMETICS INC,glycomimetics,sec_current_name
0001280784,HERCULES CAPITAL INC,HERCULES TECHNOLOGY GROWTH CAPITAL INC,hercules technology growth capital,sec_former_name
0001307748,INVENTRUST PROPERTIES CORP,"Inland American Real Estate Trust, Inc.",inland american real estate trust,sec_former_name
0001318220,WASTE CONNECTIONS INC,Progressive Waste Solutions Ltd.,progressive waste solutions,sec_former_name
0001318220,WASTE CONNECTIONS INC,IESI-BFC Ltd,iesibfc,sec_former_name
0001318220,WASTE CONNECTIONS INC,BFI Canada Ltd,bfi canada,sec_former_name
0001338749,POTLATCHDELTIC CORP,POTLATCH CORP,potlatch,sec_former_name
0001338749,POTLATCHDELTIC CORP,"Potlatch Holdings, Inc.",potlatch holdings,sec_former_name
0001411207,ALLISON TRANSMISSION HLDGS,Allison Transmission Holdings Inc,allison transmission,sec_current_name
0001456772,OFFICE PROPERTIES INCOME TR,OFFICE PROPERTIES INCOME TRUST,office properties income trust,sec_current_name
0001456772,OFFICE PROPERTIES INCOME TR,GOVERNMENT PROPERTIES INCOME TRUST,government properties income trust,sec_former_name
0001456772,OFFICE PROPERTIES INCOME TR,Government Properties Income Trust,government properties income trust,sec_former_name
0001478242,IQVIA HOLDINGS INC,"Quintiles IMS Holdings, Inc.",quintiles ims holdings,sec_former_name
0001478242,IQVIA HOLDINGS INC,Quintiles Transnational Holdings Inc.,quintiles transnational,sec_former_name
0001506307,KINDER MORGAN INC,Kinder Morgan Holdco LLC,kinder morgan holdco,sec_former_name
0001508655,SIXTH STREET SPECIALTY LENDI,"Sixth Street Specialty Lending, Inc.",sixth street specialty lending,sec_current_name
0001508655,SIXTH STREET SPECIALTY LENDI,"TPG Specialty Lending, Inc.",tpg specialty lending,sec_former_name
0001552033,TRANSUNION,"TransUnion Holding Company, Inc.",transunion holding company,sec_former_name
0001627475,UPWORK INC,"Elance-oDesk, Inc.",elanceodesk,sec_former_name
0001637459,KRAFT HEINZ CO,H.J. Heinz Holding Corp,hj heinz,sec_former_name
0000004904,AMERICAN ELECTRIC POWER CO,KINGSPORT UTILITIES INC,kingsport utilities,sec_former_name
0000050172,INDIANA MICHIGAN POWER CO,INDIANA MICHIGAN ELECTRIC CO/IN,indiana michigan electric coin,sec_former_name
0000081027,PUBLIC SERVICE CO OF OKLA,PUBLIC SERVICE CO OF OKLAHOMA,public service co of oklahoma,sec_current_name
0000092487,SOUTHWESTERN ELECTRIC PWR CO,SOUTHWESTERN ELECTRIC POWER CO,southwestern electric power,sec_current_name
0001702780,OPTIMUM COMMUNICATIONS INC,"Altice USA, Inc.",altice usa,sec_current_name
0001722684,WYNDHAM HOTELS & RESRTS,"WYNDHAM HOTELS & RESORTS, INC.",wyndham hotels resorts,sec_current_name
0001757073,ENVISTA HOLDINGS CORP,DH Dental Holding Corp.,dh dental,sec_former_name
0001889539,COREBRIDGE FINANCIAL INC,"SAFG Retirement Services, Inc.",safg retirement services,sec_former_name
0001910139,MOBILEYE GLOBAL INC,Mobileye Holdings Inc.,mobileye,sec_former_name
0001910139,MOBILEYE GLOBAL INC,Mobileye Group Inc.,mobileye,sec_former_name
0001932393,GE HEALTHCARE TECHNOLOGI INC,GE HealthCare Technologies Inc.,ge healthcare technologies,sec_current_name
0001932393,GE HEALTHCARE TECHNOLOGI INC,GE Healthcare Holding LLC,ge healthcare,sec_former_name
0001958086,CORE LABORATORIES INC,Core Laboratories Inc. /DE/,core laboratories inc de,sec_current_name
0001958086,CORE LABORATORIES INC,Core Laboratories Luxembourg S.A.,core laboratories luxembourg sa,sec_former_name
0001993004,NORTHWESTERN ENRGY GROUP INC,"NorthWestern Energy Group, Inc.",northwestern energy group,sec_current_name
0000021665,COLGATE-PALMOLIVE CO,COLGATE PALMOLIVE CO,colgate palmolive,sec_current_name
0000024741,CORNING INC,CORNING INC /NY,corning inc ny,sec_current_name
0000024741,CORNING INC,CORNING GLASS WORKS,corning glass works,sec_former_name
0000026324,CURTISS-WRIGHT CORP,CURTISS WRIGHT CORP,curtiss wright,sec_current_name
0000313927,CHURCH & DWIGHT INC,CHURCH & DWIGHT CO INC /DE/,church dwight co inc de,sec_current_name
0000315213,ROBERT HALF INC,ROBERT HALF INTERNATIONAL INC.,robert half international,sec_former_name
0000922224,PPL CORP,PP&L RESOURCES INC,ppl resources,sec_former_name
0000317187,PPL ELECTRIC UTILITIES CORP,PP&L INC,ppl,sec_former_name
0000317187,PPL ELECTRIC UTILITIES CORP,PP & L INC,pp l,sec_former_name
0000060549,LOUISVILLE GAS AND ELECTRIC,LOUISVILLE GAS & ELECTRIC CO /KY/,louisville gas electric co ky,sec_current_name
0000048898,HUBBELL INC,HUBBELL HARVEY INC,hubbell harvey,sec_former_name
0000005272,AMERICAN INTERNATIONAL GROUP,"AMERICAN INTERNATIONAL GROUP, INC.",american international group,sec_current_name
0000005272,AMERICAN INTERNATIONAL GROUP,AMERICAN INTERNATIONAL ENTERPRISES INC,american international enterprises,sec_former_name
0000055135,KELLY SERVICES INC  -CL A,KELLY SERVICES INC,kelly services,sec_current_name
0000055785,KIMBERLY-CLARK CORP,KIMBERLY CLARK CORP,kimberly clark,sec_current_name
0000719413,HECLA MINING CO,HECLA MINING CO/DE/,hecla mining code,sec_current_name
0000759944,CITIZENS FINANCIAL GROUP INC,CITIZENS FINANCIAL GROUP INC/RI,citizens financial group incri,sec_current_name
0000079282,BROWN & BROWN INC,POE & BROWN INC,poe brown,sec_former_name
0000085535,ROYAL GOLD INC,ROYAL GOLD INC /DE/,royal gold inc de,sec_former_name
0000085535,ROYAL GOLD INC,ROYAL RESOURCES CORP,royal resources,sec_former_name
0000085535,ROYAL GOLD INC,ROYAL RESOURCES EXPLORATION INC,royal resources exploration,sec_former_name
0000086312,TRAVELERS COS INC,"TRAVELERS COMPANIES, INC.",travelers companies,sec_current_name
0000086312,TRAVELERS COS INC,ST PAUL TRAVELERS COMPANIES INC,st paul travelers companies,sec_former_name
0000086312,TRAVELERS COS INC,ST PAUL FIRE & MARINE INSURANCE CO/MD,st paul fire marine insurance comd,sec_former_name
0000086312,TRAVELERS COS INC,ST PAUL COMPANIES INC/MN/,st paul companies incmn,sec_former_name
0000875320,VERTEX PHARMACEUTICALS INC,VERTEX PHARMACEUTICALS INC / MA,vertex pharmaceuticals inc ma,sec_current_name
0000877212,ZEBRA TECHNOLOGIES CP  -CL A,ZEBRA TECHNOLOGIES CORP,zebra technologies,sec_current_name
0000877212,ZEBRA TECHNOLOGIES CP  -CL A,ZEBRA TECHNOLOGIES Corp,zebra technologies,sec_former_name
0000877212,ZEBRA TECHNOLOGIES CP  -CL A,ZEBRA TECHNOLOGIES CORP/DE,zebra technologies corpde,sec_former_name
0000088121,SEABOARD CORP,SEABOARD CORP /DE/,seaboard corp de,sec_current_name
0000088121,SEABOARD CORP,SEABOARD ALLIED MILLING CORP,seaboard allied milling,sec_former_name
0000088121,SEABOARD CORP,HATHAWAY BAKERIES INC,hathaway bakeries,sec_former_name
0000888491,OMEGA HEALTHCARE INVS INC,OMEGA HEALTHCARE INVESTORS INC,omega healthcare investors,sec_current_name
0000089089,SERVICE CORP INTERNATIONAL,SERVICE CORPORATION INTERNATIONAL,service corporation international,sec_former_name
0000906107,EQUITY RESIDENTIAL,EQUITY RESIDENTIAL PROPERTIES TRUST,equity residential properties trust,sec_former_name
0000913142,BELDEN INC,BELDEN CDT INC.,belden cdt,sec_former_name
0000913142,BELDEN INC,CABLE DESIGN TECHNOLOGIES CORP,cable design technologies,sec_former_name
0000091440,SNAP-ON INC,SNAP ON INC,snap on,sec_former_name
0000091440,SNAP-ON INC,SNAP ON TOOLS CORP,snap on tools,sec_former_name
0000927066,DAVITA INC,DAVITA HEALTHCARE PARTNERS INC.,davita healthcare partners,sec_former_name
0000927066,DAVITA INC,TOTAL RENAL CARE HOLDINGS INC,total renal care,sec_former_name
0000937098,TRINET GROUP INC,"TRINET GROUP, INC.",trinet group,sec_current_name
0000937098,TRINET GROUP INC,TRINET EMPLOYER GROUP INC,trinet employer,sec_former_name
0000093751,STATE STREET CORP,STATE STREET BOSTON FINANCIAL CORP,state street boston financial,sec_former_name
0000100122,TUCSON ELECTRIC POWER CO,TUCSON GAS & ELECTRIC CO /AZ/,tucson gas electric co az,sec_former_name
0001004434,AFFILIATED MANAGERS GRP INC,"AFFILIATED MANAGERS GROUP, INC.",affiliated managers group,sec_current_name
0001004434,AFFILIATED MANAGERS GRP INC,AFFILIATED MANAGERS GROUP INC,affiliated managers,sec_former_name
0001020569,IRON MOUNTAIN INC,IRON MOUNTAIN INC/PA,iron mountain incpa,sec_former_name
0001020569,IRON MOUNTAIN INC,PIERCE LEAHY CORP,pierce leahy,sec_former_name
0001021561,NU SKIN ENTERPRISES  -CL A,"NU SKIN ENTERPRISES, INC.",nu skin enterprises,sec_current_name
0001021561,NU SKIN ENTERPRISES  -CL A,NU SKIN ENTERPRISES INC,nu skin enterprises,sec_former_name
0001021561,NU SKIN ENTERPRISES  -CL A,NU SKIN ASIA PACIFIC INC,nu skin asia pacific,sec_former_name
0001021860,NOV INC,NATIONAL OILWELL VARCO INC,national oilwell varco,sec_former_name
0001021860,NOV INC,NATIONAL OILWELL INC,national oilwell,sec_former_name
0000103145,VEECO INSTRUMENTS INC,VACUUM ELECTRONIC MANUFACTURING CORP,vacuum electronic manufacturing,sec_former_name
0000921825,FIRST INDL REALTY TRUST INC,FIRST INDUSTRIAL REALTY TRUST INC,first industrial realty trust,sec_current_name
0001059556,MOODY'S CORP,MOODYS CORP /DE/,moodys corp de,sec_current_name
0001059556,MOODY'S CORP,DUN & BRADSTREET CORP /DE/,dun bradstreet corp de,sec_former_name
0001059556,MOODY'S CORP,NEW DUN & BRADSTREET CORP,new dun bradstreet,sec_former_name
0001062231,DAUCH CORP,AMERICAN AXLE & MANUFACTURING HOLDINGS INC,american axle manufacturing,sec_current_name
0000910606,REGENCY CENTERS CORP,REGENCY REALTY CORP,regency realty,sec_former_name
0001101215,BREAD FINANCIAL HOLDINGS INC,"BREAD FINANCIAL HOLDINGS, INC.",bread financial holdings,sec_current_name
0001101215,BREAD FINANCIAL HOLDINGS INC,ALLIANCE DATA SYSTEMS CORP,alliance data systems,sec_former_name
0001109448,ALLIANCEBERNSTEIN L.P.,ALLIANCE CAPITAL MANAGEMENT L P,alliance capital management l p,sec_former_name
0001138118,CBRE GROUP INC,"CBRE GROUP, INC.",cbre group,sec_current_name
0001138118,CBRE GROUP INC,CB RICHARD ELLIS GROUP INC,cb richard ellis,sec_former_name
0000012208,BIO-RAD LABORATORIES INC,BIO RAD LABORATORIES INC,bio rad laboratories,sec_former_name
0001265131,HILLTOP HOLDINGS INC,AFFORDABLE RESIDENTIAL COMMUNITIES INC,affordable residential communities,sec_former_name
0001276187,ENERGY TRANSFER LP,"Energy Transfer Equity, L.P.",energy transfer equity lp,sec_former_name
0001276187,ENERGY TRANSFER LP,LAGRANGE ENERGY LP,lagrange energy lp,sec_former_name
0001320461,COOPER-STANDARD HOLDINGS INC,CSA Acquisition Corp.,csa acquisition,sec_former_name
0000072741,EVERSOURCE ENERGY,NORTHEAST UTILITIES,northeast utilities,sec_former_name
0000072741,EVERSOURCE ENERGY,NORTHEAST UTILITIES SYSTEM,northeast utilities system,sec_former_name
0000315256,PUBLIC SERVICE CO/N H,PUBLIC SERVICE CO OF NEW HAMPSHIRE,public service co of new hampshire,sec_current_name
0000013372,NSTAR ELECTRIC CO,BOSTON EDISON CO,boston edison,sec_former_name
0000014930,BRUNSWICK CORP,BRUNSWICK BALKE COLLENDER CO,brunswick balke collender,sec_former_name
0001543418,TRILOGY METALS INC,NovaCopper Inc.,novacopper,sec_former_name
0001547903,NMI HOLDINGS INC,"NMI Holdings, Inc.",nmi holdings,sec_current_name
0001561894,HA SUSTAINABLE INFRA CAP INC,"HA Sustainable Infrastructure Capital, Inc.",ha sustainable infrastructure capital,sec_current_name
0001561894,HA SUSTAINABLE INFRA CAP INC,"Hannon Armstrong Sustainable Infrastructure Capital, Inc.",hannon armstrong sustainable infrastructure capital,sec_former_name
0001647639,UPSTART HOLDINGS INC,"Upstart Holdings, Inc.",upstart holdings,sec_current_name
0001666700,DUPONT DE NEMOURS INC,DowDuPont Inc.,dowdupont,sec_former_name
0000030554,DU PONT (E I) DE NEMOURS,"EIDP, Inc.",eidp,sec_current_name
0000030554,DU PONT (E I) DE NEMOURS,DUPONT E I DE NEMOURS & CO,dupont e i de nemours,sec_former_name
0001792581,KIROMIC BIOPHARMA INC,"Kiromic, Inc.",kiromic,sec_former_name
0000018230,CATERPILLAR INC,CATERPILLAR TRACTOR CO,caterpillar tractor,sec_former_name
0001828108,AURORA INNOVATION INC,Reinvent Technology Partners Y,reinvent technology partners y,sec_former_name
0001828108,AURORA INNOVATION INC,Reinvent Technology Partners C,reinvent technology partners c,sec_former_name
0001849635,TRUMP MEDIA & TECHNO GRP CRP,Trump Media & Technology Group Corp.,trump media technology,sec_current_name
0001849635,TRUMP MEDIA & TECHNO GRP CRP,Digital World Acquisition Corp.,digital world acquisition,sec_former_name
0001883685,DRAFTKINGS INC,"New Duke Holdco, Inc.",new duke holdco,sec_former_name
0000019617,JPMORGAN CHASE & CO,J P MORGAN CHASE & CO,j p morgan chase,sec_former_name
0000019617,JPMORGAN CHASE & CO,CHASE MANHATTAN CORP /DE/,chase manhattan corp de,sec_former_name
0000019617,JPMORGAN CHASE & CO,CHEMICAL BANKING CORP,chemical banking,sec_former_name
0000202058,L3HARRIS TECHNOLOGIES INC,"L3HARRIS TECHNOLOGIES, INC. /DE/",l3harris technologies inc de,sec_current_name
0000202058,L3HARRIS TECHNOLOGIES INC,HARRIS CORP /DE/,harris corp de,sec_former_name
0000202058,L3HARRIS TECHNOLOGIES INC,HARRIS SEYBOLD CO,harris seybold,sec_former_name
0000029002,DIODES INC,DIODES INC /DEL/,diodes inc del,sec_current_name
0000310522,FEDERAL NATIONAL MORTGA ASSN,FEDERAL NATIONAL MORTGAGE ASSOCIATION FANNIE MAE,federal national mortgage association fannie mae,sec_current_name
0000310522,FEDERAL NATIONAL MORTGA ASSN,FEDERAL NATIONAL MORTGAGE ASSOCIATION,federal national mortgage association,sec_former_name
0000753308,NEXTERA ENERGY INC,FPL GROUP INC,fpl,sec_former_name
0000004281,HOWMET AEROSPACE INC,Arconic Inc.,arconic,sec_former_name
0000004281,HOWMET AEROSPACE INC,ALCOA INC.,alcoa,sec_former_name
0000004281,HOWMET AEROSPACE INC,ALCOA INC,alcoa,sec_former_name
0000049196,HUNTINGTON BANCSHARES,HUNTINGTON BANCSHARES INC /MD/,huntington bancshares inc md,sec_current_name
0000049196,HUNTINGTON BANCSHARES,HUNTINGTON BANCSHARES INC/MD,huntington bancshares incmd,sec_former_name
0000066570,MSA SAFETY INC,MINE SAFETY APPLIANCES CO,mine safety appliances,sec_former_name
0000068505,MOTOROLA SOLUTIONS INC,MOTOROLA INC,motorola,sec_former_name
0000068505,MOTOROLA SOLUTIONS INC,MOTOROLA DELAWARE INC,motorola delaware,sec_former_name
0000766421,ALASKA AIR GROUP INC,"ALASKA AIR GROUP, INC.",alaska air group,sec_current_name
0000773840,HONEYWELL INTERNATIONAL INC,ALLIEDSIGNAL INC,alliedsignal,sec_former_name
0000784977,PORTLAND GENERAL ELECTRIC CO,PORTLAND GENERAL ELECTRIC CO /OR/,portland general electric co or,sec_current_name
0000790051,CARLISLE COS INC,CARLISLE COMPANIES INC,carlisle companies,sec_current_name
0000799292,M/I HOMES INC,M I HOMES INC,m i homes,sec_former_name
0000799292,M/I HOMES INC,M I SCHOTTENSTEIN HOMES INC,m i schottenstein homes,sec_former_name
0000814453,NEWELL BRANDS INC,NEWELL RUBBERMAID INC,newell rubbermaid,sec_former_name
0000825313,ALLIANCEBERNSTEIN HOLDING LP,ALLIANCE CAPITAL MANAGEMENT HOLDING LP,alliance capital management holding lp,sec_former_name
0000825313,ALLIANCEBERNSTEIN HOLDING LP,ALLIANCE CAPITAL MANAGEMENT LP,alliance capital management lp,sec_former_name
0000830616,SCI ENGINEERED MATERIALS INC,SUPERCONDUCTIVE COMPONENTS INC,superconductive components,sec_former_name
0000831259,FREEPORT-MCMORAN INC,FREEPORT MCMORAN COPPER & GOLD INC,freeport mcmoran copper gold,sec_former_name
0000831259,FREEPORT-MCMORAN INC,FREEPORT MCMORAN COPPER COMPANY INC,freeport mcmoran copper,sec_former_name
0000842162,LEAR CORP,LEAR CORP /DE/,lear corp de,sec_former_name
0000842162,LEAR CORP,LEAR SEATING CORP,lear seating,sec_former_name
0000842162,LEAR CORP,LEAR SIEGLER SEATING CORP,lear siegler seating,sec_former_name
0000860730,HCA HEALTHCARE INC,"HCA Holdings, Inc.",hca holdings,sec_former_name
0000860730,HCA HEALTHCARE INC,HCA INC/TN,hca inctn,sec_former_name
0000860730,HCA HEALTHCARE INC,HCA THE HEALTHCARE CO,hca the healthcare,sec_former_name
0000884887,ROYAL CARIBBEAN GROUP,ROYAL CARIBBEAN CRUISES LTD,royal caribbean cruises,sec_current_name
0000884887,ROYAL CARIBBEAN GROUP,RA HOLDINGS INC,ra,sec_former_name
0000890926,RADIAN GROUP INC,CMAC INVESTMENT CORP,cmac investment,sec_former_name
0000895728,ENBRIDGE INC,IPL ENERGY INC,ipl energy,sec_former_name
0000895728,ENBRIDGE INC,INTERPROVINCIAL PIPE LINE SYSTEM INC,interprovincial pipe line system,sec_former_name
0000009092,BADGER METER INC,BADGER METER MANUFACTURING CO,badger meter manufacturing,sec_former_name
0000929008,WESCO INTL INC,WESCO INTERNATIONAL INC,wesco international,sec_current_name
0000929008,WESCO INTL INC,CDW HOLDING CORP,cdw,sec_former_name
0000931148,GRAFTECH INTERNATIONAL LTD,UCAR INTERNATIONAL INC,ucar international,sec_former_name
0001599617,DNOW INC,NOW Inc.,now,sec_former_name
0001839285,HEALTHCARE TRIANGL INC,"Healthcare Triangle, Inc.",healthcare triangle,sec_current_name
0000018654,AMEREN ILLINOIS CO,CENTRAL ILLINOIS PUBLIC SERVICE CO,central illinois public service,sec_former_name
0001046568,PERDOCEO EDUCATION CORP,CAREER EDUCATION CORP,career education,sec_former_name
0001050446,STRATEGY INC,MICROSTRATEGY Inc,microstrategy,sec_current_name
0001050446,STRATEGY INC,MICROSTRATEGY INC,microstrategy,sec_former_name
0001077183,NEOGENOMICS INC,AMERICAN COMMUNICATIONS ENTERPRISES INC,american communications enterprises,sec_former_name
0001089748,HUNTSMAN INTERNATIONAL LLC,HUNTSMAN ICI CHEMICALS LLC,huntsman ici chemicals,sec_former_name
0001122976,AVIENT CORP,POLYONE CORP,polyone,sec_former_name
0001159036,HALOZYME THERAPEUTICS INC,GLOBAL YACHT SERVICES INC,global yacht services,sec_former_name
0001163165,CONOCOPHILLIPS,CORVETTEPORSCHE CORP,corvetteporsche,sec_former_name
0001868275,CONSTELLATION ENE CORP,Constellation Energy Corp,constellation energy,sec_current_name
0001868275,CONSTELLATION ENE CORP,"Constellation Newholdco, Inc.",constellation newholdco,sec_former_name
0001168165,EXELON GENERATION CO LLC,CONSTELLATION ENERGY GENERATION LLC,constellation energy generation,sec_current_name
0001321655,PALANTIR TECHNOLOG INC,Palantir Technologies Inc.,palantir technologies,sec_current_name
0001321655,PALANTIR TECHNOLOG INC,Palantir Technologies Inc,palantir technologies,sec_former_name
0000065984,ENTERGY CORP,ENTERGY CORP /DE/,entergy corp de,sec_current_name
0000065984,ENTERGY CORP,ENTERGY CORP /FL/,entergy corp fl,sec_former_name
0000065984,ENTERGY CORP,ENTERGY GSU HOLDINGS INC /DE/,entergy gsu holdings inc de,sec_former_name
0000065984,ENTERGY CORP,MIDDLE SOUTH UTILITIES INC,middle south utilities,sec_former_name
0000066901,ENTERGY MISSISSSIPPI,"ENTERGY MISSISSIPPI, LLC",entergy mississippi,sec_current_name
0000066901,ENTERGY MISSISSSIPPI,ENTERGY MISSISSIPPI INC,entergy mississippi,sec_former_name
0000066901,ENTERGY MISSISSSIPPI,MISSISSIPPI POWER & LIGHT CO,mississippi power light,sec_former_name
0000202584,SYSTEM ENERGY RESOURCES INC,MIDDLE SOUTH ENERGY INC,middle south energy,sec_former_name
0000007323,ENTERGY ARKANSAS,ARKANSAS POWER & LIGHT CO,arkansas power light,sec_former_name
0000071508,ENTERGY NEW ORLEANS,NEW ORLEANS PUBLIC SERVICE INC,new orleans public service,sec_former_name
0001556593,RITHM CAPITAL CORP,New Residential Investment Corp.,new residential investment,sec_former_name
0001556593,RITHM CAPITAL CORP,New Residential Investment LLC,new residential investment,sec_former_name
0001556593,RITHM CAPITAL CORP,Spinco Inc.,spinco,sec_former_name
0001570585,LIBERTY GLOBAL LTD,Liberty Global Corp Ltd,liberty global corp,sec_former_name
0001570585,LIBERTY GLOBAL LTD,Lynx Europe Ltd.,lynx europe,sec_former_name
0001614806,RITHM PROPERTY TRUST INC,Great Ajax Corp.,great ajax,sec_former_name
0001627223,CHEMOURS CO,"Chemours Company, LLC",chemours company,sec_former_name
0001630472,TPG RE FINANCE TRT INC,"TPG RE Finance Trust, Inc.",tpg re finance trust,sec_current_name
0001657853,HERTZ GLOBAL HOLDINGS INC,"HERTZ GLOBAL HOLDINGS, INC",hertz global holdings,sec_current_name
0001657853,HERTZ GLOBAL HOLDINGS INC,"Hertz Rental Car Holding Company, Inc.",hertz rental car holding company,sec_former_name
0001669811,DONNELLEY FINANCIAL SOLTNS,"Donnelley Financial Solutions, Inc.",donnelley financial solutions,sec_current_name
0001670076,FRONTIER GRP HOLD INC,"Frontier Group Holdings, Inc.",frontier group holdings,sec_current_name
0001674101,VERTIV HOLDINGS CO,GS Acquisition Holdings Corp,gs acquisition,sec_former_name
0001689796,JBG SMITH PPTYS,JBG SMITH Properties,jbg smith properties,sec_current_name
0001689796,JBG SMITH PPTYS,Vornado DC Spinco,vornado dc spinco,sec_former_name
0001852244,GXO LOGISTIC INC,"GXO Logistics, Inc.",gxo logistics,sec_current_name
0001880661,TPG INC,"TPG Partners, LLC",tpg partners,sec_former_name
0000024545,MOLSON COORS BEVERAGE CO,MOLSON COORS BREWING CO,molson coors brewing,sec_former_name
0000024545,MOLSON COORS BEVERAGE CO,COORS ADOLPH CO,coors adolph,sec_former_name
0000315293,AON PLC,COMBINED INTERNATIONAL CORP,combined international,sec_former_name
0000034782,1ST SOURCE CORP,FBT BANCORP INC,fbt bancorp,sec_former_name
0000354190,ARTHUR J GALLAGHER & CO,GALLAGHER ARTHUR J & CO,gallagher arthur j,sec_former_name
0000047111,HERSHEY CO,HERSHEY FOODS CORP,hershey foods,sec_former_name
0000047111,HERSHEY CO,HERSHEY CHOCOLATE CORP,hershey chocolate,sec_former_name
0000056047,KIRBY CORP,KIRBY EXPLORATION CO INC,kirby exploration,sec_former_name
0000070318,TENET HEALTHCARE CORP,NATIONAL MEDICAL ENTERPRISES INC /NV/,national medical enterprises inc nv,sec_former_name
0000074208,UDR INC,UNITED DOMINION REALTY TRUST INC,united dominion realty trust,sec_former_name
0000074208,UDR INC,OLD DOMINION REAL ESTATE INVESTMENT TRUST,old dominion real estate investment trust,sec_former_name
0000074208,UDR INC,OLD DOMINION REIT ONE,old dominion reit one,sec_former_name
0000789570,MGM RESORTS INTERNATIONAL,MGM MIRAGE,mgm mirage,sec_former_name
0000789570,MGM RESORTS INTERNATIONAL,MGM GRAND INC,mgm grand,sec_former_name
0000789570,MGM RESORTS INTERNATIONAL,GRAND NAME CO,grand name,sec_former_name
0000795403,WATTS WATER TECHNOLOGIES INC,WATTS INDUSTRIES INC,watts industries,sec_former_name
0000797468,OCCIDENTAL PETROLEUM CORP,OCCIDENTAL PETROLEUM CORP /DE/,occidental petroleum corp de,sec_current_name
0000879526,WABASH NATIONAL CORP,WABASH NATIONAL CORP /DE,wabash national corp de,sec_former_name
0000910329,MEDIFAST INC,HEALTHRITE INC,healthrite,sec_former_name
0000910329,MEDIFAST INC,XX,xx,sec_former_name
0000910329,MEDIFAST INC,00,00,sec_former_name
0000911177,CASELLA WASTE SYS INC  -CL A,CASELLA WASTE SYSTEMS INC,casella waste systems,sec_current_name
0000921638,SSR MINING INC,SILVER STANDARD RESOURCES INC,silver standard resources,sec_former_name
0000927003,ADVANCED ENERGY INDS INC,ADVANCED ENERGY INDUSTRIES INC,advanced energy industries,sec_current_name
0000931015,POLARIS INC,POLARIS INDUSTRIES INC/MN,polaris industries incmn,sec_former_name
0000093556,STANLEY BLACK & DECKER INC,STANLEY WORKS,stanley works,sec_former_name
0000097134,TENNANT CO,TENNANT G H CO,tennant g h,sec_former_name
0001527728,LUNAI BIOWORKS INC,RENOVARO INC.,renovaro,sec_current_name
0001527728,LUNAI BIOWORKS INC,RENOVARO BIOSCIENCES INC.,renovaro biosciences,sec_former_name
0001527728,LUNAI BIOWORKS INC,Enochian Biosciences Inc.,enochian biosciences,sec_former_name
0001527728,LUNAI BIOWORKS INC,Renovaro Biosciences Inc.,renovaro biosciences,sec_former_name
0001037976,JONES LANG LASALLE INC,LASALLE PARTNERS INC,lasalle partners,sec_former_name
0001041061,YUM BRANDS INC,TRICON GLOBAL RESTAURANTS INC,tricon global restaurants,sec_former_name
0001041061,YUM BRANDS INC,GREAT AMERICAN RESTAURANT CO,great american restaurant,sec_former_name
0001042776,PIEDMONT OFFICE REALTY TRUST,WELLS REAL ESTATE INVESTMENT TRUST INC,wells real estate investment trust,sec_former_name
0001043509,SONIC AUTOMOTIVE INC  -CL A,SONIC AUTOMOTIVE INC,sonic automotive,sec_current_name
0001054905,INNOSPEC INC,OCTEL CORP,octel,sec_former_name
0000092116,GOLDEN STATE WATER CO,SOUTHERN CALIFORNIA WATER CO,southern california water,sec_former_name
0001090012,DEVON ENERGY CORP,DEVON ENERGY CORP/DE,devon energy corpde,sec_current_name
0001090012,DEVON ENERGY CORP,DEVON DELAWARE CORP,devon delaware,sec_former_name
0001100682,CHARLES RIVER LABS INTL INC,"CHARLES RIVER LABORATORIES INTERNATIONAL, INC.",charles river laboratories international,sec_current_name
0001100682,CHARLES RIVER LABS INTL INC,CHARLES RIVER LABORATORIES INTERNATIONAL INC,charles river laboratories international,sec_former_name
0001100682,CHARLES RIVER LABS INTL INC,CHARLES RIVER LABORATORIES HOLDINGS INC,charles river laboratories,sec_former_name
0001108109,COMMUNITY HEALTH SYSTEMS INC,COMMUNITY HEALTH SYSTEMS INC/,community health systems inc,sec_former_name
0001124140,EXACT SCIENCES CORP,EXACT CORP,exact,sec_former_name
0001126328,PRINCIPAL FINANCIAL GRP INC,PRINCIPAL FINANCIAL GROUP INC,principal financial,sec_current_name
0001180262,HERBALIFE LTD,HERBALIFE NUTRITION LTD.,herbalife nutrition,sec_former_name
0001180262,HERBALIFE LTD,WH HOLDINGS CAYMAN ISLANDS LTD,wh holdings cayman islands,sec_former_name
0001282980,DROR ORTHO-DESIGN INC,NOVINT TECHNOLOGIES INC,novint technologies,sec_former_name
0001361658,TRAVEL PLUS LEISURE CO,Travel & Leisure Co.,travel leisure,sec_current_name
0001361658,TRAVEL PLUS LEISURE CO,"Wyndham Destinations, Inc.",wyndham destinations,sec_former_name
0001361658,TRAVEL PLUS LEISURE CO,WYNDHAM WORLDWIDE CORP,wyndham worldwide,sec_former_name
0001385280,CINEMARK HOLDINGS INC,"Cinemark Holdings, Inc.",cinemark holdings,sec_current_name
0000885975,CINEMARK USA INC,CINEMARK USA INC /TX,cinemark usa inc tx,sec_current_name
0001410636,AMERICAN WATER WORKS CO INC,"American Water Works Company, Inc.",american water works company,sec_current_name
0001590714,ELEMENT SOLUTIONS INC,Platform Specialty Products Corp,platform specialty products,sec_former_name
0001636222,WINGSTOP INC,Wing Stop Holdings Corp,wing stop,sec_former_name
0001655888,BLUE OWL CAPITAL CORP,Owl Rock Capital Corp,owl rock capital,sec_former_name
0001693256,SELECT WATER SOLUTIONS INC,"Select Energy Services, Inc.",select energy services,sec_former_name
0001699150,INGERSOLL RAND INC,"GARDNER DENVER HOLDINGS, INC.",gardner denver holdings,sec_former_name
0001712184,LIBERTY LATIN AMERICA LTD,LatAm Splitco Ltd.,latam splitco,sec_former_name
0001717307,INDSTRL LGST PRPT TRST,Industrial Logistics Properties Trust,industrial logistics properties trust,sec_current_name
0001717547,BRIGHTSPIRE CAPITAL INC,"Colony Credit Real Estate, Inc.",colony credit real estate,sec_former_name
0001717547,BRIGHTSPIRE CAPITAL INC,"Colony NorthStar Credit Real Estate, Inc.",colony northstar credit real estate,sec_former_name
0001739942,SOLARWINDS CORP,"SolarWinds Parent, Inc.",solarwinds parent,sec_former_name
0001745916,PENNYMAC FINANCIAL SERVICES,"New PennyMac Financial Services, Inc.",new pennymac financial services,sec_former_name
0001764046,CLARIVATE PLC,Clarivate Analytics PLC,clarivate analytics,sec_former_name
0001803696,ADEIA INC,Xperi Holding Corp,xperi,sec_former_name
0001803696,ADEIA INC,XRAY-TWOLF HoldCo Corp,xraytwolf holdco,sec_former_name
0001808834,PROG HOLDINGS INC,"PROG Holdings, Inc.",prog holdings,sec_current_name
0001808834,PROG HOLDINGS INC,"Aaron's Holdings Company, Inc.",aarons holdings company,sec_former_name
0001837686,VIMEO INC,"Vimeo Holdings, Inc.",vimeo holdings,sec_former_name
0001850262,INTEGRAL ACQUI CORP 1 -REDH,Integral Acquisition Corp 1,integral acquisition corp 1,sec_current_name
0001851959,CONCORD ACQUIS CORP II -REDH,Concord Acquisition Corp II,concord acquisition corp ii,sec_current_name
0001895262,NOBLE CORP PLC,Noble Finco Ltd,noble finco,sec_former_name
0000275880,PARSONS CORP,PARSON CORP,parson,sec_former_name
0000310142,SENSIENT TECHNOLOGIES CORP,UNIVERSAL FOODS CORP,universal foods,sec_former_name
0000036146,TRUSTMARK CORP,FIRST CAPITAL CORP,first capital,sec_former_name
0000036270,M&T BANK CORP,FIRST EMPIRE STATE CORP,first empire state,sec_former_name
0000040211,GATX CORP,GENERAL AMERICAN TRANSPORTATION CORP,general american transportation,sec_former_name
0000040729,ALLY FINANCIAL INC,GMAC INC.,gmac,sec_former_name
0000040729,ALLY FINANCIAL INC,GMAC LLC,gmac,sec_former_name
0000040729,ALLY FINANCIAL INC,GENERAL MOTORS ACCEPTANCE CORP,general motors acceptance,sec_former_name
0000006201,AMERICAN AIRLINES GROUP INC,AMR CORP,amr,sec_former_name
0000004515,AMERICAN AIRLINES INC,AMERICAN AIRWAYS INC,american airways,sec_former_name
0000059478,LILLY (ELI) & CO,ELI LILLY & Co,eli lilly,sec_current_name
0000060519,LOUISIANA-PACIFIC CORP,LOUISIANA PACIFIC CORP,louisiana pacific,sec_former_name
0000707179,OLD NATIONAL BANCORP,OLD NATIONAL BANCORP /IN/,old national bancorp in,sec_current_name
0000707179,OLD NATIONAL BANCORP,O,o,sec_former_name
0000075362,PACCAR INC,PACIFIC CAR & FOUNDRY CO,pacific car foundry,sec_former_name
0000768899,TRUEBLUE INC,LABOR READY INC,labor ready,sec_former_name
0000768899,TRUEBLUE INC,DICKS HAMBURGERS INC,dicks hamburgers,sec_former_name
0000821026,ANDERSONS INC,ANDERSONS MANAGEMENT CORP,andersons management,sec_former_name
0000823768,WASTE MANAGEMENT INC,USA WASTE SERVICES INC,usa waste services,sec_former_name
0000083246,HSBC USA INC,HSBC USA INC /MD/,hsbc usa inc md,sec_current_name
0000860731,TYLER TECHNOLOGIES INC,TYLER CORP /NEW/,tyler corp new,sec_former_name
0000860731,TYLER TECHNOLOGIES INC,TYLER THREE INC,tyler three,sec_former_name
0000871763,MANPOWERGROUP,MANPOWER INC /WI/,manpower inc wi,sec_former_name
0000874015,IONIS PHARMACEUTICALS INC,ISIS PHARMACEUTICALS INC,isis pharmaceuticals,sec_former_name
0000875357,BOK FINANCIAL CORP,BOK FINANCIAL CORP ET AL,bok financial corp et al,sec_former_name
0000903129,GENTHERM INC,AMERIGON INC,amerigon,sec_former_name
0001004155,SOUTHERN CO GAS,AGL RESOURCES INC,agl resources,sec_former_name
0001005757,CSG SYSTEMS INTL INC,CSG SYSTEMS INTERNATIONAL INC,csg systems international,sec_current_name
0001022079,QUEST DIAGNOSTICS INC,CORNING CLINICAL LABORATORIES INC,corning clinical laboratories,sec_former_name
0001022652,INSEEGO CORP,NOVATEL WIRELESS INC,novatel wireless,sec_former_name
0001032033,SLM CORP,SALLIE MAE,sallie mae,sec_former_name
0001032033,SLM CORP,USA EDUCATION INC,usa education,sec_former_name
0001130310,CENTERPOINT ENERGY INC,RELIANT ENERGY REGCO INC,reliant energy regco,sec_former_name
0000048732,CENTERPOINT ENRG HOUSTON ELE,CENTERPOINT ENERGY HOUSTON ELECTRIC LLC,centerpoint energy houston electric,sec_current_name
0000048732,CENTERPOINT ENRG HOUSTON ELE,RELIANT ENERGY INC,reliant energy,sec_former_name
0000048732,CENTERPOINT ENRG HOUSTON ELE,HOUSTON INDUSTRIES INC,houston industries,sec_former_name
0000048732,CENTERPOINT ENRG HOUSTON ELE,HOUSTON LIGHTING & POWER CO,houston lighting power,sec_former_name
0001042773,CENTERPOINT ENERGY RES CORP,CENTERPOINT ENERGY RESOURCES CORP,centerpoint energy resources,sec_current_name
0001042773,CENTERPOINT ENERGY RES CORP,RELIANT ENERGY RESOURCES CORP,reliant energy resources,sec_former_name
0001042773,CENTERPOINT ENERGY RES CORP,NORAM ENERGY CORP/,noram energy corp,sec_former_name
0001042773,CENTERPOINT ENERGY RES CORP,HI MERGER INC,hi merger,sec_former_name
0001046257,INGREDION INC,CORN PRODUCTS INTERNATIONAL INC,corn products international,sec_former_name
0001046311,CHOICE HOTELS INTL INC,CHOICE HOTELS INTERNATIONAL INC /DE,choice hotels international inc de,sec_current_name
0001046311,CHOICE HOTELS INTL INC,CHOICE HOTELS FRANCHISING INC,choice hotels franchising,sec_former_name
0001046311,CHOICE HOTELS INTL INC,CHOICE HOTELS INTERNATIONAL INC/,choice hotels international inc,sec_former_name
0000023632,CONSOLIDATED EDISON CO OF NY,CONSOLIDATED EDISON CO OF NEW YORK INC,consolidated edison co of new york,sec_current_name
0001053706,CRA INTERNATIONAL INC,CHARLES RIVER ASSOCIATES INC,charles river associates,sec_former_name
0001057352,COSTAR GROUP INC,"COSTAR GROUP, INC.",costar group,sec_current_name
0001059142,GREYSTONE HSG IMPT INVTS LP,Greystone Housing Impact Investors LP,greystone housing impact investors lp,sec_current_name
0001059142,GREYSTONE HSG IMPT INVTS LP,"AMERICA FIRST MULTIFAMILY INVESTORS, L.P.",america first multifamily investors lp,sec_former_name
0001059142,GREYSTONE HSG IMPT INVTS LP,AMERICA FIRST TAX EXEMPT INVESTORS LP,america first tax exempt investors lp,sec_former_name
0001064728,PEABODY ENERGY CORP,P&L COAL HOLDINGS CORP,pl coal,sec_former_name
0001075531,BOOKING HOLDINGS INC,Priceline Group Inc.,priceline,sec_former_name
0001075531,BOOKING HOLDINGS INC,PRICELINE COM INC,priceline com,sec_former_name
0001114483,INTEGER HOLDINGS CORP,"GREATBATCH, INC.",greatbatch,sec_former_name
0001114483,INTEGER HOLDINGS CORP,WILSON GREATBATCH TECHNOLOGIES INC,wilson greatbatch technologies,sec_former_name
0001156039,ELEVANCE HEALTH INC,"Anthem, Inc.",anthem,sec_former_name
0001156039,ELEVANCE HEALTH INC,"WELLPOINT, INC",wellpoint,sec_former_name
0001156039,ELEVANCE HEALTH INC,WELLPOINT INC,wellpoint,sec_former_name
0001309108,WEX INC,Wright Express CORP,wright express,sec_former_name
0001327318,TRUECAR INC,Zag com Inc,zag com,sec_former_name
0001328581,BOISE CASCADE CO,"BOISE CASCADE, L.L.C.",boise cascade llc,sec_former_name
0001360565,WHERE FOOD COMES FROM INC,"Integrated Management Information, Inc.",integrated management information,sec_former_name
0001388658,IRHYTHM HOLDINGS INC,"iRhythm Technologies, Inc.",irhythm technologies,sec_current_name
0001388658,IRHYTHM HOLDINGS INC,"IRhythm Technologies, Inc.",irhythm technologies,sec_former_name
0001388658,IRHYTHM HOLDINGS INC,IRhythm Technologies Inc,irhythm technologies,sec_former_name
0001389170,TARGA RESOURCES CORP,Targa Resources Investments Inc.,targa resources investments,sec_former_name
0001393612,DISCOVER FINANCIAL SVCS,Discover Financial Services,discover financial services,sec_current_name
0001395942,OPENLANE INC,"KAR Auction Services, Inc.",kar auction services,sec_former_name
0001395942,OPENLANE INC,"KAR Holdings, Inc.",kar holdings,sec_former_name
0001396009,VULCAN MATERIALS CO,"Virginia Holdco, Inc.",virginia holdco,sec_former_name
0001397911,LPL FINANCIAL HOLDINGS INC,LPL Investment Holdings Inc.,lpl investment,sec_former_name
0001413447,NXP SEMICONDUCTORS NV,KASLION Acquisition B.V.,kaslion acquisition bv,sec_former_name
0001437071,INVESCO MORTGAGE CAPITAL INC,Invesco Agency Securities Inc.,invesco agency securities,sec_former_name
0001437402,ARDELYX INC,NTERYX INC,nteryx,sec_former_name
0001459200,ALARM.COM HOLDINGS INC,"Alarm.com Holdings, Inc.",alarmcom holdings,sec_current_name
0001464423,PENNYMAC MORTGAGE INVEST TR,PennyMac Mortgage Investment Trust,pennymac mortgage investment trust,sec_current_name
0001492691,KNIGHT-SWIFT TRPTN HLDGS INC,Knight-Swift Transportation Holdings Inc.,knightswift transportation,sec_current_name
0001492691,KNIGHT-SWIFT TRPTN HLDGS INC,SWIFT TRANSPORTATION Co,swift transportation,sec_former_name
0001492691,KNIGHT-SWIFT TRPTN HLDGS INC,SWIFT TRANSPORTATION CO,swift transportation,sec_former_name
0001495932,EXP WORLD HOLDINGS INC,"eXp World Holdings, Inc.",exp world holdings,sec_current_name
0001495932,EXP WORLD HOLDINGS INC,"EXP World Holdings, Inc.",exp world holdings,sec_former_name
0001495932,EXP WORLD HOLDINGS INC,EXP Realty International Corp,exp realty international,sec_former_name
0001495932,EXP WORLD HOLDINGS INC,Desert Canadians Ltd.,desert canadians,sec_former_name
0001507079,FLOOR & DECOR HLDGS,"Floor & Decor Holdings, Inc.",floor decor holdings,sec_current_name
0001507079,FLOOR & DECOR HLDGS,"FDO Holdings, Inc.",fdo holdings,sec_former_name
0001514416,BANDWIDTH INC,"Bandwidth.com, Inc.",bandwidthcom,sec_former_name
0001538716,OPORTUN FINANCIAL CORP,"Progreso Financiero Holdings, Inc.",progreso financiero holdings,sec_former_name
0001544522,FRESHWORKS INC,FreshDesk Inc.,freshdesk,sec_former_name
0001568651,OSCAR HEALTH INC,Mulberry Health Inc.,mulberry health,sec_former_name
0001575515,SPROUTS FARMERS MARKET,"Sprouts Farmers Markets, LLC",sprouts farmers markets,sec_former_name
0001579684,USA TODAY CO INC,"Gannett Co., Inc.",gannett co,sec_current_name
0001579684,USA TODAY CO INC,New Media Investment Group Inc.,new media investment,sec_former_name
0001579684,USA TODAY CO INC,"Gannett Co., Inc.",gannett co,sec_former_name
0001581091,RE/MAX HOLDINGS INC,"RE/MAX Holdings, Inc.",remax holdings,sec_current_name
0001600626,PEAKSTONE REALTY TRUST,Griffin Realty Trust,griffin realty trust,sec_former_name
0001600626,PEAKSTONE REALTY TRUST,"Griffin Realty Trust, Inc.",griffin realty trust,sec_former_name
0001600626,PEAKSTONE REALTY TRUST,"Griffin Capital Essential Asset REIT, Inc.",griffin capital essential asset reit,sec_former_name
0001606745,LIBERTY TRIPADVISOR HOLDINGS,"Liberty TripAdvisor Holdings, Inc.",liberty tripadvisor holdings,sec_current_name
0001609804,ORION SA,Orion Engineered Carbons S.A.,orion engineered carbons sa,sec_former_name
0001609804,ORION SA,Orion Engineered Carbons S.a r.l.,orion engineered carbons sa rl,sec_former_name
0001617406,PARK HOTELS & RESORTS,"Hilton Worldwide, Inc.",hilton worldwide,sec_former_name
0001647088,WILLSCOT HOLDINGS CORP,WillScot Mobile Mini Holdings Corp.,willscot mobile mini,sec_former_name
0001647088,WILLSCOT HOLDINGS CORP,Double Eagle Acquisition Corp.,double eagle acquisition,sec_former_name
0001674335,JELD-WEN HOLDING INC,"JELD-WEN Holding, Inc.",jeldwen holding,sec_current_name
0001675149,ALCOA CORP,Alcoa Upstream Corp,alcoa upstream,sec_former_name
0001701732,ALTAIR ENGINEERING INC,Altair Engineering Ing.,altair engineering ing,sec_former_name
0001723788,Bitwise 10 Crypto Index Fund,"Bitwise 10 Private Index Fund, LLC",bitwise 10 private index fund,sec_former_name
0001723788,Bitwise 10 Crypto Index Fund,"Bitwise HOLD10 Private Index Fund, LLC",bitwise hold10 private index fund,sec_former_name
0001723788,Bitwise 10 Crypto Index Fund,"Bitwise Hold 10 Private Index Fund, LLC",bitwise hold 10 private index fund,sec_former_name
0001735707,GARRETT MOTION INC,Garrett Transportation Systems Inc.,garrett transportation systems,sec_former_name
0001739566,UTZ BRANDS INC,Collier Creek Holdings,collier creek,sec_former_name
0001740332,RESIDEO TECHNOLOGIES,HH Spinco Inc.,hh spinco,sec_former_name
0001818331,GENEDX HOLDINGS CORP,Sema4 Holdings Corp.,sema4,sec_former_name
0001818331,GENEDX HOLDINGS CORP,"CM Life Sciences, Inc.",cm life sciences,sec_former_name
0001826681,PALLADYNE AI CORP,Sarcos Technology & Robotics Corp,sarcos technology robotics,sec_former_name
0001826681,PALLADYNE AI CORP,Sarcos Technology & Robotics Corporation.,sarcos technology robotics corporation,sec_former_name
0001826681,PALLADYNE AI CORP,Rotor Acquisition Corp.,rotor acquisition,sec_former_name
0001866633,CONSENSUS CLOUD SOLUTION INC,"Consensus Cloud Solutions, Inc.",consensus cloud solutions,sec_current_name
0000018926,LUMEN TECHNOLOGIES INC,"CENTURYLINK, INC",centurylink,sec_former_name
0000018926,LUMEN TECHNOLOGIES INC,CENTURYTEL INC,centurytel,sec_former_name
0000018926,LUMEN TECHNOLOGIES INC,CENTURY TELEPHONE ENTERPRISES INC,century telephone enterprises,sec_former_name
0001901440,UL SOLUTIONS INC,UL Inc.,ul,sec_former_name
0001915657,HF SINCLAIR CORP,Hippo Parent Corp,hippo parent,sec_former_name
0000020520,FRONTIER COMMUNIC PARENT INC,"Frontier Communications Parent, Inc.",frontier communications parent,sec_current_name
0000020520,FRONTIER COMMUNIC PARENT INC,FRONTIER COMMUNICATIONS CORP,frontier communications,sec_former_name
0000020520,FRONTIER COMMUNIC PARENT INC,CITIZENS COMMUNICATIONS CO,citizens communications,sec_former_name
0000020520,FRONTIER COMMUNIC PARENT INC,CITIZENS UTILITIES CO,citizens utilities,sec_former_name
0000021344,COCA-COLA CO,COCA COLA CO,coca cola,sec_current_name
0000021535,COHU INC,COHU ELECTRONICS INC,cohu electronics,sec_former_name
0000023795,CTO REALTY GROWTH INC,CONSOLIDATED TOMOKA LAND CO,consolidated tomoka land,sec_former_name
0000025445,CRANE NXT CO,"Crane Holdings, Co.",crane holdings,sec_former_name
0000025445,CRANE NXT CO,CRANE CO /DE/,crane co de,sec_former_name
0000277135,GRAINGER (W W) INC,"W.W. GRAINGER, INC.",ww grainger,sec_current_name
0000313616,DANAHER CORP,DANAHER CORP /DE/,danaher corp de,sec_current_name
0000313616,DANAHER CORP,DMG INC,dmg,sec_former_name
0000314808,VALARIS LIMITED,Valaris Ltd,valaris,sec_current_name
0000314808,VALARIS LIMITED,Valaris plc,valaris,sec_former_name
0000314808,VALARIS LIMITED,Ensco Rowan plc,ensco rowan,sec_former_name
0000314808,VALARIS LIMITED,Ensco plc,ensco,sec_former_name
0000033185,EQUIFAX INC,RETAIL CREDIT CO,retail credit,sec_former_name
0000350894,SEI INVESTMENTS CO,SEI INVESTMENT CO,sei investment,sec_former_name
0000350894,SEI INVESTMENTS CO,SEI CORP,sei,sec_former_name
0000354963,SHENANDOAH TELECOMMUN CO,SHENANDOAH TELECOMMUNICATIONS CO/VA/,shenandoah telecommunications cova,sec_current_name
0000045876,ENVIRI CORP,HARSCO CORP,harsco,sec_former_name
0000049071,HUMANA INC,EXTENDICARE INC,extendicare,sec_former_name
0000049071,HUMANA INC,HERITAGE HOUSE OF AMERICA INC,heritage house of america,sec_former_name
0000051644,INTERPUBLIC GROUP OF COS,"INTERPUBLIC GROUP OF COMPANIES, INC.",interpublic group of companies,sec_current_name
0000051644,INTERPUBLIC GROUP OF COS,INTERPUBLIC GROUP OF COMPANIES INC,interpublic group of companies,sec_former_name
0000051644,INTERPUBLIC GROUP OF COS,MCCANN ERICKSON INC,mccann erickson,sec_former_name
0000052428,AMERIPRISE CERTIFICATE CO,AMERICAN EXPRESS CERTIFICATE CO,american express certificate,sec_former_name
0000052428,AMERIPRISE CERTIFICATE CO,IDS CERTIFICATE CO /MN/,ids certificate co mn,sec_former_name
0000052428,AMERIPRISE CERTIFICATE CO,INVESTORS SYNDICATE OF AMERICA INC,investors syndicate of america,sec_former_name
0000067716,MDU RESOURCES GROUP INC,MONTANA DAKOTA UTILITIES CO,montana dakota utilities,sec_former_name
0000068622,QWEST CORP,MOUNTAIN STATES TELEPHONE & TELEGRAPH CO,mountain states telephone telegraph,sec_former_name
0000007084,ARCHER-DANIELS-MIDLAND CO,ARCHER DANIELS MIDLAND CO,archer daniels midland,sec_former_name
0000708955,FIRST FINL BANCORP INC/OH,FIRST FINANCIAL BANCORP /OH/,first financial bancorp oh,sec_current_name
0000727892,RIVERSOURCE LIFE INSURANCE CO,IDS LIFE INSURANCE CO,ids life insurance,sec_former_name
0000727892,RIVERSOURCE LIFE INSURANCE CO,IDS LIFE INSURANCE CO /MN,ids life insurance co mn,sec_former_name
0000743238,Spartan Motors Inc,"SHYFT GROUP, INC.",shyft group,sec_current_name
0000775158,OSHKOSH CORP,OSHKOSH TRUCK CORP,oshkosh truck,sec_former_name
0000794323,LEVEL 3 COMMUNICATIONS INC,"Level 3 Parent, LLC",level 3 parent,sec_current_name
0000794323,LEVEL 3 COMMUNICATIONS INC,KIEWIT PETER SONS INC,kiewit peter sons,sec_former_name
0000079879,PPG INDUSTRIES INC,PITTSBURGH PLATE GLASS CO,pittsburgh plate glass,sec_former_name
0000811596,KAISER ALUMINUM CORP,KAISERTECH LTD,kaisertech,sec_former_name
0000820027,AMERIPRISE FINANCIAL INC,AMERICAN EXPRESS FINANCIAL CORP,american express financial,sec_former_name
0000820027,AMERIPRISE FINANCIAL INC,AMERICAN EXPRESS FINANCIAL ADVISORS,american express financial advisors,sec_former_name
0000820027,AMERIPRISE FINANCIAL INC,IDS FINANCIAL CORP/MN/,ids financial corpmn,sec_former_name
0000832101,IDEX CORP,IDEX CORP /DE/,idex corp de,sec_current_name
0000833079,MERITAGE HOMES CORP,MERITAGE CORP,meritage,sec_former_name
0000833079,MERITAGE HOMES CORP,MONTEREY HOMES CORP,monterey homes,sec_former_name
0000833079,MERITAGE HOMES CORP,HOMEPLEX MORTGAGE INVESTMENTS CORP,homeplex mortgage investments,sec_former_name
0000885590,BAUSCH HEALTH COMPANIES INC,"Valeant Pharmaceuticals International, Inc.",valeant pharmaceuticals international,sec_former_name
0000885590,BAUSCH HEALTH COMPANIES INC,BIOVAIL Corp,biovail,sec_former_name
0000885590,BAUSCH HEALTH COMPANIES INC,BIOVAIL CORP INTERNATIONAL,biovail corp international,sec_former_name
0000887936,FTI CONSULTING INC,FORENSIC TECHNOLOGIES INTERNATIONAL CORP,forensic technologies international,sec_former_name
0000893538,SM ENERGY CO,ST MARY LAND & EXPLORATION CO,st mary land exploration,sec_former_name
0000893949,PEDIATRIX MEDICAL GROUP INC,"Pediatrix Medical Group, Inc.",pediatrix medical group,sec_current_name
0000893949,PEDIATRIX MEDICAL GROUP INC,"MEDNAX, INC.",mednax,sec_former_name
0000089800,SHERWIN-WILLIAMS CO,SHERWIN WILLIAMS CO,sherwin williams,sec_current_name
0000912766,LAUREATE EDUCATION INC,SYLVAN LEARNING SYSTEMS INC,sylvan learning systems,sec_former_name
0000916365,TRACTOR SUPPLY CO,TRACTOR SUPPLY CO /DE/,tractor supply co de,sec_current_name
0000927628,CAPITAL ONE FINANCIAL CORP,OAKSTONE FINANCIAL CORP,oakstone financial,sec_former_name
0000933136,MR COOPER GROUP INC,WMIH CORP.,wmih,sec_former_name
0000933136,MR COOPER GROUP INC,WMI HOLDINGS CORP.,wmi,sec_former_name
0000933136,MR COOPER GROUP INC,"WASHINGTON MUTUAL, INC",washington mutual,sec_former_name
0000097745,THERMO FISHER SCIENTIFIC INC,THERMO ELECTRON CORP,thermo electron,sec_former_name
0000098362,TIMKEN CO,TIMKEN ROLLER BEARING CO,timken roller bearing,sec_former_name
0001652958,EDGEMODE INC,"FOURTH WAVE ENERGY, INC.",fourth wave energy,sec_former_name
0001652958,EDGEMODE INC,PIERRE CORP.,pierre,sec_former_name
0001652958,EDGEMODE INC,Wadena Corp.,wadena,sec_former_name
0000899715,TANGER INC,"TANGER FACTORY OUTLET CENTERS, INC",tanger factory outlet centers,sec_former_name
0000899715,TANGER INC,TANGER FACTORY OUTLET CENTERS INC,tanger factory outlet centers,sec_former_name
0001019849,PENSKE AUTOMOTIVE GROUP INC,"PENSKE AUTOMOTIVE GROUP, INC.",penske automotive group,sec_current_name
0001019849,PENSKE AUTOMOTIVE GROUP INC,UNITED AUTO GROUP INC,united auto,sec_former_name
0001063761,SIMON PROPERTY GROUP INC,SIMON PROPERTY GROUP INC /DE/,simon property group inc de,sec_current_name
0001063761,SIMON PROPERTY GROUP INC,CORPORATE PROPERTY INVESTORS INC,corporate property investors,sec_former_name
0001022344,SIMON PROPERTY GROUP L P /DE/,SIMON DEBARTOLO GROUP L P,simon debartolo group l p,sec_former_name
0001040829,RYMAN HOSPITALITY PPTYS INC,"Ryman Hospitality Properties, Inc.",ryman hospitality properties,sec_current_name
0001040829,RYMAN HOSPITALITY PPTYS INC,GAYLORD ENTERTAINMENT CO /DE,gaylord entertainment co de,sec_former_name
0001040829,RYMAN HOSPITALITY PPTYS INC,NEW GAYLORD ENTERTAINMENT CO,new gaylord entertainment,sec_former_name
0000010456,BAXTER INTERNATIONAL INC,BAXTER TRAVENOL LABORATORIES INC,baxter travenol laboratories,sec_former_name
0000010456,BAXTER INTERNATIONAL INC,BAXTER LABORATORIES INC,baxter laboratories,sec_former_name
0001051512,TELEPHONE & DATA SYSTEMS INC,TELEPHONE & DATA SYSTEMS INC /DE/,telephone data systems inc de,sec_current_name
0000920522,ESSEX PROPERTY TRUST,ESSEX PORTFOLIO LP,essex portfolio lp,sec_former_name
0001070985,CORECIVIC INC,CORRECTIONS CORP OF AMERICA,corrections corp of america,sec_former_name
0001070985,CORECIVIC INC,PRISON REALTY TRUST INC,prison realty trust,sec_former_name
0001070985,CORECIVIC INC,PRISON REALTY CORP,prison realty,sec_former_name
0000352541,ALLIANT ENERGY CORP,INTERSTATE ENERGY CORP,interstate energy,sec_former_name
0000352541,ALLIANT ENERGY CORP,WPL HOLDINGS INC,wpl,sec_former_name
0000052485,INTERSTATE POWER & LIGHT CO,IES UTILITIES INC,ies utilities,sec_former_name
0000052485,INTERSTATE POWER & LIGHT CO,IOWA ELECTRIC LIGHT & POWER CO,iowa electric light power,sec_former_name
0000107833,WISCONSIN PUBLIC SERVICE CP,WISCONSIN PUBLIC SERVICE CORP,wisconsin public service,sec_current_name
0001085392,PUGET ENERGY INC,PUGET ENERGY INC /WA,puget energy inc wa,sec_current_name
0000081100,PUGET SOUND ENERGY INC,PUGET SOUND POWER & LIGHT CO /WA/,puget sound power light co wa,sec_former_name
0001120193,NASDAQ INC,"NASDAQ OMX GROUP, INC.",nasdaq omx group,sec_former_name
0001120193,NASDAQ INC,NASDAQ STOCK MARKET INC,nasdaq stock market,sec_former_name
0001121484,OIL STATES INTL INC,"OIL STATES INTERNATIONAL, INC",oil states international,sec_current_name
0001121484,OIL STATES INTL INC,OIL STATES INTERNATIONAL INC,oil states international,sec_former_name
0001164727,NEWMONT CORP,NEWMONT Corp /DE/,newmont corp de,sec_current_name
0001164727,NEWMONT CORP,NEWMONT GOLDCORP CORP /DE/,newmont goldcorp corp de,sec_former_name
0001164727,NEWMONT CORP,NEWMONT MINING CORP /DE/,newmont mining corp de,sec_former_name
0001164727,NEWMONT CORP,DELTA HOLDCO CORP,delta holdco,sec_former_name
0001164863,ENPRO INC,"ENPRO INDUSTRIES, INC",enpro industries,sec_former_name
0001164863,ENPRO INC,ENPRO INDUSTRIES INC,enpro industries,sec_former_name
0001281761,REGIONS FINANCIAL CORP,NEW REGIONS FINANCIAL CORP,new regions financial,sec_former_name
0001288847,FIVE9 INC,Five 9 Inc,five 9,sec_former_name
0001306830,CELANESE CORP,Blackstone Crystal Holdings Capital Partners (Cayman) IV Ltd.,blackstone crystal holdings capital partners cayman iv,sec_former_name
0001360901,EVERCORE INC,Evercore Partners Inc.,evercore partners,sec_former_name
0001372020,GREAT LAKES DREDGE & DOCK CP,Great Lakes Dredge & Dock CORP,great lakes dredge dock,sec_current_name
0001372020,GREAT LAKES DREDGE & DOCK CP,Great Lakes Dredge & Dock Holdings Corp.,great lakes dredge dock,sec_former_name
0001374310,CBOE GLOBAL MARKETS INC,"CBOE Holdings, Inc.",cboe holdings,sec_former_name
0001377121,PROTAGONIST THERAPEUTICS INC,Protagonist Inc,protagonist,sec_former_name
0001402057,CDW CORP,"VH Holdings, Inc.",vh holdings,sec_former_name
0001406666,CALIX INC,CALIX NETWORKS INC,calix networks,sec_former_name
0001438533,TRAVERE THERAPEUTICS INC,"Retrophin, Inc.",retrophin,sec_former_name
0001438533,TRAVERE THERAPEUTICS INC,"Desert Gateway, Inc.",desert gateway,sec_former_name
0001467623,DROPBOX INC,"Evenflow, Inc.",evenflow,sec_former_name
0001472787,FIRST AMERICAN FINANCIAL CP,First American Financial Corp,first american financial,sec_current_name
0001535929,VOYA FINANCIAL INC,"ING U.S., Inc.",ing us,sec_former_name
0001535929,VOYA FINANCIAL INC,"ING America Insurance Holdings, Inc.",ing america insurance holdings,sec_former_name
0001573221,REALREAL INC (THE),"TheRealReal, Inc.",therealreal,sec_current_name
0001576018,SIRIUSPOINT LTD,Third Point Reinsurance Ltd.,third point reinsurance,sec_former_name
0001603145,XPLR INFRASTRUCTURE LP,"NEXTERA ENERGY PARTNERS, LP",nextera energy partners lp,sec_former_name
0001603145,XPLR INFRASTRUCTURE LP,"NextEra Energy Partners, LP",nextera energy partners lp,sec_former_name
0001618755,RESTAURANT BRANDS INTL LP,Restaurant Brands International Limited Partnership,restaurant brands international limited partnership,sec_current_name
0001618755,RESTAURANT BRANDS INTL LP,New Red Canada Limited Partnership,new red canada limited partnership,sec_former_name
0001618755,RESTAURANT BRANDS INTL LP,New Red Canada Partnership,new red canada partnership,sec_former_name
0001618756,RESTAURANT BRANDS INTL INC,Restaurant Brands International Inc.,restaurant brands international,sec_current_name
0001618756,RESTAURANT BRANDS INTL INC,9060669 Canada Inc.,9060669 canada,sec_former_name
0001618756,RESTAURANT BRANDS INTL INC,1011773 B.C. Unlimited Liability Co,1011773 bc unlimited liability,sec_former_name
0001652535,ICHOR HOLDINGS LTD,"ICHOR HOLDINGS, LTD.",ichor holdings,sec_current_name
0001653653,RED ROCK RESORTS INC,Station Casinos Corp.,station casinos,sec_former_name
0001669162,KINSALE CAPITAL GROUP INC,"Kinsale Capital Group, Inc.",kinsale capital group,sec_current_name
0001679688,DIGITALBRIDGE GROUP INC,"DigitalBridge Group, Inc.",digitalbridge group,sec_current_name
0001679688,DIGITALBRIDGE GROUP INC,"Colony Capital, Inc.",colony capital,sec_former_name
0001679688,DIGITALBRIDGE GROUP INC,"Colony NorthStar, Inc.",colony northstar,sec_former_name
0001682852,MODERNA INC,"Moderna Therapeutics, Inc.",moderna therapeutics,sec_former_name
0001799208,DUN & BRADSTREET HOLDNGS INC,"Dun & Bradstreet Holdings, Inc.",dun bradstreet holdings,sec_current_name
0001799208,DUN & BRADSTREET HOLDNGS INC,"Star Intermediate I, Inc.",star intermediate i,sec_former_name
0001823945,BLUE OWL CAPITAL INC,ALTIMAR ACQUISITION CORP.,altimar acquisition,sec_former_name
0000018349,SYNOVUS FINANCIAL CORP,CB&T BANCSHARES INC,cbt bancshares,sec_former_name
0001849253,RYAN SPECIALTY HOLDINGS INC,"RYAN SPECIALTY HOLDINGS, INC.",ryan specialty holdings,sec_current_name
0001849253,RYAN SPECIALTY HOLDINGS INC,"RYAN SPECIALTY GROUP HOLDINGS, INC.",ryan specialty group holdings,sec_former_name
0001849253,RYAN SPECIALTY HOLDINGS INC,"MAVERICK SPECIALTY, INC.",maverick specialty,sec_former_name
0001883313,SAVERS VALUE VILLAGE INC,S-Evergreen Holding LLC,severgreen,sec_former_name
0001901203,CN HEALTHY FOOD TECH GR CORP,Iron Horse Acquisitions Corp.,iron horse acquisitions,sec_current_name
0001921963,ATMUS FILTRATION TECHNLS INC,Atmus Filtration Technologies Inc.,atmus filtration technologies,sec_current_name
0001921963,ATMUS FILTRATION TECHNLS INC,"FILT Red, Inc.",filt red,sec_former_name
0000027996,DELUXE CORP,DELUXE CHECK PRINTERS INC,deluxe check printers,sec_former_name
0000030697,WENDY'S CO,"WENDY'S/ARBY'S GROUP, INC.",wendysarbys group,sec_former_name
0000030697,WENDY'S CO,TRIARC COMPANIES INC,triarc companies,sec_former_name
0000030697,WENDY'S CO,DWG CORP,dwg,sec_former_name
0000031462,ECOLAB INC,ECONOMICS LABORATORY INC,economics laboratory,sec_former_name
0000036029,FIRST FINL BANKSHARES INC,FIRST FINANCIAL BANKSHARES INC,first financial bankshares,sec_current_name
0000036104,US BANCORP,US BANCORP \DE\,us bancorp de,sec_current_name
0000036104,US BANCORP,FIRST BANK SYSTEM INC,first bank system,sec_former_name
0000036104,US BANCORP,FIRST BANK STOCK CORP,first bank stock,sec_former_name
0000051434,INTL PAPER CO,INTERNATIONAL PAPER CO /NEW/,international paper co new,sec_current_name
0000051434,INTL PAPER CO,INTERNATIONAL PAPER & POWER CORP,international paper power,sec_former_name
0000055067,KELLANOVA,KELLOGG CO,kellogg,sec_former_name
0000712771,CONNECTONE BANCORP INC,CENTER BANCORP INC,center bancorp,sec_former_name
0000713676,PNC FINANCIAL SVCS GROUP INC,"PNC FINANCIAL SERVICES GROUP, INC.",pnc financial services group,sec_current_name
0000713676,PNC FINANCIAL SVCS GROUP INC,PNC FINANCIAL SERVICES GROUP INC,pnc financial services,sec_former_name
0000713676,PNC FINANCIAL SVCS GROUP INC,PNC BANK CORP,pnc bank,sec_former_name
0000713676,PNC FINANCIAL SVCS GROUP INC,PNC BANK CORP /PA/,pnc bank corp pa,sec_former_name
0000746515,EXPEDITORS INTL WASH INC,EXPEDITORS INTERNATIONAL OF WASHINGTON INC,expeditors international of washington,sec_current_name
0000746838,UNISYS CORP,BURROUGHS CORP /DE/,burroughs corp de,sec_former_name
0000764038,SOUTH STATE BANK CORP,SouthState Corp,southstate,sec_current_name
0000764038,SOUTH STATE BANK CORP,SOUTH STATE Corp,south state,sec_former_name
0000764038,SOUTH STATE BANK CORP,"FIRST FINANCIAL HOLDINGS, INC.",first financial holdings,sec_former_name
0000764038,SOUTH STATE BANK CORP,SCBT FINANCIAL CORP,scbt financial,sec_former_name
0000783325,WEC ENERGY GROUP INC,"WEC ENERGY GROUP, INC.",wec energy group,sec_current_name
0000783325,WEC ENERGY GROUP INC,WISCONSIN ENERGY CORP,wisconsin energy,sec_former_name
0000078814,PITNEY BOWES INC,PITNEY BOWES INC /DE/,pitney bowes inc de,sec_current_name
0000798941,FIRST CITIZENS BANCSH  -CL A,FIRST CITIZENS BANCSHARES INC /DE/,first citizens bancshares inc de,sec_current_name
0000813672,CADENCE DESIGN SYSTEMS INC,ECAD INC /DE/,ecad inc de,sec_former_name
0000816761,TERADATA CORP,TERADATA CORP /DE/,teradata corp de,sec_current_name
0000821130,ARRAY DIG INFRASTRUCTURE INC,UNITED STATES CELLULAR CORP,united states cellular,sec_current_name
0000082811,REGAL REXNORD CORP,REGAL BELOIT CORP,regal beloit,sec_former_name
0000082811,REGAL REXNORD CORP,BELOIT TOOL CORP,beloit tool,sec_former_name
0000082811,REGAL REXNORD CORP,RECORD A PUNCH CORP,record a punch,sec_former_name
0000831001,CITIGROUP INC,TRAVELERS GROUP INC,travelers,sec_former_name
0000831001,CITIGROUP INC,TRAVELERS INC,travelers,sec_former_name
0000831001,CITIGROUP INC,PRIMERICA CORP /NEW/,primerica corp new,sec_former_name
0000845877,FEDERAL AGRICULTURE MTG CP,FEDERAL AGRICULTURAL MORTGAGE CORP,federal agricultural mortgage,sec_current_name
0000860546,COPT DEFENSE PROPERTIES,CORPORATE OFFICE PROPERTIES TRUST,corporate office properties trust,sec_former_name
0000860546,COPT DEFENSE PROPERTIES,CORPORATE OFFICE PROPERTIES TRUST INC,corporate office properties trust,sec_former_name
0000860546,COPT DEFENSE PROPERTIES,ROYALE INVESTMENTS INC,royale investments,sec_former_name
0000873860,ONITY GROUP INC,OCWEN FINANCIAL CORP,ocwen financial,sec_former_name
0000873860,ONITY GROUP INC,OCWEN FINANCIAL Corp,ocwen financial,sec_former_name
0000874716,IDEXX LABS INC,IDEXX LABORATORIES INC /DE,idexx laboratories inc de,sec_current_name
0000874716,IDEXX LABS INC,IDEXX CORP / DE,idexx corp de,sec_former_name
0000874766,HARTFORD INSURANCE GROUP INC,"HARTFORD INSURANCE GROUP, INC.",hartford insurance group,sec_current_name
0000874766,HARTFORD INSURANCE GROUP INC,"HARTFORD FINANCIAL SERVICES GROUP, INC.",hartford financial services group,sec_former_name
0000874766,HARTFORD INSURANCE GROUP INC,HARTFORD FINANCIAL SERVICES GROUP INC/DE,hartford financial services group incde,sec_former_name
0000874766,HARTFORD INSURANCE GROUP INC,ITT HARTFORD GROUP INC /DE,itt hartford group inc de,sec_former_name
0000895421,MORGAN STANLEY,MORGAN STANLEY DEAN WITTER & CO,morgan stanley dean witter,sec_former_name
0000895421,MORGAN STANLEY,DEAN WITTER DISCOVER & CO,dean witter discover,sec_former_name
0000898174,REINSURANCE GROUP AMER INC,REINSURANCE GROUP OF AMERICA INC,reinsurance group of america,sec_current_name
0000091576,KEYCORP,KEYCORP /NEW/,keycorp new,sec_current_name
0000091576,KEYCORP,SOCIETY CORP,society,sec_former_name
0000930420,KFORCE INC,ROMAC INTERNATIONAL INC,romac international,sec_former_name
0000009326,BALCHEM CORP  -CL B,BALCHEM CORP,balchem,sec_current_name
0000093410,CHEVRON CORP,CHEVRONTEXACO CORP,chevrontexaco,sec_former_name
0000093410,CHEVRON CORP,STANDARD OIL CO OF CALIFORNIA,standard oil co of california,sec_former_name
0001081316,BERKSHIRE HATHAWAY ENERGY CO,MIDAMERICAN ENERGY HOLDINGS CO /NEW/,midamerican energy holdings co new,sec_former_name
0001081316,BERKSHIRE HATHAWAY ENERGY CO,MID AMERICAN ENERGY HOLDINGS CO /NEW/,mid american energy holdings co new,sec_former_name
0000075594,PACIFICORP,PACIFICORP /OR/,pacificorp or,sec_current_name
0000075594,PACIFICORP,PC/UP&L MERGING CORP,pcupl merging,sec_former_name
0000075594,PACIFICORP,PACIFICORP /ME/,pacificorp me,sec_former_name
0001603291,EASTERN ENERGY GAS HLDG LLC,"EASTERN ENERGY GAS HOLDINGS, LLC",eastern energy gas holdings,sec_current_name
0001603291,EASTERN ENERGY GAS HLDG LLC,"DOMINION ENERGY GAS HOLDINGS, LLC",dominion energy gas holdings,sec_former_name
0001603291,EASTERN ENERGY GAS HLDG LLC,"Dominion Energy Gas Holdings, LLC",dominion energy gas holdings,sec_former_name
0001603291,EASTERN ENERGY GAS HLDG LLC,"Dominion Gas Holdings, LLC",dominion gas holdings,sec_former_name
0000071180,NEVADA POWER CO,SOUTHERN NEVADA POWER CO,southern nevada power,sec_former_name
0000108772,Xerox Corp,HALOID XEROX INC,haloid xerox,sec_former_name
0001096343,MARKEL GROUP INC,"MARKEL GROUP, INC.",markel group,sec_former_name
0001177702,SAIA INC,SCS TRANSPORTATION INC,scs transportation,sec_former_name
0001273441,GRAN TIERRA ENERGY INC,GOLDSTRIKE INC,goldstrike,sec_former_name
0001273441,GRAN TIERRA ENERGY INC,GOLKSTRIKE INC,golkstrike,sec_former_name
0001333986,EQUITABLE HOLDINGS INC,"Equitable Holdings, Inc.",equitable holdings,sec_current_name
0001333986,EQUITABLE HOLDINGS INC,"AXA Equitable Holdings, Inc.",axa equitable holdings,sec_former_name
0001333986,EQUITABLE HOLDINGS INC,"AXA AMERICA HOLDINGS, INC.",axa america holdings,sec_former_name
0001334978,CLEAR CHANNEL OUTDOOR HLDGS,"Clear Channel Outdoor Holdings, Inc.",clear channel outdoor holdings,sec_current_name
0001370946,OWENS CORNING,Owens Corning (Reorganized) Inc.,owens corning reorganized,sec_former_name
0001394638,DRIVEITAWAY HOL INC,"Driveitaway Holdings, Inc.",driveitaway holdings,sec_current_name
0001394638,DRIVEITAWAY HOL INC,CREATIVE LEARNING Corp,creative learning,sec_former_name
0001394638,DRIVEITAWAY HOL INC,"B2 HEALTH, INC.",b2 health,sec_former_name
0001486957,BWX TECHNOLOGIES INC,Babcock & Wilcox Co,babcock wilcox,sec_former_name
0001512673,BLOCK INC,"Square, Inc.",square,sec_former_name
0001528129,VITAL ENGY INC,"Vital Energy, Inc.",vital energy,sec_current_name
0001528129,VITAL ENGY INC,"Laredo Petroleum, Inc.",laredo petroleum,sec_former_name
0001528129,VITAL ENGY INC,"Laredo Petroleum Holdings, Inc.",laredo petroleum holdings,sec_former_name
0001599298,SUMMIT THERAPEUTICS INC,Summit Corp plc,summit corp,sec_former_name
0001601548,V2X INC,"Vectrus, Inc.",vectrus,sec_former_name
0001601548,V2X INC,Exelis MSCO Inc.,exelis msco,sec_former_name
0001660280,TENABLE HOLDINGS INC,"Tenable Holdings, Inc.",tenable holdings,sec_current_name
0001670592,YETI HOLDINGS INC,"YETI Holdings, Inc.",yeti holdings,sec_current_name
0001717115,TEMPUS AI INC,"Tempus Labs, Inc.",tempus labs,sec_former_name
0001773751,HIMS & HERS HEALTH INC,Oaktree Acquisition Corp.,oaktree acquisition,sec_former_name
0001818644,AEYE INC,CF Finance Acquisition Corp. III,cf finance acquisition corp iii,sec_former_name
0001818874,SOFI TECHNOLOGIES INC,Social Capital Hedosophia Holdings Corp. V,social capital hedosophia holdings corp v,sec_former_name
0000922864,APARTMENT INVST & MGMT CO,APARTMENT INVESTMENT & MANAGEMENT CO,apartment investment management,sec_current_name
0001820878,Aimco OP L.P.,"Durango OP, LP",durango op lp,sec_former_name
0001858681,APOLLO GLOBAL MGMT INC,"Apollo Global Management, Inc.",apollo global management,sec_current_name
0001858681,APOLLO GLOBAL MGMT INC,"Tango Holdings, Inc.",tango holdings,sec_former_name
0001865111,ALPHA STAR ACQUIS CORP -REDH,Alpha Star Acquisition Corp,alpha star acquisition,sec_current_name
0001874178,RIVIAN AUTOMOTIVE INC,"Rivian Automotive, Inc. / DE",rivian automotive inc de,sec_current_name
0001944048,KENVUE INC,"JNTL, Inc.",jntl,sec_former_name
0000028412,COMERICA INC,COMERICA INC /NEW/,comerica inc new,sec_current_name
0000028412,COMERICA INC,DETROITBANK CORP,detroitbank,sec_former_name
0000034067,DMC GLOBAL INC,DYNAMIC MATERIALS CORP,dynamic materials,sec_former_name
0000034067,DMC GLOBAL INC,EXPLOSIVE FABRICATORS INC,explosive fabricators,sec_former_name
0000354707,HAWAIIAN ELECTRIC INDS,HAWAIIAN ELECTRIC INDUSTRIES INC,hawaiian electric industries,sec_current_name
0000073124,NORTHERN TRUST CORP,NORTRUST CORP,nortrust,sec_former_name
0000880266,AGCO CORP,AGCO CORP /DE,agco corp de,sec_current_name
0000882835,ROPER TECHNOLOGIES INC,ROPER INDUSTRIES INC,roper industries,sec_former_name
0000882835,ROPER TECHNOLOGIES INC,ROPER INDUSTRIES INC /DE/,roper industries inc de,sec_former_name
0000887596,CHEESECAKE FACTORY INC,CHEESECAKE FACTORY INCORPORATED,cheesecake factory incorporated,sec_former_name
0000890564,ASGN INC,ON ASSIGNMENT INC,on assignment,sec_former_name
0000903651,INNODATA INC,INNODATA ISOGEN INC,innodata isogen,sec_former_name
0000944695,HANOVER INSURANCE GROUP INC,"HANOVER INSURANCE GROUP, INC.",hanover insurance group,sec_current_name
0000944695,HANOVER INSURANCE GROUP INC,ALLMERICA FINANCIAL CORP,allmerica financial,sec_former_name
0001000228,HENRY SCHEIN INC,SCHEIN HENRY INC,schein henry,sec_former_name
0001000697,WATERS CORP,WATERS CORP /DE/,waters corp de,sec_current_name
0001000697,WATERS CORP,WCD INVESTORS INC /DE/,wcd investors inc de,sec_former_name
0001024795,HELIOS TECHNOLOGIES INC,SUN HYDRAULICS CORP,sun hydraulics,sec_former_name
0000102729,VALMONT INDUSTRIES INC,VALLEY MANUFACTURING CO,valley manufacturing,sec_former_name
0001032208,SEMPRA ENERGY,SEMPRA,sempra,sec_current_name
0001032208,SEMPRA ENERGY,MINERAL ENERGY CO,mineral energy,sec_former_name
0001049502,MKS INC,MKS INSTRUMENTS INC,mks instruments,sec_current_name
0001053507,AMERICAN TOWER CORP,AMERICAN TOWER CORP /MA/,american tower corp ma,sec_current_name
0001053507,AMERICAN TOWER CORP,AMERICAN TOWER SYSTEMS CORP,american tower systems,sec_former_name
0001060822,CARTER'S INC,CARTER HOLDINGS INC,carter,sec_former_name
0000107263,WILLIAMS COS INC,"WILLIAMS COMPANIES, INC.",williams companies,sec_current_name
0000107263,WILLIAMS COS INC,WILLIAMS COMPANIES INC,williams companies,sec_former_name
0000107263,WILLIAMS COS INC,WILLIAMS BROTHERS COMPANIES,williams brothers companies,sec_former_name
0000110019,NORTHWEST PIPELINE CORP,NORTHWEST PIPELINE GP,northwest pipeline gp,sec_former_name
0000099250,TRANSCONTINENTAL GAS PIPE LN,"TRANSCONTINENTAL GAS PIPE LINE COMPANY, LLC",transcontinental gas pipe line company,sec_current_name
0000099250,TRANSCONTINENTAL GAS PIPE LN,TRANSCONTINENTAL GAS PIPE LINE CORP,transcontinental gas pipe line,sec_former_name
0001075415,DIVERSIFIED HEALTHCARE TRUST,SENIOR HOUSING PROPERTIES TRUST,senior housing properties trust,sec_former_name
0001076930,NOVANTA INC,GSI GROUP INC,gsi,sec_former_name
0001076930,NOVANTA INC,GSI LUMONICS INC,gsi lumonics,sec_former_name
0001076930,NOVANTA INC,GSI LUMONICS,gsi lumonics,sec_former_name
0001084048,ZIFF DAVIS INC,"J2 GLOBAL, INC.",j2 global,sec_former_name
0001084048,ZIFF DAVIS INC,J2 GLOBAL COMMUNICATIONS INC,j2 global communications,sec_former_name
0001084048,ZIFF DAVIS INC,JFAX COM INC,jfax com,sec_former_name
0000109380,ZIONS BANCORPORATION NA,"ZIONS BANCORPORATION, NATIONAL ASSOCIATION /UT/",zions bancorporation national association ut,sec_current_name
0000109380,ZIONS BANCORPORATION NA,ZIONS BANCORPORATION /UT/,zions bancorporation ut,sec_former_name
0000109380,ZIONS BANCORPORATION NA,ZIONS UTAH BANCORPORATION,zions utah bancorporation,sec_former_name
0000109380,ZIONS BANCORPORATION NA,ZIONS FIRST NATIONAL INVESTMENT CO,zions first national investment,sec_former_name
0001098009,AMERICA GREAT HEALTH,CROWN MARKETING,crown marketing,sec_former_name
0001098009,AMERICA GREAT HEALTH,SPACE LAUNCHES FINANCING INC,space launches financing,sec_former_name
0001115055,PINNACLE FINL PARTNERS INC,PINNACLE FINANCIAL PARTNERS INC,pinnacle financial partners,sec_current_name
0001130713,BED BATH & BEYOND INC,"BEYOND, INC.",beyond,sec_current_name
0001130713,BED BATH & BEYOND INC,"OVERSTOCK.COM, INC",overstockcom,sec_former_name
0001130713,BED BATH & BEYOND INC,OVERSTOCK COM INC,overstock com,sec_former_name
0001136869,ZIMMER BIOMET HOLDINGS INC,"ZIMMER BIOMET HOLDINGS, INC.",zimmer biomet holdings,sec_current_name
0001136869,ZIMMER BIOMET HOLDINGS INC,ZIMMER HOLDINGS INC,zimmer,sec_former_name
0001140536,WILLIS TOWERS WATSON PLC,WILLIS GROUP HOLDINGS PLC,willis,sec_former_name
0001140536,WILLIS TOWERS WATSON PLC,WILLIS GROUP HOLDINGS LTD,willis,sec_former_name
0001173514,HYSTER YALE INC,"HYSTER-YALE, INC.",hysteryale,sec_current_name
0001173514,HYSTER YALE INC,"HYSTER-YALE MATERIALS HANDLING, INC.",hysteryale materials handling,sec_former_name
0001173514,HYSTER YALE INC,HYSTER YALE MATERIALS HANDLING INC.,hyster yale materials handling,sec_former_name
0001173514,HYSTER YALE INC,NMHG HOLDING CO,nmhg,sec_former_name
0001193311,ONCOR ELECTRIC DELIVERY CO,TXU ELECTRIC DELIVERY CO,txu electric delivery,sec_former_name
0001212545,WESTERN ALLIANCE BANCORP,WESTERN ALLIANCE BANCORPORATION,western alliance bancorporation,sec_current_name
0001262823,WESTLAKE CORP,WESTLAKE CHEMICAL CORP,westlake chemical,sec_former_name
0001275014,ULTRA CLEAN HOLDINGS INC,"Ultra Clean Holdings, Inc.",ultra clean holdings,sec_current_name
0001278752,MIDCAP FINANCIAL INVSMT CORP,MidCap Financial Investment Corp,midcap financial investment,sec_current_name
0001278752,MIDCAP FINANCIAL INVSMT CORP,APOLLO INVESTMENT CORP,apollo investment,sec_former_name
0001278752,MIDCAP FINANCIAL INVSMT CORP,APOLLO CAPITAL CORP,apollo capital,sec_former_name
0001297989,EXLSERVICE HOLDINGS INC,"ExlService Holdings, Inc.",exlservice holdings,sec_current_name
0001398987,ANYWHERE REAL ESTATE INC,REALOGY HOLDINGS CORP.,realogy,sec_former_name
0001398987,ANYWHERE REAL ESTATE INC,Realogy Holdings Corp.,realogy,sec_former_name
0001398987,ANYWHERE REAL ESTATE INC,Domus Holdings Corp.,domus,sec_former_name
0001355001,Realogy Group LLC,Anywhere Real Estate Group LLC,anywhere real estate,sec_current_name
0001361538,PRIMORIS SERVICES CORP,Rhapsody Acquisition Corp.,rhapsody acquisition,sec_former_name
0001389050,ARCHROCK INC,EXTERRAN HOLDINGS INC.,exterran,sec_former_name
0001389050,ARCHROCK INC,"Iliad Holdings, INC",iliad holdings,sec_former_name
0001418076,SLR INVESTMENT CORP,Solar Capital Ltd.,solar capital,sec_former_name
0001418135,KEURIG DR PEPPER INC,"Dr Pepper Snapple Group, Inc.",dr pepper snapple group,sec_former_name
0001418135,KEURIG DR PEPPER INC,CSAB Inc.,csab,sec_former_name
0001431695,OLO INC,"MOBO SYSTEMS, INC",mobo systems,sec_former_name
0001431695,OLO INC,MOBO SYSTEMS INC,mobo systems,sec_former_name
0001445305,WORKIVA INC,WEBFILINGS LLC,webfilings,sec_former_name
0001475841,NATIONAL BANK HLDGS CORP,National Bank Holdings Corp,national bank,sec_current_name
0001475841,NATIONAL BANK HLDGS CORP,NBH Holdings Corp.,nbh,sec_former_name
0001487952,VISHAY PRECISION GROUP INC,"Vishay Precision Group, Inc.",vishay precision group,sec_current_name
0001517175,CHEFS' WAREHOUSE INC,"Chefs' Warehouse Holdings, LLC",chefs warehouse holdings,sec_former_name
0001517302,ARTISAN PARTNERS ASSET MGMT,Artisan Partners Asset Management Inc.,artisan partners asset management,sec_current_name
0001519751,FORTUNE BRANDS INNOVATNS INC,"Fortune Brands Innovations, Inc.",fortune brands innovations,sec_current_name
0001519751,FORTUNE BRANDS INNOVATNS INC,"Fortune Brands Home & Security, Inc.",fortune brands home security,sec_former_name
0001519751,FORTUNE BRANDS INNOVATNS INC,Fortune Brands Home & Security LLC,fortune brands home security,sec_former_name
0001544206,CARLYLE SECURED LENDING INC,"TCG BDC, INC.",tcg bdc,sec_former_name
0001544206,CARLYLE SECURED LENDING INC,"Carlyle GMS Finance, Inc.",carlyle gms finance,sec_former_name
0001563190,COMPASS INC,"Urban Compass, Inc.",urban compass,sec_former_name
0001575828,EXPRO GROUP HOLDINGS N V,EXPRO GROUP HOLDINGS N.V.,expro group holdings nv,sec_current_name
0001575828,EXPRO GROUP HOLDINGS N V,FRANK'S INTERNATIONAL N.V.,franks international nv,sec_former_name
0001575828,EXPRO GROUP HOLDINGS N V,Frank's International N.V.,franks international nv,sec_former_name
0001582961,DIGITALOCEAN HOLDINGS INC,"DigitalOcean Holdings, Inc.",digitalocean holdings,sec_current_name
0001582961,DIGITALOCEAN HOLDINGS INC,"Digital Ocean, Inc.",digital ocean,sec_former_name
0001622229,COGENT BIOSCIENCES INC,Unum Therapeutics Inc.,unum therapeutics,sec_former_name
0001622229,COGENT BIOSCIENCES INC,"Unum Therapeutics, Inc.",unum therapeutics,sec_former_name
0001639691,LIVANOVA PLC,Sand Holdco Plc,sand holdco,sec_former_name
0001639691,LIVANOVA PLC,Sand Holdco Ltd,sand holdco,sec_former_name
0001649094,VAXCYTE INC,"SutroVax, Inc.",sutrovax,sec_former_name
0001649749,FB FINANCIAL CORP,"First South Bancorp, Inc.",first south bancorp,sec_former_name
0001659166,FORTIVE CORP,TGA Holding Corp.,tga,sec_former_name
0001725255,ADAPTHEALTH CORP,DFB Healthcare Acquisitions Corp.,dfb healthcare acquisitions,sec_former_name
0001730430,KINIKSA PHRMCTICALS INTL PLC,"Kiniksa Pharmaceuticals International, plc",kiniksa pharmaceuticals international,sec_current_name
0001730430,KINIKSA PHRMCTICALS INTL PLC,"Kiniksa Pharmaceuticals, Ltd.",kiniksa pharmaceuticals,sec_former_name
0001739104,ELANCO ANIMAL HLTH INC,Elanco Animal Health Inc,elanco animal health,sec_current_name
0001746618,REVOLVE GROUP INC,"Revolve Group, Inc.",revolve group,sec_current_name
0001746618,REVOLVE GROUP INC,"Revolve Group, LLC",revolve group,sec_former_name
0001746618,REVOLVE GROUP INC,"Advance Holdings, LLC",advance holdings,sec_former_name
0001759631,HYLIION HOLDINGS CORP,Tortoise Acquisition Corp.,tortoise acquisition,sec_former_name
0001761312,PALOMAR HOLDINGS INC,"Palomar Holdings, Inc.",palomar holdings,sec_current_name
0001761312,PALOMAR HOLDINGS INC,GC Palomar Holdings,gc palomar,sec_former_name
0001781755,BALDWIN INSURANCE GROUP INC,"Baldwin Insurance Group, Inc.",baldwin insurance group,sec_current_name
0001781755,BALDWIN INSURANCE GROUP INC,"BRP Group, Inc.",brp group,sec_former_name
0001784535,PORCH GROUP INC,"Porch Group, Inc.",porch group,sec_current_name
0001784535,PORCH GROUP INC,PropTech Acquisition Corp,proptech acquisition,sec_former_name
0001787306,ARCUTIS BIOTHERAPEUTICS INC,"Arcutis, Inc.",arcutis,sec_former_name
0001794515,ZOOMINFO TECHNO INC,ZoomInfo Technologies Inc.,zoominfo technologies,sec_current_name
0001807846,MONEYLION INC,Fusion Acquisition Corp.,fusion acquisition,sec_former_name
0001811210,LUCID GROUP INC,"Lucid Group, Inc.",lucid group,sec_current_name
0001811210,LUCID GROUP INC,Churchill Capital Corp IV,churchill capital corp iv,sec_former_name
0001811210,LUCID GROUP INC,Annetta Acquisition Corp,annetta acquisition,sec_former_name
0001818201,CCC INTELLIGENT SOLUTIONS HL,CCC Intelligent Solutions Holdings Inc.,ccc intelligent solutions,sec_current_name
0001818201,CCC INTELLIGENT SOLUTIONS HL,Dragoneer Growth Opportunities Corp.,dragoneer growth opportunities,sec_former_name
0001819989,CIPHER DIGITAL INC,Cipher Mining Inc.,cipher mining,sec_current_name
0001819989,CIPHER DIGITAL INC,GOOD WORKS ACQUISITION CORP.,good works acquisition,sec_former_name
0001825024,OFFERPAD SOLUTIONS INC,"Supernova Partners Acquisition Company, Inc.",supernova partners acquisition company,sec_former_name
0001828318,ENOVIX CORP,Rodgers Silicon Valley Acquisition Corp,rodgers silicon valley acquisition,sec_former_name
0001830214,GINKGO BIOWORKS HOLDINGS INC,"Ginkgo Bioworks Holdings, Inc.",ginkgo bioworks holdings,sec_current_name
0001830214,GINKGO BIOWORKS HOLDINGS INC,Soaring Eagle Acquisition Corp.,soaring eagle acquisition,sec_former_name
0001830214,GINKGO BIOWORKS HOLDINGS INC,Spinning Eagle Acquisition Corp.,spinning eagle acquisition,sec_former_name
0001831097,AGILON HEALTH INC,"Agilon Health Topco, Inc.",agilon health topco,sec_former_name
0001831651,SHOALS TECHNOLOGIES GRP INC,"Shoals Technologies Group, Inc.",shoals technologies group,sec_current_name
0001984060,ATLAS ENERGY SOLUTIONS INC,New Atlas HoldCo Inc.,new atlas holdco,sec_former_name
0002012383,BLACKROCK INC,"BlackRock Funding, Inc. /DE",blackrock funding inc de,sec_former_name
0000028823,DIEBOLD NIXDORF INC,DIEBOLD INC,diebold,sec_former_name
0000310158,MERCK & CO INC,"Merck & Co., Inc.",merck co,sec_current_name
0000310158,MERCK & CO INC,SCHERING PLOUGH CORP,schering plough,sec_former_name
0000031791,REVVITY INC,PERKINELMER INC,perkinelmer,sec_former_name
0000031791,REVVITY INC,EG&G INC,egg,sec_former_name
0000031791,REVVITY INC,EDGERTON GERMESHAUSEN & GRIER INC,edgerton germeshausen grier,sec_former_name
0000003197,CECO ENVIRONMENTAL CORP,API ENTERPRISES INC,api enterprises,sec_former_name
0000003197,CECO ENVIRONMENTAL CORP,ALARM PRODUCTS INTERNATIONAL INC,alarm products international,sec_former_name
0000048287,HNI CORP,HON INDUSTRIES INC,hon industries,sec_former_name
0000048287,HNI CORP,HOME O NIZE CO,home o nize,sec_former_name
0000051143,INTL BUSINESS MACHINES CORP,INTERNATIONAL BUSINESS MACHINES CORP,international business machines,sec_current_name
0000704532,ONTO INNOVATION INC,NANOMETRICS INC,nanometrics,sec_former_name
0000070858,BANK OF AMERICA CORP,BANK OF AMERICA CORP /DE/,bank of america corp de,sec_current_name
0000070858,BANK OF AMERICA CORP,BANKAMERICA CORP/DE/,bankamerica corpde,sec_former_name
0000070858,BANK OF AMERICA CORP,NATIONSBANK CORP,nationsbank,sec_former_name
0000070858,BANK OF AMERICA CORP,NCNB CORP,ncnb,sec_former_name
0000764622,PINNACLE WEST CAPITAL CORP,AZP GROUP INC,azp,sec_former_name
0000072971,WELLS FARGO & CO,WELLS FARGO & COMPANY/MN,wells fargo companymn,sec_current_name
0000072971,WELLS FARGO & CO,WELLS FARGO & CO/MN,wells fargo comn,sec_former_name
0000072971,WELLS FARGO & CO,NORWEST CORP,norwest,sec_former_name
0000072971,WELLS FARGO & CO,NORTHWEST BANCORPORATION,northwest bancorporation,sec_former_name
0000730708,SEACOAST BANKING CORP/FL,SEACOAST BANKING CORP OF FLORIDA,seacoast banking corp of florida,sec_current_name
0000737468,WASHINGTON TR BANCORP INC,WASHINGTON TRUST BANCORP INC,washington trust bancorp,sec_current_name
0000007431,ARMSTRONG WORLD INDUSTRIES,ARMSTRONG CORK CO,armstrong cork,sec_former_name
0000750004,LIGHT & WONDER INC,SCIENTIFIC GAMES CORP,scientific games,sec_former_name
0000750004,LIGHT & WONDER INC,AUTOTOTE CORP,autotote,sec_former_name
0000750004,LIGHT & WONDER INC,UNITED TOTE INC,united tote,sec_former_name
0000764065,CLEVELAND-CLIFFS INC,CLIFFS NATURAL RESOURCES INC.,cliffs natural resources,sec_former_name
0000764065,CLEVELAND-CLIFFS INC,CLEVELAND CLIFFS INC,cleveland cliffs,sec_former_name
0000077360,PENTAIR PLC,PENTAIR INDUSTRIES INC,pentair industries,sec_former_name
0000780571,ITRON INC,ITRON INC /WA/,itron inc wa,sec_former_name
0000788784,PUBLIC SERVICE ENTRP GRP INC,PUBLIC SERVICE ENTERPRISE GROUP INC,public service enterprise,sec_current_name
0000081033,PUBLIC SERVICE ELEC & GAS CO,PUBLIC SERVICE ELECTRIC & GAS CO,public service electric gas,sec_current_name
0000789460,WORLD KINECT CORP,WORLD FUEL SERVICES CORP,world fuel services,sec_former_name
0000789460,WORLD KINECT CORP,INTERNATIONAL RECOVERY CORP,international recovery,sec_former_name
0000844965,TETRA TECHNOLOGIES INC/DE,TETRA TECHNOLOGIES INC,tetra technologies,sec_current_name
0000858470,COTERRA ENERGY INC,CABOT OIL & GAS CORP,cabot oil gas,sec_former_name
0000878927,OLD DOMINION FREIGHT,"OLD DOMINION FREIGHT LINE, INC.",old dominion freight line,sec_current_name
0000878927,OLD DOMINION FREIGHT,OLD DOMINION FREIGHT LINE INC/VA,old dominion freight line incva,sec_former_name
0000884624,ORTHOFIX MEDICAL INC,ORTHOFIX INTERNATIONAL N V,orthofix international n v,sec_former_name
0000886346,KADANT INC,THERMO FIBERTEK INC,thermo fibertek,sec_former_name
0000895417,EQUITY LIFESTYLE PPTYS INC,EQUITY LIFESTYLE PROPERTIES INC,equity lifestyle properties,sec_current_name
0000895417,EQUITY LIFESTYLE PPTYS INC,MANUFACTURED HOME COMMUNITIES INC,manufactured home communities,sec_former_name
0000914208,INVESCO LTD,Invesco Asset Management Deutschland GMBH,invesco asset management deutschland gmbh,sec_former_name
0000916540,DARLING INGREDIENTS INC,DARLING INTERNATIONAL INC,darling international,sec_former_name
0000917520,INTEGRA LIFESCIENCES HOLDNGS,INTEGRA LIFESCIENCES HOLDINGS CORP,integra lifesciences,sec_current_name
0000917520,INTEGRA LIFESCIENCES HOLDNGS,INTEGRA LIFESCIENCES CORP,integra lifesciences,sec_former_name
0000920148,LABCORP HOLDINGS INC,LABORATORY CORP OF AMERICA HOLDINGS,laboratory corp of america,sec_former_name
0000920148,LABCORP HOLDINGS INC,NATIONAL HEALTH LABORATORIES HOLDINGS INC,national health laboratories,sec_former_name
0000092230,TRUIST FINANCIAL CORP,BB&T CORP,bbt,sec_former_name
0000092230,TRUIST FINANCIAL CORP,SOUTHERN NATIONAL CORP /NC/,southern national corp nc,sec_former_name
0000933036,UPBOUND GROUP INC,"UPBOUND GROUP, INC.",upbound group,sec_current_name
0000933036,UPBOUND GROUP INC,RENT A CENTER INC DE,rent a center inc de,sec_former_name
0000933036,UPBOUND GROUP INC,RENTERS CHOICE INC,renters choice,sec_former_name
0000940942,HUB GROUP INC  -CL A,"Hub Group, Inc.",hub group,sec_current_name
0000940942,HUB GROUP INC  -CL A,Hub Group,hub,sec_former_name
0000940942,HUB GROUP INC  -CL A,HUB GROUP INC,hub,sec_former_name
0000949870,BOSTON BEER INC  -CL A,BOSTON BEER CO INC,boston beer,sec_current_name
0001516912,ORIGIN BANCORP,Community Trust Financial Corp,community trust financial,sec_former_name
0000101199,UNITED FIRE GROUP INC,"UNITED FIRE GROUP, INC.",united fire group,sec_former_name
0000101199,UNITED FIRE GROUP INC,UNITED FIRE & CASUALTY CO,united fire casualty,sec_former_name
0001012100,SEALED AIR CORP,SEALED AIR CORP/DE,sealed air corpde,sec_current_name
0001012100,SEALED AIR CORP,WR GRACE & CO/DE,wr grace code,sec_former_name
0001012100,SEALED AIR CORP,GRACE HOLDING INC,grace,sec_former_name
0001013488,BJ'S RESTAURANTS INC,CHICAGO PIZZA & BREWERY INC,chicago pizza brewery,sec_former_name
0001014739,OPTION CARE HEALTH INC,"BioScrip, Inc.",bioscrip,sec_former_name
0001014739,OPTION CARE HEALTH INC,MIM CORP,mim,sec_former_name
0001035002,VALERO ENERGY CORP,VALERO ENERGY CORP/TX,valero energy corptx,sec_current_name
0001045810,NVIDIA CORP,NVIDIA CORP/DE,nvidia corpde,sec_former_name
0001045810,NVIDIA CORP,NVIDIA CORP/CA,nvidia corpca,sec_former_name
0001046102,RB GLOBAL INC,RITCHIE BROS AUCTIONEERS INC,ritchie bros auctioneers,sec_former_name
0000104889,GRAHAM HOLDINGS CO,WASHINGTON POST CO,washington post,sec_former_name
0000104918,AVISTA CORP,WASHINGTON WATER POWER CO,washington water power,sec_former_name
0000105634,EMCOR GROUP INC,"EMCOR Group, Inc.",emcor group,sec_current_name
0000105634,EMCOR GROUP INC,JWP INC/DE/,jwp incde,sec_former_name
0000105634,EMCOR GROUP INC,JAMAICA WATER PROPERTIES INC,jamaica water properties,sec_former_name
0001070750,HOST HOTELS & RESORTS INC,HOST MARRIOTT CORP/,host marriott corp,sec_former_name
0001070750,HOST HOTELS & RESORTS INC,HMC MERGER CORP,hmc merger,sec_former_name
0001061937,HOST HOTELS & RESORTS LP,HOST Hotels & Resorts L P,host hotels resorts l p,sec_former_name
0001061937,HOST HOTELS & RESORTS LP,HOST MARRIOTT L P,host marriott l p,sec_former_name
0001069258,KRATOS DEFENSE & SECURITY,"KRATOS DEFENSE & SECURITY SOLUTIONS, INC.",kratos defense security solutions,sec_current_name
0001069258,KRATOS DEFENSE & SECURITY,WIRELESS FACILITIES INC,wireless facilities,sec_former_name
0001080014,INNOVIVA INC,THERAVANCE INC,theravance,sec_former_name
0001080014,INNOVIVA INC,ADVANCED MEDICINE INC,advanced medicine,sec_former_name
0001128361,HOPE BANCORP INC,BBCN BANCORP INC,bbcn bancorp,sec_former_name
0001128361,HOPE BANCORP INC,NARA BANCORP INC,nara bancorp,sec_former_name
0001157601,MADRIGAL PHARMACEUTICALS INC,SYNTA PHARMACEUTICALS CORP,synta pharmaceuticals,sec_former_name
0001224608,CNO FINANCIAL GROUP INC,"CNO Financial Group, Inc.",cno financial group,sec_current_name
0001224608,CNO FINANCIAL GROUP INC,CONSECO INC,conseco,sec_former_name
0001286139,LEGALZOOM.COM INC,LEGALZOOM COM INC,legalzoom com,sec_former_name
0001340476,DIRTT ENVIRONMENTL SOLUTIONS,DIRTT ENVIRONMENTAL SOLUTIONS LTD,dirtt environmental solutions,sec_current_name
0001350653,ALPHATEC HOLDINGS INC,"Alphatec Holdings, Inc.",alphatec holdings,sec_current_name
0001369568,CATALYST PHARMACEUTICALS INC,"CATALYST PHARMACEUTICAL PARTNERS, INC.",catalyst pharmaceutical partners,sec_former_name
0001369568,CATALYST PHARMACEUTICALS INC,"Catalyst Pharmaceutical Partners, Inc.",catalyst pharmaceutical partners,sec_former_name
0001373670,GREEN BRICK PARTNERS INC,BioFuel Energy Corp.,biofuel energy,sec_former_name
0001411579,AMC ENTERTAINMENT HOLDINGS,"AMC ENTERTAINMENT HOLDINGS, INC.",amc entertainment holdings,sec_current_name
0001420800,ENOVIS CORP,Colfax CORP,colfax,sec_former_name
0001482981,VITA COCO COMPANY INC,"Vita Coco Company, Inc.",vita coco company,sec_current_name
0001482981,VITA COCO COMPANY INC,All Market Inc.,all market,sec_former_name
0001482981,VITA COCO COMPANY INC,"All Market, Inc.",all market,sec_former_name
0001482981,VITA COCO COMPANY INC,"Vita Coco Company, Inc.",vita coco company,sec_former_name
0001496099,NEW MOUNTAIN FINANCE CORP,New Mountain Guardian Corp,new mountain guardian,sec_former_name
0001517228,VISTANCE NETWORKS INC,"CommScope Holding Company, Inc.",commscope holding company,sec_current_name
0001517413,FASTLY INC,"Skycache, Inc.(DE)",skycache incde,sec_former_name
0001521036,LANTHEUS HOLDINGS INC,"Lantheus Holdings, Inc.",lantheus holdings,sec_current_name
0001521036,LANTHEUS HOLDINGS INC,"Lantheus MI Holdings, Inc.",lantheus mi holdings,sec_former_name
0001521951,FIRST BUSINESS FINL SRV INC,"FIRST BUSINESS FINANCIAL SERVICES, INC.",first business financial services,sec_current_name
0001521951,FIRST BUSINESS FINL SRV INC,"First Business Financial Services, Inc.",first business financial services,sec_former_name
0001580560,FLYWIRE CORP,peerTransfer Corp,peertransfer,sec_former_name
0001595974,MAGNITE INC,"RUBICON PROJECT, INC.",rubicon project,sec_former_name
0001602065,"Viper Energy, Inc.",Viper Energy Partners LP,viper energy partners lp,sec_former_name
0001606498,AVANOS MEDICAL INC,"Halyard Health, Inc.",halyard health,sec_former_name
0001611052,PROCORE TECHNOLGY INC,"PROCORE TECHNOLOGIES, INC.",procore technologies,sec_current_name
0001620393,NEXPOINT RESIDENTIAL TR INC,"NexPoint Residential Trust, Inc.",nexpoint residential trust,sec_current_name
0001636422,HEALTH CATALYST INC,"HQC Holdings, Inc.",hqc holdings,sec_former_name
0001639438,CAVA GROUP INC,"CAVA GROUP, INC.",cava group,sec_current_name
0001690334,SEACOR MARINE HLDGS INC,SEACOR Marine Holdings Inc.,seacor marine,sec_current_name
0001694426,DELEK US HOLDINGS INC,"Delek US Holdings, Inc.",delek us holdings,sec_current_name
0001694426,DELEK US HOLDINGS INC,"Delek Holdco, Inc.",delek holdco,sec_former_name
0001706946,VIRGIN GALACTIC HOLDINGS INC,"Virgin Galactic Holdings, Inc",virgin galactic holdings,sec_current_name
0001706946,VIRGIN GALACTIC HOLDINGS INC,"Virgin Galactic Vehicle Holdings, Inc",virgin galactic vehicle holdings,sec_former_name
0001706946,VIRGIN GALACTIC HOLDINGS INC,Social Capital Hedosophia Holdings Corp.,social capital hedosophia,sec_former_name
0001710155,NATIONAL VISION HOLDINGS INC,"National Vision Holdings, Inc.",national vision holdings,sec_current_name
0001736035,BLACKSTONE SECURED LENDING F,Blackstone Secured Lending Fund,blackstone secured lending fund,sec_current_name
0001736035,BLACKSTONE SECURED LENDING F,Blackstone / GSO Secured Lending Fund,blackstone gso secured lending fund,sec_former_name
0001783398,UWM HOLDINGS CORP,"Gores Holdings IV, Inc.",gores holdings iv,sec_former_name
0001788882,ROOT INC,"Root Stockholdings, Inc.",root stockholdings,sec_former_name
0001793229,CLARITEV CORP,MultiPlan Corp,multiplan,sec_former_name
0001793229,CLARITEV CORP,Churchill Capital Corp III,churchill capital corp iii,sec_former_name
0001793229,CLARITEV CORP,Butler Acquisition Corp,butler acquisition,sec_former_name
0001804745,DRIVEN BRANDS HOLDINGS INC,RC Driven Holdings LLC,rc driven,sec_former_name
0001806310,TAYSHA GENE THERPS INC,"Taysha Gene Therapies, Inc.",taysha gene therapies,sec_current_name
0001809987,MIRION TECHNOLOGIES INC,GS Acquisition Holdings Corp II,gs acquisition holdings corp ii,sec_former_name
0001811414,QUANTUMSCAPE CORP,Kensington Capital Acquisition Corp.,kensington capital acquisition,sec_former_name
0001819394,MATTERPORT INC,"Matterport, Inc./DE",matterport incde,sec_current_name
0001819394,MATTERPORT INC,"Gores Holdings VI, Inc.",gores holdings vi,sec_former_name
0001821586,MOONLAKE IMMUNOTHERAPEUTICS,Helix Acquisition Corp,helix acquisition,sec_former_name
0001824920,IONQ INC,"dMY Technology Group, Inc. III",dmy technology group inc iii,sec_former_name
0001839839,JANUS INTERNATIONL GROUP INC,"Janus International Group, Inc.",janus international group,sec_current_name
0001839839,JANUS INTERNATIONL GROUP INC,"Janus Parent, Inc.",janus parent,sec_former_name
0001866368,CLEARWATER ANA HOL INC,"Clearwater Analytics Holdings, Inc.",clearwater analytics holdings,sec_current_name
0001868159,LINEAGE INC,"Lineage Growth Properties, Inc.",lineage growth properties,sec_former_name
0001876588,ZIMVIE INC,"ZB SpinCo Holdings, Inc.",zb spinco holdings,sec_former_name
0001936258,NEWAMSTERDAM PHARMA COMPANY,NewAmsterdam Pharma Co N.V.,newamsterdam pharma co nv,sec_current_name
0001936258,NEWAMSTERDAM PHARMA COMPANY,NewAmsterdam Pharma Co B.V.,newamsterdam pharma co bv,sec_former_name
0001949543,SITIO ROYALTIES CORP,"Snapper Merger Sub I, Inc.",snapper merger sub i,sec_former_name
0000912752,Sinclair Broadcast Group Inc,"Sinclair Broadcast Group, LLC",sinclair broadcast group,sec_current_name
0001973266,TKO GROUP HOLDINGS INC,"TKO Group Holdings, Inc.",tko group holdings,sec_current_name
0001973266,TKO GROUP HOLDINGS INC,New Whale Inc.,new whale,sec_former_name
0001981599,CENTURI HOLDINGS INC,"Centuri Holdings, Inc.",centuri holdings,sec_current_name
0000277509,FEDERAL SIGNAL CORP,FEDERAL SIGNAL CORP /DE/,federal signal corp de,sec_current_name
0000277509,FEDERAL SIGNAL CORP,FEDERAL SIGN & SIGNAL CORP /DE/,federal sign signal corp de,sec_former_name
0000030625,FLOWSERVE CORP,DURCO INTERNATIONAL INC,durco international,sec_former_name
0000030625,FLOWSERVE CORP,DURIRON CO INC,duriron,sec_former_name
0000030625,FLOWSERVE CORP,THE DURIRON CO INC,the duriron,sec_former_name
0000320335,GLOBE LIFE INC,TORCHMARK CORP,torchmark,sec_former_name
0000320335,GLOBE LIFE INC,TORCHMARK CORP SAVINGS & INVESTMENT PLAN,torchmark corp savings investment plan,sec_former_name
0000320335,GLOBE LIFE INC,LIBERTY NATIONAL INSURANCE HOLDING CO,liberty national insurance,sec_former_name
0000351834,SUNOPTA INC,STAKE TECHNOLOGY LTD,stake technology,sec_former_name
0000004977,AFLAC INC,AMERICAN FAMILY CORP,american family,sec_former_name
0000059527,LINCOLN ELECTRIC HLDGS INC,LINCOLN ELECTRIC HOLDINGS INC,lincoln electric,sec_current_name
0000059527,LINCOLN ELECTRIC HLDGS INC,LINCOLN ELECTRIC CO,lincoln electric,sec_former_name
0000063276,MATTEL INC,MATTEL INC /DE/,mattel inc de,sec_current_name
0000700923,MYR GROUP INC,MYERS L E CO GROUP,myers l e co,sec_former_name
0000701347,CENTRAL PACIFIC FINANCIAL CP,CENTRAL PACIFIC FINANCIAL CORP,central pacific financial,sec_current_name
0000701347,CENTRAL PACIFIC FINANCIAL CP,CPB INC,cpb,sec_former_name
0000715072,RENASANT CORP,PEOPLES HOLDING CO,peoples,sec_former_name
0000745308,ST JOE CO,ST JOE PAPER CO,st joe paper,sec_former_name
0000752642,UMH PROPERTIES INC,UNITED MOBILE HOMES INC,united mobile homes,sec_former_name
0000764180,ALTRIA GROUP INC,"ALTRIA GROUP, INC.",altria group,sec_current_name
0000764180,ALTRIA GROUP INC,PHILIP MORRIS COMPANIES INC,philip morris companies,sec_former_name
0000792966,FARMERS & MERCHANTS BCP/OH,FARMERS & MERCHANTS BANCORP INC,farmers merchants bancorp,sec_current_name
0000793952,HARLEY-DAVIDSON INC,HARLEY DAVIDSON INC,harley davidson,sec_former_name
0000800240,ODP CORP,OFFICE DEPOT INC,office depot,sec_former_name
0000813762,ICAHN ENTERPRISES LP,AMERICAN REAL ESTATE PARTNERS L P,american real estate partners l p,sec_former_name
0000813828,CBS Corp,Paramount Global,paramount global,sec_current_name
0000813828,CBS Corp,ViacomCBS Inc.,viacomcbs,sec_former_name
0000813828,CBS Corp,VIACOM INC,viacom,sec_former_name
0000819793,ALBANY INTL CORP  -CL A,ALBANY INTERNATIONAL CORP /DE/,albany international corp de,sec_current_name
0000819793,ALBANY INTL CORP  -CL A,ALBINT INC,albint,sec_former_name
0000849395,CRH PLC,CRH PUBLIC LTD CO,crh public ltd,sec_current_name
0000874238,STERLING INFRASTRUCTURE INC,STERLING CONSTRUCTION CO INC,sterling construction,sec_former_name
0000874238,STERLING INFRASTRUCTURE INC,OAKHURST CO INC,oakhurst,sec_former_name
0000874238,STERLING INFRASTRUCTURE INC,OAKHURST CAPITAL INC,oakhurst capital,sec_former_name
0000874499,GULFPORT ENERGY CORP,WRT ENERGY CORP,wrt energy,sec_former_name
0000874499,GULFPORT ENERGY CORP,WESTERN RESOURCE TECHNOLOGIES INC,western resource technologies,sec_former_name
0000876437,MGIC INVESTMENT CORP/WI,MGIC INVESTMENT CORP,mgic investment,sec_current_name
0000877422,SPARTANNASH CO,SPARTAN STORES INC,spartan stores,sec_former_name
0000880631,WISDOMTREE INC,"WisdomTree Investments, Inc.",wisdomtree investments,sec_former_name
0000880631,WISDOMTREE INC,INDEX DEVELOPMENT PARTNERS INC,index development partners,sec_former_name
0000880631,WISDOMTREE INC,FINANCIAL DATA SYSTEMS,financial data systems,sec_former_name
0000008818,AVERY DENNISON CORP,AVERY INTERNATIONAL CORP,avery international,sec_former_name
0000008818,AVERY DENNISON CORP,AVERY PRODUCTS CORP,avery products,sec_former_name
0000088205,SPX TECHNOLOGIES INC,SPX CORP,spx,sec_former_name
0000088205,SPX TECHNOLOGIES INC,SEALED POWER CORP,sealed power,sec_former_name
0000909108,DIAMOND HILL INVESTMENT GRP,DIAMOND HILL INVESTMENT GROUP INC,diamond hill investment,sec_current_name
0000909108,DIAMOND HILL INVESTMENT GRP,BANC STOCK GROUP INC,banc stock,sec_former_name
0000909108,DIAMOND HILL INVESTMENT GRP,HEARTLAND GROUP OF COMPANIES INC,heartland group of companies,sec_former_name
0000909108,DIAMOND HILL INVESTMENT GRP,HEARTLAND FINANCIAL GROUP INC,heartland financial,sec_former_name
0000909724,TANDY LEATHER FACTORY INC,LEATHER FACTORY INC,leather factory,sec_former_name
0000945114,GLOBAL INDUSTRIAL CO,SYSTEMAX INC,systemax,sec_former_name
0000945114,GLOBAL INDUSTRIAL CO,GLOBAL DIRECTMAIL CORP,global directmail,sec_former_name
0000945394,SERVICE PROPERTIES TRUST,HOSPITALITY PROPERTIES TRUST,hospitality properties trust,sec_former_name
0000946673,BANNER CORP,FIRST WASHINGTON BANCORP INC /WA/,first washington bancorp inc wa,sec_former_name
0000946673,BANNER CORP,FIRST SAVINGS BANK OF WASHINGTON BANCORP INC,first savings bank of washington bancorp,sec_former_name
0001000623,MATIV HOLDINGS INC,"Mativ Holdings, Inc.",mativ holdings,sec_current_name
0001000623,MATIV HOLDINGS INC,SCHWEITZER MAUDUIT INTERNATIONAL INC,schweitzer mauduit international,sec_former_name
0000100517,UNITED AIRLINES HOLDINGS INC,"United Airlines Holdings, Inc.",united airlines holdings,sec_current_name
0000100517,UNITED AIRLINES HOLDINGS INC,"United Continental Holdings, Inc.",united continental holdings,sec_former_name
0000100517,UNITED AIRLINES HOLDINGS INC,UAL CORP /DE/,ual corp de,sec_former_name
0000100517,UNITED AIRLINES HOLDINGS INC,ALLEGIS CORP,allegis,sec_former_name
0000319687,UNITED AIRLINES INC,"CONTINENTAL AIRLINES, INC.",continental airlines,sec_former_name
0000319687,UNITED AIRLINES INC,CONTINENTAL AIRLINES INC /DE/,continental airlines inc de,sec_former_name
0000319687,UNITED AIRLINES INC,PEOPLE EXPRESS AIRLINES INC,people express airlines,sec_former_name
0000101382,UMB FINANCIAL CORP,UNITED MISSOURI BANCSHARES INC,united missouri bancshares,sec_former_name
0000101382,UMB FINANCIAL CORP,MISSOURI BANCSHARES INC,missouri bancshares,sec_former_name
0001013880,TTEC HOLDINGS INC,"TTEC Holdings, Inc.",ttec holdings,sec_current_name
0001013880,TTEC HOLDINGS INC,TELETECH HOLDINGS INC,teletech,sec_former_name
0001013934,STRATEGIC EDUCATION INC,STRAYER EDUCATION INC,strayer education,sec_former_name
0001030469,OFG BANCORP,ORIENTAL FINANCIAL GROUP INC,oriental financial,sec_former_name
0000715957,DOMINION ENERGY INC,DOMINION ENERGY INC /VA/,dominion energy inc va,sec_former_name
0000715957,DOMINION ENERGY INC,DOMINION RESOURCES INC /VA/,dominion resources inc va,sec_former_name
0001037540,BXP INC,BOSTON PROPERTIES INC,boston properties,sec_former_name
0001044777,ONESPAN INC,One Span Inc.,one span,sec_former_name
0001044777,ONESPAN INC,VASCO DATA SECURITY INTERNATIONAL INC,vasco data security international,sec_former_name
0001045450,EPR PROPERTIES,ENTERTAINMENT PROPERTIES TRUST,entertainment properties trust,sec_former_name
0001046025,HERITAGE FINANCIAL CORP,HERITAGE FINANCIAL CORP /WA/,heritage financial corp wa,sec_current_name
0001050441,EAGLE BANCORP INC/MD,EAGLE BANCORP INC,eagle bancorp,sec_current_name
0000790816,BRANDYWINE REALTY TRUST,LINPRO SPECIFIED PROPERTIES,linpro specified properties,sec_former_name
0001060386,"BRANDYWINE OPERATING PARTNERSHIP, L.P.",BRANDYWINE OPERATING PARTNERSHIP LP /PA,brandywine operating partnership lp pa,sec_former_name
0001086600,ALLIANCE RESOURCE PTNRS  -LP,ALLIANCE RESOURCE PARTNERS LP,alliance resource partners lp,sec_current_name
0001326160,DUKE ENERGY CORP,Deer Holding Corp.,deer,sec_former_name
0000020290,DUKE ENERGY OHIO INC,CINCINNATI GAS & ELECTRIC CO,cincinnati gas electric,sec_former_name
0000030371,DUKE ENERGY CAROLINAS LLC,Duke Power CO LLC,duke power,sec_former_name
0000030371,DUKE ENERGY CAROLINAS LLC,DUKE ENERGY CORP,duke energy,sec_former_name
0000030371,DUKE ENERGY CAROLINAS LLC,DUKE POWER CO /NC/,duke power co nc,sec_former_name
0000081020,DUKE ENERGY INDIANA INC,PSI ENERGY INC,psi energy,sec_former_name
0000081020,DUKE ENERGY INDIANA INC,PUBLIC SERVICE CO OF INDIANA INC,public service co of indiana,sec_former_name
0001094093,PROGRESS ENERGY INC,CP&L ENERGY INC,cpl energy,sec_former_name
0001094093,PROGRESS ENERGY INC,CP&L HOLDINGS INC,cpl,sec_former_name
0000017797,DUKE ENERGY PROGRESS INC,"DUKE ENERGY PROGRESS, LLC.",duke energy progress llc,sec_current_name
0000017797,DUKE ENERGY PROGRESS INC,CAROLINA POWER & LIGHT CO,carolina power light,sec_former_name
0001095073,EVEREST GROUP LTD,"EVEREST GROUP, LTD.",everest group,sec_current_name
0001095073,EVEREST GROUP LTD,EVEREST RE GROUP LTD,everest re,sec_former_name
0001095073,EVEREST GROUP LTD,EVEREST REINSURANCE GROUP LTD,everest reinsurance,sec_former_name
0001123852,NORTHERN STATES POWER CO /MN,NORTHERN STATES POWER CO,northern states power,sec_current_name
0001156375,CME GROUP INC,CHICAGO MERCANTILE EXCHANGE HOLDINGS INC,chicago mercantile exchange,sec_former_name
0001172052,SAFETY INSURANCE GROUP INC,SAFETY HOLDINGS INC,safety,sec_former_name
0001173489,CEVA INC,PARTHUSCEVA INC,parthusceva,sec_former_name
0001175454,CORPAY INC,FLEETCOR TECHNOLOGIES INC,fleetcor technologies,sec_former_name
0001176948,ARES MANAGEMENT CORP,ARES MANAGEMENT LP,ares management lp,sec_former_name
0001185348,PRA GROUP INC,PORTFOLIO RECOVERY ASSOCIATES INC,portfolio recovery associates,sec_former_name
0001274173,JANUS HENDERSON GROUP PLC,HENDERSON GROUP PLC,henderson,sec_former_name
0001274173,JANUS HENDERSON GROUP PLC,HHG PLC,hhg,sec_former_name
0001289945,SPOK HOLDINGS INC,"Spok Holdings, Inc",spok holdings,sec_current_name
0001289945,SPOK HOLDINGS INC,"USA Mobility, Inc",usa mobility,sec_former_name
0001289945,SPOK HOLDINGS INC,"Wizards-Patriots Holdings, Inc.",wizardspatriots holdings,sec_former_name
0001315257,KOPPERS HOLDINGS INC,KI Holdings Inc.,ki,sec_former_name
0001320350,LENSAR INC,LaserSoft Vision Inc,lasersoft vision,sec_former_name
0001326190,ALTIMMUNE INC,"PHARMATHENE, INC",pharmathene,sec_former_name
0001326190,ALTIMMUNE INC,HEALTHCARE ACQUISITION CORP,healthcare acquisition,sec_former_name
0001345126,COMPASS DIVERSIFIED HOLDINGS,Compass Diversified Trust,compass diversified trust,sec_former_name
0001355096,QVC GROUP INC,"QVC Group, Inc.",qvc group,sec_current_name
0001355096,QVC GROUP INC,"Qurate Retail, Inc.",qurate retail,sec_former_name
0001355096,QVC GROUP INC,Liberty Interactive Corp,liberty interactive,sec_former_name
0001355096,QVC GROUP INC,LIBERTY MEDIA CORP,liberty media,sec_former_name
0001363829,ENSTAR GROUP LIMITED,Enstar Group LTD,enstar,sec_current_name
0001363829,ENSTAR GROUP LIMITED,Castlewood Holdings LTD,castlewood,sec_former_name
0001370755,BLACKROCK TCP CAPITAL,TCP Capital Corp.,tcp capital,sec_former_name
0001370755,BLACKROCK TCP CAPITAL,"Special Value Continuation Fund, LLC",special value continuation fund,sec_former_name
0001371285,TRUPANION INC,VETINSURANCE INTERNATIONAL INC,vetinsurance international,sec_former_name
0001381197,INTERACTIVE BROKERS GROUP,"Interactive Brokers Group, Inc.",interactive brokers group,sec_current_name
0001396814,PACIRA BIOSCIENCES INC,"Pacira Pharmaceuticals, Inc.",pacira pharmaceuticals,sec_former_name
0001396814,PACIRA BIOSCIENCES INC,PACIRA INC,pacira,sec_former_name
0001396814,PACIRA BIOSCIENCES INC,Blue Acquisition Corp,blue acquisition,sec_former_name
0001400891,IHEARTMEDIA INC,CC Media Holdings Inc,cc media,sec_former_name
0001400891,IHEARTMEDIA INC,C C Media Holdings Inc,c c media,sec_former_name
0001400891,IHEARTMEDIA INC,"BT Triple Crown Capital Holdings III, Inc.",bt triple crown capital holdings iii,sec_former_name
0001401667,PUMA BIOTECHNOLOGY INC,INNOVATIVE ACQUISITIONS CORP,innovative acquisitions,sec_former_name
0001422930,PUBMATIC INC,Komli Inc,komli,sec_former_name
0001437107,WARNER BROS DISCOVERY INC,"Discovery, Inc.",discovery,sec_former_name
0001437107,WARNER BROS DISCOVERY INC,"Discovery Communications, Inc.",discovery communications,sec_former_name
0001437578,BRIGHT HORIZONS FAMILY SOLTN,BRIGHT HORIZONS FAMILY SOLUTIONS INC.,bright horizons family solutions,sec_current_name
0001437578,BRIGHT HORIZONS FAMILY SOLTN,BRIGHT HORIZONS SOLUTIONS CORP,bright horizons solutions,sec_former_name
0001438231,DIGIMARC CORP,DMRC CORP,dmrc,sec_former_name
0001477449,TELADOC HEALTH INC,"Teladoc, Inc.",teladoc,sec_former_name
0001486159,CHORD ENERGY CORP,Oasis Petroleum Inc.,oasis petroleum,sec_former_name
0001489393,LYONDELLBASELL INDUSTRIES,LyondellBasell Industries N.V.,lyondellbasell industries nv,sec_current_name
0001504776,WARBY PARKER INC,"JAND, Inc.",jand,sec_former_name
0001513761,NORWEGIAN CRUISE LINE HLDGS,Norwegian Cruise Line Holdings Ltd.,norwegian cruise line,sec_current_name
0001520697,ACADIA HEALTHCARE CO INC,"Acadia Healthcare Company, Inc.",acadia healthcare company,sec_current_name
0001525221,BRISTOW GROUP INC,ERA GROUP INC.,era,sec_former_name
0001525221,BRISTOW GROUP INC,Era Froup Inc.,era froup,sec_former_name
0001526113,GLOBAL NET LEASE INC,"American Realty Capital Global Trust, Inc.",american realty capital global trust,sec_former_name
0001526113,GLOBAL NET LEASE INC,"American Realty Capital Global Daily Net Asset Value Trust, Inc.",american realty capital global daily net asset value trust,sec_former_name
0001527166,CARLYLE GROUP INC,Carlyle Group L.P.,carlyle group lp,sec_former_name
0001538379,IBOTTA INC,"Zing Enterprises, Inc.",zing enterprises,sec_former_name
0001552800,TILE SHOP HOLDINGS INC,"TILE SHOP HOLDINGS, INC.",tile shop holdings,sec_current_name
0001556739,THRYV HOLDINGS INC,"Thryv Holdings, Inc.",thryv holdings,sec_current_name
0001556739,THRYV HOLDINGS INC,"DEX MEDIA, INC.",dex media,sec_former_name
0001556739,THRYV HOLDINGS INC,"NEWDEX, INC.",newdex,sec_former_name
0001560385,LIBERTY MEDIA CORP -CONSOL,Liberty Media Corp,liberty media,sec_current_name
0001560385,LIBERTY MEDIA CORP -CONSOL,"Liberty Spinco, Inc.",liberty spinco,sec_former_name
0001561032,NATIONAL HEALTHCR PRPRTS INC,"National Healthcare Properties, Inc.",national healthcare properties,sec_current_name
0001561032,NATIONAL HEALTHCR PRPRTS INC,"Healthcare Trust, Inc.",healthcare trust,sec_former_name
0001561032,NATIONAL HEALTHCR PRPRTS INC,"American Realty Capital Healthcare Trust II, Inc.",american realty capital healthcare trust ii,sec_former_name
0001572694,GOLDMAN SACHS BDC INC,"Goldman Sachs Liberty Harbor Capital, LLC",goldman sachs liberty harbor capital,sec_former_name
0001575793,ENERGOUS CORP,DvineWave Inc.,dvinewave,sec_former_name
0001580905,INSTALLED BLDG PRODUCTS INC,"Installed Building Products, Inc.",installed building products,sec_current_name
0001588978,PROCEPT BIOROBTCS CORP,PROCEPT BioRobotics Corp,procept biorobotics,sec_current_name
0001590584,CIVEO CORP,OIS Accommodations SpinCo Inc.,ois accommodations spinco,sec_former_name
0001593275,HAMILTON INSURANCE GROUP LTD,"Hamilton Insurance Group, Ltd.",hamilton insurance group,sec_current_name
0001593538,NAVIENT CORP,New Corp,new,sec_former_name
0001598428,METALLUS INC,TimkenSteel Corp,timkensteel,sec_former_name
0001599901,AVIDITY BIOSCIENCE INC,"Avidity Biosciences, Inc.",avidity biosciences,sec_current_name
0001599901,AVIDITY BIOSCIENCE INC,Avidity Biosciences LLC,avidity biosciences,sec_former_name
0001599901,AVIDITY BIOSCIENCE INC,Avidity NanoMedicines LLC,avidity nanomedicines,sec_former_name
0001618563,NATIONAL STORAGE AFFILIATES,National Storage Affiliates Trust,national storage affiliates trust,sec_current_name
0001626115,PJT PARTNERS INC,Blackstone Advisory Inc.,blackstone advisory,sec_former_name
0001626450,COMMERCE.COM INC,"BigCommerce Holdings, Inc.",bigcommerce holdings,sec_current_name
0001630627,TREACE MEDIC CNCPTS INC,"TREACE MEDICAL CONCEPTS, INC.",treace medical concepts,sec_current_name
0001635282,RIMINI STREET INC,GP Investments Acquisition Corp.,gp investments acquisition,sec_former_name
0001636282,SPYRE THERAPEUTICS INC,"Aeglea BioTherapeutics, Inc.",aeglea biotherapeutics,sec_former_name
0001651311,MERUS NV,Merus B.V.,merus bv,sec_former_name
0001655050,BAIN CAP SPECIALTY FIN INC,"Bain Capital Specialty Finance, Inc.",bain capital specialty finance,sec_current_name
0001655050,BAIN CAP SPECIALTY FIN INC,Sankaty Capital Corp,sankaty capital,sec_former_name
0001656472,CRONOS GROUP INC,PharmaCan Capital Corp.,pharmacan capital,sec_former_name
0001658247,CRINETICS PHARMCTCL INC,"Crinetics Pharmaceuticals, Inc.",crinetics pharmaceuticals,sec_current_name
0001661181,ORGANOGENESIS HOLDINGS INC,Avista Healthcare Public Acquisition Corp.,avista healthcare public acquisition,sec_former_name
0001673358,YUM CHINA HOLDINGS INC,"Yum China Holdings, Inc.",yum china holdings,sec_current_name
0001673358,YUM CHINA HOLDINGS INC,"Yum! China Holding, Inc.",yum china holding,sec_former_name
0001679049,INTERNATIONAL SEAWAYS INC,"OSG International, INC",osg international,sec_former_name
0001682745,VERRA MOBILITY CORP,"Gores Holdings II, Inc.",gores holdings ii,sec_former_name
0001683695,INTERNATIONAL MONEY EXPR INC,"International Money Express, Inc.",international money express,sec_current_name
0001683695,INTERNATIONAL MONEY EXPR INC,Fintech Acquisition Corp. II,fintech acquisition corp ii,sec_former_name
0000016875,CANADIAN PAC KANSAS CITY LTD,CANADIAN PACIFIC KANSAS CITY LTD/CN,canadian pacific kansas city ltdcn,sec_current_name
0000016875,CANADIAN PAC KANSAS CITY LTD,CANADIAN PACIFIC RAILWAY LTD/CN,canadian pacific railway ltdcn,sec_former_name
0000016875,CANADIAN PAC KANSAS CITY LTD,CANADIAN PACIFIC LTD,canadian pacific,sec_former_name
0000016875,CANADIAN PAC KANSAS CITY LTD,CANADIAN PACIFIC RAILWAY CO,canadian pacific railway,sec_former_name
0001689375,ENTRADA THERAPUTIS INC,"Entrada Therapeutics, Inc.",entrada therapeutics,sec_current_name
0001689375,ENTRADA THERAPUTIS INC,"CycloPorters, Inc.",cycloporters,sec_former_name
0001703056,ADT INC,"Prime Security Services Parent, Inc.",prime security services parent,sec_former_name
0001704720,CANNAE HOLDINGS INC,"Cannae Holdings, Inc.",cannae holdings,sec_current_name
0001708055,RIBBON COMMUNICATIONS INC,"Sonus Networks, Inc.",sonus networks,sec_former_name
0001708055,RIBBON COMMUNICATIONS INC,"Solstice Sapphire Investments, Inc.",solstice sapphire investments,sec_former_name
0001711269,EVERGY INC,"Monarch Energy Holding, Inc.",monarch energy holding,sec_former_name
0000054476,KANSAS CITY POWER & LIGHT CO,"EVERGY METRO, INC.",evergy metro,sec_current_name
0000054507,WESTAR ENERGY INC,"EVERGY KANSAS CENTRAL, INC.",evergy kansas central,sec_current_name
0000054507,WESTAR ENERGY INC,WESTAR ENERGY INC /KS,westar energy inc ks,sec_former_name
0000054507,WESTAR ENERGY INC,WESTERN RESOURCES INC /KS,western resources inc ks,sec_former_name
0000054507,WESTAR ENERGY INC,KANSAS POWER & LIGHT CO,kansas power light,sec_former_name
0001714899,DENALI THERAPEUTCS INC,Denali Therapeutics Inc.,denali therapeutics,sec_current_name
0001721386,LANDSEA HOMES CORP,LF Capital Acquisition Corp.,lf capital acquisition,sec_former_name
0001721947,JAMF HOLDING CORP,"JUNO TOPCO, INC.",juno topco,sec_former_name
0001724965,TALOS ENERGY INC,SAILFISH ENERGY HOLDINGS Corp,sailfish energy,sec_former_name
0001727196,SCHOLAR ROCK HOLDNG CRP,Scholar Rock Holding Corp,scholar rock,sec_current_name
0001727263,FRONTDOOR INC,"AHS Holding Company, Inc.",ahs holding company,sec_former_name
0001737706,SEADRILL LTD,NEW SDRL LTD.,new sdrl,sec_former_name
0001738021,COMPASS THERAPEUTICS INC,"Olivia Ventures, Inc.",olivia ventures,sec_former_name
0001739940,CIGNA GROUP (THE),Cigna Group,cigna,sec_current_name
0001739940,CIGNA GROUP (THE),Cigna Corp,cigna,sec_former_name
0001739940,CIGNA GROUP (THE),"Halfmoon Parent, Inc.",halfmoon parent,sec_former_name
0001743725,GRID DYNAMICS HOLDGS INC,"GRID DYNAMICS HOLDINGS, INC.",grid dynamics holdings,sec_current_name
0001743725,GRID DYNAMICS HOLDGS INC,ChaSerg Technology Acquisition Corp,chaserg technology acquisition,sec_former_name
0001748824,ACADIAN ASSET MANAGEMENT INC,BrightSphere Investment Group Inc.,brightsphere investment,sec_former_name
0001748824,ACADIAN ASSET MANAGEMENT INC,BrightSphere US Inc.,brightsphere us,sec_former_name
0001753373,M2I GLOBAL INC,INKY INC.,inky,sec_former_name
0001756655,ARDENT HEALTH INC,"Ardent Health Partners, Inc.",ardent health partners,sec_current_name
0001756655,ARDENT HEALTH INC,"Ardent Health Partners, LLC",ardent health partners,sec_former_name
0001759655,PRIVIA HEALTH GROUP INC,"Privia Health Group, Inc.",privia health group,sec_current_name
0001759655,PRIVIA HEALTH GROUP INC,PH Group Parent Corp.,ph group parent,sec_former_name
0001766363,ENDEAVOR GROUP HOLDINGS,"Endeavor Group Holdings, Inc.",endeavor group holdings,sec_current_name
0001777835,PERELLA WEINBERG PARTNERS,FinTech Acquisition Corp. IV,fintech acquisition corp iv,sec_former_name
0001782524,MORGAN STANLEY DRCT LEND FND,Morgan Stanley Direct Lending Fund,morgan stanley direct lending fund,sec_current_name
0001782524,MORGAN STANLEY DRCT LEND FND,Morgan Stanley Direct Lending Fund LLC,morgan stanley direct lending fund,sec_former_name
0001782524,MORGAN STANLEY DRCT LEND FND,Morgan Stanley BDC LLC,morgan stanley bdc,sec_former_name
0001788999,XPERI INC,TiVo Product HoldCo LLC,tivo product holdco,sec_former_name
0001792044,VIATRIS INC,Upjohn Inc,upjohn,sec_former_name
0001794776,PALMER SQUARE CAPTAL BDC INC,Palmer Square Capital BDC Inc.,palmer square capital bdc,sec_current_name
0001801169,OPENDOOR TECHNOLOGIES INC,Social Capital Hedosophia Holdings Corp. II,social capital hedosophia holdings corp ii,sec_former_name
0001808805,NAUTILUS BIOTECHNOLOGY INC,ARYA Sciences Acquisition Corp III,arya sciences acquisition corp iii,sec_former_name
0001809104,ALIGHT INC,"Alight, Inc. / Delaware",alight inc delaware,sec_current_name
0001809104,ALIGHT INC,"Alight Group, Inc.",alight group,sec_former_name
0001809104,ALIGHT INC,Foley Trasimene Acquisition Corp.,foley trasimene acquisition,sec_former_name
0001809519,GOODRX HLDGS INC,"GoodRx Holdings, Inc.",goodrx holdings,sec_current_name
0001815442,KYMERA THERAPEUTIC INC,"Kymera Therapeutics, Inc.",kymera therapeutics,sec_current_name
0001816590,COMPASS PATHWAYS PLC,Compass Rx Ltd.,compass rx,sec_former_name
0001816736,DISC MEDICINE INC,"Gemini Therapeutics, Inc. /DE",gemini therapeutics inc de,sec_former_name
0001816736,DISC MEDICINE INC,FS Development Corp.,fs development,sec_former_name
0001819133,TANGO THERAPEUTICS INC,BCTG Acquisition Corp.,bctg acquisition,sec_former_name
0001819404,NERDY INC,TPG Pace Tech Opportunities Corp.,tpg pace tech opportunities,sec_former_name
0001819848,JOBY AVIATION INC,Reinvent Technology Partners,reinvent technology partners,sec_former_name
0001819848,JOBY AVIATION INC,Reinvent Acquisition Corp.,reinvent acquisition,sec_former_name
0001819928,DOUBLEVERIFY HOLD INC,"DoubleVerify Holdings, Inc.",doubleverify holdings,sec_current_name
0001822359,DOCGO INC,Motion Acquisition Corp.,motion acquisition,sec_former_name
0001834622,HAYWARD HOLDINGS INC,"Hayward Holdings, Inc.",hayward holdings,sec_current_name
0001839341,CORE SCIENTIFIC INC,"Core Scientific, Inc./tx",core scientific inctx,sec_current_name
0001839341,CORE SCIENTIFIC INC,Power & Digital Infrastructure Acquisition Corp.,power digital infrastructure acquisition,sec_former_name
0001845815,PAYONEER GLBL INC,Payoneer Global Inc.,payoneer global,sec_current_name
0001845815,PAYONEER GLBL INC,"New Starship Parent, Inc.",new starship parent,sec_former_name
0001846069,NEXTDOOR HOLDINGS INC,"Nextdoor Holdings, Inc.",nextdoor holdings,sec_current_name
0001846069,NEXTDOOR HOLDINGS INC,Khosla Ventures Acquisition Co. II,khosla ventures acquisition co ii,sec_former_name
0001857154,KRISPY KREME INC,"Krispy Kreme Holdco, Inc.",krispy kreme holdco,sec_former_name
0001857154,KRISPY KREME INC,Krispy Kreme Holdco Inc.,krispy kreme holdco,sec_former_name
0001861795,DEFINITIVE HEALTH CORP,Definitive Healthcare Corp.,definitive healthcare,sec_current_name
0001861795,DEFINITIVE HEALTH CORP,Definitive Healthcare,definitive healthcare,sec_former_name
0001869198,LIFE TIME GRP HOLD INC,"Life Time Group Holdings, Inc.",life time group holdings,sec_current_name
0001888886,STRUCTURE THERAPEUTICS  -ADR,Structure Therapeutics Inc.,structure therapeutics,sec_current_name
0001888886,STRUCTURE THERAPEUTICS  -ADR,ShouTi Inc.,shouti,sec_former_name
0001906324,QUIDELORTHO CORP,"Coronado Topco, Inc.",coronado topco,sec_former_name
0001929561,RXO INC,"NAT Holdings, LLC",nat holdings,sec_former_name
0002002473,BOWHEAD SPECIALTY HOLDGS INC,Bowhead Specialty Holdings Inc.,bowhead specialty,sec_current_name
0002002473,BOWHEAD SPECIALTY HOLDGS INC,Bowhead Holdings Inc.,bowhead,sec_former_name
0000030305,DUCOMMUN INC,DUCOMMUN INC /DE/,ducommun inc de,sec_current_name
0000314489,FIRST BUSEY CORP,FIRST BUSEY CORP /NV/,first busey corp nv,sec_current_name
0000315709,INTL BANCSHARES CORP,INTERNATIONAL BANCSHARES CORP,international bancshares,sec_current_name
0000036966,FIRST HORIZON CORP,FIRST HORIZON NATIONAL CORP,first horizon national,sec_former_name
0000036966,FIRST HORIZON CORP,FIRST TENNESSEE NATIONAL CORP,first tennessee national,sec_former_name
0000036966,FIRST HORIZON CORP,FIRST TENNESSEE BANKS INC,first tennessee banks,sec_former_name
0000037808,F N B CORP/FL,FNB CORP/PA/,fnb corppa,sec_current_name
0000037808,F N B CORP/FL,FNB CORP/FL/,fnb corpfl,sec_former_name
0000037808,F N B CORP/FL,FNB CORP/PA,fnb corppa,sec_former_name
0000037808,F N B CORP/FL,CITIZENS BUDGET CO,citizens budget,sec_former_name
0000039899,TEGNA INC,GANNETT CO INC /DE/,gannett co inc de,sec_former_name
0000004447,HESS CORP,AMERADA HESS CORP,amerada hess,sec_former_name
0000004447,HESS CORP,AMERADA PETROLEUM CORP,amerada petroleum,sec_former_name
0000046080,HASBRO INC,HASBRO BRADLEY INC,hasbro bradley,sec_former_name
0000046080,HASBRO INC,HASBRO INDUSTRIES INC,hasbro industries,sec_former_name
0000047307,CRAWFORD UNITED CORP,HICKOK INC,hickok,sec_former_name
0000047307,CRAWFORD UNITED CORP,HICKOK ELECTRICAL INSTRUMENT CO,hickok electrical instrument,sec_former_name
0000005513,UNUM GROUP,UNUMPROVIDENT CORP,unumprovident,sec_former_name
0000005513,UNUM GROUP,PROVIDENT COMPANIES INC /DE/,provident companies inc de,sec_former_name
0000005513,UNUM GROUP,PROVIDENT LIFE & ACCIDENT INSURANCE CO OF AMERICA,provident life accident insurance co of america,sec_former_name
0000705432,SOUTHSIDE BANCSHARES INC,SOBANK INC,sobank,sec_former_name
0000070866,NCR VOYIX CORP,NCR CORP,ncr,sec_former_name
0000070866,NCR VOYIX CORP,NATIONAL CASH REGISTER CO,national cash register,sec_former_name
0000071691,NEW YORK TIMES CO  -CL A,NEW YORK TIMES CO,new york times,sec_current_name
0000717423,MURPHY OIL CORP,MURPHY OIL CORP /DE,murphy oil corp de,sec_former_name
0000717423,MURPHY OIL CORP,NEW MURPHY OIL CORP /DE,new murphy oil corp de,sec_former_name
0000072903,XCEL ENERGY INC,NORTHERN STATES POWER CO /MN/,northern states power co mn,sec_former_name
0000072909,NORTHERN STATES POWER/WI,NORTHERN STATES POWER CO /WI/,northern states power co wi,sec_current_name
0000731766,UNITEDHEALTH GROUP INC,UNITED HEALTHCARE CORP/,united healthcare corp,sec_former_name
0000731766,UNITEDHEALTH GROUP INC,UNITED HEALTHCARE CORP,united healthcare,sec_former_name
0000736012,INTRUSION INC,INTRUSION COM INC,intrusion com,sec_former_name
0000736012,INTRUSION INC,ODS NETWORKS INC,ods networks,sec_former_name
0000736012,INTRUSION INC,OPTICAL DATA SYSTEMS INC,optical data systems,sec_former_name
0000074260,OLD REPUBLIC INTL CORP,OLD REPUBLIC INTERNATIONAL CORP,old republic international,sec_current_name
0000749647,IMUNON INC,Celsion CORP,celsion,sec_former_name
0000749647,IMUNON INC,CELSION CORP,celsion,sec_former_name
0000749647,IMUNON INC,CHEUNG LABORATORIES INC,cheung laboratories,sec_former_name
0000750577,HANCOCK WHITNEY CORP,HANCOCK HOLDING CO,hancock,sec_former_name
0000078003,PFIZER INC,PFIZER CHARLES & CO INC,pfizer charles,sec_former_name
0000791963,OPPENHEIMER HOLDINGS INC,FAHNESTOCK VINER HOLDINGS INC,fahnestock viner,sec_former_name
0000791963,OPPENHEIMER HOLDINGS INC,VINER E A HOLDINGS LTD,viner e a,sec_former_name
0000791963,OPPENHEIMER HOLDINGS INC,GOLDALE INVESTMENTS LTD,goldale investments,sec_former_name
0000803649,EQUITY COMMONWEALTH,CommonWealth REIT,commonwealth reit,sec_former_name
0000803649,EQUITY COMMONWEALTH,HRPT PROPERTIES TRUST,hrpt properties trust,sec_former_name
0000803649,EQUITY COMMONWEALTH,HEALTH & RETIREMENT PROPERTIES TRUST,health retirement properties trust,sec_former_name
0000081018,PUBLIC SERVICE CO OF COLO,PUBLIC SERVICE CO OF COLORADO,public service co of colorado,sec_current_name
0000818033,HERON THERAPEUTICS INC,"HERON THERAPEUTICS, INC. /DE/",heron therapeutics inc de,sec_current_name
0000818033,HERON THERAPEUTICS INC,AP PHARMA INC /DE/,ap pharma inc de,sec_former_name
0000818033,HERON THERAPEUTICS INC,ADVANCED POLYMER SYSTEMS INC /DE/,advanced polymer systems inc de,sec_former_name
0000818479,DENTSPLY SIRONA INC,DENTSPLY INTERNATIONAL INC /DE/,dentsply international inc de,sec_former_name
0000818479,DENTSPLY SIRONA INC,GENDEX CORP,gendex,sec_former_name
0000821189,EOG RESOURCES INC,ENRON OIL & GAS CO,enron oil gas,sec_former_name
0000824142,AAON INC,DIAMOND HEAD RESOURCES INC,diamond head resources,sec_former_name
0000827052,EDISON INTERNATIONAL,SCECORP,scecorp,sec_former_name
0000829323,INUVO INC,KOWABUNGA! INC.,kowabunga,sec_former_name
0000829323,INUVO INC,THINK PARTNERSHIP INC,think partnership,sec_former_name
0000857855,UNITED COMMUNITY BANKS INC,UNION BANCSHARES INC /GA/,union bancshares inc ga,sec_former_name
0000861884,RELIANCE INC,RELIANCE STEEL & ALUMINUM CO,reliance steel aluminum,sec_former_name
0000868780,DORMAN PRODUCTS INC,R & B INC,r b,sec_former_name
0000883948,ATLANTIC UNION BANKSHRS CRP,Atlantic Union Bankshares Corp,atlantic union bankshares,sec_current_name
0000883948,ATLANTIC UNION BANKSHRS CRP,Union Bankshares Corp,union bankshares,sec_former_name
0000883948,ATLANTIC UNION BANKSHRS CRP,UNION FIRST MARKET BANKSHARES CORP,union first market bankshares,sec_former_name
0000883984,ICU MEDICAL INC,ICU MEDICAL INC/DE,icu medical incde,sec_current_name
0000886982,GOLDMAN SACHS GROUP INC,GOLDMAN SACHS GROUP INC/,goldman sachs group inc,sec_former_name
0000887359,VERICEL CORP,AASTROM BIOSCIENCES INC,aastrom biosciences,sec_former_name
0000891103,MATCH GROUP INC,"Match Group, Inc.",match group,sec_current_name
0000891103,MATCH GROUP INC,IAC/INTERACTIVECORP,iacinteractivecorp,sec_former_name
0000891103,MATCH GROUP INC,INTERACTIVECORP,interactivecorp,sec_former_name
0000891103,MATCH GROUP INC,USA INTERACTIVE,usa interactive,sec_former_name
0000896159,CHUBB LTD,ACE Ltd,ace,sec_former_name
0000896159,CHUBB LTD,ACE LTD,ace,sec_former_name
0000896262,AMEDISYS INC,ANALYTICAL NURSING MANAGEMENT CORP,analytical nursing management,sec_former_name
0000896262,AMEDISYS INC,M&N CAPITAL CORP,mn capital,sec_former_name
0000913341,C&F FINANCIAL CORP,C & F FINANCIAL CORP,c f financial,sec_current_name
0000915912,AVALONBAY COMMUNITIES INC,AVALON BAY COMMUNITIES INC,avalon bay communities,sec_former_name
0000915912,AVALONBAY COMMUNITIES INC,BAY APARTMENT COMMUNITIES INC,bay apartment communities,sec_former_name
0000091882,SOUTH CAROLINA ELEC & GAS CO,"DOMINION ENERGY SOUTH CAROLINA, INC.",dominion energy south carolina,sec_current_name
0000091882,SOUTH CAROLINA ELEC & GAS CO,SOUTH CAROLINA ELECTRIC & GAS CO,south carolina electric gas,sec_former_name
0000092521,SOUTHWESTERN PUBLIC SVC CO,SOUTHWESTERN PUBLIC SERVICE CO,southwestern public service,sec_current_name
0000926326,OMNICELL INC,OMNICELL INC /CA/,omnicell inc ca,sec_former_name
0000926326,OMNICELL INC,OMNICELL COM /CA/,omnicell com ca,sec_former_name
0000935036,ACI WORLDWIDE INC,TRANSACTION SYSTEMS ARCHITECTS INC,transaction systems architects,sec_former_name
0000094049,STEPAN CO,STEPAN CHEMICAL CO /DE/,stepan chemical co de,sec_former_name
0000945841,POOL CORP,SCP POOL CORP,scp pool,sec_former_name
0000947484,ARCH CAPITAL GROUP LTD,RISK CAPITAL HOLDINGS INC,risk capital,sec_former_name
0000947484,ARCH CAPITAL GROUP LTD,RISK CAPITAL RE INC,risk capital re,sec_former_name
0000098222,TIDEWATER INC,TIDEWATER MARINE SERVICE INC,tidewater marine service,sec_former_name
0001004702,OCEANFIRST FINANCIAL CORP,OCEAN FINANCIAL CORP,ocean financial,sec_former_name
0001005817,TOMPKINS FINANCIAL CORP,TOMPKINS TRUSTCO INC,tompkins trustco,sec_former_name
0001005817,TOMPKINS FINANCIAL CORP,TOMPKINS COUNTY TRUSTCO INC,tompkins county trustco,sec_former_name
0001025835,ENTERPRISE FINL SERVICES CP,ENTERPRISE FINANCIAL SERVICES CORP,enterprise financial services,sec_current_name
0001025835,ENTERPRISE FINL SERVICES CP,ENTERBANK HOLDINGS INC,enterbank,sec_former_name
0000105319,WW INTERNATIONAL INC,WEIGHT WATCHERS INTERNATIONAL INC,weight watchers international,sec_former_name
0001056288,FEDERATED HERMES INC,FEDERATED INVESTORS INC /PA/,federated investors inc pa,sec_former_name
0001057379,HACKETT GROUP INC,"HACKETT GROUP, INC.",hackett group,sec_current_name
0001057379,HACKETT GROUP INC,ANSWERTHINK INC,answerthink,sec_former_name
0001057379,HACKETT GROUP INC,ANSWERTHINK CONSULTING GROUP INC,answerthink consulting,sec_former_name
0001057706,FIRST BANCORP P R,FIRST BANCORP /PR/,first bancorp pr,sec_current_name
0001065078,NETWORK-1 TECHNOLOGIES INC,NETWORK 1 TECHNOLOGIES INC,network 1 technologies,sec_former_name
0001065078,NETWORK-1 TECHNOLOGIES INC,NETWORK 1 SECURITY SOLUTIONS INC,network 1 security solutions,sec_former_name
0001069183,AXON ENTERPRISE INC,TASER INTERNATIONAL INC,taser international,sec_former_name
0001070423,PLAINS ALL AMER PIPELNE  -LP,PLAINS ALL AMERICAN PIPELINE LP,plains all american pipeline lp,sec_current_name
0001099800,EDWARDS LIFESCIENCES CORP,CVG CONTROLLED INC,cvg controlled,sec_former_name
0001108426,TXNM ENERGY INC,PNM RESOURCES INC,pnm resources,sec_former_name
0001108426,TXNM ENERGY INC,MANZANO CORP,manzano,sec_former_name
0000022767,TEXAS NEW MEXICO POWER CO,COMMUNITY PUBLIC SERVICE CO,community public service,sec_former_name
0000081023,PUBLIC SERVICE CO OF NEW MEX,PUBLIC SERVICE CO OF NEW MEXICO,public service co of new mexico,sec_current_name
0001113232,AXCELIS TECHNOLOGIES INC,EATON SEMICONDUCTOR EQUIPMENT INC,eaton semiconductor equipment,sec_former_name
0001124796,NLIGHT INC,NLIGHT PHOTONICS CORP,nlight photonics,sec_former_name
0001138639,INFINERA CORP,ZEPTON NETWORKS INC,zepton networks,sec_former_name
0001158324,COGENT COMMUNICATIONS HLDGS,"COGENT COMMUNICATIONS HOLDINGS, INC.",cogent communications holdings,sec_current_name
0001158324,COGENT COMMUNICATIONS HLDGS,COGENT COMMUNICATIONS GROUP INC,cogent communications,sec_former_name
0001167419,RIOT PLATFORMS INC,"Riot Blockchain, Inc.",riot blockchain,sec_former_name
0001167419,RIOT PLATFORMS INC,"Bioptix, Inc.",bioptix,sec_former_name
0001167419,RIOT PLATFORMS INC,"Venaxis, Inc.",venaxis,sec_former_name
0001178970,PROVIDENT FINANCIAL SVCS INC,PROVIDENT FINANCIAL SERVICES INC,provident financial services,sec_current_name
0001206264,SOMNIGROUP INTERNATIONAL INC,"TEMPUR SEALY INTERNATIONAL, INC.",tempur sealy international,sec_former_name
0001206264,SOMNIGROUP INTERNATIONAL INC,TEMPUR PEDIC INTERNATIONAL INC,tempur pedic international,sec_former_name
0001206264,SOMNIGROUP INTERNATIONAL INC,TWI HOLDINGS INC,twi,sec_former_name
0001217234,CAREDX INC,"XDx, Inc.",xdx,sec_former_name
0001217234,CAREDX INC,EXPRESSION DIAGNOSTICS INC,expression diagnostics,sec_former_name
0001273813,ASSURED GUARANTY LTD,AGR LTD,agr,sec_former_name
0001273813,ASSURED GUARANTY LTD,AGC HOLDINGS LTD,agc,sec_former_name
0001298675,CUBESMART,U-Store-It Trust,ustoreit trust,sec_former_name
0001300485,"CubeSmart, L.P.",U-Store-It L P,ustoreit l p,sec_former_name
0001300485,"CubeSmart, L.P.",Acquiport Amsdell I L P,acquiport amsdell i l p,sec_former_name
0001331875,FIDELITY NATIONAL FINANCIAL,"Fidelity National Title Group, Inc.",fidelity national title group,sec_former_name
0001341235,ALDEYRA THERAPEUTICS INC,"Aldexa Therapeutics, Inc.",aldexa therapeutics,sec_former_name
0001341235,ALDEYRA THERAPEUTICS INC,Neuron Systems Inc,neuron systems,sec_former_name
0001364885,SPIRIT AEROSYSTEMS HOLDINGS,"Spirit AeroSystems Holdings, Inc.",spirit aerosystems holdings,sec_current_name
0001376227,United States Natural Gas Fund LP,United States Gas Fund LP,united states gas fund lp,sec_former_name
0001379041,EMPLOYERS HOLDINGS INC,"Employers Holdings, Inc.",employers holdings,sec_current_name
0001384101,VERACYTE INC,CALDEROME INC,calderome,sec_former_name
0001393818,BLACKSTONE INC,Blackstone Group L.P.,blackstone group lp,sec_former_name
0001404912,KKR & CO INC,KKR & Co. L.P.,kkr co lp,sec_former_name
0001408100,KENNEDY-WILSON HOLDINGS INC,"Kennedy-Wilson Holdings, Inc.",kennedywilson holdings,sec_current_name
0001408100,KENNEDY-WILSON HOLDINGS INC,Prospect Acquisition Corp,prospect acquisition,sec_former_name
0001422143,KURA ONCOLOGY INC,ZETA ACQUISITION CORP III,zeta acquisition corp iii,sec_former_name
0001424929,FOX FACTORY HOLDING CP,FOX FACTORY HOLDING CORP,fox factory,sec_current_name
0001433660,JBT MAREL CORP,John Bean Technologies CORP,john bean technologies,sec_former_name
0001476034,METROPOLITAN BANK HLDNG,Metropolitan Bank Holding Corp.,metropolitan bank,sec_current_name
0001484612,OUTSET MEDICAL INC,"Home Dialysis Plus, Ltd.",home dialysis plus,sec_former_name
0001488813,CUSTOMERS BANCORP INC,"Customers 1st Bancorp, Inc.",customers 1st bancorp,sec_former_name
0001498828,Howard Hughes Corp,"Spinco, Inc.",spinco,sec_former_name
0001512499,LINDBLAD EXPEDITIONS HLDGS,"LINDBLAD EXPEDITIONS HOLDINGS, INC.",lindblad expeditions holdings,sec_current_name
0001512499,LINDBLAD EXPEDITIONS HLDGS,Capitol Acquisition Corp. II,capitol acquisition corp ii,sec_former_name
0001529274,ALKAMI TECHNOLOGY INC,"ALKAMI TECHNOLOGY, INC,",alkami technology inc,sec_former_name
0001533615,CHIRON REAL ESTATE INC,Global Medical REIT Inc.,global medical reit,sec_current_name
0001533615,CHIRON REAL ESTATE INC,"SCOOP MEDIA, INC.",scoop media,sec_former_name
0001552493,CNH Industrial Capital LLC,CNH Capital LLC,cnh capital,sec_former_name
0000015615,MASTEC INC,BURNUP & SIMS INC,burnup sims,sec_former_name
0001567094,CNH INDUSTRIAL NV,FI CBM Holdings N.V.,fi cbm holdings nv,sec_former_name
0001570827,VICTORY CPTL HLDGS INC,"Victory Capital Holdings, Inc.",victory capital holdings,sec_current_name
0001579877,OUTFRONT MEDIA INC,CBS OUTDOOR AMERICAS INC.,cbs outdoor americas,sec_former_name
0001585521,ZOOM COMMUNICATIONS INC,"Zoom Video Communications, Inc.",zoom video communications,sec_former_name
0001601830,RECURSION PHARMA INC,"RECURSION PHARMACEUTICALS, INC.",recursion pharmaceuticals,sec_current_name
0001601830,RECURSION PHARMA INC,"Recursion Pharmaceuticals, LLC",recursion pharmaceuticals,sec_former_name
0001632970,AMERICAN HEALTHCARE REIT INC,"Griffin-American Healthcare REIT IV, Inc.",griffinamerican healthcare reit iv,sec_former_name
0001632970,AMERICAN HEALTHCARE REIT INC,"Griffin-American Healthcare REIT 4, Inc.",griffinamerican healthcare reit 4,sec_former_name
0001649904,RHYTHM PHARMACEUTICLS,"RHYTHM PHARMACEUTICALS, INC.",rhythm pharmaceuticals,sec_current_name
0001649904,RHYTHM PHARMACEUTICLS,"RHYTHM METABOLIC, INC.",rhythm metabolic,sec_former_name
0001650648,4D MOLECULAR THER INC,"4D Molecular Therapeutics, Inc.",4d molecular therapeutics,sec_current_name
0001650648,4D MOLECULAR THER INC,4D Molecular Therapeutics Inc.,4d molecular therapeutics,sec_former_name
0001650648,4D MOLECULAR THER INC,4D Molecular Therapeutics Inc,4d molecular therapeutics,sec_former_name
0001669779,CAMPING WORLD HOLDINGS INC,"Camping World Holdings, Inc.",camping world holdings,sec_current_name
0001669779,CAMPING WORLD HOLDINGS INC,"CWGS, Inc.",cwgs,sec_former_name
0001674930,FULGENT GENETICS INC,"Fulgent Diagnostics, Inc.",fulgent diagnostics,sec_former_name
0001685040,BRIGHTHOUSE FINANL INC,"Brighthouse Financial, Inc.",brighthouse financial,sec_current_name
0001688757,ESTABLISHMNT LBS HLDNG,ESTABLISHMENT LABS HOLDINGS INC.,establishment labs,sec_current_name
0001689548,PRAXIS PRECIS MEDI INC,"Praxis Precision Medicines, Inc.",praxis precision medicines,sec_current_name
0001692819,VISTRA CORP,Vistra Energy Corp.,vistra energy,sec_former_name
0001692819,VISTRA CORP,Vistra Energy Corp,vistra energy,sec_former_name
0001704715,ALPHA METALLURGICAL RESOURCE,"Alpha Metallurgical Resources, Inc.",alpha metallurgical resources,sec_current_name
0001704715,ALPHA METALLURGICAL RESOURCE,"Contura Energy, Inc.",contura energy,sec_former_name
0001705110,ANGI INC,ANGI Homeservices Inc.,angi homeservices,sec_former_name
0001705110,ANGI INC,"Halo TopCo, Inc.",halo topco,sec_former_name
0001723128,AMNEAL PHARMACEUTICALS INC,"Atlas Holdings, Inc.",atlas holdings,sec_former_name
0001725057,DAYFORCE INC,Ceridian HCM Holding Inc.,ceridian hcm,sec_former_name
0001733998,NORTHWEST NATURAL HLDNG CO,Northwest Natural Holding Co,northwest natural,sec_current_name
0001746109,BANK FIRST CORP,Bank First National Corp,bank first national,sec_former_name
0001777921,AVEPOINT INC,Apex Technology Acquisition Corp,apex technology acquisition,sec_former_name
0001788028,JASPER THERAPEUTICS INC,Amplitude Healthcare Acquisition Corp,amplitude healthcare acquisition,sec_former_name
0001793659,RUSH STREET INTERACTIVE INC,"dMY Technology Group, Inc.",dmy technology group,sec_former_name
0001800227,IAC INC,IAC/InterActiveCorp,iacinteractivecorp,sec_former_name
0001800227,IAC INC,"IAC Holdings, Inc.",iac holdings,sec_former_name
0001804176,BUTTERFLY NETWORK INC,Longview Acquisition Corp.,longview acquisition,sec_former_name
0001819142,SES AI CORP,Ivanhoe Capital Acquisition Corp.,ivanhoe capital acquisition,sec_former_name
0001823529,ENACT HOLDINGS INC,"Enact Holdings, Inc.",enact holdings,sec_current_name
0001823529,ENACT HOLDINGS INC,"Genworth Mortgage Holdings, Inc.",genworth mortgage holdings,sec_former_name
0001824502,ARCHER AVIATION INC,Atlas Crest Investment Corp.,atlas crest investment,sec_former_name
0001841968,RIDGEPOST CAPITAL INC,"P10, Inc.",p10,sec_current_name
0001842566,AIRSHIP AI HOLDINGS INC,"Airship AI Holdings, Inc.",airship ai holdings,sec_current_name
0001842566,AIRSHIP AI HOLDINGS INC,BYTE Acquisition Corp.,byte acquisition,sec_former_name
0001842566,AIRSHIP AI HOLDINGS INC,Byte Acquisition Corp.,byte acquisition,sec_former_name
0001842718,INTEGRAL AD SCIENCE HOL CORP,INTEGRAL AD SCIENCE HOLDING CORP.,integral ad science,sec_current_name
0001842718,INTEGRAL AD SCIENCE HOL CORP,INTEGRAL AD SCIENCE HOLDING LLC,integral ad science,sec_former_name
0001842718,INTEGRAL AD SCIENCE HOL CORP,"KAVACHA TOPCO, LLC",kavacha topco,sec_former_name
0001844862,SOLID POWER INC,Decarbonization Plus Acquisition Corp III,decarbonization plus acquisition corp iii,sec_former_name
0001855781,Invesco Galaxy Bitcoin ETF,Galaxy Bitcoin ETF,galaxy bitcoin etf,sec_former_name
0001858257,AVIDXCHANGE HOLDINGS INC,"AvidXchange Holdings, Inc.",avidxchange holdings,sec_current_name
0001964738,SOLVENTUM CORP,3M Health Care Co,3m health care,sec_former_name
0002015845,EVERUS CONSTRCTION GROUP INC,"Everus Construction Group, Inc.",everus construction group,sec_current_name
0000003453,MATSON INC,ALEXANDER & BALDWIN INC,alexander baldwin,sec_former_name
0000351569,AMERIS BANCORP,ABC BANCORP,abc bancorp,sec_former_name
0000351569,AMERIS BANCORP,ABC HOLDING CO,abc,sec_former_name
0000036377,FIRST HAWAIIAN INC,BANCWEST CORP/HI,bancwest corphi,sec_former_name
0000037785,FMC CORP,FOOD MACHINERY & CHEMICAL CORP,food machinery chemical,sec_former_name
0000037785,FMC CORP,BEAN SPRAY PUMP CO,bean spray pump,sec_former_name
0000051253,INTL FLAVORS & FRAGRANCES,INTERNATIONAL FLAVORS & FRAGRANCES INC,international flavors fragrances,sec_current_name
0000051253,INTL FLAVORS & FRAGRANCES,VANAMERIGEN HAEBLER INC,vanamerigen haebler,sec_former_name
0000067215,DYCOM INDUSTRIES INC,MOBILE HOME DYNAMICS INC,mobile home dynamics,sec_former_name
0000723188,COMMUNITY FINANCIAL SYST INC,"COMMUNITY FINANCIAL SYSTEM, INC.",community financial system,sec_current_name
0000723188,COMMUNITY FINANCIAL SYST INC,"COMMUNITY BANK SYSTEM, INC.",community bank system,sec_former_name
0000723188,COMMUNITY FINANCIAL SYST INC,"COMMUNITY BANK NA, a subsidiary of Community Bank System Inc",community bank na a subsidiary of community bank system,sec_former_name
0000723188,COMMUNITY FINANCIAL SYST INC,"COMMUNITY BANK NA, a subsidiary of Community Bank System Inc.",community bank na a subsidiary of community bank system,sec_former_name
0000729580,BEL FUSE INC,BEL FUSE INC /NJ,bel fuse inc nj,sec_current_name
0000742278,RPC INC,RPC ENERGY SERVICES INC,rpc energy services,sec_former_name
0000075252,ACCENDRA HEALTH INC,OWENS & MINOR INC/VA/,owens minor incva,sec_current_name
0000075252,ACCENDRA HEALTH INC,O&M HOLDING INC,om,sec_former_name
0000075252,ACCENDRA HEALTH INC,OWENS & MINOR INC,owens minor,sec_former_name
0000075252,ACCENDRA HEALTH INC,OWENS MINOR & BODEKER INC,owens minor bodeker,sec_former_name
0000766829,H2O AMERICA,SJW GROUP,sjw,sec_current_name
0000766829,H2O AMERICA,SJW CORP,sjw,sec_former_name
0000776867,WHITE MTNS INS GROUP LTD,WHITE MOUNTAINS INSURANCE GROUP LTD,white mountains insurance,sec_current_name
0000776867,WHITE MTNS INS GROUP LTD,WHITE MOUNTAINS INSURANCE GROUP INC,white mountains insurance,sec_former_name
0000776867,WHITE MTNS INS GROUP LTD,FUND AMERICAN ENTERPRISES HOLDINGS INC,fund american enterprises,sec_former_name
0000776867,WHITE MTNS INS GROUP LTD,FUND AMERICAN COMPANIES INC,fund american companies,sec_former_name
0000776901,INDEPENDENT BANK CORP/MA,INDEPENDENT BANK CORP,independent bank,sec_current_name
0000784199,ARTIVION INC,CRYOLIFE INC,cryolife,sec_former_name
0000790359,N B T BANCORP INC,NBT BANCORP INC,nbt bancorp,sec_current_name
0000826675,DYNEX CAPITAL INC,RESOURCE MORTGAGE CAPITAL INC/VA,resource mortgage capital incva,sec_former_name
0000826675,DYNEX CAPITAL INC,RESOURCE MORTGAGE INVESTMENT CORP,resource mortgage investment,sec_former_name
0000826675,DYNEX CAPITAL INC,RAC MORTGAGE INVESTMENT CORP /VA/,rac mortgage investment corp va,sec_former_name
0000828944,WSFS FINANCIAL CORP,STAR STATES CORP,star states,sec_former_name
0000850141,HORACE MANN EDUCATORS CORP,HORACE MANN EDUCATORS CORP /DE/,horace mann educators corp de,sec_current_name
0000851520,EXPONENT INC,FAILURE GROUP INC,failure,sec_former_name
0000860413,FIRST INTERSTATE BANCSYSTEM,FIRST INTERSTATE BANCSYSTEM OF MONTANA INC,first interstate bancsystem of montana,sec_former_name
0000873303,SAREPTA THERAPEUTICS INC,"Sarepta Therapuetics, Inc.",sarepta therapuetics,sec_former_name
0000873303,SAREPTA THERAPEUTICS INC,AVI BIOPHARMA INC,avi biopharma,sec_former_name
0000873303,SAREPTA THERAPEUTICS INC,ANTIVIRALS INC,antivirals,sec_former_name
0000886163,LIGAND PHARMACEUTICAL INC,LIGAND PHARMACEUTICALS INC,ligand pharmaceuticals,sec_current_name
0000891166,UNIVERSAL INSURANCE HLDGS,"UNIVERSAL INSURANCE HOLDINGS, INC.",universal insurance holdings,sec_current_name
0000891166,UNIVERSAL INSURANCE HLDGS,UNIVERSAL INSURANCE HOLDINGS INC,universal insurance,sec_former_name
0000891166,UNIVERSAL INSURANCE HLDGS,UNIVERSAL HEIGHTS INC,universal heights,sec_former_name
0000902791,BARRETT BUSINESS SVCS INC,BARRETT BUSINESS SERVICES INC,barrett business services,sec_current_name
0000906465,QCR HOLDINGS INC,QUAD CITY HOLDINGS INC,quad city,sec_former_name
0000923796,GEO GROUP INC,WACKENHUT CORRECTIONS CORP,wackenhut corrections,sec_former_name
0000928658,COVENANT LOGISTICS GROUP INC,"COVENANT LOGISTICS GROUP, INC.",covenant logistics group,sec_current_name
0000928658,COVENANT LOGISTICS GROUP INC,COVENANT TRANSPORTATION GROUP INC,covenant transportation,sec_former_name
0000928658,COVENANT LOGISTICS GROUP INC,COVENANT TRANSPORT INC,covenant transport,sec_former_name
0000944148,CBIZ INC,CENTURY BUSINESS SERVICES INC,century business services,sec_former_name
0000944148,CBIZ INC,INTERNATIONAL ALLIANCE SERVICES INC,international alliance services,sec_former_name
0001816017,SPIRE GLOBAL INC,"NavSight Holdings, Inc.",navsight holdings,sec_former_name
0000823277,CHS INC,CENEX HARVEST STATES COOPERATIVES,cenex harvest states cooperatives,sec_former_name
0000823277,CHS INC,HARVEST STATES COOPERATIVES,harvest states cooperatives,sec_former_name
0001001316,TG THERAPEUTICS INC,MANHATTAN PHARMACEUTICALS INC,manhattan pharmaceuticals,sec_former_name
0001001316,TG THERAPEUTICS INC,ATLANTIC TECHNOLOGY VENTURES INC,atlantic technology ventures,sec_former_name
0001001316,TG THERAPEUTICS INC,ATLANTIC PHARMACEUTICALS INC,atlantic pharmaceuticals,sec_former_name
0001001838,SOUTHERN COPPER CORP,SOUTHERN COPPER CORP/,southern copper corp,sec_current_name
0001001838,SOUTHERN COPPER CORP,SOUTHERN PERU COPPER CORP/,southern peru copper corp,sec_former_name
0001001838,SOUTHERN COPPER CORP,SOUTHERN PERU COPPER HOLDING CO,southern peru copper,sec_former_name
0001012477,AVADEL PHARMACEUTICALS PLC,FLAMEL TECHNOLOGIES SA,flamel technologies sa,sec_former_name
0000102752,VSE CORP,VALUE ENGINEERING CO,value engineering,sec_former_name
0001066605,HEIDRICK & STRUGGLES INTL,HEIDRICK & STRUGGLES INTERNATIONAL INC,heidrick struggles international,sec_current_name
0001069530,FILANA THERAPEUTICS INC,CASSAVA SCIENCES INC,cassava sciences,sec_current_name
0001069530,FILANA THERAPEUTICS INC,PAIN THERAPEUTICS INC,pain therapeutics,sec_former_name
0001083301,TERAWULF INC,IKONICS CORP,ikonics,sec_former_name
0001083301,TERAWULF INC,CHROMALINE CORP,chromaline,sec_former_name
0001084554,LIGHTBRIDGE CORP,"Thorium Power, Ltd",thorium power,sec_former_name
0001084554,LIGHTBRIDGE CORP,NOVASTAR RESOURCES LTD.,novastar resources,sec_former_name
0001084554,LIGHTBRIDGE CORP,NOVASTAR RESOURCES LTD,novastar resources,sec_former_name
0001090009,SOUTHERN FIRST BANKSHARES,SOUTHERN FIRST BANCSHARES INC,southern first bancshares,sec_current_name
0001090009,SOUTHERN FIRST BANKSHARES,GREENVILLE FIRST BANCSHARES INC,greenville first bancshares,sec_former_name
0001094831,BGC GROUP INC,"BGC Group, Inc.",bgc group,sec_current_name
0001094831,BGC GROUP INC,"BGC Partners, Inc.",bgc partners,sec_former_name
0001094831,BGC GROUP INC,ESPEED INC,espeed,sec_former_name
0001108134,BEACON FINANCIAL CORP,BERKSHIRE HILLS BANCORP INC,berkshire hills bancorp,sec_current_name
0001109354,BRUKER CORP,BRUKER BIOSCIENCES CORP,bruker biosciences,sec_former_name
0001109354,BRUKER CORP,BRUKER DALTONICS INC,bruker daltonics,sec_former_name
0001130144,SIERRA BANCORP/CA,SIERRA BANCORP,sierra bancorp,sec_current_name
0001169770,BANC OF CALIFORNIA INC,FIRST PACTRUST BANCORP INC,first pactrust bancorp,sec_former_name
0001219601,CROWN HOLDINGS INC,"CROWN HOLDINGS, INC.",crown holdings,sec_current_name
0001318568,EVERI HOLDINGS INC,"Everi Holdings, Inc.",everi holdings,sec_former_name
0001318568,EVERI HOLDINGS INC,"Global Cash Access Holdings, Inc.",global cash access holdings,sec_former_name
0001326110,IMMUNITYBIO INC,"NantKwest, Inc.",nantkwest,sec_former_name
0001326110,IMMUNITYBIO INC,"Conkwest, Inc.",conkwest,sec_former_name
0001326110,IMMUNITYBIO INC,ZelleRx Corp,zellerx,sec_former_name
0001341766,CELSIUS HOLDINGS INC,"Celsius Holdings, Inc.",celsius holdings,sec_current_name
0001341766,CELSIUS HOLDINGS INC,VECTOR VENTURES CORP.,vector ventures,sec_former_name
0001393726,TIPTREE INC,TIPTREE FINANCIAL INC.,tiptree financial,sec_former_name
0001393726,TIPTREE INC,Care Investment Trust Inc.,care investment trust,sec_former_name
0001402436,SS&C TECHNOLOGIES HLDGS INC,SS&C Technologies Holdings Inc,ssc technologies,sec_current_name
0001442836,MERSANA THRPEUTIC INC,"Mersana Therapeutics, Inc.",mersana therapeutics,sec_current_name
0001442836,MERSANA THRPEUTIC INC,MERSANA THERAPEUTICS INC,mersana therapeutics,sec_former_name
0001473844,STELLAR BANCORP INC,"CBTX, Inc.",cbtx,sec_former_name
0001473844,STELLAR BANCORP INC,"CBFH, Inc.",cbfh,sec_former_name
0001478320,ADAPTIVE BIOTECH CORP,Adaptive Biotechnologies Corp,adaptive biotechnologies,sec_current_name
0001478320,ADAPTIVE BIOTECH CORP,Adaptive TCR Corp,adaptive tcr,sec_former_name
0001484769,FUBOTV INC,fuboTV Inc. /FL,fubotv inc fl,sec_current_name
0001484769,FUBOTV INC,fuboTV Inc. /new,fubotv inc new,sec_former_name
0001484769,FUBOTV INC,"FaceBank Group, Inc.",facebank group,sec_former_name
0001484769,FUBOTV INC,"Pulse Evolution Group, Inc.",pulse evolution group,sec_former_name
0001498710,SPIRIT AVIATION HOLDINGS INC,"Spirit Airlines, Inc.",spirit airlines,sec_current_name
0001500881,ENCORE ENERGY CORP,WOLFPACK GOLD CORP.,wolfpack gold,sec_former_name
0001500881,ENCORE ENERGY CORP,TIGRIS URANIUM CORP.,tigris uranium,sec_former_name
0001501570,VERITEX HOLDINGS INC,"Veritex Holdings, Inc.",veritex holdings,sec_current_name
0001507605,MARA HOLDINGS INC,"MARA Holdings, Inc.",mara holdings,sec_current_name
0001507605,MARA HOLDINGS INC,"MARATHON DIGITAL HOLDINGS, INC.",marathon digital holdings,sec_former_name
0001507605,MARA HOLDINGS INC,"Marathon Patent Group, Inc.",marathon patent group,sec_former_name
0001507605,MARA HOLDINGS INC,American Strategic Minerals Corp,american strategic minerals,sec_former_name
0001515816,PLYMOUTH INDL REIT INC,"Plymouth Industrial REIT, Inc.",plymouth industrial reit,sec_current_name
0001515816,PLYMOUTH INDL REIT INC,Plymouth Industrial REIT Inc.,plymouth industrial reit,sec_former_name
0001515816,PLYMOUTH INDL REIT INC,Plymouth Opportunity REIT Inc.,plymouth opportunity reit,sec_former_name
0001519449,SKYWARD SPECIALTY INS GP INC,"Skyward Specialty Insurance Group, Inc.",skyward specialty insurance group,sec_current_name
0001519449,SKYWARD SPECIALTY INS GP INC,Houston International Insurance Group LTD,houston international insurance,sec_former_name
0001519449,SKYWARD SPECIALTY INS GP INC,Houston International Insurance Group,houston international insurance,sec_former_name
0001524472,XYLEM INC,"ITT WCO, Inc.",itt wco,sec_former_name
0001564902,UNITED PARKS & RESORTS INC,"SeaWorld Entertainment, Inc.",seaworld entertainment,sec_former_name
0001572616,FRACTYL HEALTH INC,Fractyl Laboratories Inc.,fractyl laboratories,sec_former_name
0001590364,FTAI AVIATION LTD,Fortress Transportation & Infrastructure Investors LLC,fortress transportation infrastructure investors,sec_former_name
0001590364,FTAI AVIATION LTD,Fortress Transportation & Infrastructure Investors Ltd.,fortress transportation infrastructure investors,sec_former_name
0001590750,VIRIDIAN THERAPEUTICS INC,"Viridian Therapeutics, Inc.\DE",viridian therapeutics incde,sec_current_name
0001590750,VIRIDIAN THERAPEUTICS INC,"MIRAGEN THERAPEUTICS, INC.",miragen therapeutics,sec_former_name
0001590750,VIRIDIAN THERAPEUTICS INC,"SIGNAL GENETICS, INC.",signal genetics,sec_former_name
0001593773,AMJ GLOBAL TECHNOLOGY,KANGE CORP,kange,sec_former_name
0001616543,SENSEONICS HLDGS INC,"Senseonics Holdings, Inc.",senseonics holdings,sec_current_name
0001616543,SENSEONICS HLDGS INC,"ASN Technologies, Inc.",asn technologies,sec_former_name
0001690680,NEWMARK GROUP INC,"NEWMARK GROUP, INC.",newmark group,sec_current_name
0001690680,NEWMARK GROUP INC,"NRE DELAWARE, INC.",nre delaware,sec_former_name
0001714174,BURFORD CAPITAL LIMITED,Burford Capital Ltd,burford capital,sec_current_name
0001726445,SEER INC,"Seer Biosciences, Inc.",seer biosciences,sec_former_name
0001772695,SUNNOVA ENRGY INTL INC,Sunnova Energy International Inc.,sunnova energy international,sec_current_name
0001801170,CLOVER HEALTH INVESTMENTS,"CLOVER HEALTH INVESTMENTS, CORP. /DE",clover health investments corp de,sec_current_name
0001801170,CLOVER HEALTH INVESTMENTS,Social Capital Hedosophia Holdings Corp. III,social capital hedosophia holdings corp iii,sec_former_name
0001805284,ROCKET COS INC,"Rocket Companies, Inc.",rocket companies,sec_current_name
0001808158,REPARE THERAPEUTIC INC,Repare Therapeutics Inc.,repare therapeutics,sec_current_name
0001816431,QUANTUM SI INC,Quantum-Si Inc,quantumsi,sec_current_name
0001816431,QUANTUM SI INC,HighCape Capital Acquisition Corp.,highcape capital acquisition,sec_former_name
0001820721,ARRAY TECHNOLOGIES INC,"ATI Intermediate Holdings, LLC",ati intermediate holdings,sec_former_name
0001822966,NUSCALE POWER CORP,SPRING VALLEY ACQUISITION CORP.,spring valley acquisition,sec_former_name
0001831840,SEMRUSH HOLD INC,"SEMrush Holdings, Inc.",semrush holdings,sec_current_name
0001841925,INDIE SEMICONDUCTOR INC,"Thunder Bridge II Surviving Pubco, Inc.",thunder bridge ii surviving pubco,sec_former_name
0001848861,HEALTHCARE AI ACQ CORP -REDH,Healthcare AI Acquisition Corp.,healthcare ai acquisition,sec_current_name
0001885522,NEUMORA THERAPEUTICS INC,"RBNC Therapeutics, Inc.",rbnc therapeutics,sec_former_name
0001935979,BIOHAVEN LTD,Biohaven Research Ltd.,biohaven research,sec_former_name
0001958140,ATLANTA BRAVES HOLDINGS INC,"Atlanta Braves Holdings, Inc.",atlanta braves holdings,sec_current_name
0001965040,FORTREA HOLDINGS INC,Silver Spinco Inc.,silver spinco,sec_former_name
0001974138,NCR ATLEOS CORP,"NCR ATMCo, LLC",ncr atmco,sec_former_name
0002013745,CALUMET INC,"Calumet, Inc. /DE",calumet inc de,sec_current_name
0002014596,CONCENTRA GRP HLDS PARNT INC,"Concentra Group Holdings Parent, Inc.",concentra group holdings parent,sec_current_name
0000042682,GORMAN-RUPP CO,GORMAN RUPP CO,gorman rupp,sec_current_name
0000712537,FIRST COMMONWLTH FINL CP/PA,FIRST COMMONWEALTH FINANCIAL CORP /PA/,first commonwealth financial corp pa,sec_current_name
0000763901,POPULAR INC,BANPONCE CORP,banponce,sec_former_name
0000790526,RADNET INC,PRIMEDEX HEALTH SYSTEMS INC,primedex health systems,sec_former_name
0000790526,RADNET INC,CCC FRANCHISING CORP,ccc franchising,sec_former_name
0000080661,PROGRESSIVE CORP-OHIO,PROGRESSIVE CORP/OH/,progressive corpoh,sec_current_name
0000811830,SANTANDER HOLDINGS USA INC,SOVEREIGN BANCORP INC,sovereign bancorp,sec_former_name
0000834365,BIOLIFE SOLUTIONS INC,BIOLIFE SOLUTION INC,biolife solution,sec_former_name
0000834365,BIOLIFE SOLUTIONS INC,CRYOMEDICAL SCIENCES INC,cryomedical sciences,sec_former_name
0000837465,CALLAWAY GOLF CO,Topgolf Callaway Brands Corp.,topgolf callaway brands,sec_current_name
0000894405,ARCBEST CORP,ARCBEST CORP /DE/,arcbest corp de,sec_current_name
0000894405,ARCBEST CORP,ARKANSAS BEST CORP /DE/,arkansas best corp de,sec_former_name
0000913241,MADDEN STEVEN LTD,"STEVEN MADDEN, LTD.",steven madden,sec_current_name
0000920371,SIMPSON MANUFACTURING INC,"Simpson Manufacturing Co., Inc.",simpson manufacturing co,sec_current_name
0000920371,SIMPSON MANUFACTURING INC,SIMPSON MANUFACTURING CO INC /CA/,simpson manufacturing co inc ca,sec_former_name
0000926282,ADTRAN HOLDINGS INC,"ADTRAN Holdings, Inc.",adtran holdings,sec_current_name
0000947559,FIRST BANCSHARES INC/MS,FIRST BANCSHARES INC /MS/,first bancshares inc ms,sec_current_name
0000947559,FIRST BANCSHARES INC/MS,COMMUNITY CAPITAL CORP /MS/,community capital corp ms,sec_former_name
0001075736,CREXENDO INC,IMERGENT INC,imergent,sec_former_name
0001075736,CREXENDO INC,NETGATEWAY INC,netgateway,sec_former_name
0001386570,NIAGEN BIOSCIENCE INC,ChromaDex Corp.,chromadex,sec_current_name
0001386570,NIAGEN BIOSCIENCE INC,"CODY RESOURCES, INC.",cody resources,sec_former_name
0001420520,ATOMERA INC,MEARS TECHNOLOGIES INC,mears technologies,sec_former_name
0001514281,AG MORTGAGE INVESTMENT TRUST,"Alexander Mortgage REIT, Inc.",alexander mortgage reit,sec_former_name
0001527541,WHEELER REAL ESTATE INVT TR,"Wheeler Real Estate Investment Trust, Inc.",wheeler real estate investment trust,sec_current_name
0001620459,JAMES RIVER GROUP HLDGS INC,"James River Group Holdings, Ltd.",james river group holdings,sec_current_name
0001635327,FLUTTER ENTERTAINMENT PLC,Stars Group Inc.,stars,sec_former_name
0001635327,FLUTTER ENTERTAINMENT PLC,Amaya Inc.,amaya,sec_former_name
0001641614,CPI CARD GROUP INC,"CPI Holdings I, Inc.",cpi holdings i,sec_former_name
0001709682,CUSTOM TRUCK ONE SOURCE INC,"NESCO HOLDINGS, INC.",nesco holdings,sec_former_name
0001709682,CUSTOM TRUCK ONE SOURCE INC,Capitol Investment Corp. IV,capitol investment corp iv,sec_former_name
0001722964,Y MABS THERAPEUTICS INC,"Y-mAbs Therapeutics, Inc.",ymabs therapeutics,sec_current_name
0001805077,EOS ENERGY ENTERPRISES INC,B. Riley Principal Merger Corp. II,b riley principal merger corp ii,sec_former_name
0001812554,Blue Owl Credit Income Corp.,Owl Rock Core Income Corp.,owl rock core income,sec_former_name
0001840776,HAGERTY INC,Aldel Financial Inc.,aldel financial,sec_former_name
0001841408,DAVE INC,Dave Inc./DE,dave incde,sec_current_name
0001841408,DAVE INC,"VPC Impact Acquisition Holdings III, Inc.",vpc impact acquisition holdings iii,sec_former_name
0001851322,North Haven Private Income Fund LLC,Morgan Stanley Private Income Fund LLC,morgan stanley private income fund,sec_former_name
0001865174,Goldman Sachs Middle Market Lending Corp. II,Goldman Sachs Middle Market Lending LLC II,goldman sachs middle market lending llc ii,sec_former_name
0001868726,OLAPLEX HOLDINGS INC,"OLAPLEX HOLDINGS, INC.",olaplex holdings,sec_current_name
0001868726,OLAPLEX HOLDINGS INC,"OLAPEX HOLDINGS, INC.",olapex holdings,sec_former_name
0001889668,Blue Owl Technology Finance Corp. II,Owl Rock Technology Finance Corp. II,owl rock technology finance corp ii,sec_former_name
0001920145,Goldman Sachs Private Credit Corp.,Goldman Sachs Private Credit Fund LLC,goldman sachs private credit fund,sec_former_name
0001920145,Goldman Sachs Private Credit Corp.,Goldman Sachs Loan Fund LLC,goldman sachs loan fund,sec_former_name
0000733076,BRIGHTHOUSE LIFE INSURNCE CO,BRIGHTHOUSE LIFE INSURANCE Co,brighthouse life insurance,sec_current_name
0000733076,BRIGHTHOUSE LIFE INSURNCE CO,MetLife Insurance Co USA,metlife insurance co usa,sec_former_name
0000733076,BRIGHTHOUSE LIFE INSURNCE CO,MetLife Insurance CO of Connecticut,metlife insurance co of connecticut,sec_former_name
0000733076,BRIGHTHOUSE LIFE INSURNCE CO,TRAVELERS INSURANCE CO,travelers insurance,sec_former_name
0000846913,FUEL TECH INC,FUEL TECH N V,fuel tech n v,sec_former_name
0001801602,SPRINGBIG HOLDINGS INC,"SpringBig Holdings, Inc.",springbig holdings,sec_current_name
0001801602,SPRINGBIG HOLDINGS INC,Tuatara Capital Acquisition Corp,tuatara capital acquisition,sec_former_name
0001001614,RILEY EXPL PERMIAN INC,"Riley Exploration Permian, Inc.",riley exploration permian,sec_current_name
0001001614,RILEY EXPL PERMIAN INC,TENGASCO INC,tengasco,sec_former_name
0001108524,SALESFORCE INC,"SALESFORCE.COM, INC.",salesforcecom,sec_former_name
0001108524,SALESFORCE INC,SALESFORCE COM INC,salesforce com,sec_former_name
0001120370,BROADWIND INC,"BROADWIND ENERGY, INC.",broadwind energy,sec_former_name
0001120370,BROADWIND INC,TOWER TECH HOLDINGS INC.,tower tech,sec_former_name
0001120370,BROADWIND INC,BLACKFOOT ENTERPRISES INC,blackfoot enterprises,sec_former_name
0001141103,CROSS COUNTRY HEALTHCARE INC,CROSS COUNTRY INC,cross country,sec_former_name
0001259429,OXFORD SQUARE CAPITAL CORP,Oxford Street Capital Corp.,oxford street capital,sec_former_name
0001259429,OXFORD SQUARE CAPITAL CORP,TICC Capital Corp.,ticc capital,sec_former_name
0001259429,OXFORD SQUARE CAPITAL CORP,TECHNOLOGY INVESTMENT CAPITAL CORP,technology investment capital,sec_former_name
0001359931,PROTARA THERAPEUTICS INC,"ArTara Therapeutics, Inc.",artara therapeutics,sec_former_name
0001359931,PROTARA THERAPEUTICS INC,PROTEON THERAPEUTICS INC,proteon therapeutics,sec_former_name
0001372299,OCUGEN INC,HISTOGENICS CORP,histogenics,sec_former_name
0001505732,BANKWELL FINANCIAL GROUP INC,"Bankwell Financial Group, Inc.",bankwell financial group,sec_current_name
0001505732,BANKWELL FINANCIAL GROUP INC,"BNC Financial Group, Inc.",bnc financial group,sec_former_name
0001528985,INLAND REAL ESTATE INCOME TR,"Inland Real Estate Income Trust, Inc.",inland real estate income trust,sec_current_name
0001528985,INLAND REAL ESTATE INCOME TR,"Inland Monthly Income Trust, Inc.",inland monthly income trust,sec_former_name
0001528985,INLAND REAL ESTATE INCOME TR,"Inland Core Assets Real Estate Trust, Inc.",inland core assets real estate trust,sec_former_name
0001554818,AUDDIA INC,"Clip Interactive, LLC",clip interactive,sec_former_name
0001580345,TRIPLEPOINT VENTURE GWTH BDC,TriplePoint Venture Growth BDC Corp.,triplepoint venture growth bdc,sec_current_name
0001604665,WESTLAKE CHEMICAL PRTNRS LP,Westlake Chemical Partners LP,westlake chemical partners lp,sec_current_name
0001655210,BEYOND MEAT INC,"Savage River, Inc.",savage river,sec_former_name
0001697500,SOLARIS ENRGY INFRASTRUCTURE,"Solaris Energy Infrastructure, Inc.",solaris energy infrastructure,sec_current_name
0001697500,SOLARIS ENRGY INFRASTRUCTURE,"Solaris Oilfield Infrastructure, Inc.",solaris oilfield infrastructure,sec_former_name
0001734342,AMERANT BANCORP INC,Mercantil Bank Holding Corp,mercantil bank,sec_former_name
0001758766,STEM INC,Star Peak Energy Transition Corp.,star peak energy transition,sec_former_name
0001758766,STEM INC,Star Peak Energy Acquisition Corp.,star peak energy acquisition,sec_former_name
0001758766,STEM INC,Roaring Fork Acquisition Corp.,roaring fork acquisition,sec_former_name
0001759824,ALTA EQUIPMENT GROUP INC,B. Riley Principal Merger Corp.,b riley principal merger,sec_former_name
0001823144,GPGI INC,"CompoSecure, Inc.",composecure,sec_current_name
0001823144,GPGI INC,Roman DBDR Tech Acquisition Corp.,roman dbdr tech acquisition,sec_former_name
0001833197,LATHAM GROUP INC,"Latham Group, Inc.",latham group,sec_current_name
0001833197,LATHAM GROUP INC,"Latham Topco, Inc.",latham topco,sec_former_name
0001837014,SMARTRENT INC,Fifth Wall Acquisition Corp. I,fifth wall acquisition corp i,sec_former_name
0001869453,Blue Owl Technology Income Corp.,Owl Rock Technology Income Corp.,owl rock technology income,sec_former_name
0001879814,TLGY ACQUISITION CORP -REDH,TLGY ACQUISITION CORP,tlgy acquisition,sec_current_name
0001879814,TLGY ACQUISITION CORP -REDH,TLGY Acquisition Corp,tlgy acquisition,sec_former_name
0001943289,SILVACO GROUP INC,"Silvaco Group, Inc.",silvaco group,sec_current_name
0001976719,"New Mountain Guardian IV Income Fund, L.L.C.","New Mountain Guardian IV Unlevered BDC, L.L.C.",new mountain guardian iv unlevered bdc llc,sec_former_name
0002010653,FUTURE VSN II ACQ CORP -REDH,Future Vision II Acquisition Corp.,future vision ii acquisition,sec_current_name
0000049754,DINE BRANDS GLOBAL INC,"DineEquity, Inc",dineequity,sec_former_name
0000049754,DINE BRANDS GLOBAL INC,IHOP CORP,ihop,sec_former_name
0000708781,CASS INFORMATION SYSTEMS INC,CASS COMMERCIAL CORP,cass commercial,sec_former_name
0000714562,FIRST FINANCIAL CORP,FIRST FINANCIAL CORP /IN/,first financial corp in,sec_current_name
0000714562,FIRST FINANCIAL CORP,TERRE HAUTE FIRST CORP,terre haute first,sec_former_name
0000789933,NACCO INDUSTRIES  -CL A,NACCO INDUSTRIES INC,nacco industries,sec_current_name
0000008063,ASTRONICS CORP,ASTRONICS LUMINESCENT INC,astronics luminescent,sec_former_name
0000924822,MILLER INDUSTRIES INC/TN,MILLER INDUSTRIES INC /TN/,miller industries inc tn,sec_current_name
0001120970,COMSTOCK INC,Comstock Mining Inc.,comstock mining,sec_former_name
0001120970,COMSTOCK INC,GOLDSPRING INC,goldspring,sec_former_name
0001120970,COMSTOCK INC,GOLDSPRING,goldspring,sec_former_name
0001158172,COMSCORE INC,COMSCORE NETWORKS INC,comscore networks,sec_former_name
0001162896,PRAIRIE OPERATING CO,"Creek Road Miners, Inc.",creek road miners,sec_former_name
0001162896,PRAIRIE OPERATING CO,"WIZARD BRANDS, INC.",wizard brands,sec_former_name
0001162896,PRAIRIE OPERATING CO,"WIZARD ENTERTAINMENT, INC.",wizard entertainment,sec_former_name
0001290677,TURNING POINT BRANDS INC,"North Atlantic Holding Company, Inc.",north atlantic holding company,sec_former_name
0001314102,EYEPOINT INC,"EyePoint Pharmaceuticals, Inc.",eyepoint pharmaceuticals,sec_current_name
0001314102,EYEPOINT INC,pSivida Corp.,psivida,sec_former_name
0001314102,EYEPOINT INC,pSivida LTD,psivida,sec_former_name
0001327978,Ares Real Estate Income Trust Inc.,Black Creek Diversified Property Fund Inc.,black creek diversified property fund,sec_former_name
0001327978,Ares Real Estate Income Trust Inc.,Dividend Capital Diversified Property Fund Inc.,dividend capital diversified property fund,sec_former_name
0001327978,Ares Real Estate Income Trust Inc.,Dividend Capital Total Realty Trust Inc.,dividend capital total realty trust,sec_former_name
0001388295,ONEMETA INC,"WebSafety, Inc.",websafety,sec_former_name
0001388295,ONEMETA INC,"Blindspot Alert, Inc.",blindspot alert,sec_former_name
0001388295,ONEMETA INC,"Promotions on Wheels Holdings, Inc.",promotions on wheels holdings,sec_former_name
0001402829,ORION GROUP HOLDINGS INC,Orion Marine Group Inc,orion marine,sec_former_name
0001445283,KINETA INC,"KINETA, INC./DE",kineta incde,sec_current_name
0001445283,KINETA INC,"YUMANITY THERAPEUTICS, INC.",yumanity therapeutics,sec_former_name
0001445283,KINETA INC,"PROTEOSTASIS THERAPEUTICS, INC.",proteostasis therapeutics,sec_former_name
0001445283,KINETA INC,PROTEOSTASIS THERAPEUTICS INC,proteostasis therapeutics,sec_former_name
0001453593,XTANT MEDICAL HOLDINGS INC,"Xtant Medical Holdings, Inc.",xtant medical holdings,sec_current_name
0001453593,XTANT MEDICAL HOLDINGS INC,"Bacterin International Holdings, Inc.",bacterin international holdings,sec_former_name
0001453593,XTANT MEDICAL HOLDINGS INC,K KITZ INC,k kitz,sec_former_name
0001566044,VYNE THERAPEUTICS INC,Menlo Therapeutics Inc.,menlo therapeutics,sec_former_name
0001566044,VYNE THERAPEUTICS INC,"Menlo Therapeutics, Inc.",menlo therapeutics,sec_former_name
0001566044,VYNE THERAPEUTICS INC,"Tigercat Pharma, Inc.",tigercat pharma,sec_former_name
0001571776,CHERRY HILL MTG INVST,Cherry Hill Mortgage Investment Corp,cherry hill mortgage investment,sec_current_name
0001597672,RAYONIER ADVANCED MATERIALS,Rayonier Holding Co,rayonier,sec_former_name
0001610618,CIDARA THERAPEUTICS INC,"K2 THERAPEUTICS, INC.",k2 therapeutics,sec_former_name
0001625941,ARES INDUSTRIAL REAL ESTATE INCOME TRUST Inc.,BLACK CREEK INDUSTRIAL REIT IV Inc.,black creek industrial reit iv,sec_former_name
0001625941,ARES INDUSTRIAL REAL ESTATE INCOME TRUST Inc.,INDUSTRIAL LOGISTICS REALTY TRUST INC.,industrial logistics realty trust,sec_former_name
0001625941,ARES INDUSTRIAL REAL ESTATE INCOME TRUST Inc.,LOGISTICS PROPERTY TRUST INC.,logistics property trust,sec_former_name
0001653558,PRIORITY TECHNLGY HLDNGS INC,"Priority Technology Holdings, Inc.",priority technology holdings,sec_current_name
0001653558,PRIORITY TECHNLGY HLDNGS INC,"M I Acquisitions, Inc.",m i acquisitions,sec_former_name
0001673772,RAPT THERAPEUTICS INC,"FLX Bio, Inc.",flx bio,sec_former_name
0001701541,BLACK DIAMOND THERAPEUTICS,"Aset Therapeutics, Inc.",aset therapeutics,sec_former_name
0001720580,ADICET BIO INC,"resTORbio, Inc.",restorbio,sec_former_name
0001747777,BLUE OWL TECH FIN CORP -REDH,Blue Owl Technology Finance Corp.,blue owl technology finance,sec_current_name
0001747777,BLUE OWL TECH FIN CORP -REDH,Owl Rock Technology Finance Corp.,owl rock technology finance,sec_former_name
0001766037,"NMF SLF I, Inc.","NMF Senior Loan Fund I, Inc.",nmf senior loan fund i,sec_former_name
0001768224,ARCTURUS THERAPETCS HOLD INC,Arcturus Therapeutics Holdings Inc.,arcturus therapeutics,sec_current_name
0001769617,HARBORONE BANCORP INC,"HarborOne Bancorp, Inc./NEW",harborone bancorp incnew,sec_former_name
0001769617,HARBORONE BANCORP INC,"HarborOne NorthEast Bancorp, Inc.",harborone northeast bancorp,sec_former_name
0001783183,PHATHOM PHARMA INC,"Phathom Pharmaceuticals, Inc.",phathom pharmaceuticals,sec_current_name
0001803737,ENHABIT INC,"Encompass Health Home Health Holdings, Inc.",encompass health home health holdings,sec_former_name
0001805651,MARKETWISE INC,Ascendant Digital Acquisition Corp.,ascendant digital acquisition,sec_former_name
0001810560,REVELATION BIOSCIENCES INC,Petra Acquisition Inc.,petra acquisition,sec_former_name
0001811063,NUVATION BIO INC,Panacea Acquisition Corp,panacea acquisition,sec_former_name
0001813814,DEFINIUM THERAPEUTICS INC,Mind Medicine (MindMed) Inc.,mind medicine mindmed,sec_current_name
0001821159,EVGO INC,Climate Change Crisis Real Impact I Acquisition Corp,climate change crisis real impact i acquisition,sec_former_name
0001827821,FORGE GLOBAL HOLDINGS INC,"Forge Global Holdings, Inc.",forge global holdings,sec_current_name
0001827821,FORGE GLOBAL HOLDINGS INC,Motive Capital Corp,motive capital,sec_former_name
0001827821,FORGE GLOBAL HOLDINGS INC,MCF2 Acquisition Corp.,mcf2 acquisition,sec_former_name
0001828105,HIPPO HOLDINGS INC,Reinvent Technology Partners Z,reinvent technology partners z,sec_former_name
0001828105,HIPPO HOLDINGS INC,Reinvent Technology Partners B,reinvent technology partners b,sec_former_name
0001829864,TASKUS INC,"TU TopCo, Inc.",tu topco,sec_former_name
0001832483,SERVE ROBOTICS INC,Serve Robotics Inc. /DE/,serve robotics inc de,sec_current_name
0001832483,SERVE ROBOTICS INC,Patricia Acquisition Corp.,patricia acquisition,sec_former_name
0001835579,IMAGENEBIO INC,"Ikena Oncology, Inc.",ikena oncology,sec_current_name
0001854463,WINVEST ACQUISITN CORP -REDH,WinVest Acquisition Corp.,winvest acquisition,sec_current_name
0001865107,A.K.A. BRAND HOLD CORP,A.K.A. BRANDS HOLDING CORP.,aka brands,sec_current_name
0001865782,BRIGHTSPRING HEALTH SVCS INC,"BrightSpring Health Services, Inc.",brightspring health services,sec_current_name
0001867096,XERIS BIOPHARMA HOLDINGS INC,"Xeris Biopharma Holdings, Inc.",xeris biopharma holdings,sec_current_name
0001885968,T Series Middle Market Loan Fund LLC,T Series Middle Market Investment Loan Fund LLC,t series middle market investment loan fund,sec_former_name
0002007855,VENTURE GLOBAL INC,"Venture Global Holdings, Inc.",venture global holdings,sec_former_name
0002023730,GIGCAPITAL7 CORP -REDH,GigCapital7 Corp.,gigcapital7,sec_current_name
0000002098,ACME UNITED CORP,ACME SHEAR CO,acme shear,sec_former_name
0000216085,HAVERTY FURNITURE,HAVERTY FURNITURE COMPANIES INC,haverty furniture companies,sec_current_name
0000357173,OLD SECOND BANCORP INC/IL,OLD SECOND BANCORP INC,old second bancorp,sec_current_name
0000069488,MYERS INDUSTRIES INC,MYERS TIRE SUPPLY CO,myers tire supply,sec_former_name
0000703604,DISTRIBUTION SOLUTIO GRO INC,"Distribution Solutions Group, Inc.",distribution solutions group,sec_current_name
0000703604,DISTRIBUTION SOLUTIO GRO INC,LAWSON PRODUCTS INC/NEW/DE/,lawson products incnewde,sec_former_name
0000709337,FARMERS NATL BANC CORP/OH,FARMERS NATIONAL BANC CORP /OH/,farmers national banc corp oh,sec_current_name
0000072162,NL INDUSTRIES,NATIONAL LEAD CO,national lead,sec_former_name
0000874501,OCTAVE SPECIALTY GROUP INC,AMBAC FINANCIAL GROUP INC,ambac financial,sec_current_name
0000874501,OCTAVE SPECIALTY GROUP INC,AMBAC INC /DE/,ambac inc de,sec_former_name
0000884144,ASURE SOFTWARE INC,FORGENT NETWORKS INC,forgent networks,sec_former_name
0000884144,ASURE SOFTWARE INC,VTEL CORP,vtel,sec_former_name
0000884144,ASURE SOFTWARE INC,VIDEO TELECOM CORP,video telecom,sec_former_name
0000907654,ORUKA THERAPEUTICS INC,"ARCA biopharma, Inc.",arca biopharma,sec_former_name
0000907654,ORUKA THERAPEUTICS INC,NUVELO INC,nuvelo,sec_former_name
0000907654,ORUKA THERAPEUTICS INC,HYSEQ INC,hyseq,sec_former_name
0000913277,CLARUS CORP,"Black Diamond, Inc.",black diamond,sec_former_name
0000913277,CLARUS CORP,SQL FINANCIALS INTERNATIONAL INC /DE/,sql financials international inc de,sec_former_name
0000921557,REPUBLIC BANCORP INC/KY,REPUBLIC BANCORP INC /KY/,republic bancorp inc ky,sec_current_name
0000095552,SUPERIOR INDUSTRIES INTL,SUPERIOR INDUSTRIES INTERNATIONAL INC,superior industries international,sec_current_name
0001014763,AINOS INC,AMARILLO BIOSCIENCES INC,amarillo biosciences,sec_former_name
0001018399,ENTERPRISE BANCORP INC/MA,ENTERPRISE BANCORP INC /MA/,enterprise bancorp inc ma,sec_current_name
0001089819,CLECO CORP,Cleco Corporate Holdings LLC,cleco corporate,sec_current_name
0000018672,CLECO POWER LLC,CLECO UTILITY GROUP INC,cleco utility,sec_former_name
0000018672,CLECO POWER LLC,CENTRAL LOUISIANA ELECTRIC CO INC,central louisiana electric,sec_former_name
0001114927,FIRST NORTHN CMNTY BANCORP,FIRST NORTHERN COMMUNITY BANCORP,first northern community bancorp,sec_current_name
0001124524,CRYOPORT INC,CRYOPORT SYSTEMS LLC,cryoport systems,sec_former_name
0001124524,CRYOPORT INC,CRYOPORT SYSTEMS INC,cryoport systems,sec_former_name
0001275477,BIMINI CAPITAL MANAGEMENT,Opteum Inc.,opteum,sec_former_name
0001275477,BIMINI CAPITAL MANAGEMENT,BIMINI MORTGAGE MANAGEMENT INC,bimini mortgage management,sec_former_name
0001327607,FIRST WSTRN FINNCIL INC,First Western Financial Inc,first western financial,sec_current_name
0001370450,WILLDAN GROUP INC,"Willdan Group, Inc.",willdan group,sec_current_name
0001434621,LENDINGTREE INC,"Tree.com, Inc.",treecom,sec_former_name
0001434868,ESPERION THERAPEUTICS INC,HDL THERAPEUTICS INC,hdl therapeutics,sec_former_name
0001454938,TEADS HOLDING CO,Outbrain Inc.,outbrain,sec_current_name
0001518715,MECHANICS BANCORP,"HomeStreet, Inc.",homestreet,sec_current_name
0001607962,LIFEWARD LTD,ReWalk Robotics Ltd.,rewalk robotics,sec_former_name
0001607962,LIFEWARD LTD,Argo Medical Technologies Ltd.,argo medical technologies,sec_former_name
0001624322,BUSINESS FIRST BANCSHS INC,"Business First Bancshares, Inc.",business first bancshares,sec_current_name
0001662972,"Blackstone Real Estate Income Trust, Inc.","Royal Blue Trust, Inc.",royal blue trust,sec_former_name
0001709442,FIRSTSUN CAP BANCORP,FIRSTSUN CAPITAL BANCORP,firstsun capital bancorp,sec_current_name
0001754068,KALARIS THERAPEUTICS INC,"Allovir, Inc.",allovir,sec_current_name
0001754068,KALARIS THERAPEUTICS INC,"ViraCyte, Inc.",viracyte,sec_former_name
0001767042,KODIAK GAS SERVICES INC,"Frontier TopCo, Inc.",frontier topco,sec_former_name
0001776661,ADVANTAGE SOLUTIONS INC,Conyers Park II Acquisition Corp.,conyers park ii acquisition,sec_former_name
0001812727,RELIANCE GLOBAL GROUP INC,"Reliance Global Group, Inc.",reliance global group,sec_current_name
0001820144,GRINDR INC,Tiga Acquisition Corp.,tiga acquisition,sec_former_name
0001820872,GLOBAL BUSINESS TRAVL GP INC,"Global Business Travel Group, Inc.",global business travel group,sec_current_name
0001820872,GLOBAL BUSINESS TRAVL GP INC,Apollo Strategic Growth Capital,apollo strategic growth capital,sec_former_name
0001834488,N-ABLE INC,"SWI Spinco, LLC",swi spinco,sec_former_name
0001837671,COPPER PROPERTY CTL PASS T T,Copper Property CTL Pass Through Trust,copper property ctl pass through trust,sec_current_name
0001838359,RIGETTI COMPUTING INC,"Supernova Partners Acquisition Co II, Ltd.",supernova partners acquisition co ii,sec_former_name
0001854401,BRIDGE INV GRP HLD INC,Bridge Investment Group Holdings Inc.,bridge investment,sec_current_name
0001857853,TRAEGER INC,TGPX Holdings I LLC,tgpx holdings i,sec_former_name
0001860424,Onex Direct Lending BDC Fund,Onex Falcon Direct Lending BDC Fund,onex falcon direct lending bdc fund,sec_former_name
0001860424,Onex Direct Lending BDC Fund,Onex Falcon BDC Fund,onex falcon bdc fund,sec_former_name
0000765207,FIRST BANCORP INC/ME,"First Bancorp, Inc /ME/",first bancorp inc me,sec_current_name
0000765207,FIRST BANCORP INC/ME,FIRST NATIONAL LINCOLN CORP /ME/,first national lincoln corp me,sec_former_name
0000775215,HBT FINANCIAL INC,"HEARTLAND BANCORP, INC.",heartland bancorp,sec_former_name
0000775215,HBT FINANCIAL INC,HEARTLAND BANCORP,heartland bancorp,sec_former_name
0000827187,SLEEP NUMBER CORP,SELECT COMFORT CORP,select comfort,sec_former_name
0000920427,UNITY BANCORP INC,UNITY BANCORP INC /NJ/,unity bancorp inc nj,sec_current_name
0000920427,UNITY BANCORP INC,UNITY BANCORP INC /DE/,unity bancorp inc de,sec_former_name
0001089872,GAIA INC,"GAIAM, INC",gaiam,sec_former_name
0001089872,GAIA INC,GAIAM INC,gaiam,sec_former_name
0001372612,BOX INC,BOX.NET INC,boxnet,sec_former_name
0001399520,ONE GP HOSPITALITY (THE),"ONE Group Hospitality, Inc.",one group hospitality,sec_current_name
0001399520,ONE GP HOSPITALITY (THE),COMMITTED CAPITAL ACQUISITION Corp,committed capital acquisition,sec_former_name
0001399520,ONE GP HOSPITALITY (THE),PLASTRON ACQUISITION CORP II,plastron acquisition corp ii,sec_former_name
0001533998,DARIOHEALTH CORP,LabStyle Innovations Corp.,labstyle innovations,sec_former_name
0001535527,CROWDSTRIKE HOLDINGS INC,"CrowdStrike Holdings, Inc.",crowdstrike holdings,sec_current_name
0001568385,BRIGHT MOUNTAIN MEDIA INC,Bright Mountain Acquisition Corp,bright mountain acquisition,sec_former_name
0001568385,BRIGHT MOUNTAIN MEDIA INC,"Bright Mountain Holdings, Inc./FL",bright mountain holdings incfl,sec_former_name
0001606163,LIMBACH HOLDINGS INC,"Limbach Holdings, Inc.",limbach holdings,sec_current_name
0001606163,LIMBACH HOLDINGS INC,1347 Capital Corp,1347 capital,sec_former_name
0001619856,CARIBOU BIOSCIENCE INC,"Caribou Biosciences, Inc.",caribou biosciences,sec_current_name
0001637715,ONKURE THERAPEUTICS INC,"Reneo Pharmaceuticals, Inc.",reneo pharmaceuticals,sec_former_name
0001692427,NCS MULTISTAGE HLDG INC,"NCS Multistage Holdings, Inc.",ncs multistage holdings,sec_current_name
0001749723,NEW FORTRESS ENERGY INC,NFE Financial Holdings LLC,nfe financial,sec_former_name
0001805833,SYSTEM1 INC,Trebia Acquisition Corp.,trebia acquisition,sec_former_name
0001807120,DESIGN THERAPEUTIS INC,"Design Therapeutics, Inc.",design therapeutics,sec_current_name
0001845437,NET POWER INC,Rice Acquisition Corp. II,rice acquisition corp ii,sec_former_name
0001918712,ARES STRATEGIC INCOME FUND,ARES PRIVATE CREDIT FUND,ares private credit fund,sec_former_name
0002012481,BANK5 2024-5YR8,BANK5 2024-5YR6,bank5 20245yr6,sec_former_name
0002028707,MERLIN INC -REDH,Bleichroeder Acquisition Corp. I,bleichroeder acquisition corp i,sec_current_name
0000320121,TELOS CORP/MD,TELOS CORP,telos,sec_current_name
0000320121,TELOS CORP/MD,C3 INC,c3,sec_former_name
0000876343,LINEAGE CELL THERAPEUTICS IN,"Lineage Cell Therapeutics, Inc.",lineage cell therapeutics,sec_current_name
0000876343,LINEAGE CELL THERAPEUTICS IN,BIOTIME INC,biotime,sec_former_name
0001010086,SIGA TECHNOLOGIES INC,SIGA PHARMACEUTICALS INC,siga pharmaceuticals,sec_former_name
0001026655,CORE MOLDING TECHNOLOGIES,CORE MATERIALS CORP,core materials,sec_former_name
0001162194,STANDARD BIOTOOLS INC,FLUIDIGM CORP,fluidigm,sec_former_name
0001274737,EXAGEN INC,EXAGEN DIAGNOSTICS INC,exagen diagnostics,sec_former_name
0001337013,INFUSYSTEM HOLDINGS INC,"InfuSystem Holdings, Inc",infusystem holdings,sec_current_name
0001337013,INFUSYSTEM HOLDINGS INC,"HAPC, Inc.",hapc,sec_former_name
0001337013,INFUSYSTEM HOLDINGS INC,Healthcare Acquisition Partners Corp.,healthcare acquisition partners,sec_former_name
0001346830,TVARDI THERAPEUTICS INC,"Cara Therapeutics, Inc.",cara therapeutics,sec_current_name
0001346830,TVARDI THERAPEUTICS INC,Cara Therapeutics Inc,cara therapeutics,sec_former_name
0001412665,MIDWESTONE FINANCIAL GROUP,"MidWestOne Financial Group, Inc.",midwestone financial group,sec_current_name
0001412665,MIDWESTONE FINANCIAL GROUP,ISB Financial Corp.,isb financial,sec_former_name
0001436126,MISTRAS GROUP INC,"Mistras Group, Inc.",mistras group,sec_current_name
0001454789,ASTRIA THERAPEUTICS INC,CATABASIS PHARMACEUTICALS INC,catabasis pharmaceuticals,sec_former_name
0001494904,GLOBAL INDEMNITY GROUP LLC,"Global Indemnity Group, LLC",global indemnity group,sec_current_name
0001580864,VROOM INC,"AutoAmerica, Inc.",autoamerica,sec_former_name
0001636651,OVID THRPUTCS INC,Ovid Therapeutics Inc.,ovid therapeutics,sec_current_name
0001660334,VERRICA PHARMACEUTICAL,Verrica Pharmaceuticals Inc.,verrica pharmaceuticals,sec_current_name
0001661998,Q32 BIO INC,"Homology Medicines, Inc.",homology medicines,sec_former_name
0001690585,DIANTHUS THERAPEUTICS INC,"Dianthus Therapeutics, Inc. /DE/",dianthus therapeutics inc de,sec_current_name
0001690585,DIANTHUS THERAPEUTICS INC,"Magenta Therapeutics, Inc.",magenta therapeutics,sec_former_name
0001701756,SADOT GROUP INC,"Muscle Maker, Inc.",muscle maker,sec_former_name
0001708527,ELUTIA INC,"AZIYO BIOLOGICS, INC.",aziyo biologics,sec_former_name
0001789940,FIRST WATCH RESTAURA GRO INC,"First Watch Restaurant Group, Inc.",first watch restaurant group,sec_current_name
0001789940,FIRST WATCH RESTAURA GRO INC,"AI Fresh Super Holdco, Inc.",ai fresh super holdco,sec_former_name
0001789940,FIRST WATCH RESTAURA GRO INC,"Al Fresh Super Holdco, Inc.",al fresh super holdco,sec_former_name
0001792509,TriplePoint Private Venture Credit Inc.,"TriplePoint Global Venture Credit, LLC",triplepoint global venture credit,sec_former_name
0001816708,OWLET INC,Sandbridge Acquisition Corp,sandbridge acquisition,sec_former_name
0001818502,OPPFI INC,FG New America Acquisition Corp.,fg new america acquisition,sec_former_name
0001819810,REDWIRE CORP,Genesis Park Acquisition Corp.,genesis park acquisition,sec_former_name
0001823652,EVE HOLDING INC,"Eve Holding, Inc.",eve holding,sec_current_name
0001823652,EVE HOLDING INC,Zanite Acquisition Corp.,zanite acquisition,sec_former_name
0001840856,SOUNDHOUND AI INC,Archimedes Tech Spac Partners Co,archimedes tech spac partners,sec_former_name
0001841156,PAYMENTUS HOLDINGS INC,"Paymentus Holdings, Inc.",paymentus holdings,sec_current_name
0001847874,MOBILE INFRASTRUCTURE CORP,Fifth Wall Acquisition Corp. III,fifth wall acquisition corp iii,sec_former_name
0001860543,CADRE HOLDINGS INC,"Cadre Holdings, Inc.",cadre holdings,sec_current_name
0001869601,EMBRACE CHANGE ACQ COR -REDH,Embrace Change Acquisition Corp.,embrace change acquisition,sec_current_name
0001953926,ZENAS BIOPHARMA INC,Zenas BioPharma (Cayman) Ltd,zenas biopharma cayman,sec_former_name
0001961629,FIVE 2023-V1 Mortgage Trust,HIGH 2023-FIVE Mortgage Trust,high 2023five mortgage trust,sec_former_name
0000726601,CAPITAL CITY BK GROUP INC,CAPITAL CITY BANK GROUP INC,capital city bank,sec_current_name
0000750574,AUBURN NATIONAL BANCORP,"AUBURN NATIONAL BANCORPORATION, INC",auburn national bancorporation,sec_current_name
0000750574,AUBURN NATIONAL BANCORP,AUBURN NATIONAL BANCORPORATION INC,auburn national bancorporation,sec_former_name
0000822663,INTERPARFUMS INC,INTER PARFUMS INC,inter parfums,sec_former_name
0000822663,INTERPARFUMS INC,JEAN PHILIPPE FRAGRANCES INC,jean philippe fragrances,sec_former_name
0000837010,VOYA RETIREMENT INS &ANNUITY,VOYA RETIREMENT INSURANCE & ANNUITY Co,voya retirement insurance annuity,sec_current_name
0000837010,VOYA RETIREMENT INS &ANNUITY,ING LIFE INSURANCE & ANNUITY CO,ing life insurance annuity,sec_former_name
0000837010,VOYA RETIREMENT INS &ANNUITY,AETNA LIFE INSURANCE & ANNUITY CO /CT,aetna life insurance annuity co ct,sec_former_name
0000874761,AES CORP (THE),AES CORP,aes,sec_current_name
0000874761,AES CORP (THE),AES CORPORATION,aes,sec_former_name
0000876883,STAGWELL INC,MDC Stagwell Holdings Inc,mdc stagwell,sec_former_name
0000876883,STAGWELL INC,MDC PARTNERS INC,mdc partners,sec_former_name
0000876883,STAGWELL INC,MDC CORP INC,mdc,sec_former_name
0000945983,CLIMB GLOBAL SOLUTIONS INC,"Wayside Technology Group, Inc.",wayside technology group,sec_former_name
0000945983,CLIMB GLOBAL SOLUTIONS INC,PROGRAMMERS PARADISE INC,programmers paradise,sec_former_name
0000948320,LIFEMD INC,"CONVERSION LABS, INC.",conversion labs,sec_former_name
0000948320,LIFEMD INC,"Immudyne, Inc.",immudyne,sec_former_name
0000948320,LIFEMD INC,IMMUDYNE INC,immudyne,sec_former_name
0000949858,ACHIEVE LIFE SCIENCES INC,"ONCOGENEX PHARMACEUTICALS, INC.",oncogenex pharmaceuticals,sec_former_name
0000949858,ACHIEVE LIFE SCIENCES INC,SONUS PHARMACEUTICALS INC,sonus pharmaceuticals,sec_former_name
0000095574,SUPERIOR GROUP OF COS INC,"SUPERIOR GROUP OF COMPANIES, INC.",superior group of companies,sec_current_name
0000095574,SUPERIOR GROUP OF COS INC,SUPERIOR UNIFORM GROUP INC,superior uniform,sec_former_name
0000095574,SUPERIOR GROUP OF COS INC,SUPERIOR SURGICAL MANUFACTURING CO INC,superior surgical manufacturing,sec_former_name
0001001082,DISH NETWORK CORP,ECHOSTAR COMMUNICATIONS CORP,echostar communications,sec_former_name
0001104038,VERIFYME INC,LASERLOCK TECHNOLOGIES INC,laserlock technologies,sec_former_name
0001134115,INTERNATIONAL TOWER HILL MIN,INTERNATIONAL TOWER HILL MINES LTD,international tower hill mines,sec_current_name
0001270436,COHEN & COMPANY INC,"INSTITUTIONAL FINANCIAL MARKETS, INC.",institutional financial markets,sec_former_name
0001270436,COHEN & COMPANY INC,ALESCO FINANCIAL INC,alesco financial,sec_former_name
0001320854,FREIGHTCAR AMERICA INC,FCA Acquisition Corp.,fca acquisition,sec_former_name
0001400118,SAGIMET BIOSCIENCES INC,"3-V Biosciences, Inc.",3v biosciences,sec_former_name
0001442236,QUEST RESOURCE HOLDING CORP,Infinity Resources Holdings Corp.,infinity resources,sec_former_name
0001442236,QUEST RESOURCE HOLDING CORP,YouChange Holdings Corp,youchange,sec_former_name
0001442236,QUEST RESOURCE HOLDING CORP,"BlueStar Financial Group, Inc.",bluestar financial group,sec_former_name
0001505155,UPLAND SOFTWARE INC,Silverback Acquisition Corp,silverback acquisition,sec_former_name
0001509470,SURO CAPITAL CORP,SUTTER ROCK CAPITAL CORP.,sutter rock capital,sec_former_name
0001509470,SURO CAPITAL CORP,GSV Capital Corp.,gsv capital,sec_former_name
0001509470,SURO CAPITAL CORP,NeXt Innovation Corp.,next innovation,sec_former_name
0001533758,Hughes Satellite Systems Corp,Hughes Satellites Systems Corp,hughes satellites systems,sec_former_name
0001585389,SMARTSTOP SELF STORAGE R INC,"SmartStop Self Storage REIT, Inc.",smartstop self storage reit,sec_current_name
0001585389,SMARTSTOP SELF STORAGE R INC,"Strategic Storage Trust II, Inc.",strategic storage trust ii,sec_former_name
0001646188,ONDAS INC,ZEV VENTURES INC.,zev ventures,sec_former_name
0001769759,MONOGRAM TECHNOLOGIES INC,MONOGRAM ORTHOPAEDICS INC,monogram orthopaedics,sec_former_name
0001803901,TALKSPACE INC,Hudson Executive Investment Corp.,hudson executive investment,sec_former_name
0001808665,ASSERTIO HOLDINGS INC,"Assertio Holdings, Inc.",assertio holdings,sec_current_name
0001818093,BEAUTY HEALTH CO (THE),Beauty Health Co,beauty health,sec_current_name
0001818093,BEAUTY HEALTH CO (THE),Vesper Healthcare Acquisition Corp.,vesper healthcare acquisition,sec_former_name
0001847590,BOWMAN CONSLTG GRP LTD,Bowman Consulting Group Ltd.,bowman consulting,sec_current_name
0001853138,KODIAK AI INC,Ares Acquisition Corp II,ares acquisition corp ii,sec_current_name
0001865631,NEXTNAV INC,Spartacus Acquisition Shelf Corp.,spartacus acquisition shelf,sec_former_name
0001867949,CHICAGO ATLANTIC REA E F INC,"Chicago Atlantic Real Estate Finance, Inc.",chicago atlantic real estate finance,sec_current_name
0002025410,STANDARDAERO INC,"Dynasty Parent Co., Inc.",dynasty parent co,sec_former_name
0000027419,TARGET CORP,DAYTON HUDSON CORP,dayton hudson,sec_former_name
0000027419,TARGET CORP,DAYTON CORP,dayton,sec_former_name
0000315131,PHX MINERALS INC,PANHANDLE OIL & GAS INC,panhandle oil gas,sec_former_name
0000315131,PHX MINERALS INC,PANHANDLE ROYALTY CO,panhandle royalty,sec_former_name
0000798287,PAMT CORP,PAM TRANSPORTATION SERVICES INC,pam transportation services,sec_former_name
0000883569,FOSSIL GROUP INC,"Fossil Group, Inc.",fossil group,sec_current_name
0000884269,ALPHA PRO TECH LTD,BFD INDUSTRIES INC,bfd industries,sec_former_name
0000889609,CONSUMER PORTFOLIO SVCS INC,"CONSUMER PORTFOLIO SERVICES, INC.",consumer portfolio services,sec_current_name
0000889609,CONSUMER PORTFOLIO SVCS INC,CONSUMER PORTFOLIO SERVICES INC,consumer portfolio services,sec_former_name
0000896264,USANA HEALTH SCIENCES INC,USANA INC,usana,sec_former_name
0000897448,AMARIN CORPORATION PLC,AMARIN CORP PLC\UK,amarin corp plcuk,sec_current_name
0000897448,AMARIN CORPORATION PLC,AMARIN PHARMACEUTICALS PLC,amarin pharmaceuticals,sec_former_name
0000897448,AMARIN CORPORATION PLC,ETHICAL HOLDINGS PLC,ethical,sec_former_name
0000917225,SOLITARIO RESOURCES CORP,SOLITARIO ZINC CORP.,solitario zinc,sec_former_name
0000917225,SOLITARIO RESOURCES CORP,SOLITARIO EXPLORATION & ROYALTY CORP.,solitario exploration royalty,sec_former_name
0000928054,FLOTEK INDUSTRIES INC,FLOTEK INDUSTRIES INC/CN/,flotek industries inccn,sec_current_name
0001022505,SIDECHANNEL INC,CIPHERLOC Corp,cipherloc,sec_former_name
0001022505,SIDECHANNEL INC,NATIONAL SCIENTIFIC CORP/AZ,national scientific corpaz,sec_former_name
0000924383,GENASYS INC,LRAD Corp,lrad,sec_former_name
0000924383,GENASYS INC,AMERICAN TECHNOLOGY CORP /DE/,american technology corp de,sec_former_name
0001327273,LYRA THERAPEUTICS INC,"480 Biomedical, Inc.",480 biomedical,sec_former_name
0001327273,LYRA THERAPEUTICS INC,"Arsenal Vascular, Inc.",arsenal vascular,sec_former_name
0001327273,LYRA THERAPEUTICS INC,"Arsenal Medical, Inc.",arsenal medical,sec_former_name
0001408443,MILESTONE PHARMACEUTICLS INC,Milestone Pharmaceuticals Inc.,milestone pharmaceuticals,sec_current_name
0001423869,PCB BANCORP,PACIFIC CITY FINANCIAL CORP,pacific city financial,sec_former_name
0001464343,ATLANTICUS HOLDINGS CORP,CompuCredit Holdings Corp,compucredit,sec_former_name
0001534154,AUTHID INC,Ipsidy Inc.,ipsidy,sec_former_name
0001534154,AUTHID INC,ID Global Solutions Corp,id global solutions,sec_former_name
0001534154,AUTHID INC,IIM Global Corp,iim global,sec_former_name
0001538263,HOMETRUST BANCSHARES INC,"HomeTrustBancshares, Inc.",hometrustbancshares,sec_former_name
0001542447,"RREEF Property Trust, Inc.","RREEF America Property Income Trust, Inc.",rreef america property income trust,sec_former_name
0001550695,PERFORMANT HEALTHCARE INC,Performant Financial Corp,performant financial,sec_former_name
0001582982,CARECLOUD INC,"MTBC, Inc.",mtbc,sec_former_name
0001582982,CARECLOUD INC,"MEDICAL TRANSCRIPTION BILLING, CORP",medical transcription billing,sec_former_name
0001584549,VILLAGE FARMS INTL INC,"Village Farms International, Inc.",village farms international,sec_current_name
0001584549,VILLAGE FARMS INTL INC,"Agro Power Development, Inc.",agro power development,sec_former_name
0001584549,VILLAGE FARMS INTL INC,"Village Farms International, Inc.",village farms international,sec_former_name
0001598665,HERITAGE INSURANCE HOLDINGS,"Heritage Insurance Holdings, Inc.",heritage insurance holdings,sec_current_name
0001598665,HERITAGE INSURANCE HOLDINGS,"Heritage Insurance Holdings, LLC",heritage insurance holdings,sec_former_name
0001609151,WEAVE COMMUNICATI INC,"Weave Communications, Inc.",weave communications,sec_current_name
0001609809,SERES THERAPEUTICS INC,"Seres Health, Inc.",seres health,sec_former_name
0001652935,ACTUATE THERAPEUTICS INC,"Apotheca Therapeutics, Inc.",apotheca therapeutics,sec_former_name
0001663244,COMM 2016-DC2 Mortgage Trust,COMM 2016-D2 Mortgage Trust,comm 2016d2 mortgage trust,sec_former_name
0001672619,ENLIVEN THERAPEUTICS INC,IMARA Inc.,imara,sec_former_name
0001698022,FARMERS & MERCHANTS BANCSHRS,"Farmers & Merchants Bancshares, Inc.",farmers merchants bancshares,sec_current_name
0001702510,"Carlyle Credit Solutions, Inc.","TCG BDC II, Inc.",tcg bdc ii,sec_former_name
0001705873,BERRY CORP,Berry Corp (bry),berry corp bry,sec_current_name
0001705873,BERRY CORP,Berry Petroleum Corp,berry petroleum,sec_former_name
0001738827,KLX ENERGY SERVS HLDNG,"KLX Energy Services Holdings, Inc.",klx energy services holdings,sec_current_name
0001738827,KLX ENERGY SERVS HLDNG,KLX Energy Services Inc.,klx energy services,sec_former_name
0001739410,RALLYBIO CORP,"Rallybio Holdings, LLC",rallybio holdings,sec_former_name
0001740279,IN8BIO INC,"Incysus Therapeutics, Inc.",incysus therapeutics,sec_former_name
0001756390,ASCEND WELLNESS HOLDINGS INC,"Ascend Wellness Holdings, Inc.",ascend wellness holdings,sec_current_name
0001756390,ASCEND WELLNESS HOLDINGS INC,"Ascend Wellness Holdings, Inc",ascend wellness holdings,sec_former_name
0001756390,ASCEND WELLNESS HOLDINGS INC,"Ascend Wellness Holdings, LLC",ascend wellness holdings,sec_former_name
0001763501,JPMCC Commercial Mortgage Securities Trust 2019-COR4,JPMDB Commercial Mortgage Securities Trust 2019-COR4,jpmdb commercial mortgage securities trust 2019cor4,sec_former_name
0001779128,STRATA CRITICAL MEDICAL INC,"Blade Air Mobility, Inc.",blade air mobility,sec_current_name
0001779128,STRATA CRITICAL MEDICAL INC,Experience Investment Corp.,experience investment,sec_former_name
0001779474,WM TECHNOLOGY INC,Silver Spike Acquisition Corp.,silver spike acquisition,sec_former_name
0001827506,TOURMALINE BIO INC,"Talaris Therapeutics, Inc.",talaris therapeutics,sec_former_name
0001832332,AVEANNA HCARE HOLD INC,"Aveanna Healthcare Holdings, Inc.",aveanna healthcare holdings,sec_current_name
0001832873,CSAIL 2021-C20 Commercial Mortgage Trust,CSAIL 2020-C20 Commercial Mortgage Trust,csail 2020c20 commercial mortgage trust,sec_former_name
0001834494,MERIDIANLINK INC,"Project Angel Parent, LLC",project angel parent,sec_former_name
0001841387,CANDEL THERAPTCS INC,"Candel Therapeutics, Inc.",candel therapeutics,sec_current_name
0001841387,CANDEL THERAPTCS INC,"Candel Therapeutics, Inic.",candel therapeutics inic,sec_former_name
0001847064,PSQ HOLDINGS INC,"PSQ Holdings, Inc.",psq holdings,sec_current_name
0001847064,PSQ HOLDINGS INC,"PSQ Holdings, Inc",psq holdings,sec_former_name
0001847064,PSQ HOLDINGS INC,Colombier Acquisition Corp.,colombier acquisition,sec_former_name
0001866757,BRILLIANT EARTH GP INC,"Brilliant Earth Group, Inc.",brilliant earth group,sec_current_name
0001901164,T. Rowe Price OHA Select Private Credit Fund,T. Rowe Price OHA Private Credit Fund,t rowe price oha private credit fund,sec_former_name
0001901164,T. Rowe Price OHA Select Private Credit Fund,OHA Private Credit Fund,oha private credit fund,sec_former_name
0001901164,T. Rowe Price OHA Select Private Credit Fund,OHA Private Credit Fund LLC,oha private credit fund,sec_former_name
0001930679,KKR FS Income Trust,FS KKR Income Trust,fs kkr income trust,sec_former_name
0001944366,Blue Owl Real Estate Net Lease Trust,Oak Street Net Lease Trust,oak street net lease trust,sec_former_name
0000024090,CITIZENS INC,CONTINENTAL INVESTORS LIFE INC,continental investors life,sec_former_name
0000874396,LIFETIME BRANDS INC,LIFETIME HOAN CORP,lifetime hoan,sec_former_name
0000889331,LITTELFUSE INC,LITTELFUSE INC /DE,littelfuse inc de,sec_current_name
0000891532,PERMA-FIX ENVIRONMENTAL SVCS,PERMA FIX ENVIRONMENTAL SERVICES INC,perma fix environmental services,sec_current_name
0000909494,TUCOWS INC,TUCOWS INC /PA/,tucows inc pa,sec_current_name
0000909494,TUCOWS INC,INFONAUTICS INC,infonautics,sec_former_name
0000909494,TUCOWS INC,INFONAUTICS CORP,infonautics,sec_former_name
0000911147,CENTURY CASINOS INC,CENTURY CASINOS INC /CO/,century casinos inc co,sec_current_name
0000911147,CENTURY CASINOS INC,ALPINE GAMING INC,alpine gaming,sec_former_name
0001647822,JINGBO TECHNOLOGY INC,SavMobi Technology Inc.,savmobi technology,sec_former_name
0000104169,WALMART INC,WAL MART STORES INC,wal mart stores,sec_former_name
0001051470,CROWN CASTLE INC,CROWN CASTLE INTERNATIONAL CORP,crown castle international,sec_former_name
0001051627,AXT INC,AMERICAN XTAL TECHNOLOGY,american xtal technology,sec_former_name
0001058867,GUARANTY BANCSHARES INC,GUARANTY BANCSHARES INC /TX/,guaranty bancshares inc tx,sec_current_name
0001083446,ASTRANA HEALTH INC,"Apollo Medical Holdings, Inc.",apollo medical holdings,sec_former_name
0001083446,ASTRANA HEALTH INC,SICLONE INDUSTRIES INC,siclone industries,sec_former_name
0001187953,CREATIVE MED TECH HLDG INC,"CREATIVE MEDICAL TECHNOLOGY HOLDINGS, INC.",creative medical technology holdings,sec_current_name
0001187953,CREATIVE MED TECH HLDG INC,JOLLEY MARKETING INC,jolley marketing,sec_former_name
0001210708,STAR EQUITY HOLDINGS INC,"Hudson Global, Inc.",hudson global,sec_current_name
0001210708,STAR EQUITY HOLDINGS INC,HUDSON HIGHLAND GROUP INC,hudson highland,sec_former_name
0001210708,STAR EQUITY HOLDINGS INC,HUDSON HIGHLAND INC,hudson highland,sec_former_name
0001210708,STAR EQUITY HOLDINGS INC,TMP WORLDWIDE SEARCH INC,tmp worldwide search,sec_former_name
0001356093,CREATIVE REALITIES INC,WIRELESS RONIN TECHNOLOGIES INC,wireless ronin technologies,sec_former_name
0001437226,MASTECH DIGITAL INC,"Mastech Holdings, Inc.",mastech holdings,sec_former_name
0001501729,FS Specialty Lending Fund,FS Energy & Power Fund,fs energy power fund,sec_former_name
0001540684,ATLAS LITHIUM CORP,"Brazil Minerals, Inc.",brazil minerals,sec_former_name
0001540684,ATLAS LITHIUM CORP,"Flux Technologies, Corp.",flux technologies,sec_former_name
0001579214,EMERALD HOLDING INC,"Emerald Holding, Inc.",emerald holding,sec_current_name
0001579214,EMERALD HOLDING INC,"Emerald Expositions Events, Inc.",emerald expositions events,sec_former_name
0001579214,EMERALD HOLDING INC,"Expo Event Holdco, Inc.",expo event holdco,sec_former_name
0001596961,RIDENOW GROUP INC,"RumbleOn, Inc.",rumbleon,sec_current_name
0001596961,RIDENOW GROUP INC,"RumbleON, Inc.",rumbleon,sec_former_name
0001596961,RIDENOW GROUP INC,"Smart Server, Inc",smart server,sec_former_name
0001643953,PURPLE INNOVATION INC,Global Partner Acquisition Corp.,global partner acquisition,sec_former_name
0001646614,Silver Point Specialty Lending Fund,"Silver Point Specialty Credit Fund, L.P.",silver point specialty credit fund lp,sec_former_name
0001690012,INPOINT COMMERC REAL EST INC,"InPoint Commercial Real Estate Income, Inc.",inpoint commercial real estate income,sec_current_name
0001710350,BIT DIGITAL INC,Golden Bull Ltd,golden bull,sec_former_name
0001719406,NRX PHARMACEUTICALS INC,Big Rock Partners Acquisition Corp.,big rock partners acquisition,sec_former_name
0001792158,JPMDB Commercial Mortgage Securities Trust 2019-COR6,JPMCC Commercial Mortgage Securities Trust 2019-COR6,jpmcc commercial mortgage securities trust 2019cor6,sec_former_name
0001819253,BIOTE CORP,Haymaker Acquisition Corp. III,haymaker acquisition corp iii,sec_former_name
0001819974,SKYWATER TECH INC,"SkyWater Technology, Inc",skywater technology,sec_current_name
0001819974,SKYWATER TECH INC,"CMI Acquisition, LLC",cmi acquisition,sec_former_name
0001822928,HOLLEY INC,Empower Ltd.,empower,sec_former_name
0001823878,PLAYSTUDIOS INC,Acies Acquisition Corp.,acies acquisition,sec_former_name
0001825248,Franklin BSP Capital Corp,Franklin BSP Capital L.L.C.,franklin bsp capital llc,sec_former_name
0001828588,HANOVER BANCORP INC,"Hanover Bancorp, Inc. /NY",hanover bancorp inc ny,sec_current_name
0001828972,BUZZFEED INC,"890 5th Avenue Partners, Inc.",890 5th avenue partners,sec_former_name
0001829247,BULLFROG AI HOLDINGS INC,"BullFrog AI Holdings, Inc.",bullfrog ai holdings,sec_current_name
0001830188,UNITED HOMES GROUP INC,"United Homes Group, Inc.",united homes group,sec_current_name
0001830188,UNITED HOMES GROUP INC,DiamondHead Holdings Corp.,diamondhead,sec_former_name
0001849089,"Lafayette Square USA, Inc.","Lafayette Square Empire BDC, Inc.",lafayette square empire bdc,sec_former_name
0001849089,"Lafayette Square USA, Inc.","Lafayette Square Empire BDC, LLC",lafayette square empire bdc,sec_former_name
0001901637,USCB FINANCIAL HOLDINGS INC,"USCB FINANCIAL HOLDINGS, INC.",uscb financial holdings,sec_current_name
0001981535,SHARPLINK INC,"SharpLink Gaming, Inc.",sharplink gaming,sec_current_name
0000314203,MCEWEN INC,McEwen Mining Inc.,mcewen mining,sec_current_name
0000314203,MCEWEN INC,U S GOLD CORP,u s gold,sec_former_name
0000314203,MCEWEN INC,U S SILVER STATE MINING CORP,u s silver state mining,sec_former_name
0000314203,MCEWEN INC,SILVER STATE MINING CORP,silver state mining,sec_former_name
0000357301,TRUSTCO BANK CORP/NY,TRUSTCO BANK CORP N Y,trustco bank corp n y,sec_current_name
0000701985,BATH & BODY WORKS INC,"L Brands, Inc.",l brands,sec_former_name
0000701985,BATH & BODY WORKS INC,LIMITED BRANDS INC,limited brands,sec_former_name
0000701985,BATH & BODY WORKS INC,LIMITED INC,limited,sec_former_name
0000706129,HORIZON BANCORP INC,HORIZON BANCORP INC /IN/,horizon bancorp inc in,sec_current_name
0000706129,HORIZON BANCORP INC,HORIZON BANCORP /IN/,horizon bancorp in,sec_former_name
0000706129,HORIZON BANCORP INC,CITIZENS MICHIANA FINANCIAL CORP,citizens michiana financial,sec_former_name
0000717538,ARROW FINANCIAL CORP,ARROW BANK CORP,arrow bank,sec_former_name
0000717806,FIRST US BANCSHARES INC,UNITED SECURITY BANCSHARES INC,united security bancshares,sec_former_name
0000738214,AEMETIS INC,"AE BIOFUELS, INC.",ae biofuels,sec_former_name
0000738214,AEMETIS INC,"AE Biofuels, Inc.",ae biofuels,sec_former_name
0000738214,AEMETIS INC,MARWICH II LTD,marwich ii,sec_former_name
0000746514,NEW ENGLAND REALTY ASSC  -LP,NEW ENGLAND REALTY ASSOCIATES LIMITED PARTNERSHIP,new england realty associates limited partnership,sec_current_name
0000080172,NATIONAL PRESTO INDS INC,NATIONAL PRESTO INDUSTRIES INC,national presto industries,sec_current_name
0000080172,NATIONAL PRESTO INDS INC,NATIONAL PRESSURE COOKER CO,national pressure cooker,sec_former_name
0000811222,CARDIFF LEXINGTON CORP,CARDIFF INTERNATIONAL INC,cardiff international,sec_former_name
0000811222,CARDIFF LEXINGTON CORP,UNITED AMERICAN INC,united american,sec_former_name
0000811222,CARDIFF LEXINGTON CORP,CARDIFF FINANCIAL INC,cardiff financial,sec_former_name
0000815917,JONES FINANCIAL COS  -LP,JONES FINANCIAL COMPANIES LLLP,jones financial companies lllp,sec_current_name
0000815917,JONES FINANCIAL COS  -LP,JONES FINANCIAL COMPANIES LP LLP,jones financial companies lp llp,sec_former_name
0000815917,JONES FINANCIAL COS  -LP,JONES FINANCIAL COMPANIES L P,jones financial companies l p,sec_former_name
0000883902,CORNERSTNE BULDNG BRNDS INC,"Cornerstone Building Brands, Inc.",cornerstone building brands,sec_current_name
0000883902,CORNERSTNE BULDNG BRNDS INC,NCI BUILDING SYSTEMS INC,nci building systems,sec_former_name
0000883902,CORNERSTNE BULDNG BRNDS INC,NATIONAL COMPONENTS INCORPORATED,national components incorporated,sec_former_name
0000903419,ALERUS FINANCIAL CORP,FIRST NATIONAL CORP NORTH DAKOTA,first national corp north dakota,sec_former_name
0000906709,NEKTAR THERAPEUTICS,INHALE THERAPEUTIC SYSTEMS INC,inhale therapeutic systems,sec_former_name
0000906709,NEKTAR THERAPEUTICS,INHALE THERAPEUTIC SYSTEMS,inhale therapeutic systems,sec_former_name
0000932781,FIRST COMMUNITY CORP/SC,FIRST COMMUNITY CORP /SC/,first community corp sc,sec_current_name
0001930021,NEW HORIZON AIRCRAFT LTD,"Pono Capital Three, Inc.",pono capital three,sec_former_name
0001001233,SANGAMO THERAPEUTICS INC,SANGAMO BIOSCIENCES INC,sangamo biosciences,sec_former_name
0001006281,PROTALIX BIOTHERAPEUTICS INC,ORTHODONTIX INC,orthodontix,sec_former_name
0001006281,PROTALIX BIOTHERAPEUTICS INC,EMBASSY ACQUISITION CORP,embassy acquisition,sec_former_name
0001036044,IDENTIV INC,"IDENTIVE GROUP, INC.",identive group,sec_former_name
0001036044,IDENTIV INC,SCM MICROSYSTEMS INC,scm microsystems,sec_former_name
0001038773,SMARTFINANCIAL INC,CORNERSTONE BANCSHARES INC,cornerstone bancshares,sec_former_name
0001038773,SMARTFINANCIAL INC,EAST RIDGE BANCSHARES INC,east ridge bancshares,sec_former_name
0001043000,SONIDA SENIOR LIVING INC,CAPITAL SENIOR LIVING CORP,capital senior living,sec_former_name
0001053691,CERVOMED INC,Diffusion Pharmaceuticals Inc.,diffusion pharmaceuticals,sec_former_name
0001053691,CERVOMED INC,RestorGenex Corp,restorgenex,sec_former_name
0001053691,CERVOMED INC,"Stratus Media Group, Inc",stratus media group,sec_former_name
0001082324,VIRNETX HOLDING CORP,PASW INC,pasw,sec_former_name
0001082324,VIRNETX HOLDING CORP,PACIFIC SOFTWORKS INC,pacific softworks,sec_former_name
0001098972,AGENUS INC,ANTIGENICS INC /DE/,antigenics inc de,sec_former_name
0001117171,CBAK ENERGY TECHNOLOGY INC,CHINA BAK BATTERY INC,china bak battery,sec_former_name
0001117171,CBAK ENERGY TECHNOLOGY INC,MEDINA COFFEE INC,medina coffee,sec_former_name
0001124105,GYRE THERAPEUTICS INC,"CATALYST BIOSCIENCES, INC.",catalyst biosciences,sec_former_name
0001124105,GYRE THERAPEUTICS INC,TARGACEPT INC,targacept,sec_former_name
0001127371,COMMUNITY WEST BANCSHARES,CENTRAL VALLEY COMMUNITY BANCORP,central valley community bancorp,sec_former_name
0001169445,TRUBRIDGE INC,COMPUTER PROGRAMS & SYSTEMS INC,computer programs systems,sec_former_name
0001175535,WHITESTONE REIT,HARTMAN COMMERCIAL PROPERTIES REIT,hartman commercial properties reit,sec_former_name
0001299130,PACIFIC BIOSCIENCES OF CALIF,"PACIFIC BIOSCIENCES OF CALIFORNIA, INC.",pacific biosciences of california,sec_current_name
0001299130,PACIFIC BIOSCIENCES OF CALIF,PACIFIC BIOSCIENCES OF CALIFORNIA INC,pacific biosciences of california,sec_former_name
0001299130,PACIFIC BIOSCIENCES OF CALIF,NANOFLUIDICS INC,nanofluidics,sec_former_name
0001308208,UNIVERSAL LOGISTICS HLDGS,"UNIVERSAL LOGISTICS HOLDINGS, INC.",universal logistics holdings,sec_current_name
0001308208,UNIVERSAL LOGISTICS HLDGS,"Universal Truckload Services, Inc.",universal truckload services,sec_former_name
0001401040,DIAMEDICA THERAPEUTICS INC,DiaMedica Inc.,diamedica,sec_former_name
0001474903,BGSF INC,"BG Staffing, Inc.",bg staffing,sec_former_name
0001474903,BGSF INC,"LTN Staffing, LLC",ltn staffing,sec_former_name
0001500435,GOPRO INC,"Woodman Labs, Inc.",woodman labs,sec_former_name
0001512762,COHERUS ONCOLOGY INC,"Coherus BioSciences, Inc.",coherus biosciences,sec_current_name
0001512762,COHERUS ONCOLOGY INC,"BioGenerics, Inc.",biogenerics,sec_former_name
0001531031,ESQUIRE FINCL HOLD INC,"Esquire Financial Holdings, Inc.",esquire financial holdings,sec_current_name
0001571123,SCIENCE APPLICATIONS INTL CP,Science Applications International Corp,science applications international,sec_current_name
0001571123,SCIENCE APPLICATIONS INTL CP,"SAIC Gemini, Inc.",saic gemini,sec_former_name
0001579298,BURLINGTON STORES INC,"Burlington Holdings, Inc.",burlington holdings,sec_former_name
0001587987,NEWTEKONE INC,Newtek Business Services Corp.,newtek business services,sec_former_name
0001680873,HF FOODS GROUP INC,Atlantic Acquisition Corp.,atlantic acquisition,sec_former_name
0001680873,HF FOODS GROUP INC,Stars Acquisition Corp.,stars acquisition,sec_former_name
0001698685,BANK 2017-BNK4,Wells Fargo Commercial Mortgage Trust 2017-BNK4,wells fargo commercial mortgage trust 2017bnk4,sec_former_name
0001711933,AKOYA BIOSNCS INC,"Akoya Biosciences, Inc.",akoya biosciences,sec_current_name
0001712463,RANPAK HOLDINGS CORP,One Madison Corp,one madison,sec_former_name
0001717310,"Venture Lending & Leasing IX, Inc.","Venture Lending & Leasing Fund IX, Inc.",venture lending leasing fund ix,sec_former_name
0001722194,Benchmark 2018-B1 Mortgage Trust,BMARK 2018-B1 Mortgage Trust,bmark 2018b1 mortgage trust,sec_former_name
0001722194,Benchmark 2018-B1 Mortgage Trust,DBJPM 2017-C8 Mortgage Trust,dbjpm 2017c8 mortgage trust,sec_former_name
0001722969,"Nxu, Inc.",Atlis Motor Vehicles Inc,atlis motor vehicles,sec_former_name
0001736243,ACURX PHARMA INC,"Acurx Pharmaceuticals, Inc.",acurx pharmaceuticals,sec_current_name
0001736243,ACURX PHARMA INC,"Acurx Pharmaceuticals, LLC",acurx pharmaceuticals,sec_former_name
0001747079,BALLYS CORP,"Twin River Worldwide Holdings, Inc.",twin river worldwide holdings,sec_former_name
0001752363,DBGS 2018-C1 Mortgage Trust,DBGS 2018-1 Mortgage Trust,dbgs 20181 mortgage trust,sec_former_name
0001754226,ORANGE COUNTY BANCORP INC,"Orange County Bancorp, Inc. /DE/",orange county bancorp inc de,sec_current_name
0001770121,SANA BIOTCHNOLOGY INC,"Sana Biotechnology, Inc.",sana biotechnology,sec_current_name
0001785279,METAGENOMI THERAPEUTICS INC,"Metagenomi, Inc.",metagenomi,sec_current_name
0001785279,METAGENOMI THERAPEUTICS INC,"Metagenomi Technologies, LLC",metagenomi technologies,sec_former_name
0001812173,VICARIOUS SURGICAL INC,D8 Holdings Corp.,d8,sec_former_name
0001828723,ALTUS POWER INC,"CBRE Acquisition Holdings, Inc.",cbre acquisition holdings,sec_former_name
0001833769,HYPERFINE INC,HealthCor Catalio Acquisition Corp.,healthcor catalio acquisition,sec_former_name
0001838615,ALTI GLOBAL INC,"Alvarium Tiedemann Holdings, Inc.",alvarium tiedemann holdings,sec_former_name
0001838615,ALTI GLOBAL INC,Cartesian Growth Corp,cartesian growth,sec_former_name
0001840904,ATAI Life Sciences N.V.,ATAI Life Sciences B.V.,atai life sciences bv,sec_former_name
0001898496,GETTY IMAGES HOLDINGS INC,"Getty Images Holdings, Inc.",getty images holdings,sec_current_name
0001898496,GETTY IMAGES HOLDINGS INC,"VECTOR HOLDING, LLC",vector holding,sec_former_name
0001937926,BROOKFIELD ASSET MANAG LTD,Brookfield Asset Management Ltd.,brookfield asset management,sec_current_name
0000045919,HARTE HANKS INC,HARTE HANKS COMMUNICATIONS INC,harte hanks communications,sec_former_name
0000045919,HARTE HANKS INC,HARTE HANKS NEWSPAPERS INC,harte hanks newspapers,sec_former_name
0000788965,HALLADOR ENERGY CO,HALLADOR PETROLEUM CO,hallador petroleum,sec_former_name
0000788965,HALLADOR ENERGY CO,KIMBARK OIL & GAS CO /CO/,kimbark oil gas co co,sec_former_name
0000788965,HALLADOR ENERGY CO,KIMBARK INC,kimbark,sec_former_name
0000879585,ATN INTERNATIONAL INC,ATLANTIC TELE NETWORK INC /DE,atlantic tele network inc de,sec_former_name
0000898437,ANIKA THERAPEUTICS INC,ANIKA RESEARCH INC,anika research,sec_former_name
0000921299,KYNTRA BIO INC,FIBROGEN INC,fibrogen,sec_current_name
0001055726,INOVIO PHARMACEUTICALS INC,INOVIO BIOMEDICAL CORP,inovio biomedical,sec_former_name
0001055726,INOVIO PHARMACEUTICALS INC,GENETRONICS BIOMEDICAL CORP,genetronics biomedical,sec_former_name
0001055726,INOVIO PHARMACEUTICALS INC,GENETRONICS BIOMEDICAL LTD,genetronics biomedical,sec_former_name
0001124804,VERADIGM INC,"ALLSCRIPTS HEALTHCARE SOLUTIONS, INC.",allscripts healthcare solutions,sec_former_name
0001124804,VERADIGM INC,"ALLSCRIPTS-MISYS HEALTHCARE SOLUTIONS, INC.",allscriptsmisys healthcare solutions,sec_former_name
0001124804,VERADIGM INC,ALLSCRIPTS HEALTHCARE SOLUTIONS INC,allscripts healthcare solutions,sec_former_name
0001325964,LIGHTWAVE LOGIC INC,THIRD-ORDER NANOTECHNOLOGIES INC,thirdorder nanotechnologies,sec_former_name
0001325964,LIGHTWAVE LOGIC INC,THIRD-ORDER NANOTECHNOLOIES INC,thirdorder nanotechnoloies,sec_former_name
0001325964,LIGHTWAVE LOGIC INC,PSI TEC HOLDINGS INC,psi tec,sec_former_name
0001368514,ADMA BIOLOGICS INC,"R&R ACQUISITION VI, INC",rr acquisition vi,sec_former_name
0001463913,US Alliance Corp,U. S. Alliance Corp,u s alliance,sec_former_name
0001623526,STOKE THERAPEUTICS INC,"ASOthera Pharmaceuticals, Inc.",asothera pharmaceuticals,sec_former_name
0001641398,GD CULTURE GROUP LTD,Code Chain New Continent Ltd,code chain new continent,sec_former_name
0001641398,GD CULTURE GROUP LTD,TMSR HOLDING Co Ltd,tmsr,sec_former_name
0001641398,GD CULTURE GROUP LTD,JM Global Holding Co,jm global,sec_former_name
0001703647,KORRO BIO INC,"Frequency Therapeutics, Inc.",frequency therapeutics,sec_former_name
0001763415,Bitwise Bitcoin ETF,Bitwise Bitcoin ETF Trust,bitwise bitcoin etf trust,sec_former_name
0001763415,Bitwise Bitcoin ETF,BITWISE BITCOIN ETP TRUST,bitwise bitcoin etp trust,sec_former_name
0001763415,Bitwise Bitcoin ETF,BITWISE BITCOIN ETF TRUST,bitwise bitcoin etf trust,sec_former_name
0001823239,MARAVAI LIFESCIENS HLDGS INC,"MARAVAI LIFESCIENCES HOLDINGS, INC.",maravai lifesciences holdings,sec_current_name
0001841125,BOLT PROJECTS HOLDINGS INC,"Bolt Projects Holdings, Inc.",bolt projects holdings,sec_current_name
0001841125,BOLT PROJECTS HOLDINGS INC,Golden Arrow Merger Corp.,golden arrow merger,sec_former_name
0001846253,OMNIAB INC,Avista Public Acquisition Corp. II,avista public acquisition corp ii,sec_former_name
0001913724,TPG Twin Brook Capital Income Fund,AG Twin Brook Capital Income Fund,ag twin brook capital income fund,sec_former_name
0002022416,SILEXION THERAPEUTICS CORP,Biomotion Sciences,biomotion sciences,sec_former_name
0002039058,JACKSON ACQUISTN CO II -REDH,Jackson Acquisition Co II,jackson acquisition co ii,sec_current_name
0000033992,KINGSTONE COS INC,"KINGSTONE COMPANIES, INC.",kingstone companies,sec_current_name
0000033992,KINGSTONE COS INC,DCAP GROUP INC,dcap,sec_former_name
0000033992,KINGSTONE COS INC,DCAP GROUP INC/,dcap group inc,sec_former_name
0000033992,KINGSTONE COS INC,EXTECH CORP,extech,sec_former_name
0000039911,GAP INC,GAP STORES INC,gap stores,sec_former_name
0000716133,CINCINNATI BELL INC,BROADWING INC,broadwing,sec_former_name
0000716133,CINCINNATI BELL INC,CINCINNATI BELL INC /OH/,cincinnati bell inc oh,sec_former_name
0000716133,CINCINNATI BELL INC,CBI INC,cbi,sec_former_name
0000885568,OLD DOMINION ELECTRIC COOP,OLD DOMINION ELECTRIC COOPERATIVE,old dominion electric cooperative,sec_current_name
0000914748,EVEREST REINSURANCE HOLDINGS INC,PRUDENTIAL REINSURANCE HOLDINGS INC,prudential reinsurance,sec_former_name
0001042642,DISH DBS CORP,ECHOSTAR DBS CORP,echostar dbs,sec_former_name
0001138476,PACIFIC HEALTH CARE ORG INC,PACIFIC HEALTH CARE ORGANIZATION INC,pacific health care organization,sec_current_name
0001269026,SINTX TECHNOLOGIES INC,AMEDICA Corp,amedica,sec_former_name
0001269026,SINTX TECHNOLOGIES INC,AMEDICA CORP,amedica,sec_former_name
0001356090,PRECIGEN INC,INTREXON CORP,intrexon,sec_former_name
0001526243,PERPETUA RESOURCES CORP,MIDAS GOLD CORP.,midas gold,sec_former_name
0001547546,LUMENT FINANCE TRUST INC,"Hunt Companies Finance Trust, Inc.",hunt companies finance trust,sec_former_name
0001547546,LUMENT FINANCE TRUST INC,Five Oaks Investment Corp.,five oaks investment,sec_former_name
0001800315,DAMORA THERAPEUTICS INC,"Galecto, Inc.",galecto,sec_current_name
0001800315,DAMORA THERAPEUTICS INC,Galecto Inc.,galecto,sec_former_name
0001821769,NAVITAS SEMICONDUCTOR CORP,Live Oak Acquisition Corp II,live oak acquisition corp ii,sec_former_name
0001835856,BETTER HOME & FINANCE HLG CO,Better Home & Finance Holding Co,better home finance,sec_current_name
0001835856,BETTER HOME & FINANCE HLG CO,Aurora Acquisition Corp.,aurora acquisition,sec_former_name
0001835856,BETTER HOME & FINANCE HLG CO,Aurora Capital Holding Corp.,aurora capital,sec_former_name
0001839530,XBP GLOBAL HOLDINGS INC,"XBP Europe Holdings, Inc.",xbp europe holdings,sec_current_name
0001839530,XBP GLOBAL HOLDINGS INC,CF Acquisition Corp. VIII,cf acquisition corp viii,sec_former_name
0001847367,ALUMIS INC,"ESKER THERAPEUTICS, INC.",esker therapeutics,sec_former_name
0001847367,ALUMIS INC,"FL2021-001, Inc.",fl2021001,sec_former_name
0001849894,MSD Investment Corp.,"MSD Investment Corp., LLC",msd investment corp,sec_former_name
0001850119,CENTURY THERAPEUTI INC,"Century Therapeutics, Inc.",century therapeutics,sec_current_name
0001923622,PGIM Private Credit Fund,PGIM Senior Loan Opportunities Fund,pgim senior loan opportunities fund,sec_former_name
0001959961,"IPC Alternative Real Estate Income Trust, Inc.","Inland Private Capital Alternative Assets Fund, LLC",inland private capital alternative assets fund,sec_former_name
0002029492,MOUNTAIN LAKE ACQ CORP -REDH,Mountain Lake Acquisition Corp.,mountain lake acquisition,sec_current_name
0000764478,BEST BUY CO INC,BEST BUYS CO INC,best buys,sec_former_name
0000832988,SIGNET JEWELERS LTD,SIGNET GROUP PLC,signet,sec_former_name
0000832988,SIGNET JEWELERS LTD,RATNERS GROUP PLC,ratners,sec_former_name
0000926660,"Apartment Income REIT, L.P.",AIMCO PROPERTIES L.P.,aimco properties lp,sec_former_name
0000926660,"Apartment Income REIT, L.P.",AIMCO PROPERTIES LP,aimco properties lp,sec_former_name
0000101538,U S ANTIMONY CORP,UNITED STATES ANTIMONY CORP,united states antimony,sec_current_name
0000101538,U S ANTIMONY CORP,AGAU MINES INC,agau mines,sec_former_name
0001041024,ROCKWELL MEDICAL INC,ROCKWELL MEDICAL TECHNOLOGIES INC,rockwell medical technologies,sec_former_name
0001066656,Ceres Classic L.P.,MANAGED FUTURES PREMIER GRAHAM L.P.,managed futures premier graham lp,sec_former_name
0001066656,Ceres Classic L.P.,MANAGED FUTURES CHARTER GRAHAM L.P.,managed futures charter graham lp,sec_former_name
0001066656,Ceres Classic L.P.,MORGAN STANLEY SMITH BARNEY CHARTER GRAHAM LP/,morgan stanley smith barney charter graham lp,sec_former_name
0001107280,OCULUS INC,OCULUS VISIONTECH INC.,oculus visiontech,sec_former_name
0001107280,OCULUS INC,OCULUS VISION TECH INC.,oculus vision tech,sec_former_name
0001107280,OCULUS INC,USA VIDEO INTERACTIVE CORP,usa video interactive,sec_former_name
0001177609,FIVE BELOW INC,CHEAP HOLDINGS INC,cheap,sec_former_name
0001209709,CERES TACTICAL SYSTEMATIC L.P.,TACTICAL DIVERSIFIED FUTURES FUND L.P.,tactical diversified futures fund lp,sec_former_name
0001209709,CERES TACTICAL SYSTEMATIC L.P.,CITIGROUP DIVERSIFIED FUTURES FUND LP,citigroup diversified futures fund lp,sec_former_name
0001227265,CERES ORION L.P.,ORION FUTURES FUND LP,orion futures fund lp,sec_former_name
0001227265,CERES ORION L.P.,CITIGROUP ORION FUTURES FUND LP,citigroup orion futures fund lp,sec_former_name
0001227265,CERES ORION L.P.,SALOMON SMITH BARNEY ORION FUTURES FUND LP,salomon smith barney orion futures fund lp,sec_former_name
0001325676,Ceres Tactical Commodity L.P.,MANAGED FUTURES PREMIER AVENTIS II L.P.,managed futures premier aventis ii lp,sec_former_name
0001325676,Ceres Tactical Commodity L.P.,BRISTOL ENERGY FUND LP,bristol energy fund lp,sec_former_name
0001325676,Ceres Tactical Commodity L.P.,SMITH BARNEY BRISTOL ENERGY FUND LP,smith barney bristol energy fund lp,sec_former_name
0001347858,22ND CENTURY GROUP INC,"22nd Century Group, Inc.",22nd century group,sec_current_name
0001347858,22ND CENTURY GROUP INC,Touchstone Mining LTD,touchstone mining,sec_former_name
0001390478,SELLAS LIFE SCIENCES GROUP I,"SELLAS Life Sciences Group, Inc.",sellas life sciences group,sec_current_name
0001390478,SELLAS LIFE SCIENCES GROUP I,"Galena Biopharma, Inc.",galena biopharma,sec_former_name
0001390478,SELLAS LIFE SCIENCES GROUP I,RXi Pharmaceuticals Corp,rxi pharmaceuticals,sec_former_name
0001390478,SELLAS LIFE SCIENCES GROUP I,"GALENA BIOPHARMA, INC.",galena biopharma,sec_former_name
0001403528,OAKTREE CAPITAL GROUP LLC,"Brookfield Oaktree Holdings, LLC",brookfield oaktree holdings,sec_current_name
0001403528,OAKTREE CAPITAL GROUP LLC,"Oaktree Capital Group, LLC",oaktree capital group,sec_former_name
0001404281,ELEDON PHARMACEUTICALS INC,"Novus Therapeutics, Inc.",novus therapeutics,sec_former_name
0001404281,ELEDON PHARMACEUTICALS INC,Tokai Pharmaceuticals Inc,tokai pharmaceuticals,sec_former_name
0001417663,SANUWAVE HEALTH INC,"RUB MUSIC ENTERPRISES, INC.",rub music enterprises,sec_former_name
0001426800,ASSEMBLY BIOSCIENCES INC,VENTRUS BIOSCIENCES INC,ventrus biosciences,sec_former_name
0001436229,BTCS INC,"Bitcoin Shop, Inc.",bitcoin shop,sec_former_name
0001436229,BTCS INC,BITCOIN SHOP INC.,bitcoin shop,sec_former_name
0001436229,BTCS INC,"TouchIT Technologies, Inc.",touchit technologies,sec_former_name
0001535778,MSC INCOME FUND INC,"HMS INCOME FUND, INC.",hms income fund,sec_former_name
0001638287,METAVIA INC,"NeuroBo Pharmaceuticals, Inc.",neurobo pharmaceuticals,sec_former_name
0001638287,METAVIA INC,Gemphire Therapeutics Inc.,gemphire therapeutics,sec_former_name
0001671858,ARS PHARMACEUTICALS INC,"Silverback Therapeutics, Inc.",silverback therapeutics,sec_former_name
0001681087,TECTONIC THERAPEUTIC INC,"AVROBIO, Inc.",avrobio,sec_former_name
0001681087,TECTONIC THERAPEUTIC INC,"AvroBio, Inc.",avrobio,sec_former_name
0001705843,CIBUS INC,"Calyxt, Inc.",calyxt,sec_former_name
0001730463,AUTOLUS THERAPEUTICS -ADR,Autolus Therapeutics plc,autolus therapeutics,sec_current_name
0001730463,AUTOLUS THERAPEUTICS -ADR,Autolus Therapeutics Ltd,autolus therapeutics,sec_former_name
0001753539,BLACKSKY TECHNOLOGY INC,Osprey Technology Acquisition Corp.,osprey technology acquisition,sec_former_name
0001753539,BLACKSKY TECHNOLOGY INC,Osprey Energy Acquisition Corp. II,osprey energy acquisition corp ii,sec_former_name
0001753539,BLACKSKY TECHNOLOGY INC,Osprey Acquisition Corp. II,osprey acquisition corp ii,sec_former_name
0001817358,ACADEMY SPO AND OU INC,"Academy Sports & Outdoors, Inc.",academy sports outdoors,sec_current_name
0001820302,BAKKT INC,"Bakkt Holdings, Inc.",bakkt holdings,sec_current_name
0001820302,BAKKT INC,VPC Impact Acquisition Holdings,vpc impact acquisition,sec_former_name
0001821175,MOTORSPORT GAMES INC,MOTORSPORT GAMING US LLC,motorsport gaming us,sec_former_name
0001831363,TERNS PHARMACEUTIC INC,"Terns Pharmaceuticals, Inc.",terns pharmaceuticals,sec_current_name
0001832038,INVIVYD INC,"Adagio Therapeutics, Inc.",adagio therapeutics,sec_former_name
0001854270,SENTI BIOSCIENCES INC,"Senti Biosciences, Inc.\",senti biosciences inc,sec_former_name
0001854270,SENTI BIOSCIENCES INC,Dynamics Special Purpose Corp.,dynamics special purpose,sec_former_name
0001855447,TIGO ENERGY INC,Roth CH Acquisition IV Co.,roth ch acquisition iv,sec_former_name
0001870144,CARDIO DIAGNOSTICS HOLDI INC,"Cardio Diagnostics Holdings, Inc.",cardio diagnostics holdings,sec_current_name
0001870144,CARDIO DIAGNOSTICS HOLDI INC,Mana Capital Acquisition Corp.,mana capital acquisition,sec_former_name
0001887944,SHIMMICK CORP,"SCCI National Holdings, Inc.",scci national holdings,sec_former_name
0001950572,BIP Ventures Evergreen BDC,BIP Evergreen Venture Fund,bip evergreen venture fund,sec_former_name
0001950572,BIP Ventures Evergreen BDC,Panoramic Evergreen Venture Fund,panoramic evergreen venture fund,sec_former_name
0001987221,AMG Comvest Senior Lending Fund,"Comvest Credit Partners BDC Fund, L.P.",comvest credit partners bdc fund lp,sec_former_name
0002020987,YHN ACQUISITION I LTD -REDH,YHN Acquisition I Ltd,yhn acquisition i,sec_current_name
0002028699,DYNAMIX CORP -REDH,Dynamix Corp,dynamix,sec_current_name
0000315958,CREDITRISKMONITOR.COM INC,CREDITRISKMONITOR COM INC,creditriskmonitor com,sec_current_name
0000315958,CREDITRISKMONITOR.COM INC,NEW GENERATION FOODS INC,new generation foods,sec_former_name
0000072444,VAXART INC,"Aviragen Therapeutics, Inc.",aviragen therapeutics,sec_former_name
0000072444,VAXART INC,"Biota Pharmaceuticals, Inc.",biota pharmaceuticals,sec_former_name
0000072444,VAXART INC,NABI BIOPHARMACEUTICALS,nabi biopharmaceuticals,sec_former_name
0000727920,Equitable Financial Life Insurance Co,AXA EQUITABLE LIFE INSURANCE CO,axa equitable life insurance,sec_former_name
0000727920,Equitable Financial Life Insurance Co,AXA-EQUITABLE LIFE INSURANCE CO,axaequitable life insurance,sec_former_name
0000727920,Equitable Financial Life Insurance Co,EQUITABLE LIFE ASSURANCE SOCIETY OF THE UNITED STATES /NY/,equitable life assurance society of the united states ny,sec_former_name
0000763907,FIRST UNITED CORP,FIRST UNITED CORP/MD/,first united corpmd,sec_current_name
0000795800,NEXMETALS MINING CORP,Premium Resources Ltd.,premium resources,sec_current_name
0000795800,NEXMETALS MINING CORP,Premium Nickel Resources Ltd.,premium nickel resources,sec_former_name
0000795800,NEXMETALS MINING CORP,North American Nickel Inc.,north american nickel,sec_former_name
0000795800,NEXMETALS MINING CORP,Widescope Resources Inc.,widescope resources,sec_former_name
0000835357,EQUITABLE FINANCIAL LIFE INSURANCE CO OF AMERICA,MONY LIFE INSURANCE CO OF AMERICA,mony life insurance co of america,sec_former_name
0000835357,EQUITABLE FINANCIAL LIFE INSURANCE CO OF AMERICA,MONY LIFE INSURANCE COMPANY OF AMERICA,mony life insurance company of america,sec_former_name
0000919012,AMERN EAGLE OUTFITTERS INC,AMERICAN EAGLE OUTFITTERS INC,american eagle outfitters,sec_current_name
0001441816,MONGODB INC,10GEN INC,10gen,sec_former_name
0001567900,REALLOYS INC,BLACKBOXSTOCKS INC.,blackboxstocks,sec_current_name
0001567900,REALLOYS INC,SMSA BALLINGER ACQUISITION CORP,smsa ballinger acquisition,sec_former_name
0001615219,DECOY THERAPEUTICS INC,"Salarius Pharmaceuticals, Inc.",salarius pharmaceuticals,sec_current_name
0001615219,DECOY THERAPEUTICS INC,"Flex Pharma, Inc.",flex pharma,sec_former_name
0001640147,SNOWFLAKE INC,"Snowflake Computing, Inc.",snowflake computing,sec_former_name
0001671284,NEUEHEALTH INC,Bright Health Group Inc.,bright health,sec_former_name
0001671284,NEUEHEALTH INC,Bright Health Inc.,bright health,sec_former_name
0001690536,"FS Credit Real Estate Income Trust, Inc.","FS Real Estate Credit Income Trust, Inc.",fs real estate credit income trust,sec_former_name
0001743745,GREENLANE HOLDINGS INC,"Greenlane Holdings, Inc.",greenlane holdings,sec_current_name
0001771200,CF 2019-CF1 Mortgage Trust,CF 2019-C1 Mortgage Trust,cf 2019c1 mortgage trust,sec_former_name
0001789029,AEVA TECHNOLOGIES INC,InterPrivate Acquisition Corp.,interprivate acquisition,sec_former_name
0001800637,RYTHM INC,Agrify Corp,agrify,sec_current_name
0001810019,RACKSPACE TECHNOLOGY INC,Rackspace Corp.,rackspace,sec_former_name
0001816581,OUSTER INC,Colonnade Acquisition Corp.,colonnade acquisition,sec_former_name
0001856437,VICTORIAS SECRET AND CO,Victoria's Secret & Co.,victorias secret,sec_current_name
0001856437,VICTORIAS SECRET AND CO,Victorias Secret & Co,victorias secret,sec_former_name
0001882198,ATHENA TEC ACQ CORP II -REDH,Athena Technology Acquisition Corp. II,athena technology acquisition corp ii,sec_current_name
0001884046,SPARK I ACQUISITI CORP -REDH,Spark I Acquisition Corp,spark i acquisition,sec_current_name
0000029534,DOLLAR GENERAL CORP,TURNER CAL,turner cal,sec_former_name
0000029534,DOLLAR GENERAL CORP,TURNER J L & SON INC,turner j l son,sec_former_name
0000072333,NORDSTROM INC,NORDSTROM BEST INC,nordstrom best,sec_former_name
0000794367,MACY'S INC,FEDERATED DEPARTMENT STORES INC /DE/,federated department stores inc de,sec_former_name
0000794367,MACY'S INC,R H MACY & CO INC,r h macy,sec_former_name
0000794367,MACY'S INC,MACY ACQUIRING CORP,macy acquiring,sec_former_name
0000797542,VIEWBIX INC,"Virtual Crypto Technologies, Inc.",virtual crypto technologies,sec_former_name
0000797542,VIEWBIX INC,Emerald Medical Applications Corp.,emerald medical applications,sec_former_name
0000797542,VIEWBIX INC,ZAXIS INTERNATIONAL INC,zaxis international,sec_former_name
0000087050,NEONODE INC,SBE INC,sbe,sec_former_name
0000921114,ARMATA PHARMACEUTICALS INC,AmpliPhi Biosciences Corp,ampliphi biosciences,sec_former_name
0000921114,ARMATA PHARMACEUTICALS INC,TARGETED GENETICS CORP /WA/,targeted genetics corp wa,sec_former_name
0001081745,INTELLINETICS INC,GLOBALWISE INVESTMENTS INC,globalwise investments,sec_former_name
0001319947,DESIGNER BRANDS INC,DSW Inc.,dsw,sec_former_name
0001355839,INTELLIGENT PROCTN MGMT CORP,INTELLIGENT PROTECTION MANAGEMENT CORP.,intelligent protection management,sec_current_name
0001355839,INTELLIGENT PROCTN MGMT CORP,"PALTALK, INC.",paltalk,sec_former_name
0001355839,INTELLIGENT PROCTN MGMT CORP,"PeerStream, Inc.",peerstream,sec_former_name
0001355839,INTELLIGENT PROCTN MGMT CORP,"Snap Interactive, Inc",snap interactive,sec_former_name
0001357459,PALISADE BIO INC,"Seneca Biopharma, Inc.",seneca biopharma,sec_former_name
0001357459,PALISADE BIO INC,"Neuralstem, Inc.",neuralstem,sec_former_name
0001374690,LARIMAR THERAPEUTICS INC,"ZAFGEN, INC.",zafgen,sec_former_name
0001374690,LARIMAR THERAPEUTICS INC,ZAFGEN INC,zafgen,sec_former_name
0001393052,VEEVA SYSTEMS INC,VERTICALS ONDEMAND INC,verticals ondemand,sec_former_name
0001404644,NEUROGENE INC,"Neoleukin Therapeutics, Inc.",neoleukin therapeutics,sec_former_name
0001404644,NEUROGENE INC,"AQUINOX PHARMACEUTICALS, INC",aquinox pharmaceuticals,sec_former_name
0001404644,NEUROGENE INC,AQUINOX PHARMACEUTICALS (USA) INC,aquinox pharmaceuticals usa,sec_former_name
0001437925,MERIDIAN HOLDINGS INC,"Golden Matrix Group, Inc.",golden matrix group,sec_current_name
0001437925,MERIDIAN HOLDINGS INC,Source Gold Corp.,source gold,sec_former_name
0001437925,MERIDIAN HOLDINGS INC,Ibex Resources Corp.,ibex resources,sec_former_name
0001598981,SKYX PLATFORMS CORP,SQL Technologies Corp.,sql technologies,sec_former_name
0001598981,SKYX PLATFORMS CORP,Safety Quick Lighting & Fans Corp.,safety quick lighting fans,sec_former_name
0001624326,PAVMED INC,PAXmed Inc.,paxmed,sec_former_name
0001633858,Audax Credit BDC Inc.,Audax Senior BDC Inc.,audax senior bdc,sec_former_name
0001642380,INSIGHT MOLECLAR DIAGNOS INC,Oncocyte Corp,oncocyte,sec_current_name
0001642380,INSIGHT MOLECLAR DIAGNOS INC,OncoCyte Corp,oncocyte,sec_former_name
0001642380,INSIGHT MOLECLAR DIAGNOS INC,Oncocyte Corp,oncocyte,sec_former_name
0001662774,QUINCE THERAPEUTICS INC,"Cortexyme, Inc.",cortexyme,sec_former_name
0001708599,SERINA THERAPEUTICS INC,"AgeX Therapeutics, Inc.",agex therapeutics,sec_former_name
0001766478,ANGEL OAK MORTGAGE REIT INC,"Angel Oak Mortgage, Inc.",angel oak mortgage,sec_former_name
0001790169,ZEROSTACK CORP,Flora Growth Corp.,flora growth,sec_current_name
0001825384,Stone Point Credit Corp,Stone Point Capital Credit LLC,stone point capital credit,sec_former_name
0001842356,WAG GROUP CO,CHW Acquisition Corp,chw acquisition,sec_former_name
0001849056,OKLO INC,AltC Acquisition Corp.,altc acquisition,sec_former_name
0001901799,BITCOIN DEPOT INC,GSR II Meteora Acquisition Corp.,gsr ii meteora acquisition,sec_former_name
0001901799,BITCOIN DEPOT INC,GLA II Meteora Acquisition Corp.,gla ii meteora acquisition,sec_former_name
0002010930,CENTURION ACQUISI CORP -REDH,Centurion Acquisition Corp.,centurion acquisition,sec_current_name
0000060667,LOWE'S COS INC,LOWES COMPANIES INC,lowes companies,sec_current_name
0000821002,G-III APPAREL GROUP LTD,G III APPAREL GROUP LTD /DE/,g iii apparel group ltd de,sec_current_name
0000821002,G-III APPAREL GROUP LTD,ANTE CORP,ante,sec_former_name
0000912728,FORWARD AIR CORP,LANDAIR SERVICES INC,landair services,sec_former_name
0000862861,ALT5 SIGMA CORP,JanOne Inc.,janone,sec_former_name
0000862861,ALT5 SIGMA CORP,APPLIANCE RECYCLING CENTERS OF AMERICA INC /MN,appliance recycling centers of america inc mn,sec_former_name
0001844417,ESTRELLA IMMUNOPHARMA INC,TradeUP Acquisition Corp.,tradeup acquisition,sec_former_name
0001091748,ARGO GROUP INTL HOLDINGS LTD,"Argo Group International Holdings, Inc.",argo group international holdings,sec_current_name
0001091748,ARGO GROUP INTL HOLDINGS LTD,"Argo Group International Holdings, Ltd.",argo group international holdings,sec_former_name
0001091748,ARGO GROUP INTL HOLDINGS LTD,PXRE GROUP LTD,pxre,sec_former_name
0001141688,LANDMARK BANCORP INC/KS,LANDMARK BANCORP INC,landmark bancorp,sec_current_name
0001141688,LANDMARK BANCORP INC/KS,LANDMARK MERGER CO,landmark merger,sec_former_name
0001392694,SURGEPAYS INC,"Surge Holdings, Inc.",surge holdings,sec_former_name
0001392694,SURGEPAYS INC,"KSIX Media Holdings, Inc.",ksix media holdings,sec_former_name
0001392694,SURGEPAYS INC,"North American Energy Resources, Inc.",north american energy resources,sec_former_name
0001417892,EMEREN GROUP LTD,ReneSola Ltd,renesola,sec_former_name
0001488039,ATOSSA THERAPEUTICS INC,ATOSSA GENETICS INC,atossa genetics,sec_former_name
0001566610,TON STRATEGY CO,"Verb Technology Company, Inc.",verb technology company,sec_current_name
0001566610,TON STRATEGY CO,"nFusz, Inc.",nfusz,sec_former_name
0001566610,TON STRATEGY CO,"BBOOTH, INC.",bbooth,sec_former_name
0001566610,TON STRATEGY CO,"Global System Designs, Inc.",global system designs,sec_former_name
0001571996,DELL TECHNOLOGIES INC,Denali Holding Inc.,denali,sec_former_name
0001610853,SOLANA CO,"HELIUS MEDICAL TECHNOLOGIES, INC.",helius medical technologies,sec_current_name
0001610853,SOLANA CO,"HELIUS MEDICAL TECHNOLOGIES, INC",helius medical technologies,sec_former_name
0001610853,SOLANA CO,"HELIUS MEDICAL TECHNOLOGIES, INC.",helius medical technologies,sec_former_name
0001642896,SAMSARA INC,Samsara Networks Inc.,samsara networks,sec_former_name
0001649739,BAYFIRST FINANCIAL CORP,First Home Bancorp Inc,first home bancorp,sec_former_name
0001757715,ATERIAN INC,"Mohawk Group Holdings, Inc.",mohawk group holdings,sec_former_name
0001768446,CLIMB BIO INC,"Eliem Therapeutics, Inc.",eliem therapeutics,sec_former_name
0001776909,CURIOSITYSTREAM INC,Software Acquisition Group Inc.,software acquisition,sec_former_name
0001830081,RUMBLE INC,CF Acquisition Corp. VI,cf acquisition corp vi,sec_former_name
0001836981,BIGBEAR.AI HOLDINGS INC,"BigBear.ai Holdings, Inc.",bigbearai holdings,sec_current_name
0001836981,BIGBEAR.AI HOLDINGS INC,"GigCapital4, Inc.",gigcapital4,sec_former_name
0001844452,INTUITIVE MACHINES INC,Inflection Point Acquisition Corp.,inflection point acquisition,sec_former_name
0001851909,COMPASS DIGITAL AC CRP -REDH,Compass Digital Acquisition Corp.,compass digital acquisition,sec_current_name
0001851961,GCT SEMICONDUCTOR HOLDNG INC,"GCT Semiconductor Holding, Inc.",gct semiconductor holding,sec_current_name
0001851961,GCT SEMICONDUCTOR HOLDNG INC,Concord Acquisition Corp III,concord acquisition corp iii,sec_former_name
0001855474,AIRJOULE TECHNOLOGIES CORP,Montana Technologies Corp.,montana technologies,sec_former_name
0001855644,ZURA BIO LIMITED,Zura Bio Ltd,zura bio,sec_current_name
0001855644,ZURA BIO LIMITED,JATT Acquisition Corp,jatt acquisition,sec_former_name
0002012807,RF ACQUISITION CORP II -REDH,RF Acquisition Corp II,rf acquisition corp ii,sec_current_name
0002025341,ANDRETTI ACQSTN CRP II -REDH,Andretti Acquisition Corp. II,andretti acquisition corp ii,sec_current_name
0002030763,WELLGISTICS HEALTH INC,"Danam Health, Inc",danam health,sec_former_name
0000714256,SANARA MEDTECH INC,"WOUND MANAGEMENT TECHNOLOGIES, INC.",wound management technologies,sec_former_name
0000714256,SANARA MEDTECH INC,MB SOFTWARE CORP,mb software,sec_former_name
0000714256,SANARA MEDTECH INC,INAV TRAVEL CORPORATION,inav travel,sec_former_name
0000843006,ACCESS NEWSWIRE INC,ISSUER DIRECT CORP,issuer direct,sec_former_name
0000843006,ACCESS NEWSWIRE INC,DOCUCON INC,docucon,sec_former_name
0000843006,ACCESS NEWSWIRE INC,DOCUCON INCORPORATED,docucon incorporated,sec_former_name
0000883975,MICROBOT MEDICAL INC,STEMCELLS INC,stemcells,sec_former_name
0000883975,MICROBOT MEDICAL INC,CYTOTHERAPEUTICS INC/DE,cytotherapeutics incde,sec_former_name
0000894501,GOLD ROCK HOLDINGS INC,"GOLD ROCK HOLDINGS, INC.",gold rock holdings,sec_current_name
0000894501,GOLD ROCK HOLDINGS INC,COMPOSITE HOLDINGS INC,composite,sec_former_name
0000894501,GOLD ROCK HOLDINGS INC,WORLD HOMES INC,world homes,sec_former_name
0000894501,GOLD ROCK HOLDINGS INC,AFFORDABLE HOMES OF AMERICA INC,affordable homes of america,sec_former_name
0000091388,SMITHFIELD FOODS INC,LIBERTY EQUITIES CORP,liberty equities,sec_former_name
0000091388,SMITHFIELD FOODS INC,LIBERTY REAL ESTATE TRUST,liberty real estate trust,sec_former_name
0000924168,ENERGY FOCUS INC,"ENERGY FOCUS, INC/DE",energy focus incde,sec_current_name
0000924168,ENERGY FOCUS INC,FIBERSTARS INC /CA/,fiberstars inc ca,sec_former_name
0001088034,USIO INC,Payment Data Systems Inc,payment data systems,sec_former_name
0001088034,USIO INC,PAYMENT DATA SYSTEMS INC,payment data systems,sec_former_name
0001088034,USIO INC,BILLSERV INC,billserv,sec_former_name
0001211583,FENNEC PHARMACEUTICALS INC,ADHEREX TECHNOLOGIES INC,adherex technologies,sec_former_name
0001213809,DYADIC INTERNATIONAL INC,CCP WORLDWIDE INC,ccp worldwide,sec_former_name
0001378950,CARPARTS COM INC,"CarParts.com, Inc.",carpartscom,sec_current_name
0001378950,CARPARTS COM INC,"U.S. Auto Parts Network, Inc.",us auto parts network,sec_former_name
0001382574,SCIENTURE HOLDINGS INC,"Scienture Holdings, Inc.",scienture holdings,sec_current_name
0001382574,SCIENTURE HOLDINGS INC,"TRxADE HEALTH, INC",trxade health,sec_former_name
0001382574,SCIENTURE HOLDINGS INC,"TRXADE GROUP, INC.",trxade group,sec_former_name
0001382574,SCIENTURE HOLDINGS INC,XCELLINK INTERNATIONAL INC.,xcellink international,sec_former_name
0001407973,SONENDO INC,Dentatek CORP,dentatek,sec_former_name
0001436975,LIGHTSTONE VL PL REIT II INC,"Lightstone Value Plus REIT II, Inc.",lightstone value plus reit ii,sec_current_name
0001436975,LIGHTSTONE VL PL REIT II INC,LIGHTSTONE VALUE PLUS REAL ESTATE INVESTMENT TRUST II INC,lightstone value plus real estate investment trust ii,sec_former_name
0001495584,FIRSTHAND TECHNOLOGY VALU FD,"Firsthand Technology Value Fund, Inc.",firsthand technology value fund,sec_current_name
0001496443,PAYSIGN INC,"3PEA INTERNATIONAL, INC.",3pea international,sec_former_name
0001501697,X4 PHARMACEUTICALS INC,"Arsanis, Inc.",arsanis,sec_former_name
0001563756,LIGHTSTONE VAL PLUS REIT III,"Lightstone Value Plus REIT III, Inc.",lightstone value plus reit iii,sec_current_name
0001563756,LIGHTSTONE VAL PLUS REIT III,"Lightstone Value Plus Real Estate Investment Trust III, Inc.",lightstone value plus real estate investment trust iii,sec_former_name
0001577445,ODYSIGHT.AI INC,ScoutCam Inc.,scoutcam,sec_former_name
0001577445,ODYSIGHT.AI INC,Intellisense Solutions Inc.,intellisense solutions,sec_former_name
0001583708,SENTINELONE INC,"Sentinel Labs, Inc.",sentinel labs,sec_former_name
0001615063,INSPIRED ENTERTAINMENT,Hydra Industries Acquisition Corp.,hydra industries acquisition,sec_former_name
0001619312,"Lightstone Value Plus REIT IV, Inc.",Lightstone Real Estate Income Trust Inc.,lightstone real estate income trust,sec_former_name
0001639300,OLLIE'S BARGAIN OUTLET HLDGS,"Ollie's Bargain Outlet Holdings, Inc.",ollies bargain outlet holdings,sec_current_name
0001725160,ZENTALIS PHARMACEUTICALS INC,"Zeno Pharma, LLC",zeno pharma,sec_former_name
0001802255,GUARDIAN PHARMACY SERVIS INC,"Guardian Pharmacy Services, Inc.",guardian pharmacy services,sec_current_name
0001802255,GUARDIAN PHARMACY SERVIS INC,"Guardian Pharmacy, LLC",guardian pharmacy,sec_former_name
0001820566,INSPIRATO INC,Thayer Ventures Acquisition Corp,thayer ventures acquisition,sec_former_name
0001826000,LATCH INC,TS Innovation Acquisitions Corp.,ts innovation acquisitions,sec_former_name
0001836833,PLANET LABS PBC,"dMY Technology Group, Inc. IV",dmy technology group inc iv,sec_former_name
0001861622,JET.AI INC,Oxbridge Acquisition Corp.,oxbridge acquisition,sec_former_name
0001861657,CANTON STRATEGIC HOLDING INC,"Tharimmune, Inc.",tharimmune,sec_current_name
0001861657,CANTON STRATEGIC HOLDING INC,"Tharimmune, Inc",tharimmune,sec_former_name
0001861657,CANTON STRATEGIC HOLDING INC,Hillstream BioPharma Inc.,hillstream biopharma,sec_former_name
0001866838,INCEPTION GROWT AQ LTD -REDH,Inception Growth Acquisition Ltd,inception growth acquisition,sec_current_name
0001886894,SNAIL INC,"Snail Games USA, Inc.",snail games usa,sec_former_name
0001911321,Kennedy Lewis Capital Co,Tate Capital Co,tate capital,sec_former_name
0001992508,21Shares Core Ethereum ETF,Ark 21Shares Ethereum ETF,ark 21shares ethereum etf,sec_former_name
0002018145,RISING DRAGON ACQ CORP -REDH,Rising Dragon Acquisition Corp.,rising dragon acquisition,sec_current_name
0002024203,CAYSON ACQUISITIN CORP -REDH,Cayson Acquisition Corp,cayson acquisition,sec_current_name
0000701719,ENVELA CORP,DGSE COMPANIES INC,dgse companies,sec_former_name
0000701719,ENVELA CORP,DALLAS GOLD & SILVER EXCHANGE INC /NV/,dallas gold silver exchange inc nv,sec_former_name
0000701719,ENVELA CORP,AMERICAN PACIFIC MINT INC,american pacific mint,sec_former_name
0000728387,PERSPECTIVE THERAPEUTICS INC,"Isoray, Inc.",isoray,sec_former_name
0000728387,PERSPECTIVE THERAPEUTICS INC,"IsoRay, Inc.",isoray,sec_former_name
0000728387,PERSPECTIVE THERAPEUTICS INC,CENTURY PARK PICTURES CORP,century park pictures,sec_former_name
0000824416,QUEST PATENT RESEARCH CORP,QUEST PRODUCTS CORP,quest products,sec_former_name
0000824416,QUEST PATENT RESEARCH CORP,PHASE OUT OF AMERICA INC,phase out of america,sec_former_name
0000935703,DOLLAR TREE INC,DOLLAR TREE STORES INC,dollar tree stores,sec_former_name
0001071840,SOLARWINDOW TECHNOLOGIES INC,"NEW ENERGY TECHNOLOGIES, INC.",new energy technologies,sec_former_name
0001071840,SOLARWINDOW TECHNOLOGIES INC,OCTILLION CORP,octillion,sec_former_name
0000100591,ARGAN INC,PUROFLOW INC,puroflow,sec_former_name
0000100591,ARGAN INC,ULTRA DYNAMICS CORP,ultra dynamics,sec_former_name
0001041657,URBAN ONE INC,"RADIO ONE, INC.",radio one,sec_former_name
0001041657,URBAN ONE INC,RADIO ONE INC,radio one,sec_former_name
0001043961,PRECIPIO INC,TRANSGENOMIC INC,transgenomic,sec_former_name
0001096275,WORKSPORT LTD,"Franchise Holdings International, Inc.",franchise holdings international,sec_former_name
0001096275,WORKSPORT LTD,TMANGLOBAL COM INC,tmanglobal com,sec_former_name
0001140102,HIREQUEST INC,"Command Center, Inc.",command center,sec_former_name
0001140102,HIREQUEST INC,TEMPORARY FINANCIAL SERVICES INC,temporary financial services,sec_former_name
0001160308,SAVARA INC,"Mast Therapeutics, Inc.",mast therapeutics,sec_former_name
0001160308,SAVARA INC,ADVENTRX PHARMACEUTICALS INC,adventrx pharmaceuticals,sec_former_name
0001160308,SAVARA INC,BIOKEYS PHARMACEUTICALS INC,biokeys pharmaceuticals,sec_former_name
0001176309,ORAMED PHARMACEUTICALS INC,"Integrated Security Technologies, Inc.",integrated security technologies,sec_former_name
0001176309,ORAMED PHARMACEUTICALS INC,IGUANA VENTURES LTD,iguana ventures,sec_former_name
0001211805,MY SIZE INC,Mysize Inc.,mysize,sec_former_name
0001211805,MY SIZE INC,TOPSPIN MEDICAL INC,topspin medical,sec_former_name
0001331421,"HALLMARK VENTURE GROUP, INC.",HALLMARK VENTURE GROUP,hallmark venture,sec_former_name
0001360214,HARROW INC,"HARROW HEALTH, INC.",harrow health,sec_former_name
0001360214,HARROW INC,"Imprimis Pharmaceuticals, Inc.",imprimis pharmaceuticals,sec_former_name
0001360214,HARROW INC,TRANSDEL PHARMACEUTICALS INC,transdel pharmaceuticals,sec_former_name
0001387061,LIGHTSTONE VAL PL REIT V INC,"Lightstone Value Plus REIT V, Inc.",lightstone value plus reit v,sec_current_name
0001387061,LIGHTSTONE VAL PL REIT V INC,"Lightstone Value Plus Real Estate Investment Trust V, Inc.",lightstone value plus real estate investment trust v,sec_former_name
0001387061,LIGHTSTONE VAL PL REIT V INC,"Behringer Harvard Opportunity REIT II, Inc.",behringer harvard opportunity reit ii,sec_former_name
0001397187,LULULEMON ATHLETICA INC,Lululemon Corp.,lululemon,sec_former_name
0001403568,ULTA BEAUTY INC,"Ulta Salon, Cosmetics & Fragrance, Inc.",ulta salon cosmetics fragrance,sec_former_name
0001447028,ARBUTUS BIOPHARMA CORP,TEKMIRA PHARMACEUTICALS Corp,tekmira pharmaceuticals,sec_former_name
0001447028,ARBUTUS BIOPHARMA CORP,TEKMIRA PHARMACEUTICALS CORP,tekmira pharmaceuticals,sec_former_name
0001468748,KODIAK SCIENCES INC,"Oligasis, LLC",oligasis,sec_former_name
0001474432,EVERPURE INC,"Pure Storage, Inc.",pure storage,sec_current_name
0001474432,EVERPURE INC,"PURE Storage, Inc.",pure storage,sec_former_name
0001474432,EVERPURE INC,"Os76, Inc.",os76,sec_former_name
0001482541,CEA INDUSTRIES INC,Surna Inc.,surna,sec_former_name
0001487197,BARFRESH FOOD GROUP INC,Moving Box Inc,moving box,sec_former_name
0001495231,IZEA WORLDWIDE INC,"IZEA, Inc.",izea,sec_former_name
0001495231,IZEA WORLDWIDE INC,"IZEA Holdings, Inc.",izea holdings,sec_former_name
0001495231,IZEA WORLDWIDE INC,Rapid Holdings Inc.,rapid,sec_former_name
0001534133,CALCIMEDICA INC,"CalciMedica, Inc. /DE/",calcimedica inc de,sec_former_name
0001534133,CALCIMEDICA INC,"GRAYBUG VISION, INC.",graybug vision,sec_former_name
0001534133,CALCIMEDICA INC,"GRAYBUG, Inc.",graybug,sec_former_name
0001544227,TEMPEST THERAPEUTICS INC,"Millendo Therapeutics, Inc.",millendo therapeutics,sec_former_name
0001544227,TEMPEST THERAPEUTICS INC,"OvaScience, Inc.",ovascience,sec_former_name
0001750149,INHIBIKASE THERAPE INC,"Inhibikase Therapeutics, Inc.",inhibikase therapeutics,sec_current_name
0001766660,Morgan Stanley Capital I Trust 2019-L2,Morgan Stanley Capital I Trust 2019-H5,morgan stanley capital i trust 2019h5,sec_former_name
0001767837,RICHMOND MUTUAL BANCO INC,"Richmond Mutual Bancorporation, Inc.",richmond mutual bancorporation,sec_current_name
0001780201,LULU'S FASHION LOUN HOLD INC,"Lulu's Fashion Lounge Holdings, Inc.",lulus fashion lounge holdings,sec_current_name
0001784970,NEXT TECHNOLOGY HOLDING INC,WETRADE GROUP INC.,wetrade,sec_former_name
0001784970,NEXT TECHNOLOGY HOLDING INC,WeTrade Group Inc.,wetrade,sec_former_name
0001786248,NEXPOINT REAL EST FIN,"NexPoint Real Estate Finance, Inc.",nexpoint real estate finance,sec_current_name
0001798562,TMC THE METALS CO INC,Sustainable Opportunities Acquisition Corp.,sustainable opportunities acquisition,sec_former_name
0001805526,DEFI DEVELOPMENT CORP,Janover Inc.,janover,sec_current_name
0001805526,DEFI DEVELOPMENT CORP,Janover Ventures LLC,janover ventures,sec_former_name
0001817004,NEXTNRG INC,EzFill Holdings Inc,ezfill,sec_former_name
0001839998,AMERICAN ONCOLOGY NETWRK INC,"American Oncology Network, Inc.",american oncology network,sec_current_name
0001839998,AMERICAN ONCOLOGY NETWRK INC,Digital Transformation Opportunities Corp.,digital transformation opportunities,sec_former_name
0001840292,HELIOGEN INC,Athena Technology Acquisition Corp.,athena technology acquisition,sec_former_name
0001867066,JOURNEY MEDICAL CORPO,Journey Medical Corp,journey medical,sec_current_name
0001919246,PELTHOS THERAPEUTICS INC,Channel Therapeutics Corp,channel therapeutics,sec_current_name
0001919246,PELTHOS THERAPEUTICS INC,Chromocell Therapeutics Corp,chromocell therapeutics,sec_former_name
0001964979,ALLURION TECHNOLOGIES INC,"ALLURION TECHNOLOGIES HOLDINGS, INC.",allurion technologies holdings,sec_former_name
0002013639,FB BANCORP INC,"FB Bancorp, Inc. /MD/",fb bancorp inc md,sec_current_name
0002029769,OAKTREE ACQUISITI CORP -REDH,Oaktree Acquisition Corp. III Life Sciences,oaktree acquisition corp iii life sciences,sec_current_name
0002030781,SAILPOINT INC,"SailPoint Parent, LP",sailpoint parent lp,sec_former_name
0002030829,PANTAGES CAPL ACQ CORP -REDH,AIFEEX NEXUS ACQUISITION CORP.,aifeex nexus acquisition,sec_current_name
0002030829,PANTAGES CAPL ACQ CORP -REDH,Shepherd Ave Capital Acquisition Corp,shepherd ave capital acquisition,sec_former_name
0002032950,HORIZON SP ACQ II CORP -REDH,Horizon Space Acquisition II Corp.,horizon space acquisition ii,sec_current_name
0002032966,TIC SOLUTIONS INC,ACUREN CORP,acuren,sec_current_name
0000002186,BK TECHNOLOGIES CORP,RELM WIRELESS CORP,relm wireless,sec_former_name
0000002186,BK TECHNOLOGIES CORP,ADAGE INC,adage,sec_former_name
0000719955,WILLIAMS-SONOMA INC,WILLIAMS SONOMA INC,williams sonoma,sec_current_name
0000797465,HG HOLDINGS INC,"HG Holdings, Inc.",hg holdings,sec_current_name
0000797465,HG HOLDINGS INC,STANLEY FURNITURE CO INC.,stanley furniture,sec_former_name
0000797465,HG HOLDINGS INC,STANLEY FURNITURE CO INC/,stanley furniture co inc,sec_former_name
0000797465,HG HOLDINGS INC,STANLEY FURNITURE CO INC,stanley furniture,sec_former_name
0000881453,FORTITUDE LIFE INSURANCE & ANNUITY CO,PRUDENTIAL ANNUITIES LIFE ASSURANCE CORP/CT,prudential annuities life assurance corpct,sec_former_name
0000881453,FORTITUDE LIFE INSURANCE & ANNUITY CO,AMERICAN SKANDIA LIFE ASSURANCE CORP/CT,american skandia life assurance corpct,sec_former_name
0000910638,3D SYSTEMS CORP,3 D SYSTEMS CORP,3 d systems,sec_former_name
0000926617,ASPIRA WOMENS HEALTH INC,"VERMILLION, INC.",vermillion,sec_former_name
0000926617,ASPIRA WOMENS HEALTH INC,CIPHERGEN BIOSYSTEMS INC,ciphergen biosystems,sec_former_name
0000926617,ASPIRA WOMENS HEALTH INC,ABIOTIC SYSTEMS,abiotic systems,sec_former_name
0001977837,ALIXO-YOLLOO Corp,ALIXO-YOLLO Corp,alixoyollo,sec_former_name
0001042418,INHIBITOR THERAPEUTICS INC,"HedgePath Pharmaceuticals, Inc.",hedgepath pharmaceuticals,sec_former_name
0001042418,INHIBITOR THERAPEUTICS INC,COMMONWEALTH BIOTECHNOLOGIES INC,commonwealth biotechnologies,sec_former_name
0001056943,PEOPLES FINANCIAL SERVICES,PEOPLES FINANCIAL SERVICES CORP/,peoples financial services corp,sec_former_name
0001103795,QS ENERGY INC,SAVE THE WORLD AIR INC,save the world air,sec_former_name
0001140215,REEDS INC,ORIGINAL BEVERAGE CORP /,original beverage corp,sec_former_name
0001157762,CHINA AUTOMOTIVE SYSTEMS INC,VISIONS IN GLASS INC,visions in glass,sec_former_name
0001171326,ENTREPRENEUR UNIVRS BGHT GRP,ENTREPRENEUR UNIVERSE BRIGHT GROUP,entrepreneur universe bright,sec_current_name
0001171326,ENTREPRENEUR UNIVRS BGHT GRP,LONESTAR Group Holdings CO,lonestar,sec_former_name
0001171326,ENTREPRENEUR UNIVRS BGHT GRP,U.S. ENERGY HOLDINGS INC.,us energy,sec_former_name
0001171326,ENTREPRENEUR UNIVRS BGHT GRP,PITBOSS ENTERTAINMENT INC.,pitboss entertainment,sec_former_name
0001218683,MAWSON INFRA GROUP INC,Mawson Infrastructure Group Inc.,mawson infrastructure,sec_current_name
0001218683,MAWSON INFRA GROUP INC,"Wize Pharma, Inc.",wize pharma,sec_former_name
0001218683,MAWSON INFRA GROUP INC,"OphthaliX, Inc.",ophthalix,sec_former_name
0001218683,MAWSON INFRA GROUP INC,DENALI CONCRETE MANAGEMENT INC,denali concrete management,sec_former_name
0001319643,"FinTrade Sherpa, Inc.",Lode-Star Mining Inc.,lodestar mining,sec_former_name
0001319643,"FinTrade Sherpa, Inc.",International Gold Corp.,international gold,sec_former_name
0001407583,BUNKER HILL MINING CORP,LIBERTY SILVER CORP,liberty silver,sec_former_name
0001407583,BUNKER HILL MINING CORP,Liberty Silver Corp,liberty silver,sec_former_name
0001407583,BUNKER HILL MINING CORP,Lincoln Mining Corp,lincoln mining,sec_former_name
0001419041,FORTE BIOSCIENCES INC,Tocagen Inc,tocagen,sec_former_name
0001419275,RYVYL INC,GreenBox POS,greenbox pos,sec_former_name
0001419275,RYVYL INC,"GreenBox POS, LLC",greenbox pos,sec_former_name
0001419275,RYVYL INC,"ASAP Expo, Inc.",asap expo,sec_former_name
0001505497,BIORESTORATIVE THERAPIES INC,"Stem Cell Assurance, Inc.",stem cell assurance,sec_former_name
0001586495,Leet Technology Inc.,Leet Inc.,leet,sec_former_name
0001605888,ATLANTIC INTERNATIONAL CORP,"SeqLL, Inc.",seqll,sec_former_name
0001624512,BOXLIGHT CORP,Logical Choice Corp,logical choice,sec_former_name
0000037637,DUKE ENERGY FLORIDA INC,"DUKE ENERGY FLORIDA, LLC.",duke energy florida llc,sec_former_name
0000037637,DUKE ENERGY FLORIDA INC,FLORIDA POWER CORP,florida power,sec_former_name
0001758057,LUMINAR TECHNOLOGIES INC,"Luminar Technologies, Inc./DE",luminar technologies incde,sec_current_name
0001758057,LUMINAR TECHNOLOGIES INC,"Luminar Technologies, Inc./FL",luminar technologies incfl,sec_former_name
0001758057,LUMINAR TECHNOLOGIES INC,"Gores Metropoulos, Inc.",gores metropoulos,sec_former_name
0001759186,COEPTIS THERAPEUTIC HOLD INC,"Coeptis Therapeutics Holdings, Inc.",coeptis therapeutics holdings,sec_current_name
0001759186,COEPTIS THERAPEUTIC HOLD INC,Bull Horn Holdings Corp.,bull horn,sec_former_name
0001759546,NU RIDE INC,Lordstown Motors Corp.,lordstown motors,sec_former_name
0001759546,NU RIDE INC,DiamondPeak Holdings Corp.,diamondpeak,sec_former_name
0001760903,BONK INC,"Safety Shot, Inc.",safety shot,sec_current_name
0001760903,BONK INC,"Jupiter Wellness, Inc.",jupiter wellness,sec_former_name
0001760903,BONK INC,"CBD Brands, Inc.",cbd brands,sec_former_name
0001785424,KATAPULT HOLDINGS INC,"Katapult Holdings, Inc.",katapult holdings,sec_current_name
0001785424,KATAPULT HOLDINGS INC,FinServ Acquisition Corp.,finserv acquisition,sec_former_name
0001791295,Morgan Stanley Capital I Trust 2019-L3,MSC 2019-L3,msc 2019l3,sec_former_name
0001816613,MARKFORGED HOLDING CORP,one,one,sec_former_name
0001826889,BEACHBODY CO INC (THE),"Beachbody Company, Inc.",beachbody company,sec_current_name
0001826889,BEACHBODY CO INC (THE),Forest Road Acquisition Corp.,forest road acquisition,sec_former_name
0001829802,SENSEI BIOTHERAPEU INC,"Sensei Biotherapeutics, Inc.",sensei biotherapeutics,sec_current_name
0001832511,P3 HEALTH PARTNERS INC,Foresight Acquisition Corp.,foresight acquisition,sec_former_name
0001840563,PMGC HOLDINGS INC,Elevai Labs Inc.,elevai labs,sec_former_name
0001840563,PMGC HOLDINGS INC,Reactive Medical Labs Inc.,reactive medical labs,sec_former_name
0001840748,LAVA THERAPEUTICS N V,LAVA Therapeutics NV,lava therapeutics nv,sec_current_name
0001840748,LAVA THERAPEUTICS N V,LAVA Therapeutics BV,lava therapeutics bv,sec_former_name
0001841425,VERDE CLEAN FUELS INC,CENAQ Energy Corp.,cenaq energy,sec_former_name
0001845550,PLUM ACQUISIT CORP III -REDH,Plum Acquisition Corp. III,plum acquisition corp iii,sec_current_name
0001845550,PLUM ACQUISIT CORP III -REDH,Alpha Partners Technology Merger Corp.,alpha partners technology merger,sec_former_name
0001852207,BOLD EAGLE ACQUTN CORP -REDH,Bold Eagle Acquisition Corp.,bold eagle acquisition,sec_current_name
0001852207,BOLD EAGLE ACQUTN CORP -REDH,Spinning Eagle Acquisition Corp.,spinning eagle acquisition,sec_former_name
0001854149,AGRICULTURE & NT S A C -REDH,Agriculture & Natural Solutions Acquisition Corp,agriculture natural solutions acquisition,sec_current_name
0001854149,AGRICULTURE & NT S A C -REDH,Energy Opportunities Acquisition Corp,energy opportunities acquisition,sec_former_name
0001854149,AGRICULTURE & NT S A C -REDH,Decarbonization Plus Acquisition Corp V,decarbonization plus acquisition corp v,sec_former_name
0001860514,Roth CH Acquisition Co.,TKB Critical Technologies 1,tkb critical technologies 1,sec_former_name
0001863990,MULTISENSOR AI HOLDINGS INC,"MultiSensor AI Holdings, Inc.",multisensor ai holdings,sec_current_name
0001863990,MULTISENSOR AI HOLDINGS INC,"Infrared Cameras Holdings, Inc.",infrared cameras holdings,sec_former_name
0001863990,MULTISENSOR AI HOLDINGS INC,Sportsmap Tech Acquisition Corp.,sportsmap tech acquisition,sec_former_name
0001880613,DIRECT DIGITAL HOLDINGS INC,"Direct Digital Holdings, Inc.",direct digital holdings,sec_current_name
0001889123,FOLD HOLDINGS INC,"Fold Holdings, Inc.",fold holdings,sec_current_name
0001889123,FOLD HOLDINGS INC,FTAC Emerald Acquisition Corp.,ftac emerald acquisition,sec_former_name
0001889123,FOLD HOLDINGS INC,Emerald ESG Acquisition Corp,emerald esg acquisition,sec_former_name
0001895618,GAXOS.AI INC,NFT Gaming Co Inc.,nft gaming,sec_former_name
0001895618,GAXOS.AI INC,NFT Gaming Co,nft gaming,sec_former_name
0001896212,CDT EQUITY INC,CONDUIT PHARMACEUTICALS INC.,conduit pharmaceuticals,sec_current_name
0001896212,CDT EQUITY INC,Murphy Canyon Acquisition Corp.,murphy canyon acquisition,sec_former_name
0001930313,SBC MEDICAL GROUP HLDNGS INC,SBC Medical Group Holdings Inc,sbc medical,sec_current_name
0001930313,SBC MEDICAL GROUP HLDNGS INC,"Pono Capital Two, Inc.",pono capital two,sec_former_name
0001946021,HORIZON SPACE ACQN I CORP,Horizon Space Acquisition I Corp.,horizon space acquisition i,sec_current_name
0001946573,NAKAMOTO INC,"Kindly MD, Inc.",kindly md,sec_current_name
0001979005,AIMEI HLTH TECH CO LTD -REDH,"Aimei Health Technology Co., Ltd.",aimei health technology co,sec_current_name
0002029118,INFINITY NATURAL RSOURCS INC,"INFINITY NATURAL RESOURCES, INC.",infinity natural resources,sec_current_name
0002030954,TEN HOLDINGS INC,"TEN Holdings, Inc.",ten holdings,sec_current_name
0000796534,NATIONAL BANKSHARES INC VA,NATIONAL BANKSHARES INC,national bankshares,sec_current_name
0000840715,CLEARONE INC,CLEARONE COMMUNICATIONS INC,clearone communications,sec_former_name
0000840715,CLEARONE INC,GENTNER COMMUNICATIONS CORP,gentner communications,sec_former_name
0000840715,CLEARONE INC,GENTNER ELECTRONICS CORP,gentner electronics,sec_former_name
0000856984,AMER BIOGENETIC SCI  -CL A,"QHSLab, Inc.",qhslab,sec_current_name
0000856984,AMER BIOGENETIC SCI  -CL A,USA EQUITIES CORP.,usa equities,sec_former_name
0000856984,AMER BIOGENETIC SCI  -CL A,USA EQUITY CORP.,usa equity,sec_former_name
0000856984,AMER BIOGENETIC SCI  -CL A,AMERICAN BIOGENETIC SCIENCES INC,american biogenetic sciences,sec_former_name
0000862651,INVESTVIEW INC,"Global Investor Services, Inc.",global investor services,sec_former_name
0000862651,INVESTVIEW INC,"TheRetirementSolution.com, Inc.",theretirementsolutioncom,sec_former_name
0000862651,INVESTVIEW INC,"Voxpath Holdings, Inc.",voxpath holdings,sec_former_name
0000879911,APPLIED ENERGETICS INC,"IONATRON, INC.",ionatron,sec_former_name
0000879911,APPLIED ENERGETICS INC,US HOME & GARDEN INC,us home garden,sec_former_name
0000879911,APPLIED ENERGETICS INC,NATURAL EARTH TECHNOLOGIES INC,natural earth technologies,sec_former_name
0000890394,PERASO INC,"MoSys, Inc.",mosys,sec_former_name
0000890394,PERASO INC,MONOLITHIC SYSTEM TECHNOLOGY INC,monolithic system technology,sec_former_name
0000890821,ENVERIC BIOSCIENCES INC,"AMERI Holdings, Inc.",ameri holdings,sec_former_name
0000890821,ENVERIC BIOSCIENCES INC,SPATIALIZER AUDIO LABORATORIES INC,spatializer audio laboratories,sec_former_name
0000933972,374WATER INC,"POWERVERDE, INC.",powerverde,sec_former_name
0000933972,374WATER INC,VYREX CORP,vyrex,sec_former_name
0000748268,RED CAT HOLDINGS INC,"Red Cat Holdings, Inc.",red cat holdings,sec_current_name
0000748268,RED CAT HOLDINGS INC,TimefireVR Inc.,timefirevr,sec_former_name
0000748268,RED CAT HOLDINGS INC,EnergyTEK Corp.,energytek,sec_former_name
0000748268,RED CAT HOLDINGS INC,BROADLEAF CAPITAL PARTNERS INC,broadleaf capital partners,sec_former_name
0001006837,INNOVATE CORP,"HC2 HOLDINGS, INC.",hc2 holdings,sec_former_name
0001006837,INNOVATE CORP,"HC2 Holdings, Inc.",hc2 holdings,sec_former_name
0001006837,INNOVATE CORP,"PTGi HOLDING, INC.",ptgi holding,sec_former_name
0001018840,ABERCROMBIE & FITCH  -CL A,ABERCROMBIE & FITCH CO /DE/,abercrombie fitch co de,sec_current_name
0001039828,AMERICAN NATIONAL GROUP INC,AMERICAN EQUITY INVESTMENT LIFE HOLDING CO,american equity investment life,sec_former_name
0001040896,INTELLICHECK INC,"Intellicheck Mobilisa, Inc.",intellicheck mobilisa,sec_former_name
0001040896,INTELLICHECK INC,"Intelli Check Mobilisa, Inc",intelli check mobilisa,sec_former_name
0001040896,INTELLICHECK INC,INTELLI CHECK INC,intelli check,sec_former_name
0001080657,PRESIDIO PROPERTY TRUST INC,"NETREIT, INC.",netreit,sec_former_name
0001080657,PRESIDIO PROPERTY TRUST INC,NETREIT,netreit,sec_former_name
0001086745,STABLEX TECHNOLOGIES INC,"AYRO, Inc.",ayro,sec_current_name
0001086745,STABLEX TECHNOLOGIES INC,"DropCar, Inc.",dropcar,sec_former_name
0001086745,STABLEX TECHNOLOGIES INC,WPCS INTERNATIONAL INC,wpcs international,sec_former_name
0001086745,STABLEX TECHNOLOGIES INC,PHOENIX STAR VENTURES INC,phoenix star ventures,sec_former_name
0001095981,PLUS THERAPEUTICS INC,"CYTORI THERAPEUTICS, INC.",cytori therapeutics,sec_former_name
0001095981,PLUS THERAPEUTICS INC,MACROPORE INC,macropore,sec_former_name
0001106213,SEAFARER EXPLORATION CORP,Organetix,organetix,sec_former_name
0001106213,SEAFARER EXPLORATION CORP,DIAMOND INTERNATIONAL GROUP INC/NY/,diamond international group incny,sec_former_name
0001106213,SEAFARER EXPLORATION CORP,SEGWAY I CORP,segway i,sec_former_name
0001106644,CHINA PHARMA HOLDINGS INC,"CHINA PHARMA HOLDINGS, INC.",china pharma holdings,sec_current_name
0001106644,CHINA PHARMA HOLDINGS INC,TS ELECTRONICS INC,ts electronics,sec_former_name
0001106644,CHINA PHARMA HOLDINGS INC,SOFTSTONE INC,softstone,sec_former_name
0001106644,CHINA PHARMA HOLDINGS INC,SOFTSTONE INC /DE/,softstone inc de,sec_former_name
0001107421,ALAUNOS THERAPEUTICS INC,ZIOPHARM ONCOLOGY INC,ziopharm oncology,sec_former_name
0001107421,ALAUNOS THERAPEUTICS INC,EASYWEB INC,easyweb,sec_former_name
0001137883,BRAINSTORM CELL THERAPEUTICS,GOLDEN HAND RESOURCES INC,golden hand resources,sec_former_name
0001137883,BRAINSTORM CELL THERAPEUTICS,WIZBANG TECHNOLOGIES INC,wizbang technologies,sec_former_name
0001178697,DNA X INC,SONIM TECHNOLOGIES INC,sonim technologies,sec_current_name
0001228627,OPUS GENETICS INC,"Ocuphire Pharma, Inc.",ocuphire pharma,sec_former_name
0001228627,OPUS GENETICS INC,"REXAHN PHARMACEUTICALS, INC.",rexahn pharmaceuticals,sec_former_name
0001228627,OPUS GENETICS INC,CORPORATE ROAD SHOW DOT COM INC,corporate road show dot com,sec_former_name
0001261379,Frontier Funds,Equinox Frontier Funds,equinox frontier funds,sec_former_name
0001261379,Frontier Funds,FRONTIER FUND,frontier fund,sec_former_name
0001389123,Frontier Heritage Fund,Equinox Frontier Heritage Fund,equinox frontier heritage fund,sec_former_name
0001389123,Frontier Heritage Fund,"Frontier Heritage Series, a series of The Frontier Fund",frontier heritage series a series of the frontier fund,sec_former_name
0001389123,Frontier Heritage Fund,"WINTON/GRAHAM SERIES, a series of The Frontier Fund",wintongraham series a series of the frontier fund,sec_former_name
0001450722,Frontier Masters Fund,Equinox Frontier Masters Fund,equinox frontier masters fund,sec_former_name
0001450722,Frontier Masters Fund,"FRONTIER MASTERS SERIES, a series of The Frontier Fund",frontier masters series a series of the frontier fund,sec_former_name
0001389125,Frontier Select Fund,Equinox Frontier Select Fund,equinox frontier select fund,sec_former_name
0001389125,Frontier Select Fund,"Frontier Select Series, a series of The Frontier Fund",frontier select series a series of the frontier fund,sec_former_name
0001389125,Frontier Select Fund,"TIVERTON/GRAHAM/TRANSTREND SERIES, a series of The Frontier Fund",tivertongrahamtranstrend series a series of the frontier fund,sec_former_name
0001389128,Frontier Long/Short Commodity Fund,Equinox Frontier Long/Short Commodity Fund,equinox frontier longshort commodity fund,sec_former_name
0001389128,Frontier Long/Short Commodity Fund,"FRONTIER LONG/SHORT COMMODITY SERIES, a series of The Frontier Fund",frontier longshort commodity series a series of the frontier fund,sec_former_name
0001389128,Frontier Long/Short Commodity Fund,"LONG/SHORT COMMODITY SERIES, a series of The Frontier Fund",longshort commodity series a series of the frontier fund,sec_former_name
0001450720,Frontier Diversified Fund,Equinox Frontier Diversified Fund,equinox frontier diversified fund,sec_former_name
0001450720,Frontier Diversified Fund,"FRONTIER DIVERSIFIED SERIES, a series of The Frontier Fund",frontier diversified series a series of the frontier fund,sec_former_name
0001389122,Frontier Balanced Fund,Equinox Frontier Balanced Fund,equinox frontier balanced fund,sec_former_name
0001389122,Frontier Balanced Fund,"BALANCED SERIES, a series of The Frontier Fund",balanced series a series of the frontier fund,sec_former_name
0001296884,LIGHTSTONE VALUE PLU R I INC,"Lightstone Value Plus REIT I, Inc.",lightstone value plus reit i,sec_current_name
0001296884,LIGHTSTONE VALUE PLU R I INC,"Lightstone Value Plus Real Estate Investment Trust, Inc.",lightstone value plus real estate investment trust,sec_former_name
0001326706,ENVUE MEDICAL INC,"NanoVibronix, Inc.",nanovibronix,sec_current_name
0001326706,ENVUE MEDICAL INC,"Nano Vibronix, Inc.",nano vibronix,sec_former_name
0001326706,ENVUE MEDICAL INC,Nano Vibronix Inc,nano vibronix,sec_former_name
0001351636,SOUNDTHINKING INC,"SHOTSPOTTER, INC",shotspotter,sec_former_name
0001351636,SOUNDTHINKING INC,SHOTSPOTTER INC,shotspotter,sec_former_name
0001351636,SOUNDTHINKING INC,Shotspotter Inc,shotspotter,sec_former_name
0001355848,KARTOON STUDIOS INC,"Genius Brands International, Inc.",genius brands international,sec_former_name
0001355848,KARTOON STUDIOS INC,PACIFIC ENTERTAINMENT CORP,pacific entertainment,sec_former_name
0001356115,NEXPOINT DIVERSIFIED RE TS,NEXPOINT DIVERSIFIED REAL ESTATE TRUST,nexpoint diversified real estate trust,sec_current_name
0001356115,NEXPOINT DIVERSIFIED RE TS,NexPoint Strategic Opportunities Fund,nexpoint strategic opportunities fund,sec_former_name
0001356115,NEXPOINT DIVERSIFIED RE TS,NexPoint Credit Strategies Fund,nexpoint credit strategies fund,sec_former_name
0001356115,NEXPOINT DIVERSIFIED RE TS,Pyxis Credit Strategies Fund,pyxis credit strategies fund,sec_former_name
0001374339,PROMIS NEUROSCIENCES INC,AMORFIX LIFE SCIENCES LTD,amorfix life sciences,sec_former_name
0001396536,DUOS TECHNOLOGIES GROUP INC,"DUOS TECHNOLOGIES GROUP, INC.",duos technologies group,sec_current_name
0001396536,DUOS TECHNOLOGIES GROUP INC,"DUOS TECHNOLOGY GROUP, INC.",duos technology group,sec_former_name
0001396536,DUOS TECHNOLOGIES GROUP INC,"INFORMATION SYSTEMS ASSOCIATES, INC.",information systems associates,sec_former_name
0001401914,DARE BIOSCIENCE INC,Cerulean Pharma Inc.,cerulean pharma,sec_former_name
0001401914,DARE BIOSCIENCE INC,Tempo Pharmaceuticals Inc,tempo pharmaceuticals,sec_former_name
0001409269,VENUS CONCEPT INC,"Restoration Robotics, Inc.",restoration robotics,sec_former_name
0001409269,VENUS CONCEPT INC,Restoration Robotics Inc,restoration robotics,sec_former_name
0001411690,BIONANO GENOMICS INC,BioNanomatrix Inc,bionanomatrix,sec_former_name
0001412486,COCRYSTAL PHARMA INC,"BIOZONE PHARMACEUTICALS, INC.",biozone pharmaceuticals,sec_former_name
0001412486,COCRYSTAL PHARMA INC,"International Surf Resorts, Inc.",international surf resorts,sec_former_name
0001413891,HIGH WIRE NETWORKS INC,"HWN, INC.",hwn,sec_former_name
0001413891,HIGH WIRE NETWORKS INC,"Spectrum Global Solutions, Inc.",spectrum global solutions,sec_former_name
0001413891,HIGH WIRE NETWORKS INC,Mantra Venture Group Ltd.,mantra venture,sec_former_name
0001429260,FORTRESS BIOTECH INC,CORONADO BIOSCIENCES INC,coronado biosciences,sec_former_name
0001437283,REGO PAYMENT ARCHITECTES INC,"REGO PAYMENT ARCHITECTURES, INC.",rego payment architectures,sec_current_name
0001437283,REGO PAYMENT ARCHITECTES INC,"VIRTUAL PIGGY, INC.",virtual piggy,sec_former_name
0001437283,REGO PAYMENT ARCHITECTES INC,"Moggle, Inc.",moggle,sec_former_name
0001438943,RANGE IMPACT INC,"MALACHITE INNOVATIONS, INC.",malachite innovations,sec_former_name
0001438943,RANGE IMPACT INC,"Vitality Biopharma, Inc.",vitality biopharma,sec_former_name
0001438943,RANGE IMPACT INC,Stevia First Corp.,stevia first,sec_former_name
0001446159,AXE COMPUTE INC,Predictive Oncology Inc.,predictive oncology,sec_current_name
0001446159,AXE COMPUTE INC,Precision Therapeutics Inc.,precision therapeutics,sec_former_name
0001446159,AXE COMPUTE INC,Precision Therapeutic Inc.,precision therapeutic,sec_former_name
0001446159,AXE COMPUTE INC,Skyline Medical Inc.,skyline medical,sec_former_name
0001452936,PACIFIC OAK STR OPP REIT INC,"Pacific Oak Strategic Opportunity REIT, Inc.",pacific oak strategic opportunity reit,sec_current_name
0001452936,PACIFIC OAK STR OPP REIT INC,"KBS Strategic Opportunity REIT, Inc.",kbs strategic opportunity reit,sec_former_name
0001460329,FLUENT INC,"Cogint, Inc.",cogint,sec_former_name
0001460329,FLUENT INC,"IDI, Inc.",idi,sec_former_name
0001460329,FLUENT INC,"Tiger Media, Inc.",tiger media,sec_former_name
0001462223,NIXXY INC,"Recruiter.com Group, Inc.",recruitercom group,sec_former_name
0001462223,NIXXY INC,"TRULI TECHNOLOGIES, INC.",truli technologies,sec_former_name
0001462223,NIXXY INC,"Truli Media Group, Inc.",truli media group,sec_former_name
0001462418,ALTISOURCE PORTFOLIO SOLTNS,ALTISOURCE PORTFOLIO SOLUTIONS S.A.,altisource portfolio solutions sa,sec_current_name
0001462418,ALTISOURCE PORTFOLIO SOLTNS,Altisource Portfolio Solutions S.A.,altisource portfolio solutions sa,sec_former_name
0001462418,ALTISOURCE PORTFOLIO SOLTNS,Altisource Portfolio Solutions S.a.r.l.,altisource portfolio solutions sarl,sec_former_name
0001471781,GBT TECHNOLOGIES INC,Gopher Protocol Inc.,gopher protocol,sec_former_name
0001471781,GBT TECHNOLOGIES INC,Forex International Trading Corp.,forex international trading,sec_former_name
0001473334,XMAX INC,"Nova Lifestyle, Inc.",nova lifestyle,sec_current_name
0001473334,XMAX INC,"Stevens Resources, Inc.",stevens resources,sec_former_name
0001479681,NUTEX HEALTH INC,"Clinigence Holdings, Inc.",clinigence holdings,sec_former_name
0001479681,NUTEX HEALTH INC,"iGambit, Inc.",igambit,sec_former_name
0001506983,GLUCOTRACK INC,"Integrity Applications, Inc.",integrity applications,sec_former_name
0001514056,TITAN ENVIRONM SOLUTIONS INC,Titan Environmental Solutions Inc.,titan environmental solutions,sec_current_name
0001514056,TITAN ENVIRONM SOLUTIONS INC,"TRAQIQ, INC.",traqiq,sec_former_name
0001514056,TITAN ENVIRONM SOLUTIONS INC,"Thunderclap Entertainment, Inc.",thunderclap entertainment,sec_former_name
0001527702,IQSTEL INC,"PURESNAX INTERNATIONAL, INC.",puresnax international,sec_former_name
0001527702,IQSTEL INC,"PURE SNAX INTERNATIONAL, INC.",pure snax international,sec_former_name
0001527702,IQSTEL INC,"B-MAVEN, INC.",bmaven,sec_former_name
0001546296,PROFESSIONAL DIVERSITY NETWK,"Professional Diversity Network, Inc.",professional diversity network,sec_current_name
0001546296,PROFESSIONAL DIVERSITY NETWK,"Professional Diversity Network, LLC",professional diversity network,sec_former_name
0001560672,ELLINGTON CREDIT CO,Ellington Residential Mortgage REIT,ellington residential mortgage reit,sec_former_name
0001563665,HARVARD APPARATUS REGE T INC,"Harvard Apparatus Regenerative Technology, Inc.",harvard apparatus regenerative technology,sec_current_name
0001563665,HARVARD APPARATUS REGE T INC,"Biostage, Inc.",biostage,sec_former_name
0001563665,HARVARD APPARATUS REGE T INC,"Harvard Apparatus Regenerative Technology, Inc.",harvard apparatus regenerative technology,sec_former_name
0001566826,LOGICMARK INC,"Nxt-ID, Inc.",nxtid,sec_former_name
0001583648,PALVELLA THERAPEUTICS INC,"Pieris Pharmaceuticals, Inc.",pieris pharmaceuticals,sec_former_name
0001583648,PALVELLA THERAPEUTICS INC,"PIERIS PHARMACEUTICALS, INC.",pieris pharmaceuticals,sec_former_name
0001583648,PALVELLA THERAPEUTICS INC,Marika Inc.,marika,sec_former_name
0001585608,JAGUAR HEALTH INC,"Jaguar Animal Health, Inc.",jaguar animal health,sec_former_name
0001591913,"Innovative Payment Solutions, Inc.",QPAGOS,qpagos,sec_former_name
0001591913,"Innovative Payment Solutions, Inc.","Asiya Pearls, Inc.",asiya pearls,sec_former_name
0001601485,ELICIO THERAPEUTICS INC,Angion Biomedica Corp.,angion biomedica,sec_former_name
0001621672,SUPER LEAGUE ENTERPRISE INC,"Super League Gaming, Inc.",super league gaming,sec_former_name
0001621672,SUPER LEAGUE ENTERPRISE INC,"Nth Games, Inc.",nth games,sec_former_name
0001625101,PULSE BIOSCIENCES INC,"Electroblate, Inc.",electroblate,sec_former_name
0001627282,CALIBERCOS INC,CaliberCo Inc.,caliberco,sec_former_name
0001630212,AVALON GLOBOCARE CORP,GLOBAL TECHNOLOGIES CORP,global technologies,sec_former_name
0001634452,AB Private Credit Investors Corp,AB Private Credit Corp,ab private credit,sec_former_name
0001645460,CUE BIOPHARMA,"Imagen Biopharma, Inc.",imagen biopharma,sec_former_name
0001648960,MYSEUM INC,"DatChat, Inc.",datchat,sec_current_name
0001648960,MYSEUM INC,"Dat Chat, Inc",dat chat,sec_former_name
0001661600,SATIVUS TECH CORP.,SEEDO CORP.,seedo,sec_former_name
0001661600,SATIVUS TECH CORP.,GRCR Partners Inc,grcr partners,sec_former_name
0001662684,KULR TECHNOLOGY GROUP,"KULR Technology Group, Inc.",kulr technology group,sec_current_name
0001662684,KULR TECHNOLOGY GROUP,KT High-Tech Marketing Inc.,kt hightech marketing,sec_former_name
0001662684,KULR TECHNOLOGY GROUP,Grant Hill Acquisition Corp,grant hill acquisition,sec_former_name
0001666244,"Cantor Fitzgerald Income Trust, Inc.","RODIN GLOBAL PROPERTY TRUST, INC.",rodin global property trust,sec_former_name
0001666244,"Cantor Fitzgerald Income Trust, Inc.","RODIN GLOBAL ACCESS PROPERTY TRUST, INC.",rodin global access property trust,sec_former_name
0001674227,SCWORX CORP,"Alliance MMA, Inc.",alliance mma,sec_former_name
0001676238,BRAZE INC,"Appboy, Inc.",appboy,sec_former_name
0001681682,ENDRA LIFE SCIENCES INC,Endra Inc.,endra,sec_former_name
0001682149,DATAVAULT AI INC,"WISA TECHNOLOGIES, INC.",wisa technologies,sec_former_name
0001682149,DATAVAULT AI INC,"Summit Wireless Technologies, Inc.",summit wireless technologies,sec_former_name
0001682149,DATAVAULT AI INC,Summit Semiconductor Inc.,summit semiconductor,sec_former_name
0001690080,FORUM MARKETS INC,180 Life Sciences Corp.,180 life sciences,sec_current_name
0001690080,FORUM MARKETS INC,KBL MERGER CORP. IV,kbl merger corp iv,sec_former_name
0001697851,REKOR SYSTEMS INC,"Novume Solutions, Inc.",novume solutions,sec_former_name
0001709628,CLOUDASTRUCTURE INC,Connexed Technologies Inc.,connexed technologies,sec_former_name
0001716166,VIVOS THERAPEUTICS INC,"Vivos BioTechnologies, Inc.",vivos biotechnologies,sec_former_name
0001716621,CATHETER PRECISION INC,"Ra Medical Systems, Inc.",ra medical systems,sec_former_name
0001720286,INTERNET SCIENCES INC.,Luxury Trine Digital Media Group Inc.,luxury trine digital media,sec_former_name
0001720286,INTERNET SCIENCES INC.,Luxury Trine Digital Media Group,luxury trine digital media,sec_former_name
0001721741,LAZYDAYS HOLDINGS INC,"Lazydays Holdings, Inc.",lazydays holdings,sec_current_name
0001721741,LAZYDAYS HOLDINGS INC,Andina II Holdco Corp.,andina ii holdco,sec_former_name
0001726711,ADITXT INC,"Aditx Therapeutics, Inc.",aditx therapeutics,sec_former_name
0001726711,ADITXT INC,"ADiTx Therapeutics, Inc.",aditx therapeutics,sec_former_name
0001733443,"5&2 Studios, Inc.","Chosen, Inc.",chosen,sec_former_name
0001733443,"5&2 Studios, Inc.","Chosen, LLC",chosen,sec_former_name
0001750106,ALSET INC,Alset EHome International Inc.,alset ehome international,sec_former_name
0001750106,ALSET INC,HF Enterprises Inc.,hf enterprises,sec_former_name
0001755953,AMERICAN BITCOIN CORP,"Gryphon Digital Mining, Inc.",gryphon digital mining,sec_current_name
0001755953,AMERICAN BITCOIN CORP,Akerna Corp.,akerna,sec_former_name
0001755953,AMERICAN BITCOIN CORP,MTech Acquisition Holdings Inc.,mtech acquisition,sec_former_name
0001760233,GIFTIFY INC,"RDE, Inc.",rde,sec_former_name
0001760233,GIFTIFY INC,"uBid Holdings, Inc./New",ubid holdings incnew,sec_former_name
0001760233,GIFTIFY INC,"Incumaker, Inc.",incumaker,sec_former_name
0001760689,MICROVAST HOLDINGS INC,"Microvast Holdings, Inc.",microvast holdings,sec_current_name
0001760689,MICROVAST HOLDINGS INC,Tuscan Holdings Corp.,tuscan,sec_former_name
0001763925,COJAX OIL AND GAS CORP,CoJax Oil & Gas Corp,cojax oil gas,sec_current_name
0001772720,SPRUCE POWER HOLDG CORP,SPRUCE POWER HOLDING CORP,spruce power,sec_current_name
0001772720,SPRUCE POWER HOLDG CORP,XL Fleet Corp.,xl fleet,sec_former_name
0001772720,SPRUCE POWER HOLDG CORP,Pivotal Investment Corp II,pivotal investment corp ii,sec_former_name
0001777319,CISO GLOBAL INC,CERBERUS CYBER SENTINEL CORP,cerberus cyber sentinel,sec_former_name
0001785592,LEAFLY HOLDINGS INC,"Leafly Holdings, Inc. /DE",leafly holdings inc de,sec_current_name
0001785592,LEAFLY HOLDINGS INC,Merida Merger Corp. I,merida merger corp i,sec_former_name
0001786835,Star Mountain Lower Middle-Market Capital Corp,"Star Mountain Credit Opportunities Fund, LP",star mountain credit opportunities fund lp,sec_former_name
0001789192,NEXENTIS TECHNOLOGIES INC,"N2OFF, Inc.",n2off,sec_current_name
0001789192,NEXENTIS TECHNOLOGIES INC,"Save Foods, Inc.",save foods,sec_former_name
0001789192,NEXENTIS TECHNOLOGIES INC,Save Foods Inc.,save foods,sec_former_name
0001801417,BYNORDIC ACQN CORP - REDH,byNordic Acquisition Corp,bynordic acquisition,sec_current_name
0001805521,FARADAY FUTURE INTELLIGENT,FARADAY FUTURE INTELLIGENT ELECTRIC INC.,faraday future intelligent electric,sec_current_name
0001805521,FARADAY FUTURE INTELLIGENT,Property Solutions Acquisition Corp.,property solutions acquisition,sec_former_name
0001814114,ORCHESTRA BIOMED HOLDING INC,"Orchestra BioMed Holdings, Inc.",orchestra biomed holdings,sec_current_name
0001814114,ORCHESTRA BIOMED HOLDING INC,Health Sciences Acquisitions Corp 2,health sciences acquisitions corp 2,sec_former_name
0001817232,GLOBAL GAS CORP,Dune Acquisition Corp,dune acquisition,sec_former_name
0001817760,SMARTKEM INC,Parasol Investments Corp,parasol investments,sec_former_name
0001819438,ESS TECH INC,ACON S2 Acquisition Corp.,acon s2 acquisition,sec_former_name
0001819493,XOS INC,NextGen Acquisition Corp,nextgen acquisition,sec_former_name
0001826470,PETCO HEALTH AND WELLNESS CO,"Petco Health & Wellness Company, Inc.",petco health wellness company,sec_current_name
0001826470,PETCO HEALTH AND WELLNESS CO,PET Acquisition LLC,pet acquisition,sec_former_name
0001826470,PETCO HEALTH AND WELLNESS CO,Petco Acquisition LLC,petco acquisition,sec_former_name
0001833214,SAB BIOTHERAPEUTICS INC,Big Cypress Acquisition Corp.,big cypress acquisition,sec_former_name
0001833498,SPECTRAL AI INC,Rosecliff Acquisition Corp I,rosecliff acquisition corp i,sec_former_name
0001835268,CONNECT BIOPHARMA HOLDIG LTD,Connect Biopharma Holdings Ltd,connect biopharma,sec_current_name
0001836875,NUVVE HOLDING CORP,NB Merger Corp.,nb merger,sec_former_name
0001838163,BRAND ENGAGEMENT NETWORK INC,DHC Acquisition Corp.,dhc acquisition,sec_former_name
0001840780,LOCAL BOUNTI CORP,Local Bounti Corporation/DE,local bounti corporationde,sec_current_name
0001840780,LOCAL BOUNTI CORP,Leo Holdings III Corp.,leo holdings iii,sec_former_name
0001840877,ENVOY MEDICAL INC,Anzu Special Acquisition Corp I,anzu special acquisition corp i,sec_former_name
0001844505,QT IMAGING HOLDINGS INC,"QT IMAGING HOLDINGS, INC.",qt imaging holdings,sec_current_name
0001844505,QT IMAGING HOLDINGS INC,"GigCapital5, Inc.",gigcapital5,sec_former_name
0001844971,GREENIDGE GENERATIN HOLD INC,Greenidge Generation Holdings Inc.,greenidge generation,sec_current_name
0001845123,ALEANNA INC,Swiftmerge Acquisition Corp.,swiftmerge acquisition,sec_former_name
0001846510,SOHO HOUSE & CO INC,Membership Collective Group Inc.,membership collective,sec_former_name
0001847986,DRAGONFLY ENERGY HLDNGS CORP,Dragonfly Energy Holdings Corp.,dragonfly energy,sec_current_name
0001847986,DRAGONFLY ENERGY HLDNGS CORP,Chardan NexTech Acquisition 2 Corp.,chardan nextech acquisition 2,sec_former_name
0001848437,CARTICA ACQUISIT CORP -REDH,Cartica Acquisition Corp,cartica acquisition,sec_current_name
0001853070,"Volato Group, Inc.",PROOF Acquisition Corp I,proof acquisition corp i,sec_former_name
0001855485,CALIDI BIOTHERAPEUTICS INC,"First Light Acquisition Group, Inc.",first light acquisition group,sec_former_name
0001856725,RANI THERAPET HOLD INC,"Rani Therapeutics Holdings, Inc.",rani therapeutics holdings,sec_current_name
0001859807,PROFUSA INC,NorthView Acquisition Corp,northview acquisition,sec_current_name
0001860657,ALLARITY THERAPEUT INC,"Allarity Therapeutics, Inc.",allarity therapeutics,sec_current_name
0001868573,APX ACQUISITIO CORP I -REDH,APx Acquisition Corp. I,apx acquisition corp i,sec_current_name
0001879293,MAG MILE CAPITAL INC,"Myson, Inc.",myson,sec_former_name
0001892747,VALUENCE MERGER CORP I -REDH,Valuence Merger Corp. I,valuence merger corp i,sec_current_name
0001892747,VALUENCE MERGER CORP I -REDH,"VMCA Sponsor, LLC",vmca sponsor,sec_former_name
0001892747,VALUENCE MERGER CORP I -REDH,Valuence Merger Corp. I,valuence merger corp i,sec_former_name
0001912582,THUNDER POWER HOLDINGS INC,"Thunder Power Holdings, Inc.",thunder power holdings,sec_current_name
0001912582,THUNDER POWER HOLDINGS INC,Feutune Light Acquisition Corp,feutune light acquisition,sec_former_name
0001915328,ISRAEL ACQ CORP -REDH,Israel Acquisitions Corp,israel acquisitions,sec_current_name
0001920406,STRIVE INC,Asset Entities Inc.,asset entities,sec_current_name
0001939365,INSPIRE VETERINARY PRTNS INC,"INSPIRE VETERINARY PARTNERS, INC.",inspire veterinary partners,sec_current_name
0001959023,RENX ENTERPRISES CORP,Safe & Green Development Corp,safe green development,sec_current_name
0001970622,USA RARE EARTH INC,Inflection Point Acquisition Corp. II,inflection point acquisition corp ii,sec_former_name
0001970781,Benchmark 2023-V2 Mortgage Trust,FIVE 2023-V2 Mortgage Trust,five 2023v2 mortgage trust,sec_former_name
0001992243,T1 ENERGY INC,"FREYR Battery, Inc. /DE/",freyr battery inc de,sec_former_name
0002010788,EXOZYMES INC,Invizyne Technologies Inc,invizyne technologies,sec_former_name
0002014982,SIM ACQUISITION CORP I -REDH,SIM Acquisition Corp. I,sim acquisition corp i,sec_current_name
0002017206,MILLROSE PROPERTIES INC,"Millrose, Inc.",millrose,sec_former_name
0002020385,TAVIA ACQUISITION CORP -REDH,Tavia Acquisition Corp.,tavia acquisition,sec_current_name
0002028336,NEW ERA ENERGY & DIGITAL INC,NEW ERA HELIUM INC.,new era helium,sec_current_name
0002028336,NEW ERA ENERGY & DIGITAL INC,"Roth CH V Holdings, Inc.",roth ch v holdings,sec_former_name
0002028516,ARCHIMEDES T S A II CO -REDH,Archimedes Tech SPAC Partners II Co.,archimedes tech spac partners ii,sec_current_name
0002028614,DRUGS MD IN AMRC AC CR -REDH,Drugs Made In America Acquisition Corp.,drugs made in america acquisition,sec_current_name
0002030482,PLUM ACQUISITN CORP IV -REDH,"Plum Acquisition Corp, IV",plum acquisition corp iv,sec_current_name
0000278165,OMNIQ CORP,"Quest Solution, Inc.",quest solution,sec_former_name
0000278165,OMNIQ CORP,"AMERIGO ENERGY, INC.",amerigo energy,sec_former_name
0000278165,OMNIQ CORP,"STRATEGIC GAMING INVESTMENTS, INC.",strategic gaming investments,sec_former_name
0000034285,RELIABILITY INC,FAIRLANE INDUSTRIES INC,fairlane industries,sec_former_name
0000064463,SOLUNA HOLDINGS INC,"Soluna Holdings, Inc",soluna holdings,sec_current_name
0000064463,SOLUNA HOLDINGS INC,MECHANICAL TECHNOLOGY INC,mechanical technology,sec_former_name
0000749660,ICAD INC,HOWTEK INC,howtek,sec_former_name
0000802257,MITESCO INC,"True Nature Holding, Inc.",true nature holding,sec_former_name
0000802257,MITESCO INC,"Trunity Holdings, Inc.",trunity holdings,sec_former_name
0000802257,MITESCO INC,BRAIN TREE INTERNATIONAL INC,brain tree international,sec_former_name
0000826154,ORRSTOWN FINANCIAL SVCS INC,ORRSTOWN FINANCIAL SERVICES INC,orrstown financial services,sec_current_name
0000083350,RESERVE PETROLEUM CO,FARMERS ROYALTY HOLDING CO,farmers royalty,sec_former_name
0000008504,AGEAGLE AERIAL SYSTEMS,"EnerJex Resources, Inc.",enerjex resources,sec_former_name
0000008504,AGEAGLE AERIAL SYSTEMS,MILLENNIUM PLASTICS CORP,millennium plastics,sec_former_name
0000008504,AGEAGLE AERIAL SYSTEMS,AURORA CORP,aurora,sec_former_name
0000861441,LOCORR FUTURES PORTFOLIO FUND L.P.,FUTURES PORTFOLIO FUND L.P.,futures portfolio fund lp,sec_former_name
0000861441,LOCORR FUTURES PORTFOLIO FUND L.P.,FUTURES PORTFOLIO FUND LP,futures portfolio fund lp,sec_former_name
0000880242,BIOLARGO INC,NUWAY MEDICAL INC,nuway medical,sec_former_name
0000880242,BIOLARGO INC,NUWAY ENERGY INC,nuway energy,sec_former_name
0000880242,BIOLARGO INC,LATIN AMERICAN CASINOS INC,latin american casinos,sec_former_name
0000894556,CITROTECH INC,"General Enterprise Ventures, Inc.",general enterprise ventures,sec_current_name
0000894556,CITROTECH INC,"GENERAL ENTERTAINMENT VENTURES, INC",general entertainment ventures,sec_former_name
0000894556,CITROTECH INC,"GENERAL ENVIRONMENTAL VENTURES, INC",general environmental ventures,sec_former_name
0000894556,CITROTECH INC,"GENERAL ENVIRONMENTAL MANAGEMENT, INC",general environmental management,sec_former_name
0000919864,FINWARD BANCORP,NORTHWEST INDIANA BANCORP,northwest indiana bancorp,sec_former_name
0000924515,GUIDED THERAPEUTICS INC,SPECTRX INC,spectrx,sec_former_name
0000093314,VOLITIONRX LTD,STANDARD CAPITAL CORP,standard capital,sec_former_name
0001023994,OLENOX INDUSTRIES INC,SAFE & GREEN HOLDINGS CORP.,safe green,sec_current_name
0001023994,OLENOX INDUSTRIES INC,"SG BLOCKS, INC.",sg blocks,sec_former_name
0001023994,OLENOX INDUSTRIES INC,CDSI HOLDINGS INC,cdsi,sec_former_name
0001023994,OLENOX INDUSTRIES INC,PC411 INC,pc411,sec_former_name
0001416090,BLUSKY AI INC,INCEPTION MINING INC.,inception mining,sec_former_name
0001416090,BLUSKY AI INC,GOLD AMERICAN MINING CORP.,gold american mining,sec_former_name
0001416090,BLUSKY AI INC,"SILVER AMERICA, INC.",silver america,sec_former_name
0001604191,GRIDAI TECHNOLOGIES CORP,"Entero Therapeutics, Inc.",entero therapeutics,sec_current_name
0001604191,GRIDAI TECHNOLOGIES CORP,"First Wave BioPharma, Inc.",first wave biopharma,sec_former_name
0001604191,GRIDAI TECHNOLOGIES CORP,"AzurRx BioPharma, Inc.",azurrx biopharma,sec_former_name
0001604191,GRIDAI TECHNOLOGIES CORP,"BioPharma d'Azur, Inc.",biopharma dazur,sec_former_name
0001630176,HEALTHY EXTRACTS INC,HEALTHLY EXTRACTS INC.,healthly extracts,sec_former_name
0001630176,HEALTHY EXTRACTS INC,GREY CLOAK TECH INC.,grey cloak tech,sec_former_name
0001795815,CALIFORNIA BANCRP,California BanCorp \ CA,california bancorp ca,sec_current_name
0001795815,CALIFORNIA BANCRP,Southern California Bancorp \ CA,southern california bancorp ca,sec_former_name
0001823466,FISCALNOTE HOLDINGS INC,"FiscalNote Holdings, Inc.",fiscalnote holdings,sec_current_name
0001823466,FISCALNOTE HOLDINGS INC,Duddell Street Acquisition Corp.,duddell street acquisition,sec_former_name
0001828536,ENERGY VAULT HOLDINGS INC,"Energy Vault Holdings, Inc.",energy vault holdings,sec_current_name
0001828536,ENERGY VAULT HOLDINGS INC,Novus Capital Corp II,novus capital corp ii,sec_former_name
0001902733,NCINO INC,"Penny HoldCo, Inc.",penny holdco,sec_former_name
0001969475,BAYVIEW ACQUISITION CP -REDH,Bayview Acquisition Corp,bayview acquisition,sec_current_name
0000078239,PVH CORP,PVH CORP. /DE/,pvh corp de,sec_current_name
0000078239,PVH CORP,PHILLIPS VAN HEUSEN CORP /DE/,phillips van heusen corp de,sec_former_name
0000793306,BLUE DOLPHIN ENERGY CO,MUSTANG RESOURCES CORP,mustang resources,sec_former_name
0000793306,BLUE DOLPHIN ENERGY CO,ZIM ENERGY CORP,zim energy,sec_former_name
0000868278,PROPHASE LABS INC,QUIGLEY CORP,quigley,sec_former_name
0001070235,BLACKBERRY LTD,RESEARCH IN MOTION LTD,research in motion,sec_former_name
0001089815,ELITE HEALTH SYSTEMS INC,"U.S. NeuroSurgical Holdings, Inc.",us neurosurgical holdings,sec_former_name
0001089815,ELITE HEALTH SYSTEMS INC,US NEUROSURGICAL INC,us neurosurgical,sec_former_name
0000109198,TJX COS INC (THE),TJX COMPANIES INC /DE/,tjx companies inc de,sec_current_name
0000109198,TJX COS INC (THE),ZAYRE CORP,zayre,sec_former_name
0001132105,SPORTSMANS WAREHOUSE HLDGS,"SPORTSMAN'S WAREHOUSE HOLDINGS, INC.",sportsmans warehouse holdings,sec_current_name
0001132105,SPORTSMANS WAREHOUSE HLDGS,"SPORTSMAN'S WAREHOUSE HOLDINGS, INC",sportsmans warehouse holdings,sec_former_name
0001132105,SPORTSMANS WAREHOUSE HLDGS,SPORTSMANS WAREHOUSE HOLDINGS INC,sportsmans warehouse,sec_former_name
0001174891,CALETHOS INC,"RealSource Residential, Inc",realsource residential,sec_former_name
0001174891,CALETHOS INC,UPSTREAM BIOSCIENCES INC.,upstream biosciences,sec_former_name
0001174891,CALETHOS INC,FORCE ENERGY CORP.,force energy,sec_former_name
0001737193,LUDUSON G INC,"Baja Custom Design, Inc.",baja custom design,sec_former_name
0001859199,REALPHA TECH CORP,ReAlpha Asset Management Inc,realpha asset management,sec_former_name
0001860871,TEVOGEN BIO HOLDINGS INC,Semper Paratus Acquisition Corp,semper paratus acquisition,sec_former_name
0001913577,SEMNUR PHARMACEUTICALS INC,Denali Capital Acquisition Corp.,denali capital acquisition,sec_current_name
0001829311,BITMINE IMMERSION TECH INC,"BITMINE IMMERSION TECHNOLOGIES, INC.",bitmine immersion technologies,sec_current_name
0001829311,BITMINE IMMERSION TECH INC,"Sandy Springs Holdings, Inc.",sandy springs holdings,sec_former_name
0001015155,CHARLES & COLVARD LTD,C3 INC /NC/,c3 inc nc,sec_former_name
0001852019,IX ACQUISITION CORP -REDH,IX Acquisition Corp.,ix acquisition,sec_current_name
0001901336,ALCHEMY INVES ACQ CP 1 -REDH,Alchemy Investments Acquisition Corp 1,alchemy investments acquisition corp 1,sec_current_name
0001901336,ALCHEMY INVES ACQ CP 1 -REDH,VAM Acquisition Corp.,vam acquisition,sec_former_name
0000803578,FIREFLY NEUROSCIENCE INC,"WAVEDANCER, INC.",wavedancer,sec_former_name
0000803578,FIREFLY NEUROSCIENCE INC,INFORMATION ANALYSIS INC,information analysis,sec_former_name
0001427570,VYOME HOLDINGS INC,ReShape Lifesciences Inc.,reshape lifesciences,sec_current_name
0001427570,VYOME HOLDINGS INC,OBALON THERAPEUTICS INC,obalon therapeutics,sec_former_name
0001505952,DOMO INC,"LIGHTSTORM, INC.",lightstorm,sec_former_name
0001505952,DOMO INC,"SHACHO, INC.",shacho,sec_former_name
0001600347,Hapi Metaverse Inc.,GigWorld Inc.,gigworld,sec_former_name
0001600347,Hapi Metaverse Inc.,HotApp Blockchain Inc.,hotapp blockchain,sec_former_name
0001600347,Hapi Metaverse Inc.,"HotApp Blockchain, Inc.",hotapp blockchain,sec_former_name
0001839133,IR-MED INC,"International Display Advertising, Inc.",international display advertising,sec_former_name
0001530425,ARTISAN CONSUMER GOODS INC,"Lash, Inc.",lash,sec_former_name
0001530425,ARTISAN CONSUMER GOODS INC,Cassidy Ventures Inc.,cassidy ventures,sec_former_name
0001084267,MOBIQUITY TECHNOLOGIES INC,ACE MARKETING & PROMOTIONS INC,ace marketing promotions,sec_former_name
0001420565,REIN THERAPEUTICS INC,"Aileron Therapeutics, Inc.",aileron therapeutics,sec_former_name
0001420565,REIN THERAPEUTICS INC,AILERON THERAPEUTICS INC,aileron therapeutics,sec_former_name
0001447380,MOBIVITY HOLDINGS CORP,COMMERCETEL CORP,commercetel,sec_former_name
0001447380,MOBIVITY HOLDINGS CORP,ARES VENTURES CORP.,ares ventures,sec_former_name
0001820875,CXAPP INC,"KINS Technology Group, Inc.",kins technology group,sec_former_name
0001826397,AVAX ONE TECHNOLOGY LTD,AGRIFORCE GROWING SYSTEMS LTD.,agriforce growing systems,sec_current_name
0000846377,TOTALIGENT INC,"ALLTEMP, INC.",alltemp,sec_former_name
0000846377,TOTALIGENT INC,"SOURCE FINANCIAL, INC.",source financial,sec_former_name
0000846377,TOTALIGENT INC,"WIKI GROUP, INC.",wiki group,sec_former_name
0000912544,NOVELSTEM INTERNATIONAL CORP,HOLLYWOOD MEDIA CORP,hollywood media,sec_former_name
0000912544,NOVELSTEM INTERNATIONAL CORP,HOLLYWOOD COM INC,hollywood com,sec_former_name
0001520358,MAMA'S CREATIONS INC,"MamaMancini's Holdings, Inc.",mamamancinis holdings,sec_former_name
0001520358,MAMA'S CREATIONS INC,"MASCOT PROPERTIES, INC.",mascot properties,sec_former_name
0001869974,OCEAN BIOMEDICAL INC,"Ocean Biomedical, Inc./DE",ocean biomedical incde,sec_former_name
0001869974,OCEAN BIOMEDICAL INC,Aesther Healthcare Acquisition Corp.,aesther healthcare acquisition,sec_former_name
0001673481,SPORTS ENTERTMT GMG GBL CORP,Lottery.com Inc.,lotterycom,sec_current_name
0001673481,SPORTS ENTERTMT GMG GBL CORP,Trident Acquisitions Corp.,trident acquisitions,sec_former_name
0001597846,GREENPRO CAPITAL CORP,"Greenpro, Inc.",greenpro,sec_former_name
0001635077,ACLARION INC,"Nocimed, Inc.",nocimed,sec_former_name
0001734750,CORVEX INC,Movano Inc.,movano,sec_current_name
0001734750,CORVEX INC,Maestro Sensors Inc.,maestro sensors,sec_former_name
0001889450,FUTURETECH II ACQ CORP -REDH,FutureTech II Acquisition Corp.,futuretech ii acquisition,sec_current_name
0001889450,FUTURETECH II ACQ CORP -REDH,Future Tech II Acquisition Corp.,future tech ii acquisition,sec_former_name
0001919182,UNIVERSAL TOKEN INC,"Eco Bright Future, Inc.",eco bright future,sec_current_name
0001081938,CANNAPHARMARX INC,GOLDEN DRAGON HOLDING CO.,golden dragon,sec_former_name
0001081938,CANNAPHARMARX INC,"CCVG, INC.",ccvg,sec_former_name
0001081938,CANNAPHARMARX INC,"CONCORD VENTURES, INC.",concord ventures,sec_former_name
0001467761,FIEE INC,"MINIM, INC.",minim,sec_former_name
0001467761,FIEE INC,"Zoom Telephonics, Inc.",zoom telephonics,sec_former_name
0001701758,LOVESAC CO (THE),Lovesac Co,lovesac,sec_current_name
0001854963,SHF HOLDINGS INC,"SHF Holdings, Inc.",shf holdings,sec_current_name
0001854963,SHF HOLDINGS INC,Northern Lights Acquisition Corp.,northern lights acquisition,sec_former_name
0002040127,KARMAN HOLDINGS INC,TCFIII SPACECO HOLDINGS LLC,tcfiii spaceco,sec_former_name
0000878932,EQUUS TOTAL RETURN INC,EQUUS II INC,equus ii,sec_former_name
0001375205,UR ENERGY INC,UR-ENERGY INC,urenergy,sec_current_name
0001398805,BEAM GLOBAL,"Envision Solar International, Inc.",envision solar international,sec_former_name
0001398805,BEAM GLOBAL,"Casita Enterprises, Inc.",casita enterprises,sec_former_name
0001580490,I-ON Digital Corp.,I-ON Communications Corp.,ion communications,sec_former_name
0001580490,I-ON Digital Corp.,Evans Brewing Co Inc.,evans brewing,sec_former_name
0001580490,I-ON Digital Corp.,"Evans Brewing Company, Inc.",evans brewing company,sec_former_name
0001613780,DBV TECHNOLOGIES S A,DBV Technologies S.A.,dbv technologies sa,sec_current_name
0001763329,AIBOTICS INC,"Mycotopia Therapies, Inc.",mycotopia therapies,sec_former_name
0001763329,AIBOTICS INC,"20/20 Global, Inc.",2020 global,sec_former_name
0001875493,CSLM ACQUISITION CORP.,"Consilium Acquisition Corp I, Ltd.",consilium acquisition corp i,sec_former_name
0000912463,GUESS INC,GUESS INC ET AL/CA/,guess inc et alca,sec_former_name
0001136174,ONTRAK INC,"CATASYS, INC.",catasys,sec_former_name
0001136174,ONTRAK INC,"HYTHIAM, INC.",hythiam,sec_former_name
0001136174,ONTRAK INC,HYTHIAM INC,hythiam,sec_former_name
0001481443,"TechCom, Inc.",RMD Entertainment Group,rmd entertainment,sec_former_name
0001494413,TWO HANDS CORP,Innovative Product Opportunities Inc.,innovative product opportunities,sec_former_name
0001687542,FREIGHT TECHNOLOGIES INC,Hudson Capital Inc.,hudson capital,sec_former_name
0001687542,FREIGHT TECHNOLOGIES INC,"China Internet Nationwide Financial Services, Inc.",china internet nationwide financial services,sec_former_name
0001741489,ELVICTOR GROUP INC,"Elvictor Group, Inc.",elvictor group,sec_current_name
0001741489,ELVICTOR GROUP INC,"Thenablers, Inc.",thenablers,sec_former_name
0001771995,AMERICAN PICTURE HOUSE CORP,Life Design Station International Inc,life design station international,sec_former_name
0001774675,SKILLSOFT CORP,Churchill Capital Corp II,churchill capital corp ii,sec_former_name
0001774675,SKILLSOFT CORP,Hornblower Acquisition Corp,hornblower acquisition,sec_former_name
0001862935,CURRENC GROUP INC,InFinT Acquisition Corp,infint acquisition,sec_former_name
0002001557,INNVENTURE INC,"Learn SPAC HoldCo, Inc.",learn spac holdco,sec_former_name
0000314227,TOMI ENVIRONMENTAL SOLUTINS,"TOMI Environmental Solutions, Inc.",tomi environmental solutions,sec_current_name
0000314227,TOMI ENVIRONMENTAL SOLUTINS,"Ozone Man, Inc.",ozone man,sec_former_name
0000314227,TOMI ENVIRONMENTAL SOLUTINS,RPS GROUP INC,rps,sec_former_name
0000314227,TOMI ENVIRONMENTAL SOLUTINS,DAUPHIN INC,dauphin,sec_former_name
0000822370,EMMAUS LIFE SCIENCES INC,"MYnd Analytics, Inc.",mynd analytics,sec_former_name
0000822370,EMMAUS LIFE SCIENCES INC,"CNS RESPONSE, INC.",cns response,sec_former_name
0000822370,EMMAUS LIFE SCIENCES INC,"STRATIVATION, INC.",strativation,sec_former_name
0000866439,DARKPULSE INC,KLEVER MARKETING INC,klever marketing,sec_former_name
0000866439,DARKPULSE INC,VIDEOCART INC,videocart,sec_former_name
0001034760,WIDEPOINT CORP,ZMAX CORP,zmax,sec_former_name
0001042187,YUNHONG GREEN CTI LTD,Yunhong CTI Ltd.,yunhong cti,sec_former_name
0001042187,YUNHONG GREEN CTI LTD,CTI INDUSTRIES CORP,cti industries,sec_former_name
0001064722,GIVEMEPOWER CORP,TELNET WORLD COMMUNICATIONS INC,telnet world communications,sec_former_name
0001066923,FUTURE FINTECH GROUP INC,"SkyPeople Fruit Juice, Inc",skypeople fruit juice,sec_former_name
0001066923,FUTURE FINTECH GROUP INC,ENTECH ENVIRONMENTAL TECHNOLOGIES INC,entech environmental technologies,sec_former_name
0001066923,FUTURE FINTECH GROUP INC,CYBER PUBLIC RELATIONS INC,cyber public relations,sec_former_name
0001101433,QUOTEMEDIA INC,QUOTEMEDIA COM INC,quotemedia com,sec_former_name
0001132509,NEW MOMENTUM CORP,"Eason Education Kingdom Holdings, Inc.",eason education kingdom holdings,sec_former_name
0001132509,NEW MOMENTUM CORP,HAN LOGISTICS INC,han logistics,sec_former_name
0000012239,DOMINARI HOLDINGS INC,AIkido Pharma Inc.,aikido pharma,sec_former_name
0000012239,DOMINARI HOLDINGS INC,Aikido Pharma Inc.,aikido pharma,sec_former_name
0000012239,DOMINARI HOLDINGS INC,SPHERIX INC,spherix,sec_former_name
0001314196,OLB GROUP INC (THE),"OLB GROUP, INC.",olb group,sec_current_name
0001320760,TSS INC,"Fortress International Group, Inc.",fortress international group,sec_former_name
0001352952,CFN ENTERPRISES INC,Accelerize Inc.,accelerize,sec_former_name
0001352952,CFN ENTERPRISES INC,ACCELERIZE NEW MEDIA INC,accelerize new media,sec_former_name
0001376321,ZW DATA ACTION TECHNOLGY INC,ZW Data Action Technologies Inc.,zw data action technologies,sec_current_name
0001376321,ZW DATA ACTION TECHNOLGY INC,"ChinaNet Online Holdings, Inc.",chinanet online holdings,sec_former_name
0001376321,ZW DATA ACTION TECHNOLGY INC,"EMAZING INTERACTIVE, INC.",emazing interactive,sec_former_name
0001391426,EMERGENCY PEST SERVICES -OLD,Clean Vision Corp,clean vision,sec_current_name
0001391426,EMERGENCY PEST SERVICES -OLD,"Byzen Digital, Inc.",byzen digital,sec_former_name
0001391426,EMERGENCY PEST SERVICES -OLD,"CHINA VITUP HEALTH CARE HOLDINGS, INC.",china vitup health care holdings,sec_former_name
0001397183,IVEDA SOLUTIONS INC,Iveda Corp,iveda,sec_former_name
0001397183,IVEDA SOLUTIONS INC,Charmed Homes Inc.,charmed homes,sec_former_name
0001425627,SOBR SAFE INC,"TransBiotec, Inc.",transbiotec,sec_former_name
0001425627,SOBR SAFE INC,IMAGINE MEDIA LTD,imagine media,sec_former_name
0001449792,PIONEER POWER SOLUTIONS INC,"SIERRA CONCEPTS, INC.",sierra concepts,sec_former_name
0001449792,PIONEER POWER SOLUTIONS INC,SIERRA CONCEPTS,sierra concepts,sec_former_name
0001459188,CHARGING ROBOTICS INC,"FUEL DOCTOR HOLDINGS, INC.",fuel doctor holdings,sec_former_name
0001459188,CHARGING ROBOTICS INC,Silverhill Management Services Inc,silverhill management services,sec_former_name
0001463208,TRANSPORTATION & LOG SYS INC,"Transportation & Logistics Systems, Inc.",transportation logistics systems,sec_current_name
0001463208,TRANSPORTATION & LOG SYS INC,PETROTERRA CORP.,petroterra,sec_former_name
0001463208,TRANSPORTATION & LOG SYS INC,LORAN CONNECTION CORP,loran connection,sec_former_name
0001474167,COSMOS HEALTH INC,Cosmos Holdings Inc.,cosmos,sec_former_name
0001474167,COSMOS HEALTH INC,PRIME ESTATES & DEVELOPMENTS INC,prime estates developments,sec_former_name
0001497230,FYNTECHNICAL INNOVATIONS INC,"SMC Entertainment, Inc.",smc entertainment,sec_current_name
0001497230,FYNTECHNICAL INNOVATIONS INC,SMC Recordings Inc.,smc recordings,sec_former_name
0001499275,GROOVY COMPANY INC,SANTO MINING CORP.,santo mining,sec_current_name
0001499275,GROOVY COMPANY INC,Santo Mining Corp.,santo mining,sec_former_name
0001499275,GROOVY COMPANY INC,Santo Pita Corp,santo pita,sec_former_name
0001501756,ADVERUM BIOTECHNOLOGIES,"Avalanche Biotechnologies, Inc.",avalanche biotechnologies,sec_former_name
0001509223,MOATABLE INC,Renren Inc.,renren,sec_former_name
0001529113,XTI AEROSPACE INC,INPIXON,inpixon,sec_former_name
0001529113,XTI AEROSPACE INC,Sysorex Global,sysorex global,sec_former_name
0001529113,XTI AEROSPACE INC,Sysorex Global Holdings Corp.,sysorex global,sec_former_name
0001530766,STREAMEX CORP,"BioSig Technologies, Inc.",biosig technologies,sec_current_name
0001534708,BEELINE HOLDINGS INC,"Beeline Holdings, Inc.",beeline holdings,sec_current_name
0001534708,BEELINE HOLDINGS INC,"Eastside Distilling, Inc.",eastside distilling,sec_former_name
0001534708,BEELINE HOLDINGS INC,Eurocan Holdings Ltd.,eurocan,sec_former_name
0001575142,"BIOADAPTIVES, INC.",APEX 8 Inc.,apex 8,sec_former_name
0001582554,MATINAS BIOPHARMA HLDGS INC,"Matinas BioPharma Holdings, Inc.",matinas biopharma holdings,sec_current_name
0001589149,GREENWAVE TECHNOLOGY SOL INC,"Greenwave Technology Solutions, Inc.",greenwave technology solutions,sec_current_name
0001589149,GREENWAVE TECHNOLOGY SOL INC,"MassRoots, Inc.",massroots,sec_former_name
0001593184,BIOREGENX INC,"FINDIT, INC.",findit,sec_former_name
0001593184,BIOREGENX INC,"ARTEMIS ENERGY HOLDINGS, INC.",artemis energy holdings,sec_former_name
0001609988,FLOOIDCX CORP,Gripevine Inc.,gripevine,sec_former_name
0001609988,FLOOIDCX CORP,"Baixo Relocation Services, Inc.",baixo relocation services,sec_former_name
0001621906,WESTERN URANM & VNDM CORP,Western Uranium & Vanadium Corp.,western uranium vanadium,sec_current_name
0001621906,WESTERN URANM & VNDM CORP,Western Uranium Corp,western uranium,sec_former_name
0001621906,WESTERN URANM & VNDM CORP,HOMELAND URANIUM INC.,homeland uranium,sec_former_name
0001624517,Yuenglings Ice Cream Corp,Yeunglings Ice Cream Corp,yeunglings ice cream,sec_former_name
0001624517,Yuenglings Ice Cream Corp,"Aureus, Inc.",aureus,sec_former_name
0001624517,Yuenglings Ice Cream Corp,Aureus Inc,aureus,sec_former_name
0001676163,SS INNOVATIONS INTERNATI INC,"SS Innovations International, Inc.",ss innovations international,sec_current_name
0001676163,SS INNOVATIONS INTERNATI INC,"AVRA Medical Robotics, Inc.",avra medical robotics,sec_former_name
0001682265,Onar Holding Corp,"Reliant Holdings, Inc.",reliant holdings,sec_former_name
0001706509,GRAND GALLERY INC,Cosmos Group Holdings Inc.,cosmos,sec_current_name
0001726079,LUCENT INC,"Tipmefast, Inc.",tipmefast,sec_former_name
0001737523,BIONEXUS GENE LAB CORP,BioNexus Gene Lab Coporation,bionexus gene lab coporation,sec_former_name
0001740742,Unicoin Inc.,"TransparentBusiness, Inc.",transparentbusiness,sec_former_name
0001788841,MICROMOBILITY.COM INC,"Helbiz, Inc.",helbiz,sec_former_name
0001788841,MICROMOBILITY.COM INC,GreenVision Acquisition Corp.,greenvision acquisition,sec_former_name
0001812360,FOXO TECHNOLOGIES INC,Delwinds Insurance Acquisition Corp.,delwinds insurance acquisition,sec_former_name
0001826011,BANZAI INTERNATIONAL INC,7GC & Co. Holdings Inc.,7gc co,sec_former_name
0001826667,TRISALUS LIFE SCIENCES INC,MedTech Acquisition Corp,medtech acquisition,sec_former_name
0001840317,VEEA INC,Plum Acquisition Corp. I,plum acquisition corp i,sec_former_name
0001843724,LANZATECH GLOBAL INC,AMCI Acquisition Corp. II,amci acquisition corp ii,sec_former_name
0001849380,ONEMEDNET CORP,Data Knights Acquisition Corp.,data knights acquisition,sec_former_name
0001849820,NAUTICUS ROBOTICS INC,cleantech Acquisition Corp.,cleantech acquisition,sec_former_name
0001852973,BOREALIS FOODS INC,Oxus Acquisition Corp.,oxus acquisition,sec_former_name
0001857086,TRUGOLF HOLDINGS INC,"TruGolf Holdings, Inc.",trugolf holdings,sec_current_name
0001857086,TRUGOLF HOLDINGS INC,Deep Medicine Acquisition Corp.,deep medicine acquisition,sec_former_name
0001862463,ALPHA MODUS HOLDINGS INC,"ALPHA MODUS HOLDINGS, INC.",alpha modus holdings,sec_current_name
0001862463,ALPHA MODUS HOLDINGS INC,"Alpha Modus Holdings, Inc.",alpha modus holdings,sec_former_name
0001862463,ALPHA MODUS HOLDINGS INC,Insight Acquisition Corp. /DE,insight acquisition corp de,sec_former_name
0001865120,BROAD CAPITAL ACQ CORP -REDH,Broad Capital Acquisition Corp,broad capital acquisition,sec_current_name
0001870404,CERO THERAPEUTICS HLDGS INC,"CERO THERAPEUTICS HOLDINGS, INC.",cero therapeutics holdings,sec_current_name
0001870404,CERO THERAPEUTICS HLDGS INC,PHOENIX BIOTECH ACQUISITION CORP.,phoenix biotech acquisition,sec_former_name
0001871638,BLAIZE HOLDINGS INC,"Blaize Holdings, Inc.",blaize holdings,sec_current_name
0001871638,BLAIZE HOLDINGS INC,BurTech Acquisition Corp.,burtech acquisition,sec_former_name
0001883835,ESG INC,PLASMA INNOVATIVE INC.,plasma innovative,sec_former_name
0001889106,ALPHATIME ACQN CORP -REDH,ALPHATIME ACQUISITION CORP,alphatime acquisition,sec_current_name
0001892492,EIGHTCO HOLDINGS INC,"Cryptyde, Inc.",cryptyde,sec_former_name
0001893219,ABPRO HOLDINGS INC,"Abpro Holdings, Inc.",abpro holdings,sec_current_name
0001893219,ABPRO HOLDINGS INC,Atlantic Coastal Acquisition Corp. II,atlantic coastal acquisition corp ii,sec_former_name
0001894057,PAPAYA GROWTH OP COR I -REDH,Papaya Growth Opportunity Corp. I,papaya growth opportunity corp i,sec_current_name
0001894525,APIMEDS PHARMACEUTICA US INC,"Apimeds Pharmaceuticals US, Inc.",apimeds pharmaceuticals us,sec_current_name
0001900520,"Lomond Therapeutics Holdings, Inc.",Venetian-1 Acquisition Corp.,venetian1 acquisition,sec_former_name
0002028355,INFLECTION ACQN CORP V -REDH,Maywood Acquisition Corp.,maywood acquisition,sec_current_name
0000022701,SUNATION ENERGY INC,Pineapple Energy Inc.,pineapple energy,sec_former_name
0000022701,SUNATION ENERGY INC,"Pineapple Holdings, Inc.",pineapple holdings,sec_former_name
0000022701,SUNATION ENERGY INC,COMMUNICATIONS SYSTEMS INC,communications systems,sec_former_name
0000836564,MOSAIC IMMUNOENGINEERING INC,PATRIOT SCIENTIFIC CORP,patriot scientific,sec_former_name
0000836564,MOSAIC IMMUNOENGINEERING INC,PATRIOT FINANCIAL CORP,patriot financial,sec_former_name
0000845819,KONATEL INC,DALA PETROLEUM CORP.,dala petroleum,sec_former_name
0000845819,KONATEL INC,WESTCOTT PRODUCTS CORP,westcott products,sec_former_name
0000855683,MILESTONE SCIENTIFIC INC,MILESTONE SCIENTIFIC INC/NJ,milestone scientific incnj,sec_former_name
0000855683,MILESTONE SCIENTIFIC INC,U S OPPORTUNITY SEARCH INC,u s opportunity search,sec_former_name
0000894871,ARENA GROUP HLDNGS INC (THE),"Arena Group Holdings, Inc.",arena group holdings,sec_current_name
0000894871,ARENA GROUP HLDNGS INC (THE),"theMaven, Inc.",themaven,sec_former_name
0000894871,ARENA GROUP HLDNGS INC (THE),"THEMAVEN, INC.",themaven,sec_former_name
0000894871,ARENA GROUP HLDNGS INC (THE),INTEGRATED SURGICAL SYSTEMS INC,integrated surgical systems,sec_former_name
0000896493,HYPERSCALE DATA INC,"Ault Alliance, Inc.",ault alliance,sec_former_name
0000896493,HYPERSCALE DATA INC,"BitNile Holdings, Inc.",bitnile holdings,sec_former_name
0000896493,HYPERSCALE DATA INC,"Ault Global Holdings, Inc.",ault global holdings,sec_former_name
0000908259,ONCOTELIC THERAPEUTICS INC,MATEON THERAPEUTICS INC,mateon therapeutics,sec_former_name
0000908259,ONCOTELIC THERAPEUTICS INC,OXIGENE INC,oxigene,sec_former_name
0000923601,ALGORHYTHM HOLDINGS INC,"Algorhythm Holdings, Inc.",algorhythm holdings,sec_current_name
0000923601,ALGORHYTHM HOLDINGS INC,SINGING MACHINE CO INC,singing machine,sec_former_name
0000943535,WORLD HEALTH ENERGY HOLDINGS,"WORLD HEALTH ENERGY HOLDINGS, INC.",world health energy holdings,sec_current_name
0000943535,WORLD HEALTH ENERGY HOLDINGS,ADVANCED PLANT PHARMACEUTICALS INC,advanced plant pharmaceuticals,sec_former_name
0000946486,WINDTREE THERAPEUTICS INC,WINDTREE THERAPEUTICS INC /DE/,windtree therapeutics inc de,sec_current_name
0000946486,WINDTREE THERAPEUTICS INC,DISCOVERY LABORATORIES INC /DE/,discovery laboratories inc de,sec_former_name
0000946486,WINDTREE THERAPEUTICS INC,ANSAN PHARMACEUTICALS INC,ansan pharmaceuticals,sec_former_name
0000946486,WINDTREE THERAPEUTICS INC,ANSAN INC,ansan,sec_former_name
0001084475,VIDEO RIVER NETWORKS INC,NIGHTHAWK SYSTEMS INC,nighthawk systems,sec_former_name
0001084475,VIDEO RIVER NETWORKS INC,PEREGRINE INC,peregrine,sec_former_name
0001084475,VIDEO RIVER NETWORKS INC,LSI COMMUNICATIONS INC,lsi communications,sec_former_name
0001358633,SENTIENT BRANDS HOLDINGS INC,"Intelligent Buying, Inc.",intelligent buying,sec_former_name
0001375793,METALERT INC,GTX CORP,gtx,sec_former_name
0001375793,METALERT INC,DEEAS RESOURCES INC.,deeas resources,sec_former_name
0001689084,QRONS INC,BIOLABMART INC.,biolabmart,sec_former_name
0001802450,MSP RECOVERY INC,Lionheart Acquisition Corp. II,lionheart acquisition corp ii,sec_former_name
0001802450,MSP RECOVERY INC,Lionheart Acquisition Corp.,lionheart acquisition,sec_former_name
0001817511,SOCIETY PASS INC,SOCIETY PASS INCORPORATED.,society pass incorporated,sec_current_name
0001825452,ONFOLIO HOLDINGS INC,"Onfolio Holdings, Inc",onfolio holdings,sec_current_name
0001825452,ONFOLIO HOLDINGS INC,"Onfolio Holdings, Inc.",onfolio holdings,sec_former_name
0001852889,INVESTCORP AI ACQ CORP -REDH,Investcorp AI Acquisition Corp.,investcorp ai acquisition,sec_current_name
0001852889,INVESTCORP AI ACQ CORP -REDH,Investcorp India Acquisition Corp,investcorp india acquisition,sec_former_name
0001852889,INVESTCORP AI ACQ CORP -REDH,Investcorp Acquisition Corp.,investcorp acquisition,sec_former_name
0001947861,NATURE'S MIRACLE HOLDING INC,LBBB Merger Corp.,lbbb merger,sec_former_name
0002028293,RAIN ENHANCEMENT TECHNOL INC,"Rain Enhancement Technologies Holdco, Inc.",rain enhancement technologies holdco,sec_current_name
0000072573,MOVADO GROUP INC,NORTH AMERICAN WATCH CORP,north american watch,sec_former_name
0001263364,IDAHO COPPER CORP,Joway Health Industries Group Inc,joway health industries,sec_former_name
0001263364,IDAHO COPPER CORP,G2 VENTURES INC,g2 ventures,sec_former_name
0001113809,BUILD-A-BEAR WORKSHOP INC,BUILD A BEAR WORKSHOP INC,build a bear workshop,sec_former_name
0001593549,LIVENTO GROUP INC,"Livento Group, Inc.",livento group,sec_current_name
0001593549,LIVENTO GROUP INC,"NuGene International, Inc.",nugene international,sec_former_name
0001593549,LIVENTO GROUP INC,"Bling Marketing, Inc.",bling marketing,sec_former_name
0001847355,TARGET GLOBAL A I CORP -REDH,Target Global Acquisition I Corp.,target global acquisition i,sec_current_name
0001868419,CYCURION INC,Western Acquisition Ventures Corp.,western acquisition ventures,sec_former_name
0001646972,ALBERTSONS COS INC,"Albertsons Companies, Inc.",albertsons companies,sec_current_name
0001775194,UPEXI INC,"GROVE, INC.",grove,sec_former_name
0001840425,OSR HOLDINGS INC,"OSR Holdings, Inc.",osr holdings,sec_current_name
0001840425,OSR HOLDINGS INC,Bellevue Life Sciences Acquisition Corp.,bellevue life sciences acquisition,sec_former_name
0001019034,BIO-KEY INTERNATIONAL INC,BIO KEY INTERNATIONAL INC,bio key international,sec_current_name
0001019034,BIO-KEY INTERNATIONAL INC,SAC TECHNOLOGIES INC,sac technologies,sec_former_name
0001349706,TURNONGREEN INC,IMPERALIS HOLDING CORP.,imperalis,sec_former_name
0001349706,TURNONGREEN INC,COLOURED (US) INC.,coloured us,sec_former_name
0001477960,Catalyst Crew Technologies Corp.,Blue Chip Technologies Corp.,blue chip technologies,sec_former_name
0001477960,Catalyst Crew Technologies Corp.,"Hermes Jets, Inc.",hermes jets,sec_former_name
0000016918,CONSTELLATION BRANDS,CANANDAIGUA BRANDS INC,canandaigua brands,sec_former_name
0000016918,CONSTELLATION BRANDS,CANANDAIGUA WINE CO INC,canandaigua wine,sec_former_name
0001945619,KINETIC SEAS INC,"Bellatora, Inc.",bellatora,sec_former_name
0001130781,BMP AI TECHNOLOGIES INC,NEURALBASE AI LTD.,neuralbase ai,sec_current_name
0001130781,BMP AI TECHNOLOGIES INC,Viratech Corp.,viratech,sec_former_name
0001130781,BMP AI TECHNOLOGIES INC,"Imperia Entertainment, Inc.",imperia entertainment,sec_former_name
0001130781,BMP AI TECHNOLOGIES INC,"Soleil Film, Inc.",soleil film,sec_former_name
0001439264,MARVION INC,Bonanza Goldfields Corp.,bonanza goldfields,sec_former_name
0001439264,MARVION INC,Bonanza Goldfield Corp.,bonanza goldfield,sec_former_name
0000926423,MIND TECHNOLOGY INC,MITCHAM INDUSTRIES INC,mitcham industries,sec_former_name
0001788230,IP STRATEGY HOLDINGS INC,"Heritage Distilling Holding Company, Inc.",heritage distilling holding company,sec_current_name
0001393781,QUALITY INDUSTRIAL CORP,WIKISOFT CORP.,wikisoft,sec_former_name
0001393781,QUALITY INDUSTRIAL CORP,POWER PLAY DEVELOPMENT CORP,power play development,sec_former_name
0001805385,EVOLV TECHNOLOGIES HOLDINGS,"Evolv Technologies Holdings, Inc.",evolv technologies holdings,sec_current_name
0001805385,EVOLV TECHNOLOGIES HOLDINGS,NewHold Investment Corp.,newhold investment,sec_former_name
0000889353,JAMES MARITIME HOLDINGS INC,Sentinel Holdings Ltd.,sentinel,sec_current_name
0000889353,JAMES MARITIME HOLDINGS INC,"Out-Takes, Inc.",outtakes,sec_former_name
0000889353,JAMES MARITIME HOLDINGS INC,OUT TAKES INC,out takes,sec_former_name
0001325670,PRIMIS FINANCIAL CORP,Southern National Bancorp of Virginia Inc,southern national bancorp of virginia,sec_former_name
0001800347,E2OPEN PARENT HOLDINGS INC,"E2open Parent Holdings, Inc.",e2open parent holdings,sec_current_name
0001800347,E2OPEN PARENT HOLDINGS INC,CC Neuberger Principal Holdings I,cc neuberger principal holdings i,sec_former_name
0001498710,SPIRIT AVIATION HOLDINGS INC,"Spirit Aviation Holdings, Inc.",spirit aviation holdings,sec_current_name
0001498710,SPIRIT AVIATION HOLDINGS INC,"Spirit Airlines, Inc.",spirit airlines,sec_former_name
0001290658,IIOT-OXYS INC,"Gotham Capital Holdings, Inc.",gotham capital holdings,sec_former_name
0001290658,IIOT-OXYS INC,Creative Beauty Supply of New Jersey CORP,creative beauty supply of new jersey,sec_former_name
0001417926,INVO FERTILITY INC,"NAYA Biosciences, Inc.",naya biosciences,sec_former_name
0001417926,INVO FERTILITY INC,"INVO Bioscience, Inc.",invo bioscience,sec_former_name
0001417926,INVO FERTILITY INC,"EMY'S SALSA AJI DISTRIBUTION COMPANY, INC.",emys salsa aji distribution company,sec_former_name
0001476963,SCORPIUS HOLDINGS INC,"Scorpius Holdings, Inc.",scorpius holdings,sec_current_name
0001476963,SCORPIUS HOLDINGS INC,"NightHawk Biosciences, Inc.",nighthawk biosciences,sec_former_name
0001476963,SCORPIUS HOLDINGS INC,"HEAT BIOLOGICS, INC.",heat biologics,sec_former_name
0001838987,SUNPOWER INC,"Complete Solaria, Inc.",complete solaria,sec_current_name
0001838987,SUNPOWER INC,Freedom Acquisition I Corp.,freedom acquisition i,sec_former_name
0001855457,KORE GROUP HOLDINGS INC,"KORE Group Holdings, Inc.",kore group holdings,sec_current_name
0001855457,KORE GROUP HOLDINGS INC,"King Pubco, Inc.",king pubco,sec_former_name
0001911545,GLOBAL INTERACTIVE TECHN INC,"Global Interactive Technologies, Inc.",global interactive technologies,sec_current_name
0001911545,GLOBAL INTERACTIVE TECHN INC,"Hanryu Holdings, Inc.",hanryu holdings,sec_former_name
0000082473,INNSUITES HOSPITALITY TR,INNSUITES HOSPITALITY TRUST,innsuites hospitality trust,sec_current_name
0000082473,INNSUITES HOSPITALITY TR,REALTY REFUND TRUST,realty refund trust,sec_former_name
0001008586,STREAMLINE HEALTH SOLUTIONS,STREEAMLINE HEALTH SOLUTIONS INC.,streeamline health solutions,sec_former_name
0001008586,STREAMLINE HEALTH SOLUTIONS,LANVISION SYSTEMS INC,lanvision systems,sec_former_name
0001056285,BRAND HOUSE COLLECTIVE INC,"KIRKLAND'S, INC",kirklands,sec_current_name
0001056285,BRAND HOUSE COLLECTIVE INC,KIRKLANDS INC,kirklands,sec_former_name
0001342958,KUSTOM ENTERTAINMENT INC,"DIGITAL ALLY, INC.",digital ally,sec_current_name
0001342958,KUSTOM ENTERTAINMENT INC,DIGITAL ALLY INC,digital ally,sec_former_name
0001565228,VISLINK TECHNOLOGIES INC,"xG TECHNOLOGY, INC.",xg technology,sec_former_name
0001579157,VINCE HOLDING CORP,Apparel Holding Corp.,apparel,sec_former_name
0001579157,VINCE HOLDING CORP,Kellwood Holding Corp.,kellwood,sec_former_name
0001945422,OAK WOODS ACQ CORP -REDH,Oak Woods Acquisition Corp,oak woods acquisition,sec_current_name
0001377936,SARATOGA INVESTMENT CORP,GSC INVESTMENT CORP.,gsc investment,sec_former_name
0001377936,SARATOGA INVESTMENT CORP,GSC Investment LLC,gsc investment,sec_former_name
0001903595,BRAG HOUSE HOLDINGS INC,"Brag House Holdings, Inc.",brag house holdings,sec_current_name
0000835662,AIXIN LIFE INTERNATIONAL INC,MERCARI COMMUNICATIONS GROUP LTD,mercari communications,sec_former_name
0001514443,AMERIGUARD SECURITY SRVS INC,"AMERIGUARD SECURITY SERVICES, INC.",ameriguard security services,sec_current_name
0001514443,AMERIGUARD SECURITY SRVS INC,"HEALTH REVENUE ASSURANCE HOLDINGS, INC.",health revenue assurance holdings,sec_former_name
0001514443,AMERIGUARD SECURITY SRVS INC,"HEALTH REVENEUE ASSURANCE HOLDINGS, INC.",health reveneue assurance holdings,sec_former_name
0001514443,AMERIGUARD SECURITY SRVS INC,"ANVEX INTERNATIONAL, INC.",anvex international,sec_former_name
0001119190,TAP REAL ESTATE TECHNOLO INC,"HUMBL, INC.",humbl,sec_current_name
0001119190,TAP REAL ESTATE TECHNOLO INC,"Tesoro Enterprises, Inc.",tesoro enterprises,sec_former_name
0001119190,TAP REAL ESTATE TECHNOLO INC,"Tesoro Distributors, Inc.",tesoro distributors,sec_former_name
0001119190,TAP REAL ESTATE TECHNOLO INC,IWT TESORO CORP,iwt tesoro,sec_former_name
0001295947,PRESTIGE CONSUMER HEALTHCARE,"Prestige Brands Holdings, Inc.",prestige brands holdings,sec_former_name
0001295947,PRESTIGE CONSUMER HEALTHCARE,"Prestige Household Brands, Inc.",prestige household brands,sec_former_name
0001803977,LIMITLESS X HOLDINGS INC,"BIO LAB NATURALS, INC.",bio lab naturals,sec_former_name
0001868516,"StratCap Digital Infrastructure REIT, Inc.","STRATEGIC WIRELESS INFRASTRUCTURE FUND II, INC.",strategic wireless infrastructure fund ii,sec_former_name
0000927653,MCKESSON CORP,MCKESSON HBOC INC,mckesson hboc,sec_former_name
0000927653,MCKESSON CORP,SP VENTURES INC,sp ventures,sec_former_name
0001515139,WASTE ENERGY CORP,"METAWORKS PLATFORMS, INC.",metaworks platforms,sec_former_name
0001515139,WASTE ENERGY CORP,CurrencyWorks Inc.,currencyworks,sec_former_name
0001515139,WASTE ENERGY CORP,ICOX INNOVATIONS INC.,icox innovations,sec_former_name
0001818152,"Zentrum Holdings, Inc.","OFF Line International, Inc.",off line international,sec_former_name
0001356570,WNS (HOLDINGS) LIMITED,WNS (HOLDINGS) LTD,wns holdings,sec_current_name
0001994624,SCANTECH AI SYSTEM INC -REDH,ScanTech AI Systems Inc.,scantech ai systems,sec_current_name
0000810332,REPUBLIC AIRWAYS HLDINGS INC,MESA AIR GROUP INC,mesa air,sec_current_name
0000810332,REPUBLIC AIRWAYS HLDINGS INC,MESA AIRLINES INC,mesa airlines,sec_former_name
0001302215,HOULIHAN LOKEY INC,HOULIHAN LOKEY HOWARD & ZUKIN INC,houlihan lokey howard zukin,sec_former_name
0001490873,ECO SCIENCE SOLUTIONS INC,"EATON SCIENTIFIC SYSTEMS, INC.",eaton scientific systems,sec_former_name
0001490873,ECO SCIENCE SOLUTIONS INC,PRISTINE SOLUTIONS INC.,pristine solutions,sec_former_name
0001610250,BOOT BARN HOLDINGS INC,"Boot Barn Holdings, Inc.",boot barn holdings,sec_current_name
0001688568,DXC TECHNOLOGY CO,"Everett SpinCo, Inc.",everett spinco,sec_former_name
0000849399,GEN DIGITAL INC,NortonLifeLock Inc.,nortonlifelock,sec_former_name
0000849399,GEN DIGITAL INC,SYMANTEC CORP,symantec,sec_former_name
0001805526,DEFI DEVELOPMENT CORP,Janover Inc.,janover,sec_former_name
0001004989,SPAR GROUP INC,"SPAR Group, Inc.",spar group,sec_current_name
0001004989,SPAR GROUP INC,PIA MERCHANDISING SERVICES INC,pia merchandising services,sec_former_name
0001590715,AMERICAN RESOURCES CORP,"NGFC Equities, Inc.",ngfc equities,sec_former_name
0001590715,AMERICAN RESOURCES CORP,"NGFC Equities, INC.",ngfc equities,sec_former_name
0001590715,AMERICAN RESOURCES CORP,NATURAL GAS FUELING & CONVERSION INC.,natural gas fueling conversion,sec_former_name
0001604778,QORVO INC,"Rocky Holding, Inc.",rocky holding,sec_former_name
0001015383,OUTDOOR HOLDING CO,"AMMO, INC.",ammo,sec_former_name
0001015383,OUTDOOR HOLDING CO,RETROSPETTIVA INC,retrospettiva,sec_former_name
0001429393,TRUTANKLESS INC,Bollente Companies Inc.,bollente companies,sec_former_name
0001429393,TRUTANKLESS INC,Alcantara Brands CORP,alcantara brands,sec_former_name
0001828739,"Arculus System Co., Ltd.",Azzurro Solutions Corp.,azzurro solutions,sec_former_name
0000946581,TAKE-TWO INTERACTIVE SFTWR,TAKE TWO INTERACTIVE SOFTWARE INC,take two interactive software,sec_current_name
0000733269,LIVERAMP HOLDINGS INC,"LiveRamp Holdings, Inc.",liveramp holdings,sec_current_name
0000733269,LIVERAMP HOLDINGS INC,"Acxiom Holdings, Inc.",acxiom holdings,sec_former_name
0000733269,LIVERAMP HOLDINGS INC,ACXIOM CORP,acxiom,sec_former_name
0000733269,LIVERAMP HOLDINGS INC,CCX NETWORK INC,ccx network,sec_former_name
0000866374,FLEX LTD,FLEXTRONICS INTERNATIONAL LTD.,flextronics international,sec_former_name
0000866374,FLEX LTD,FLEXTRONICS INTERNATIONAL LTD,flextronics international,sec_former_name
0000866374,FLEX LTD,FLEX HOLDINGS PTE LTD,flex holdings pte,sec_former_name
0000880807,AMERICAN SUPERCONDUCTOR CP,AMERICAN SUPERCONDUCTOR CORP /DE/,american superconductor corp de,sec_current_name
0001022408,EPLUS INC,MLC HOLDINGS INC,mlc,sec_former_name
0001023731,8X8 INC,8X8 INC /DE/,8x8 inc de,sec_current_name
0001023731,8X8 INC,NETERGY NETWORKS INC,netergy networks,sec_former_name
0000103379,VF CORP,V F CORP,v f,sec_current_name
0000103379,VF CORP,VANITY FAIR MILLS INC,vanity fair mills,sec_former_name
0001037038,RALPH LAUREN CORP,POLO RALPH LAUREN CORP,polo ralph lauren,sec_former_name
0001265521,POLOMAR HEALTH SERVICES INC,Trustfeed Corp.,trustfeed,sec_former_name
0001265521,POLOMAR HEALTH SERVICES INC,HEALTHMED SERVICES LTD,healthmed services,sec_former_name
0001489096,THERMON GROUP HOLDINGS INC,"Thermon Group Holdings, Inc.",thermon group holdings,sec_current_name
0001737953,REPLIMUNE GROUP INC,"Replimune Group, Inc.",replimune group,sec_current_name
0001852131,NEXTPOWER INC,Nextracker Inc.,nextracker,sec_current_name
0001852131,NEXTPOWER INC,Nextracker LLC,nextracker,sec_former_name
0001852131,NEXTPOWER INC,Nextracker Inc.,nextracker,sec_former_name
0001443646,BOOZ ALLEN HAMILTON HLDG CP,Booz Allen Hamilton Holding Corp,booz allen hamilton,sec_current_name
0001443646,BOOZ ALLEN HAMILTON HLDG CP,EXPLORER HOLDING CORP,explorer,sec_former_name
0000078749,AGILYSYS INC,PIONEER STANDARD ELECTRONICS INC,pioneer standard electronics,sec_former_name
0000874866,CORVEL CORP,FORTIS CORP,fortis,sec_former_name
0000910521,DECKERS OUTDOOR CORP,DECKERS FOOTWEAR CORP,deckers footwear,sec_former_name
0001853047,HUDSON ACQUISIT I CORP -REDH,Hudson Acquisition I Corp.,hudson acquisition i,sec_current_name
0000090896,CHAMPION HOMES INC,Skyline Champion Corp,skyline champion,sec_former_name
0000090896,CHAMPION HOMES INC,SKYLINE CORP,skyline,sec_former_name
0001083220,XCEL BRANDS INC,"NETFABRIC HOLDINGS, INC",netfabric holdings,sec_former_name
0001083220,XCEL BRANDS INC,HOUSTON OPERATING CO,houston operating,sec_former_name
0001824403,RESERVOIR MEDIA INC,Roth CH Acquisition II Co,roth ch acquisition ii,sec_former_name
0002018064,TECHTARGET INC,"Toro CombineCo, Inc.",toro combineco,sec_former_name
0000876427,MONRO INC,MONRO MUFFLER BRAKE INC,monro muffler brake,sec_former_name
0001498148,ARTIFICIAL INTEL TECH SL INC,Artificial Intelligence Technology Solutions Inc.,artificial intelligence technology solutions,sec_current_name
0001498148,ARTIFICIAL INTEL TECH SL INC,ON THE MOVE SYSTEMS CORP.,on the move systems,sec_former_name
0001504461,NGL ENERGY PARTNERS LP,Silverthorne Energy Partners LP,silverthorne energy partners lp,sec_former_name
0001600033,E.L.F. BEAUTY INC,"J.A. Cosmetics Holdings, Inc.",ja cosmetics holdings,sec_former_name
0001602409,FINGERMOTION INC,Property Management Corp of America,property management corp of america,sec_former_name
0001764013,IMMUNOVANT INC,Health Sciences Acquisitions Corp,health sciences acquisitions,sec_former_name
0000004457,U-HAUL HOLDING CO,U-Haul Holding Co /NV/,uhaul holding co nv,sec_current_name
0000004457,U-HAUL HOLDING CO,AMERCO /NV/,amerco nv,sec_former_name
0000004457,U-HAUL HOLDING CO,AMERCO,amerco,sec_former_name
0000005981,AMERICAN VANGUARD CORP,AEROCON INC,aerocon,sec_former_name
0000788611,NEXTTRIP INC,"SIGMA ADDITIVE SOLUTIONS, INC.",sigma additive solutions,sec_former_name
0000788611,NEXTTRIP INC,"SIGMA LABS, INC.",sigma labs,sec_former_name
0000788611,NEXTTRIP INC,FRAMEWAVES INC,framewaves,sec_former_name
0001066764,BIMERGEN ENERGY CORP,Bitech Technologies Corp,bitech technologies,sec_former_name
0001066764,BIMERGEN ENERGY CORP,"Spine Injury Solutions, Inc",spine injury solutions,sec_former_name
0001066764,BIMERGEN ENERGY CORP,"Spine Pain Management, Inc",spine pain management,sec_former_name
0001867072,KYNDRYL HOLDINGS INC,"Kyndryl Holdings, Inc.",kyndryl holdings,sec_current_name
0001867072,KYNDRYL HOLDINGS INC,"Kyndryl Holdings, LLC",kyndryl holdings,sec_former_name
0001688126,CRYPTO CO,"CROE, INC.",croe,sec_former_name
0001782107,ONCONETIX INC,"Blue Water Biotech, Inc.",blue water biotech,sec_former_name
0001782107,ONCONETIX INC,Blue Water Vaccines Inc.,blue water vaccines,sec_former_name
0001819574,BARK INC,Original Bark Co,original bark,sec_former_name
0001819574,BARK INC,Northern Star Acquisition Corp.,northern star acquisition,sec_former_name
0001497253,VIVOSIM LABS INC,"ORGANOVO HOLDINGS, INC.",organovo holdings,sec_former_name
0001497253,VIVOSIM LABS INC,"REAL ESTATE RESTORATION & RENTAL, INC.",real estate restoration rental,sec_former_name
0001744494,ADVENT TECHNOLOGIES HOLD INC,"ADVENT TECHNOLOGIES HOLDINGS, INC.",advent technologies holdings,sec_current_name
0001744494,ADVENT TECHNOLOGIES HOLD INC,AMCI Acquisition Corp.,amci acquisition,sec_former_name
0001883984,ALTERNUS CLEAN ENERGY -REDH,"Alternus Clean Energy, Inc.",alternus clean energy,sec_current_name
0001883984,ALTERNUS CLEAN ENERGY -REDH,Clean Earth Acquisitions Corp.,clean earth acquisitions,sec_former_name
0001002047,NETAPP INC,NETWORK APPLIANCE INC,network appliance,sec_former_name
0001708341,ALLIED GAMING & ENTERTAI INC,Allied Gaming & Entertainment Inc.,allied gaming entertainment,sec_current_name
0001708341,ALLIED GAMING & ENTERTAI INC,"Allied Esports Entertainment, Inc.",allied esports entertainment,sec_former_name
0001708341,ALLIED GAMING & ENTERTAI INC,Black Ridge Acquisition Corp.,black ridge acquisition,sec_former_name
0000918251,MOTORCAR PARTS OF AMER INC,MOTORCAR PARTS OF AMERICA INC,motorcar parts of america,sec_current_name
0000918251,MOTORCAR PARTS OF AMER INC,MOTORCAR PARTS AMERICA INC,motorcar parts america,sec_former_name
0000918251,MOTORCAR PARTS OF AMER INC,MOTORCAR PARTS & ACCESSORIES INC,motorcar parts accessories,sec_former_name
0001707753,ELASTIC NV,Elastic B.V.,elastic bv,sec_former_name
0001707753,ELASTIC NV,Elasticsearch Global BV,elasticsearch global bv,sec_former_name
0001707753,ELASTIC NV,ELasticsearch Global BV,elasticsearch global bv,sec_former_name
0000897078,RESONATE BLENDS INC,"Textmunication Holdings, Inc.",textmunication holdings,sec_former_name
0000897078,RESONATE BLENDS INC,"Textmunications Holdings, Inc.",textmunications holdings,sec_former_name
0001804591,CHROME HOLDING CO,23andMe Holding Co.,23andme,sec_current_name
0001804591,CHROME HOLDING CO,VG Acquisition Corp.,vg acquisition,sec_former_name
0001804591,CHROME HOLDING CO,Virgin Group Acquisition Corp.,virgin group acquisition,sec_former_name
0001804591,CHROME HOLDING CO,Bleecker Street Acquisition Corp.,bleecker street acquisition,sec_former_name
0000050292,IEH CORP,INDUSTRIAL ELECTRONIC HARDWARE CORP,industrial electronic hardware,sec_former_name
0000050292,IEH CORP,INDUSTRIAL HEAT TREATING CO INC,industrial heat treating,sec_former_name
0000014693,BROWN FORMAN CORP,BROWN FORMAN DISTILLERS CORP,brown forman distillers,sec_former_name
0000014693,BROWN FORMAN CORP,BROWN FORMAN DISTILLERY CO,brown forman distillery,sec_former_name
0000924805,FREEDOM HOLDING CORP,BMB MUNAI INC,bmb munai,sec_former_name
0000924805,FREEDOM HOLDING CORP,INTERUNION FINANCIAL CORP,interunion financial,sec_former_name
0001068689,DATA443 RISK MITIGATION INC,"LandStar, Inc.",landstar,sec_former_name
0001068689,DATA443 RISK MITIGATION INC,LANDSTAR INC,landstar,sec_former_name
0001473490,GLOBAL AI INC,"Wall Street Media Co, Inc.",wall street media co,sec_former_name
0001473490,GLOBAL AI INC,"BRIGHT MOUNTAIN HOLDINGS, INC.",bright mountain holdings,sec_former_name
0001473490,GLOBAL AI INC,"MY CATALOGS ONLINE, INC.",my catalogs online,sec_former_name
0000317788,DIGITAL TURBINE INC,"Mandalay Digital Group, Inc.",mandalay digital group,sec_former_name
0000317788,DIGITAL TURBINE INC,"NeuMedia, Inc.",neumedia,sec_former_name
0000317788,DIGITAL TURBINE INC,"Mandalay Media, Inc.",mandalay media,sec_former_name
0000057131,LA-Z-BOY INC,LA Z BOY CHAIR CO,la z boy chair,sec_former_name
0001341439,ORACLE CORP,Ozark Holding Inc.,ozark,sec_former_name
0000091419,SMUCKER (JM) CO,J M SMUCKER Co,j m smucker,sec_current_name
0000091419,SMUCKER (JM) CO,SMUCKER J M CO,smucker j m,sec_former_name
0000915779,DAKTRONICS INC,DAKTRONICS INC /SD/,daktronics inc sd,sec_current_name
0001613103,MEDTRONIC PLC,Kalani I Ltd,kalani i,sec_former_name
0001444192,GRACE THERAPEUTICS INC,Acasti Pharma Inc.,acasti pharma,sec_former_name
0001577526,C3.AI INC,"C3 IoT, Inc.",c3 iot,sec_former_name
0001577526,C3.AI INC,"C3, Inc.",c3,sec_former_name
0001811999,FARMHOUSE INC,"FARMHOUSE, INC. /NV",farmhouse inc nv,sec_current_name
0001131903,SPECTRAL CAPITAL CORP,SPECTRA CAPITAL Corp,spectra capital,sec_former_name
0001131903,SPECTRAL CAPITAL CORP,FUSA CAPITAL CORP,fusa capital,sec_former_name
0001131903,SPECTRAL CAPITAL CORP,GALAXY CHAMPIONSHIP WRESTLING INC,galaxy championship wrestling,sec_former_name
0001304492,ANTERIX INC,"pdvWireless, Inc.",pdvwireless,sec_former_name
0001304492,ANTERIX INC,"Pacific DataVision, Inc.",pacific datavision,sec_former_name
0001304492,ANTERIX INC,Pacific Data Vision,pacific data vision,sec_former_name
0000107140,WILEY (JOHN) & SONS  -CL A,"JOHN WILEY & SONS, INC.",john wiley sons,sec_current_name
0000107140,WILEY (JOHN) & SONS  -CL A,"WILEY JOHN & SONS, INC.",wiley john sons,sec_former_name
0000107140,WILEY (JOHN) & SONS  -CL A,WILEY JOHN & SONS INC,wiley john sons,sec_former_name
0001808997,AMERICAN OUTDOOR BRANDS,"American Outdoor Brands,Inc.",american outdoor brandsinc,sec_former_name
0001808997,AMERICAN OUTDOOR BRANDS,American Outdoor Brands Spin Co.,american outdoor brands spin,sec_former_name
0001868640,ROADZEN INC,Vahanna Tech Edge Acquisition I Corp.,vahanna tech edge acquisition i,sec_former_name
0000882291,AETHLON MEDICAL INC,BISHOP EQUITIES INC,bishop equities,sec_former_name
0000929351,STARZ ENTERTAINMENT CORP,STARZ ENTERTAINMENT CORP /CN/,starz entertainment corp cn,sec_current_name
0000929351,STARZ ENTERTAINMENT CORP,LIONS GATE ENTERTAINMENT CORP /CN/,lions gate entertainment corp cn,sec_former_name
0000929351,STARZ ENTERTAINMENT CORP,BERINGER GOLD CORP,beringer gold,sec_former_name
0000929351,STARZ ENTERTAINMENT CORP,GUYANA GOLD CORP,guyana gold,sec_former_name
0001009759,CAPSTONE GREEN ENRGY HLD INC,"Capstone Green Energy Holdings, Inc.",capstone green energy holdings,sec_current_name
0001009759,CAPSTONE GREEN ENRGY HLD INC,Capstone Green Energy Corp,capstone green energy,sec_former_name
0001009759,CAPSTONE GREEN ENRGY HLD INC,CAPSTONE TURBINE Corp,capstone turbine,sec_former_name
0001009759,CAPSTONE GREEN ENRGY HLD INC,CAPSTONE TURBINE CORP,capstone turbine,sec_former_name
0001326205,IGC PHARMA INC,"India Globalization Capital, Inc.",india globalization capital,sec_former_name
0000056679,KORN FERRY,KORN FERRY INTERNATIONAL,korn ferry international,sec_former_name
0000064472,GENCOR INDUSTRIES INC,MECHTRON INTERNATIONAL CORP,mechtron international,sec_former_name
0000064472,GENCOR INDUSTRIES INC,MECHTRON GENCO CORP,mechtron genco,sec_former_name
0000064472,GENCOR INDUSTRIES INC,MECHTRON CORP,mechtron,sec_former_name
0001000045,OLD MARKET CAPITAL CORP,NICHOLAS FINANCIAL INC,nicholas financial,sec_former_name
0001053369,ELITE PHARMACEUTICALS INC,ELITE PHARMACEUTICALS INC /NV/,elite pharmaceuticals inc nv,sec_current_name
0001053369,ELITE PHARMACEUTICALS INC,ELITE PHARMACEUTICALS INC /DE/,elite pharmaceuticals inc de,sec_former_name
0001173204,CINEVERSE CORP,Cinedigm Corp.,cinedigm,sec_former_name
0001173204,CINEVERSE CORP,Cinedigm Digital Cinema Corp.,cinedigm digital cinema,sec_former_name
0001173204,CINEVERSE CORP,"Access Integrated Technologies, Inc. d/b/a Cinedigm Digital Cinema Corp.",access integrated technologies inc dba cinedigm digital cinema,sec_former_name
0001357878,Peptide Technologies Inc,"REGENEREX PHARMA, INC.",regenerex pharma,sec_current_name
0001357878,Peptide Technologies Inc,Eternelle Skincare Products Inc.,eternelle skincare products,sec_former_name
0001438461,YINFU GOLD CORP,Element92 Resources Corp.,element92 resources,sec_former_name
0001854275,ZOOMCAR HOLDINGS INC,"Zoomcar Holdings, Inc.",zoomcar holdings,sec_current_name
0001854275,ZOOMCAR HOLDINGS INC,Innovative International Acquisition Corp.,innovative international acquisition,sec_former_name
0001394108,SUIC WORLDWIDE HOLDINGS LTD,Sino United Worldwide Consolidated Ltd.,sino united worldwide consolidated,sec_former_name
0001394108,SUIC WORLDWIDE HOLDINGS LTD,AJ GREENTECH HOLDINGS.,aj greentech holdings,sec_former_name
0001394108,SUIC WORLDWIDE HOLDINGS LTD,"AMERICAN JIANYE GREENTECH HOLDINGS, LTD.",american jianye greentech holdings,sec_former_name
0001807794,CREDO TECH GROUP HOLDING LTD,Credo Technology Group Holding Ltd,credo technology,sec_current_name
0001853044,AERIES TECHNOLOGY INC,Worldwide Webb Acquisition Corp.,worldwide webb acquisition,sec_former_name
0001940177,PODCASTONE INC,"Courtside Group, Inc.",courtside group,sec_former_name
0001940177,PODCASTONE INC,"Courtside Group, Inc",courtside group,sec_former_name
0000055529,KEWAUNEE SCIENTIFIC CORP,KEWAUNEE SCIENTIFIC CORP /DE/,kewaunee scientific corp de,sec_current_name
0000055529,KEWAUNEE SCIENTIFIC CORP,KEWAUNEE SCIENTIFIC EQUIPMENT CORP /DE/,kewaunee scientific equipment corp de,sec_former_name
0000055529,KEWAUNEE SCIENTIFIC CORP,KEWAUNEE MANUFACTURING CO,kewaunee manufacturing,sec_former_name
0001324759,HONG YUAN HOLDING GROUP,Cereplast Inc,cereplast,sec_former_name
0001420924,ADAPTI INC,"Scepter Holdings, Inc. NV",scepter holdings inc nv,sec_former_name
0001420924,ADAPTI INC,"Brazos International Exploration, Inc.",brazos international exploration,sec_former_name
0001415813,AMERICAN RESOURCES MGMT CORP,Un Monde International Ltd.,un monde international,sec_current_name
0001415813,AMERICAN RESOURCES MGMT CORP,Un Monde International Worldwide Ltd.,un monde international worldwide,sec_former_name
0001415813,AMERICAN RESOURCES MGMT CORP,Un Monde International Ltd.,un monde international,sec_former_name
0001415813,AMERICAN RESOURCES MGMT CORP,ASIARIM CORP,asiarim,sec_former_name
0000023217,CONAGRA BRANDS INC,CONAGRA FOODS INC /DE/,conagra foods inc de,sec_former_name
0000023217,CONAGRA BRANDS INC,CONAGRA INC /DE/,conagra inc de,sec_former_name
0000023217,CONAGRA BRANDS INC,NEBRASKA CONSOLIDATED MILLS CO,nebraska consolidated mills,sec_former_name
0001553788,SPLASH BEVERAGE GROUP INC,"SPLASH BEVERAGE GROUP, INC.",splash beverage group,sec_current_name
0001553788,SPLASH BEVERAGE GROUP INC,"Canfield Medical Supply, Inc.",canfield medical supply,sec_former_name
0001879001,VERSES AI INC,Verses Technologies Inc.,verses technologies,sec_former_name
0001491419,LIVEONE INC,"LiveXLive Media, Inc.",livexlive media,sec_former_name
0001491419,LIVEONE INC,"LOTON, CORP",loton,sec_former_name
0001630113,BIOTRICITY INC,"METASOLUTIONS, INC.",metasolutions,sec_former_name
0001879373,GRAPHJET TECHNOLOGY,Energem Corp,energem,sec_former_name
0000774415,KING RESOURCES INC,OneSolution Technology Inc.,onesolution technology,sec_current_name
0000774415,KING RESOURCES INC,ARXA INTERNATIONAL ENERGY INC,arxa international energy,sec_former_name
0000320187,NIKE INC  -CL B,"NIKE, Inc.",nike,sec_current_name
0000320187,NIKE INC  -CL B,NIKE INC,nike,sec_former_name
0000940944,DARDEN RESTAURANTS INC,GENERAL MILLS RESTAURANTS INC,general mills restaurants,sec_former_name
0001048911,FEDEX CORP,FDX CORP,fdx,sec_former_name
0001527613,CIMG INC,"NuZee, Inc.",nuzee,sec_former_name
0001527613,CIMG INC,Havana Furnishings Inc.,havana furnishings,sec_former_name
0001527613,CIMG INC,Havanna Furnishings Inc.,havanna furnishings,sec_former_name
0000016160,CAL-MAINE FOODS INC,CAL MAINE FOODS INC,cal maine foods,sec_former_name
0000016160,CAL-MAINE FOODS INC,CHICKEN CHEF SYSTEMS INC,chicken chef systems,sec_former_name
0000001750,AAR CORP,ALLEN AIRCRAFT RADIO INC,allen aircraft radio,sec_former_name
0001679273,LAMB WESTON HOLDINGS INC,"Lamb Weston Holdings, Inc.",lamb weston holdings,sec_current_name
0001881741,AROGO CAPITAL ACQ CORP -REDH,Arogo Capital Acquisition Corp.,arogo capital acquisition,sec_current_name
0000771856,CHAMPIONS ONCOLOGY INC,"CHAMPIONS BIOTECHNOLOGY, INC.",champions biotechnology,sec_former_name
0000771856,CHAMPIONS ONCOLOGY INC,CHAMPIONS SPORTS INC,champions sports,sec_former_name
0000771856,CHAMPIONS ONCOLOGY INC,INTERNATIONAL GROUP INC,international,sec_former_name
0000110621,RPM INTERNATIONAL INC,RPM INTERNATIONAL INC/DE/,rpm international incde,sec_current_name
0000110621,RPM INTERNATIONAL INC,RPM INTERNATIONAL INC/OH/,rpm international incoh,sec_former_name
0000110621,RPM INTERNATIONAL INC,RPM INC/OH/,rpm incoh,sec_former_name
0000110621,RPM INTERNATIONAL INC,REPUBLIC POWDERED METALS INC,republic powdered metals,sec_former_name
0001468492,HEARTSCIENCES INC,"Heart Test Laboratories, Inc.",heart test laboratories,sec_former_name
0001819395,SONDER HOLDINGS INC,"Sonder Holdings, Inc.",sonder holdings,sec_former_name
0001819395,SONDER HOLDINGS INC,"Gores Metropoulos II, Inc.",gores metropoulos ii,sec_former_name
0001175680,CYTODYN INC,REXRAY CORP,rexray,sec_former_name
0001624985,Tribal Rides International Corp.,XINDA INTERNATIONAL CORP.,xinda international,sec_former_name
0001624985,Tribal Rides International Corp.,"TriMax Consulting, Inc.",trimax consulting,sec_former_name
0001084765,RESOURCES CONNECTION INC,RC TRANSACTION CORP,rc transaction,sec_former_name
0001011060,NORDICUS PARTNERS CORP,EKIMAS Corp,ekimas,sec_former_name
0001011060,NORDICUS PARTNERS CORP,AdvanSource Biomaterials Corp,advansource biomaterials,sec_former_name
0001011060,NORDICUS PARTNERS CORP,CARDIOTECH INTERNATIONAL INC,cardiotech international,sec_former_name
0001731348,TILRAY BRANDS INC,"Tilray, Inc.",tilray,sec_former_name
0000108516,WORTHINGTON ENTERPRISES INC,WORTHINGTON INDUSTRIES INC,worthington industries,sec_former_name
0000108516,WORTHINGTON ENTERPRISES INC,WORTHINGTON STEEL CO,worthington steel,sec_former_name
0001144879,APPLIED DIGITAL CORP,"Applied Blockchain, Inc.",applied blockchain,sec_former_name
0001144879,APPLIED DIGITAL CORP,"Applied Science Products, Inc.",applied science products,sec_former_name
0001144879,APPLIED DIGITAL CORP,FLIGHT SAFETY TECHNOLOGIES INC,flight safety technologies,sec_former_name
0001792941,Genvor Inc,"Allure Worldwide, Inc.",allure worldwide,sec_former_name
0001895249,CONNECTM TECHNOLOGY SOLUTION,"ConnectM Technology Solutions, Inc.",connectm technology solutions,sec_current_name
0001895249,CONNECTM TECHNOLOGY SOLUTION,Monterey Capital Acquisition Corp,monterey capital acquisition,sec_former_name
0001383312,BROADRIDGE FINANCIAL SOLUTNS,"BROADRIDGE FINANCIAL SOLUTIONS, INC.",broadridge financial solutions,sec_current_name
0001383312,BROADRIDGE FINANCIAL SOLUTNS,"BROADRIDGE FINANCIAL SOLUTIONS, LLC",broadridge financial solutions,sec_former_name
0001383312,BROADRIDGE FINANCIAL SOLUTNS,BSG LLC,bsg,sec_former_name
0000070502,NATIONAL RURAL UTIL COOP CP,NATIONAL RURAL UTILITIES COOPERATIVE FINANCE CORP /DC/,national rural utilities cooperative finance corp dc,sec_current_name
0001157408,STRIDE INC,K12 INC,k12,sec_former_name
0001564708,NEWS CORP,New Newscorp Inc,new newscorp,sec_former_name
0001564708,NEWS CORP,New Newscorp LLC,new newscorp,sec_former_name
0001754301,FOX CORP,"NEW FOX, INC.",new fox,sec_former_name
0000016058,CACI INTL INC  -CL A,CACI INTERNATIONAL INC /DE/,caci international inc de,sec_current_name
0000016058,CACI INTL INC  -CL A,CACI INC /DE/,caci inc de,sec_former_name
0000016058,CACI INTL INC  -CL A,CONSOLIDATED ANALYSIS CENTERS INC,consolidated analysis centers,sec_former_name
0000016058,CACI INTL INC  -CL A,CALIFORNIA ANALYSIS CENTER INC,california analysis center,sec_former_name
0000730464,COVISTA INC,Adtalem Global Education Inc.,adtalem global education,sec_current_name
0000730464,COVISTA INC,Adtalem Global Education,adtalem global education,sec_former_name
0000730464,COVISTA INC,Adtalem Global Education Inc.,adtalem global education,sec_former_name
0001262976,CIMPRESS PLC,CIMPRESS N.V.,cimpress nv,sec_former_name
0001262976,CIMPRESS PLC,VISTAPRINT N.V.,vistaprint nv,sec_former_name
0001262976,CIMPRESS PLC,VISTAPRINT LTD,vistaprint,sec_former_name
0002030522,MARWYNN HOLDINGS INC,"Marwynn Holdings, Inc.",marwynn holdings,sec_current_name
0000021076,CLOROX CO/DE,CLOROX CO /DE/,clorox co de,sec_current_name
0000319201,KLA CORP,KLA TENCOR CORP,kla tencor,sec_former_name
0000319201,KLA CORP,KLA INSTRUMENTS CORP,kla instruments,sec_former_name
0001049521,MERCURY SYSTEMS INC,MERCURY COMPUTER SYSTEMS INC,mercury computer systems,sec_former_name
0000912093,VIAVI SOLUTIONS INC,JDS UNIPHASE CORP /CA/,jds uniphase corp ca,sec_former_name
0001414767,NETCAPITAL INC,ValueSetters Inc.,valuesetters,sec_former_name
0001414767,NETCAPITAL INC,ValueSetters Corp,valuesetters,sec_former_name
0000721371,CARDINAL HEALTH INC,CARDINAL DISTRIBUTION INC,cardinal distribution,sec_former_name
0001674440,AIRWA INC,Connexa Sports Technologies Inc.,connexa sports technologies,sec_current_name
0001674440,AIRWA INC,Slinger Bag Inc.,slinger bag,sec_former_name
0001674440,AIRWA INC,Connexa Sports Technologies Inc.,connexa sports technologies,sec_former_name
0000318299,SPARTA COMMERCIAL SERVIC INC,"SPARTA COMMERCIAL SERVICES, INC.",sparta commercial services,sec_current_name
0000318299,SPARTA COMMERCIAL SERVIC INC,TOMAHAWK INDUSTRIES INC,tomahawk industries,sec_former_name
0000318299,SPARTA COMMERCIAL SERVIC INC,TOMAHAWK OIL & MINERALS INC,tomahawk oil minerals,sec_former_name
0000106040,WESTERN DIGITAL CORP,GENERAL DIGITAL CORP,general digital,sec_former_name
0001116132,TAPESTRY INC,COACH INC,coach,sec_former_name
0000109563,APPLIED INDUSTRIAL TECH INC,APPLIED INDUSTRIAL TECHNOLOGIES INC,applied industrial technologies,sec_current_name
0000109563,APPLIED INDUSTRIAL TECH INC,BEARINGS INC /OH/,bearings inc oh,sec_former_name
0000109563,APPLIED INDUSTRIAL TECH INC,BROWN JIM STORES INC,brown jim stores,sec_former_name
0000012659,BLOCK H & R INC,H&R BLOCK INC,hr block,sec_current_name
0001650372,ATLASSIAN CORP,Atlassian Corp Plc,atlassian corp,sec_former_name
0001748790,AMCOR PLC,ARCTIC JERSEY Ltd,arctic jersey,sec_former_name
0000703351,BRINKER INTL INC,"BRINKER INTERNATIONAL, INC",brinker international,sec_current_name
0000703351,BRINKER INTL INC,BRINKER INTERNATIONAL INC,brinker international,sec_former_name
0000703351,BRINKER INTL INC,CHILIS INC,chilis,sec_former_name
0000820318,COHERENT CORP,II-VI INC,iivi,sec_former_name
0001590496,AERKOMM INC,"Maple Tree Kids, Inc.",maple tree kids,sec_former_name
0001565687,INTAPP INC,"LegalApp Holdings, Inc.",legalapp holdings,sec_former_name
0000880117,SANFILIPPO JOHN B&SON,SANFILIPPO JOHN B & SON INC,sanfilippo john b son,sec_current_name
0001024305,COTY INC,COTY INC /,coty inc,sec_former_name
0001299709,AXOS FINANCIAL INC,"BofI Holding, Inc.",bofi holding,sec_former_name
0002023554,SANDISK CORP,SanDisk Corp/DE,sandisk corpde,sec_former_name
0000057515,MARZETTI CO (THE),MARZETTI CO,marzetti,sec_current_name
0000057515,MARZETTI CO (THE),LANCASTER COLONY CORP,lancaster colony,sec_former_name
0001318268,MADISON TECHNOLOGIES INC,"MADISON EXPLORATIONS, INC.",madison explorations,sec_former_name
0001318268,MADISON TECHNOLOGIES INC,MADISON EXPLORATIONS INC.,madison explorations,sec_former_name
0001318268,MADISON TECHNOLOGIES INC,Madison Explorations Inc.,madison explorations,sec_former_name
0001511737,UBIQUITI INC,"Ubiquiti Networks, Inc.",ubiquiti networks,sec_former_name
0000076334,PARKER-HANNIFIN CORP,PARKER HANNIFIN CORP,parker hannifin,sec_former_name
0000076334,PARKER-HANNIFIN CORP,PARKER APPLIANCE CO,parker appliance,sec_former_name
0000779152,HENRY (JACK) & ASSOCIATES,JACK HENRY & ASSOCIATES INC,jack henry associates,sec_current_name
0000100726,UNIFI INC,AUTOMATED ENVIRONMENTAL SYSTEMS INC,automated environmental systems,sec_former_name
0000709283,QUANTUM CORP,QUANTUM CORP /DE/,quantum corp de,sec_current_name
0000773717,AMERICAN CLEAN RES GRP INC,"American Clean Resources Group, Inc.",american clean resources group,sec_current_name
0000773717,AMERICAN CLEAN RES GRP INC,"Standard Metals Processing, Inc.",standard metals processing,sec_former_name
0000773717,AMERICAN CLEAN RES GRP INC,"Standard Gold Holdings, Inc.",standard gold holdings,sec_former_name
0000773717,AMERICAN CLEAN RES GRP INC,Standard Gold,standard gold,sec_former_name
0000895419,WOLFSPEED INC,"CREE, INC.",cree,sec_former_name
0000895419,WOLFSPEED INC,CREE INC,cree,sec_former_name
0000895419,WOLFSPEED INC,CREE RESEARCH INC /NC/,cree research inc nc,sec_former_name
0001069899,PHIBRO ANIMAL HEALTH CORP,PHILIPP BROTHERS CHEMICALS INC,philipp brothers chemicals,sec_former_name
0001496690,BLUEONE CARD INC,"Manneking, Inc.",manneking,sec_former_name
0001496690,BLUEONE CARD INC,"TBSS International, Inc.",tbss international,sec_former_name
0001496690,BLUEONE CARD INC,Avenue South Ltd.,avenue south,sec_former_name
0001638290,MASTERCRAFT BOAT HLDNGS IN,"MasterCraft Boat Holdings, Inc.",mastercraft boat holdings,sec_current_name
0001638290,MASTERCRAFT BOAT HLDNGS IN,"MCBC Holdings, Inc.",mcbc holdings,sec_former_name
0001387467,ALPHA AND OMEGA SEMICONDUCTO,ALPHA & OMEGA SEMICONDUCTOR Ltd,alpha omega semiconductor,sec_current_name
0001387467,ALPHA AND OMEGA SEMICONDUCTO,ALPHA & OMEGA SEMICONDUCTOR LTD,alpha omega semiconductor,sec_former_name
0001786352,BILL HOLDINGS INC,"BILL Holdings, Inc.",bill holdings,sec_current_name
0001786352,BILL HOLDINGS INC,"Bill.com Holdings, Inc.",billcom holdings,sec_former_name
0001820953,AFFIRM HOLDINGS INC,"Affirm Holdings, Inc.",affirm holdings,sec_current_name
0001864531,VSEE HEALTH INC,DIGITAL HEALTH ACQUISITION CORP.,digital health acquisition,sec_former_name
0001878848,IREN LIMITED,IREN Ltd,iren,sec_current_name
0001878848,IREN LIMITED,Iris Energy Ltd,iris energy,sec_former_name
0001878848,IREN LIMITED,Iris Energy Pty Ltd,iris energy pty,sec_former_name
0000907471,PATHWARD FINANCIAL INC,META FINANCIAL GROUP INC,meta financial,sec_former_name
0000907471,PATHWARD FINANCIAL INC,FIRST MIDWEST FINANCIAL INC,first midwest financial,sec_former_name
0001088413,GREYSTONE LOGISTICS INC,PALWEB CORP,palweb,sec_former_name
0000073290,BIOMERICA INC,NMS PHARMACEUTICALS INC,nms pharmaceuticals,sec_former_name
0000073290,BIOMERICA INC,NUCLEAR MEDICAL SYSTEMS INC,nuclear medical systems,sec_former_name
0000073290,BIOMERICA INC,NUCLEAR INSTRUMENTS INC,nuclear instruments,sec_former_name
0001498067,CITRINE GLOBAL CORP,TechCare Corp.,techcare,sec_former_name
0001498067,CITRINE GLOBAL CORP,BREEDIT CORP.,breedit,sec_former_name
0001498067,CITRINE GLOBAL CORP,PROGAMING PLATFORMS CORP,progaming platforms,sec_former_name
0000746598,BRADY CORP,BRADY W H CO,brady w h,sec_former_name
0000849146,LIFEVANTAGE CORP,"LIFELINE THERAPEUTICS, INC.",lifeline therapeutics,sec_former_name
0000849146,LIFEVANTAGE CORP,YAAK RIVER RESOURCES INC,yaak river resources,sec_former_name
0000849146,LIFEVANTAGE CORP,ANDRAPLEX CORP,andraplex,sec_former_name
0001084869,1-800-FLOWERS.COM,1 800 FLOWERS COM INC,1 800 flowers com,sec_current_name
0001420720,IBIO INC,"iBioPharma, Inc.",ibiopharma,sec_former_name
0001420720,IBIO INC,"InB:Biotechnologies, Inc.",inbbiotechnologies,sec_former_name
0001732406,GRAYSCALE LITECOIN TRUST,Grayscale Litecoin Trust (LTC),grayscale litecoin trust ltc,sec_current_name
0001732406,GRAYSCALE LITECOIN TRUST,Litecoin Investment Trust,litecoin investment trust,sec_former_name
0001732409,GRAYSCALE BITCOIN CASH TRUST,Grayscale Bitcoin Cash Trust (BCH),grayscale bitcoin cash trust bch,sec_current_name
0001732409,GRAYSCALE BITCOIN CASH TRUST,Bitcoin Cash Investment Trust,bitcoin cash investment trust,sec_former_name
0000754811,U S GLOBAL INVESTORS INC,UNITED SERVICES ADVISORS INC /TX/,united services advisors inc tx,sec_former_name
0000896429,CANTALOUPE INC,USA TECHNOLOGIES INC,usa technologies,sec_former_name
0000896429,CANTALOUPE INC,USA ENTERTAINMENT CENTER INC,usa entertainment center,sec_former_name
0001828805,AELUMA INC,"Parc Investments, Inc.",parc investments,sec_former_name
0001834376,INNOVAGE HOLD CORP,InnovAge Holding Corp.,innovage,sec_current_name
0001834376,INNOVAGE HOLD CORP,"TCO GROUP HOLDINGS, INC.",tco group holdings,sec_former_name
0001377789,AVIAT NETWORKS INC,"HARRIS STRATEX NETWORKS, INC.",harris stratex networks,sec_former_name
0001443611,SINGLEPOINT INC,"CARBON CREDITS INTERNATIONAL, INC.",carbon credits international,sec_former_name
0001823584,ALLIANCE ENTMNT HOLDING CORP,ALLIANCE ENTERTAINMENT HOLDING CORP,alliance entertainment,sec_current_name
0001823584,ALLIANCE ENTMNT HOLDING CORP,Adara Acquisition Corp.,adara acquisition,sec_former_name
0001823584,ALLIANCE ENTMNT HOLDING CORP,Alliance Entertainment Holding Corp.,alliance entertainment,sec_former_name
0001901297,ZRCN INC,Harmony Energy Technologies Corp,harmony energy technologies,sec_former_name
0001512228,NIOCORP DEVELOPMENTS LTD,QUANTUM RARE EARTH DEVELOPMENTS CORP.,quantum rare earth developments,sec_former_name
0001591588,GOLD.COM INC,"A-Mark Precious Metals, Inc.",amark precious metals,sec_current_name
0000034563,FARMER BROS CO,FARMER BROTHERS CO,farmer brothers,sec_current_name
0001066194,EGAIN CORP,EGAIN COMMUNICATIONS CORP,egain communications,sec_former_name
0001350156,PREAXIA HEALTH CARE PAYMENT SYSTEMS INC.,SUN WORLD PARTNERS INC,sun world partners,sec_former_name
0001680132,CANNABIS SUISSE CORP.,Geant Corp.,geant,sec_former_name
0001171155,RADIANT LOGISTICS INC,GOLF TWO INC,golf two,sec_former_name
0001495648,BLACKWELL 3D CONSTRUCTN CORP,Blackwell 3D Construction Corp.,blackwell 3d construction,sec_current_name
0001495648,BLACKWELL 3D CONSTRUCTN CORP,Power Americas Resource Group Ltd.,power americas resource,sec_former_name
0001495648,BLACKWELL 3D CONSTRUCTN CORP,"Brisset Beer International, Inc.",brisset beer international,sec_former_name
0001495648,BLACKWELL 3D CONSTRUCTN CORP,"Buckeye Oil & Gas, Inc.",buckeye oil gas,sec_former_name
0001948455,ISPIRE TECHNOLOGY INC,"Ispire Technology Inc,",ispire technology inc,sec_former_name
0000910406,HAIN CELESTIAL GROUP INC,HAIN FOOD GROUP INC,hain food,sec_former_name
0000910406,HAIN CELESTIAL GROUP INC,KINERET ACQUISITION CORP,kineret acquisition,sec_former_name
0000910406,HAIN CELESTIAL GROUP INC,21ST CENTURY FOOD PRODUCTS CORP,21st century food products,sec_former_name
0001158780,PLURI INC,PLURISTEM THERAPEUTICS INC,pluristem therapeutics,sec_former_name
0001158780,PLURI INC,PLURISTEM LIFE SYSTEMS INC,pluristem life systems,sec_former_name
0001158780,PLURI INC,AI SOFTWARE INC,ai software,sec_former_name
0000016732,CAMPBELL'S CO (THE),CAMPBELL'S Co,campbells,sec_current_name
0000016732,CAMPBELL'S CO (THE),CAMPBELL SOUP CO,campbell soup,sec_former_name
0001386301,RESEARCH SOLUTIONS INC,Derycz Scientific Inc,derycz scientific,sec_former_name
0001464790,BRC GROUP HOLDINGS INC,"B. Riley Financial, Inc.",b riley financial,sec_current_name
0001464790,BRC GROUP HOLDINGS INC,"Great American Group, Inc.",great american group,sec_former_name
0000732026,TRIO-TECH INTERNATIONAL,TRIO TECH INTERNATIONAL,trio tech international,sec_former_name
0001411057,CANNABIS BIOSCIENCE IN H INC,"Cannabis Bioscience International Holdings, Inc.",cannabis bioscience international holdings,sec_current_name
0001411057,CANNABIS BIOSCIENCE IN H INC,CHINA INFRASTRUCTURE CONSTRUCTION Corp,china infrastructure construction,sec_former_name
0001411057,CANNABIS BIOSCIENCE IN H INC,FIDELITY AVIATION CORP,fidelity aviation,sec_former_name
0001385818,AYTU BIOPHARMA INC,"AYTU BIOSCIENCE, INC",aytu bioscience,sec_former_name
0001385818,AYTU BIOPHARMA INC,"AYTU BIOSCIENCE, INC.",aytu bioscience,sec_former_name
0001385818,AYTU BIOPHARMA INC,Rosewind CORP,rosewind,sec_former_name
0000911216,PALATIN TECHNOLOGIES INC,INTERFILM INC,interfilm,sec_former_name
0001001907,ASTROTECH CORP,ASTROTECH Corp \WA\,astrotech corp wa,sec_former_name
0001001907,ASTROTECH CORP,SPACEHAB INC \WA\,spacehab inc wa,sec_former_name
0001067294,CRACKER BARREL OLD CTRY STOR,"CRACKER BARREL OLD COUNTRY STORE, INC",cracker barrel old country store,sec_current_name
0001067294,CRACKER BARREL OLD CTRY STOR,CBRL GROUP INC,cbrl,sec_former_name
0001631282,DATASEA INC,ROSE ROCK INC.,rose rock,sec_former_name
0002011641,FERGUSON ENTERPRISES INC,Ferguson Enterprises Inc. /DE/,ferguson enterprises inc de,sec_current_name
0001039280,NETSOL TECHNOLOGIES INC,NETSOL INTERNATIONAL INC,netsol international,sec_former_name
0001039280,NETSOL TECHNOLOGIES INC,MIRAGE HOLDINGS INC,mirage,sec_former_name
0001041514,LESAKA TECHNOLOGIES INC,NET 1 UEPS TECHNOLOGIES INC,net 1 ueps technologies,sec_former_name
0001527728,LUNAI BIOWORKS INC,RENOVARO INC.,renovaro,sec_former_name
0001643721,LEAFBUYER TECHNOLOGIES INC,AP EVENT INC.,ap event,sec_former_name
0001775734,BENEFICIENT,"Beneficient Co Group, L.P.",beneficient co group lp,sec_former_name
0001815974,ANEBULO PHARMA INC,"Anebulo Pharmaceuticals, Inc.",anebulo pharmaceuticals,sec_current_name
0001832161,VIP PLAY INC,KeyStar Corp.,keystar,sec_former_name
0001854445,GLIMPSE GROUP INC(THE),"Glimpse Group, Inc.",glimpse group,sec_current_name
0001882781,"C2 Blockchain, Inc.","C2 Blockchain,Inc.",c2 blockchaininc,sec_former_name
0001963088,ATLASCLEAR HOLDING INC -REDH,"AtlasClear Holdings, Inc.",atlasclear holdings,sec_current_name
0001963088,ATLASCLEAR HOLDING INC -REDH,"Calculator New Pubco, Inc.",calculator new pubco,sec_former_name
0000722572,FRANKLIN WIRELESS CORP,FRANKLIN TELECOMMUNICATIONS CORP,franklin telecommunications,sec_former_name
0000722572,FRANKLIN WIRELESS CORP,ABM COMPUTER SYSTEMS,abm computer systems,sec_former_name
0000722572,FRANKLIN WIRELESS CORP,AUTOMATED BUSINESS MACHINES INC,automated business machines,sec_former_name
0000867840,PRECISION OPTICS CORP INC,"PRECISION OPTICS CORPORATION, INC.",precision optics corporation,sec_current_name
0001520118,MEDWELLAI INC,"INTEGRATED VENTURES, INC.",integrated ventures,sec_former_name
0001520118,MEDWELLAI INC,"EMS FIND, INC.",ems find,sec_former_name
0001520118,MEDWELLAI INC,"LIGHTCOLLAR, INC.",lightcollar,sec_former_name
0002000640,DAMON INC,Grafiti Holding Inc.,grafiti,sec_former_name
0000069422,INTERGROUP CORP,MUTUAL REAL ESTATE INVESTMENT TRUST,mutual real estate investment trust,sec_former_name
0001481504,XERIANT INC,"Banjo & Matilda, Inc.",banjo matilda,sec_former_name
0001481504,XERIANT INC,"EASTERN WORLD SOLUTIONS, INC.",eastern world solutions,sec_former_name
0001481504,XERIANT INC,"Encom Group, Inc.",encom group,sec_former_name
0001866816,SYNTEC OPTICS HOLDINGS INC,"SYNTEC OPTICS HOLDINGS, INC.",syntec optics holdings,sec_current_name
0001866816,SYNTEC OPTICS HOLDINGS INC,OmniLit Acquisition Corp.,omnilit acquisition,sec_former_name
0001082733,VISIUM TECHNOLOGIES INC,"NuSTATE ENERGY HOLDINGS, INC.",nustate energy holdings,sec_former_name
0001082733,VISIUM TECHNOLOGIES INC,"Fittipaldi Logistics, Inc.",fittipaldi logistics,sec_former_name
0001082733,VISIUM TECHNOLOGIES INC,POWER2SHIP INC,power2ship,sec_former_name
0001845459,NKGEN BIOTECH INC,Graf Acquisition Corp. IV,graf acquisition corp iv,sec_former_name
0000909832,COSTCO WHOLESALE CORP,COSTCO WHOLESALE CORP /NEW,costco wholesale corp new,sec_current_name
0000909832,COSTCO WHOLESALE CORP,COSTCO COMPANIES INC,costco companies,sec_former_name
0000909832,COSTCO WHOLESALE CORP,PRICE/COSTCO INC,pricecostco,sec_former_name
0001731289,NIKOLA CORP,VectoIQ Acquisition Corp.,vectoiq acquisition,sec_former_name
0000074046,OIL DRI CORP AMERICA,Oil-Dri Corp of America,oildri corp of america,sec_current_name
0000074046,OIL DRI CORP AMERICA,OIL-DRI Corp OF AMERICA,oildri corp of america,sec_former_name
0000074046,OIL DRI CORP AMERICA,OIL DRI CORP OF AMERICA,oil dri corp of america,sec_former_name
0000074046,OIL DRI CORP AMERICA,OIL-DRI CORP OF AMERICA,oildri corp of america,sec_former_name
0000879407,ARROWHEAD PHARMACEUTICAL INC,"ARROWHEAD PHARMACEUTICALS, INC.",arrowhead pharmaceuticals,sec_current_name
0000879407,ARROWHEAD PHARMACEUTICAL INC,ARROWHEAD RESEARCH CORP,arrowhead research,sec_former_name
0000879407,ARROWHEAD PHARMACEUTICAL INC,INTERACTIVE GROUP INC,interactive,sec_former_name
0000879407,ARROWHEAD PHARMACEUTICAL INC,INTERACTIVE INC,interactive,sec_former_name
0001121795,GHST WORLD INC,Ghost Technology Inc.,ghost technology,sec_former_name
0001121795,GHST WORLD INC,I A EUROPE GROUP INC,i a europe,sec_former_name
0001121795,GHST WORLD INC,GENERAL TELEPHONY COM INC,general telephony com,sec_former_name
0001422892,SINGULARITY FUTURE TECH LTD,Singularity Future Technology Ltd.,singularity future technology,sec_current_name
0001422892,SINGULARITY FUTURE TECH LTD,"Sino-Global Shipping America, Ltd.",sinoglobal shipping america,sec_former_name
0001482554,HARTFORD CREATIVE GROUP INC,"Hartford Creative Group, Inc.",hartford creative group,sec_current_name
0001482554,HARTFORD CREATIVE GROUP INC,Hartford Great Health Corp.,hartford great health,sec_former_name
0001482554,HARTFORD CREATIVE GROUP INC,"Photoamigo, Inc.",photoamigo,sec_former_name
0001751707,OZ VISION INC,United Express Inc.,united express,sec_former_name
0002013807,FOXX DEVELOPMENT HOLDING INC,Acri Capital Merger Sub I Inc.,acri capital merger sub i,sec_former_name
0001610820,BRIACELL THERAPEUTICS CORP,Ansell Capital Corp.,ansell capital,sec_former_name
0000006955,ENERPAC TOOL GROUP CORP,ACTUANT CORP,actuant,sec_former_name
0000006955,ENERPAC TOOL GROUP CORP,APPLIED POWER INC,applied power,sec_former_name
0000006955,ENERPAC TOOL GROUP CORP,APPLIED POWER INDUSTRIES INC,applied power industries,sec_former_name
0000898293,JABIL INC,JABIL CIRCUIT INC,jabil circuit,sec_former_name
0001883788,DIH HOLDING US INC,Aurora Technology Acquisition Corp.,aurora technology acquisition,sec_former_name
0001616533,PENGUIN SOLUTIONS INC,"SMART Global Holdings, Inc.",smart global holdings,sec_former_name
0000803649,EQUITY COMMONWEALTH,EQC Liquidating Trust,eqc liquidating trust,sec_current_name
0001003078,MSC INDUSTRIAL DIRECT  -CL A,MSC INDUSTRIAL DIRECT CO INC,msc industrial direct,sec_current_name
0000764401,INSTEEL INDUSTRIES,EXPOSAIC INDUSTRIES INC,exposaic industries,sec_former_name
0000836157,LINDSAY CORP,LINDSAY MANUFACTURING CO,lindsay manufacturing,sec_former_name
0000105132,WD-40 CO,WD 40 CO,wd 40,sec_current_name
0001144215,ACUITY INC,ACUITY INC. (DE),acuity inc de,sec_current_name
0001144215,ACUITY INC,ACUITY BRANDS INC,acuity brands,sec_former_name
0001144215,ACUITY INC,L&C SPINCO INC,lc spinco,sec_former_name
0000827099,Ocean Thermal Energy Corp,TETRIDYN SOLUTIONS INC,tetridyn solutions,sec_former_name
0000827099,Ocean Thermal Energy Corp,CREATIVE VENDING CORP,creative vending,sec_former_name
0000827099,Ocean Thermal Energy Corp,HWS MAI CORP,hws mai,sec_former_name
0000923120,GREENBRIER COS INC (THE),GREENBRIER COMPANIES INC,greenbrier companies,sec_current_name
0001584693,SAFESPACE GLOBAL CORP,Healthcare Integrated Technologies Inc.,healthcare integrated technologies,sec_former_name
0001584693,SAFESPACE GLOBAL CORP,"GRASSHOPPER STAFFING, INC.",grasshopper staffing,sec_former_name
0001584693,SAFESPACE GLOBAL CORP,Tomichi Creek Outfitters,tomichi creek outfitters,sec_former_name
0001437750,TREX ACQUISITION CORP,Sync2 Networks Corp,sync2 networks,sec_former_name
0001437750,TREX ACQUISITION CORP,"Plethora Resources, Inc.",plethora resources,sec_former_name
0000320193,APPLE INC,APPLE COMPUTER INC,apple computer,sec_former_name
0000884650,INFINITE GROUP INC,INFINITE MACHINE CORP,infinite machine,sec_former_name
0000804328,QUALCOMM INC,QUALCOMM INC/DE,qualcomm incde,sec_current_name
0001801661,SKILLZ INC,Flying Eagle Acquisition Corp.,flying eagle acquisition,sec_former_name
0001854480,DEVVSTREAM CORP,Focus Impact Acquisition Corp.,focus impact acquisition,sec_former_name
0000100493,TYSON FOODS INC  -CL A,"TYSON FOODS, INC.",tyson foods,sec_current_name
0000100493,TYSON FOODS INC  -CL A,TYSON FOODS INC,tyson foods,sec_former_name
0001385157,TE CONNECTIVITY PLC,Tyco Electronics Ltd.,tyco electronics,sec_former_name
0000023197,COMTECH TELECOMMUN,COMTECH TELECOMMUNICATIONS CORP /DE/,comtech telecommunications corp de,sec_current_name
0000023197,COMTECH TELECOMMUN,COMTECH INC,comtech,sec_former_name
0000023197,COMTECH TELECOMMUN,COMTECH TELECOMMUNICATIONS CORP,comtech telecommunications,sec_former_name
0000023197,COMTECH TELECOMMUN,COMTECH LABORATORIES INC,comtech laboratories,sec_former_name
0000032604,EMERSON ELECTRIC CO,EMERSON ELECTRIC MANUFACTUING CO,emerson electric manufactuing,sec_former_name
0001024478,ROCKWELL AUTOMATION,ROCKWELL INTERNATIONAL CORP,rockwell international,sec_former_name
0001260221,TRANSDIGM GROUP INC,TD HOLDING CORP,td,sec_former_name
0001644378,RMR GROUP INC,Reit Management & Research Inc.,reit management research,sec_former_name
0000886206,FRANKLIN COVEY CO,FRANKLIN QUEST CO,franklin quest,sec_former_name
0001368458,SALLY BEAUTY HOLDINGS INC,"Sally Beauty Holdings, Inc.",sally beauty holdings,sec_current_name
0001368458,SALLY BEAUTY HOLDINGS INC,"New Sally Holdings, Inc.",new sally holdings,sec_former_name
0001556801,MY CITY BUILDERS INC,iMine Corp,imine,sec_former_name
0001556801,MY CITY BUILDERS INC,"DIAMANTE MINERALS, INC.",diamante minerals,sec_former_name
0001556801,MY CITY BUILDERS INC,OCONN INDUSTRIES CORP,oconn industries,sec_former_name
0001663038,QUANTUM GENESIS AI CORP,Quantumzyme Corp.,quantumzyme,sec_current_name
0001663038,QUANTUM GENESIS AI CORP,Reliant Service Inc,reliant service,sec_former_name
0001744489,DISNEY (WALT) CO,Walt Disney Co,walt disney,sec_current_name
0001744489,DISNEY (WALT) CO,TWDC Holdco 613 Corp.,twdc holdco 613,sec_former_name
0001744489,DISNEY (WALT) CO,TWDC Holdco 613 Corp,twdc holdco 613,sec_former_name
0000876523,EZCORP INC  -CL A,EZCORP INC,ezcorp,sec_current_name
0000897723,SANMINA CORP,SANMINA-SCI CORP,sanminasci,sec_former_name
0000897723,SANMINA CORP,SANMINA CORP/DE,sanmina corpde,sec_former_name
0001126956,SPIRE INC,LACLEDE GROUP INC,laclede,sec_former_name
0000003146,SPIRE ALABAMA INC,ALABAMA GAS CORP,alabama gas,sec_former_name
0000057183,LACLEDE GAS CO,SPIRE MISSOURI INC,spire missouri,sec_current_name
0001493594,MACOM TECHNLGY SOL HLDGS INC,"MACOM Technology Solutions Holdings, Inc.",macom technology solutions holdings,sec_current_name
0001493594,MACOM TECHNLGY SOL HLDGS INC,"M/A-COM Technology Solutions Holdings, Inc.",macom technology solutions holdings,sec_former_name
0000833444,JOHNSON CONTROLS INTL PLC,Johnson Controls International plc,johnson controls international,sec_current_name
0000833444,JOHNSON CONTROLS INTL PLC,TYCO INTERNATIONAL plc,tyco international,sec_former_name
0000833444,JOHNSON CONTROLS INTL PLC,TYCO INTERNATIONAL LTD,tyco international,sec_former_name
0000833444,JOHNSON CONTROLS INTL PLC,TYCO INTERNATIONAL LTD /BER/,tyco international ltd ber,sec_former_name
0001414932,OAKTREE SPECIALTY LENDING CP,Oaktree Specialty Lending Corp,oaktree specialty lending,sec_current_name
0001414932,OAKTREE SPECIALTY LENDING CP,Fifth Street Finance Corp.,fifth street finance,sec_former_name
0001414932,OAKTREE SPECIALTY LENDING CP,Fifth Street Finance Corp,fifth street finance,sec_former_name
0001476765,GOLUB CAPITAL BDC INC,GOLUB CAPITAL INVESTMENT Corp,golub capital investment,sec_former_name
0001632790,ENERGIZER HOLDINGS INC,"ENERGIZER HOLDINGS, INC.",energizer holdings,sec_current_name
0001632790,ENERGIZER HOLDINGS INC,"Energizer SpinCo, Inc.",energizer spinco,sec_former_name
0000936528,WAFD INC,WASHINGTON FEDERAL INC,washington federal,sec_former_name
0000043920,GREIF INC  -CL A,"GREIF, INC",greif,sec_current_name
0000043920,GREIF INC  -CL A,GREIF INC,greif,sec_former_name
0000043920,GREIF INC  -CL A,GREIF BROTHERS CORP,greif brothers,sec_former_name
0000043920,GREIF INC  -CL A,GREIF BROTHERS COOPERAGE CORP,greif brothers cooperage,sec_former_name
0001350593,MUELLER WATER PRODUCTS INC,"Mueller Holding Company, Inc.",mueller holding company,sec_former_name
0001406587,FORESTAR GROUP INC,Forestar Real Estate Group Inc.,forestar real estate,sec_former_name
0001406587,FORESTAR GROUP INC,Forestar Real Estate Group LLC,forestar real estate,sec_former_name
0001417398,HILLENBRAND INC,"Batesville Holdings, Inc.",batesville holdings,sec_former_name
0001424657,CUENTAS INC,"NEXT GROUP HOLDINGS, INC.",next group holdings,sec_former_name
0001424657,CUENTAS INC,"Pleasant Kids, Inc.",pleasant kids,sec_former_name
0001424657,CUENTAS INC,"NYBD Holding, Inc.",nybd holding,sec_former_name
0001734713,BRIGHTVIEW HOLDINGS,"BrightView Holdings, Inc.",brightview holdings,sec_current_name
0000050725,GRIFFON CORP,INSTRUMENT SYSTEMS CORP /DE/,instrument systems corp de,sec_former_name
0000080420,POWELL INDUSTRIES INC,PROCESS SYSTEMS INC,process systems,sec_former_name
0000868857,AECOM,AECOM TECHNOLOGY CORP,aecom technology,sec_former_name
0000882184,D R HORTON INC,HORTON D R INC /DE/,horton d r inc de,sec_current_name
0001319161,WARNER MUSIC GROUP CORP,WMG Parent Corp.,wmg parent,sec_former_name
0001600222,PHOENIX EDUCATION PARTNE INC,"Phoenix Education Partners, Inc.",phoenix education partners,sec_current_name
0001600222,PHOENIX EDUCATION PARTNE INC,"AP VIII Queso Holdings, L.P.",ap viii queso holdings lp,sec_former_name
0001674862,ASHLAND INC,ASHLAND GLOBAL HOLDINGS INC,ashland global,sec_former_name
0001768267,CERENCE INC,"Diamond SpinCo, LLC",diamond spinco,sec_former_name
0000002969,AIR PRODUCTS & CHEMICALS INC,AIR PRODUCTS & CHEMICALS INC /DE/,air products chemicals inc de,sec_former_name
0000052988,JACOBS SOLUTIONS INC,JACOBS ENGINEERING GROUP INC /DE/,jacobs engineering group inc de,sec_former_name
0000875582,NORTHERN TECH INTL,NORTHERN TECHNOLOGIES INTERNATIONAL CORP,northern technologies international,sec_current_name
0000875582,NORTHERN TECH INTL,NORTHERN INSTRUMENTS CORP,northern instruments,sec_former_name
0001530950,POST HOLDINGS INC,"Post Holdings, Inc.",post holdings,sec_current_name
0000857005,PTC INC,PARAMETRIC TECHNOLOGY CORP,parametric technology,sec_former_name
0000884614,UGI CORP,UGI CORP /PA/,ugi corp pa,sec_current_name
0000884614,UGI CORP,NEW UGI CORP,new ugi,sec_former_name
0000016040,CABOT CORP,CABOT GODFREY L INC,cabot godfrey l,sec_former_name
0001837240,SYMBOTIC INC,SVF Investment Corp. 3,svf investment corp 3,sec_former_name
0001837240,SYMBOTIC INC,SVF Investment III Corp.,svf investment iii,sec_former_name
0000003545,ALICO INC,ALICO LAND DEVELOPMENT CO,alico land development,sec_former_name
0001048695,F5 INC,"F5 NETWORKS, INC.",f5 networks,sec_former_name
0001048695,F5 INC,F5 NETWORKS INC,f5 networks,sec_former_name
0001048695,F5 INC,F5 LABS INC,f5 labs,sec_former_name
0000108312,WOODWARD INC,WOODWARD GOVERNOR CO,woodward governor,sec_former_name
0001140859,CENCORA INC,AMERISOURCEBERGEN CORP,amerisourcebergen,sec_former_name
0001314052,ANAVEX LIFE SCIENCES CORP,Thrifty Printing Inc.,thrifty printing,sec_former_name
0001748945,Grayscale Horizen Trust (ZEN),Zen Investment Trust,zen investment trust,sec_former_name
0001761325,Grayscale Stellar Lumens Trust (XLM),Stellar Lumens Investment Trust,stellar lumens investment trust,sec_former_name
0001872789,EMBECTA CORP,"Berra Newco, Inc.",berra newco,sec_former_name
0002011286,AMENTUM HOLDINGS INC,"Amentum Holdings, Inc.",amentum holdings,sec_current_name
0002011286,AMENTUM HOLDINGS INC,Amazon Holdco Inc.,amazon holdco,sec_former_name
0000041719,MAGNERA CORP,Glatfelter Corp,glatfelter,sec_former_name
0000041719,MAGNERA CORP,GLATFELTER P H CO,glatfelter p h,sec_former_name
0000720005,RAYMOND JAMES FINANCIAL INC,RJ FINANCIAL CORP/FL,rj financial corpfl,sec_former_name
0000825542,SCOTTS MIRACLE-GRO CO,SCOTTS COMPANY,scotts,sec_former_name
0000825542,SCOTTS MIRACLE-GRO CO,CDS HOLDING CORP,cds,sec_former_name
0000827876,CLEANSPARK INC,STRATEAN INC.,stratean,sec_former_name
0000827876,CLEANSPARK INC,SMARTDATA CORP,smartdata,sec_former_name
0001005210,SUBURBAN PROPANE PRTNRS  -LP,SUBURBAN PROPANE PARTNERS LP,suburban propane partners lp,sec_current_name
0001490906,CAPITOL FEDERAL FINL INC,"Capitol Federal Financial, Inc.",capitol federal financial,sec_current_name
0001490906,CAPITOL FEDERAL FINL INC,Capitol Federal Financial Inc,capitol federal financial,sec_former_name
0001666138,ATKORE INC,Atkore International Group Inc.,atkore international,sec_former_name
0000067887,MOOG INC  -CL A,MOOG INC.,moog,sec_current_name
0000067887,MOOG INC  -CL A,MOOG INC,moog,sec_former_name
0001127475,DIGITAL BRAND MEDIA & MKTG,"Digital Brand Media & Marketing Group, Inc.",digital brand media marketing group,sec_current_name
0001127475,DIGITAL BRAND MEDIA & MKTG,RTG VENTURES INC,rtg ventures,sec_former_name
0001348362,LEXARIA BIOSCIENCE CORP,LEXARIA CORP.,lexaria,sec_former_name
0001348362,LEXARIA BIOSCIENCE CORP,Lexaria Corp.,lexaria,sec_former_name
0001343009,CNBX PHARMACEUTICALS INC,Cannabics Pharmaceuticals Inc.,cannabics pharmaceuticals,sec_former_name
0001343009,CNBX PHARMACEUTICALS INC,American Mining Corp,american mining,sec_former_name
0001343009,CNBX PHARMACEUTICALS INC,Thrust Energy Corp.,thrust energy,sec_former_name
0001605331,AI ERA CORP,AB INTERNATIONAL GROUP CORP.,ab international,sec_current_name
0001967649,VESTIS CORP,"Epic NewCo, Inc.",epic newco,sec_former_name
0002044009,ARMADA ACQUISI CORP II -REDH,Armada Acquisition Corp. II,armada acquisition corp ii,sec_current_name
0000933974,AZENTA INC,"Brooks Automation, Inc.",brooks automation,sec_former_name
0000933974,AZENTA INC,BROOKS AUTOMATION INC,brooks automation,sec_former_name
0000933974,AZENTA INC,BROOKS-PRI AUTOMATION INC,brookspri automation,sec_former_name
0000048465,HORMEL FOODS CORP,HORMEL FOODS CORP /DE/,hormel foods corp de,sec_current_name
0000048465,HORMEL FOODS CORP,HORMEL GEO A & CO,hormel geo a,sec_former_name
0000711404,COOPER COS INC (THE),"COOPER COMPANIES, INC.",cooper companies,sec_current_name
0000711404,COOPER COS INC (THE),COOPER COMPANIES INC,cooper companies,sec_former_name
0000711404,COOPER COS INC (THE),COOPERVISION INC,coopervision,sec_former_name
0000720154,INOTIV INC,BIOANALYTICAL SYSTEMS INC,bioanalytical systems,sec_former_name
0001843714,ZAPATA QUANTUM INC,Zapata Computing Holdings Inc.,zapata computing,sec_former_name
0001843714,ZAPATA QUANTUM INC,Andretti Acquisition Corp.,andretti acquisition,sec_former_name
0000047217,HP INC,HEWLETT PACKARD CO,hewlett packard,sec_former_name
0000720500,AMTECH SYSTEMS INC,QUARTZ ENGINEERING & MATERIALS INC,quartz engineering materials,sec_former_name
0000785557,DLH HOLDINGS CORP,TEAMSTAFF INC,teamstaff,sec_former_name
0000785557,DLH HOLDINGS CORP,DIGITAL SOLUTIONS INC,digital solutions,sec_former_name
0001227654,COMPASS MINERALS INTL INC,COMPASS MINERALS INTERNATIONAL INC,compass minerals international,sec_current_name
0001227654,COMPASS MINERALS INTL INC,SALT HOLDINGS CORP,salt,sec_former_name
0000006951,APPLIED MATERIALS INC,APPLIED MATERIALS INC /DE,applied materials inc de,sec_current_name
0000006951,APPLIED MATERIALS INC,APPLIED MATERIALS TECHNOLOGY INC,applied materials technology,sec_former_name
0001346022,ENERTOPIA CORP,Golden Aria Corp.,golden aria,sec_former_name
0001500198,NEUROONE MED TECHNOLOGIES CO,NEUROONE MEDICAL TECHNOLOGIES Corp,neuroone medical technologies,sec_current_name
0001500198,NEUROONE MED TECHNOLOGIES CO,"Original Source Entertainment, Inc.",original source entertainment,sec_former_name
0002026353,AETHER HOLDINGS INC,"Aether Holdings, Inc.",aether holdings,sec_current_name
0000040570,GEE GROUP INC,GENERAL EMPLOYMENT ENTERPRISES INC,general employment enterprises,sec_former_name
0000040570,GEE GROUP INC,OSHEA CHARLES M CORP,oshea charles m,sec_former_name
0000737758,TORO CO,TORO CO/DE,toro code,sec_former_name
0000810136,PHOTRONICS INC,PHOTRONIC LABS INC,photronic labs,sec_former_name
0001872371,Oaktree Strategic Credit Fund,Oaktree Opportunistic Income Fund,oaktree opportunistic income fund,sec_former_name
0000027673,DEERE (JOHN) CAPITAL CORP,DEERE JOHN CREDIT CO,deere john credit,sec_former_name
0000886128,FUELCELL ENERGY INC,ENERGY RESEARCH CORP /NY/,energy research corp ny,sec_former_name
0001074828,USBC INC,"KNOW LABS, INC.",know labs,sec_former_name
0001074828,USBC INC,VISUALANT INC,visualant,sec_former_name
0001074828,USBC INC,"Visualant, INC",visualant,sec_former_name
0001378590,BRIDGELINE DIGITAL INC,"Bridgeline Software, Inc.",bridgeline software,sec_former_name
0002047497,RITHM ACQUISITION CORP -REDH,Rithm Acquisition Corp.,rithm acquisition,sec_current_name
0000771497,ABM INDUSTRIES INC,ABM INDUSTRIES INC /DE/,abm industries inc de,sec_current_name
0000771497,ABM INDUSTRIES INC,AMERICAN BUILDING MAINTENANCE INDUSTRIES INC,american building maintenance industries,sec_former_name
0001090872,AGILENT TECHNOLOGIES INC,HP MEASUREMENT INC,hp measurement,sec_former_name
0000357294,HOVNANIAN ENTRPRS INC  -CL A,HOVNANIAN ENTERPRISES INC,hovnanian enterprises,sec_current_name
0000046619,HEICO CORP,HEINICKE INSTRUMENTS CO,heinicke instruments,sec_former_name
0000744452,BNB PLUS CORP,APPLIED DNA SCIENCES INC,applied dna sciences,sec_former_name
0000744452,BNB PLUS CORP,PROHEALTH MEDICAL TECHNOLOGIES INC,prohealth medical technologies,sec_former_name
0000744452,BNB PLUS CORP,DCC ACQUISITION CORP,dcc acquisition,sec_former_name
0002038439,VISIONWAVE HOLDINGS INC,"VisionWave Holdings, Inc.",visionwave holdings,sec_current_name
