cik,years_present,annual_filing_count,year_2021_present,year_2022_present,year_2023_present,year_2024_present,years_present_count
0000001750,"2021,2022,2023,2024",4,True,True,True,True,4
0000001800,"2021,2022,2023,2024",4,True,True,True,True,4
0000001961,"2021,2022,2023,2024",4,True,True,True,True,4
0000002098,"2021,2022,2023,2024",4,True,True,True,True,4
0000002178,"2021,2022,2023,2024",4,True,True,True,True,4
0000002186,"2021,2022,2023,2024",7,True,True,True,True,4
0000002488,"2021,2022,2023,2024",4,True,True,True,True,4
0000002969,"2021,2022,2023,2024",4,True,True,True,True,4
0000003146,"2021,2022,2023,2024",4,True,True,True,True,4
0000003153,"2021,2022,2023,2024",4,True,True,True,True,4
0000003197,"2021,2022,2023,2024",4,True,True,True,True,4
0000003453,"2021,2022,2023,2024",4,True,True,True,True,4
0000003499,"2021,2022,2023,2024",4,True,True,True,True,4
0000003545,"2021,2022,2023,2024",4,True,True,True,True,4
0000003570,"2021,2022,2023,2024",4,True,True,True,True,4
0000004127,"2021,2022,2023,2024",8,True,True,True,True,4
0000004281,"2021,2022,2023,2024",4,True,True,True,True,4
0000004447,"2021,2022,2023,2024",4,True,True,True,True,4
0000004457,"2021,2022,2023,2024",4,True,True,True,True,4
0000004515,"2021,2022,2023,2024",4,True,True,True,True,4
0000004904,"2021,2022,2023,2024",4,True,True,True,True,4
0000004962,"2021,2022,2023,2024",4,True,True,True,True,4
0000004977,"2021,2022,2023,2024",4,True,True,True,True,4
0000005272,"2021,2022,2023,2024",4,True,True,True,True,4
0000005513,"2021,2022,2023,2024",4,True,True,True,True,4
0000005981,"2021,2022,2023,2024",4,True,True,True,True,4
0000006176,"2021,2022,2023,2024",4,True,True,True,True,4
0000006201,"2021,2022,2023,2024",4,True,True,True,True,4
0000006207,"2021,2022,2023,2024",4,True,True,True,True,4
0000006281,"2021,2022,2023,2024",4,True,True,True,True,4
0000006769,"2021,2022,2023,2024",4,True,True,True,True,4
0000006845,"2021,2022,2023,2024",5,True,True,True,True,4
0000006879,"2021,2022,2023,2024",4,True,True,True,True,4
0000006951,"2021,2022,2023,2024",4,True,True,True,True,4
0000006955,"2021,2022,2023,2024",4,True,True,True,True,4
0000007084,"2021,2022,2023,2024",5,True,True,True,True,4
0000007286,"2021,2022,2023,2024",4,True,True,True,True,4
0000007323,"2021,2022,2023,2024",4,True,True,True,True,4
0000007332,"2021,2022,2023,2024",5,True,True,True,True,4
0000007431,"2021,2022,2023,2024",4,True,True,True,True,4
0000007536,"2021,2022,2023,2024",4,True,True,True,True,4
0000007623,"2021,2022,2023,2024",4,True,True,True,True,4
0000007789,"2021,2022,2023,2024",4,True,True,True,True,4
0000008063,"2021,2022,2023,2024",4,True,True,True,True,4
0000008146,"2021,2022,2023,2024",4,True,True,True,True,4
0000008177,"2021,2022,2023,2024",4,True,True,True,True,4
0000008192,"2021,2022,2023,2024",4,True,True,True,True,4
0000008504,"2021,2022,2023,2024",5,True,True,True,True,4
0000008670,"2021,2022,2023,2024",4,True,True,True,True,4
0000008818,"2021,2022,2023,2024",4,True,True,True,True,4
0000008858,"2021,2022,2023,2024",4,True,True,True,True,4
0000008947,"2021,2022,2023,2024",4,True,True,True,True,4
0000009092,"2021,2022,2023,2024",4,True,True,True,True,4
0000009326,"2021,2022,2023,2024",4,True,True,True,True,4
0000009389,"2021,2022,2023,2024",4,True,True,True,True,4
0000009466,"2021,2022,2023,2024",4,True,True,True,True,4
0000009984,"2021,2022,2023,2024",4,True,True,True,True,4
0000010048,"2021,2022,2023,2024",8,True,True,True,True,4
0000010329,"2021,2022,2023,2024",4,True,True,True,True,4
0000010456,"2021,2022,2023,2024",4,True,True,True,True,4
0000010795,"2021,2022,2023,2024",4,True,True,True,True,4
0000011544,"2021,2022,2023,2024",4,True,True,True,True,4
0000012040,"2021,2022,2023,2024",5,True,True,True,True,4
0000012208,"2021,2022,2023,2024",4,True,True,True,True,4
0000012239,"2021,2022,2023,2024",4,True,True,True,True,4
0000012659,"2021,2022,2023,2024",4,True,True,True,True,4
0000012927,"2021,2022,2023,2024",4,True,True,True,True,4
0000013156,"2021,2022,2023,2024",7,True,True,True,True,4
0000013372,"2021,2022,2023,2024",4,True,True,True,True,4
0000014177,"2021,2022,2023,2024",5,True,True,True,True,4
0000014272,"2021,2022,2023,2024",4,True,True,True,True,4
0000014693,"2021,2022,2023,2024",4,True,True,True,True,4
0000014707,"2021,2022,2023,2024",4,True,True,True,True,4
0000014846,"2021,2022,2023,2024",5,True,True,True,True,4
0000014930,"2021,2022,2023,2024",5,True,True,True,True,4
0000015357,"2021,2022,2023,2024",4,True,True,True,True,4
0000015615,"2021,2022,2023,2024",4,True,True,True,True,4
0000015847,"2021,2022,2023,2024",5,True,True,True,True,4
0000016040,"2021,2022,2023,2024",4,True,True,True,True,4
0000016058,"2021,2022,2023,2024",4,True,True,True,True,4
0000016160,"2021,2022,2023,2024",4,True,True,True,True,4
0000016732,"2021,2022,2023,2024",4,True,True,True,True,4
0000016875,"2021,2022,2023,2024",8,True,True,True,True,4
0000016918,"2021,2022,2023,2024",4,True,True,True,True,4
0000017313,"2021,2022,2023,2024",4,True,True,True,True,4
0000017797,"2021,2022,2023,2024",7,True,True,True,True,4
0000017843,"2021,2022,2023,2024",4,True,True,True,True,4
0000018230,"2021,2022,2023,2024",4,True,True,True,True,4
0000018255,"2021,2022,2023,2024",4,True,True,True,True,4
0000018349,"2021,2022,2023,2024",4,True,True,True,True,4
0000018498,"2021,2022,2023,2024",5,True,True,True,True,4
0000018654,"2021,2022,2023,2024",4,True,True,True,True,4
0000018672,"2021,2022,2023,2024",6,True,True,True,True,4
0000018926,"2021,2022,2023,2024",4,True,True,True,True,4
0000019584,"2021,2022,2023,2024",4,True,True,True,True,4
0000019617,"2021,2022,2023,2024",4,True,True,True,True,4
0000019745,"2021,2022,2023,2024",5,True,True,True,True,4
0000019871,"2021,2022,2023,2024",4,True,True,True,True,4
0000020212,"2021,2022,2023,2024",4,True,True,True,True,4
0000020286,"2021,2022,2023,2024",4,True,True,True,True,4
0000020290,"2021,2022,2023,2024",4,True,True,True,True,4
0000020520,"2021,2022,2023,2024",5,True,True,True,True,4
0000020639,"2021,2022,2023,2024",4,True,True,True,True,4
0000020947,"2021,2022,2023,2024",4,True,True,True,True,4
0000021076,"2021,2022,2023,2024",4,True,True,True,True,4
0000021175,"2021,2022,2023,2024",4,True,True,True,True,4
0000021344,"2021,2022,2023,2024",4,True,True,True,True,4
0000021535,"2021,2022,2023,2024",4,True,True,True,True,4
0000021665,"2021,2022,2023,2024",4,True,True,True,True,4
0000022356,"2021,2022,2023,2024",4,True,True,True,True,4
0000022444,"2021,2022,2023,2024",4,True,True,True,True,4
0000022606,"2021,2022,2023,2024",4,True,True,True,True,4
0000022701,"2021,2022,2023,2024",7,True,True,True,True,4
0000022767,"2021,2022,2023,2024",4,True,True,True,True,4
0000023194,"2021,2022,2023,2024",4,True,True,True,True,4
0000023197,"2021,2022,2023,2024",4,True,True,True,True,4
0000023217,"2021,2022,2023,2024",4,True,True,True,True,4
0000023426,"2021,2022,2023,2024",4,True,True,True,True,4
0000023632,"2021,2022,2023,2024",4,True,True,True,True,4
0000023795,"2021,2022,2023,2024",4,True,True,True,True,4
0000024090,"2021,2022,2023,2024",4,True,True,True,True,4
0000024545,"2021,2022,2023,2024",4,True,True,True,True,4
0000024741,"2021,2022,2023,2024",4,True,True,True,True,4
0000025232,"2021,2022,2023,2024",4,True,True,True,True,4
0000025445,"2021,2022,2023,2024",4,True,True,True,True,4
0000025475,"2021,2022,2023,2024",4,True,True,True,True,4
0000025598,"2021,2022,2023,2024",4,True,True,True,True,4
0000025743,"2021,2022,2023,2024",7,True,True,True,True,4
0000025895,"2021,2022,2023,2024",4,True,True,True,True,4
0000026058,"2021,2022,2023,2024",4,True,True,True,True,4
0000026172,"2021,2022,2023,2024",4,True,True,True,True,4
0000026324,"2021,2022,2023,2024",4,True,True,True,True,4
0000026780,"2021,2022,2023,2024",4,True,True,True,True,4
0000027093,"2021,2022,2023,2024",7,True,True,True,True,4
0000027419,"2021,2022,2023,2024",4,True,True,True,True,4
0000027430,"2021,2022,2023,2024",4,True,True,True,True,4
0000027673,"2021,2022,2023,2024",4,True,True,True,True,4
0000027879,"2021,2022,2023,2024",4,True,True,True,True,4
0000027904,"2021,2022,2023,2024",4,True,True,True,True,4
0000027996,"2021,2022,2023,2024",4,True,True,True,True,4
0000028385,"2021,2022,2023,2024",4,True,True,True,True,4
0000028412,"2021,2022,2023,2024",4,True,True,True,True,4
0000028823,"2021,2022,2023,2024",4,True,True,True,True,4
0000028917,"2021,2022,2023,2024",4,True,True,True,True,4
0000029002,"2021,2022,2023,2024",4,True,True,True,True,4
0000029332,"2021,2022,2023,2024",4,True,True,True,True,4
0000029534,"2021,2022,2023,2024",4,True,True,True,True,4
0000029644,"2021,2022,2023,2024",4,True,True,True,True,4
0000029905,"2021,2022,2023,2024",4,True,True,True,True,4
0000029915,"2021,2022,2023,2024",4,True,True,True,True,4
0000029989,"2021,2022,2023,2024",4,True,True,True,True,4
0000030305,"2021,2022,2023,2024",4,True,True,True,True,4
0000030371,"2021,2022,2023,2024",7,True,True,True,True,4
0000030554,"2021,2022,2023,2024",4,True,True,True,True,4
0000030625,"2021,2022,2023,2024",4,True,True,True,True,4
0000030697,"2021,2022,2023,2024",4,True,True,True,True,4
0000031107,"2021,2022,2023,2024",4,True,True,True,True,4
0000031235,"2021,2022,2023,2024",5,True,True,True,True,4
0000031462,"2021,2022,2023,2024",4,True,True,True,True,4
0000031667,"2021,2022,2023,2024",4,True,True,True,True,4
0000031791,"2021,2022,2023,2024",4,True,True,True,True,4
0000032604,"2021,2022,2023,2024",4,True,True,True,True,4
0000032621,"2021,2022,2023,2024",7,True,True,True,True,4
0000033002,"2021,2022,2023,2024",4,True,True,True,True,4
0000033185,"2021,2022,2023,2024",4,True,True,True,True,4
0000033213,"2021,2022,2023,2024",4,True,True,True,True,4
0000033488,"2021,2022,2023,2024",6,True,True,True,True,4
0000033533,"2021,2022,2023,2024",4,True,True,True,True,4
0000033992,"2021,2022,2023,2024",4,True,True,True,True,4
0000034067,"2021,2022,2023,2024",4,True,True,True,True,4
0000034088,"2021,2022,2023,2024",4,True,True,True,True,4
0000034285,"2021,2022,2023,2024",4,True,True,True,True,4
0000034563,"2021,2022,2023,2024",7,True,True,True,True,4
0000034782,"2021,2022,2023,2024",4,True,True,True,True,4
0000034903,"2021,2022,2023,2024",4,True,True,True,True,4
0000034956,"2021,2022,2023,2024",5,True,True,True,True,4
0000035527,"2021,2022,2023,2024",4,True,True,True,True,4
0000036029,"2021,2022,2023,2024",4,True,True,True,True,4
0000036104,"2021,2022,2023,2024",4,True,True,True,True,4
0000036146,"2021,2022,2023,2024",4,True,True,True,True,4
0000036270,"2021,2022,2023,2024",4,True,True,True,True,4
0000036377,"2021,2022,2023,2024",4,True,True,True,True,4
0000036840,"2021,2022,2023,2024",4,True,True,True,True,4
0000036966,"2021,2022,2023,2024",5,True,True,True,True,4
0000037472,"2021,2022,2023,2024",4,True,True,True,True,4
0000037634,"2021,2022,2023,2024",4,True,True,True,True,4
0000037637,"2021,2022,2023,2024",8,True,True,True,True,4
0000037785,"2021,2022,2023,2024",4,True,True,True,True,4
0000037808,"2021,2022,2023,2024",4,True,True,True,True,4
0000037996,"2021,2022,2023,2024",4,True,True,True,True,4
0000038009,"2021,2022,2023,2024",4,True,True,True,True,4
0000038264,"2021,2022,2023,2024",4,True,True,True,True,4
0000038723,"2021,2022,2023,2024",4,True,True,True,True,4
0000038725,"2021,2022,2023,2024",4,True,True,True,True,4
0000038777,"2021,2022,2023,2024",4,True,True,True,True,4
0000039020,"2021,2022,2023,2024",5,True,True,True,True,4
0000039092,"2021,2022,2023,2024",4,True,True,True,True,4
0000039263,"2021,2022,2023,2024",4,True,True,True,True,4
0000039311,"2021,2022,2023,2024",4,True,True,True,True,4
0000039368,"2021,2022,2023,2024",5,True,True,True,True,4
0000039899,"2021,2022,2023,2024",6,True,True,True,True,4
0000039911,"2021,2022,2023,2024",4,True,True,True,True,4
0000040211,"2021,2022,2023,2024",6,True,True,True,True,4
0000040533,"2021,2022,2023,2024",4,True,True,True,True,4
0000040545,"2021,2022,2023,2024",4,True,True,True,True,4
0000040570,"2021,2022,2023,2024",4,True,True,True,True,4
0000040704,"2021,2022,2023,2024",4,True,True,True,True,4
0000040729,"2021,2022,2023,2024",4,True,True,True,True,4
0000040987,"2021,2022,2023,2024",4,True,True,True,True,4
0000041091,"2021,2022,2023,2024",4,True,True,True,True,4
0000041719,"2021,2022,2023,2024",4,True,True,True,True,4
0000042582,"2021,2022,2023,2024",4,True,True,True,True,4
0000042682,"2021,2022,2023,2024",4,True,True,True,True,4
0000042888,"2021,2022,2023,2024",4,True,True,True,True,4
0000043196,"2021,2022,2023,2024",4,True,True,True,True,4
0000043920,"2021,2022,2023,2024",4,True,True,True,True,4
0000045012,"2021,2022,2023,2024",4,True,True,True,True,4
0000045876,"2021,2022,2023,2024",4,True,True,True,True,4
0000045919,"2021,2022,2023,2024",5,True,True,True,True,4
0000046080,"2021,2022,2023,2024",4,True,True,True,True,4
0000046129,"2021,2022,2023,2024",4,True,True,True,True,4
0000046195,"2021,2022,2023,2024",5,True,True,True,True,4
0000046207,"2021,2022,2023,2024",4,True,True,True,True,4
0000046250,"2021,2022,2023,2024",4,True,True,True,True,4
0000046619,"2021,2022,2023,2024",4,True,True,True,True,4
0000046765,"2021,2022,2023,2024",4,True,True,True,True,4
0000047111,"2021,2022,2023,2024",4,True,True,True,True,4
0000047129,"2021,2022,2023,2024",4,True,True,True,True,4
0000047217,"2021,2022,2023,2024",5,True,True,True,True,4
0000047307,"2021,2022,2023,2024",4,True,True,True,True,4
0000048287,"2021,2022,2023,2024",4,True,True,True,True,4
0000048465,"2021,2022,2023,2024",4,True,True,True,True,4
0000048732,"2021,2022,2023,2024",4,True,True,True,True,4
0000048898,"2021,2022,2023,2024",4,True,True,True,True,4
0000049071,"2021,2022,2023,2024",4,True,True,True,True,4
0000049196,"2021,2022,2023,2024",4,True,True,True,True,4
0000049600,"2021,2022,2023,2024",4,True,True,True,True,4
0000049648,"2021,2022,2023,2024",4,True,True,True,True,4
0000049754,"2021,2022,2023,2024",4,True,True,True,True,4
0000049826,"2021,2022,2023,2024",4,True,True,True,True,4
0000049938,"2021,2022,2023,2024",4,True,True,True,True,4
0000050172,"2021,2022,2023,2024",4,True,True,True,True,4
0000050471,"2021,2022,2023,2024",4,True,True,True,True,4
0000050493,"2021,2022,2023,2024",4,True,True,True,True,4
0000050725,"2021,2022,2023,2024",4,True,True,True,True,4
0000050863,"2021,2022,2023,2024",4,True,True,True,True,4
0000051143,"2021,2022,2023,2024",4,True,True,True,True,4
0000051253,"2021,2022,2023,2024",4,True,True,True,True,4
0000051434,"2021,2022,2023,2024",4,True,True,True,True,4
0000051644,"2021,2022,2023,2024",4,True,True,True,True,4
0000052428,"2021,2022,2023,2024",4,True,True,True,True,4
0000052485,"2021,2022,2023,2024",4,True,True,True,True,4
0000052827,"2021,2022,2023,2024",4,True,True,True,True,4
0000052988,"2021,2022,2023,2024",4,True,True,True,True,4
0000054187,"2021,2022,2023,2024",4,True,True,True,True,4
0000054381,"2021,2022,2023,2024",5,True,True,True,True,4
0000054476,"2021,2022,2023,2024",4,True,True,True,True,4
0000054507,"2021,2022,2023,2024",4,True,True,True,True,4
0000055067,"2021,2022,2023,2024",4,True,True,True,True,4
0000055135,"2021,2022,2023,2024",4,True,True,True,True,4
0000055234,"2021,2022,2023,2024",6,True,True,True,True,4
0000055242,"2021,2022,2023,2024",4,True,True,True,True,4
0000055387,"2021,2022,2023,2024",4,True,True,True,True,4
0000055529,"2021,2022,2023,2024",4,True,True,True,True,4
0000055785,"2021,2022,2023,2024",4,True,True,True,True,4
0000056047,"2021,2022,2023,2024",4,True,True,True,True,4
0000056679,"2021,2022,2023,2024",4,True,True,True,True,4
0000056701,"2021,2022,2023,2024",4,True,True,True,True,4
0000056868,"2021,2022,2023,2024",5,True,True,True,True,4
0000056873,"2021,2022,2023,2024",4,True,True,True,True,4
0000056978,"2021,2022,2023,2024",5,True,True,True,True,4
0000057131,"2021,2022,2023,2024",4,True,True,True,True,4
0000057183,"2021,2022,2023,2024",4,True,True,True,True,4
0000057515,"2021,2022,2023,2024",4,True,True,True,True,4
0000058492,"2021,2022,2023,2024",4,True,True,True,True,4
0000059255,"2021,2022,2023,2024",4,True,True,True,True,4
0000059440,"2021,2022,2023,2024",6,True,True,True,True,4
0000059478,"2021,2022,2023,2024",4,True,True,True,True,4
0000059527,"2021,2022,2023,2024",4,True,True,True,True,4
0000059558,"2021,2022,2023,2024",5,True,True,True,True,4
0000060086,"2021,2022,2023,2024",4,True,True,True,True,4
0000060519,"2021,2022,2023,2024",4,True,True,True,True,4
0000060549,"2021,2022,2023,2024",4,True,True,True,True,4
0000060667,"2021,2022,2023,2024",4,True,True,True,True,4
0000060714,"2021,2022,2023,2024",5,True,True,True,True,4
0000061004,"2021,2022,2023,2024",4,True,True,True,True,4
0000061339,"2021,2022,2023,2024",4,True,True,True,True,4
0000061398,"2021,2022,2023,2024",4,True,True,True,True,4
0000061986,"2021,2022,2023,2024",4,True,True,True,True,4
0000062234,"2021,2022,2023,2024",4,True,True,True,True,4
0000062362,"2021,2022,2023,2024",4,True,True,True,True,4
0000062709,"2021,2022,2023,2024",4,True,True,True,True,4
0000062996,"2021,2022,2023,2024",4,True,True,True,True,4
0000063276,"2021,2022,2023,2024",4,True,True,True,True,4
0000063296,"2021,2022,2023,2024",4,True,True,True,True,4
0000063330,"2021,2022,2023,2024",5,True,True,True,True,4
0000063754,"2021,2022,2023,2024",4,True,True,True,True,4
0000063908,"2021,2022,2023,2024",4,True,True,True,True,4
0000064040,"2021,2022,2023,2024",4,True,True,True,True,4
0000064463,"2021,2022,2023,2024",6,True,True,True,True,4
0000064803,"2021,2022,2023,2024",4,True,True,True,True,4
0000064996,"2021,2022,2023,2024",4,True,True,True,True,4
0000065172,"2021,2022,2023,2024",4,True,True,True,True,4
0000065270,"2021,2022,2023,2024",4,True,True,True,True,4
0000065312,"2021,2022,2023,2024",9,True,True,True,True,4
0000065596,"2021,2022,2023,2024",5,True,True,True,True,4
0000065759,"2021,2022,2023,2024",5,True,True,True,True,4
0000065770,"2021,2022,2023,2024",4,True,True,True,True,4
0000065984,"2021,2022,2023,2024",4,True,True,True,True,4
0000066004,"2021,2022,2023,2024",5,True,True,True,True,4
0000066382,"2021,2022,2023,2024",5,True,True,True,True,4
0000066418,"2021,2022,2023,2024",4,True,True,True,True,4
0000066496,"2021,2022,2023,2024",4,True,True,True,True,4
0000066570,"2021,2022,2023,2024",4,True,True,True,True,4
0000066740,"2021,2022,2023,2024",4,True,True,True,True,4
0000066756,"2021,2022,2023,2024",4,True,True,True,True,4
0000066901,"2021,2022,2023,2024",4,True,True,True,True,4
0000066904,"2021,2022,2023,2024",4,True,True,True,True,4
0000067215,"2021,2022,2023,2024",4,True,True,True,True,4
0000067347,"2021,2022,2023,2024",4,True,True,True,True,4
0000067716,"2021,2022,2023,2024",4,True,True,True,True,4
0000067887,"2021,2022,2023,2024",4,True,True,True,True,4
0000068505,"2021,2022,2023,2024",4,True,True,True,True,4
0000068622,"2021,2022,2023,2024",4,True,True,True,True,4
0000069422,"2021,2022,2023,2024",5,True,True,True,True,4
0000069488,"2021,2022,2023,2024",4,True,True,True,True,4
0000069633,"2021,2022,2023,2024",5,True,True,True,True,4
0000069733,"2021,2022,2023,2024",4,True,True,True,True,4
0000069891,"2021,2022,2023,2024",5,True,True,True,True,4
0000070145,"2021,2022,2023,2024",4,True,True,True,True,4
0000070318,"2021,2022,2023,2024",4,True,True,True,True,4
0000070487,"2021,2022,2023,2024",5,True,True,True,True,4
0000070502,"2021,2022,2023,2024",4,True,True,True,True,4
0000070858,"2021,2022,2023,2024",4,True,True,True,True,4
0000070866,"2021,2022,2023,2024",4,True,True,True,True,4
0000071180,"2021,2022,2023,2024",4,True,True,True,True,4
0000071508,"2021,2022,2023,2024",4,True,True,True,True,4
0000071557,"2021,2022,2023,2024",6,True,True,True,True,4
0000071691,"2021,2022,2023,2024",4,True,True,True,True,4
0000071829,"2021,2022,2023,2024",4,True,True,True,True,4
0000072162,"2021,2022,2023,2024",4,True,True,True,True,4
0000072205,"2021,2022,2023,2024",4,True,True,True,True,4
0000072331,"2021,2022,2023,2024",5,True,True,True,True,4
0000072333,"2021,2022,2023,2024",4,True,True,True,True,4
0000072444,"2021,2022,2023,2024",4,True,True,True,True,4
0000072573,"2021,2022,2023,2024",4,True,True,True,True,4
0000072633,"2021,2022,2023,2024",6,True,True,True,True,4
0000072741,"2021,2022,2023,2024",4,True,True,True,True,4
0000072903,"2021,2022,2023,2024",4,True,True,True,True,4
0000072909,"2021,2022,2023,2024",4,True,True,True,True,4
0000072971,"2021,2022,2023,2024",4,True,True,True,True,4
0000073020,"2021,2022,2023,2024",4,True,True,True,True,4
0000073124,"2021,2022,2023,2024",4,True,True,True,True,4
0000073290,"2021,2022,2023,2024",5,True,True,True,True,4
0000073309,"2021,2022,2023,2024",4,True,True,True,True,4
0000073756,"2021,2022,2023,2024",4,True,True,True,True,4
0000073960,"2021,2022,2023,2024",4,True,True,True,True,4
0000073986,"2021,2022,2023,2024",4,True,True,True,True,4
0000074046,"2021,2022,2023,2024",4,True,True,True,True,4
0000074145,"2021,2022,2023,2024",4,True,True,True,True,4
0000074208,"2021,2022,2023,2024",5,True,True,True,True,4
0000074260,"2021,2022,2023,2024",4,True,True,True,True,4
0000074303,"2021,2022,2023,2024",4,True,True,True,True,4
0000075208,"2021,2022,2023,2024",5,True,True,True,True,4
0000075252,"2021,2022,2023,2024",4,True,True,True,True,4
0000075288,"2021,2022,2023,2024",4,True,True,True,True,4
0000075362,"2021,2022,2023,2024",4,True,True,True,True,4
0000075488,"2021,2022,2023,2024",4,True,True,True,True,4
0000075594,"2021,2022,2023,2024",4,True,True,True,True,4
0000075677,"2021,2022,2023,2024",4,True,True,True,True,4
0000076267,"2021,2022,2023,2024",4,True,True,True,True,4
0000076282,"2021,2022,2023,2024",4,True,True,True,True,4
0000076334,"2021,2022,2023,2024",4,True,True,True,True,4
0000076605,"2021,2022,2023,2024",4,True,True,True,True,4
0000077360,"2021,2022,2023,2024",4,True,True,True,True,4
0000077476,"2021,2022,2023,2024",4,True,True,True,True,4
0000077543,"2021,2022,2023,2024",4,True,True,True,True,4
0000078003,"2021,2022,2023,2024",4,True,True,True,True,4
0000078100,"2021,2022,2023,2024",4,True,True,True,True,4
0000078128,"2021,2022,2023,2024",4,True,True,True,True,4
0000078239,"2021,2022,2023,2024",4,True,True,True,True,4
0000078460,"2021,2022,2023,2024",4,True,True,True,True,4
0000078749,"2021,2022,2023,2024",5,True,True,True,True,4
0000078814,"2021,2022,2023,2024",4,True,True,True,True,4
0000078890,"2021,2022,2023,2024",4,True,True,True,True,4
0000079282,"2021,2022,2023,2024",4,True,True,True,True,4
0000079661,"2021,2022,2023,2024",5,True,True,True,True,4
0000079732,"2021,2022,2023,2024",4,True,True,True,True,4
0000079879,"2021,2022,2023,2024",4,True,True,True,True,4
0000080035,"2021,2022,2023,2024",4,True,True,True,True,4
0000080172,"2021,2022,2023,2024",4,True,True,True,True,4
0000080420,"2021,2022,2023,2024",4,True,True,True,True,4
0000080424,"2021,2022,2023,2024",4,True,True,True,True,4
0000080661,"2021,2022,2023,2024",4,True,True,True,True,4
0000081018,"2021,2022,2023,2024",4,True,True,True,True,4
0000081020,"2021,2022,2023,2024",4,True,True,True,True,4
0000081023,"2021,2022,2023,2024",4,True,True,True,True,4
0000081027,"2021,2022,2023,2024",4,True,True,True,True,4
0000081033,"2021,2022,2023,2024",4,True,True,True,True,4
0000081061,"2021,2022,2023,2024",4,True,True,True,True,4
0000081100,"2021,2022,2023,2024",4,True,True,True,True,4
0000081362,"2021,2022,2023,2024",5,True,True,True,True,4
0000081955,"2021,2022,2023,2024",4,True,True,True,True,4
0000082020,"2021,2022,2023,2024",4,True,True,True,True,4
0000082473,"2021,2022,2023,2024",4,True,True,True,True,4
0000082811,"2021,2022,2023,2024",4,True,True,True,True,4
0000083246,"2021,2022,2023,2024",4,True,True,True,True,4
0000083350,"2021,2022,2023,2024",5,True,True,True,True,4
0000084112,"2021,2022,2023,2024",4,True,True,True,True,4
0000084129,"2021,2022,2023,2024",4,True,True,True,True,4
0000084246,"2021,2022,2023,2024",4,True,True,True,True,4
0000084748,"2021,2022,2023,2024",4,True,True,True,True,4
0000084839,"2021,2022,2023,2024",4,True,True,True,True,4
0000085961,"2021,2022,2023,2024",4,True,True,True,True,4
0000086115,"2021,2022,2023,2024",4,True,True,True,True,4
0000086312,"2021,2022,2023,2024",4,True,True,True,True,4
0000086521,"2021,2022,2023,2024",4,True,True,True,True,4
0000087050,"2021,2022,2023,2024",5,True,True,True,True,4
0000087347,"2021,2022,2023,2024",4,True,True,True,True,4
0000088000,"2021,2022,2023,2024",4,True,True,True,True,4
0000088121,"2021,2022,2023,2024",4,True,True,True,True,4
0000088205,"2021,2022,2023,2024",4,True,True,True,True,4
0000088941,"2021,2022,2023,2024",4,True,True,True,True,4
0000088948,"2021,2022,2023,2024",5,True,True,True,True,4
0000089089,"2021,2022,2023,2024",4,True,True,True,True,4
0000089140,"2021,2022,2023,2024",7,True,True,True,True,4
0000089439,"2021,2022,2023,2024",4,True,True,True,True,4
0000089800,"2021,2022,2023,2024",4,True,True,True,True,4
0000090144,"2021,2022,2023,2024",4,True,True,True,True,4
0000090498,"2021,2022,2023,2024",4,True,True,True,True,4
0000090896,"2021,2022,2023,2024",4,True,True,True,True,4
0000091142,"2021,2022,2023,2024",4,True,True,True,True,4
0000091419,"2021,2022,2023,2024",4,True,True,True,True,4
0000091440,"2021,2022,2023,2024",4,True,True,True,True,4
0000091576,"2021,2022,2023,2024",4,True,True,True,True,4
0000091668,"2021,2022,2023,2024",6,True,True,True,True,4
0000091767,"2021,2022,2023,2024",4,True,True,True,True,4
0000091882,"2021,2022,2023,2024",4,True,True,True,True,4
0000092103,"2021,2022,2023,2024",7,True,True,True,True,4
0000092108,"2021,2022,2023,2024",4,True,True,True,True,4
0000092116,"2021,2022,2023,2024",4,True,True,True,True,4
0000092122,"2021,2022,2023,2024",4,True,True,True,True,4
0000092230,"2021,2022,2023,2024",4,True,True,True,True,4
0000092380,"2021,2022,2023,2024",4,True,True,True,True,4
0000092416,"2021,2022,2023,2024",4,True,True,True,True,4
0000092487,"2021,2022,2023,2024",4,True,True,True,True,4
0000092521,"2021,2022,2023,2024",4,True,True,True,True,4
0000093314,"2021,2022,2023,2024",4,True,True,True,True,4
0000093389,"2021,2022,2023,2024",4,True,True,True,True,4
0000093410,"2021,2022,2023,2024",4,True,True,True,True,4
0000093556,"2021,2022,2023,2024",5,True,True,True,True,4
0000093751,"2021,2022,2023,2024",4,True,True,True,True,4
0000094049,"2021,2022,2023,2024",4,True,True,True,True,4
0000094344,"2021,2022,2023,2024",4,True,True,True,True,4
0000094845,"2021,2022,2023,2024",4,True,True,True,True,4
0000095029,"2021,2022,2023,2024",4,True,True,True,True,4
0000095552,"2021,2022,2023,2024",4,True,True,True,True,4
0000095574,"2021,2022,2023,2024",4,True,True,True,True,4
0000095953,"2021,2022,2023,2024",4,True,True,True,True,4
0000096021,"2021,2022,2023,2024",4,True,True,True,True,4
0000096223,"2021,2022,2023,2024",4,True,True,True,True,4
0000096271,"2021,2022,2023,2024",4,True,True,True,True,4
0000096536,"2021,2022,2023,2024",4,True,True,True,True,4
0000096793,"2021,2022,2023,2024",5,True,True,True,True,4
0000096869,"2021,2022,2023,2024",4,True,True,True,True,4
0000096885,"2021,2022,2023,2024",4,True,True,True,True,4
0000096943,"2021,2022,2023,2024",4,True,True,True,True,4
0000097134,"2021,2022,2023,2024",4,True,True,True,True,4
0000097210,"2021,2022,2023,2024",4,True,True,True,True,4
0000097216,"2021,2022,2023,2024",4,True,True,True,True,4
0000097476,"2021,2022,2023,2024",4,True,True,True,True,4
0000097745,"2021,2022,2023,2024",4,True,True,True,True,4
0000098222,"2021,2022,2023,2024",5,True,True,True,True,4
0000098362,"2021,2022,2023,2024",4,True,True,True,True,4
0000098677,"2021,2022,2023,2024",5,True,True,True,True,4
0000099106,"2021,2022,2023,2024",4,True,True,True,True,4
0000099250,"2021,2022,2023,2024",4,True,True,True,True,4
0000099302,"2021,2022,2023,2024",4,True,True,True,True,4
0000099780,"2021,2022,2023,2024",4,True,True,True,True,4
0000100122,"2021,2022,2023,2024",5,True,True,True,True,4
0000100378,"2021,2022,2023,2024",4,True,True,True,True,4
0000100493,"2021,2022,2023,2024",5,True,True,True,True,4
0000100517,"2021,2022,2023,2024",4,True,True,True,True,4
0000100591,"2021,2022,2023,2024",4,True,True,True,True,4
0000100726,"2021,2022,2023,2024",4,True,True,True,True,4
0000100790,"2021,2022,2023,2024",4,True,True,True,True,4
0000100826,"2021,2022,2023,2024",4,True,True,True,True,4
0000100885,"2021,2022,2023,2024",4,True,True,True,True,4
0000101199,"2021,2022,2023,2024",5,True,True,True,True,4
0000101295,"2021,2022,2023,2024",5,True,True,True,True,4
0000101382,"2021,2022,2023,2024",4,True,True,True,True,4
0000101538,"2021,2022,2023,2024",5,True,True,True,True,4
0000101594,"2021,2022,2023,2024",4,True,True,True,True,4
0000101778,"2021,2022,2023,2024",4,True,True,True,True,4
0000101829,"2021,2022,2023,2024",4,True,True,True,True,4
0000101984,"2021,2022,2023,2024",4,True,True,True,True,4
0000102037,"2021,2022,2023,2024",4,True,True,True,True,4
0000102109,"2021,2022,2023,2024",5,True,True,True,True,4
0000102212,"2021,2022,2023,2024",4,True,True,True,True,4
0000102729,"2021,2022,2023,2024",4,True,True,True,True,4
0000102752,"2021,2022,2023,2024",4,True,True,True,True,4
0000103145,"2021,2022,2023,2024",4,True,True,True,True,4
0000103379,"2021,2022,2023,2024",4,True,True,True,True,4
0000103595,"2021,2022,2023,2024",4,True,True,True,True,4
0000103682,"2021,2022,2023,2024",4,True,True,True,True,4
0000103730,"2021,2022,2023,2024",4,True,True,True,True,4
0000104169,"2021,2022,2023,2024",4,True,True,True,True,4
0000104889,"2021,2022,2023,2024",4,True,True,True,True,4
0000104894,"2021,2022,2023,2024",4,True,True,True,True,4
0000104918,"2021,2022,2023,2024",4,True,True,True,True,4
0000105016,"2021,2022,2023,2024",4,True,True,True,True,4
0000105132,"2021,2022,2023,2024",4,True,True,True,True,4
0000105319,"2021,2022,2023,2024",5,True,True,True,True,4
0000105418,"2021,2022,2023,2024",4,True,True,True,True,4
0000105634,"2021,2022,2023,2024",4,True,True,True,True,4
0000105744,"2021,2022,2023,2024",4,True,True,True,True,4
0000105770,"2021,2022,2023,2024",4,True,True,True,True,4
0000106040,"2021,2022,2023,2024",4,True,True,True,True,4
0000106532,"2021,2022,2023,2024",4,True,True,True,True,4
0000106535,"2021,2022,2023,2024",4,True,True,True,True,4
0000106640,"2021,2022,2023,2024",4,True,True,True,True,4
0000107140,"2021,2022,2023,2024",4,True,True,True,True,4
0000107263,"2021,2022,2023,2024",4,True,True,True,True,4
0000107687,"2021,2022,2023,2024",4,True,True,True,True,4
0000107815,"2021,2022,2023,2024",4,True,True,True,True,4
0000107832,"2021,2022,2023,2024",4,True,True,True,True,4
0000107833,"2021,2022,2023,2024",4,True,True,True,True,4
0000108312,"2021,2022,2023,2024",4,True,True,True,True,4
0000108385,"2021,2022,2023,2024",4,True,True,True,True,4
0000108516,"2021,2022,2023,2024",5,True,True,True,True,4
0000108772,"2021,2022,2023,2024",4,True,True,True,True,4
0000108985,"2021,2022,2023,2024",4,True,True,True,True,4
0000109177,"2021,2022,2023,2024",8,True,True,True,True,4
0000109198,"2021,2022,2023,2024",4,True,True,True,True,4
0000109380,"2021,2022,2023,2024",4,True,True,True,True,4
0000109563,"2021,2022,2023,2024",5,True,True,True,True,4
0000109657,"2021,2022,2023,2024",4,True,True,True,True,4
0000110019,"2021,2022,2023,2024",4,True,True,True,True,4
0000110471,"2021,2022,2023,2024",4,True,True,True,True,4
0000110621,"2021,2022,2023,2024",4,True,True,True,True,4
0000200406,"2021,2022,2023,2024",4,True,True,True,True,4
0000201533,"2021,2022,2023,2024",4,True,True,True,True,4
0000202058,"2021,2022,2023,2024",4,True,True,True,True,4
0000202584,"2021,2022,2023,2024",4,True,True,True,True,4
0000202947,"2021,2022,2023,2024",4,True,True,True,True,4
0000203596,"2021,2022,2023,2024",5,True,True,True,True,4
0000205402,"2021,2022,2023,2024",8,True,True,True,True,4
0000215466,"2021,2022,2023,2024",4,True,True,True,True,4
0000216085,"2021,2022,2023,2024",4,True,True,True,True,4
0000216228,"2021,2022,2023,2024",4,True,True,True,True,4
0000217346,"2021,2022,2023,2024",4,True,True,True,True,4
0000230557,"2021,2022,2023,2024",4,True,True,True,True,4
0000275053,"2021,2022,2023,2024",5,True,True,True,True,4
0000275880,"2021,2022,2023,2024",4,True,True,True,True,4
0000276720,"2021,2022,2023,2024",4,True,True,True,True,4
0000277135,"2021,2022,2023,2024",4,True,True,True,True,4
0000277509,"2021,2022,2023,2024",4,True,True,True,True,4
0000277638,"2021,2022,2023,2024",4,True,True,True,True,4
0000277948,"2021,2022,2023,2024",4,True,True,True,True,4
0000278165,"2021,2022,2023,2024",4,True,True,True,True,4
0000278166,"2021,2022,2023,2024",4,True,True,True,True,4
0000310142,"2021,2022,2023,2024",4,True,True,True,True,4
0000310158,"2021,2022,2023,2024",5,True,True,True,True,4
0000310354,"2021,2022,2023,2024",4,True,True,True,True,4
0000310522,"2021,2022,2023,2024",4,True,True,True,True,4
0000310764,"2021,2022,2023,2024",4,True,True,True,True,4
0000311094,"2021,2022,2023,2024",4,True,True,True,True,4
0000312257,"2021,2022,2023,2024",4,True,True,True,True,4
0000313143,"2021,2022,2023,2024",4,True,True,True,True,4
0000313364,"2021,2022,2023,2024",4,True,True,True,True,4
0000313616,"2021,2022,2023,2024",4,True,True,True,True,4
0000313927,"2021,2022,2023,2024",4,True,True,True,True,4
0000314203,"2021,2022,2023,2024",11,True,True,True,True,4
0000314227,"2021,2022,2023,2024",5,True,True,True,True,4
0000314489,"2021,2022,2023,2024",5,True,True,True,True,4
0000314808,"2021,2022,2023,2024",4,True,True,True,True,4
0000315189,"2021,2022,2023,2024",4,True,True,True,True,4
0000315213,"2021,2022,2023,2024",4,True,True,True,True,4
0000315256,"2021,2022,2023,2024",8,True,True,True,True,4
0000315293,"2021,2022,2023,2024",5,True,True,True,True,4
0000315374,"2021,2022,2023,2024",4,True,True,True,True,4
0000315545,"2021,2022,2023,2024",5,True,True,True,True,4
0000315709,"2021,2022,2023,2024",4,True,True,True,True,4
0000315852,"2021,2022,2023,2024",4,True,True,True,True,4
0000315958,"2021,2022,2023,2024",4,True,True,True,True,4
0000316253,"2021,2022,2023,2024",8,True,True,True,True,4
0000316709,"2021,2022,2023,2024",4,True,True,True,True,4
0000317187,"2021,2022,2023,2024",4,True,True,True,True,4
0000317540,"2021,2022,2023,2024",4,True,True,True,True,4
0000317788,"2021,2022,2023,2024",4,True,True,True,True,4
0000318154,"2021,2022,2023,2024",4,True,True,True,True,4
0000318299,"2021,2022,2023,2024",4,True,True,True,True,4
0000318300,"2021,2022,2023,2024",4,True,True,True,True,4
0000318306,"2021,2022,2023,2024",5,True,True,True,True,4
0000318673,"2021,2022,2023,2024",4,True,True,True,True,4
0000318833,"2021,2022,2023,2024",4,True,True,True,True,4
0000319201,"2021,2022,2023,2024",4,True,True,True,True,4
0000319458,"2021,2022,2023,2024",6,True,True,True,True,4
0000319654,"2021,2022,2023,2024",4,True,True,True,True,4
0000319655,"2021,2022,2023,2024",6,True,True,True,True,4
0000319687,"2021,2022,2023,2024",4,True,True,True,True,4
0000320017,"2021,2022,2023,2024",5,True,True,True,True,4
0000320121,"2021,2022,2023,2024",4,True,True,True,True,4
0000320187,"2021,2022,2023,2024",4,True,True,True,True,4
0000320193,"2021,2022,2023,2024",4,True,True,True,True,4
0000320335,"2021,2022,2023,2024",4,True,True,True,True,4
0000320340,"2021,2022,2023,2024",4,True,True,True,True,4
0000350698,"2021,2022,2023,2024",4,True,True,True,True,4
0000350852,"2021,2022,2023,2024",4,True,True,True,True,4
0000350868,"2021,2022,2023,2024",6,True,True,True,True,4
0000350894,"2021,2022,2023,2024",6,True,True,True,True,4
0000351569,"2021,2022,2023,2024",4,True,True,True,True,4
0000351789,"2021,2022,2023,2024",4,True,True,True,True,4
0000351817,"2021,2022,2023,2024",4,True,True,True,True,4
0000351834,"2021,2022,2023,2024",4,True,True,True,True,4
0000351998,"2021,2022,2023,2024",5,True,True,True,True,4
0000352049,"2021,2022,2023,2024",4,True,True,True,True,4
0000352541,"2021,2022,2023,2024",4,True,True,True,True,4
0000352825,"2021,2022,2023,2024",5,True,True,True,True,4
0000352915,"2021,2022,2023,2024",4,True,True,True,True,4
0000352955,"2021,2022,2023,2024",5,True,True,True,True,4
0000352991,"2021,2022,2023,2024",4,True,True,True,True,4
0000353184,"2021,2022,2023,2024",5,True,True,True,True,4
0000354190,"2021,2022,2023,2024",4,True,True,True,True,4
0000354647,"2021,2022,2023,2024",4,True,True,True,True,4
0000354707,"2021,2022,2023,2024",4,True,True,True,True,4
0000354950,"2021,2022,2023,2024",4,True,True,True,True,4
0000354963,"2021,2022,2023,2024",4,True,True,True,True,4
0000355019,"2021,2022,2023,2024",4,True,True,True,True,4
0000355811,"2021,2022,2023,2024",4,True,True,True,True,4
0000355948,"2021,2022,2023,2024",4,True,True,True,True,4
0000356037,"2021,2022,2023,2024",4,True,True,True,True,4
0000356171,"2021,2022,2023,2024",4,True,True,True,True,4
0000356309,"2021,2022,2023,2024",5,True,True,True,True,4
0000356590,"2021,2022,2023,2024",5,True,True,True,True,4
0000357173,"2021,2022,2023,2024",4,True,True,True,True,4
0000357294,"2021,2022,2023,2024",5,True,True,True,True,4
0000357301,"2021,2022,2023,2024",4,True,True,True,True,4
0000700564,"2021,2022,2023,2024",4,True,True,True,True,4
0000700565,"2021,2022,2023,2024",4,True,True,True,True,4
0000700764,"2021,2022,2023,2024",5,True,True,True,True,4
0000700841,"2021,2022,2023,2024",8,True,True,True,True,4
0000700923,"2021,2022,2023,2024",4,True,True,True,True,4
0000701288,"2021,2022,2023,2024",4,True,True,True,True,4
0000701347,"2021,2022,2023,2024",4,True,True,True,True,4
0000701374,"2021,2022,2023,2024",5,True,True,True,True,4
0000701719,"2021,2022,2023,2024",5,True,True,True,True,4
0000701985,"2021,2022,2023,2024",4,True,True,True,True,4
0000702165,"2021,2022,2023,2024",4,True,True,True,True,4
0000703351,"2021,2022,2023,2024",4,True,True,True,True,4
0000703604,"2021,2022,2023,2024",5,True,True,True,True,4
0000704440,"2021,2022,2023,2024",4,True,True,True,True,4
0000704532,"2021,2022,2023,2024",4,True,True,True,True,4
0000704562,"2021,2022,2023,2024",5,True,True,True,True,4
0000705432,"2021,2022,2023,2024",4,True,True,True,True,4
0000706129,"2021,2022,2023,2024",4,True,True,True,True,4
0000706698,"2021,2022,2023,2024",5,True,True,True,True,4
0000706863,"2021,2022,2023,2024",5,True,True,True,True,4
0000707179,"2021,2022,2023,2024",5,True,True,True,True,4
0000707388,"2021,2022,2023,2024",5,True,True,True,True,4
0000707549,"2021,2022,2023,2024",4,True,True,True,True,4
0000707605,"2021,2022,2023,2024",5,True,True,True,True,4
0000708781,"2021,2022,2023,2024",4,True,True,True,True,4
0000708821,"2021,2022,2023,2024",5,True,True,True,True,4
0000708955,"2021,2022,2023,2024",4,True,True,True,True,4
0000709005,"2021,2022,2023,2024",5,True,True,True,True,4
0000709283,"2021,2022,2023,2024",4,True,True,True,True,4
0000709337,"2021,2022,2023,2024",6,True,True,True,True,4
0000710752,"2021,2022,2023,2024",4,True,True,True,True,4
0000711034,"2021,2022,2023,2024",5,True,True,True,True,4
0000711377,"2021,2022,2023,2024",4,True,True,True,True,4
0000711404,"2021,2022,2023,2024",4,True,True,True,True,4
0000711669,"2021,2022,2023,2024",4,True,True,True,True,4
0000711772,"2021,2022,2023,2024",4,True,True,True,True,4
0000712034,"2021,2022,2023,2024",5,True,True,True,True,4
0000712515,"2021,2022,2023,2024",4,True,True,True,True,4
0000712534,"2021,2022,2023,2024",4,True,True,True,True,4
0000712537,"2021,2022,2023,2024",4,True,True,True,True,4
0000712770,"2021,2022,2023,2024",4,True,True,True,True,4
0000712771,"2021,2022,2023,2024",4,True,True,True,True,4
0000713425,"2021,2022,2023,2024",5,True,True,True,True,4
0000713676,"2021,2022,2023,2024",4,True,True,True,True,4
0000714256,"2021,2022,2023,2024",4,True,True,True,True,4
0000714310,"2021,2022,2023,2024",4,True,True,True,True,4
0000714395,"2021,2022,2023,2024",4,True,True,True,True,4
0000714562,"2021,2022,2023,2024",4,True,True,True,True,4
0000714712,"2021,2022,2023,2024",5,True,True,True,True,4
0000715072,"2021,2022,2023,2024",4,True,True,True,True,4
0000715446,"2021,2022,2023,2024",4,True,True,True,True,4
0000715579,"2021,2022,2023,2024",4,True,True,True,True,4
0000715787,"2021,2022,2023,2024",4,True,True,True,True,4
0000715957,"2021,2022,2023,2024",4,True,True,True,True,4
0000716133,"2021,2022,2023,2024",6,True,True,True,True,4
0000716314,"2021,2022,2023,2024",5,True,True,True,True,4
0000716605,"2021,2022,2023,2024",4,True,True,True,True,4
0000716634,"2021,2022,2023,2024",8,True,True,True,True,4
0000716643,"2021,2022,2023,2024",4,True,True,True,True,4
0000717423,"2021,2022,2023,2024",4,True,True,True,True,4
0000717538,"2021,2022,2023,2024",4,True,True,True,True,4
0000717605,"2021,2022,2023,2024",4,True,True,True,True,4
0000717720,"2021,2022,2023,2024",5,True,True,True,True,4
0000717806,"2021,2022,2023,2024",4,True,True,True,True,4
0000717954,"2021,2022,2023,2024",4,True,True,True,True,4
0000718332,"2021,2022,2023,2024",4,True,True,True,True,4
0000718413,"2021,2022,2023,2024",4,True,True,True,True,4
0000718937,"2021,2022,2023,2024",4,True,True,True,True,4
0000719135,"2021,2022,2023,2024",4,True,True,True,True,4
0000719220,"2021,2022,2023,2024",4,True,True,True,True,4
0000719274,"2021,2022,2023,2024",5,True,True,True,True,4
0000719402,"2021,2022,2023,2024",4,True,True,True,True,4
0000719413,"2021,2022,2023,2024",4,True,True,True,True,4
0000719494,"2021,2022,2023,2024",4,True,True,True,True,4
0000719733,"2021,2022,2023,2024",4,True,True,True,True,4
0000719955,"2021,2022,2023,2024",4,True,True,True,True,4
0000720005,"2021,2022,2023,2024",4,True,True,True,True,4
0000720500,"2021,2022,2023,2024",4,True,True,True,True,4
0000720672,"2021,2022,2023,2024",4,True,True,True,True,4
0000720762,"2021,2022,2023,2024",4,True,True,True,True,4
0000720858,"2021,2022,2023,2024",4,True,True,True,True,4
0000720875,"2021,2022,2023,2024",5,True,True,True,True,4
0000721371,"2021,2022,2023,2024",4,True,True,True,True,4
0000721693,"2021,2022,2023,2024",4,True,True,True,True,4
0000721994,"2021,2022,2023,2024",4,True,True,True,True,4
0000722313,"2021,2022,2023,2024",4,True,True,True,True,4
0000722572,"2021,2022,2023,2024",4,True,True,True,True,4
0000723125,"2021,2022,2023,2024",4,True,True,True,True,4
0000723188,"2021,2022,2023,2024",4,True,True,True,True,4
0000723254,"2021,2022,2023,2024",4,True,True,True,True,4
0000723531,"2021,2022,2023,2024",4,True,True,True,True,4
0000723603,"2021,2022,2023,2024",4,True,True,True,True,4
0000723612,"2021,2022,2023,2024",4,True,True,True,True,4
0000723646,"2021,2022,2023,2024",6,True,True,True,True,4
0000723733,"2021,2022,2023,2024",4,True,True,True,True,4
0000724004,"2021,2022,2023,2024",4,True,True,True,True,4
0000724445,"2021,2022,2023,2024",4,True,True,True,True,4
0000724742,"2021,2022,2023,2024",6,True,True,True,True,4
0000724910,"2021,2022,2023,2024",4,True,True,True,True,4
0000726601,"2021,2022,2023,2024",7,True,True,True,True,4
0000726728,"2021,2022,2023,2024",4,True,True,True,True,4
0000726854,"2021,2022,2023,2024",4,True,True,True,True,4
0000726865,"2021,2022,2023,2024",5,True,True,True,True,4
0000726958,"2021,2022,2023,2024",4,True,True,True,True,4
0000727207,"2021,2022,2023,2024",4,True,True,True,True,4
0000727273,"2021,2022,2023,2024",4,True,True,True,True,4
0000727346,"2021,2022,2023,2024",5,True,True,True,True,4
0000727510,"2021,2022,2023,2024",5,True,True,True,True,4
0000727892,"2021,2022,2023,2024",5,True,True,True,True,4
0000727920,"2021,2022,2023,2024",4,True,True,True,True,4
0000728385,"2021,2022,2023,2024",4,True,True,True,True,4
0000728391,"2021,2022,2023,2024",8,True,True,True,True,4
0000728535,"2021,2022,2023,2024",4,True,True,True,True,4
0000729580,"2021,2022,2023,2024",4,True,True,True,True,4
0000729986,"2021,2022,2023,2024",4,True,True,True,True,4
0000730263,"2021,2022,2023,2024",4,True,True,True,True,4
0000730272,"2021,2022,2023,2024",5,True,True,True,True,4
0000730349,"2021,2022,2023,2024",4,True,True,True,True,4
0000730464,"2021,2022,2023,2024",4,True,True,True,True,4
0000730669,"2021,2022,2023,2024",5,True,True,True,True,4
0000730708,"2021,2022,2023,2024",4,True,True,True,True,4
0000731012,"2021,2022,2023,2024",4,True,True,True,True,4
0000731288,"2021,2022,2023,2024",4,True,True,True,True,4
0000731653,"2021,2022,2023,2024",4,True,True,True,True,4
0000731766,"2021,2022,2023,2024",4,True,True,True,True,4
0000731802,"2021,2022,2023,2024",4,True,True,True,True,4
0000732026,"2021,2022,2023,2024",5,True,True,True,True,4
0000732417,"2021,2022,2023,2024",4,True,True,True,True,4
0000732712,"2021,2022,2023,2024",4,True,True,True,True,4
0000732717,"2021,2022,2023,2024",4,True,True,True,True,4
0000732834,"2021,2022,2023,2024",5,True,True,True,True,4
0000733076,"2021,2022,2023,2024",4,True,True,True,True,4
0000733269,"2021,2022,2023,2024",4,True,True,True,True,4
0000733590,"2021,2022,2023,2024",4,True,True,True,True,4
0000736012,"2021,2022,2023,2024",4,True,True,True,True,4
0000736772,"2021,2022,2023,2024",4,True,True,True,True,4
0000737468,"2021,2022,2023,2024",4,True,True,True,True,4
0000737758,"2021,2022,2023,2024",4,True,True,True,True,4
0000737875,"2021,2022,2023,2024",4,True,True,True,True,4
0000738214,"2021,2022,2023,2024",5,True,True,True,True,4
0000739421,"2021,2022,2023,2024",5,True,True,True,True,4
0000740260,"2021,2022,2023,2024",4,True,True,True,True,4
0000740663,"2021,2022,2023,2024",4,True,True,True,True,4
0000740806,"2021,2022,2023,2024",5,True,True,True,True,4
0000740971,"2021,2022,2023,2024",4,True,True,True,True,4
0000741516,"2021,2022,2023,2024",5,True,True,True,True,4
0000742278,"2021,2022,2023,2024",4,True,True,True,True,4
0000743238,"2021,2022,2023,2024",4,True,True,True,True,4
0000743367,"2021,2022,2023,2024",4,True,True,True,True,4
0000743758,"2021,2022,2023,2024",5,True,True,True,True,4
0000744187,"2021,2022,2023,2024",4,True,True,True,True,4
0000744218,"2021,2022,2023,2024",4,True,True,True,True,4
0000744452,"2021,2022,2023,2024",9,True,True,True,True,4
0000744825,"2021,2022,2023,2024",4,True,True,True,True,4
0000745308,"2021,2022,2023,2024",4,True,True,True,True,4
0000745732,"2021,2022,2023,2024",4,True,True,True,True,4
0000746210,"2021,2022,2023,2024",4,True,True,True,True,4
0000746514,"2021,2022,2023,2024",4,True,True,True,True,4
0000746515,"2021,2022,2023,2024",4,True,True,True,True,4
0000746598,"2021,2022,2023,2024",4,True,True,True,True,4
0000746838,"2021,2022,2023,2024",5,True,True,True,True,4
0000747540,"2021,2022,2023,2024",4,True,True,True,True,4
0000748268,"2021,2022,2023,2024",6,True,True,True,True,4
0000748592,"2021,2022,2023,2024",6,True,True,True,True,4
0000748790,"2021,2022,2023,2024",5,True,True,True,True,4
0000749251,"2021,2022,2023,2024",4,True,True,True,True,4
0000749647,"2021,2022,2023,2024",4,True,True,True,True,4
0000749660,"2021,2022,2023,2024",5,True,True,True,True,4
0000750004,"2021,2022,2023,2024",4,True,True,True,True,4
0000750558,"2021,2022,2023,2024",5,True,True,True,True,4
0000750574,"2021,2022,2023,2024",5,True,True,True,True,4
0000750577,"2021,2022,2023,2024",4,True,True,True,True,4
0000750686,"2021,2022,2023,2024",4,True,True,True,True,4
0000751364,"2021,2022,2023,2024",4,True,True,True,True,4
0000751365,"2021,2022,2023,2024",4,True,True,True,True,4
0000751978,"2021,2022,2023,2024",4,True,True,True,True,4
0000752294,"2021,2022,2023,2024",4,True,True,True,True,4
0000752642,"2021,2022,2023,2024",4,True,True,True,True,4
0000752714,"2021,2022,2023,2024",5,True,True,True,True,4
0000753308,"2021,2022,2023,2024",4,True,True,True,True,4
0000754811,"2021,2022,2023,2024",7,True,True,True,True,4
0000755001,"2021,2022,2023,2024",4,True,True,True,True,4
0000758743,"2021,2022,2023,2024",4,True,True,True,True,4
0000759944,"2021,2022,2023,2024",4,True,True,True,True,4
0000760498,"2021,2022,2023,2024",4,True,True,True,True,4
0000761648,"2021,2022,2023,2024",4,True,True,True,True,4
0000763532,"2021,2022,2023,2024",4,True,True,True,True,4
0000763563,"2021,2022,2023,2024",4,True,True,True,True,4
0000763744,"2021,2022,2023,2024",4,True,True,True,True,4
0000763901,"2021,2022,2023,2024",4,True,True,True,True,4
0000763907,"2021,2022,2023,2024",6,True,True,True,True,4
0000764038,"2021,2022,2023,2024",4,True,True,True,True,4
0000764065,"2021,2022,2023,2024",4,True,True,True,True,4
0000764180,"2021,2022,2023,2024",8,True,True,True,True,4
0000764195,"2021,2022,2023,2024",4,True,True,True,True,4
0000764401,"2021,2022,2023,2024",4,True,True,True,True,4
0000764478,"2021,2022,2023,2024",4,True,True,True,True,4
0000764622,"2021,2022,2023,2024",4,True,True,True,True,4
0000764630,"2021,2022,2023,2024",6,True,True,True,True,4
0000764764,"2021,2022,2023,2024",4,True,True,True,True,4
0000764897,"2021,2022,2023,2024",5,True,True,True,True,4
0000765207,"2021,2022,2023,2024",4,True,True,True,True,4
0000765880,"2021,2022,2023,2024",4,True,True,True,True,4
0000766404,"2021,2022,2023,2024",4,True,True,True,True,4
0000766421,"2021,2022,2023,2024",4,True,True,True,True,4
0000766704,"2021,2022,2023,2024",4,True,True,True,True,4
0000766792,"2021,2022,2023,2024",4,True,True,True,True,4
0000766829,"2021,2022,2023,2024",4,True,True,True,True,4
0000767405,"2021,2022,2023,2024",4,True,True,True,True,4
0000768216,"2021,2022,2023,2024",4,True,True,True,True,4
0000768408,"2021,2022,2023,2024",4,True,True,True,True,4
0000768835,"2021,2022,2023,2024",4,True,True,True,True,4
0000768899,"2021,2022,2023,2024",4,True,True,True,True,4
0000769397,"2021,2022,2023,2024",4,True,True,True,True,4
0000769520,"2021,2022,2023,2024",4,True,True,True,True,4
0000770460,"2021,2022,2023,2024",4,True,True,True,True,4
0000771266,"2021,2022,2023,2024",5,True,True,True,True,4
0000771497,"2021,2022,2023,2024",4,True,True,True,True,4
0000771856,"2021,2022,2023,2024",4,True,True,True,True,4
0000771999,"2021,2022,2023,2024",6,True,True,True,True,4
0000772406,"2021,2022,2023,2024",4,True,True,True,True,4
0000773141,"2021,2022,2023,2024",5,True,True,True,True,4
0000773318,"2021,2022,2023,2024",4,True,True,True,True,4
0000773717,"2021,2022,2023,2024",4,True,True,True,True,4
0000773840,"2021,2022,2023,2024",4,True,True,True,True,4
0000775057,"2021,2022,2023,2024",4,True,True,True,True,4
0000775215,"2021,2022,2023,2024",4,True,True,True,True,4
0000776867,"2021,2022,2023,2024",5,True,True,True,True,4
0000776901,"2021,2022,2023,2024",4,True,True,True,True,4
0000777917,"2021,2022,2023,2024",4,True,True,True,True,4
0000778164,"2021,2022,2023,2024",4,True,True,True,True,4
0000779152,"2021,2022,2023,2024",4,True,True,True,True,4
0000779544,"2021,2022,2023,2024",4,True,True,True,True,4
0000780571,"2021,2022,2023,2024",4,True,True,True,True,4
0000783324,"2021,2022,2023,2024",5,True,True,True,True,4
0000783325,"2021,2022,2023,2024",4,True,True,True,True,4
0000783412,"2021,2022,2023,2024",4,True,True,True,True,4
0000784199,"2021,2022,2023,2024",4,True,True,True,True,4
0000784977,"2021,2022,2023,2024",4,True,True,True,True,4
0000785161,"2021,2022,2023,2024",4,True,True,True,True,4
0000785557,"2021,2022,2023,2024",4,True,True,True,True,4
0000785786,"2021,2022,2023,2024",4,True,True,True,True,4
0000785956,"2021,2022,2023,2024",4,True,True,True,True,4
0000787250,"2021,2022,2023,2024",4,True,True,True,True,4
0000787253,"2021,2022,2023,2024",4,True,True,True,True,4
0000788329,"2021,2022,2023,2024",4,True,True,True,True,4
0000788611,"2021,2022,2023,2024",4,True,True,True,True,4
0000788784,"2021,2022,2023,2024",4,True,True,True,True,4
0000788816,"2021,2022,2023,2024",4,True,True,True,True,4
0000788920,"2021,2022,2023,2024",4,True,True,True,True,4
0000788965,"2021,2022,2023,2024",5,True,True,True,True,4
0000789019,"2021,2022,2023,2024",4,True,True,True,True,4
0000789460,"2021,2022,2023,2024",4,True,True,True,True,4
0000789570,"2021,2022,2023,2024",4,True,True,True,True,4
0000789933,"2021,2022,2023,2024",5,True,True,True,True,4
0000790051,"2021,2022,2023,2024",5,True,True,True,True,4
0000790179,"2021,2022,2023,2024",4,True,True,True,True,4
0000790273,"2021,2022,2023,2024",6,True,True,True,True,4
0000790359,"2021,2022,2023,2024",4,True,True,True,True,4
0000790526,"2021,2022,2023,2024",4,True,True,True,True,4
0000790816,"2021,2022,2023,2024",4,True,True,True,True,4
0000791908,"2021,2022,2023,2024",4,True,True,True,True,4
0000791963,"2021,2022,2023,2024",5,True,True,True,True,4
0000792935,"2021,2022,2023,2024",4,True,True,True,True,4
0000792966,"2021,2022,2023,2024",5,True,True,True,True,4
0000792987,"2021,2022,2023,2024",4,True,True,True,True,4
0000793074,"2021,2022,2023,2024",4,True,True,True,True,4
0000793306,"2021,2022,2023,2024",5,True,True,True,True,4
0000793524,"2021,2022,2023,2024",4,True,True,True,True,4
0000793733,"2021,2022,2023,2024",4,True,True,True,True,4
0000793952,"2021,2022,2023,2024",4,True,True,True,True,4
0000794170,"2021,2022,2023,2024",4,True,True,True,True,4
0000794323,"2021,2022,2023,2024",4,True,True,True,True,4
0000794367,"2021,2022,2023,2024",4,True,True,True,True,4
0000794619,"2021,2022,2023,2024",4,True,True,True,True,4
0000795266,"2021,2022,2023,2024",4,True,True,True,True,4
0000795403,"2021,2022,2023,2024",4,True,True,True,True,4
0000796343,"2021,2022,2023,2024",4,True,True,True,True,4
0000796505,"2021,2022,2023,2024",4,True,True,True,True,4
0000796534,"2021,2022,2023,2024",5,True,True,True,True,4
0000797465,"2021,2022,2023,2024",5,True,True,True,True,4
0000797468,"2021,2022,2023,2024",5,True,True,True,True,4
0000797542,"2021,2022,2023,2024",4,True,True,True,True,4
0000797564,"2021,2022,2023,2024",4,True,True,True,True,4
0000797721,"2021,2022,2023,2024",4,True,True,True,True,4
0000798081,"2021,2022,2023,2024",5,True,True,True,True,4
0000798287,"2021,2022,2023,2024",5,True,True,True,True,4
0000798354,"2021,2022,2023,2024",4,True,True,True,True,4
0000798359,"2021,2022,2023,2024",4,True,True,True,True,4
0000798528,"2021,2022,2023,2024",6,True,True,True,True,4
0000798783,"2021,2022,2023,2024",4,True,True,True,True,4
0000798941,"2021,2022,2023,2024",4,True,True,True,True,4
0000799165,"2021,2022,2023,2024",6,True,True,True,True,4
0000799167,"2021,2022,2023,2024",4,True,True,True,True,4
0000799233,"2021,2022,2023,2024",5,True,True,True,True,4
0000799288,"2021,2022,2023,2024",4,True,True,True,True,4
0000799292,"2021,2022,2023,2024",4,True,True,True,True,4
0000799698,"2021,2022,2023,2024",5,True,True,True,True,4
0000799850,"2021,2022,2023,2024",4,True,True,True,True,4
0000800240,"2021,2022,2023,2024",4,True,True,True,True,4
0000800457,"2021,2022,2023,2024",4,True,True,True,True,4
0000801337,"2021,2022,2023,2024",4,True,True,True,True,4
0000802257,"2021,2022,2023,2024",4,True,True,True,True,4
0000802481,"2021,2022,2023,2024",6,True,True,True,True,4
0000803164,"2021,2022,2023,2024",5,True,True,True,True,4
0000803578,"2021,2022,2023,2024",6,True,True,True,True,4
0000803649,"2021,2022,2023,2024",4,True,True,True,True,4
0000804269,"2021,2022,2023,2024",4,True,True,True,True,4
0000804328,"2021,2022,2023,2024",4,True,True,True,True,4
0000805676,"2021,2022,2023,2024",4,True,True,True,True,4
0000805928,"2021,2022,2023,2024",5,True,True,True,True,4
0000806172,"2021,2022,2023,2024",4,True,True,True,True,4
0000806279,"2021,2022,2023,2024",5,True,True,True,True,4
0000806517,"2021,2022,2023,2024",6,True,True,True,True,4
0000807707,"2021,2022,2023,2024",4,True,True,True,True,4
0000807882,"2021,2022,2023,2024",4,True,True,True,True,4
0000809248,"2021,2022,2023,2024",4,True,True,True,True,4
0000810136,"2021,2022,2023,2024",6,True,True,True,True,4
0000810958,"2021,2022,2023,2024",4,True,True,True,True,4
0000811156,"2021,2022,2023,2024",4,True,True,True,True,4
0000811212,"2021,2022,2023,2024",6,True,True,True,True,4
0000811222,"2021,2022,2023,2024",11,True,True,True,True,4
0000811240,"2021,2022,2023,2024",4,True,True,True,True,4
0000811532,"2021,2022,2023,2024",5,True,True,True,True,4
0000811589,"2021,2022,2023,2024",4,True,True,True,True,4
0000811596,"2021,2022,2023,2024",4,True,True,True,True,4
0000811641,"2021,2022,2023,2024",4,True,True,True,True,4
0000811808,"2021,2022,2023,2024",5,True,True,True,True,4
0000811830,"2021,2022,2023,2024",4,True,True,True,True,4
0000812011,"2021,2022,2023,2024",4,True,True,True,True,4
0000812074,"2021,2022,2023,2024",4,True,True,True,True,4
0000812152,"2021,2022,2023,2024",4,True,True,True,True,4
0000812306,"2021,2022,2023,2024",5,True,True,True,True,4
0000812796,"2021,2022,2023,2024",4,True,True,True,True,4
0000813298,"2021,2022,2023,2024",8,True,True,True,True,4
0000813672,"2021,2022,2023,2024",5,True,True,True,True,4
0000813716,"2021,2022,2023,2024",4,True,True,True,True,4
0000813762,"2021,2022,2023,2024",4,True,True,True,True,4
0000813828,"2021,2022,2023,2024",4,True,True,True,True,4
0000814453,"2021,2022,2023,2024",4,True,True,True,True,4
0000814547,"2021,2022,2023,2024",4,True,True,True,True,4
0000814585,"2021,2022,2023,2024",4,True,True,True,True,4
0000814586,"2021,2022,2023,2024",5,True,True,True,True,4
0000814676,"2021,2022,2023,2024",5,True,True,True,True,4
0000814926,"2021,2022,2023,2024",5,True,True,True,True,4
0000815097,"2021,2022,2023,2024",4,True,True,True,True,4
0000815556,"2021,2022,2023,2024",5,True,True,True,True,4
0000815917,"2021,2022,2023,2024",4,True,True,True,True,4
0000816761,"2021,2022,2023,2024",4,True,True,True,True,4
0000816956,"2021,2022,2023,2024",4,True,True,True,True,4
0000817720,"2021,2022,2023,2024",4,True,True,True,True,4
0000818033,"2021,2022,2023,2024",4,True,True,True,True,4
0000818479,"2021,2022,2023,2024",6,True,True,True,True,4
0000818677,"2021,2022,2023,2024",4,True,True,True,True,4
0000818686,"2021,2022,2023,2024",4,True,True,True,True,4
0000819050,"2021,2022,2023,2024",5,True,True,True,True,4
0000819793,"2021,2022,2023,2024",4,True,True,True,True,4
0000820027,"2021,2022,2023,2024",4,True,True,True,True,4
0000820313,"2021,2022,2023,2024",4,True,True,True,True,4
0000820318,"2021,2022,2023,2024",4,True,True,True,True,4
0000820771,"2021,2022,2023,2024",4,True,True,True,True,4
0000821002,"2021,2022,2023,2024",4,True,True,True,True,4
0000821026,"2021,2022,2023,2024",4,True,True,True,True,4
0000821130,"2021,2022,2023,2024",4,True,True,True,True,4
0000821189,"2021,2022,2023,2024",4,True,True,True,True,4
0000821483,"2021,2022,2023,2024",5,True,True,True,True,4
0000822370,"2021,2022,2023,2024",7,True,True,True,True,4
0000822416,"2021,2022,2023,2024",4,True,True,True,True,4
0000822663,"2021,2022,2023,2024",4,True,True,True,True,4
0000822818,"2021,2022,2023,2024",4,True,True,True,True,4
0000823277,"2021,2022,2023,2024",7,True,True,True,True,4
0000823768,"2021,2022,2023,2024",5,True,True,True,True,4
0000824142,"2021,2022,2023,2024",4,True,True,True,True,4
0000824410,"2021,2022,2023,2024",4,True,True,True,True,4
0000824416,"2021,2022,2023,2024",5,True,True,True,True,4
0000825313,"2021,2022,2023,2024",4,True,True,True,True,4
0000825324,"2021,2022,2023,2024",4,True,True,True,True,4
0000825542,"2021,2022,2023,2024",4,True,True,True,True,4
0000825788,"2021,2022,2023,2024",5,True,True,True,True,4
0000826154,"2021,2022,2023,2024",4,True,True,True,True,4
0000826253,"2021,2022,2023,2024",4,True,True,True,True,4
0000826675,"2021,2022,2023,2024",4,True,True,True,True,4
0000827052,"2021,2022,2023,2024",4,True,True,True,True,4
0000827054,"2021,2022,2023,2024",4,True,True,True,True,4
0000827099,"2021,2022,2023,2024",5,True,True,True,True,4
0000827187,"2021,2022,2023,2024",4,True,True,True,True,4
0000827876,"2021,2022,2023,2024",4,True,True,True,True,4
0000828146,"2021,2022,2023,2024",4,True,True,True,True,4
0000828530,"2021,2022,2023,2024",4,True,True,True,True,4
0000828944,"2021,2022,2023,2024",4,True,True,True,True,4
0000829224,"2021,2022,2023,2024",4,True,True,True,True,4
0000829323,"2021,2022,2023,2024",5,True,True,True,True,4
0000830616,"2021,2022,2023,2024",4,True,True,True,True,4
0000830656,"2021,2022,2023,2024",4,True,True,True,True,4
0000831001,"2021,2022,2023,2024",4,True,True,True,True,4
0000831259,"2021,2022,2023,2024",5,True,True,True,True,4
0000831378,"2021,2022,2023,2024",5,True,True,True,True,4
0000831641,"2021,2022,2023,2024",5,True,True,True,True,4
0000832101,"2021,2022,2023,2024",4,True,True,True,True,4
0000832428,"2021,2022,2023,2024",4,True,True,True,True,4
0000832480,"2021,2022,2023,2024",4,True,True,True,True,4
0000832489,"2021,2022,2023,2024",8,True,True,True,True,4
0000832988,"2021,2022,2023,2024",4,True,True,True,True,4
0000833079,"2021,2022,2023,2024",4,True,True,True,True,4
0000833444,"2021,2022,2023,2024",4,True,True,True,True,4
0000833640,"2021,2022,2023,2024",4,True,True,True,True,4
0000834071,"2021,2022,2023,2024",4,True,True,True,True,4
0000834365,"2021,2022,2023,2024",4,True,True,True,True,4
0000835011,"2021,2022,2023,2024",4,True,True,True,True,4
0000835324,"2021,2022,2023,2024",4,True,True,True,True,4
0000835662,"2021,2022,2023,2024",4,True,True,True,True,4
0000836147,"2021,2022,2023,2024",5,True,True,True,True,4
0000836157,"2021,2022,2023,2024",4,True,True,True,True,4
0000836690,"2021,2022,2023,2024",6,True,True,True,True,4
0000837010,"2021,2022,2023,2024",4,True,True,True,True,4
0000837465,"2021,2022,2023,2024",4,True,True,True,True,4
0000837852,"2021,2022,2023,2024",6,True,True,True,True,4
0000838875,"2021,2022,2023,2024",4,True,True,True,True,4
0000839087,"2021,2022,2023,2024",4,True,True,True,True,4
0000839470,"2021,2022,2023,2024",4,True,True,True,True,4
0000840489,"2021,2022,2023,2024",4,True,True,True,True,4
0000840715,"2021,2022,2023,2024",4,True,True,True,True,4
0000842023,"2021,2022,2023,2024",4,True,True,True,True,4
0000842162,"2021,2022,2023,2024",4,True,True,True,True,4
0000842517,"2021,2022,2023,2024",4,True,True,True,True,4
0000842518,"2021,2022,2023,2024",4,True,True,True,True,4
0000842633,"2021,2022,2023,2024",4,True,True,True,True,4
0000842717,"2021,2022,2023,2024",6,True,True,True,True,4
0000843006,"2021,2022,2023,2024",4,True,True,True,True,4
0000844059,"2021,2022,2023,2024",4,True,True,True,True,4
0000844856,"2021,2022,2023,2024",4,True,True,True,True,4
0000844887,"2021,2022,2023,2024",5,True,True,True,True,4
0000844965,"2021,2022,2023,2024",4,True,True,True,True,4
0000845385,"2021,2022,2023,2024",4,True,True,True,True,4
0000845698,"2021,2022,2023,2024",4,True,True,True,True,4
0000845819,"2021,2022,2023,2024",4,True,True,True,True,4
0000845877,"2021,2022,2023,2024",4,True,True,True,True,4
0000846475,"2021,2022,2023,2024",4,True,True,True,True,4
0000846617,"2021,2022,2023,2024",4,True,True,True,True,4
0000846901,"2021,2022,2023,2024",6,True,True,True,True,4
0000846913,"2021,2022,2023,2024",4,True,True,True,True,4
0000847942,"2021,2022,2023,2024",4,True,True,True,True,4
0000849145,"2021,2022,2023,2024",5,True,True,True,True,4
0000849146,"2021,2022,2023,2024",4,True,True,True,True,4
0000849399,"2021,2022,2023,2024",4,True,True,True,True,4
0000849401,"2021,2022,2023,2024",4,True,True,True,True,4
0000849869,"2021,2022,2023,2024",4,True,True,True,True,4
0000850033,"2021,2022,2023,2024",4,True,True,True,True,4
0000850141,"2021,2022,2023,2024",4,True,True,True,True,4
0000850209,"2021,2022,2023,2024",4,True,True,True,True,4
0000850429,"2021,2022,2023,2024",4,True,True,True,True,4
0000850460,"2021,2022,2023,2024",4,True,True,True,True,4
0000851205,"2021,2022,2023,2024",4,True,True,True,True,4
0000851310,"2021,2022,2023,2024",5,True,True,True,True,4
0000851520,"2021,2022,2023,2024",5,True,True,True,True,4
0000851968,"2021,2022,2023,2024",4,True,True,True,True,4
0000852772,"2021,2022,2023,2024",4,True,True,True,True,4
0000853816,"2021,2022,2023,2024",4,True,True,True,True,4
0000854560,"2021,2022,2023,2024",4,True,True,True,True,4
0000854775,"2021,2022,2023,2024",4,True,True,True,True,4
0000855658,"2021,2022,2023,2024",4,True,True,True,True,4
0000855683,"2021,2022,2023,2024",4,True,True,True,True,4
0000855787,"2021,2022,2023,2024",4,True,True,True,True,4
0000856982,"2021,2022,2023,2024",4,True,True,True,True,4
0000856984,"2021,2022,2023,2024",4,True,True,True,True,4
0000857005,"2021,2022,2023,2024",4,True,True,True,True,4
0000857855,"2021,2022,2023,2024",4,True,True,True,True,4
0000857949,"2021,2022,2023,2024",5,True,True,True,True,4
0000858470,"2021,2022,2023,2024",4,True,True,True,True,4
0000858877,"2021,2022,2023,2024",4,True,True,True,True,4
0000859070,"2021,2022,2023,2024",5,True,True,True,True,4
0000859737,"2021,2022,2023,2024",4,True,True,True,True,4
0000860413,"2021,2022,2023,2024",4,True,True,True,True,4
0000860543,"2021,2022,2023,2024",4,True,True,True,True,4
0000860546,"2021,2022,2023,2024",4,True,True,True,True,4
0000860730,"2021,2022,2023,2024",4,True,True,True,True,4
0000860731,"2021,2022,2023,2024",5,True,True,True,True,4
0000860748,"2021,2022,2023,2024",4,True,True,True,True,4
0000861441,"2021,2022,2023,2024",6,True,True,True,True,4
0000861459,"2021,2022,2023,2024",5,True,True,True,True,4
0000861842,"2021,2022,2023,2024",4,True,True,True,True,4
0000861878,"2021,2022,2023,2024",4,True,True,True,True,4
0000861884,"2021,2022,2023,2024",4,True,True,True,True,4
0000862022,"2021,2022,2023,2024",4,True,True,True,True,4
0000862668,"2021,2022,2023,2024",5,True,True,True,True,4
0000862692,"2021,2022,2023,2024",4,True,True,True,True,4
0000862831,"2021,2022,2023,2024",4,True,True,True,True,4
0000862861,"2021,2022,2023,2024",4,True,True,True,True,4
0000863110,"2021,2022,2023,2024",4,True,True,True,True,4
0000863436,"2021,2022,2023,2024",4,True,True,True,True,4
0000863894,"2021,2022,2023,2024",5,True,True,True,True,4
0000864240,"2021,2022,2023,2024",4,True,True,True,True,4
0000864270,"2021,2022,2023,2024",4,True,True,True,True,4
0000864749,"2021,2022,2023,2024",4,True,True,True,True,4
0000865752,"2021,2022,2023,2024",4,True,True,True,True,4
0000866273,"2021,2022,2023,2024",4,True,True,True,True,4
0000866291,"2021,2022,2023,2024",5,True,True,True,True,4
0000866374,"2021,2022,2023,2024",4,True,True,True,True,4
0000866439,"2021,2022,2023,2024",4,True,True,True,True,4
0000866706,"2021,2022,2023,2024",4,True,True,True,True,4
0000866729,"2021,2022,2023,2024",5,True,True,True,True,4
0000866787,"2021,2022,2023,2024",4,True,True,True,True,4
0000866829,"2021,2022,2023,2024",4,True,True,True,True,4
0000867028,"2021,2022,2023,2024",7,True,True,True,True,4
0000867038,"2021,2022,2023,2024",4,True,True,True,True,4
0000867840,"2021,2022,2023,2024",6,True,True,True,True,4
0000868082,"2021,2022,2023,2024",4,True,True,True,True,4
0000868278,"2021,2022,2023,2024",5,True,True,True,True,4
0000868671,"2021,2022,2023,2024",4,True,True,True,True,4
0000868780,"2021,2022,2023,2024",4,True,True,True,True,4
0000868857,"2021,2022,2023,2024",4,True,True,True,True,4
0000871763,"2021,2022,2023,2024",4,True,True,True,True,4
0000872589,"2021,2022,2023,2024",4,True,True,True,True,4
0000872912,"2021,2022,2023,2024",4,True,True,True,True,4
0000873303,"2021,2022,2023,2024",4,True,True,True,True,4
0000873860,"2021,2022,2023,2024",4,True,True,True,True,4
0000874015,"2021,2022,2023,2024",4,True,True,True,True,4
0000874238,"2021,2022,2023,2024",5,True,True,True,True,4
0000874396,"2021,2022,2023,2024",4,True,True,True,True,4
0000874499,"2021,2022,2023,2024",5,True,True,True,True,4
0000874501,"2021,2022,2023,2024",4,True,True,True,True,4
0000874716,"2021,2022,2023,2024",4,True,True,True,True,4
0000874761,"2021,2022,2023,2024",4,True,True,True,True,4
0000874766,"2021,2022,2023,2024",4,True,True,True,True,4
0000874866,"2021,2022,2023,2024",4,True,True,True,True,4
0000875045,"2021,2022,2023,2024",4,True,True,True,True,4
0000875320,"2021,2022,2023,2024",4,True,True,True,True,4
0000875355,"2021,2022,2023,2024",7,True,True,True,True,4
0000875357,"2021,2022,2023,2024",4,True,True,True,True,4
0000875582,"2021,2022,2023,2024",4,True,True,True,True,4
0000875657,"2021,2022,2023,2024",8,True,True,True,True,4
0000875729,"2021,2022,2023,2024",5,True,True,True,True,4
0000876167,"2021,2022,2023,2024",6,True,True,True,True,4
0000876343,"2021,2022,2023,2024",5,True,True,True,True,4
0000876378,"2021,2022,2023,2024",5,True,True,True,True,4
0000876427,"2021,2022,2023,2024",4,True,True,True,True,4
0000876437,"2021,2022,2023,2024",4,True,True,True,True,4
0000876523,"2021,2022,2023,2024",4,True,True,True,True,4
0000876883,"2021,2022,2023,2024",5,True,True,True,True,4
0000877212,"2021,2022,2023,2024",4,True,True,True,True,4
0000877422,"2021,2022,2023,2024",4,True,True,True,True,4
0000877860,"2021,2022,2023,2024",6,True,True,True,True,4
0000878927,"2021,2022,2023,2024",4,True,True,True,True,4
0000878932,"2021,2022,2023,2024",4,True,True,True,True,4
0000879101,"2021,2022,2023,2024",4,True,True,True,True,4
0000879169,"2021,2022,2023,2024",5,True,True,True,True,4
0000879407,"2021,2022,2023,2024",4,True,True,True,True,4
0000879526,"2021,2022,2023,2024",4,True,True,True,True,4
0000879585,"2021,2022,2023,2024",5,True,True,True,True,4
0000879635,"2021,2022,2023,2024",4,True,True,True,True,4
0000879911,"2021,2022,2023,2024",4,True,True,True,True,4
0000880117,"2021,2022,2023,2024",4,True,True,True,True,4
0000880242,"2021,2022,2023,2024",4,True,True,True,True,4
0000880266,"2021,2022,2023,2024",4,True,True,True,True,4
0000880417,"2021,2022,2023,2024",5,True,True,True,True,4
0000880631,"2021,2022,2023,2024",6,True,True,True,True,4
0000880641,"2021,2022,2023,2024",4,True,True,True,True,4
0000880807,"2021,2022,2023,2024",4,True,True,True,True,4
0000880984,"2021,2022,2023,2024",4,True,True,True,True,4
0000881453,"2021,2022,2023,2024",4,True,True,True,True,4
0000881787,"2021,2022,2023,2024",4,True,True,True,True,4
0000882095,"2021,2022,2023,2024",4,True,True,True,True,4
0000882184,"2021,2022,2023,2024",4,True,True,True,True,4
0000882291,"2021,2022,2023,2024",5,True,True,True,True,4
0000882361,"2021,2022,2023,2024",5,True,True,True,True,4
0000882508,"2021,2022,2023,2024",4,True,True,True,True,4
0000882796,"2021,2022,2023,2024",4,True,True,True,True,4
0000882835,"2021,2022,2023,2024",4,True,True,True,True,4
0000883107,"2021,2022,2023,2024",4,True,True,True,True,4
0000883237,"2021,2022,2023,2024",4,True,True,True,True,4
0000883241,"2021,2022,2023,2024",4,True,True,True,True,4
0000883569,"2021,2022,2023,2024",6,True,True,True,True,4
0000883902,"2021,2022,2023,2024",5,True,True,True,True,4
0000883948,"2021,2022,2023,2024",4,True,True,True,True,4
0000883975,"2021,2022,2023,2024",5,True,True,True,True,4
0000883984,"2021,2022,2023,2024",4,True,True,True,True,4
0000884144,"2021,2022,2023,2024",4,True,True,True,True,4
0000884219,"2021,2022,2023,2024",4,True,True,True,True,4
0000884269,"2021,2022,2023,2024",4,True,True,True,True,4
0000884614,"2021,2022,2023,2024",4,True,True,True,True,4
0000884624,"2021,2022,2023,2024",4,True,True,True,True,4
0000884713,"2021,2022,2023,2024",4,True,True,True,True,4
0000884887,"2021,2022,2023,2024",4,True,True,True,True,4
0000885245,"2021,2022,2023,2024",4,True,True,True,True,4
0000885275,"2021,2022,2023,2024",4,True,True,True,True,4
0000885307,"2021,2022,2023,2024",5,True,True,True,True,4
0000885462,"2021,2022,2023,2024",4,True,True,True,True,4
0000885508,"2021,2022,2023,2024",4,True,True,True,True,4
0000885550,"2021,2022,2023,2024",5,True,True,True,True,4
0000885568,"2021,2022,2023,2024",4,True,True,True,True,4
0000885590,"2021,2022,2023,2024",4,True,True,True,True,4
0000885639,"2021,2022,2023,2024",4,True,True,True,True,4
0000885725,"2021,2022,2023,2024",5,True,True,True,True,4
0000885975,"2021,2022,2023,2024",4,True,True,True,True,4
0000885978,"2021,2022,2023,2024",4,True,True,True,True,4
0000886128,"2021,2022,2023,2024",5,True,True,True,True,4
0000886136,"2021,2022,2023,2024",4,True,True,True,True,4
0000886163,"2021,2022,2023,2024",4,True,True,True,True,4
0000886206,"2021,2022,2023,2024",4,True,True,True,True,4
0000886346,"2021,2022,2023,2024",4,True,True,True,True,4
0000886744,"2021,2022,2023,2024",4,True,True,True,True,4
0000886835,"2021,2022,2023,2024",4,True,True,True,True,4
0000886982,"2021,2022,2023,2024",5,True,True,True,True,4
0000887343,"2021,2022,2023,2024",4,True,True,True,True,4
0000887359,"2021,2022,2023,2024",4,True,True,True,True,4
0000887396,"2021,2022,2023,2024",4,True,True,True,True,4
0000887596,"2021,2022,2023,2024",4,True,True,True,True,4
0000887733,"2021,2022,2023,2024",4,True,True,True,True,4
0000887905,"2021,2022,2023,2024",4,True,True,True,True,4
0000887936,"2021,2022,2023,2024",4,True,True,True,True,4
0000888471,"2021,2022,2023,2024",6,True,True,True,True,4
0000888491,"2021,2022,2023,2024",4,True,True,True,True,4
0000888981,"2021,2022,2023,2024",7,True,True,True,True,4
0000889331,"2021,2022,2023,2024",4,True,True,True,True,4
0000889348,"2021,2022,2023,2024",5,True,True,True,True,4
0000889609,"2021,2022,2023,2024",8,True,True,True,True,4
0000889900,"2021,2022,2023,2024",5,True,True,True,True,4
0000889971,"2021,2022,2023,2024",4,True,True,True,True,4
0000890066,"2021,2022,2023,2024",5,True,True,True,True,4
0000890394,"2021,2022,2023,2024",4,True,True,True,True,4
0000890447,"2021,2022,2023,2024",5,True,True,True,True,4
0000890564,"2021,2022,2023,2024",4,True,True,True,True,4
0000890821,"2021,2022,2023,2024",5,True,True,True,True,4
0000890926,"2021,2022,2023,2024",4,True,True,True,True,4
0000891014,"2021,2022,2023,2024",4,True,True,True,True,4
0000891024,"2021,2022,2023,2024",4,True,True,True,True,4
0000891103,"2021,2022,2023,2024",4,True,True,True,True,4
0000891166,"2021,2022,2023,2024",4,True,True,True,True,4
0000891417,"2021,2022,2023,2024",4,True,True,True,True,4
0000891482,"2021,2022,2023,2024",4,True,True,True,True,4
0000891532,"2021,2022,2023,2024",4,True,True,True,True,4
0000892553,"2021,2022,2023,2024",4,True,True,True,True,4
0000893538,"2021,2022,2023,2024",4,True,True,True,True,4
0000893691,"2021,2022,2023,2024",5,True,True,True,True,4
0000893847,"2021,2022,2023,2024",4,True,True,True,True,4
0000893949,"2021,2022,2023,2024",4,True,True,True,True,4
0000894081,"2021,2022,2023,2024",4,True,True,True,True,4
0000894158,"2021,2022,2023,2024",4,True,True,True,True,4
0000894315,"2021,2022,2023,2024",4,True,True,True,True,4
0000894329,"2021,2022,2023,2024",4,True,True,True,True,4
0000894405,"2021,2022,2023,2024",4,True,True,True,True,4
0000894556,"2021,2022,2023,2024",15,True,True,True,True,4
0000894560,"2021,2022,2023,2024",4,True,True,True,True,4
0000894627,"2021,2022,2023,2024",5,True,True,True,True,4
0000894671,"2021,2022,2023,2024",4,True,True,True,True,4
0000894871,"2021,2022,2023,2024",7,True,True,True,True,4
0000895126,"2021,2022,2023,2024",5,True,True,True,True,4
0000895417,"2021,2022,2023,2024",5,True,True,True,True,4
0000895419,"2021,2022,2023,2024",4,True,True,True,True,4
0000895421,"2021,2022,2023,2024",4,True,True,True,True,4
0000895447,"2021,2022,2023,2024",4,True,True,True,True,4
0000895456,"2021,2022,2023,2024",4,True,True,True,True,4
0000895728,"2021,2022,2023,2024",8,True,True,True,True,4
0000896156,"2021,2022,2023,2024",4,True,True,True,True,4
0000896159,"2021,2022,2023,2024",4,True,True,True,True,4
0000896262,"2021,2022,2023,2024",5,True,True,True,True,4
0000896264,"2021,2022,2023,2024",4,True,True,True,True,4
0000896429,"2021,2022,2023,2024",5,True,True,True,True,4
0000896493,"2021,2022,2023,2024",7,True,True,True,True,4
0000896622,"2021,2022,2023,2024",4,True,True,True,True,4
0000896878,"2021,2022,2023,2024",4,True,True,True,True,4
0000897077,"2021,2022,2023,2024",4,True,True,True,True,4
0000897078,"2021,2022,2023,2024",6,True,True,True,True,4
0000897448,"2021,2022,2023,2024",6,True,True,True,True,4
0000897723,"2021,2022,2023,2024",5,True,True,True,True,4
0000898171,"2021,2022,2023,2024",4,True,True,True,True,4
0000898173,"2021,2022,2023,2024",4,True,True,True,True,4
0000898174,"2021,2022,2023,2024",4,True,True,True,True,4
0000898293,"2021,2022,2023,2024",4,True,True,True,True,4
0000898437,"2021,2022,2023,2024",6,True,True,True,True,4
0000899045,"2021,2022,2023,2024",4,True,True,True,True,4
0000899051,"2021,2022,2023,2024",4,True,True,True,True,4
0000899394,"2021,2022,2023,2024",4,True,True,True,True,4
0000899460,"2021,2022,2023,2024",4,True,True,True,True,4
0000899629,"2021,2022,2023,2024",4,True,True,True,True,4
0000899689,"2021,2022,2023,2024",4,True,True,True,True,4
0000899715,"2021,2022,2023,2024",6,True,True,True,True,4
0000899751,"2021,2022,2023,2024",4,True,True,True,True,4
0000900075,"2021,2022,2023,2024",4,True,True,True,True,4
0000901491,"2021,2022,2023,2024",4,True,True,True,True,4
0000902791,"2021,2022,2023,2024",4,True,True,True,True,4
0000903129,"2021,2022,2023,2024",4,True,True,True,True,4
0000903419,"2021,2022,2023,2024",4,True,True,True,True,4
0000903651,"2021,2022,2023,2024",4,True,True,True,True,4
0000906107,"2021,2022,2023,2024",4,True,True,True,True,4
0000906163,"2021,2022,2023,2024",4,True,True,True,True,4
0000906345,"2021,2022,2023,2024",4,True,True,True,True,4
0000906465,"2021,2022,2023,2024",4,True,True,True,True,4
0000906553,"2021,2022,2023,2024",4,True,True,True,True,4
0000906709,"2021,2022,2023,2024",4,True,True,True,True,4
0000907242,"2021,2022,2023,2024",4,True,True,True,True,4
0000907254,"2021,2022,2023,2024",4,True,True,True,True,4
0000907471,"2021,2022,2023,2024",4,True,True,True,True,4
0000907654,"2021,2022,2023,2024",4,True,True,True,True,4
0000908255,"2021,2022,2023,2024",4,True,True,True,True,4
0000908259,"2021,2022,2023,2024",5,True,True,True,True,4
0000908311,"2021,2022,2023,2024",6,True,True,True,True,4
0000908315,"2021,2022,2023,2024",4,True,True,True,True,4
0000908937,"2021,2022,2023,2024",4,True,True,True,True,4
0000909108,"2021,2022,2023,2024",4,True,True,True,True,4
0000909494,"2021,2022,2023,2024",5,True,True,True,True,4
0000909724,"2021,2022,2023,2024",5,True,True,True,True,4
0000909832,"2021,2022,2023,2024",4,True,True,True,True,4
0000910073,"2021,2022,2023,2024",5,True,True,True,True,4
0000910108,"2021,2022,2023,2024",4,True,True,True,True,4
0000910267,"2021,2022,2023,2024",4,True,True,True,True,4
0000910329,"2021,2022,2023,2024",4,True,True,True,True,4
0000910406,"2021,2022,2023,2024",4,True,True,True,True,4
0000910521,"2021,2022,2023,2024",4,True,True,True,True,4
0000910606,"2021,2022,2023,2024",4,True,True,True,True,4
0000910612,"2021,2022,2023,2024",5,True,True,True,True,4
0000910638,"2021,2022,2023,2024",4,True,True,True,True,4
0000911147,"2021,2022,2023,2024",4,True,True,True,True,4
0000911177,"2021,2022,2023,2024",4,True,True,True,True,4
0000911216,"2021,2022,2023,2024",4,True,True,True,True,4
0000912061,"2021,2022,2023,2024",4,True,True,True,True,4
0000912093,"2021,2022,2023,2024",4,True,True,True,True,4
0000912242,"2021,2022,2023,2024",4,True,True,True,True,4
0000912463,"2021,2022,2023,2024",4,True,True,True,True,4
0000912562,"2021,2022,2023,2024",4,True,True,True,True,4
0000912593,"2021,2022,2023,2024",4,True,True,True,True,4
0000912595,"2021,2022,2023,2024",4,True,True,True,True,4
0000912603,"2021,2022,2023,2024",4,True,True,True,True,4
0000912615,"2021,2022,2023,2024",4,True,True,True,True,4
0000912728,"2021,2022,2023,2024",5,True,True,True,True,4
0000912752,"2021,2022,2023,2024",4,True,True,True,True,4
0000912766,"2021,2022,2023,2024",4,True,True,True,True,4
0000912767,"2021,2022,2023,2024",4,True,True,True,True,4
0000913142,"2021,2022,2023,2024",4,True,True,True,True,4
0000913144,"2021,2022,2023,2024",4,True,True,True,True,4
0000913241,"2021,2022,2023,2024",4,True,True,True,True,4
0000913277,"2021,2022,2023,2024",5,True,True,True,True,4
0000913341,"2021,2022,2023,2024",4,True,True,True,True,4
0000913760,"2021,2022,2023,2024",4,True,True,True,True,4
0000913778,"2021,2022,2023,2024",4,True,True,True,True,4
0000914122,"2021,2022,2023,2024",5,True,True,True,True,4
0000914139,"2021,2022,2023,2024",4,True,True,True,True,4
0000914156,"2021,2022,2023,2024",4,True,True,True,True,4
0000914208,"2021,2022,2023,2024",4,True,True,True,True,4
0000914475,"2021,2022,2023,2024",4,True,True,True,True,4
0000914712,"2021,2022,2023,2024",8,True,True,True,True,4
0000914748,"2021,2022,2023,2024",4,True,True,True,True,4
0000915358,"2021,2022,2023,2024",5,True,True,True,True,4
0000915389,"2021,2022,2023,2024",4,True,True,True,True,4
0000915779,"2021,2022,2023,2024",4,True,True,True,True,4
0000915840,"2021,2022,2023,2024",4,True,True,True,True,4
0000915912,"2021,2022,2023,2024",4,True,True,True,True,4
0000915913,"2021,2022,2023,2024",8,True,True,True,True,4
0000916076,"2021,2022,2023,2024",4,True,True,True,True,4
0000916365,"2021,2022,2023,2024",4,True,True,True,True,4
0000916540,"2021,2022,2023,2024",4,True,True,True,True,4
0000916789,"2021,2022,2023,2024",4,True,True,True,True,4
0000916907,"2021,2022,2023,2024",5,True,True,True,True,4
0000917225,"2021,2022,2023,2024",5,True,True,True,True,4
0000917251,"2021,2022,2023,2024",4,True,True,True,True,4
0000917273,"2021,2022,2023,2024",5,True,True,True,True,4
0000917470,"2021,2022,2023,2024",4,True,True,True,True,4
0000917491,"2021,2022,2023,2024",4,True,True,True,True,4
0000917520,"2021,2022,2023,2024",4,True,True,True,True,4
0000918251,"2021,2022,2023,2024",5,True,True,True,True,4
0000918541,"2021,2022,2023,2024",4,True,True,True,True,4
0000918545,"2021,2022,2023,2024",4,True,True,True,True,4
0000918646,"2021,2022,2023,2024",4,True,True,True,True,4
0000918965,"2021,2022,2023,2024",7,True,True,True,True,4
0000919012,"2021,2022,2023,2024",4,True,True,True,True,4
0000919864,"2021,2022,2023,2024",4,True,True,True,True,4
0000920112,"2021,2022,2023,2024",4,True,True,True,True,4
0000920148,"2021,2022,2023,2024",4,True,True,True,True,4
0000920371,"2021,2022,2023,2024",4,True,True,True,True,4
0000920427,"2021,2022,2023,2024",4,True,True,True,True,4
0000920522,"2021,2022,2023,2024",4,True,True,True,True,4
0000920760,"2021,2022,2023,2024",5,True,True,True,True,4
0000921082,"2021,2022,2023,2024",4,True,True,True,True,4
0000921114,"2021,2022,2023,2024",4,True,True,True,True,4
0000921183,"2021,2022,2023,2024",5,True,True,True,True,4
0000921299,"2021,2022,2023,2024",5,True,True,True,True,4
0000921557,"2021,2022,2023,2024",4,True,True,True,True,4
0000921582,"2021,2022,2023,2024",4,True,True,True,True,4
0000921738,"2021,2022,2023,2024",4,True,True,True,True,4
0000921825,"2021,2022,2023,2024",4,True,True,True,True,4
0000921864,"2021,2022,2023,2024",4,True,True,True,True,4
0000922224,"2021,2022,2023,2024",4,True,True,True,True,4
0000922247,"2021,2022,2023,2024",8,True,True,True,True,4
0000922358,"2021,2022,2023,2024",4,True,True,True,True,4
0000922359,"2021,2022,2023,2024",4,True,True,True,True,4
0000922360,"2021,2022,2023,2024",4,True,True,True,True,4
0000922621,"2021,2022,2023,2024",4,True,True,True,True,4
0000922864,"2021,2022,2023,2024",5,True,True,True,True,4
0000922869,"2021,2022,2023,2024",4,True,True,True,True,4
0000923120,"2021,2022,2023,2024",4,True,True,True,True,4
0000923139,"2021,2022,2023,2024",4,True,True,True,True,4
0000923796,"2021,2022,2023,2024",4,True,True,True,True,4
0000924168,"2021,2022,2023,2024",4,True,True,True,True,4
0000924383,"2021,2022,2023,2024",4,True,True,True,True,4
0000924515,"2021,2022,2023,2024",5,True,True,True,True,4
0000924717,"2021,2022,2023,2024",4,True,True,True,True,4
0000924719,"2021,2022,2023,2024",5,True,True,True,True,4
0000924805,"2021,2022,2023,2024",5,True,True,True,True,4
0000924822,"2021,2022,2023,2024",4,True,True,True,True,4
0000924901,"2021,2022,2023,2024",4,True,True,True,True,4
0000925528,"2021,2022,2023,2024",4,True,True,True,True,4
0000925660,"2021,2022,2023,2024",4,True,True,True,True,4
0000925741,"2021,2022,2023,2024",5,True,True,True,True,4
0000926282,"2021,2022,2023,2024",5,True,True,True,True,4
0000926326,"2021,2022,2023,2024",4,True,True,True,True,4
0000926423,"2021,2022,2023,2024",6,True,True,True,True,4
0000926617,"2021,2022,2023,2024",6,True,True,True,True,4
0000926660,"2021,2022,2023,2024",6,True,True,True,True,4
0000926844,"2021,2022,2023,2024",8,True,True,True,True,4
0000927003,"2021,2022,2023,2024",4,True,True,True,True,4
0000927066,"2021,2022,2023,2024",4,True,True,True,True,4
0000927628,"2021,2022,2023,2024",4,True,True,True,True,4
0000927653,"2021,2022,2023,2024",4,True,True,True,True,4
0000928022,"2021,2022,2023,2024",5,True,True,True,True,4
0000928054,"2021,2022,2023,2024",4,True,True,True,True,4
0000928340,"2021,2022,2023,2024",4,True,True,True,True,4
0000928465,"2021,2022,2023,2024",4,True,True,True,True,4
0000928576,"2021,2022,2023,2024",4,True,True,True,True,4
0000928658,"2021,2022,2023,2024",5,True,True,True,True,4
0000929008,"2021,2022,2023,2024",4,True,True,True,True,4
0000929351,"2021,2022,2023,2024",6,True,True,True,True,4
0000930236,"2021,2022,2023,2024",4,True,True,True,True,4
0000930245,"2021,2022,2023,2024",4,True,True,True,True,4
0000930420,"2021,2022,2023,2024",4,True,True,True,True,4
0000930775,"2021,2022,2023,2024",7,True,True,True,True,4
0000931015,"2021,2022,2023,2024",4,True,True,True,True,4
0000931148,"2021,2022,2023,2024",4,True,True,True,True,4
0000931182,"2021,2022,2023,2024",4,True,True,True,True,4
0000931584,"2021,2022,2023,2024",4,True,True,True,True,4
0000931755,"2021,2022,2023,2024",4,True,True,True,True,4
0000932021,"2021,2022,2023,2024",4,True,True,True,True,4
0000932696,"2021,2022,2023,2024",4,True,True,True,True,4
0000932781,"2021,2022,2023,2024",4,True,True,True,True,4
0000933034,"2021,2022,2023,2024",4,True,True,True,True,4
0000933036,"2021,2022,2023,2024",4,True,True,True,True,4
0000933136,"2021,2022,2023,2024",4,True,True,True,True,4
0000933738,"2021,2022,2023,2024",7,True,True,True,True,4
0000933972,"2021,2022,2023,2024",6,True,True,True,True,4
0000933974,"2021,2022,2023,2024",4,True,True,True,True,4
0000934549,"2021,2022,2023,2024",4,True,True,True,True,4
0000934612,"2021,2022,2023,2024",4,True,True,True,True,4
0000934796,"2021,2022,2023,2024",7,True,True,True,True,4
0000935036,"2021,2022,2023,2024",4,True,True,True,True,4
0000935419,"2021,2022,2023,2024",4,True,True,True,True,4
0000935703,"2021,2022,2023,2024",4,True,True,True,True,4
0000936340,"2021,2022,2023,2024",4,True,True,True,True,4
0000936395,"2021,2022,2023,2024",4,True,True,True,True,4
0000936468,"2021,2022,2023,2024",4,True,True,True,True,4
0000936528,"2021,2022,2023,2024",4,True,True,True,True,4
0000937098,"2021,2022,2023,2024",4,True,True,True,True,4
0000937556,"2021,2022,2023,2024",6,True,True,True,True,4
0000937834,"2021,2022,2023,2024",4,True,True,True,True,4
0000939767,"2021,2022,2023,2024",4,True,True,True,True,4
0000939930,"2021,2022,2023,2024",4,True,True,True,True,4
0000940942,"2021,2022,2023,2024",4,True,True,True,True,4
0000940944,"2021,2022,2023,2024",4,True,True,True,True,4
0000941713,"2021,2022,2023,2024",4,True,True,True,True,4
0000942126,"2021,2022,2023,2024",4,True,True,True,True,4
0000943452,"2021,2022,2023,2024",4,True,True,True,True,4
0000943535,"2021,2022,2023,2024",4,True,True,True,True,4
0000943819,"2021,2022,2023,2024",6,True,True,True,True,4
0000944075,"2021,2022,2023,2024",4,True,True,True,True,4
0000944130,"2021,2022,2023,2024",4,True,True,True,True,4
0000944148,"2021,2022,2023,2024",4,True,True,True,True,4
0000944480,"2021,2022,2023,2024",6,True,True,True,True,4
0000944695,"2021,2022,2023,2024",4,True,True,True,True,4
0000944745,"2021,2022,2023,2024",5,True,True,True,True,4
0000944809,"2021,2022,2023,2024",5,True,True,True,True,4
0000945114,"2021,2022,2023,2024",4,True,True,True,True,4
0000945394,"2021,2022,2023,2024",4,True,True,True,True,4
0000945617,"2021,2022,2023,2024",5,True,True,True,True,4
0000945841,"2021,2022,2023,2024",4,True,True,True,True,4
0000945983,"2021,2022,2023,2024",4,True,True,True,True,4
0000946155,"2021,2022,2023,2024",4,True,True,True,True,4
0000946486,"2021,2022,2023,2024",6,True,True,True,True,4
0000946563,"2021,2022,2023,2024",4,True,True,True,True,4
0000946581,"2021,2022,2023,2024",4,True,True,True,True,4
0000946644,"2021,2022,2023,2024",4,True,True,True,True,4
0000946647,"2021,2022,2023,2024",5,True,True,True,True,4
0000946673,"2021,2022,2023,2024",5,True,True,True,True,4
0000947484,"2021,2022,2023,2024",4,True,True,True,True,4
0000947559,"2021,2022,2023,2024",4,True,True,True,True,4
0000948320,"2021,2022,2023,2024",4,True,True,True,True,4
0000948708,"2021,2022,2023,2024",4,True,True,True,True,4
0000949039,"2021,2022,2023,2024",6,True,True,True,True,4
0000949157,"2021,2022,2023,2024",4,True,True,True,True,4
0000949858,"2021,2022,2023,2024",5,True,True,True,True,4
0000949870,"2021,2022,2023,2024",4,True,True,True,True,4
0000949961,"2021,2022,2023,2024",4,True,True,True,True,4
0001000045,"2021,2022,2023,2024",5,True,True,True,True,4
0001000209,"2021,2022,2023,2024",4,True,True,True,True,4
0001000228,"2021,2022,2023,2024",4,True,True,True,True,4
0001000230,"2021,2022,2023,2024",4,True,True,True,True,4
0001000623,"2021,2022,2023,2024",4,True,True,True,True,4
0001000694,"2021,2022,2023,2024",5,True,True,True,True,4
0001000697,"2021,2022,2023,2024",4,True,True,True,True,4
0001000753,"2021,2022,2023,2024",4,True,True,True,True,4
0001001082,"2021,2022,2023,2024",4,True,True,True,True,4
0001001115,"2021,2022,2023,2024",6,True,True,True,True,4
0001001171,"2021,2022,2023,2024",6,True,True,True,True,4
0001001233,"2021,2022,2023,2024",4,True,True,True,True,4
0001001250,"2021,2022,2023,2024",4,True,True,True,True,4
0001001316,"2021,2022,2023,2024",5,True,True,True,True,4
0001001385,"2021,2022,2023,2024",4,True,True,True,True,4
0001001601,"2021,2022,2023,2024",4,True,True,True,True,4
0001001838,"2021,2022,2023,2024",7,True,True,True,True,4
0001001902,"2021,2022,2023,2024",4,True,True,True,True,4
0001001907,"2021,2022,2023,2024",4,True,True,True,True,4
0001002047,"2021,2022,2023,2024",4,True,True,True,True,4
0001002590,"2021,2022,2023,2024",4,True,True,True,True,4
0001002638,"2021,2022,2023,2024",4,True,True,True,True,4
0001002910,"2021,2022,2023,2024",4,True,True,True,True,4
0001003078,"2021,2022,2023,2024",4,True,True,True,True,4
0001003509,"2021,2022,2023,2024",4,True,True,True,True,4
0001003815,"2021,2022,2023,2024",4,True,True,True,True,4
0001004036,"2021,2022,2023,2024",6,True,True,True,True,4
0001004155,"2021,2022,2023,2024",4,True,True,True,True,4
0001004434,"2021,2022,2023,2024",4,True,True,True,True,4
0001004702,"2021,2022,2023,2024",4,True,True,True,True,4
0001004724,"2021,2022,2023,2024",4,True,True,True,True,4
0001004980,"2021,2022,2023,2024",4,True,True,True,True,4
0001004989,"2021,2022,2023,2024",8,True,True,True,True,4
0001005101,"2021,2022,2023,2024",6,True,True,True,True,4
0001005210,"2021,2022,2023,2024",4,True,True,True,True,4
0001005229,"2021,2022,2023,2024",4,True,True,True,True,4
0001005284,"2021,2022,2023,2024",4,True,True,True,True,4
0001005286,"2021,2022,2023,2024",5,True,True,True,True,4
0001005731,"2021,2022,2023,2024",4,True,True,True,True,4
0001005757,"2021,2022,2023,2024",4,True,True,True,True,4
0001005817,"2021,2022,2023,2024",5,True,True,True,True,4
0001006028,"2021,2022,2023,2024",4,True,True,True,True,4
0001006045,"2021,2022,2023,2024",4,True,True,True,True,4
0001006281,"2021,2022,2023,2024",6,True,True,True,True,4
0001006655,"2021,2022,2023,2024",4,True,True,True,True,4
0001006830,"2021,2022,2023,2024",4,True,True,True,True,4
0001006837,"2021,2022,2023,2024",4,True,True,True,True,4
0001007019,"2021,2022,2023,2024",7,True,True,True,True,4
0001007587,"2021,2022,2023,2024",5,True,True,True,True,4
0001008586,"2021,2022,2023,2024",4,True,True,True,True,4
0001008848,"2021,2022,2023,2024",5,True,True,True,True,4
0001009829,"2021,2022,2023,2024",4,True,True,True,True,4
0001009891,"2021,2022,2023,2024",5,True,True,True,True,4
0001010086,"2021,2022,2023,2024",4,True,True,True,True,4
0001010470,"2021,2022,2023,2024",4,True,True,True,True,4
0001011060,"2021,2022,2023,2024",9,True,True,True,True,4
0001011509,"2021,2022,2023,2024",4,True,True,True,True,4
0001012019,"2021,2022,2023,2024",4,True,True,True,True,4
0001012100,"2021,2022,2023,2024",4,True,True,True,True,4
0001012477,"2021,2022,2023,2024",5,True,True,True,True,4
0001012493,"2021,2022,2023,2024",4,True,True,True,True,4
0001013237,"2021,2022,2023,2024",4,True,True,True,True,4
0001013272,"2021,2022,2023,2024",5,True,True,True,True,4
0001013462,"2021,2022,2023,2024",4,True,True,True,True,4
0001013488,"2021,2022,2023,2024",4,True,True,True,True,4
0001013706,"2021,2022,2023,2024",5,True,True,True,True,4
0001013857,"2021,2022,2023,2024",4,True,True,True,True,4
0001013871,"2021,2022,2023,2024",4,True,True,True,True,4
0001013880,"2021,2022,2023,2024",4,True,True,True,True,4
0001013934,"2021,2022,2023,2024",4,True,True,True,True,4
0001014473,"2021,2022,2023,2024",4,True,True,True,True,4
0001014739,"2021,2022,2023,2024",4,True,True,True,True,4
0001014763,"2021,2022,2023,2024",5,True,True,True,True,4
0001015328,"2021,2022,2023,2024",4,True,True,True,True,4
0001015383,"2021,2022,2023,2024",6,True,True,True,True,4
0001015739,"2021,2022,2023,2024",5,True,True,True,True,4
0001016178,"2021,2022,2023,2024",5,True,True,True,True,4
0001016281,"2021,2022,2023,2024",4,True,True,True,True,4
0001016504,"2021,2022,2023,2024",4,True,True,True,True,4
0001017303,"2021,2022,2023,2024",5,True,True,True,True,4
0001017480,"2021,2022,2023,2024",5,True,True,True,True,4
0001017491,"2021,2022,2023,2024",5,True,True,True,True,4
0001017655,"2021,2022,2023,2024",4,True,True,True,True,4
0001018164,"2021,2022,2023,2024",6,True,True,True,True,4
0001018399,"2021,2022,2023,2024",4,True,True,True,True,4
0001018724,"2021,2022,2023,2024",4,True,True,True,True,4
0001018840,"2021,2022,2023,2024",4,True,True,True,True,4
0001018963,"2021,2022,2023,2024",4,True,True,True,True,4
0001018979,"2021,2022,2023,2024",4,True,True,True,True,4
0001019034,"2021,2022,2023,2024",5,True,True,True,True,4
0001019849,"2021,2022,2023,2024",4,True,True,True,True,4
0001020214,"2021,2022,2023,2024",4,True,True,True,True,4
0001020569,"2021,2022,2023,2024",4,True,True,True,True,4
0001020710,"2021,2022,2023,2024",7,True,True,True,True,4
0001020859,"2021,2022,2023,2024",4,True,True,True,True,4
0001021162,"2021,2022,2023,2024",4,True,True,True,True,4
0001021561,"2021,2022,2023,2024",4,True,True,True,True,4
0001021635,"2021,2022,2023,2024",4,True,True,True,True,4
0001021860,"2021,2022,2023,2024",4,True,True,True,True,4
0001022079,"2021,2022,2023,2024",4,True,True,True,True,4
0001022321,"2021,2022,2023,2024",4,True,True,True,True,4
0001022344,"2021,2022,2023,2024",4,True,True,True,True,4
0001022408,"2021,2022,2023,2024",4,True,True,True,True,4
0001022505,"2021,2022,2023,2024",4,True,True,True,True,4
0001022652,"2021,2022,2023,2024",8,True,True,True,True,4
0001022671,"2021,2022,2023,2024",4,True,True,True,True,4
0001022899,"2021,2022,2023,2024",7,True,True,True,True,4
0001023024,"2021,2022,2023,2024",4,True,True,True,True,4
0001023128,"2021,2022,2023,2024",4,True,True,True,True,4
0001023313,"2021,2022,2023,2024",4,True,True,True,True,4
0001023458,"2021,2022,2023,2024",4,True,True,True,True,4
0001023459,"2021,2022,2023,2024",4,True,True,True,True,4
0001023731,"2021,2022,2023,2024",4,True,True,True,True,4
0001023994,"2021,2022,2023,2024",6,True,True,True,True,4
0001024305,"2021,2022,2023,2024",5,True,True,True,True,4
0001024478,"2021,2022,2023,2024",4,True,True,True,True,4
0001024795,"2021,2022,2023,2024",4,True,True,True,True,4
0001025378,"2021,2022,2023,2024",4,True,True,True,True,4
0001025771,"2021,2022,2023,2024",4,True,True,True,True,4
0001025835,"2021,2022,2023,2024",4,True,True,True,True,4
0001025996,"2021,2022,2023,2024",4,True,True,True,True,4
0001026214,"2021,2022,2023,2024",4,True,True,True,True,4
0001026655,"2021,2022,2023,2024",5,True,True,True,True,4
0001027838,"2021,2022,2023,2024",4,True,True,True,True,4
0001028918,"2021,2022,2023,2024",4,True,True,True,True,4
0001029125,"2021,2022,2023,2024",4,True,True,True,True,4
0001029142,"2021,2022,2023,2024",4,True,True,True,True,4
0001029199,"2021,2022,2023,2024",4,True,True,True,True,4
0001030192,"2021,2022,2023,2024",5,True,True,True,True,4
0001030469,"2021,2022,2023,2024",4,True,True,True,True,4
0001031093,"2021,2022,2023,2024",5,True,True,True,True,4
0001031203,"2021,2022,2023,2024",4,True,True,True,True,4
0001031235,"2021,2022,2023,2024",4,True,True,True,True,4
0001031296,"2021,2022,2023,2024",4,True,True,True,True,4
0001031308,"2021,2022,2023,2024",4,True,True,True,True,4
0001031316,"2021,2022,2023,2024",4,True,True,True,True,4
0001031623,"2021,2022,2023,2024",4,True,True,True,True,4
0001032033,"2021,2022,2023,2024",4,True,True,True,True,4
0001032208,"2021,2022,2023,2024",4,True,True,True,True,4
0001032220,"2021,2022,2023,2024",4,True,True,True,True,4
0001032975,"2021,2022,2023,2024",4,True,True,True,True,4
0001033128,"2021,2022,2023,2024",4,True,True,True,True,4
0001034054,"2021,2022,2023,2024",4,True,True,True,True,4
0001034670,"2021,2022,2023,2024",4,True,True,True,True,4
0001034760,"2021,2022,2023,2024",4,True,True,True,True,4
0001034842,"2021,2022,2023,2024",4,True,True,True,True,4
0001035002,"2021,2022,2023,2024",4,True,True,True,True,4
0001035092,"2021,2022,2023,2024",4,True,True,True,True,4
0001035201,"2021,2022,2023,2024",4,True,True,True,True,4
0001035267,"2021,2022,2023,2024",4,True,True,True,True,4
0001035443,"2021,2022,2023,2024",4,True,True,True,True,4
0001035976,"2021,2022,2023,2024",4,True,True,True,True,4
0001035983,"2021,2022,2023,2024",4,True,True,True,True,4
0001036044,"2021,2022,2023,2024",6,True,True,True,True,4
0001036262,"2021,2022,2023,2024",4,True,True,True,True,4
0001036848,"2021,2022,2023,2024",5,True,True,True,True,4
0001037038,"2021,2022,2023,2024",4,True,True,True,True,4
0001037540,"2021,2022,2023,2024",4,True,True,True,True,4
0001037646,"2021,2022,2023,2024",4,True,True,True,True,4
0001037676,"2021,2022,2023,2024",4,True,True,True,True,4
0001037868,"2021,2022,2023,2024",4,True,True,True,True,4
0001037976,"2021,2022,2023,2024",4,True,True,True,True,4
0001038074,"2021,2022,2023,2024",4,True,True,True,True,4
0001038277,"2021,2022,2023,2024",5,True,True,True,True,4
0001038357,"2021,2022,2023,2024",5,True,True,True,True,4
0001038509,"2021,2022,2023,2024",4,True,True,True,True,4
0001038773,"2021,2022,2023,2024",4,True,True,True,True,4
0001039065,"2021,2022,2023,2024",4,True,True,True,True,4
0001039280,"2021,2022,2023,2024",4,True,True,True,True,4
0001039399,"2021,2022,2023,2024",4,True,True,True,True,4
0001039466,"2021,2022,2023,2024",5,True,True,True,True,4
0001039684,"2021,2022,2023,2024",4,True,True,True,True,4
0001039828,"2021,2022,2023,2024",5,True,True,True,True,4
0001040130,"2021,2022,2023,2024",5,True,True,True,True,4
0001040161,"2021,2022,2023,2024",4,True,True,True,True,4
0001040470,"2021,2022,2023,2024",4,True,True,True,True,4
0001040765,"2021,2022,2023,2024",4,True,True,True,True,4
0001040829,"2021,2022,2023,2024",4,True,True,True,True,4
0001040896,"2021,2022,2023,2024",6,True,True,True,True,4
0001040971,"2021,2022,2023,2024",4,True,True,True,True,4
0001041024,"2021,2022,2023,2024",4,True,True,True,True,4
0001041061,"2021,2022,2023,2024",4,True,True,True,True,4
0001041368,"2021,2022,2023,2024",4,True,True,True,True,4
0001041514,"2021,2022,2023,2024",4,True,True,True,True,4
0001041657,"2021,2022,2023,2024",5,True,True,True,True,4
0001041803,"2021,2022,2023,2024",4,True,True,True,True,4
0001041859,"2021,2022,2023,2024",4,True,True,True,True,4
0001042046,"2021,2022,2023,2024",4,True,True,True,True,4
0001042074,"2021,2022,2023,2024",4,True,True,True,True,4
0001042187,"2021,2022,2023,2024",4,True,True,True,True,4
0001042418,"2021,2022,2023,2024",4,True,True,True,True,4
0001042642,"2021,2022,2023,2024",4,True,True,True,True,4
0001042729,"2021,2022,2023,2024",4,True,True,True,True,4
0001042773,"2021,2022,2023,2024",4,True,True,True,True,4
0001042776,"2021,2022,2023,2024",4,True,True,True,True,4
0001042893,"2021,2022,2023,2024",6,True,True,True,True,4
0001043000,"2021,2022,2023,2024",5,True,True,True,True,4
0001043121,"2021,2022,2023,2024",4,True,True,True,True,4
0001043186,"2021,2022,2023,2024",4,True,True,True,True,4
0001043219,"2021,2022,2023,2024",4,True,True,True,True,4
0001043277,"2021,2022,2023,2024",4,True,True,True,True,4
0001043337,"2021,2022,2023,2024",4,True,True,True,True,4
0001043509,"2021,2022,2023,2024",4,True,True,True,True,4
0001043604,"2021,2022,2023,2024",4,True,True,True,True,4
0001043951,"2021,2022,2023,2024",4,True,True,True,True,4
0001043961,"2021,2022,2023,2024",4,True,True,True,True,4
0001044777,"2021,2022,2023,2024",4,True,True,True,True,4
0001045450,"2021,2022,2023,2024",4,True,True,True,True,4
0001045609,"2021,2022,2023,2024",4,True,True,True,True,4
0001045610,"2021,2022,2023,2024",4,True,True,True,True,4
0001045742,"2021,2022,2023,2024",5,True,True,True,True,4
0001045810,"2021,2022,2023,2024",4,True,True,True,True,4
0001045942,"2021,2022,2023,2024",4,True,True,True,True,4
0001046025,"2021,2022,2023,2024",4,True,True,True,True,4
0001046050,"2021,2022,2023,2024",4,True,True,True,True,4
0001046102,"2021,2022,2023,2024",4,True,True,True,True,4
0001046257,"2021,2022,2023,2024",4,True,True,True,True,4
0001046311,"2021,2022,2023,2024",4,True,True,True,True,4
0001046568,"2021,2022,2023,2024",4,True,True,True,True,4
0001047127,"2021,2022,2023,2024",4,True,True,True,True,4
0001047166,"2021,2022,2023,2024",4,True,True,True,True,4
0001047335,"2021,2022,2023,2024",4,True,True,True,True,4
0001047340,"2021,2022,2023,2024",4,True,True,True,True,4
0001047862,"2021,2022,2023,2024",4,True,True,True,True,4
0001048268,"2021,2022,2023,2024",4,True,True,True,True,4
0001048286,"2021,2022,2023,2024",5,True,True,True,True,4
0001048477,"2021,2022,2023,2024",4,True,True,True,True,4
0001048695,"2021,2022,2023,2024",4,True,True,True,True,4
0001048911,"2021,2022,2023,2024",4,True,True,True,True,4
0001049011,"2021,2022,2023,2024",5,True,True,True,True,4
0001049502,"2021,2022,2023,2024",4,True,True,True,True,4
0001049521,"2021,2022,2023,2024",4,True,True,True,True,4
0001049606,"2021,2022,2023,2024",4,True,True,True,True,4
0001049782,"2021,2022,2023,2024",5,True,True,True,True,4
0001050377,"2021,2022,2023,2024",4,True,True,True,True,4
0001050441,"2021,2022,2023,2024",4,True,True,True,True,4
0001050446,"2021,2022,2023,2024",4,True,True,True,True,4
0001050743,"2021,2022,2023,2024",4,True,True,True,True,4
0001050797,"2021,2022,2023,2024",4,True,True,True,True,4
0001050825,"2021,2022,2023,2024",4,True,True,True,True,4
0001050915,"2021,2022,2023,2024",4,True,True,True,True,4
0001051343,"2021,2022,2023,2024",4,True,True,True,True,4
0001051470,"2021,2022,2023,2024",4,True,True,True,True,4
0001051512,"2021,2022,2023,2024",4,True,True,True,True,4
0001051514,"2021,2022,2023,2024",6,True,True,True,True,4
0001051627,"2021,2022,2023,2024",4,True,True,True,True,4
0001052354,"2021,2022,2023,2024",5,True,True,True,True,4
0001052752,"2021,2022,2023,2024",4,True,True,True,True,4
0001053059,"2021,2022,2023,2024",4,True,True,True,True,4
0001053352,"2021,2022,2023,2024",4,True,True,True,True,4
0001053369,"2021,2022,2023,2024",6,True,True,True,True,4
0001053507,"2021,2022,2023,2024",4,True,True,True,True,4
0001053584,"2021,2022,2023,2024",5,True,True,True,True,4
0001053691,"2021,2022,2023,2024",4,True,True,True,True,4
0001053706,"2021,2022,2023,2024",4,True,True,True,True,4
0001054102,"2021,2022,2023,2024",11,True,True,True,True,4
0001054905,"2021,2022,2023,2024",4,True,True,True,True,4
0001055160,"2021,2022,2023,2024",4,True,True,True,True,4
0001055726,"2021,2022,2023,2024",4,True,True,True,True,4
0001056285,"2021,2022,2023,2024",4,True,True,True,True,4
0001056288,"2021,2022,2023,2024",4,True,True,True,True,4
0001056358,"2021,2022,2023,2024",4,True,True,True,True,4
0001056696,"2021,2022,2023,2024",4,True,True,True,True,4
0001056903,"2021,2022,2023,2024",4,True,True,True,True,4
0001056943,"2021,2022,2023,2024",4,True,True,True,True,4
0001057060,"2021,2022,2023,2024",4,True,True,True,True,4
0001057352,"2021,2022,2023,2024",4,True,True,True,True,4
0001057379,"2021,2022,2023,2024",5,True,True,True,True,4
0001057706,"2021,2022,2023,2024",5,True,True,True,True,4
0001057877,"2021,2022,2023,2024",4,True,True,True,True,4
0001058090,"2021,2022,2023,2024",4,True,True,True,True,4
0001058290,"2021,2022,2023,2024",4,True,True,True,True,4
0001058307,"2021,2022,2023,2024",5,True,True,True,True,4
0001058623,"2021,2022,2023,2024",4,True,True,True,True,4
0001058811,"2021,2022,2023,2024",4,True,True,True,True,4
0001058867,"2021,2022,2023,2024",4,True,True,True,True,4
0001059142,"2021,2022,2023,2024",4,True,True,True,True,4
0001059262,"2021,2022,2023,2024",4,True,True,True,True,4
0001059556,"2021,2022,2023,2024",4,True,True,True,True,4
0001060386,"2021,2022,2023,2024",4,True,True,True,True,4
0001060391,"2021,2022,2023,2024",4,True,True,True,True,4
0001060822,"2021,2022,2023,2024",4,True,True,True,True,4
0001061027,"2021,2022,2023,2024",4,True,True,True,True,4
0001061069,"2021,2022,2023,2024",4,True,True,True,True,4
0001061219,"2021,2022,2023,2024",4,True,True,True,True,4
0001061630,"2021,2022,2023,2024",4,True,True,True,True,4
0001061937,"2021,2022,2023,2024",4,True,True,True,True,4
0001061983,"2021,2022,2023,2024",4,True,True,True,True,4
0001062231,"2021,2022,2023,2024",4,True,True,True,True,4
0001062506,"2021,2022,2023,2024",5,True,True,True,True,4
0001062822,"2021,2022,2023,2024",4,True,True,True,True,4
0001063537,"2021,2022,2023,2024",6,True,True,True,True,4
0001063761,"2021,2022,2023,2024",4,True,True,True,True,4
0001064722,"2021,2022,2023,2024",6,True,True,True,True,4
0001064728,"2021,2022,2023,2024",4,True,True,True,True,4
0001065059,"2021,2022,2023,2024",4,True,True,True,True,4
0001065078,"2021,2022,2023,2024",5,True,True,True,True,4
0001065088,"2021,2022,2023,2024",7,True,True,True,True,4
0001065280,"2021,2022,2023,2024",4,True,True,True,True,4
0001065696,"2021,2022,2023,2024",4,True,True,True,True,4
0001065837,"2021,2022,2023,2024",4,True,True,True,True,4
0001066194,"2021,2022,2023,2024",4,True,True,True,True,4
0001066247,"2021,2022,2023,2024",4,True,True,True,True,4
0001066605,"2021,2022,2023,2024",4,True,True,True,True,4
0001066656,"2021,2022,2023,2024",4,True,True,True,True,4
0001066684,"2021,2022,2023,2024",4,True,True,True,True,4
0001066764,"2021,2022,2023,2024",4,True,True,True,True,4
0001066923,"2021,2022,2023,2024",5,True,True,True,True,4
0001067063,"2021,2022,2023,2024",4,True,True,True,True,4
0001067294,"2021,2022,2023,2024",4,True,True,True,True,4
0001067701,"2021,2022,2023,2024",4,True,True,True,True,4
0001067837,"2021,2022,2023,2024",5,True,True,True,True,4
0001067983,"2021,2022,2023,2024",4,True,True,True,True,4
0001068148,"2021,2022,2023,2024",4,True,True,True,True,4
0001068689,"2021,2022,2023,2024",5,True,True,True,True,4
0001068851,"2021,2022,2023,2024",4,True,True,True,True,4
0001069157,"2021,2022,2023,2024",4,True,True,True,True,4
0001069183,"2021,2022,2023,2024",4,True,True,True,True,4
0001069202,"2021,2022,2023,2024",4,True,True,True,True,4
0001069258,"2021,2022,2023,2024",4,True,True,True,True,4
0001069394,"2021,2022,2023,2024",6,True,True,True,True,4
0001069530,"2021,2022,2023,2024",4,True,True,True,True,4
0001069533,"2021,2022,2023,2024",4,True,True,True,True,4
0001069878,"2021,2022,2023,2024",4,True,True,True,True,4
0001069899,"2021,2022,2023,2024",4,True,True,True,True,4
0001070050,"2021,2022,2023,2024",6,True,True,True,True,4
0001070081,"2021,2022,2023,2024",5,True,True,True,True,4
0001070235,"2021,2022,2023,2024",4,True,True,True,True,4
0001070296,"2021,2022,2023,2024",5,True,True,True,True,4
0001070412,"2021,2022,2023,2024",4,True,True,True,True,4
0001070423,"2021,2022,2023,2024",4,True,True,True,True,4
0001070494,"2021,2022,2023,2024",4,True,True,True,True,4
0001070524,"2021,2022,2023,2024",4,True,True,True,True,4
0001070680,"2021,2022,2023,2024",4,True,True,True,True,4
0001070750,"2021,2022,2023,2024",4,True,True,True,True,4
0001070985,"2021,2022,2023,2024",4,True,True,True,True,4
0001071236,"2021,2022,2023,2024",4,True,True,True,True,4
0001071255,"2021,2022,2023,2024",4,True,True,True,True,4
0001071739,"2021,2022,2023,2024",4,True,True,True,True,4
0001072379,"2021,2022,2023,2024",7,True,True,True,True,4
0001072627,"2021,2022,2023,2024",4,True,True,True,True,4
0001074828,"2021,2022,2023,2024",5,True,True,True,True,4
0001074871,"2021,2022,2023,2024",4,True,True,True,True,4
0001074902,"2021,2022,2023,2024",5,True,True,True,True,4
0001075415,"2021,2022,2023,2024",4,True,True,True,True,4
0001075531,"2021,2022,2023,2024",4,True,True,True,True,4
0001075706,"2021,2022,2023,2024",4,True,True,True,True,4
0001075736,"2021,2022,2023,2024",4,True,True,True,True,4
0001076930,"2021,2022,2023,2024",4,True,True,True,True,4
0001077183,"2021,2022,2023,2024",4,True,True,True,True,4
0001077428,"2021,2022,2023,2024",4,True,True,True,True,4
0001077688,"2021,2022,2023,2024",4,True,True,True,True,4
0001078075,"2021,2022,2023,2024",4,True,True,True,True,4
0001078207,"2021,2022,2023,2024",4,True,True,True,True,4
0001078271,"2021,2022,2023,2024",4,True,True,True,True,4
0001080014,"2021,2022,2023,2024",8,True,True,True,True,4
0001080340,"2021,2022,2023,2024",4,True,True,True,True,4
0001080448,"2021,2022,2023,2024",4,True,True,True,True,4
0001080657,"2021,2022,2023,2024",6,True,True,True,True,4
0001081316,"2021,2022,2023,2024",4,True,True,True,True,4
0001081745,"2021,2022,2023,2024",4,True,True,True,True,4
0001081938,"2021,2022,2023,2024",4,True,True,True,True,4
0001082038,"2021,2022,2023,2024",4,True,True,True,True,4
0001082324,"2021,2022,2023,2024",6,True,True,True,True,4
0001082554,"2021,2022,2023,2024",4,True,True,True,True,4
0001082733,"2021,2022,2023,2024",4,True,True,True,True,4
0001083220,"2021,2022,2023,2024",5,True,True,True,True,4
0001083301,"2021,2022,2023,2024",5,True,True,True,True,4
0001083446,"2021,2022,2023,2024",5,True,True,True,True,4
0001083490,"2021,2022,2023,2024",5,True,True,True,True,4
0001083522,"2021,2022,2023,2024",4,True,True,True,True,4
0001084048,"2021,2022,2023,2024",4,True,True,True,True,4
0001084267,"2021,2022,2023,2024",6,True,True,True,True,4
0001084475,"2021,2022,2023,2024",5,True,True,True,True,4
0001084554,"2021,2022,2023,2024",5,True,True,True,True,4
0001084765,"2021,2022,2023,2024",4,True,True,True,True,4
0001084869,"2021,2022,2023,2024",4,True,True,True,True,4
0001084961,"2021,2022,2023,2024",4,True,True,True,True,4
0001084991,"2021,2022,2023,2024",5,True,True,True,True,4
0001085243,"2021,2022,2023,2024",5,True,True,True,True,4
0001085277,"2021,2022,2023,2024",4,True,True,True,True,4
0001085392,"2021,2022,2023,2024",4,True,True,True,True,4
0001085869,"2021,2022,2023,2024",4,True,True,True,True,4
0001085913,"2021,2022,2023,2024",5,True,True,True,True,4
0001086222,"2021,2022,2023,2024",4,True,True,True,True,4
0001086600,"2021,2022,2023,2024",5,True,True,True,True,4
0001086745,"2021,2022,2023,2024",8,True,True,True,True,4
0001087294,"2021,2022,2023,2024",4,True,True,True,True,4
0001088034,"2021,2022,2023,2024",5,True,True,True,True,4
0001088413,"2021,2022,2023,2024",5,True,True,True,True,4
0001088638,"2021,2022,2023,2024",4,True,True,True,True,4
0001088856,"2021,2022,2023,2024",5,True,True,True,True,4
0001089063,"2021,2022,2023,2024",4,True,True,True,True,4
0001089748,"2021,2022,2023,2024",4,True,True,True,True,4
0001089815,"2021,2022,2023,2024",6,True,True,True,True,4
0001089819,"2021,2022,2023,2024",4,True,True,True,True,4
0001089872,"2021,2022,2023,2024",4,True,True,True,True,4
0001089907,"2021,2022,2023,2024",6,True,True,True,True,4
0001090009,"2021,2022,2023,2024",4,True,True,True,True,4
0001090012,"2021,2022,2023,2024",4,True,True,True,True,4
0001090396,"2021,2022,2023,2024",5,True,True,True,True,4
0001090425,"2021,2022,2023,2024",4,True,True,True,True,4
0001090727,"2021,2022,2023,2024",4,True,True,True,True,4
0001090872,"2021,2022,2023,2024",4,True,True,True,True,4
0001091667,"2021,2022,2023,2024",4,True,True,True,True,4
0001091748,"2021,2022,2023,2024",6,True,True,True,True,4
0001092570,"2021,2022,2023,2024",4,True,True,True,True,4
0001092699,"2021,2022,2023,2024",4,True,True,True,True,4
0001092796,"2021,2022,2023,2024",4,True,True,True,True,4
0001093557,"2021,2022,2023,2024",4,True,True,True,True,4
0001093672,"2021,2022,2023,2024",4,True,True,True,True,4
0001093691,"2021,2022,2023,2024",6,True,True,True,True,4
0001094032,"2021,2022,2023,2024",10,True,True,True,True,4
0001094038,"2021,2022,2023,2024",4,True,True,True,True,4
0001094093,"2021,2022,2023,2024",4,True,True,True,True,4
0001094285,"2021,2022,2023,2024",4,True,True,True,True,4
0001094831,"2021,2022,2023,2024",8,True,True,True,True,4
0001095073,"2021,2022,2023,2024",4,True,True,True,True,4
0001095565,"2021,2022,2023,2024",4,True,True,True,True,4
0001095651,"2021,2022,2023,2024",6,True,True,True,True,4
0001095981,"2021,2022,2023,2024",5,True,True,True,True,4
0001096056,"2021,2022,2023,2024",4,True,True,True,True,4
0001096275,"2021,2022,2023,2024",4,True,True,True,True,4
0001096343,"2021,2022,2023,2024",4,True,True,True,True,4
0001096752,"2021,2022,2023,2024",5,True,True,True,True,4
0001096938,"2021,2022,2023,2024",4,True,True,True,True,4
0001097149,"2021,2022,2023,2024",4,True,True,True,True,4
0001097864,"2021,2022,2023,2024",4,True,True,True,True,4
0001098009,"2021,2022,2023,2024",7,True,True,True,True,4
0001098146,"2021,2022,2023,2024",5,True,True,True,True,4
0001098151,"2021,2022,2023,2024",4,True,True,True,True,4
0001098296,"2021,2022,2023,2024",4,True,True,True,True,4
0001098880,"2021,2022,2023,2024",4,True,True,True,True,4
0001098972,"2021,2022,2023,2024",4,True,True,True,True,4
0001099132,"2021,2022,2023,2024",4,True,True,True,True,4
0001099160,"2021,2022,2023,2024",4,True,True,True,True,4
0001099219,"2021,2022,2023,2024",4,True,True,True,True,4
0001099369,"2021,2022,2023,2024",4,True,True,True,True,4
0001099590,"2021,2022,2023,2024",4,True,True,True,True,4
0001099800,"2021,2022,2023,2024",4,True,True,True,True,4
0001100397,"2021,2022,2023,2024",6,True,True,True,True,4
0001100682,"2021,2022,2023,2024",4,True,True,True,True,4
0001101026,"2021,2022,2023,2024",6,True,True,True,True,4
0001101215,"2021,2022,2023,2024",4,True,True,True,True,4
0001101239,"2021,2022,2023,2024",5,True,True,True,True,4
0001101302,"2021,2022,2023,2024",4,True,True,True,True,4
0001101433,"2021,2022,2023,2024",4,True,True,True,True,4
0001101680,"2021,2022,2023,2024",5,True,True,True,True,4
0001102238,"2021,2022,2023,2024",4,True,True,True,True,4
0001102993,"2021,2022,2023,2024",7,True,True,True,True,4
0001103795,"2021,2022,2023,2024",4,True,True,True,True,4
0001103833,"2021,2022,2023,2024",5,True,True,True,True,4
0001103982,"2021,2022,2023,2024",4,True,True,True,True,4
0001104038,"2021,2022,2023,2024",4,True,True,True,True,4
0001104485,"2021,2022,2023,2024",4,True,True,True,True,4
0001104506,"2021,2022,2023,2024",4,True,True,True,True,4
0001104657,"2021,2022,2023,2024",4,True,True,True,True,4
0001106213,"2021,2022,2023,2024",7,True,True,True,True,4
0001106644,"2021,2022,2023,2024",4,True,True,True,True,4
0001106838,"2021,2022,2023,2024",4,True,True,True,True,4
0001107280,"2021,2022,2023,2024",4,True,True,True,True,4
0001107421,"2021,2022,2023,2024",4,True,True,True,True,4
0001107843,"2021,2022,2023,2024",4,True,True,True,True,4
0001108109,"2021,2022,2023,2024",4,True,True,True,True,4
0001108134,"2021,2022,2023,2024",4,True,True,True,True,4
0001108205,"2021,2022,2023,2024",5,True,True,True,True,4
0001108348,"2021,2022,2023,2024",4,True,True,True,True,4
0001108426,"2021,2022,2023,2024",4,True,True,True,True,4
0001108524,"2021,2022,2023,2024",4,True,True,True,True,4
0001108645,"2021,2022,2023,2024",6,True,True,True,True,4
0001109116,"2021,2022,2023,2024",5,True,True,True,True,4
0001109242,"2021,2022,2023,2024",4,True,True,True,True,4
0001109354,"2021,2022,2023,2024",4,True,True,True,True,4
0001109357,"2021,2022,2023,2024",4,True,True,True,True,4
0001109448,"2021,2022,2023,2024",4,True,True,True,True,4
0001110607,"2021,2022,2023,2024",5,True,True,True,True,4
0001110611,"2021,2022,2023,2024",4,True,True,True,True,4
0001110795,"2021,2022,2023,2024",4,True,True,True,True,4
0001110803,"2021,2022,2023,2024",4,True,True,True,True,4
0001110805,"2021,2022,2023,2024",4,True,True,True,True,4
0001111335,"2021,2022,2023,2024",4,True,True,True,True,4
0001111711,"2021,2022,2023,2024",4,True,True,True,True,4
0001111741,"2021,2022,2023,2024",5,True,True,True,True,4
0001111928,"2021,2022,2023,2024",5,True,True,True,True,4
0001113169,"2021,2022,2023,2024",4,True,True,True,True,4
0001113232,"2021,2022,2023,2024",5,True,True,True,True,4
0001113313,"2021,2022,2023,2024",4,True,True,True,True,4
0001113809,"2021,2022,2023,2024",4,True,True,True,True,4
0001114483,"2021,2022,2023,2024",4,True,True,True,True,4
0001114925,"2021,2022,2023,2024",4,True,True,True,True,4
0001114927,"2021,2022,2023,2024",6,True,True,True,True,4
0001114995,"2021,2022,2023,2024",4,True,True,True,True,4
0001115055,"2021,2022,2023,2024",4,True,True,True,True,4
0001116132,"2021,2022,2023,2024",4,True,True,True,True,4
0001116463,"2021,2022,2023,2024",4,True,True,True,True,4
0001116942,"2021,2022,2023,2024",4,True,True,True,True,4
0001117057,"2021,2022,2023,2024",7,True,True,True,True,4
0001117171,"2021,2022,2023,2024",6,True,True,True,True,4
0001117297,"2021,2022,2023,2024",4,True,True,True,True,4
0001117480,"2021,2022,2023,2024",4,True,True,True,True,4
0001118004,"2021,2022,2023,2024",4,True,True,True,True,4
0001118072,"2021,2022,2023,2024",4,True,True,True,True,4
0001120193,"2021,2022,2023,2024",4,True,True,True,True,4
0001120370,"2021,2022,2023,2024",4,True,True,True,True,4
0001120914,"2021,2022,2023,2024",4,True,True,True,True,4
0001120970,"2021,2022,2023,2024",4,True,True,True,True,4
0001121484,"2021,2022,2023,2024",4,True,True,True,True,4
0001121702,"2021,2022,2023,2024",4,True,True,True,True,4
0001121788,"2021,2022,2023,2024",5,True,True,True,True,4
0001121795,"2021,2022,2023,2024",5,True,True,True,True,4
0001122904,"2021,2022,2023,2024",4,True,True,True,True,4
0001122976,"2021,2022,2023,2024",4,True,True,True,True,4
0001123360,"2021,2022,2023,2024",4,True,True,True,True,4
0001123494,"2021,2022,2023,2024",5,True,True,True,True,4
0001123596,"2021,2022,2023,2024",4,True,True,True,True,4
0001123852,"2021,2022,2023,2024",4,True,True,True,True,4
0001124105,"2021,2022,2023,2024",5,True,True,True,True,4
0001124140,"2021,2022,2023,2024",4,True,True,True,True,4
0001124198,"2021,2022,2023,2024",4,True,True,True,True,4
0001124524,"2021,2022,2023,2024",4,True,True,True,True,4
0001124796,"2021,2022,2023,2024",4,True,True,True,True,4
0001125259,"2021,2022,2023,2024",4,True,True,True,True,4
0001125345,"2021,2022,2023,2024",4,True,True,True,True,4
0001125376,"2021,2022,2023,2024",4,True,True,True,True,4
0001126234,"2021,2022,2023,2024",5,True,True,True,True,4
0001126328,"2021,2022,2023,2024",4,True,True,True,True,4
0001126741,"2021,2022,2023,2024",4,True,True,True,True,4
0001126956,"2021,2022,2023,2024",4,True,True,True,True,4
0001127371,"2021,2022,2023,2024",5,True,True,True,True,4
0001127475,"2021,2022,2023,2024",4,True,True,True,True,4
0001127537,"2021,2022,2023,2024",4,True,True,True,True,4
0001127703,"2021,2022,2023,2024",4,True,True,True,True,4
0001128189,"2021,2022,2023,2024",4,True,True,True,True,4
0001128250,"2021,2022,2023,2024",4,True,True,True,True,4
0001128281,"2021,2022,2023,2024",4,True,True,True,True,4
0001128361,"2021,2022,2023,2024",4,True,True,True,True,4
0001128383,"2021,2022,2023,2024",4,True,True,True,True,4
0001128928,"2021,2022,2023,2024",4,True,True,True,True,4
0001129155,"2021,2022,2023,2024",4,True,True,True,True,4
0001130144,"2021,2022,2023,2024",5,True,True,True,True,4
0001130166,"2021,2022,2023,2024",6,True,True,True,True,4
0001130310,"2021,2022,2023,2024",4,True,True,True,True,4
0001130464,"2021,2022,2023,2024",4,True,True,True,True,4
0001130598,"2021,2022,2023,2024",8,True,True,True,True,4
0001130713,"2021,2022,2023,2024",7,True,True,True,True,4
0001130889,"2021,2022,2023,2024",4,True,True,True,True,4
0001131312,"2021,2022,2023,2024",4,True,True,True,True,4
0001131554,"2021,2022,2023,2024",5,True,True,True,True,4
0001131903,"2021,2022,2023,2024",4,True,True,True,True,4
0001132105,"2021,2022,2023,2024",4,True,True,True,True,4
0001132509,"2021,2022,2023,2024",5,True,True,True,True,4
0001132651,"2021,2022,2023,2024",4,True,True,True,True,4
0001133062,"2021,2022,2023,2024",5,True,True,True,True,4
0001133311,"2021,2022,2023,2024",5,True,True,True,True,4
0001133416,"2021,2022,2023,2024",4,True,True,True,True,4
0001133421,"2021,2022,2023,2024",4,True,True,True,True,4
0001133438,"2021,2022,2023,2024",17,True,True,True,True,4
0001133818,"2021,2022,2023,2024",4,True,True,True,True,4
0001133869,"2021,2022,2023,2024",4,True,True,True,True,4
0001134115,"2021,2022,2023,2024",5,True,True,True,True,4
0001134765,"2021,2022,2023,2024",4,True,True,True,True,4
0001135971,"2021,2022,2023,2024",4,True,True,True,True,4
0001136174,"2021,2022,2023,2024",5,True,True,True,True,4
0001136869,"2021,2022,2023,2024",4,True,True,True,True,4
0001136893,"2021,2022,2023,2024",4,True,True,True,True,4
0001137091,"2021,2022,2023,2024",8,True,True,True,True,4
0001137547,"2021,2022,2023,2024",5,True,True,True,True,4
0001137774,"2021,2022,2023,2024",4,True,True,True,True,4
0001137789,"2021,2022,2023,2024",4,True,True,True,True,4
0001137883,"2021,2022,2023,2024",4,True,True,True,True,4
0001138118,"2021,2022,2023,2024",4,True,True,True,True,4
0001138476,"2021,2022,2023,2024",4,True,True,True,True,4
0001138639,"2021,2022,2023,2024",5,True,True,True,True,4
0001138723,"2021,2022,2023,2024",4,True,True,True,True,4
0001138724,"2021,2022,2023,2024",8,True,True,True,True,4
0001139552,"2021,2022,2023,2024",4,True,True,True,True,4
0001140096,"2021,2022,2023,2024",4,True,True,True,True,4
0001140102,"2021,2022,2023,2024",4,True,True,True,True,4
0001140215,"2021,2022,2023,2024",4,True,True,True,True,4
0001140536,"2021,2022,2023,2024",4,True,True,True,True,4
0001140859,"2021,2022,2023,2024",4,True,True,True,True,4
0001141103,"2021,2022,2023,2024",4,True,True,True,True,4
0001141197,"2021,2022,2023,2024",5,True,True,True,True,4
0001141240,"2021,2022,2023,2024",5,True,True,True,True,4
0001141391,"2021,2022,2023,2024",4,True,True,True,True,4
0001141688,"2021,2022,2023,2024",4,True,True,True,True,4
0001142417,"2021,2022,2023,2024",4,True,True,True,True,4
0001142750,"2021,2022,2023,2024",4,True,True,True,True,4
0001143513,"2021,2022,2023,2024",4,True,True,True,True,4
0001144215,"2021,2022,2023,2024",4,True,True,True,True,4
0001144980,"2021,2022,2023,2024",4,True,True,True,True,4
0001145197,"2021,2022,2023,2024",4,True,True,True,True,4
0001145255,"2021,2022,2023,2024",4,True,True,True,True,4
0001145604,"2021,2022,2023,2024",5,True,True,True,True,4
0001145765,"2021,2022,2023,2024",6,True,True,True,True,4
0001145986,"2021,2022,2023,2024",4,True,True,True,True,4
0001156039,"2021,2022,2023,2024",4,True,True,True,True,4
0001156041,"2021,2022,2023,2024",5,True,True,True,True,4
0001156174,"2021,2022,2023,2024",5,True,True,True,True,4
0001156375,"2021,2022,2023,2024",4,True,True,True,True,4
0001156388,"2021,2022,2023,2024",4,True,True,True,True,4
0001157075,"2021,2022,2023,2024",4,True,True,True,True,4
0001157408,"2021,2022,2023,2024",4,True,True,True,True,4
0001157601,"2021,2022,2023,2024",5,True,True,True,True,4
0001157647,"2021,2022,2023,2024",4,True,True,True,True,4
0001157762,"2021,2022,2023,2024",4,True,True,True,True,4
0001158114,"2021,2022,2023,2024",6,True,True,True,True,4
0001158172,"2021,2022,2023,2024",4,True,True,True,True,4
0001158324,"2021,2022,2023,2024",4,True,True,True,True,4
0001158449,"2021,2022,2023,2024",5,True,True,True,True,4
0001158463,"2021,2022,2023,2024",4,True,True,True,True,4
0001158780,"2021,2022,2023,2024",4,True,True,True,True,4
0001158895,"2021,2022,2023,2024",4,True,True,True,True,4
0001159036,"2021,2022,2023,2024",4,True,True,True,True,4
0001159167,"2021,2022,2023,2024",4,True,True,True,True,4
0001159408,"2021,2022,2023,2024",4,True,True,True,True,4
0001160308,"2021,2022,2023,2024",4,True,True,True,True,4
0001160661,"2021,2022,2023,2024",4,True,True,True,True,4
0001160791,"2021,2022,2023,2024",5,True,True,True,True,4
0001160945,"2021,2022,2023,2024",4,True,True,True,True,4
0001161728,"2021,2022,2023,2024",4,True,True,True,True,4
0001162194,"2021,2022,2023,2024",5,True,True,True,True,4
0001162387,"2021,2022,2023,2024",4,True,True,True,True,4
0001162461,"2021,2022,2023,2024",5,True,True,True,True,4
0001162896,"2021,2022,2023,2024",5,True,True,True,True,4
0001163165,"2021,2022,2023,2024",4,True,True,True,True,4
0001163302,"2021,2022,2023,2024",4,True,True,True,True,4
0001163321,"2021,2022,2023,2024",4,True,True,True,True,4
0001163370,"2021,2022,2023,2024",4,True,True,True,True,4
0001163389,"2021,2022,2023,2024",4,True,True,True,True,4
0001163609,"2021,2022,2023,2024",5,True,True,True,True,4
0001163668,"2021,2022,2023,2024",4,True,True,True,True,4
0001163739,"2021,2022,2023,2024",4,True,True,True,True,4
0001164727,"2021,2022,2023,2024",5,True,True,True,True,4
0001164863,"2021,2022,2023,2024",4,True,True,True,True,4
0001165002,"2021,2022,2023,2024",4,True,True,True,True,4
0001165320,"2021,2022,2023,2024",4,True,True,True,True,4
0001166003,"2021,2022,2023,2024",4,True,True,True,True,4
0001166388,"2021,2022,2023,2024",4,True,True,True,True,4
0001166691,"2021,2022,2023,2024",4,True,True,True,True,4
0001166708,"2021,2022,2023,2024",4,True,True,True,True,4
0001166928,"2021,2022,2023,2024",5,True,True,True,True,4
0001167419,"2021,2022,2023,2024",7,True,True,True,True,4
0001168081,"2021,2022,2023,2024",4,True,True,True,True,4
0001168165,"2021,2022,2023,2024",4,True,True,True,True,4
0001168455,"2021,2022,2023,2024",4,True,True,True,True,4
0001169445,"2021,2022,2023,2024",6,True,True,True,True,4
0001169561,"2021,2022,2023,2024",4,True,True,True,True,4
0001169770,"2021,2022,2023,2024",4,True,True,True,True,4
0001170010,"2021,2022,2023,2024",4,True,True,True,True,4
0001171486,"2021,2022,2023,2024",4,True,True,True,True,4
0001171759,"2021,2022,2023,2024",4,True,True,True,True,4
0001171838,"2021,2022,2023,2024",4,True,True,True,True,4
0001172052,"2021,2022,2023,2024",4,True,True,True,True,4
0001172178,"2021,2022,2023,2024",4,True,True,True,True,4
0001172222,"2021,2022,2023,2024",4,True,True,True,True,4
0001172358,"2021,2022,2023,2024",5,True,True,True,True,4
0001173204,"2021,2022,2023,2024",4,True,True,True,True,4
0001173313,"2021,2022,2023,2024",6,True,True,True,True,4
0001173420,"2021,2022,2023,2024",4,True,True,True,True,4
0001173489,"2021,2022,2023,2024",4,True,True,True,True,4
0001173514,"2021,2022,2023,2024",4,True,True,True,True,4
0001174821,"2021,2022,2023,2024",4,True,True,True,True,4
0001174850,"2021,2022,2023,2024",4,True,True,True,True,4
0001174891,"2021,2022,2023,2024",4,True,True,True,True,4
0001174922,"2021,2022,2023,2024",4,True,True,True,True,4
0001174940,"2021,2022,2023,2024",5,True,True,True,True,4
0001175151,"2021,2022,2023,2024",4,True,True,True,True,4
0001175454,"2021,2022,2023,2024",5,True,True,True,True,4
0001175535,"2021,2022,2023,2024",4,True,True,True,True,4
0001175680,"2021,2022,2023,2024",7,True,True,True,True,4
0001176334,"2021,2022,2023,2024",4,True,True,True,True,4
0001176948,"2021,2022,2023,2024",4,True,True,True,True,4
0001177394,"2021,2022,2023,2024",4,True,True,True,True,4
0001177609,"2021,2022,2023,2024",4,True,True,True,True,4
0001177648,"2021,2022,2023,2024",4,True,True,True,True,4
0001177702,"2021,2022,2023,2024",4,True,True,True,True,4
0001178253,"2021,2022,2023,2024",5,True,True,True,True,4
0001178670,"2021,2022,2023,2024",4,True,True,True,True,4
0001178697,"2021,2022,2023,2024",10,True,True,True,True,4
0001178879,"2021,2022,2023,2024",4,True,True,True,True,4
0001178970,"2021,2022,2023,2024",4,True,True,True,True,4
0001179929,"2021,2022,2023,2024",4,True,True,True,True,4
0001180262,"2021,2022,2023,2024",4,True,True,True,True,4
0001182534,"2021,2022,2023,2024",20,True,True,True,True,4
0001183765,"2021,2022,2023,2024",6,True,True,True,True,4
0001185198,"2021,2022,2023,2024",4,True,True,True,True,4
0001185348,"2021,2022,2023,2024",4,True,True,True,True,4
0001187953,"2021,2022,2023,2024",7,True,True,True,True,4
0001190370,"2021,2022,2023,2024",4,True,True,True,True,4
0001192448,"2021,2022,2023,2024",4,True,True,True,True,4
0001193311,"2021,2022,2023,2024",4,True,True,True,True,4
0001195734,"2021,2022,2023,2024",4,True,True,True,True,4
0001196298,"2021,2022,2023,2024",4,True,True,True,True,4
0001198415,"2021,2022,2023,2024",6,True,True,True,True,4
0001200375,"2021,2022,2023,2024",4,True,True,True,True,4
0001201792,"2021,2022,2023,2024",5,True,True,True,True,4
0001205922,"2021,2022,2023,2024",5,True,True,True,True,4
0001206264,"2021,2022,2023,2024",4,True,True,True,True,4
0001209709,"2021,2022,2023,2024",4,True,True,True,True,4
0001210708,"2021,2022,2023,2024",6,True,True,True,True,4
0001211583,"2021,2022,2023,2024",4,True,True,True,True,4
0001211805,"2021,2022,2023,2024",5,True,True,True,True,4
0001212545,"2021,2022,2023,2024",4,True,True,True,True,4
0001213037,"2021,2022,2023,2024",4,True,True,True,True,4
0001213809,"2021,2022,2023,2024",5,True,True,True,True,4
0001214816,"2021,2022,2023,2024",4,True,True,True,True,4
0001217234,"2021,2022,2023,2024",4,True,True,True,True,4
0001218683,"2021,2022,2023,2024",4,True,True,True,True,4
0001219601,"2021,2022,2023,2024",4,True,True,True,True,4
0001220754,"2021,2022,2023,2024",4,True,True,True,True,4
0001222333,"2021,2022,2023,2024",5,True,True,True,True,4
0001223389,"2021,2022,2023,2024",4,True,True,True,True,4
0001223444,"2021,2022,2023,2024",4,True,True,True,True,4
0001224133,"2021,2022,2023,2024",8,True,True,True,True,4
0001224608,"2021,2022,2023,2024",4,True,True,True,True,4
0001226616,"2021,2022,2023,2024",5,True,True,True,True,4
0001227090,"2021,2022,2023,2024",4,True,True,True,True,4
0001227265,"2021,2022,2023,2024",4,True,True,True,True,4
0001227500,"2021,2022,2023,2024",4,True,True,True,True,4
0001227636,"2021,2022,2023,2024",4,True,True,True,True,4
0001227654,"2021,2022,2023,2024",6,True,True,True,True,4
0001228454,"2021,2022,2023,2024",4,True,True,True,True,4
0001228627,"2021,2022,2023,2024",4,True,True,True,True,4
0001230058,"2021,2022,2023,2024",4,True,True,True,True,4
0001230245,"2021,2022,2023,2024",4,True,True,True,True,4
0001230524,"2021,2022,2023,2024",7,True,True,True,True,4
0001232524,"2021,2022,2023,2024",8,True,True,True,True,4
0001232582,"2021,2022,2023,2024",4,True,True,True,True,4
0001234006,"2021,2022,2023,2024",4,True,True,True,True,4
0001235468,"2021,2022,2023,2024",4,True,True,True,True,4
0001236275,"2021,2022,2023,2024",4,True,True,True,True,4
0001237831,"2021,2022,2023,2024",5,True,True,True,True,4
0001253176,"2021,2022,2023,2024",5,True,True,True,True,4
0001253689,"2021,2022,2023,2024",4,True,True,True,True,4
0001253986,"2021,2022,2023,2024",4,True,True,True,True,4
0001254699,"2021,2022,2023,2024",4,True,True,True,True,4
0001255604,"2021,2022,2023,2024",4,True,True,True,True,4
0001257640,"2021,2022,2023,2024",4,True,True,True,True,4
0001258602,"2021,2022,2023,2024",4,True,True,True,True,4
0001259429,"2021,2022,2023,2024",4,True,True,True,True,4
0001260125,"2021,2022,2023,2024",43,True,True,True,True,4
0001260221,"2021,2022,2023,2024",5,True,True,True,True,4
0001260990,"2021,2022,2023,2024",6,True,True,True,True,4
0001261249,"2021,2022,2023,2024",5,True,True,True,True,4
0001261333,"2021,2022,2023,2024",4,True,True,True,True,4
0001261379,"2021,2022,2023,2024",5,True,True,True,True,4
0001261654,"2021,2022,2023,2024",4,True,True,True,True,4
0001262039,"2021,2022,2023,2024",4,True,True,True,True,4
0001262104,"2021,2022,2023,2024",6,True,True,True,True,4
0001262823,"2021,2022,2023,2024",4,True,True,True,True,4
0001262976,"2021,2022,2023,2024",4,True,True,True,True,4
0001263364,"2021,2022,2023,2024",4,True,True,True,True,4
0001264157,"2021,2022,2023,2024",4,True,True,True,True,4
0001265131,"2021,2022,2023,2024",4,True,True,True,True,4
0001266806,"2021,2022,2023,2024",7,True,True,True,True,4
0001266832,"2021,2022,2023,2024",4,True,True,True,True,4
0001267238,"2021,2022,2023,2024",4,True,True,True,True,4
0001267332,"2021,2022,2023,2024",4,True,True,True,True,4
0001267426,"2021,2022,2023,2024",4,True,True,True,True,4
0001267565,"2021,2022,2023,2024",4,True,True,True,True,4
0001267602,"2021,2022,2023,2024",7,True,True,True,True,4
0001267813,"2021,2022,2023,2024",4,True,True,True,True,4
0001269026,"2021,2022,2023,2024",4,True,True,True,True,4
0001269371,"2021,2022,2023,2024",4,True,True,True,True,4
0001270436,"2021,2022,2023,2024",4,True,True,True,True,4
0001271833,"2021,2022,2023,2024",4,True,True,True,True,4
0001271834,"2021,2022,2023,2024",4,True,True,True,True,4
0001272842,"2021,2022,2023,2024",4,True,True,True,True,4
0001273441,"2021,2022,2023,2024",4,True,True,True,True,4
0001273685,"2021,2022,2023,2024",4,True,True,True,True,4
0001273813,"2021,2022,2023,2024",4,True,True,True,True,4
0001274173,"2021,2022,2023,2024",4,True,True,True,True,4
0001274494,"2021,2022,2023,2024",4,True,True,True,True,4
0001274737,"2021,2022,2023,2024",5,True,True,True,True,4
0001274792,"2021,2022,2023,2024",5,True,True,True,True,4
0001275014,"2021,2022,2023,2024",4,True,True,True,True,4
0001275101,"2021,2022,2023,2024",4,True,True,True,True,4
0001275158,"2021,2022,2023,2024",4,True,True,True,True,4
0001275187,"2021,2022,2023,2024",4,True,True,True,True,4
0001275477,"2021,2022,2023,2024",4,True,True,True,True,4
0001276187,"2021,2022,2023,2024",4,True,True,True,True,4
0001276520,"2021,2022,2023,2024",4,True,True,True,True,4
0001276531,"2021,2022,2023,2024",6,True,True,True,True,4
0001277902,"2021,2022,2023,2024",4,True,True,True,True,4
0001278021,"2021,2022,2023,2024",4,True,True,True,True,4
0001278027,"2021,2022,2023,2024",4,True,True,True,True,4
0001278680,"2021,2022,2023,2024",4,True,True,True,True,4
0001279620,"2021,2022,2023,2024",4,True,True,True,True,4
0001279695,"2021,2022,2023,2024",4,True,True,True,True,4
0001279704,"2021,2022,2023,2024",8,True,True,True,True,4
0001279715,"2021,2022,2023,2024",8,True,True,True,True,4
0001280058,"2021,2022,2023,2024",4,True,True,True,True,4
0001280263,"2021,2022,2023,2024",4,True,True,True,True,4
0001280452,"2021,2022,2023,2024",4,True,True,True,True,4
0001280776,"2021,2022,2023,2024",4,True,True,True,True,4
0001280784,"2021,2022,2023,2024",4,True,True,True,True,4
0001281761,"2021,2022,2023,2024",4,True,True,True,True,4
0001281845,"2021,2022,2023,2024",9,True,True,True,True,4
0001281895,"2021,2022,2023,2024",4,True,True,True,True,4
0001282224,"2021,2022,2023,2024",7,True,True,True,True,4
0001282631,"2021,2022,2023,2024",4,True,True,True,True,4
0001282637,"2021,2022,2023,2024",4,True,True,True,True,4
0001282648,"2021,2022,2023,2024",6,True,True,True,True,4
0001282663,"2021,2022,2023,2024",4,True,True,True,True,4
0001282980,"2021,2022,2023,2024",5,True,True,True,True,4
0001283337,"2021,2022,2023,2024",4,True,True,True,True,4
0001283450,"2021,2022,2023,2024",4,True,True,True,True,4
0001283464,"2021,2022,2023,2024",4,True,True,True,True,4
0001283699,"2021,2022,2023,2024",4,True,True,True,True,4
0001284143,"2021,2022,2023,2024",4,True,True,True,True,4
0001284454,"2021,2022,2023,2024",4,True,True,True,True,4
0001284812,"2021,2022,2023,2024",4,True,True,True,True,4
0001285550,"2021,2022,2023,2024",4,True,True,True,True,4
0001285785,"2021,2022,2023,2024",4,True,True,True,True,4
0001285819,"2021,2022,2023,2024",5,True,True,True,True,4
0001286043,"2021,2022,2023,2024",4,True,True,True,True,4
0001286405,"2021,2022,2023,2024",4,True,True,True,True,4
0001286613,"2021,2022,2023,2024",4,True,True,True,True,4
0001286681,"2021,2022,2023,2024",4,True,True,True,True,4
0001287032,"2021,2022,2023,2024",6,True,True,True,True,4
0001287213,"2021,2022,2023,2024",4,True,True,True,True,4
0001287750,"2021,2022,2023,2024",7,True,True,True,True,4
0001287865,"2021,2022,2023,2024",5,True,True,True,True,4
0001288403,"2021,2022,2023,2024",4,True,True,True,True,4
0001288469,"2021,2022,2023,2024",4,True,True,True,True,4
0001288750,"2021,2022,2023,2024",7,True,True,True,True,4
0001288847,"2021,2022,2023,2024",4,True,True,True,True,4
0001288855,"2021,2022,2023,2024",5,True,True,True,True,4
0001289237,"2021,2022,2023,2024",4,True,True,True,True,4
0001289308,"2021,2022,2023,2024",4,True,True,True,True,4
0001289340,"2021,2022,2023,2024",4,True,True,True,True,4
0001289419,"2021,2022,2023,2024",4,True,True,True,True,4
0001289460,"2021,2022,2023,2024",4,True,True,True,True,4
0001289490,"2021,2022,2023,2024",4,True,True,True,True,4
0001289636,"2021,2022,2023,2024",4,True,True,True,True,4
0001289848,"2021,2022,2023,2024",4,True,True,True,True,4
0001289850,"2021,2022,2023,2024",4,True,True,True,True,4
0001289945,"2021,2022,2023,2024",5,True,True,True,True,4
0001290476,"2021,2022,2023,2024",4,True,True,True,True,4
0001290658,"2021,2022,2023,2024",4,True,True,True,True,4
0001290677,"2021,2022,2023,2024",4,True,True,True,True,4
0001290900,"2021,2022,2023,2024",4,True,True,True,True,4
0001293234,"2021,2022,2023,2024",4,True,True,True,True,4
0001293282,"2021,2022,2023,2024",4,True,True,True,True,4
0001293818,"2021,2022,2023,2024",4,True,True,True,True,4
0001293971,"2021,2022,2023,2024",4,True,True,True,True,4
0001294133,"2021,2022,2023,2024",4,True,True,True,True,4
0001294808,"2021,2022,2023,2024",4,True,True,True,True,4
0001295401,"2021,2022,2023,2024",4,True,True,True,True,4
0001295810,"2021,2022,2023,2024",4,True,True,True,True,4
0001295947,"2021,2022,2023,2024",4,True,True,True,True,4
0001296445,"2021,2022,2023,2024",4,True,True,True,True,4
0001296884,"2021,2022,2023,2024",4,True,True,True,True,4
0001297184,"2021,2022,2023,2024",4,True,True,True,True,4
0001297341,"2021,2022,2023,2024",4,True,True,True,True,4
0001297937,"2021,2022,2023,2024",4,True,True,True,True,4
0001297989,"2021,2022,2023,2024",4,True,True,True,True,4
0001297996,"2021,2022,2023,2024",4,True,True,True,True,4
0001298675,"2021,2022,2023,2024",4,True,True,True,True,4
0001298946,"2021,2022,2023,2024",4,True,True,True,True,4
0001299130,"2021,2022,2023,2024",4,True,True,True,True,4
0001299709,"2021,2022,2023,2024",4,True,True,True,True,4
0001299969,"2021,2022,2023,2024",5,True,True,True,True,4
0001300485,"2021,2022,2023,2024",4,True,True,True,True,4
0001300514,"2021,2022,2023,2024",4,True,True,True,True,4
0001300734,"2021,2022,2023,2024",5,True,True,True,True,4
0001301236,"2021,2022,2023,2024",4,True,True,True,True,4
0001301787,"2021,2022,2023,2024",4,True,True,True,True,4
0001301991,"2021,2022,2023,2024",9,True,True,True,True,4
0001302028,"2021,2022,2023,2024",4,True,True,True,True,4
0001302215,"2021,2022,2023,2024",4,True,True,True,True,4
0001303942,"2021,2022,2023,2024",5,True,True,True,True,4
0001304161,"2021,2022,2023,2024",8,True,True,True,True,4
0001304280,"2021,2022,2023,2024",8,True,True,True,True,4
0001304409,"2021,2022,2023,2024",5,True,True,True,True,4
0001304421,"2021,2022,2023,2024",4,True,True,True,True,4
0001304492,"2021,2022,2023,2024",4,True,True,True,True,4
0001305168,"2021,2022,2023,2024",4,True,True,True,True,4
0001305253,"2021,2022,2023,2024",5,True,True,True,True,4
0001306830,"2021,2022,2023,2024",4,True,True,True,True,4
0001307579,"2021,2022,2023,2024",6,True,True,True,True,4
0001307748,"2021,2022,2023,2024",4,True,True,True,True,4
0001307954,"2021,2022,2023,2024",4,True,True,True,True,4
0001308027,"2021,2022,2023,2024",4,True,True,True,True,4
0001308208,"2021,2022,2023,2024",4,True,True,True,True,4
0001308547,"2021,2022,2023,2024",4,True,True,True,True,4
0001309082,"2021,2022,2023,2024",8,True,True,True,True,4
0001309108,"2021,2022,2023,2024",4,True,True,True,True,4
0001309402,"2021,2022,2023,2024",4,True,True,True,True,4
0001310383,"2021,2022,2023,2024",5,True,True,True,True,4
0001310488,"2021,2022,2023,2024",4,True,True,True,True,4
0001310527,"2021,2022,2023,2024",4,True,True,True,True,4
0001310630,"2021,2022,2023,2024",5,True,True,True,True,4
0001311370,"2021,2022,2023,2024",4,True,True,True,True,4
0001311673,"2021,2022,2023,2024",4,True,True,True,True,4
0001313275,"2021,2022,2023,2024",4,True,True,True,True,4
0001313536,"2021,2022,2023,2024",4,True,True,True,True,4
0001314052,"2021,2022,2023,2024",5,True,True,True,True,4
0001314102,"2021,2022,2023,2024",5,True,True,True,True,4
0001314152,"2021,2022,2023,2024",4,True,True,True,True,4
0001314196,"2021,2022,2023,2024",4,True,True,True,True,4
0001314727,"2021,2022,2023,2024",4,True,True,True,True,4
0001315061,"2021,2022,2023,2024",4,True,True,True,True,4
0001315257,"2021,2022,2023,2024",4,True,True,True,True,4
0001315399,"2021,2022,2023,2024",4,True,True,True,True,4
0001316517,"2021,2022,2023,2024",5,True,True,True,True,4
0001316835,"2021,2022,2023,2024",5,True,True,True,True,4
0001316944,"2021,2022,2023,2024",4,True,True,True,True,4
0001317630,"2021,2022,2023,2024",4,True,True,True,True,4
0001317945,"2021,2022,2023,2024",4,True,True,True,True,4
0001318008,"2021,2022,2023,2024",4,True,True,True,True,4
0001318220,"2021,2022,2023,2024",4,True,True,True,True,4
0001318484,"2021,2022,2023,2024",4,True,True,True,True,4
0001318568,"2021,2022,2023,2024",4,True,True,True,True,4
0001318605,"2021,2022,2023,2024",6,True,True,True,True,4
0001318742,"2021,2022,2023,2024",4,True,True,True,True,4
0001319161,"2021,2022,2023,2024",4,True,True,True,True,4
0001319229,"2021,2022,2023,2024",4,True,True,True,True,4
0001319643,"2021,2022,2023,2024",4,True,True,True,True,4
0001319947,"2021,2022,2023,2024",4,True,True,True,True,4
0001320350,"2021,2022,2023,2024",4,True,True,True,True,4
0001320414,"2021,2022,2023,2024",4,True,True,True,True,4
0001320461,"2021,2022,2023,2024",4,True,True,True,True,4
0001320695,"2021,2022,2023,2024",4,True,True,True,True,4
0001320760,"2021,2022,2023,2024",4,True,True,True,True,4
0001320854,"2021,2022,2023,2024",4,True,True,True,True,4
0001321655,"2021,2022,2023,2024",4,True,True,True,True,4
0001321732,"2021,2022,2023,2024",4,True,True,True,True,4
0001321741,"2021,2022,2023,2024",4,True,True,True,True,4
0001321828,"2021,2022,2023,2024",4,True,True,True,True,4
0001321834,"2021,2022,2023,2024",4,True,True,True,True,4
0001322439,"2021,2022,2023,2024",5,True,True,True,True,4
0001323468,"2021,2022,2023,2024",4,True,True,True,True,4
0001323885,"2021,2022,2023,2024",4,True,True,True,True,4
0001324404,"2021,2022,2023,2024",4,True,True,True,True,4
0001324424,"2021,2022,2023,2024",4,True,True,True,True,4
0001324948,"2021,2022,2023,2024",5,True,True,True,True,4
0001325618,"2021,2022,2023,2024",4,True,True,True,True,4
0001325670,"2021,2022,2023,2024",5,True,True,True,True,4
0001325676,"2021,2022,2023,2024",4,True,True,True,True,4
0001325702,"2021,2022,2023,2024",5,True,True,True,True,4
0001325814,"2021,2022,2023,2024",4,True,True,True,True,4
0001325878,"2021,2022,2023,2024",5,True,True,True,True,4
0001325964,"2021,2022,2023,2024",4,True,True,True,True,4
0001326003,"2021,2022,2023,2024",4,True,True,True,True,4
0001326110,"2021,2022,2023,2024",4,True,True,True,True,4
0001326141,"2021,2022,2023,2024",4,True,True,True,True,4
0001326160,"2021,2022,2023,2024",4,True,True,True,True,4
0001326190,"2021,2022,2023,2024",4,True,True,True,True,4
0001326200,"2021,2022,2023,2024",4,True,True,True,True,4
0001326205,"2021,2022,2023,2024",4,True,True,True,True,4
0001326380,"2021,2022,2023,2024",5,True,True,True,True,4
0001326706,"2021,2022,2023,2024",7,True,True,True,True,4
0001326732,"2021,2022,2023,2024",4,True,True,True,True,4
0001326771,"2021,2022,2023,2024",4,True,True,True,True,4
0001326801,"2021,2022,2023,2024",4,True,True,True,True,4
0001327068,"2021,2022,2023,2024",4,True,True,True,True,4
0001327273,"2021,2022,2023,2024",4,True,True,True,True,4
0001327318,"2021,2022,2023,2024",4,True,True,True,True,4
0001327567,"2021,2022,2023,2024",4,True,True,True,True,4
0001327607,"2021,2022,2023,2024",4,True,True,True,True,4
0001327688,"2021,2022,2023,2024",4,True,True,True,True,4
0001327811,"2021,2022,2023,2024",4,True,True,True,True,4
0001327978,"2021,2022,2023,2024",5,True,True,True,True,4
0001328237,"2021,2022,2023,2024",4,True,True,True,True,4
0001328581,"2021,2022,2023,2024",4,True,True,True,True,4
0001328598,"2021,2022,2023,2024",4,True,True,True,True,4
0001328792,"2021,2022,2023,2024",4,True,True,True,True,4
0001328989,"2021,2022,2023,2024",4,True,True,True,True,4
0001329606,"2021,2022,2023,2024",7,True,True,True,True,4
0001329842,"2021,2022,2023,2024",5,True,True,True,True,4
0001330399,"2021,2022,2023,2024",4,True,True,True,True,4
0001330568,"2021,2022,2023,2024",4,True,True,True,True,4
0001331451,"2021,2022,2023,2024",4,True,True,True,True,4
0001331463,"2021,2022,2023,2024",4,True,True,True,True,4
0001331465,"2021,2022,2023,2024",5,True,True,True,True,4
0001331520,"2021,2022,2023,2024",4,True,True,True,True,4
0001331612,"2021,2022,2023,2024",7,True,True,True,True,4
0001331754,"2021,2022,2023,2024",4,True,True,True,True,4
0001331757,"2021,2022,2023,2024",4,True,True,True,True,4
0001331875,"2021,2022,2023,2024",5,True,True,True,True,4
0001332174,"2021,2022,2023,2024",4,True,True,True,True,4
0001332349,"2021,2022,2023,2024",4,True,True,True,True,4
0001332551,"2021,2022,2023,2024",4,True,True,True,True,4
0001333274,"2021,2022,2023,2024",4,True,True,True,True,4
0001333493,"2021,2022,2023,2024",5,True,True,True,True,4
0001333822,"2021,2022,2023,2024",4,True,True,True,True,4
0001333986,"2021,2022,2023,2024",4,True,True,True,True,4
0001334036,"2021,2022,2023,2024",4,True,True,True,True,4
0001334325,"2021,2022,2023,2024",4,True,True,True,True,4
0001334933,"2021,2022,2023,2024",6,True,True,True,True,4
0001334978,"2021,2022,2023,2024",4,True,True,True,True,4
0001335105,"2021,2022,2023,2024",4,True,True,True,True,4
0001335112,"2021,2022,2023,2024",5,True,True,True,True,4
0001335258,"2021,2022,2023,2024",4,True,True,True,True,4
0001336047,"2021,2022,2023,2024",4,True,True,True,True,4
0001336917,"2021,2022,2023,2024",4,True,True,True,True,4
0001336920,"2021,2022,2023,2024",4,True,True,True,True,4
0001337013,"2021,2022,2023,2024",4,True,True,True,True,4
0001337068,"2021,2022,2023,2024",4,True,True,True,True,4
0001337298,"2021,2022,2023,2024",5,True,True,True,True,4
0001337619,"2021,2022,2023,2024",4,True,True,True,True,4
0001338474,"2021,2022,2023,2024",4,True,True,True,True,4
0001338749,"2021,2022,2023,2024",4,True,True,True,True,4
0001338929,"2021,2022,2023,2024",6,True,True,True,True,4
0001339605,"2021,2022,2023,2024",4,True,True,True,True,4
0001339920,"2021,2022,2023,2024",4,True,True,True,True,4
0001339970,"2021,2022,2023,2024",4,True,True,True,True,4
0001340122,"2021,2022,2023,2024",4,True,True,True,True,4
0001340476,"2021,2022,2023,2024",4,True,True,True,True,4
0001340909,"2021,2022,2023,2024",4,True,True,True,True,4
0001341235,"2021,2022,2023,2024",5,True,True,True,True,4
0001341317,"2021,2022,2023,2024",4,True,True,True,True,4
0001341318,"2021,2022,2023,2024",4,True,True,True,True,4
0001341439,"2021,2022,2023,2024",4,True,True,True,True,4
0001341766,"2021,2022,2023,2024",6,True,True,True,True,4
0001342219,"2021,2022,2023,2024",5,True,True,True,True,4
0001342423,"2021,2022,2023,2024",5,True,True,True,True,4
0001342936,"2021,2022,2023,2024",6,True,True,True,True,4
0001342958,"2021,2022,2023,2024",5,True,True,True,True,4
0001343009,"2021,2022,2023,2024",4,True,True,True,True,4
0001343491,"2021,2022,2023,2024",4,True,True,True,True,4
0001345016,"2021,2022,2023,2024",4,True,True,True,True,4
0001345122,"2021,2022,2023,2024",4,True,True,True,True,4
0001345126,"2021,2022,2023,2024",4,True,True,True,True,4
0001346022,"2021,2022,2023,2024",6,True,True,True,True,4
0001346655,"2021,2022,2023,2024",5,True,True,True,True,4
0001346830,"2021,2022,2023,2024",4,True,True,True,True,4
0001347178,"2021,2022,2023,2024",4,True,True,True,True,4
0001347652,"2021,2022,2023,2024",5,True,True,True,True,4
0001347858,"2021,2022,2023,2024",5,True,True,True,True,4
0001348362,"2021,2022,2023,2024",5,True,True,True,True,4
0001348911,"2021,2022,2023,2024",4,True,True,True,True,4
0001348952,"2021,2022,2023,2024",4,True,True,True,True,4
0001349436,"2021,2022,2023,2024",6,True,True,True,True,4
0001349577,"2021,2022,2023,2024",4,True,True,True,True,4
0001350102,"2021,2022,2023,2024",5,True,True,True,True,4
0001350156,"2021,2022,2023,2024",4,True,True,True,True,4
0001350593,"2021,2022,2023,2024",4,True,True,True,True,4
0001350653,"2021,2022,2023,2024",4,True,True,True,True,4
0001351636,"2021,2022,2023,2024",4,True,True,True,True,4
0001352010,"2021,2022,2023,2024",4,True,True,True,True,4
0001352190,"2021,2022,2023,2024",4,True,True,True,True,4
0001352952,"2021,2022,2023,2024",5,True,True,True,True,4
0001353226,"2021,2022,2023,2024",4,True,True,True,True,4
0001353611,"2021,2022,2023,2024",4,True,True,True,True,4
0001353612,"2021,2022,2023,2024",4,True,True,True,True,4
0001353613,"2021,2022,2023,2024",4,True,True,True,True,4
0001353614,"2021,2022,2023,2024",4,True,True,True,True,4
0001353615,"2021,2022,2023,2024",4,True,True,True,True,4
0001354327,"2021,2022,2023,2024",5,True,True,True,True,4
0001354866,"2021,2022,2023,2024",6,True,True,True,True,4
0001355001,"2021,2022,2023,2024",4,True,True,True,True,4
0001355096,"2021,2022,2023,2024",4,True,True,True,True,4
0001355790,"2021,2022,2023,2024",4,True,True,True,True,4
0001355839,"2021,2022,2023,2024",4,True,True,True,True,4
0001355848,"2021,2022,2023,2024",4,True,True,True,True,4
0001356090,"2021,2022,2023,2024",5,True,True,True,True,4
0001356093,"2021,2022,2023,2024",5,True,True,True,True,4
0001356284,"2021,2022,2023,2024",4,True,True,True,True,4
0001356576,"2021,2022,2023,2024",4,True,True,True,True,4
0001357459,"2021,2022,2023,2024",4,True,True,True,True,4
0001357615,"2021,2022,2023,2024",4,True,True,True,True,4
0001357660,"2021,2022,2023,2024",4,True,True,True,True,4
0001357874,"2021,2022,2023,2024",4,True,True,True,True,4
0001357878,"2021,2022,2023,2024",4,True,True,True,True,4
0001357971,"2021,2022,2023,2024",6,True,True,True,True,4
0001358190,"2021,2022,2023,2024",5,True,True,True,True,4
0001358633,"2021,2022,2023,2024",5,True,True,True,True,4
0001359841,"2021,2022,2023,2024",4,True,True,True,True,4
0001359931,"2021,2022,2023,2024",4,True,True,True,True,4
0001360214,"2021,2022,2023,2024",4,True,True,True,True,4
0001360442,"2021,2022,2023,2024",5,True,True,True,True,4
0001360565,"2021,2022,2023,2024",5,True,True,True,True,4
0001360604,"2021,2022,2023,2024",5,True,True,True,True,4
0001360901,"2021,2022,2023,2024",4,True,True,True,True,4
0001361113,"2021,2022,2023,2024",4,True,True,True,True,4
0001361538,"2021,2022,2023,2024",4,True,True,True,True,4
0001361658,"2021,2022,2023,2024",4,True,True,True,True,4
0001362004,"2021,2022,2023,2024",5,True,True,True,True,4
0001362190,"2021,2022,2023,2024",4,True,True,True,True,4
0001362468,"2021,2022,2023,2024",5,True,True,True,True,4
0001362988,"2021,2022,2023,2024",4,True,True,True,True,4
0001363829,"2021,2022,2023,2024",5,True,True,True,True,4
0001364250,"2021,2022,2023,2024",4,True,True,True,True,4
0001364397,"2021,2022,2023,2024",4,True,True,True,True,4
0001364479,"2021,2022,2023,2024",4,True,True,True,True,4
0001364742,"2021,2022,2023,2024",4,True,True,True,True,4
0001364885,"2021,2022,2023,2024",4,True,True,True,True,4
0001364954,"2021,2022,2023,2024",4,True,True,True,True,4
0001365135,"2021,2022,2023,2024",4,True,True,True,True,4
0001366561,"2021,2022,2023,2024",5,True,True,True,True,4
0001366868,"2021,2022,2023,2024",5,True,True,True,True,4
0001367083,"2021,2022,2023,2024",4,True,True,True,True,4
0001367306,"2021,2022,2023,2024",26,True,True,True,True,4
0001367644,"2021,2022,2023,2024",5,True,True,True,True,4
0001367859,"2021,2022,2023,2024",4,True,True,True,True,4
0001368265,"2021,2022,2023,2024",5,True,True,True,True,4
0001368365,"2021,2022,2023,2024",7,True,True,True,True,4
0001368458,"2021,2022,2023,2024",5,True,True,True,True,4
0001368514,"2021,2022,2023,2024",4,True,True,True,True,4
0001368622,"2021,2022,2023,2024",5,True,True,True,True,4
0001368757,"2021,2022,2023,2024",4,True,True,True,True,4
0001369290,"2021,2022,2023,2024",4,True,True,True,True,4
0001369568,"2021,2022,2023,2024",7,True,True,True,True,4
0001370053,"2021,2022,2023,2024",4,True,True,True,True,4
0001370450,"2021,2022,2023,2024",5,True,True,True,True,4
0001370637,"2021,2022,2023,2024",4,True,True,True,True,4
0001370755,"2021,2022,2023,2024",5,True,True,True,True,4
0001370946,"2021,2022,2023,2024",4,True,True,True,True,4
0001371128,"2021,2022,2023,2024",5,True,True,True,True,4
0001371285,"2021,2022,2023,2024",4,True,True,True,True,4
0001371451,"2021,2022,2023,2024",4,True,True,True,True,4
0001371489,"2021,2022,2023,2024",4,True,True,True,True,4
0001371571,"2021,2022,2023,2024",8,True,True,True,True,4
0001371782,"2021,2022,2023,2024",4,True,True,True,True,4
0001372020,"2021,2022,2023,2024",4,True,True,True,True,4
0001372299,"2021,2022,2023,2024",5,True,True,True,True,4
0001372514,"2021,2022,2023,2024",5,True,True,True,True,4
0001372612,"2021,2022,2023,2024",5,True,True,True,True,4
0001372807,"2021,2022,2023,2024",4,True,True,True,True,4
0001373670,"2021,2022,2023,2024",4,True,True,True,True,4
0001373715,"2021,2022,2023,2024",4,True,True,True,True,4
0001374310,"2021,2022,2023,2024",4,True,True,True,True,4
0001374328,"2021,2022,2023,2024",7,True,True,True,True,4
0001374567,"2021,2022,2023,2024",6,True,True,True,True,4
0001374690,"2021,2022,2023,2024",4,True,True,True,True,4
0001375195,"2021,2022,2023,2024",4,True,True,True,True,4
0001375205,"2021,2022,2023,2024",6,True,True,True,True,4
0001375348,"2021,2022,2023,2024",5,True,True,True,True,4
0001375793,"2021,2022,2023,2024",4,True,True,True,True,4
0001376139,"2021,2022,2023,2024",4,True,True,True,True,4
0001376227,"2021,2022,2023,2024",4,True,True,True,True,4
0001376231,"2021,2022,2023,2024",4,True,True,True,True,4
0001376321,"2021,2022,2023,2024",4,True,True,True,True,4
0001376339,"2021,2022,2023,2024",5,True,True,True,True,4
0001376793,"2021,2022,2023,2024",5,True,True,True,True,4
0001376804,"2021,2022,2023,2024",4,True,True,True,True,4
0001376986,"2021,2022,2023,2024",4,True,True,True,True,4
0001377121,"2021,2022,2023,2024",4,True,True,True,True,4
0001377149,"2021,2022,2023,2024",6,True,True,True,True,4
0001377178,"2021,2022,2023,2024",4,True,True,True,True,4
0001377630,"2021,2022,2023,2024",4,True,True,True,True,4
0001377789,"2021,2022,2023,2024",4,True,True,True,True,4
0001377936,"2021,2022,2023,2024",4,True,True,True,True,4
0001378140,"2021,2022,2023,2024",8,True,True,True,True,4
0001378590,"2021,2022,2023,2024",4,True,True,True,True,4
0001378950,"2021,2022,2023,2024",4,True,True,True,True,4
0001378992,"2021,2022,2023,2024",4,True,True,True,True,4
0001379006,"2021,2022,2023,2024",4,True,True,True,True,4
0001379041,"2021,2022,2023,2024",4,True,True,True,True,4
0001379785,"2021,2022,2023,2024",4,True,True,True,True,4
0001381197,"2021,2022,2023,2024",4,True,True,True,True,4
0001381531,"2021,2022,2023,2024",5,True,True,True,True,4
0001381668,"2021,2022,2023,2024",4,True,True,True,True,4
0001381871,"2021,2022,2023,2024",5,True,True,True,True,4
0001382101,"2021,2022,2023,2024",4,True,True,True,True,4
0001382230,"2021,2022,2023,2024",4,True,True,True,True,4
0001382574,"2021,2022,2023,2024",7,True,True,True,True,4
0001382821,"2021,2022,2023,2024",4,True,True,True,True,4
0001383057,"2021,2022,2023,2024",4,True,True,True,True,4
0001383058,"2021,2022,2023,2024",4,True,True,True,True,4
0001383062,"2021,2022,2023,2024",4,True,True,True,True,4
0001383082,"2021,2022,2023,2024",4,True,True,True,True,4
0001383084,"2021,2022,2023,2024",4,True,True,True,True,4
0001383094,"2021,2022,2023,2024",110,True,True,True,True,4
0001383149,"2021,2022,2023,2024",4,True,True,True,True,4
0001383151,"2021,2022,2023,2024",4,True,True,True,True,4
0001383312,"2021,2022,2023,2024",4,True,True,True,True,4
0001383414,"2021,2022,2023,2024",7,True,True,True,True,4
0001383650,"2021,2022,2023,2024",4,True,True,True,True,4
0001384101,"2021,2022,2023,2024",4,True,True,True,True,4
0001384195,"2021,2022,2023,2024",5,True,True,True,True,4
0001384905,"2021,2022,2023,2024",6,True,True,True,True,4
0001385157,"2021,2022,2023,2024",4,True,True,True,True,4
0001385280,"2021,2022,2023,2024",4,True,True,True,True,4
0001385613,"2021,2022,2023,2024",4,True,True,True,True,4
0001385662,"2021,2022,2023,2024",4,True,True,True,True,4
0001385818,"2021,2022,2023,2024",5,True,True,True,True,4
0001385849,"2021,2022,2023,2024",8,True,True,True,True,4
0001386278,"2021,2022,2023,2024",4,True,True,True,True,4
0001386301,"2021,2022,2023,2024",4,True,True,True,True,4
0001386570,"2021,2022,2023,2024",4,True,True,True,True,4
0001387061,"2021,2022,2023,2024",4,True,True,True,True,4
0001387467,"2021,2022,2023,2024",4,True,True,True,True,4
0001388320,"2021,2022,2023,2024",4,True,True,True,True,4
0001388658,"2021,2022,2023,2024",5,True,True,True,True,4
0001389002,"2021,2022,2023,2024",5,True,True,True,True,4
0001389050,"2021,2022,2023,2024",5,True,True,True,True,4
0001389122,"2021,2022,2023,2024",5,True,True,True,True,4
0001389123,"2021,2022,2023,2024",5,True,True,True,True,4
0001389124,"2021,2022,2023,2024",5,True,True,True,True,4
0001389125,"2021,2022,2023,2024",5,True,True,True,True,4
0001389128,"2021,2022,2023,2024",5,True,True,True,True,4
0001389170,"2021,2022,2023,2024",4,True,True,True,True,4
0001389518,"2021,2022,2023,2024",4,True,True,True,True,4
0001389545,"2021,2022,2023,2024",6,True,True,True,True,4
0001390478,"2021,2022,2023,2024",4,True,True,True,True,4
0001390777,"2021,2022,2023,2024",4,True,True,True,True,4
0001391135,"2021,2022,2023,2024",4,True,True,True,True,4
0001391933,"2021,2022,2023,2024",4,True,True,True,True,4
0001392380,"2021,2022,2023,2024",4,True,True,True,True,4
0001392449,"2021,2022,2023,2024",4,True,True,True,True,4
0001392545,"2021,2022,2023,2024",5,True,True,True,True,4
0001392694,"2021,2022,2023,2024",4,True,True,True,True,4
0001392972,"2021,2022,2023,2024",4,True,True,True,True,4
0001393052,"2021,2022,2023,2024",4,True,True,True,True,4
0001393311,"2021,2022,2023,2024",4,True,True,True,True,4
0001393434,"2021,2022,2023,2024",4,True,True,True,True,4
0001393584,"2021,2022,2023,2024",5,True,True,True,True,4
0001393612,"2021,2022,2023,2024",5,True,True,True,True,4
0001393726,"2021,2022,2023,2024",4,True,True,True,True,4
0001393772,"2021,2022,2023,2024",4,True,True,True,True,4
0001393781,"2021,2022,2023,2024",6,True,True,True,True,4
0001393818,"2021,2022,2023,2024",4,True,True,True,True,4
0001393883,"2021,2022,2023,2024",4,True,True,True,True,4
0001394056,"2021,2022,2023,2024",4,True,True,True,True,4
0001394108,"2021,2022,2023,2024",6,True,True,True,True,4
0001394319,"2021,2022,2023,2024",4,True,True,True,True,4
0001395585,"2021,2022,2023,2024",5,True,True,True,True,4
0001395937,"2021,2022,2023,2024",5,True,True,True,True,4
0001395942,"2021,2022,2023,2024",4,True,True,True,True,4
0001396009,"2021,2022,2023,2024",4,True,True,True,True,4
0001396033,"2021,2022,2023,2024",5,True,True,True,True,4
0001396440,"2021,2022,2023,2024",4,True,True,True,True,4
0001396536,"2021,2022,2023,2024",4,True,True,True,True,4
0001396814,"2021,2022,2023,2024",4,True,True,True,True,4
0001396878,"2021,2022,2023,2024",4,True,True,True,True,4
0001397016,"2021,2022,2023,2024",5,True,True,True,True,4
0001397047,"2021,2022,2023,2024",7,True,True,True,True,4
0001397187,"2021,2022,2023,2024",4,True,True,True,True,4
0001397702,"2021,2022,2023,2024",4,True,True,True,True,4
0001397911,"2021,2022,2023,2024",4,True,True,True,True,4
0001398659,"2021,2022,2023,2024",4,True,True,True,True,4
0001398733,"2021,2022,2023,2024",4,True,True,True,True,4
0001398805,"2021,2022,2023,2024",7,True,True,True,True,4
0001398987,"2021,2022,2023,2024",4,True,True,True,True,4
0001399306,"2021,2022,2023,2024",4,True,True,True,True,4
0001399520,"2021,2022,2023,2024",4,True,True,True,True,4
0001400810,"2021,2022,2023,2024",4,True,True,True,True,4
0001400891,"2021,2022,2023,2024",4,True,True,True,True,4
0001401040,"2021,2022,2023,2024",5,True,True,True,True,4
0001401257,"2021,2022,2023,2024",4,True,True,True,True,4
0001401521,"2021,2022,2023,2024",4,True,True,True,True,4
0001401564,"2021,2022,2023,2024",4,True,True,True,True,4
0001401667,"2021,2022,2023,2024",4,True,True,True,True,4
0001401835,"2021,2022,2023,2024",5,True,True,True,True,4
0001401914,"2021,2022,2023,2024",4,True,True,True,True,4
0001402057,"2021,2022,2023,2024",4,True,True,True,True,4
0001402328,"2021,2022,2023,2024",4,True,True,True,True,4
0001402436,"2021,2022,2023,2024",4,True,True,True,True,4
0001402829,"2021,2022,2023,2024",4,True,True,True,True,4
0001403161,"2021,2022,2023,2024",4,True,True,True,True,4
0001403475,"2021,2022,2023,2024",5,True,True,True,True,4
0001403528,"2021,2022,2023,2024",5,True,True,True,True,4
0001403568,"2021,2022,2023,2024",4,True,True,True,True,4
0001403708,"2021,2022,2023,2024",5,True,True,True,True,4
0001404281,"2021,2022,2023,2024",6,True,True,True,True,4
0001404644,"2021,2022,2023,2024",4,True,True,True,True,4
0001404655,"2021,2022,2023,2024",4,True,True,True,True,4
0001404804,"2021,2022,2023,2024",4,True,True,True,True,4
0001404912,"2021,2022,2023,2024",4,True,True,True,True,4
0001405495,"2021,2022,2023,2024",4,True,True,True,True,4
0001405513,"2021,2022,2023,2024",4,True,True,True,True,4
0001405528,"2021,2022,2023,2024",4,True,True,True,True,4
0001406587,"2021,2022,2023,2024",4,True,True,True,True,4
0001406666,"2021,2022,2023,2024",4,True,True,True,True,4
0001407200,"2021,2022,2023,2024",4,True,True,True,True,4
0001407623,"2021,2022,2023,2024",4,True,True,True,True,4
0001407704,"2021,2022,2023,2024",5,True,True,True,True,4
0001407878,"2021,2022,2023,2024",4,True,True,True,True,4
0001408075,"2021,2022,2023,2024",4,True,True,True,True,4
0001408100,"2021,2022,2023,2024",7,True,True,True,True,4
0001408146,"2021,2022,2023,2024",7,True,True,True,True,4
0001408198,"2021,2022,2023,2024",4,True,True,True,True,4
0001408443,"2021,2022,2023,2024",6,True,True,True,True,4
0001408534,"2021,2022,2023,2024",4,True,True,True,True,4
0001408710,"2021,2022,2023,2024",4,True,True,True,True,4
0001409171,"2021,2022,2023,2024",4,True,True,True,True,4
0001409269,"2021,2022,2023,2024",5,True,True,True,True,4
0001409375,"2021,2022,2023,2024",4,True,True,True,True,4
0001409493,"2021,2022,2023,2024",4,True,True,True,True,4
0001409947,"2021,2022,2023,2024",4,True,True,True,True,4
0001409970,"2021,2022,2023,2024",4,True,True,True,True,4
0001410098,"2021,2022,2023,2024",4,True,True,True,True,4
0001410187,"2021,2022,2023,2024",9,True,True,True,True,4
0001410384,"2021,2022,2023,2024",4,True,True,True,True,4
0001410428,"2021,2022,2023,2024",9,True,True,True,True,4
0001410636,"2021,2022,2023,2024",4,True,True,True,True,4
0001410738,"2021,2022,2023,2024",5,True,True,True,True,4
0001411168,"2021,2022,2023,2024",4,True,True,True,True,4
0001411207,"2021,2022,2023,2024",4,True,True,True,True,4
0001411342,"2021,2022,2023,2024",5,True,True,True,True,4
0001411579,"2021,2022,2023,2024",5,True,True,True,True,4
0001411685,"2021,2022,2023,2024",4,True,True,True,True,4
0001411688,"2021,2022,2023,2024",4,True,True,True,True,4
0001411690,"2021,2022,2023,2024",4,True,True,True,True,4
0001411906,"2021,2022,2023,2024",6,True,True,True,True,4
0001412100,"2021,2022,2023,2024",4,True,True,True,True,4
0001412126,"2021,2022,2023,2024",4,True,True,True,True,4
0001412408,"2021,2022,2023,2024",4,True,True,True,True,4
0001412486,"2021,2022,2023,2024",5,True,True,True,True,4
0001412502,"2021,2022,2023,2024",4,True,True,True,True,4
0001412665,"2021,2022,2023,2024",4,True,True,True,True,4
0001413119,"2021,2022,2023,2024",4,True,True,True,True,4
0001413329,"2021,2022,2023,2024",4,True,True,True,True,4
0001413447,"2021,2022,2023,2024",4,True,True,True,True,4
0001413754,"2021,2022,2023,2024",4,True,True,True,True,4
0001413837,"2021,2022,2023,2024",6,True,True,True,True,4
0001413891,"2021,2022,2023,2024",4,True,True,True,True,4
0001413898,"2021,2022,2023,2024",4,True,True,True,True,4
0001414382,"2021,2022,2023,2024",4,True,True,True,True,4
0001414475,"2021,2022,2023,2024",5,True,True,True,True,4
0001414767,"2021,2022,2023,2024",5,True,True,True,True,4
0001414932,"2021,2022,2023,2024",4,True,True,True,True,4
0001414953,"2021,2022,2023,2024",5,True,True,True,True,4
0001415311,"2021,2022,2023,2024",5,True,True,True,True,4
0001415332,"2021,2022,2023,2024",4,True,True,True,True,4
0001415404,"2021,2022,2023,2024",4,True,True,True,True,4
0001415744,"2021,2022,2023,2024",5,True,True,True,True,4
0001416090,"2021,2022,2023,2024",4,True,True,True,True,4
0001416265,"2021,2022,2023,2024",4,True,True,True,True,4
0001416697,"2021,2022,2023,2024",6,True,True,True,True,4
0001417398,"2021,2022,2023,2024",4,True,True,True,True,4
0001417663,"2021,2022,2023,2024",4,True,True,True,True,4
0001417664,"2021,2022,2023,2024",7,True,True,True,True,4
0001417926,"2021,2022,2023,2024",12,True,True,True,True,4
0001418076,"2021,2022,2023,2024",4,True,True,True,True,4
0001418121,"2021,2022,2023,2024",4,True,True,True,True,4
0001418135,"2021,2022,2023,2024",4,True,True,True,True,4
0001418302,"2021,2022,2023,2024",4,True,True,True,True,4
0001418372,"2021,2022,2023,2024",5,True,True,True,True,4
0001418819,"2021,2022,2023,2024",5,True,True,True,True,4
0001419041,"2021,2022,2023,2024",6,True,True,True,True,4
0001419051,"2021,2022,2023,2024",7,True,True,True,True,4
0001419275,"2021,2022,2023,2024",6,True,True,True,True,4
0001419536,"2021,2022,2023,2024",4,True,True,True,True,4
0001419554,"2021,2022,2023,2024",5,True,True,True,True,4
0001419612,"2021,2022,2023,2024",5,True,True,True,True,4
0001419793,"2021,2022,2023,2024",4,True,True,True,True,4
0001419806,"2021,2022,2023,2024",5,True,True,True,True,4
0001419951,"2021,2022,2023,2024",4,True,True,True,True,4
0001420520,"2021,2022,2023,2024",4,True,True,True,True,4
0001420565,"2021,2022,2023,2024",6,True,True,True,True,4
0001420720,"2021,2022,2023,2024",5,True,True,True,True,4
0001420800,"2021,2022,2023,2024",4,True,True,True,True,4
0001421461,"2021,2022,2023,2024",6,True,True,True,True,4
0001421517,"2021,2022,2023,2024",4,True,True,True,True,4
0001421636,"2021,2022,2023,2024",5,True,True,True,True,4
0001422142,"2021,2022,2023,2024",4,True,True,True,True,4
0001422143,"2021,2022,2023,2024",4,True,True,True,True,4
0001422183,"2021,2022,2023,2024",5,True,True,True,True,4
0001422930,"2021,2022,2023,2024",4,True,True,True,True,4
0001423221,"2021,2022,2023,2024",4,True,True,True,True,4
0001423689,"2021,2022,2023,2024",4,True,True,True,True,4
0001423774,"2021,2022,2023,2024",4,True,True,True,True,4
0001423869,"2021,2022,2023,2024",4,True,True,True,True,4
0001423902,"2021,2022,2023,2024",5,True,True,True,True,4
0001424182,"2021,2022,2023,2024",4,True,True,True,True,4
0001424404,"2021,2022,2023,2024",9,True,True,True,True,4
0001424657,"2021,2022,2023,2024",4,True,True,True,True,4
0001424768,"2021,2022,2023,2024",4,True,True,True,True,4
0001424864,"2021,2022,2023,2024",4,True,True,True,True,4
0001424929,"2021,2022,2023,2024",4,True,True,True,True,4
0001425205,"2021,2022,2023,2024",4,True,True,True,True,4
0001425287,"2021,2022,2023,2024",4,True,True,True,True,4
0001425292,"2021,2022,2023,2024",4,True,True,True,True,4
0001425355,"2021,2022,2023,2024",5,True,True,True,True,4
0001425450,"2021,2022,2023,2024",4,True,True,True,True,4
0001425627,"2021,2022,2023,2024",5,True,True,True,True,4
0001426332,"2021,2022,2023,2024",8,True,True,True,True,4
0001426800,"2021,2022,2023,2024",4,True,True,True,True,4
0001427437,"2021,2022,2023,2024",4,True,True,True,True,4
0001427570,"2021,2022,2023,2024",4,True,True,True,True,4
0001427925,"2021,2022,2023,2024",6,True,True,True,True,4
0001428205,"2021,2022,2023,2024",4,True,True,True,True,4
0001428336,"2021,2022,2023,2024",4,True,True,True,True,4
0001428439,"2021,2022,2023,2024",4,True,True,True,True,4
0001429260,"2021,2022,2023,2024",5,True,True,True,True,4
0001429393,"2021,2022,2023,2024",5,True,True,True,True,4
0001429560,"2021,2022,2023,2024",4,True,True,True,True,4
0001429764,"2021,2022,2023,2024",8,True,True,True,True,4
0001430300,"2021,2022,2023,2024",4,True,True,True,True,4
0001430306,"2021,2022,2023,2024",4,True,True,True,True,4
0001430319,"2021,2022,2023,2024",4,True,True,True,True,4
0001430723,"2021,2022,2023,2024",4,True,True,True,True,4
0001431074,"2021,2022,2023,2024",4,True,True,True,True,4
0001431567,"2021,2022,2023,2024",5,True,True,True,True,4
0001431959,"2021,2022,2023,2024",10,True,True,True,True,4
0001433195,"2021,2022,2023,2024",4,True,True,True,True,4
0001433270,"2021,2022,2023,2024",4,True,True,True,True,4
0001433607,"2021,2022,2023,2024",4,True,True,True,True,4
0001433642,"2021,2022,2023,2024",5,True,True,True,True,4
0001433660,"2021,2022,2023,2024",4,True,True,True,True,4
0001434070,"2021,2022,2023,2024",4,True,True,True,True,4
0001434316,"2021,2022,2023,2024",4,True,True,True,True,4
0001434524,"2021,2022,2023,2024",7,True,True,True,True,4
0001434588,"2021,2022,2023,2024",4,True,True,True,True,4
0001434601,"2021,2022,2023,2024",7,True,True,True,True,4
0001434621,"2021,2022,2023,2024",4,True,True,True,True,4
0001434647,"2021,2022,2023,2024",4,True,True,True,True,4
0001434728,"2021,2022,2023,2024",4,True,True,True,True,4
0001434737,"2021,2022,2023,2024",4,True,True,True,True,4
0001434868,"2021,2022,2023,2024",4,True,True,True,True,4
0001435064,"2021,2022,2023,2024",7,True,True,True,True,4
0001435508,"2021,2022,2023,2024",6,True,True,True,True,4
0001435617,"2021,2022,2023,2024",4,True,True,True,True,4
0001436126,"2021,2022,2023,2024",5,True,True,True,True,4
0001436208,"2021,2022,2023,2024",5,True,True,True,True,4
0001436229,"2021,2022,2023,2024",5,True,True,True,True,4
0001436425,"2021,2022,2023,2024",4,True,True,True,True,4
0001436975,"2021,2022,2023,2024",4,True,True,True,True,4
0001437071,"2021,2022,2023,2024",4,True,True,True,True,4
0001437107,"2021,2022,2023,2024",4,True,True,True,True,4
0001437226,"2021,2022,2023,2024",4,True,True,True,True,4
0001437283,"2021,2022,2023,2024",4,True,True,True,True,4
0001437352,"2021,2022,2023,2024",5,True,True,True,True,4
0001437402,"2021,2022,2023,2024",4,True,True,True,True,4
0001437479,"2021,2022,2023,2024",4,True,True,True,True,4
0001437491,"2021,2022,2023,2024",4,True,True,True,True,4
0001437517,"2021,2022,2023,2024",4,True,True,True,True,4
0001437578,"2021,2022,2023,2024",4,True,True,True,True,4
0001437958,"2021,2022,2023,2024",4,True,True,True,True,4
0001438133,"2021,2022,2023,2024",4,True,True,True,True,4
0001438231,"2021,2022,2023,2024",4,True,True,True,True,4
0001438423,"2021,2022,2023,2024",4,True,True,True,True,4
0001438461,"2021,2022,2023,2024",7,True,True,True,True,4
0001438533,"2021,2022,2023,2024",4,True,True,True,True,4
0001439095,"2021,2022,2023,2024",4,True,True,True,True,4
0001439222,"2021,2022,2023,2024",4,True,True,True,True,4
0001439725,"2021,2022,2023,2024",4,True,True,True,True,4
0001440799,"2021,2022,2023,2024",5,True,True,True,True,4
0001441236,"2021,2022,2023,2024",4,True,True,True,True,4
0001441683,"2021,2022,2023,2024",4,True,True,True,True,4
0001441816,"2021,2022,2023,2024",4,True,True,True,True,4
0001442145,"2021,2022,2023,2024",4,True,True,True,True,4
0001442236,"2021,2022,2023,2024",7,True,True,True,True,4
0001442492,"2021,2022,2023,2024",5,True,True,True,True,4
0001442836,"2021,2022,2023,2024",4,True,True,True,True,4
0001442999,"2021,2022,2023,2024",6,True,True,True,True,4
0001443611,"2021,2022,2023,2024",5,True,True,True,True,4
0001443646,"2021,2022,2023,2024",4,True,True,True,True,4
0001443669,"2021,2022,2023,2024",4,True,True,True,True,4
0001443863,"2021,2022,2023,2024",4,True,True,True,True,4
0001444192,"2021,2022,2023,2024",5,True,True,True,True,4
0001444380,"2021,2022,2023,2024",4,True,True,True,True,4
0001444839,"2021,2022,2023,2024",4,True,True,True,True,4
0001445283,"2021,2022,2023,2024",4,True,True,True,True,4
0001445305,"2021,2022,2023,2024",4,True,True,True,True,4
0001445815,"2021,2022,2023,2024",4,True,True,True,True,4
0001445942,"2021,2022,2023,2024",5,True,True,True,True,4
0001446159,"2021,2022,2023,2024",4,True,True,True,True,4
0001446371,"2021,2022,2023,2024",5,True,True,True,True,4
0001446847,"2021,2022,2023,2024",4,True,True,True,True,4
0001447028,"2021,2022,2023,2024",4,True,True,True,True,4
0001447051,"2021,2022,2023,2024",4,True,True,True,True,4
0001447362,"2021,2022,2023,2024",4,True,True,True,True,4
0001447380,"2021,2022,2023,2024",5,True,True,True,True,4
0001447669,"2021,2022,2023,2024",5,True,True,True,True,4
0001448038,"2021,2022,2023,2024",4,True,True,True,True,4
0001448431,"2021,2022,2023,2024",5,True,True,True,True,4
0001448597,"2021,2022,2023,2024",6,True,True,True,True,4
0001448705,"2021,2022,2023,2024",6,True,True,True,True,4
0001448893,"2021,2022,2023,2024",4,True,True,True,True,4
0001449349,"2021,2022,2023,2024",4,True,True,True,True,4
0001449488,"2021,2022,2023,2024",4,True,True,True,True,4
0001449792,"2021,2022,2023,2024",4,True,True,True,True,4
0001449794,"2021,2022,2023,2024",4,True,True,True,True,4
0001450720,"2021,2022,2023,2024",5,True,True,True,True,4
0001450722,"2021,2022,2023,2024",5,True,True,True,True,4
0001450922,"2021,2022,2023,2024",5,True,True,True,True,4
0001450923,"2021,2022,2023,2024",5,True,True,True,True,4
0001451505,"2021,2022,2023,2024",4,True,True,True,True,4
0001451809,"2021,2022,2023,2024",4,True,True,True,True,4
0001452857,"2021,2022,2023,2024",4,True,True,True,True,4
0001452936,"2021,2022,2023,2024",4,True,True,True,True,4
0001453593,"2021,2022,2023,2024",4,True,True,True,True,4
0001453687,"2021,2022,2023,2024",5,True,True,True,True,4
0001454742,"2021,2022,2023,2024",7,True,True,True,True,4
0001454789,"2021,2022,2023,2024",5,True,True,True,True,4
0001455684,"2021,2022,2023,2024",4,True,True,True,True,4
0001455741,"2021,2022,2023,2024",4,True,True,True,True,4
0001455863,"2021,2022,2023,2024",5,True,True,True,True,4
0001456189,"2021,2022,2023,2024",4,True,True,True,True,4
0001456772,"2021,2022,2023,2024",4,True,True,True,True,4
0001457919,"2021,2022,2023,2024",4,True,True,True,True,4
0001458412,"2021,2022,2023,2024",5,True,True,True,True,4
0001459200,"2021,2022,2023,2024",4,True,True,True,True,4
0001459417,"2021,2022,2023,2024",4,True,True,True,True,4
0001459839,"2021,2022,2023,2024",4,True,True,True,True,4
0001459862,"2021,2022,2023,2024",5,True,True,True,True,4
0001460235,"2021,2022,2023,2024",5,True,True,True,True,4
0001460329,"2021,2022,2023,2024",4,True,True,True,True,4
0001460602,"2021,2022,2023,2024",4,True,True,True,True,4
0001461219,"2021,2022,2023,2024",4,True,True,True,True,4
0001461237,"2021,2022,2023,2024",4,True,True,True,True,4
0001462120,"2021,2022,2023,2024",4,True,True,True,True,4
0001462223,"2021,2022,2023,2024",5,True,True,True,True,4
0001462418,"2021,2022,2023,2024",4,True,True,True,True,4
0001463101,"2021,2022,2023,2024",4,True,True,True,True,4
0001463208,"2021,2022,2023,2024",4,True,True,True,True,4
0001463361,"2021,2022,2023,2024",4,True,True,True,True,4
0001463389,"2021,2022,2023,2024",4,True,True,True,True,4
0001463913,"2021,2022,2023,2024",4,True,True,True,True,4
0001463972,"2021,2022,2023,2024",5,True,True,True,True,4
0001464343,"2021,2022,2023,2024",5,True,True,True,True,4
0001464423,"2021,2022,2023,2024",4,True,True,True,True,4
0001464790,"2021,2022,2023,2024",7,True,True,True,True,4
0001464865,"2021,2022,2023,2024",4,True,True,True,True,4
0001465128,"2021,2022,2023,2024",4,True,True,True,True,4
0001465470,"2021,2022,2023,2024",4,True,True,True,True,4
0001465740,"2021,2022,2023,2024",4,True,True,True,True,4
0001466026,"2021,2022,2023,2024",4,True,True,True,True,4
0001466085,"2021,2022,2023,2024",4,True,True,True,True,4
0001466258,"2021,2022,2023,2024",4,True,True,True,True,4
0001466593,"2021,2022,2023,2024",4,True,True,True,True,4
0001467373,"2021,2022,2023,2024",4,True,True,True,True,4
0001467623,"2021,2022,2023,2024",4,True,True,True,True,4
0001467760,"2021,2022,2023,2024",4,True,True,True,True,4
0001467761,"2021,2022,2023,2024",7,True,True,True,True,4
0001467845,"2021,2022,2023,2024",4,True,True,True,True,4
0001467858,"2021,2022,2023,2024",4,True,True,True,True,4
0001468174,"2021,2022,2023,2024",4,True,True,True,True,4
0001468328,"2021,2022,2023,2024",4,True,True,True,True,4
0001468639,"2021,2022,2023,2024",4,True,True,True,True,4
0001468666,"2021,2022,2023,2024",4,True,True,True,True,4
0001468748,"2021,2022,2023,2024",4,True,True,True,True,4
0001468910,"2021,2022,2023,2024",7,True,True,True,True,4
0001468929,"2021,2022,2023,2024",6,True,True,True,True,4
0001469367,"2021,2022,2023,2024",4,True,True,True,True,4
0001469443,"2021,2022,2023,2024",6,True,True,True,True,4
0001471265,"2021,2022,2023,2024",4,True,True,True,True,4
0001471727,"2021,2022,2023,2024",5,True,True,True,True,4
0001471781,"2021,2022,2023,2024",6,True,True,True,True,4
0001471824,"2021,2022,2023,2024",4,True,True,True,True,4
0001472012,"2021,2022,2023,2024",4,True,True,True,True,4
0001472091,"2021,2022,2023,2024",5,True,True,True,True,4
0001472494,"2021,2022,2023,2024",4,True,True,True,True,4
0001472787,"2021,2022,2023,2024",4,True,True,True,True,4
0001473334,"2021,2022,2023,2024",4,True,True,True,True,4
0001473844,"2021,2022,2023,2024",4,True,True,True,True,4
0001474098,"2021,2022,2023,2024",4,True,True,True,True,4
0001474167,"2021,2022,2023,2024",5,True,True,True,True,4
0001474432,"2021,2022,2023,2024",4,True,True,True,True,4
0001474464,"2021,2022,2023,2024",4,True,True,True,True,4
0001474735,"2021,2022,2023,2024",4,True,True,True,True,4
0001474903,"2021,2022,2023,2024",4,True,True,True,True,4
0001475115,"2021,2022,2023,2024",4,True,True,True,True,4
0001475841,"2021,2022,2023,2024",4,True,True,True,True,4
0001475922,"2021,2022,2023,2024",4,True,True,True,True,4
0001476034,"2021,2022,2023,2024",4,True,True,True,True,4
0001476045,"2021,2022,2023,2024",4,True,True,True,True,4
0001476150,"2021,2022,2023,2024",4,True,True,True,True,4
0001476204,"2021,2022,2023,2024",4,True,True,True,True,4
0001476765,"2021,2022,2023,2024",4,True,True,True,True,4
0001476963,"2021,2022,2023,2024",4,True,True,True,True,4
0001477009,"2021,2022,2023,2024",8,True,True,True,True,4
0001477246,"2021,2022,2023,2024",5,True,True,True,True,4
0001477294,"2021,2022,2023,2024",4,True,True,True,True,4
0001477333,"2021,2022,2023,2024",4,True,True,True,True,4
0001477336,"2021,2022,2023,2024",26,True,True,True,True,4
0001477449,"2021,2022,2023,2024",4,True,True,True,True,4
0001477720,"2021,2022,2023,2024",5,True,True,True,True,4
0001477845,"2021,2022,2023,2024",4,True,True,True,True,4
0001478242,"2021,2022,2023,2024",4,True,True,True,True,4
0001478320,"2021,2022,2023,2024",4,True,True,True,True,4
0001478454,"2021,2022,2023,2024",4,True,True,True,True,4
0001479094,"2021,2022,2023,2024",4,True,True,True,True,4
0001479247,"2021,2022,2023,2024",5,True,True,True,True,4
0001479290,"2021,2022,2023,2024",4,True,True,True,True,4
0001479419,"2021,2022,2023,2024",4,True,True,True,True,4
0001479681,"2021,2022,2023,2024",6,True,True,True,True,4
0001479915,"2021,2022,2023,2024",4,True,True,True,True,4
0001481028,"2021,2022,2023,2024",5,True,True,True,True,4
0001481443,"2021,2022,2023,2024",4,True,True,True,True,4
0001481504,"2021,2022,2023,2024",5,True,True,True,True,4
0001481582,"2021,2022,2023,2024",4,True,True,True,True,4
0001481646,"2021,2022,2023,2024",4,True,True,True,True,4
0001481792,"2021,2022,2023,2024",4,True,True,True,True,4
0001482430,"2021,2022,2023,2024",4,True,True,True,True,4
0001482512,"2021,2022,2023,2024",4,True,True,True,True,4
0001482541,"2021,2022,2023,2024",4,True,True,True,True,4
0001482554,"2021,2022,2023,2024",7,True,True,True,True,4
0001482912,"2021,2022,2023,2024",4,True,True,True,True,4
0001482913,"2021,2022,2023,2024",4,True,True,True,True,4
0001483386,"2021,2022,2023,2024",5,True,True,True,True,4
0001483510,"2021,2022,2023,2024",4,True,True,True,True,4
0001483646,"2021,2022,2023,2024",4,True,True,True,True,4
0001484565,"2021,2022,2023,2024",4,True,True,True,True,4
0001484612,"2021,2022,2023,2024",4,True,True,True,True,4
0001484769,"2021,2022,2023,2024",5,True,True,True,True,4
0001485003,"2021,2022,2023,2024",4,True,True,True,True,4
0001485029,"2021,2022,2023,2024",4,True,True,True,True,4
0001485074,"2021,2022,2023,2024",4,True,True,True,True,4
0001486159,"2021,2022,2023,2024",4,True,True,True,True,4
0001486957,"2021,2022,2023,2024",4,True,True,True,True,4
0001487197,"2021,2022,2023,2024",4,True,True,True,True,4
0001487428,"2021,2022,2023,2024",4,True,True,True,True,4
0001487712,"2021,2022,2023,2024",4,True,True,True,True,4
0001487718,"2021,2022,2023,2024",5,True,True,True,True,4
0001487798,"2021,2022,2023,2024",4,True,True,True,True,4
0001487918,"2021,2022,2023,2024",4,True,True,True,True,4
0001487952,"2021,2022,2023,2024",4,True,True,True,True,4
0001488039,"2021,2022,2023,2024",4,True,True,True,True,4
0001488139,"2021,2022,2023,2024",5,True,True,True,True,4
0001488813,"2021,2022,2023,2024",4,True,True,True,True,4
0001488917,"2021,2022,2023,2024",4,True,True,True,True,4
0001489096,"2021,2022,2023,2024",5,True,True,True,True,4
0001489393,"2021,2022,2023,2024",4,True,True,True,True,4
0001489874,"2021,2022,2023,2024",5,True,True,True,True,4
0001490161,"2021,2022,2023,2024",4,True,True,True,True,4
0001490281,"2021,2022,2023,2024",4,True,True,True,True,4
0001490349,"2021,2022,2023,2024",8,True,True,True,True,4
0001490906,"2021,2022,2023,2024",4,True,True,True,True,4
0001490978,"2021,2022,2023,2024",4,True,True,True,True,4
0001491419,"2021,2022,2023,2024",4,True,True,True,True,4
0001492298,"2021,2022,2023,2024",7,True,True,True,True,4
0001492422,"2021,2022,2023,2024",5,True,True,True,True,4
0001492674,"2021,2022,2023,2024",4,True,True,True,True,4
0001492691,"2021,2022,2023,2024",4,True,True,True,True,4
0001492869,"2021,2022,2023,2024",4,True,True,True,True,4
0001493137,"2021,2022,2023,2024",4,True,True,True,True,4
0001493225,"2021,2022,2023,2024",5,True,True,True,True,4
0001493594,"2021,2022,2023,2024",4,True,True,True,True,4
0001493611,"2021,2022,2023,2024",4,True,True,True,True,4
0001493761,"2021,2022,2023,2024",5,True,True,True,True,4
0001493976,"2021,2022,2023,2024",4,True,True,True,True,4
0001494259,"2021,2022,2023,2024",4,True,True,True,True,4
0001494413,"2021,2022,2023,2024",4,True,True,True,True,4
0001494582,"2021,2022,2023,2024",6,True,True,True,True,4
0001494650,"2021,2022,2023,2024",4,True,True,True,True,4
0001494877,"2021,2022,2023,2024",4,True,True,True,True,4
0001494891,"2021,2022,2023,2024",4,True,True,True,True,4
0001494904,"2021,2022,2023,2024",4,True,True,True,True,4
0001495231,"2021,2022,2023,2024",5,True,True,True,True,4
0001495240,"2021,2022,2023,2024",4,True,True,True,True,4
0001495320,"2021,2022,2023,2024",4,True,True,True,True,4
0001495584,"2021,2022,2023,2024",10,True,True,True,True,4
0001495932,"2021,2022,2023,2024",4,True,True,True,True,4
0001496099,"2021,2022,2023,2024",4,True,True,True,True,4
0001496264,"2021,2022,2023,2024",4,True,True,True,True,4
0001496323,"2021,2022,2023,2024",4,True,True,True,True,4
0001496443,"2021,2022,2023,2024",6,True,True,True,True,4
0001496454,"2021,2022,2023,2024",4,True,True,True,True,4
0001496690,"2021,2022,2023,2024",5,True,True,True,True,4
0001497253,"2021,2022,2023,2024",7,True,True,True,True,4
0001497645,"2021,2022,2023,2024",4,True,True,True,True,4
0001497649,"2021,2022,2023,2024",4,True,True,True,True,4
0001497770,"2021,2022,2023,2024",4,True,True,True,True,4
0001498148,"2021,2022,2023,2024",7,True,True,True,True,4
0001498382,"2021,2022,2023,2024",4,True,True,True,True,4
0001498547,"2021,2022,2023,2024",5,True,True,True,True,4
0001498710,"2021,2022,2023,2024",4,True,True,True,True,4
0001498828,"2021,2022,2023,2024",5,True,True,True,True,4
0001499200,"2021,2022,2023,2024",4,True,True,True,True,4
0001499422,"2021,2022,2023,2024",7,True,True,True,True,4
0001499717,"2021,2022,2023,2024",4,True,True,True,True,4
0001499832,"2021,2022,2023,2024",5,True,True,True,True,4
0001499961,"2021,2022,2023,2024",6,True,True,True,True,4
0001500198,"2021,2022,2023,2024",7,True,True,True,True,4
0001500217,"2021,2022,2023,2024",4,True,True,True,True,4
0001500305,"2021,2022,2023,2024",5,True,True,True,True,4
0001500375,"2021,2022,2023,2024",4,True,True,True,True,4
0001500435,"2021,2022,2023,2024",4,True,True,True,True,4
0001501570,"2021,2022,2023,2024",4,True,True,True,True,4
0001501585,"2021,2022,2023,2024",4,True,True,True,True,4
0001501697,"2021,2022,2023,2024",4,True,True,True,True,4
0001501729,"2021,2022,2023,2024",8,True,True,True,True,4
0001501756,"2021,2022,2023,2024",4,True,True,True,True,4
0001501989,"2021,2022,2023,2024",5,True,True,True,True,4
0001502292,"2021,2022,2023,2024",4,True,True,True,True,4
0001502557,"2021,2022,2023,2024",7,True,True,True,True,4
0001503274,"2021,2022,2023,2024",5,True,True,True,True,4
0001503658,"2021,2022,2023,2024",4,True,True,True,True,4
0001503707,"2021,2022,2023,2024",5,True,True,True,True,4
0001503802,"2021,2022,2023,2024",4,True,True,True,True,4
0001504008,"2021,2022,2023,2024",4,True,True,True,True,4
0001504461,"2021,2022,2023,2024",4,True,True,True,True,4
0001504619,"2021,2022,2023,2024",4,True,True,True,True,4
0001504678,"2021,2022,2023,2024",4,True,True,True,True,4
0001505155,"2021,2022,2023,2024",5,True,True,True,True,4
0001505413,"2021,2022,2023,2024",4,True,True,True,True,4
0001505497,"2021,2022,2023,2024",7,True,True,True,True,4
0001505512,"2021,2022,2023,2024",4,True,True,True,True,4
0001505732,"2021,2022,2023,2024",4,True,True,True,True,4
0001505952,"2021,2022,2023,2024",4,True,True,True,True,4
0001506251,"2021,2022,2023,2024",4,True,True,True,True,4
0001506293,"2021,2022,2023,2024",4,True,True,True,True,4
0001506307,"2021,2022,2023,2024",4,True,True,True,True,4
0001506492,"2021,2022,2023,2024",4,True,True,True,True,4
0001506928,"2021,2022,2023,2024",5,True,True,True,True,4
0001506929,"2021,2022,2023,2024",5,True,True,True,True,4
0001506983,"2021,2022,2023,2024",6,True,True,True,True,4
0001507079,"2021,2022,2023,2024",4,True,True,True,True,4
0001507605,"2021,2022,2023,2024",6,True,True,True,True,4
0001507957,"2021,2022,2023,2024",4,True,True,True,True,4
0001508655,"2021,2022,2023,2024",4,True,True,True,True,4
0001509261,"2021,2022,2023,2024",5,True,True,True,True,4
0001509470,"2021,2022,2023,2024",5,True,True,True,True,4
0001509570,"2021,2022,2023,2024",4,True,True,True,True,4
0001509589,"2021,2022,2023,2024",4,True,True,True,True,4
0001509745,"2021,2022,2023,2024",4,True,True,True,True,4
0001509786,"2021,2022,2023,2024",4,True,True,True,True,4
0001509957,"2021,2022,2023,2024",4,True,True,True,True,4
0001509991,"2021,2022,2023,2024",4,True,True,True,True,4
0001510295,"2021,2022,2023,2024",4,True,True,True,True,4
0001510518,"2021,2022,2023,2024",5,True,True,True,True,4
0001510872,"2021,2022,2023,2024",4,True,True,True,True,4
0001510873,"2021,2022,2023,2024",4,True,True,True,True,4
0001510874,"2021,2022,2023,2024",4,True,True,True,True,4
0001510964,"2021,2022,2023,2024",4,True,True,True,True,4
0001511337,"2021,2022,2023,2024",4,True,True,True,True,4
0001511737,"2021,2022,2023,2024",4,True,True,True,True,4
0001512228,"2021,2022,2023,2024",5,True,True,True,True,4
0001512499,"2021,2022,2023,2024",5,True,True,True,True,4
0001512673,"2021,2022,2023,2024",4,True,True,True,True,4
0001512762,"2021,2022,2023,2024",4,True,True,True,True,4
0001512886,"2021,2022,2023,2024",5,True,True,True,True,4
0001512922,"2021,2022,2023,2024",5,True,True,True,True,4
0001512931,"2021,2022,2023,2024",4,True,True,True,True,4
0001513363,"2021,2022,2023,2024",4,True,True,True,True,4
0001513525,"2021,2022,2023,2024",4,True,True,True,True,4
0001513761,"2021,2022,2023,2024",4,True,True,True,True,4
0001514056,"2021,2022,2023,2024",4,True,True,True,True,4
0001514183,"2021,2022,2023,2024",5,True,True,True,True,4
0001514281,"2021,2022,2023,2024",4,True,True,True,True,4
0001514416,"2021,2022,2023,2024",4,True,True,True,True,4
0001514443,"2021,2022,2023,2024",6,True,True,True,True,4
0001514705,"2021,2022,2023,2024",4,True,True,True,True,4
0001514743,"2021,2022,2023,2024",4,True,True,True,True,4
0001514946,"2021,2022,2023,2024",6,True,True,True,True,4
0001514991,"2021,2022,2023,2024",4,True,True,True,True,4
0001515139,"2021,2022,2023,2024",6,True,True,True,True,4
0001515156,"2021,2022,2023,2024",4,True,True,True,True,4
0001515317,"2021,2022,2023,2024",5,True,True,True,True,4
0001515673,"2021,2022,2023,2024",4,True,True,True,True,4
0001515816,"2021,2022,2023,2024",4,True,True,True,True,4
0001516551,"2021,2022,2023,2024",4,True,True,True,True,4
0001516912,"2021,2022,2023,2024",4,True,True,True,True,4
0001517022,"2021,2022,2023,2024",5,True,True,True,True,4
0001517175,"2021,2022,2023,2024",4,True,True,True,True,4
0001517228,"2021,2022,2023,2024",4,True,True,True,True,4
0001517302,"2021,2022,2023,2024",4,True,True,True,True,4
0001517375,"2021,2022,2023,2024",5,True,True,True,True,4
0001517389,"2021,2022,2023,2024",4,True,True,True,True,4
0001517413,"2021,2022,2023,2024",4,True,True,True,True,4
0001517681,"2021,2022,2023,2024",4,True,True,True,True,4
0001518336,"2021,2022,2023,2024",6,True,True,True,True,4
0001518461,"2021,2022,2023,2024",5,True,True,True,True,4
0001518621,"2021,2022,2023,2024",5,True,True,True,True,4
0001518715,"2021,2022,2023,2024",5,True,True,True,True,4
0001519061,"2021,2022,2023,2024",4,True,True,True,True,4
0001519117,"2021,2022,2023,2024",4,True,True,True,True,4
0001519401,"2021,2022,2023,2024",5,True,True,True,True,4
0001519751,"2021,2022,2023,2024",4,True,True,True,True,4
0001520006,"2021,2022,2023,2024",4,True,True,True,True,4
0001520048,"2021,2022,2023,2024",4,True,True,True,True,4
0001520118,"2021,2022,2023,2024",5,True,True,True,True,4
0001520262,"2021,2022,2023,2024",7,True,True,True,True,4
0001520358,"2021,2022,2023,2024",4,True,True,True,True,4
0001520697,"2021,2022,2023,2024",4,True,True,True,True,4
0001521036,"2021,2022,2023,2024",4,True,True,True,True,4
0001521332,"2021,2022,2023,2024",5,True,True,True,True,4
0001521945,"2021,2022,2023,2024",4,True,True,True,True,4
0001521951,"2021,2022,2023,2024",4,True,True,True,True,4
0001522222,"2021,2022,2023,2024",5,True,True,True,True,4
0001522616,"2021,2022,2023,2024",4,True,True,True,True,4
0001522727,"2021,2022,2023,2024",4,True,True,True,True,4
0001522767,"2021,2022,2023,2024",5,True,True,True,True,4
0001522860,"2021,2022,2023,2024",4,True,True,True,True,4
0001524025,"2021,2022,2023,2024",4,True,True,True,True,4
0001524358,"2021,2022,2023,2024",4,True,True,True,True,4
0001524472,"2021,2022,2023,2024",4,True,True,True,True,4
0001524607,"2021,2022,2023,2024",5,True,True,True,True,4
0001524741,"2021,2022,2023,2024",5,True,True,True,True,4
0001524769,"2021,2022,2023,2024",5,True,True,True,True,4
0001524872,"2021,2022,2023,2024",5,True,True,True,True,4
0001524931,"2021,2022,2023,2024",8,True,True,True,True,4
0001525306,"2021,2022,2023,2024",5,True,True,True,True,4
0001525769,"2021,2022,2023,2024",4,True,True,True,True,4
0001526113,"2021,2022,2023,2024",4,True,True,True,True,4
0001526119,"2021,2022,2023,2024",4,True,True,True,True,4
0001526520,"2021,2022,2023,2024",4,True,True,True,True,4
0001527166,"2021,2022,2023,2024",8,True,True,True,True,4
0001527469,"2021,2022,2023,2024",5,True,True,True,True,4
0001527508,"2021,2022,2023,2024",4,True,True,True,True,4
0001527541,"2021,2022,2023,2024",4,True,True,True,True,4
0001527590,"2021,2022,2023,2024",6,True,True,True,True,4
0001527599,"2021,2022,2023,2024",5,True,True,True,True,4
0001527702,"2021,2022,2023,2024",4,True,True,True,True,4
0001527753,"2021,2022,2023,2024",4,True,True,True,True,4
0001528115,"2021,2022,2023,2024",4,True,True,True,True,4
0001528129,"2021,2022,2023,2024",4,True,True,True,True,4
0001528356,"2021,2022,2023,2024",4,True,True,True,True,4
0001528396,"2021,2022,2023,2024",4,True,True,True,True,4
0001528849,"2021,2022,2023,2024",4,True,True,True,True,4
0001528985,"2021,2022,2023,2024",4,True,True,True,True,4
0001529113,"2021,2022,2023,2024",4,True,True,True,True,4
0001529377,"2021,2022,2023,2024",4,True,True,True,True,4
0001529628,"2021,2022,2023,2024",4,True,True,True,True,4
0001529864,"2021,2022,2023,2024",4,True,True,True,True,4
0001530163,"2021,2022,2023,2024",5,True,True,True,True,4
0001530249,"2021,2022,2023,2024",4,True,True,True,True,4
0001530425,"2021,2022,2023,2024",4,True,True,True,True,4
0001530721,"2021,2022,2023,2024",4,True,True,True,True,4
0001530746,"2021,2022,2023,2024",6,True,True,True,True,4
0001530766,"2021,2022,2023,2024",5,True,True,True,True,4
0001530804,"2021,2022,2023,2024",4,True,True,True,True,4
0001530950,"2021,2022,2023,2024",4,True,True,True,True,4
0001531031,"2021,2022,2023,2024",4,True,True,True,True,4
0001531048,"2021,2022,2023,2024",4,True,True,True,True,4
0001531152,"2021,2022,2023,2024",4,True,True,True,True,4
0001532286,"2021,2022,2023,2024",4,True,True,True,True,4
0001532383,"2021,2022,2023,2024",5,True,True,True,True,4
0001532619,"2021,2022,2023,2024",4,True,True,True,True,4
0001532961,"2021,2022,2023,2024",4,True,True,True,True,4
0001533030,"2021,2022,2023,2024",4,True,True,True,True,4
0001533040,"2021,2022,2023,2024",5,True,True,True,True,4
0001533357,"2021,2022,2023,2024",6,True,True,True,True,4
0001533615,"2021,2022,2023,2024",4,True,True,True,True,4
0001533743,"2021,2022,2023,2024",6,True,True,True,True,4
0001533758,"2021,2022,2023,2024",4,True,True,True,True,4
0001533840,"2021,2022,2023,2024",4,True,True,True,True,4
0001533924,"2021,2022,2023,2024",4,True,True,True,True,4
0001533998,"2021,2022,2023,2024",4,True,True,True,True,4
0001534120,"2021,2022,2023,2024",4,True,True,True,True,4
0001534133,"2021,2022,2023,2024",6,True,True,True,True,4
0001534154,"2021,2022,2023,2024",4,True,True,True,True,4
0001534254,"2021,2022,2023,2024",5,True,True,True,True,4
0001534504,"2021,2022,2023,2024",4,True,True,True,True,4
0001534525,"2021,2022,2023,2024",8,True,True,True,True,4
0001534675,"2021,2022,2023,2024",4,True,True,True,True,4
0001534701,"2021,2022,2023,2024",4,True,True,True,True,4
0001534708,"2021,2022,2023,2024",7,True,True,True,True,4
0001535079,"2021,2022,2023,2024",5,True,True,True,True,4
0001535527,"2021,2022,2023,2024",4,True,True,True,True,4
0001535778,"2021,2022,2023,2024",4,True,True,True,True,4
0001535929,"2021,2022,2023,2024",4,True,True,True,True,4
0001535955,"2021,2022,2023,2024",4,True,True,True,True,4
0001536394,"2021,2022,2023,2024",4,True,True,True,True,4
0001536720,"2021,2022,2023,2024",4,True,True,True,True,4
0001537028,"2021,2022,2023,2024",4,True,True,True,True,4
0001537054,"2021,2022,2023,2024",4,True,True,True,True,4
0001537435,"2021,2022,2023,2024",4,True,True,True,True,4
0001538210,"2021,2022,2023,2024",4,True,True,True,True,4
0001538495,"2021,2022,2023,2024",7,True,True,True,True,4
0001538716,"2021,2022,2023,2024",5,True,True,True,True,4
0001538849,"2021,2022,2023,2024",5,True,True,True,True,4
0001538990,"2021,2022,2023,2024",4,True,True,True,True,4
0001539029,"2021,2022,2023,2024",4,True,True,True,True,4
0001539638,"2021,2022,2023,2024",4,True,True,True,True,4
0001539816,"2021,2022,2023,2024",4,True,True,True,True,4
0001539838,"2021,2022,2023,2024",4,True,True,True,True,4
0001539850,"2021,2022,2023,2024",5,True,True,True,True,4
0001540159,"2021,2022,2023,2024",6,True,True,True,True,4
0001540684,"2021,2022,2023,2024",7,True,True,True,True,4
0001540960,"2021,2022,2023,2024",4,True,True,True,True,4
0001541119,"2021,2022,2023,2024",4,True,True,True,True,4
0001541401,"2021,2022,2023,2024",5,True,True,True,True,4
0001542447,"2021,2022,2023,2024",4,True,True,True,True,4
0001542574,"2021,2022,2023,2024",4,True,True,True,True,4
0001543042,"2021,2022,2023,2024",4,True,True,True,True,4
0001543151,"2021,2022,2023,2024",4,True,True,True,True,4
0001543418,"2021,2022,2023,2024",4,True,True,True,True,4
0001543623,"2021,2022,2023,2024",4,True,True,True,True,4
0001543637,"2021,2022,2023,2024",6,True,True,True,True,4
0001543652,"2021,2022,2023,2024",6,True,True,True,True,4
0001544190,"2021,2022,2023,2024",4,True,True,True,True,4
0001544206,"2021,2022,2023,2024",6,True,True,True,True,4
0001544227,"2021,2022,2023,2024",6,True,True,True,True,4
0001545018,"2021,2022,2023,2024",4,True,True,True,True,4
0001545654,"2021,2022,2023,2024",4,True,True,True,True,4
0001546296,"2021,2022,2023,2024",4,True,True,True,True,4
0001546417,"2021,2022,2023,2024",4,True,True,True,True,4
0001546637,"2021,2022,2023,2024",4,True,True,True,True,4
0001546652,"2021,2022,2023,2024",5,True,True,True,True,4
0001546853,"2021,2022,2023,2024",5,True,True,True,True,4
0001547459,"2021,2022,2023,2024",4,True,True,True,True,4
0001547546,"2021,2022,2023,2024",4,True,True,True,True,4
0001547903,"2021,2022,2023,2024",4,True,True,True,True,4
0001549084,"2021,2022,2023,2024",4,True,True,True,True,4
0001549145,"2021,2022,2023,2024",6,True,True,True,True,4
0001549346,"2021,2022,2023,2024",4,True,True,True,True,4
0001549595,"2021,2022,2023,2024",4,True,True,True,True,4
0001549631,"2021,2022,2023,2024",5,True,True,True,True,4
0001549922,"2021,2022,2023,2024",5,True,True,True,True,4
0001549966,"2021,2022,2023,2024",4,True,True,True,True,4
0001550453,"2021,2022,2023,2024",4,True,True,True,True,4
0001550695,"2021,2022,2023,2024",4,True,True,True,True,4
0001550913,"2021,2022,2023,2024",5,True,True,True,True,4
0001551152,"2021,2022,2023,2024",4,True,True,True,True,4
0001551182,"2021,2022,2023,2024",4,True,True,True,True,4
0001551271,"2021,2022,2023,2024",4,True,True,True,True,4
0001551306,"2021,2022,2023,2024",4,True,True,True,True,4
0001551901,"2021,2022,2023,2024",4,True,True,True,True,4
0001552000,"2021,2022,2023,2024",4,True,True,True,True,4
0001552033,"2021,2022,2023,2024",4,True,True,True,True,4
0001552111,"2021,2022,2023,2024",5,True,True,True,True,4
0001552189,"2021,2022,2023,2024",8,True,True,True,True,4
0001552198,"2021,2022,2023,2024",5,True,True,True,True,4
0001552275,"2021,2022,2023,2024",4,True,True,True,True,4
0001552493,"2021,2022,2023,2024",4,True,True,True,True,4
0001552797,"2021,2022,2023,2024",5,True,True,True,True,4
0001552800,"2021,2022,2023,2024",4,True,True,True,True,4
0001553079,"2021,2022,2023,2024",5,True,True,True,True,4
0001553643,"2021,2022,2023,2024",4,True,True,True,True,4
0001553788,"2021,2022,2023,2024",4,True,True,True,True,4
0001554818,"2021,2022,2023,2024",4,True,True,True,True,4
0001554859,"2021,2022,2023,2024",4,True,True,True,True,4
0001555074,"2021,2022,2023,2024",8,True,True,True,True,4
0001555279,"2021,2022,2023,2024",4,True,True,True,True,4
0001555280,"2021,2022,2023,2024",4,True,True,True,True,4
0001556107,"2021,2022,2023,2024",4,True,True,True,True,4
0001556263,"2021,2022,2023,2024",4,True,True,True,True,4
0001556266,"2021,2022,2023,2024",4,True,True,True,True,4
0001556487,"2021,2022,2023,2024",4,True,True,True,True,4
0001556593,"2021,2022,2023,2024",5,True,True,True,True,4
0001556727,"2021,2022,2023,2024",4,True,True,True,True,4
0001556739,"2021,2022,2023,2024",5,True,True,True,True,4
0001556801,"2021,2022,2023,2024",5,True,True,True,True,4
0001556811,"2021,2022,2023,2024",4,True,True,True,True,4
0001556898,"2021,2022,2023,2024",4,True,True,True,True,4
0001557376,"2021,2022,2023,2024",4,True,True,True,True,4
0001557746,"2021,2022,2023,2024",4,True,True,True,True,4
0001557798,"2021,2022,2023,2024",4,True,True,True,True,4
0001558013,"2021,2022,2023,2024",4,True,True,True,True,4
0001558546,"2021,2022,2023,2024",4,True,True,True,True,4
0001559053,"2021,2022,2023,2024",4,True,True,True,True,4
0001559157,"2021,2022,2023,2024",4,True,True,True,True,4
0001559356,"2021,2022,2023,2024",5,True,True,True,True,4
0001559720,"2021,2022,2023,2024",4,True,True,True,True,4
0001559856,"2021,2022,2023,2024",4,True,True,True,True,4
0001559865,"2021,2022,2023,2024",5,True,True,True,True,4
0001559998,"2021,2022,2023,2024",6,True,True,True,True,4
0001560143,"2021,2022,2023,2024",5,True,True,True,True,4
0001560241,"2021,2022,2023,2024",5,True,True,True,True,4
0001560258,"2021,2022,2023,2024",6,True,True,True,True,4
0001560327,"2021,2022,2023,2024",4,True,True,True,True,4
0001560385,"2021,2022,2023,2024",4,True,True,True,True,4
0001560452,"2021,2022,2023,2024",4,True,True,True,True,4
0001560672,"2021,2022,2023,2024",5,True,True,True,True,4
0001561032,"2021,2022,2023,2024",5,True,True,True,True,4
0001561167,"2021,2022,2023,2024",4,True,True,True,True,4
0001561550,"2021,2022,2023,2024",4,True,True,True,True,4
0001561680,"2021,2022,2023,2024",4,True,True,True,True,4
0001561726,"2021,2022,2023,2024",4,True,True,True,True,4
0001561880,"2021,2022,2023,2024",5,True,True,True,True,4
0001561894,"2021,2022,2023,2024",8,True,True,True,True,4
0001561921,"2021,2022,2023,2024",4,True,True,True,True,4
0001562151,"2021,2022,2023,2024",5,True,True,True,True,4
0001562401,"2021,2022,2023,2024",4,True,True,True,True,4
0001562463,"2021,2022,2023,2024",4,True,True,True,True,4
0001562476,"2021,2022,2023,2024",4,True,True,True,True,4
0001562528,"2021,2022,2023,2024",4,True,True,True,True,4
0001563298,"2021,2022,2023,2024",4,True,True,True,True,4
0001563568,"2021,2022,2023,2024",6,True,True,True,True,4
0001563577,"2021,2022,2023,2024",4,True,True,True,True,4
0001563665,"2021,2022,2023,2024",4,True,True,True,True,4
0001563756,"2021,2022,2023,2024",4,True,True,True,True,4
0001563880,"2021,2022,2023,2024",4,True,True,True,True,4
0001563922,"2021,2022,2023,2024",4,True,True,True,True,4
0001564347,"2021,2022,2023,2024",5,True,True,True,True,4
0001564408,"2021,2022,2023,2024",4,True,True,True,True,4
0001564618,"2021,2022,2023,2024",4,True,True,True,True,4
0001564708,"2021,2022,2023,2024",4,True,True,True,True,4
0001564824,"2021,2022,2023,2024",4,True,True,True,True,4
0001564902,"2021,2022,2023,2024",4,True,True,True,True,4
0001564968,"2021,2022,2023,2024",4,True,True,True,True,4
0001565146,"2021,2022,2023,2024",4,True,True,True,True,4
0001565228,"2021,2022,2023,2024",9,True,True,True,True,4
0001565531,"2021,2022,2023,2024",4,True,True,True,True,4
0001565687,"2021,2022,2023,2024",4,True,True,True,True,4
0001566011,"2021,2022,2023,2024",4,True,True,True,True,4
0001566044,"2021,2022,2023,2024",5,True,True,True,True,4
0001566097,"2021,2022,2023,2024",4,True,True,True,True,4
0001566243,"2021,2022,2023,2024",4,True,True,True,True,4
0001566543,"2021,2022,2023,2024",5,True,True,True,True,4
0001566610,"2021,2022,2023,2024",5,True,True,True,True,4
0001566826,"2021,2022,2023,2024",4,True,True,True,True,4
0001567514,"2021,2022,2023,2024",4,True,True,True,True,4
0001567683,"2021,2022,2023,2024",4,True,True,True,True,4
0001567892,"2021,2022,2023,2024",5,True,True,True,True,4
0001567900,"2021,2022,2023,2024",5,True,True,True,True,4
0001567925,"2021,2022,2023,2024",4,True,True,True,True,4
0001567958,"2021,2022,2023,2024",4,True,True,True,True,4
0001568100,"2021,2022,2023,2024",5,True,True,True,True,4
0001568385,"2021,2022,2023,2024",5,True,True,True,True,4
0001569083,"2021,2022,2023,2024",6,True,True,True,True,4
0001569187,"2021,2022,2023,2024",4,True,True,True,True,4
0001569340,"2021,2022,2023,2024",4,True,True,True,True,4
0001569455,"2021,2022,2023,2024",4,True,True,True,True,4
0001569994,"2021,2022,2023,2024",4,True,True,True,True,4
0001570132,"2021,2022,2023,2024",4,True,True,True,True,4
0001570440,"2021,2022,2023,2024",4,True,True,True,True,4
0001570562,"2021,2022,2023,2024",4,True,True,True,True,4
0001570585,"2021,2022,2023,2024",8,True,True,True,True,4
0001570827,"2021,2022,2023,2024",4,True,True,True,True,4
0001570937,"2021,2022,2023,2024",6,True,True,True,True,4
0001571123,"2021,2022,2023,2024",4,True,True,True,True,4
0001571237,"2021,2022,2023,2024",4,True,True,True,True,4
0001571283,"2021,2022,2023,2024",4,True,True,True,True,4
0001571329,"2021,2022,2023,2024",6,True,True,True,True,4
0001571371,"2021,2022,2023,2024",4,True,True,True,True,4
0001571776,"2021,2022,2023,2024",4,True,True,True,True,4
0001571934,"2021,2022,2023,2024",4,True,True,True,True,4
0001571949,"2021,2022,2023,2024",7,True,True,True,True,4
0001571996,"2021,2022,2023,2024",4,True,True,True,True,4
0001572334,"2021,2022,2023,2024",5,True,True,True,True,4
0001572386,"2021,2022,2023,2024",4,True,True,True,True,4
0001572493,"2021,2022,2023,2024",4,True,True,True,True,4
0001572565,"2021,2022,2023,2024",6,True,True,True,True,4
0001572694,"2021,2022,2023,2024",4,True,True,True,True,4
0001572987,"2021,2022,2023,2024",4,True,True,True,True,4
0001573221,"2021,2022,2023,2024",4,True,True,True,True,4
0001573279,"2021,2022,2023,2024",4,True,True,True,True,4
0001573334,"2021,2022,2023,2024",4,True,True,True,True,4
0001573352,"2021,2022,2023,2024",4,True,True,True,True,4
0001573516,"2021,2022,2023,2024",4,True,True,True,True,4
0001573946,"2021,2022,2023,2024",4,True,True,True,True,4
0001574085,"2021,2022,2023,2024",5,True,True,True,True,4
0001574197,"2021,2022,2023,2024",4,True,True,True,True,4
0001574219,"2021,2022,2023,2024",4,True,True,True,True,4
0001574235,"2021,2022,2023,2024",6,True,True,True,True,4
0001574540,"2021,2022,2023,2024",5,True,True,True,True,4
0001574593,"2021,2022,2023,2024",4,True,True,True,True,4
0001575048,"2021,2022,2023,2024",4,True,True,True,True,4
0001575098,"2021,2022,2023,2024",4,True,True,True,True,4
0001575142,"2021,2022,2023,2024",4,True,True,True,True,4
0001575295,"2021,2022,2023,2024",7,True,True,True,True,4
0001575434,"2021,2022,2023,2024",4,True,True,True,True,4
0001575515,"2021,2022,2023,2024",4,True,True,True,True,4
0001575793,"2021,2022,2023,2024",4,True,True,True,True,4
0001575828,"2021,2022,2023,2024",4,True,True,True,True,4
0001575858,"2021,2022,2023,2024",4,True,True,True,True,4
0001575965,"2021,2022,2023,2024",4,True,True,True,True,4
0001576018,"2021,2022,2023,2024",4,True,True,True,True,4
0001576047,"2021,2022,2023,2024",4,True,True,True,True,4
0001576197,"2021,2022,2023,2024",4,True,True,True,True,4
0001576280,"2021,2022,2023,2024",4,True,True,True,True,4
0001576427,"2021,2022,2023,2024",4,True,True,True,True,4
0001576709,"2021,2022,2023,2024",4,True,True,True,True,4
0001576873,"2021,2022,2023,2024",4,True,True,True,True,4
0001576940,"2021,2022,2023,2024",4,True,True,True,True,4
0001576942,"2021,2022,2023,2024",4,True,True,True,True,4
0001577134,"2021,2022,2023,2024",4,True,True,True,True,4
0001577230,"2021,2022,2023,2024",4,True,True,True,True,4
0001577310,"2021,2022,2023,2024",4,True,True,True,True,4
0001577311,"2021,2022,2023,2024",4,True,True,True,True,4
0001577445,"2021,2022,2023,2024",5,True,True,True,True,4
0001577526,"2021,2022,2023,2024",4,True,True,True,True,4
0001577545,"2021,2022,2023,2024",4,True,True,True,True,4
0001577670,"2021,2022,2023,2024",4,True,True,True,True,4
0001577916,"2021,2022,2023,2024",5,True,True,True,True,4
0001578329,"2021,2022,2023,2024",8,True,True,True,True,4
0001578348,"2021,2022,2023,2024",4,True,True,True,True,4
0001578422,"2021,2022,2023,2024",4,True,True,True,True,4
0001578423,"2021,2022,2023,2024",4,True,True,True,True,4
0001578443,"2021,2022,2023,2024",4,True,True,True,True,4
0001578732,"2021,2022,2023,2024",5,True,True,True,True,4
0001579157,"2021,2022,2023,2024",4,True,True,True,True,4
0001579214,"2021,2022,2023,2024",5,True,True,True,True,4
0001579241,"2021,2022,2023,2024",4,True,True,True,True,4
0001579298,"2021,2022,2023,2024",4,True,True,True,True,4
0001579428,"2021,2022,2023,2024",4,True,True,True,True,4
0001579684,"2021,2022,2023,2024",4,True,True,True,True,4
0001579733,"2021,2022,2023,2024",4,True,True,True,True,4
0001579877,"2021,2022,2023,2024",4,True,True,True,True,4
0001580013,"2021,2022,2023,2024",4,True,True,True,True,4
0001580063,"2021,2022,2023,2024",4,True,True,True,True,4
0001580149,"2021,2022,2023,2024",4,True,True,True,True,4
0001580345,"2021,2022,2023,2024",4,True,True,True,True,4
0001580490,"2021,2022,2023,2024",4,True,True,True,True,4
0001580670,"2021,2022,2023,2024",4,True,True,True,True,4
0001580808,"2021,2022,2023,2024",6,True,True,True,True,4
0001580864,"2021,2022,2023,2024",4,True,True,True,True,4
0001580905,"2021,2022,2023,2024",4,True,True,True,True,4
0001581068,"2021,2022,2023,2024",4,True,True,True,True,4
0001581091,"2021,2022,2023,2024",5,True,True,True,True,4
0001581280,"2021,2022,2023,2024",5,True,True,True,True,4
0001581552,"2021,2022,2023,2024",4,True,True,True,True,4
0001581776,"2021,2022,2023,2024",4,True,True,True,True,4
0001581990,"2021,2022,2023,2024",4,True,True,True,True,4
0001582037,"2021,2022,2023,2024",4,True,True,True,True,4
0001582081,"2021,2022,2023,2024",4,True,True,True,True,4
0001582249,"2021,2022,2023,2024",5,True,True,True,True,4
0001582313,"2021,2022,2023,2024",4,True,True,True,True,4
0001582554,"2021,2022,2023,2024",5,True,True,True,True,4
0001582605,"2021,2022,2023,2024",4,True,True,True,True,4
0001582982,"2021,2022,2023,2024",4,True,True,True,True,4
0001583107,"2021,2022,2023,2024",4,True,True,True,True,4
0001583648,"2021,2022,2023,2024",6,True,True,True,True,4
0001583771,"2021,2022,2023,2024",6,True,True,True,True,4
0001584207,"2021,2022,2023,2024",4,True,True,True,True,4
0001584480,"2021,2022,2023,2024",4,True,True,True,True,4
0001584509,"2021,2022,2023,2024",4,True,True,True,True,4
0001584549,"2021,2022,2023,2024",8,True,True,True,True,4
0001584693,"2021,2022,2023,2024",4,True,True,True,True,4
0001584747,"2021,2022,2023,2024",4,True,True,True,True,4
0001584751,"2021,2022,2023,2024",4,True,True,True,True,4
0001584754,"2021,2022,2023,2024",5,True,True,True,True,4
0001584831,"2021,2022,2023,2024",5,True,True,True,True,4
0001585101,"2021,2022,2023,2024",4,True,True,True,True,4
0001585364,"2021,2022,2023,2024",4,True,True,True,True,4
0001585389,"2021,2022,2023,2024",4,True,True,True,True,4
0001585521,"2021,2022,2023,2024",4,True,True,True,True,4
0001585608,"2021,2022,2023,2024",6,True,True,True,True,4
0001585673,"2021,2022,2023,2024",4,True,True,True,True,4
0001585689,"2021,2022,2023,2024",4,True,True,True,True,4
0001586454,"2021,2022,2023,2024",4,True,True,True,True,4
0001586495,"2021,2022,2023,2024",4,True,True,True,True,4
0001586554,"2021,2022,2023,2024",5,True,True,True,True,4
0001587234,"2021,2022,2023,2024",4,True,True,True,True,4
0001587497,"2021,2022,2023,2024",4,True,True,True,True,4
0001587523,"2021,2022,2023,2024",4,True,True,True,True,4
0001587650,"2021,2022,2023,2024",4,True,True,True,True,4
0001587732,"2021,2022,2023,2024",4,True,True,True,True,4
0001587980,"2021,2022,2023,2024",4,True,True,True,True,4
0001587981,"2021,2022,2023,2024",4,True,True,True,True,4
0001587987,"2021,2022,2023,2024",5,True,True,True,True,4
0001588014,"2021,2022,2023,2024",4,True,True,True,True,4
0001588251,"2021,2022,2023,2024",4,True,True,True,True,4
0001588272,"2021,2022,2023,2024",4,True,True,True,True,4
0001588489,"2021,2022,2023,2024",4,True,True,True,True,4
0001588972,"2021,2022,2023,2024",5,True,True,True,True,4
0001589061,"2021,2022,2023,2024",4,True,True,True,True,4
0001589149,"2021,2022,2023,2024",7,True,True,True,True,4
0001589224,"2021,2022,2023,2024",4,True,True,True,True,4
0001589526,"2021,2022,2023,2024",4,True,True,True,True,4
0001589804,"2021,2022,2023,2024",4,True,True,True,True,4
0001590058,"2021,2022,2023,2024",4,True,True,True,True,4
0001590231,"2021,2022,2023,2024",4,True,True,True,True,4
0001590364,"2021,2022,2023,2024",4,True,True,True,True,4
0001590418,"2021,2022,2023,2024",5,True,True,True,True,4
0001590496,"2021,2022,2023,2024",5,True,True,True,True,4
0001590560,"2021,2022,2023,2024",4,True,True,True,True,4
0001590584,"2021,2022,2023,2024",4,True,True,True,True,4
0001590695,"2021,2022,2023,2024",4,True,True,True,True,4
0001590714,"2021,2022,2023,2024",4,True,True,True,True,4
0001590715,"2021,2022,2023,2024",7,True,True,True,True,4
0001590717,"2021,2022,2023,2024",4,True,True,True,True,4
0001590750,"2021,2022,2023,2024",4,True,True,True,True,4
0001590877,"2021,2022,2023,2024",4,True,True,True,True,4
0001590895,"2021,2022,2023,2024",4,True,True,True,True,4
0001590955,"2021,2022,2023,2024",4,True,True,True,True,4
0001590976,"2021,2022,2023,2024",4,True,True,True,True,4
0001591587,"2021,2022,2023,2024",4,True,True,True,True,4
0001591588,"2021,2022,2023,2024",5,True,True,True,True,4
0001591670,"2021,2022,2023,2024",4,True,True,True,True,4
0001591698,"2021,2022,2023,2024",4,True,True,True,True,4
0001591890,"2021,2022,2023,2024",5,True,True,True,True,4
0001591913,"2021,2022,2023,2024",5,True,True,True,True,4
0001592000,"2021,2022,2023,2024",4,True,True,True,True,4
0001592057,"2021,2022,2023,2024",4,True,True,True,True,4
0001592386,"2021,2022,2023,2024",4,True,True,True,True,4
0001592706,"2021,2022,2023,2024",7,True,True,True,True,4
0001593001,"2021,2022,2023,2024",4,True,True,True,True,4
0001593034,"2021,2022,2023,2024",5,True,True,True,True,4
0001593222,"2021,2022,2023,2024",4,True,True,True,True,4
0001593269,"2021,2022,2023,2024",4,True,True,True,True,4
0001593538,"2021,2022,2023,2024",4,True,True,True,True,4
0001593548,"2021,2022,2023,2024",4,True,True,True,True,4
0001593773,"2021,2022,2023,2024",5,True,True,True,True,4
0001593899,"2021,2022,2023,2024",4,True,True,True,True,4
0001594100,"2021,2022,2023,2024",5,True,True,True,True,4
0001594136,"2021,2022,2023,2024",4,True,True,True,True,4
0001594204,"2021,2022,2023,2024",4,True,True,True,True,4
0001594688,"2021,2022,2023,2024",4,True,True,True,True,4
0001595097,"2021,2022,2023,2024",5,True,True,True,True,4
0001595248,"2021,2022,2023,2024",4,True,True,True,True,4
0001595527,"2021,2022,2023,2024",4,True,True,True,True,4
0001595710,"2021,2022,2023,2024",4,True,True,True,True,4
0001595726,"2021,2022,2023,2024",5,True,True,True,True,4
0001595974,"2021,2022,2023,2024",5,True,True,True,True,4
0001596532,"2021,2022,2023,2024",4,True,True,True,True,4
0001596783,"2021,2022,2023,2024",6,True,True,True,True,4
0001596958,"2021,2022,2023,2024",4,True,True,True,True,4
0001596961,"2021,2022,2023,2024",5,True,True,True,True,4
0001596967,"2021,2022,2023,2024",4,True,True,True,True,4
0001596993,"2021,2022,2023,2024",4,True,True,True,True,4
0001597033,"2021,2022,2023,2024",4,True,True,True,True,4
0001597264,"2021,2022,2023,2024",4,True,True,True,True,4
0001597339,"2021,2022,2023,2024",4,True,True,True,True,4
0001597553,"2021,2022,2023,2024",4,True,True,True,True,4
0001597672,"2021,2022,2023,2024",4,True,True,True,True,4
0001597846,"2021,2022,2023,2024",6,True,True,True,True,4
0001597892,"2021,2022,2023,2024",6,True,True,True,True,4
0001598428,"2021,2022,2023,2024",4,True,True,True,True,4
0001598646,"2021,2022,2023,2024",7,True,True,True,True,4
0001598665,"2021,2022,2023,2024",4,True,True,True,True,4
0001599033,"2021,2022,2023,2024",4,True,True,True,True,4
0001599117,"2021,2022,2023,2024",4,True,True,True,True,4
0001599298,"2021,2022,2023,2024",5,True,True,True,True,4
0001599407,"2021,2022,2023,2024",4,True,True,True,True,4
0001599617,"2021,2022,2023,2024",4,True,True,True,True,4
0001599714,"2021,2022,2023,2024",5,True,True,True,True,4
0001599901,"2021,2022,2023,2024",4,True,True,True,True,4
0001600033,"2021,2022,2023,2024",4,True,True,True,True,4
0001600347,"2021,2022,2023,2024",4,True,True,True,True,4
0001600422,"2021,2022,2023,2024",4,True,True,True,True,4
0001600438,"2021,2022,2023,2024",4,True,True,True,True,4
0001600620,"2021,2022,2023,2024",6,True,True,True,True,4
0001600626,"2021,2022,2023,2024",6,True,True,True,True,4
0001600823,"2021,2022,2023,2024",5,True,True,True,True,4
0001600824,"2021,2022,2023,2024",4,True,True,True,True,4
0001600831,"2021,2022,2023,2024",4,True,True,True,True,4
0001601046,"2021,2022,2023,2024",4,True,True,True,True,4
0001601485,"2021,2022,2023,2024",6,True,True,True,True,4
0001601548,"2021,2022,2023,2024",5,True,True,True,True,4
0001601617,"2021,2022,2023,2024",4,True,True,True,True,4
0001601705,"2021,2022,2023,2024",4,True,True,True,True,4
0001601712,"2021,2022,2023,2024",4,True,True,True,True,4
0001601744,"2021,2022,2023,2024",5,True,True,True,True,4
0001602065,"2021,2022,2023,2024",4,True,True,True,True,4
0001602409,"2021,2022,2023,2024",5,True,True,True,True,4
0001602658,"2021,2022,2023,2024",4,True,True,True,True,4
0001603145,"2021,2022,2023,2024",4,True,True,True,True,4
0001603291,"2021,2022,2023,2024",4,True,True,True,True,4
0001603454,"2021,2022,2023,2024",5,True,True,True,True,4
0001603480,"2021,2022,2023,2024",7,True,True,True,True,4
0001603578,"2021,2022,2023,2024",4,True,True,True,True,4
0001603669,"2021,2022,2023,2024",4,True,True,True,True,4
0001603756,"2021,2022,2023,2024",5,True,True,True,True,4
0001603793,"2021,2022,2023,2024",4,True,True,True,True,4
0001603923,"2021,2022,2023,2024",5,True,True,True,True,4
0001603978,"2021,2022,2023,2024",4,True,True,True,True,4
0001604028,"2021,2022,2023,2024",4,True,True,True,True,4
0001604083,"2021,2022,2023,2024",4,True,True,True,True,4
0001604119,"2021,2022,2023,2024",4,True,True,True,True,4
0001604191,"2021,2022,2023,2024",5,True,True,True,True,4
0001604464,"2021,2022,2023,2024",4,True,True,True,True,4
0001604665,"2021,2022,2023,2024",4,True,True,True,True,4
0001604738,"2021,2022,2023,2024",4,True,True,True,True,4
0001604778,"2021,2022,2023,2024",4,True,True,True,True,4
0001604821,"2021,2022,2023,2024",4,True,True,True,True,4
0001604868,"2021,2022,2023,2024",5,True,True,True,True,4
0001604950,"2021,2022,2023,2024",4,True,True,True,True,4
0001605257,"2021,2022,2023,2024",4,True,True,True,True,4
0001605301,"2021,2022,2023,2024",4,True,True,True,True,4
0001605481,"2021,2022,2023,2024",5,True,True,True,True,4
0001605607,"2021,2022,2023,2024",4,True,True,True,True,4
0001606104,"2021,2022,2023,2024",4,True,True,True,True,4
0001606163,"2021,2022,2023,2024",4,True,True,True,True,4
0001606268,"2021,2022,2023,2024",5,True,True,True,True,4
0001606366,"2021,2022,2023,2024",4,True,True,True,True,4
0001606442,"2021,2022,2023,2024",4,True,True,True,True,4
0001606498,"2021,2022,2023,2024",4,True,True,True,True,4
0001606745,"2021,2022,2023,2024",5,True,True,True,True,4
0001606757,"2021,2022,2023,2024",4,True,True,True,True,4
0001606909,"2021,2022,2023,2024",4,True,True,True,True,4
0001607401,"2021,2022,2023,2024",4,True,True,True,True,4
0001607484,"2021,2022,2023,2024",4,True,True,True,True,4
0001607641,"2021,2022,2023,2024",4,True,True,True,True,4
0001607678,"2021,2022,2023,2024",4,True,True,True,True,4
0001607865,"2021,2022,2023,2024",4,True,True,True,True,4
0001607962,"2021,2022,2023,2024",7,True,True,True,True,4
0001608092,"2021,2022,2023,2024",4,True,True,True,True,4
0001609065,"2021,2022,2023,2024",4,True,True,True,True,4
0001609253,"2021,2022,2023,2024",4,True,True,True,True,4
0001609258,"2021,2022,2023,2024",4,True,True,True,True,4
0001609550,"2021,2022,2023,2024",4,True,True,True,True,4
0001609671,"2021,2022,2023,2024",4,True,True,True,True,4
0001609711,"2021,2022,2023,2024",4,True,True,True,True,4
0001609804,"2021,2022,2023,2024",4,True,True,True,True,4
0001609809,"2021,2022,2023,2024",4,True,True,True,True,4
0001610250,"2021,2022,2023,2024",4,True,True,True,True,4
0001610486,"2021,2022,2023,2024",4,True,True,True,True,4
0001610618,"2021,2022,2023,2024",4,True,True,True,True,4
0001610796,"2021,2022,2023,2024",4,True,True,True,True,4
0001610853,"2021,2022,2023,2024",4,True,True,True,True,4
0001610940,"2021,2022,2023,2024",4,True,True,True,True,4
0001611547,"2021,2022,2023,2024",4,True,True,True,True,4
0001611647,"2021,2022,2023,2024",8,True,True,True,True,4
0001611983,"2021,2022,2023,2024",4,True,True,True,True,4
0001612124,"2021,2022,2023,2024",4,True,True,True,True,4
0001612126,"2021,2022,2023,2024",4,True,True,True,True,4
0001612518,"2021,2022,2023,2024",4,True,True,True,True,4
0001612630,"2021,2022,2023,2024",5,True,True,True,True,4
0001612720,"2021,2022,2023,2024",4,True,True,True,True,4
0001612841,"2021,2022,2023,2024",4,True,True,True,True,4
0001613103,"2021,2022,2023,2024",4,True,True,True,True,4
0001613762,"2021,2022,2023,2024",4,True,True,True,True,4
0001613763,"2021,2022,2023,2024",4,True,True,True,True,4
0001613764,"2021,2022,2023,2024",4,True,True,True,True,4
0001613765,"2021,2022,2023,2024",4,True,True,True,True,4
0001613766,"2021,2022,2023,2024",4,True,True,True,True,4
0001613767,"2021,2022,2023,2024",4,True,True,True,True,4
0001613780,"2021,2022,2023,2024",4,True,True,True,True,4
0001614033,"2021,2022,2023,2024",4,True,True,True,True,4
0001614178,"2021,2022,2023,2024",4,True,True,True,True,4
0001614806,"2021,2022,2023,2024",4,True,True,True,True,4
0001615063,"2021,2022,2023,2024",7,True,True,True,True,4
0001615165,"2021,2022,2023,2024",5,True,True,True,True,4
0001615219,"2021,2022,2023,2024",5,True,True,True,True,4
0001615222,"2021,2022,2023,2024",5,True,True,True,True,4
0001616000,"2021,2022,2023,2024",4,True,True,True,True,4
0001616156,"2021,2022,2023,2024",4,True,True,True,True,4
0001616262,"2021,2022,2023,2024",6,True,True,True,True,4
0001616318,"2021,2022,2023,2024",4,True,True,True,True,4
0001616533,"2021,2022,2023,2024",5,True,True,True,True,4
0001616543,"2021,2022,2023,2024",4,True,True,True,True,4
0001616666,"2021,2022,2023,2024",4,True,True,True,True,4
0001616707,"2021,2022,2023,2024",4,True,True,True,True,4
0001616736,"2021,2022,2023,2024",5,True,True,True,True,4
0001616788,"2021,2022,2023,2024",4,True,True,True,True,4
0001616862,"2021,2022,2023,2024",4,True,True,True,True,4
0001617242,"2021,2022,2023,2024",4,True,True,True,True,4
0001617406,"2021,2022,2023,2024",4,True,True,True,True,4
0001617640,"2021,2022,2023,2024",4,True,True,True,True,4
0001617760,"2021,2022,2023,2024",5,True,True,True,True,4
0001617957,"2021,2022,2023,2024",4,True,True,True,True,4
0001617959,"2021,2022,2023,2024",4,True,True,True,True,4
0001618150,"2021,2022,2023,2024",4,True,True,True,True,4
0001618181,"2021,2022,2023,2024",5,True,True,True,True,4
0001618563,"2021,2022,2023,2024",4,True,True,True,True,4
0001618673,"2021,2022,2023,2024",4,True,True,True,True,4
0001618694,"2021,2022,2023,2024",4,True,True,True,True,4
0001618696,"2021,2022,2023,2024",4,True,True,True,True,4
0001618697,"2021,2022,2023,2024",4,True,True,True,True,4
0001618713,"2021,2022,2023,2024",4,True,True,True,True,4
0001618732,"2021,2022,2023,2024",5,True,True,True,True,4
0001618755,"2021,2022,2023,2024",4,True,True,True,True,4
0001618756,"2021,2022,2023,2024",4,True,True,True,True,4
0001618835,"2021,2022,2023,2024",4,True,True,True,True,4
0001618921,"2021,2022,2023,2024",7,True,True,True,True,4
0001619227,"2021,2022,2023,2024",4,True,True,True,True,4
0001619312,"2021,2022,2023,2024",4,True,True,True,True,4
0001619511,"2021,2022,2023,2024",4,True,True,True,True,4
0001619616,"2021,2022,2023,2024",4,True,True,True,True,4
0001620179,"2021,2022,2023,2024",8,True,True,True,True,4
0001620280,"2021,2022,2023,2024",9,True,True,True,True,4
0001620305,"2021,2022,2023,2024",4,True,True,True,True,4
0001620393,"2021,2022,2023,2024",4,True,True,True,True,4
0001620459,"2021,2022,2023,2024",8,True,True,True,True,4
0001620463,"2021,2022,2023,2024",4,True,True,True,True,4
0001620533,"2021,2022,2023,2024",5,True,True,True,True,4
0001621227,"2021,2022,2023,2024",4,True,True,True,True,4
0001621368,"2021,2022,2023,2024",5,True,True,True,True,4
0001621379,"2021,2022,2023,2024",4,True,True,True,True,4
0001621434,"2021,2022,2023,2024",4,True,True,True,True,4
0001621466,"2021,2022,2023,2024",4,True,True,True,True,4
0001621563,"2021,2022,2023,2024",4,True,True,True,True,4
0001621672,"2021,2022,2023,2024",6,True,True,True,True,4
0001621832,"2021,2022,2023,2024",4,True,True,True,True,4
0001621906,"2021,2022,2023,2024",6,True,True,True,True,4
0001622057,"2021,2022,2023,2024",5,True,True,True,True,4
0001622194,"2021,2022,2023,2024",4,True,True,True,True,4
0001622229,"2021,2022,2023,2024",4,True,True,True,True,4
0001622244,"2021,2022,2023,2024",4,True,True,True,True,4
0001622345,"2021,2022,2023,2024",4,True,True,True,True,4
0001622413,"2021,2022,2023,2024",4,True,True,True,True,4
0001622765,"2021,2022,2023,2024",4,True,True,True,True,4
0001622879,"2021,2022,2023,2024",6,True,True,True,True,4
0001623518,"2021,2022,2023,2024",4,True,True,True,True,4
0001623526,"2021,2022,2023,2024",4,True,True,True,True,4
0001623590,"2021,2022,2023,2024",10,True,True,True,True,4
0001623838,"2021,2022,2023,2024",4,True,True,True,True,4
0001623916,"2021,2022,2023,2024",4,True,True,True,True,4
0001623925,"2021,2022,2023,2024",4,True,True,True,True,4
0001624322,"2021,2022,2023,2024",6,True,True,True,True,4
0001624326,"2021,2022,2023,2024",4,True,True,True,True,4
0001624512,"2021,2022,2023,2024",4,True,True,True,True,4
0001624794,"2021,2022,2023,2024",4,True,True,True,True,4
0001624985,"2021,2022,2023,2024",4,True,True,True,True,4
0001625101,"2021,2022,2023,2024",4,True,True,True,True,4
0001625123,"2021,2022,2023,2024",4,True,True,True,True,4
0001625288,"2021,2022,2023,2024",4,True,True,True,True,4
0001625426,"2021,2022,2023,2024",4,True,True,True,True,4
0001625941,"2021,2022,2023,2024",4,True,True,True,True,4
0001626115,"2021,2022,2023,2024",4,True,True,True,True,4
0001626199,"2021,2022,2023,2024",5,True,True,True,True,4
0001626450,"2021,2022,2023,2024",4,True,True,True,True,4
0001626644,"2021,2022,2023,2024",5,True,True,True,True,4
0001626745,"2021,2022,2023,2024",4,True,True,True,True,4
0001626878,"2021,2022,2023,2024",6,True,True,True,True,4
0001626941,"2021,2022,2023,2024",4,True,True,True,True,4
0001626971,"2021,2022,2023,2024",4,True,True,True,True,4
0001627223,"2021,2022,2023,2024",4,True,True,True,True,4
0001627469,"2021,2022,2023,2024",4,True,True,True,True,4
0001627475,"2021,2022,2023,2024",4,True,True,True,True,4
0001628063,"2021,2022,2023,2024",5,True,True,True,True,4
0001628112,"2021,2022,2023,2024",4,True,True,True,True,4
0001628171,"2021,2022,2023,2024",4,True,True,True,True,4
0001628369,"2021,2022,2023,2024",4,True,True,True,True,4
0001628908,"2021,2022,2023,2024",4,True,True,True,True,4
0001629019,"2021,2022,2023,2024",4,True,True,True,True,4
0001629069,"2021,2022,2023,2024",4,True,True,True,True,4
0001629210,"2021,2022,2023,2024",4,True,True,True,True,4
0001629665,"2021,2022,2023,2024",6,True,True,True,True,4
0001629716,"2021,2022,2023,2024",4,True,True,True,True,4
0001630031,"2021,2022,2023,2024",4,True,True,True,True,4
0001630113,"2021,2022,2023,2024",5,True,True,True,True,4
0001630176,"2021,2022,2023,2024",5,True,True,True,True,4
0001630212,"2021,2022,2023,2024",4,True,True,True,True,4
0001630472,"2021,2022,2023,2024",4,True,True,True,True,4
0001630477,"2021,2022,2023,2024",4,True,True,True,True,4
0001630513,"2021,2022,2023,2024",5,True,True,True,True,4
0001630690,"2021,2022,2023,2024",4,True,True,True,True,4
0001630805,"2021,2022,2023,2024",6,True,True,True,True,4
0001631256,"2021,2022,2023,2024",4,True,True,True,True,4
0001631282,"2021,2022,2023,2024",4,True,True,True,True,4
0001631406,"2021,2022,2023,2024",5,True,True,True,True,4
0001631569,"2021,2022,2023,2024",4,True,True,True,True,4
0001631574,"2021,2022,2023,2024",9,True,True,True,True,4
0001631596,"2021,2022,2023,2024",4,True,True,True,True,4
0001632121,"2021,2022,2023,2024",5,True,True,True,True,4
0001632127,"2021,2022,2023,2024",5,True,True,True,True,4
0001632790,"2021,2022,2023,2024",4,True,True,True,True,4
0001632814,"2021,2022,2023,2024",5,True,True,True,True,4
0001632970,"2021,2022,2023,2024",4,True,True,True,True,4
0001633023,"2021,2022,2023,2024",4,True,True,True,True,4
0001633336,"2021,2022,2023,2024",4,True,True,True,True,4
0001633533,"2021,2022,2023,2024",4,True,True,True,True,4
0001633858,"2021,2022,2023,2024",4,True,True,True,True,4
0001633917,"2021,2022,2023,2024",4,True,True,True,True,4
0001633931,"2021,2022,2023,2024",4,True,True,True,True,4
0001633932,"2021,2022,2023,2024",4,True,True,True,True,4
0001633978,"2021,2022,2023,2024",4,True,True,True,True,4
0001634117,"2021,2022,2023,2024",4,True,True,True,True,4
0001634172,"2021,2022,2023,2024",5,True,True,True,True,4
0001634293,"2021,2022,2023,2024",4,True,True,True,True,4
0001634447,"2021,2022,2023,2024",7,True,True,True,True,4
0001634452,"2021,2022,2023,2024",4,True,True,True,True,4
0001634976,"2021,2022,2023,2024",4,True,True,True,True,4
0001634997,"2021,2022,2023,2024",6,True,True,True,True,4
0001635282,"2021,2022,2023,2024",5,True,True,True,True,4
0001635569,"2021,2022,2023,2024",4,True,True,True,True,4
0001635984,"2021,2022,2023,2024",6,True,True,True,True,4
0001636222,"2021,2022,2023,2024",4,True,True,True,True,4
0001636282,"2021,2022,2023,2024",6,True,True,True,True,4
0001636315,"2021,2022,2023,2024",4,True,True,True,True,4
0001636422,"2021,2022,2023,2024",5,True,True,True,True,4
0001636459,"2021,2022,2023,2024",4,True,True,True,True,4
0001636513,"2021,2022,2023,2024",4,True,True,True,True,4
0001636519,"2021,2022,2023,2024",4,True,True,True,True,4
0001636651,"2021,2022,2023,2024",4,True,True,True,True,4
0001636708,"2021,2022,2023,2024",4,True,True,True,True,4
0001637008,"2021,2022,2023,2024",4,True,True,True,True,4
0001637207,"2021,2022,2023,2024",5,True,True,True,True,4
0001637459,"2021,2022,2023,2024",4,True,True,True,True,4
0001637757,"2021,2022,2023,2024",4,True,True,True,True,4
0001637866,"2021,2022,2023,2024",4,True,True,True,True,4
0001637880,"2021,2022,2023,2024",4,True,True,True,True,4
0001637969,"2021,2022,2023,2024",4,True,True,True,True,4
0001638227,"2021,2022,2023,2024",4,True,True,True,True,4
0001638287,"2021,2022,2023,2024",5,True,True,True,True,4
0001638290,"2021,2022,2023,2024",4,True,True,True,True,4
0001638833,"2021,2022,2023,2024",4,True,True,True,True,4
0001638911,"2021,2022,2023,2024",4,True,True,True,True,4
0001638933,"2021,2022,2023,2024",4,True,True,True,True,4
0001639068,"2021,2022,2023,2024",4,True,True,True,True,4
0001639300,"2021,2022,2023,2024",4,True,True,True,True,4
0001639327,"2021,2022,2023,2024",4,True,True,True,True,4
0001639353,"2021,2022,2023,2024",4,True,True,True,True,4
0001639691,"2021,2022,2023,2024",4,True,True,True,True,4
0001639694,"2021,2022,2023,2024",4,True,True,True,True,4
0001639825,"2021,2022,2023,2024",4,True,True,True,True,4
0001640052,"2021,2022,2023,2024",4,True,True,True,True,4
0001640147,"2021,2022,2023,2024",4,True,True,True,True,4
0001640266,"2021,2022,2023,2024",4,True,True,True,True,4
0001640384,"2021,2022,2023,2024",8,True,True,True,True,4
0001640428,"2021,2022,2023,2024",5,True,True,True,True,4
0001640584,"2021,2022,2023,2024",4,True,True,True,True,4
0001640775,"2021,2022,2023,2024",4,True,True,True,True,4
0001640982,"2021,2022,2023,2024",4,True,True,True,True,4
0001641281,"2021,2022,2023,2024",4,True,True,True,True,4
0001641398,"2021,2022,2023,2024",6,True,True,True,True,4
0001641489,"2021,2022,2023,2024",5,True,True,True,True,4
0001641601,"2021,2022,2023,2024",5,True,True,True,True,4
0001641614,"2021,2022,2023,2024",4,True,True,True,True,4
0001641623,"2021,2022,2023,2024",4,True,True,True,True,4
0001641631,"2021,2022,2023,2024",5,True,True,True,True,4
0001642122,"2021,2022,2023,2024",4,True,True,True,True,4
0001642159,"2021,2022,2023,2024",4,True,True,True,True,4
0001642375,"2021,2022,2023,2024",6,True,True,True,True,4
0001642380,"2021,2022,2023,2024",7,True,True,True,True,4
0001642453,"2021,2022,2023,2024",8,True,True,True,True,4
0001642545,"2021,2022,2023,2024",5,True,True,True,True,4
0001642727,"2021,2022,2023,2024",5,True,True,True,True,4
0001643154,"2021,2022,2023,2024",4,True,True,True,True,4
0001643293,"2021,2022,2023,2024",4,True,True,True,True,4
0001643301,"2021,2022,2023,2024",4,True,True,True,True,4
0001643550,"2021,2022,2023,2024",4,True,True,True,True,4
0001643615,"2021,2022,2023,2024",4,True,True,True,True,4
0001643661,"2021,2022,2023,2024",4,True,True,True,True,4
0001643721,"2021,2022,2023,2024",4,True,True,True,True,4
0001643873,"2021,2022,2023,2024",4,True,True,True,True,4
0001643953,"2021,2022,2023,2024",7,True,True,True,True,4
0001643988,"2021,2022,2023,2024",4,True,True,True,True,4
0001644378,"2021,2022,2023,2024",4,True,True,True,True,4
0001644697,"2021,2022,2023,2024",4,True,True,True,True,4
0001644903,"2021,2022,2023,2024",7,True,True,True,True,4
0001644943,"2021,2022,2023,2024",4,True,True,True,True,4
0001644963,"2021,2022,2023,2024",4,True,True,True,True,4
0001645113,"2021,2022,2023,2024",4,True,True,True,True,4
0001645155,"2021,2022,2023,2024",4,True,True,True,True,4
0001645384,"2021,2022,2023,2024",4,True,True,True,True,4
0001645460,"2021,2022,2023,2024",4,True,True,True,True,4
0001645469,"2021,2022,2023,2024",4,True,True,True,True,4
0001645590,"2021,2022,2023,2024",4,True,True,True,True,4
0001645666,"2021,2022,2023,2024",4,True,True,True,True,4
0001645731,"2021,2022,2023,2024",4,True,True,True,True,4
0001645873,"2021,2022,2023,2024",7,True,True,True,True,4
0001646188,"2021,2022,2023,2024",4,True,True,True,True,4
0001646736,"2021,2022,2023,2024",4,True,True,True,True,4
0001646924,"2021,2022,2023,2024",4,True,True,True,True,4
0001646972,"2021,2022,2023,2024",4,True,True,True,True,4
0001647088,"2021,2022,2023,2024",5,True,True,True,True,4
0001647587,"2021,2022,2023,2024",4,True,True,True,True,4
0001647639,"2021,2022,2023,2024",4,True,True,True,True,4
0001647822,"2021,2022,2023,2024",6,True,True,True,True,4
0001647980,"2021,2022,2023,2024",4,True,True,True,True,4
0001648087,"2021,2022,2023,2024",5,True,True,True,True,4
0001648195,"2021,2022,2023,2024",4,True,True,True,True,4
0001648439,"2021,2022,2023,2024",4,True,True,True,True,4
0001648858,"2021,2022,2023,2024",4,True,True,True,True,4
0001649094,"2021,2022,2023,2024",4,True,True,True,True,4
0001649096,"2021,2022,2023,2024",4,True,True,True,True,4
0001649184,"2021,2022,2023,2024",4,True,True,True,True,4
0001649744,"2021,2022,2023,2024",4,True,True,True,True,4
0001649749,"2021,2022,2023,2024",4,True,True,True,True,4
0001649904,"2021,2022,2023,2024",4,True,True,True,True,4
0001649989,"2021,2022,2023,2024",7,True,True,True,True,4
0001650101,"2021,2022,2023,2024",5,True,True,True,True,4
0001650132,"2021,2022,2023,2024",4,True,True,True,True,4
0001650648,"2021,2022,2023,2024",4,True,True,True,True,4
0001650664,"2021,2022,2023,2024",4,True,True,True,True,4
0001650696,"2021,2022,2023,2024",5,True,True,True,True,4
0001650729,"2021,2022,2023,2024",4,True,True,True,True,4
0001650739,"2021,2022,2023,2024",7,True,True,True,True,4
0001651164,"2021,2022,2023,2024",4,True,True,True,True,4
0001651308,"2021,2022,2023,2024",4,True,True,True,True,4
0001651311,"2021,2022,2023,2024",4,True,True,True,True,4
0001651407,"2021,2022,2023,2024",4,True,True,True,True,4
0001651588,"2021,2022,2023,2024",4,True,True,True,True,4
0001651790,"2021,2022,2023,2024",4,True,True,True,True,4
0001651932,"2021,2022,2023,2024",4,True,True,True,True,4
0001651944,"2021,2022,2023,2024",5,True,True,True,True,4
0001651958,"2021,2022,2023,2024",8,True,True,True,True,4
0001651992,"2021,2022,2023,2024",4,True,True,True,True,4
0001652031,"2021,2022,2023,2024",4,True,True,True,True,4
0001652044,"2021,2022,2023,2024",4,True,True,True,True,4
0001652130,"2021,2022,2023,2024",4,True,True,True,True,4
0001652535,"2021,2022,2023,2024",4,True,True,True,True,4
0001652539,"2021,2022,2023,2024",6,True,True,True,True,4
0001652561,"2021,2022,2023,2024",5,True,True,True,True,4
0001652672,"2021,2022,2023,2024",4,True,True,True,True,4
0001652884,"2021,2022,2023,2024",4,True,True,True,True,4
0001652958,"2021,2022,2023,2024",6,True,True,True,True,4
0001652982,"2021,2022,2023,2024",4,True,True,True,True,4
0001653087,"2021,2022,2023,2024",5,True,True,True,True,4
0001653323,"2021,2022,2023,2024",4,True,True,True,True,4
0001653384,"2021,2022,2023,2024",5,True,True,True,True,4
0001653477,"2021,2022,2023,2024",4,True,True,True,True,4
0001653542,"2021,2022,2023,2024",4,True,True,True,True,4
0001653558,"2021,2022,2023,2024",4,True,True,True,True,4
0001653653,"2021,2022,2023,2024",4,True,True,True,True,4
0001654151,"2021,2022,2023,2024",4,True,True,True,True,4
0001654330,"2021,2022,2023,2024",4,True,True,True,True,4
0001654595,"2021,2022,2023,2024",6,True,True,True,True,4
0001654734,"2021,2022,2023,2024",4,True,True,True,True,4
0001655050,"2021,2022,2023,2024",4,True,True,True,True,4
0001655153,"2021,2022,2023,2024",4,True,True,True,True,4
0001655210,"2021,2022,2023,2024",4,True,True,True,True,4
0001655591,"2021,2022,2023,2024",4,True,True,True,True,4
0001655759,"2021,2022,2023,2024",4,True,True,True,True,4
0001655887,"2021,2022,2023,2024",4,True,True,True,True,4
0001655888,"2021,2022,2023,2024",4,True,True,True,True,4
0001656047,"2021,2022,2023,2024",4,True,True,True,True,4
0001656088,"2021,2022,2023,2024",4,True,True,True,True,4
0001656472,"2021,2022,2023,2024",4,True,True,True,True,4
0001656634,"2021,2022,2023,2024",5,True,True,True,True,4
0001656681,"2021,2022,2023,2024",4,True,True,True,True,4
0001656839,"2021,2022,2023,2024",4,True,True,True,True,4
0001657045,"2021,2022,2023,2024",6,True,True,True,True,4
0001657214,"2021,2022,2023,2024",4,True,True,True,True,4
0001657312,"2021,2022,2023,2024",4,True,True,True,True,4
0001657325,"2021,2022,2023,2024",4,True,True,True,True,4
0001657642,"2021,2022,2023,2024",4,True,True,True,True,4
0001657788,"2021,2022,2023,2024",5,True,True,True,True,4
0001657853,"2021,2022,2023,2024",4,True,True,True,True,4
0001657889,"2021,2022,2023,2024",4,True,True,True,True,4
0001658247,"2021,2022,2023,2024",4,True,True,True,True,4
0001658566,"2021,2022,2023,2024",4,True,True,True,True,4
0001659166,"2021,2022,2023,2024",4,True,True,True,True,4
0001659323,"2021,2022,2023,2024",4,True,True,True,True,4
0001659329,"2021,2022,2023,2024",4,True,True,True,True,4
0001659617,"2021,2022,2023,2024",5,True,True,True,True,4
0001659981,"2021,2022,2023,2024",4,True,True,True,True,4
0001660134,"2021,2022,2023,2024",4,True,True,True,True,4
0001660280,"2021,2022,2023,2024",4,True,True,True,True,4
0001660334,"2021,2022,2023,2024",4,True,True,True,True,4
0001660734,"2021,2022,2023,2024",4,True,True,True,True,4
0001661039,"2021,2022,2023,2024",4,True,True,True,True,4
0001661053,"2021,2022,2023,2024",5,True,True,True,True,4
0001661059,"2021,2022,2023,2024",5,True,True,True,True,4
0001661136,"2021,2022,2023,2024",4,True,True,True,True,4
0001661181,"2021,2022,2023,2024",6,True,True,True,True,4
0001661306,"2021,2022,2023,2024",4,True,True,True,True,4
0001661458,"2021,2022,2023,2024",4,True,True,True,True,4
0001661460,"2021,2022,2023,2024",4,True,True,True,True,4
0001661589,"2021,2022,2023,2024",4,True,True,True,True,4
0001661600,"2021,2022,2023,2024",4,True,True,True,True,4
0001661998,"2021,2022,2023,2024",5,True,True,True,True,4
0001662574,"2021,2022,2023,2024",4,True,True,True,True,4
0001662579,"2021,2022,2023,2024",4,True,True,True,True,4
0001662684,"2021,2022,2023,2024",4,True,True,True,True,4
0001662774,"2021,2022,2023,2024",4,True,True,True,True,4
0001662784,"2021,2022,2023,2024",4,True,True,True,True,4
0001662972,"2021,2022,2023,2024",4,True,True,True,True,4
0001663239,"2021,2022,2023,2024",4,True,True,True,True,4
0001663240,"2021,2022,2023,2024",4,True,True,True,True,4
0001663244,"2021,2022,2023,2024",5,True,True,True,True,4
0001663645,"2021,2022,2023,2024",5,True,True,True,True,4
0001664682,"2021,2022,2023,2024",5,True,True,True,True,4
0001664703,"2021,2022,2023,2024",4,True,True,True,True,4
0001664710,"2021,2022,2023,2024",4,True,True,True,True,4
0001664740,"2021,2022,2023,2024",4,True,True,True,True,4
0001665081,"2021,2022,2023,2024",4,True,True,True,True,4
0001665300,"2021,2022,2023,2024",5,True,True,True,True,4
0001665918,"2021,2022,2023,2024",4,True,True,True,True,4
0001665988,"2021,2022,2023,2024",4,True,True,True,True,4
0001666071,"2021,2022,2023,2024",5,True,True,True,True,4
0001666134,"2021,2022,2023,2024",5,True,True,True,True,4
0001666138,"2021,2022,2023,2024",4,True,True,True,True,4
0001666156,"2021,2022,2023,2024",4,True,True,True,True,4
0001666244,"2021,2022,2023,2024",6,True,True,True,True,4
0001666700,"2021,2022,2023,2024",4,True,True,True,True,4
0001667313,"2021,2022,2023,2024",4,True,True,True,True,4
0001668243,"2021,2022,2023,2024",6,True,True,True,True,4
0001668370,"2021,2022,2023,2024",4,True,True,True,True,4
0001668397,"2021,2022,2023,2024",4,True,True,True,True,4
0001668523,"2021,2022,2023,2024",4,True,True,True,True,4
0001668673,"2021,2022,2023,2024",4,True,True,True,True,4
0001668738,"2021,2022,2023,2024",4,True,True,True,True,4
0001668931,"2021,2022,2023,2024",4,True,True,True,True,4
0001669162,"2021,2022,2023,2024",4,True,True,True,True,4
0001669374,"2021,2022,2023,2024",4,True,True,True,True,4
0001669393,"2021,2022,2023,2024",4,True,True,True,True,4
0001669779,"2021,2022,2023,2024",4,True,True,True,True,4
0001669811,"2021,2022,2023,2024",4,True,True,True,True,4
0001669990,"2021,2022,2023,2024",4,True,True,True,True,4
0001670196,"2021,2022,2023,2024",6,True,True,True,True,4
0001670541,"2021,2022,2023,2024",5,True,True,True,True,4
0001670592,"2021,2022,2023,2024",4,True,True,True,True,4
0001670601,"2021,2022,2023,2024",4,True,True,True,True,4
0001671048,"2021,2022,2023,2024",4,True,True,True,True,4
0001671520,"2021,2022,2023,2024",4,True,True,True,True,4
0001671584,"2021,2022,2023,2024",5,True,True,True,True,4
0001671740,"2021,2022,2023,2024",4,True,True,True,True,4
0001671858,"2021,2022,2023,2024",4,True,True,True,True,4
0001671933,"2021,2022,2023,2024",4,True,True,True,True,4
0001672013,"2021,2022,2023,2024",4,True,True,True,True,4
0001672571,"2021,2022,2023,2024",6,True,True,True,True,4
0001672572,"2021,2022,2023,2024",4,True,True,True,True,4
0001672587,"2021,2022,2023,2024",4,True,True,True,True,4
0001672609,"2021,2022,2023,2024",4,True,True,True,True,4
0001672619,"2021,2022,2023,2024",4,True,True,True,True,4
0001672909,"2021,2022,2023,2024",4,True,True,True,True,4
0001673255,"2021,2022,2023,2024",4,True,True,True,True,4
0001673358,"2021,2022,2023,2024",4,True,True,True,True,4
0001673475,"2021,2022,2023,2024",6,True,True,True,True,4
0001673481,"2021,2022,2023,2024",8,True,True,True,True,4
0001673504,"2021,2022,2023,2024",4,True,True,True,True,4
0001673542,"2021,2022,2023,2024",4,True,True,True,True,4
0001673772,"2021,2022,2023,2024",4,True,True,True,True,4
0001673985,"2021,2022,2023,2024",4,True,True,True,True,4
0001674101,"2021,2022,2023,2024",5,True,True,True,True,4
0001674168,"2021,2022,2023,2024",4,True,True,True,True,4
0001674227,"2021,2022,2023,2024",4,True,True,True,True,4
0001674335,"2021,2022,2023,2024",4,True,True,True,True,4
0001674356,"2021,2022,2023,2024",4,True,True,True,True,4
0001674416,"2021,2022,2023,2024",4,True,True,True,True,4
0001674760,"2021,2022,2023,2024",4,True,True,True,True,4
0001674862,"2021,2022,2023,2024",4,True,True,True,True,4
0001674910,"2021,2022,2023,2024",5,True,True,True,True,4
0001674930,"2021,2022,2023,2024",4,True,True,True,True,4
0001675033,"2021,2022,2023,2024",5,True,True,True,True,4
0001675149,"2021,2022,2023,2024",4,True,True,True,True,4
0001675644,"2021,2022,2023,2024",4,True,True,True,True,4
0001675928,"2021,2022,2023,2024",4,True,True,True,True,4
0001676047,"2021,2022,2023,2024",4,True,True,True,True,4
0001676479,"2021,2022,2023,2024",4,True,True,True,True,4
0001676725,"2021,2022,2023,2024",4,True,True,True,True,4
0001676734,"2021,2022,2023,2024",4,True,True,True,True,4
0001677077,"2021,2022,2023,2024",4,True,True,True,True,4
0001677390,"2021,2022,2023,2024",4,True,True,True,True,4
0001677576,"2021,2022,2023,2024",5,True,True,True,True,4
0001677703,"2021,2022,2023,2024",4,True,True,True,True,4
0001677897,"2021,2022,2023,2024",4,True,True,True,True,4
0001677913,"2021,2022,2023,2024",4,True,True,True,True,4
0001678038,"2021,2022,2023,2024",4,True,True,True,True,4
0001678105,"2021,2022,2023,2024",4,True,True,True,True,4
0001678660,"2021,2022,2023,2024",4,True,True,True,True,4
0001678740,"2021,2022,2023,2024",4,True,True,True,True,4
0001679049,"2021,2022,2023,2024",4,True,True,True,True,4
0001679063,"2021,2022,2023,2024",7,True,True,True,True,4
0001679268,"2021,2022,2023,2024",4,True,True,True,True,4
0001679273,"2021,2022,2023,2024",4,True,True,True,True,4
0001679327,"2021,2022,2023,2024",4,True,True,True,True,4
0001679363,"2021,2022,2023,2024",4,True,True,True,True,4
0001679420,"2021,2022,2023,2024",4,True,True,True,True,4
0001679688,"2021,2022,2023,2024",4,True,True,True,True,4
0001679817,"2021,2022,2023,2024",5,True,True,True,True,4
0001680048,"2021,2022,2023,2024",4,True,True,True,True,4
0001680062,"2021,2022,2023,2024",5,True,True,True,True,4
0001680132,"2021,2022,2023,2024",8,True,True,True,True,4
0001680139,"2021,2022,2023,2024",6,True,True,True,True,4
0001680247,"2021,2022,2023,2024",4,True,True,True,True,4
0001680367,"2021,2022,2023,2024",4,True,True,True,True,4
0001680378,"2021,2022,2023,2024",5,True,True,True,True,4
0001680379,"2021,2022,2023,2024",4,True,True,True,True,4
0001680581,"2021,2022,2023,2024",7,True,True,True,True,4
0001680689,"2021,2022,2023,2024",5,True,True,True,True,4
0001681031,"2021,2022,2023,2024",4,True,True,True,True,4
0001681087,"2021,2022,2023,2024",4,True,True,True,True,4
0001681169,"2021,2022,2023,2024",4,True,True,True,True,4
0001681206,"2021,2022,2023,2024",4,True,True,True,True,4
0001681459,"2021,2022,2023,2024",4,True,True,True,True,4
0001681556,"2021,2022,2023,2024",10,True,True,True,True,4
0001681622,"2021,2022,2023,2024",4,True,True,True,True,4
0001681682,"2021,2022,2023,2024",4,True,True,True,True,4
0001681903,"2021,2022,2023,2024",5,True,True,True,True,4
0001681906,"2021,2022,2023,2024",4,True,True,True,True,4
0001682149,"2021,2022,2023,2024",4,True,True,True,True,4
0001682220,"2021,2022,2023,2024",4,True,True,True,True,4
0001682265,"2021,2022,2023,2024",4,True,True,True,True,4
0001682405,"2021,2022,2023,2024",4,True,True,True,True,4
0001682639,"2021,2022,2023,2024",6,True,True,True,True,4
0001682745,"2021,2022,2023,2024",6,True,True,True,True,4
0001682852,"2021,2022,2023,2024",4,True,True,True,True,4
0001682860,"2021,2022,2023,2024",4,True,True,True,True,4
0001683252,"2021,2022,2023,2024",6,True,True,True,True,4
0001683300,"2021,2022,2023,2024",4,True,True,True,True,4
0001683489,"2021,2022,2023,2024",4,True,True,True,True,4
0001683553,"2021,2022,2023,2024",4,True,True,True,True,4
0001683606,"2021,2022,2023,2024",4,True,True,True,True,4
0001683695,"2021,2022,2023,2024",4,True,True,True,True,4
0001684093,"2021,2022,2023,2024",4,True,True,True,True,4
0001684144,"2021,2022,2023,2024",4,True,True,True,True,4
0001684682,"2021,2022,2023,2024",4,True,True,True,True,4
0001685040,"2021,2022,2023,2024",4,True,True,True,True,4
0001685054,"2021,2022,2023,2024",4,True,True,True,True,4
0001685212,"2021,2022,2023,2024",4,True,True,True,True,4
0001685766,"2021,2022,2023,2024",4,True,True,True,True,4
0001685854,"2021,2022,2023,2024",4,True,True,True,True,4
0001686150,"2021,2022,2023,2024",4,True,True,True,True,4
0001686850,"2021,2022,2023,2024",4,True,True,True,True,4
0001687031,"2021,2022,2023,2024",4,True,True,True,True,4
0001687187,"2021,2022,2023,2024",6,True,True,True,True,4
0001687202,"2021,2022,2023,2024",4,True,True,True,True,4
0001687221,"2021,2022,2023,2024",5,True,True,True,True,4
0001687229,"2021,2022,2023,2024",4,True,True,True,True,4
0001687374,"2021,2022,2023,2024",5,True,True,True,True,4
0001687605,"2021,2022,2023,2024",4,True,True,True,True,4
0001687919,"2021,2022,2023,2024",5,True,True,True,True,4
0001687926,"2021,2022,2023,2024",5,True,True,True,True,4
0001687932,"2021,2022,2023,2024",4,True,True,True,True,4
0001687955,"2021,2022,2023,2024",4,True,True,True,True,4
0001688126,"2021,2022,2023,2024",4,True,True,True,True,4
0001688149,"2021,2022,2023,2024",4,True,True,True,True,4
0001688451,"2021,2022,2023,2024",4,True,True,True,True,4
0001688568,"2021,2022,2023,2024",4,True,True,True,True,4
0001688757,"2021,2022,2023,2024",4,True,True,True,True,4
0001688957,"2021,2022,2023,2024",4,True,True,True,True,4
0001689084,"2021,2022,2023,2024",4,True,True,True,True,4
0001689111,"2021,2022,2023,2024",4,True,True,True,True,4
0001689417,"2021,2022,2023,2024",4,True,True,True,True,4
0001689548,"2021,2022,2023,2024",4,True,True,True,True,4
0001689796,"2021,2022,2023,2024",4,True,True,True,True,4
0001689923,"2021,2022,2023,2024",5,True,True,True,True,4
0001690012,"2021,2022,2023,2024",4,True,True,True,True,4
0001690080,"2021,2022,2023,2024",7,True,True,True,True,4
0001690110,"2021,2022,2023,2024",4,True,True,True,True,4
0001690255,"2021,2022,2023,2024",5,True,True,True,True,4
0001690334,"2021,2022,2023,2024",4,True,True,True,True,4
0001690384,"2021,2022,2023,2024",5,True,True,True,True,4
0001690437,"2021,2022,2023,2024",5,True,True,True,True,4
0001690536,"2021,2022,2023,2024",5,True,True,True,True,4
0001690577,"2021,2022,2023,2024",4,True,True,True,True,4
0001690585,"2021,2022,2023,2024",5,True,True,True,True,4
0001690680,"2021,2022,2023,2024",8,True,True,True,True,4
0001690820,"2021,2022,2023,2024",4,True,True,True,True,4
0001690842,"2021,2022,2023,2024",4,True,True,True,True,4
0001691198,"2021,2022,2023,2024",4,True,True,True,True,4
0001691303,"2021,2022,2023,2024",5,True,True,True,True,4
0001691421,"2021,2022,2023,2024",4,True,True,True,True,4
0001691936,"2021,2022,2023,2024",4,True,True,True,True,4
0001692063,"2021,2022,2023,2024",4,True,True,True,True,4
0001692115,"2021,2022,2023,2024",4,True,True,True,True,4
0001692345,"2021,2022,2023,2024",4,True,True,True,True,4
0001692376,"2021,2022,2023,2024",4,True,True,True,True,4
0001692412,"2021,2022,2023,2024",4,True,True,True,True,4
0001692415,"2021,2022,2023,2024",4,True,True,True,True,4
0001692427,"2021,2022,2023,2024",4,True,True,True,True,4
0001692787,"2021,2022,2023,2024",5,True,True,True,True,4
0001692819,"2021,2022,2023,2024",4,True,True,True,True,4
0001692951,"2021,2022,2023,2024",5,True,True,True,True,4
0001693011,"2021,2022,2023,2024",5,True,True,True,True,4
0001693256,"2021,2022,2023,2024",4,True,True,True,True,4
0001693317,"2021,2022,2023,2024",4,True,True,True,True,4
0001693368,"2021,2022,2023,2024",4,True,True,True,True,4
0001693577,"2021,2022,2023,2024",4,True,True,True,True,4
0001693687,"2021,2022,2023,2024",5,True,True,True,True,4
0001693737,"2021,2022,2023,2024",4,True,True,True,True,4
0001694028,"2021,2022,2023,2024",4,True,True,True,True,4
0001694426,"2021,2022,2023,2024",4,True,True,True,True,4
0001694617,"2021,2022,2023,2024",4,True,True,True,True,4
0001694649,"2021,2022,2023,2024",4,True,True,True,True,4
0001695154,"2021,2022,2023,2024",4,True,True,True,True,4
0001695295,"2021,2022,2023,2024",4,True,True,True,True,4
0001695473,"2021,2022,2023,2024",4,True,True,True,True,4
0001695924,"2021,2022,2023,2024",4,True,True,True,True,4
0001695963,"2021,2022,2023,2024",4,True,True,True,True,4
0001696025,"2021,2022,2023,2024",4,True,True,True,True,4
0001696088,"2021,2022,2023,2024",4,True,True,True,True,4
0001696411,"2021,2022,2023,2024",4,True,True,True,True,4
0001696558,"2021,2022,2023,2024",5,True,True,True,True,4
0001696707,"2021,2022,2023,2024",4,True,True,True,True,4
0001697500,"2021,2022,2023,2024",4,True,True,True,True,4
0001697532,"2021,2022,2023,2024",4,True,True,True,True,4
0001697851,"2021,2022,2023,2024",4,True,True,True,True,4
0001698022,"2021,2022,2023,2024",5,True,True,True,True,4
0001698530,"2021,2022,2023,2024",5,True,True,True,True,4
0001698538,"2021,2022,2023,2024",4,True,True,True,True,4
0001698685,"2021,2022,2023,2024",4,True,True,True,True,4
0001698990,"2021,2022,2023,2024",4,True,True,True,True,4
0001698991,"2021,2022,2023,2024",5,True,True,True,True,4
0001699039,"2021,2022,2023,2024",4,True,True,True,True,4
0001699099,"2021,2022,2023,2024",4,True,True,True,True,4
0001699136,"2021,2022,2023,2024",4,True,True,True,True,4
0001699150,"2021,2022,2023,2024",4,True,True,True,True,4
0001699382,"2021,2022,2023,2024",4,True,True,True,True,4
0001699462,"2021,2022,2023,2024",4,True,True,True,True,4
0001699709,"2021,2022,2023,2024",4,True,True,True,True,4
0001700668,"2021,2022,2023,2024",4,True,True,True,True,4
0001700844,"2021,2022,2023,2024",4,True,True,True,True,4
0001700849,"2021,2022,2023,2024",4,True,True,True,True,4
0001701051,"2021,2022,2023,2024",5,True,True,True,True,4
0001701108,"2021,2022,2023,2024",5,True,True,True,True,4
0001701541,"2021,2022,2023,2024",4,True,True,True,True,4
0001701605,"2021,2022,2023,2024",4,True,True,True,True,4
0001701638,"2021,2022,2023,2024",4,True,True,True,True,4
0001701732,"2021,2022,2023,2024",4,True,True,True,True,4
0001701756,"2021,2022,2023,2024",4,True,True,True,True,4
0001701758,"2021,2022,2023,2024",6,True,True,True,True,4
0001702015,"2021,2022,2023,2024",4,True,True,True,True,4
0001702494,"2021,2022,2023,2024",4,True,True,True,True,4
0001702510,"2021,2022,2023,2024",4,True,True,True,True,4
0001702744,"2021,2022,2023,2024",5,True,True,True,True,4
0001702745,"2021,2022,2023,2024",4,True,True,True,True,4
0001702746,"2021,2022,2023,2024",5,True,True,True,True,4
0001702750,"2021,2022,2023,2024",4,True,True,True,True,4
0001702780,"2021,2022,2023,2024",5,True,True,True,True,4
0001702924,"2021,2022,2023,2024",6,True,True,True,True,4
0001703056,"2021,2022,2023,2024",5,True,True,True,True,4
0001703057,"2021,2022,2023,2024",5,True,True,True,True,4
0001703073,"2021,2022,2023,2024",6,True,True,True,True,4
0001703075,"2021,2022,2023,2024",4,True,True,True,True,4
0001703157,"2021,2022,2023,2024",6,True,True,True,True,4
0001703625,"2021,2022,2023,2024",5,True,True,True,True,4
0001703644,"2021,2022,2023,2024",4,True,True,True,True,4
0001703647,"2021,2022,2023,2024",5,True,True,True,True,4
0001703956,"2021,2022,2023,2024",5,True,True,True,True,4
0001704292,"2021,2022,2023,2024",5,True,True,True,True,4
0001704459,"2021,2022,2023,2024",4,True,True,True,True,4
0001704711,"2021,2022,2023,2024",4,True,True,True,True,4
0001704715,"2021,2022,2023,2024",4,True,True,True,True,4
0001704720,"2021,2022,2023,2024",4,True,True,True,True,4
0001704795,"2021,2022,2023,2024",4,True,True,True,True,4
0001705012,"2021,2022,2023,2024",4,True,True,True,True,4
0001705110,"2021,2022,2023,2024",5,True,True,True,True,4
0001705163,"2021,2022,2023,2024",4,True,True,True,True,4
0001705696,"2021,2022,2023,2024",4,True,True,True,True,4
0001705843,"2021,2022,2023,2024",5,True,True,True,True,4
0001705873,"2021,2022,2023,2024",4,True,True,True,True,4
0001706060,"2021,2022,2023,2024",4,True,True,True,True,4
0001706303,"2021,2022,2023,2024",4,True,True,True,True,4
0001706403,"2021,2022,2023,2024",4,True,True,True,True,4
0001706431,"2021,2022,2023,2024",4,True,True,True,True,4
0001706509,"2021,2022,2023,2024",5,True,True,True,True,4
0001706524,"2021,2022,2023,2024",5,True,True,True,True,4
0001706946,"2021,2022,2023,2024",6,True,True,True,True,4
0001707502,"2021,2022,2023,2024",4,True,True,True,True,4
0001707753,"2021,2022,2023,2024",4,True,True,True,True,4
0001707817,"2021,2022,2023,2024",6,True,True,True,True,4
0001707925,"2021,2022,2023,2024",4,True,True,True,True,4
0001708035,"2021,2022,2023,2024",4,True,True,True,True,4
0001708055,"2021,2022,2023,2024",5,True,True,True,True,4
0001708131,"2021,2022,2023,2024",4,True,True,True,True,4
0001708176,"2021,2022,2023,2024",6,True,True,True,True,4
0001708331,"2021,2022,2023,2024",6,True,True,True,True,4
0001708341,"2021,2022,2023,2024",7,True,True,True,True,4
0001708527,"2021,2022,2023,2024",4,True,True,True,True,4
0001708599,"2021,2022,2023,2024",4,True,True,True,True,4
0001708646,"2021,2022,2023,2024",4,True,True,True,True,4
0001709164,"2021,2022,2023,2024",4,True,True,True,True,4
0001709542,"2021,2022,2023,2024",4,True,True,True,True,4
0001709682,"2021,2022,2023,2024",4,True,True,True,True,4
0001709967,"2021,2022,2023,2024",4,True,True,True,True,4
0001710155,"2021,2022,2023,2024",4,True,True,True,True,4
0001710261,"2021,2022,2023,2024",5,True,True,True,True,4
0001710340,"2021,2022,2023,2024",5,True,True,True,True,4
0001710360,"2021,2022,2023,2024",4,True,True,True,True,4
0001710366,"2021,2022,2023,2024",4,True,True,True,True,4
0001710495,"2021,2022,2023,2024",4,True,True,True,True,4
0001710765,"2021,2022,2023,2024",4,True,True,True,True,4
0001710798,"2021,2022,2023,2024",5,True,True,True,True,4
0001711012,"2021,2022,2023,2024",4,True,True,True,True,4
0001711142,"2021,2022,2023,2024",5,True,True,True,True,4
0001711269,"2021,2022,2023,2024",4,True,True,True,True,4
0001711279,"2021,2022,2023,2024",4,True,True,True,True,4
0001711754,"2021,2022,2023,2024",5,True,True,True,True,4
0001711786,"2021,2022,2023,2024",4,True,True,True,True,4
0001711799,"2021,2022,2023,2024",4,True,True,True,True,4
0001711929,"2021,2022,2023,2024",4,True,True,True,True,4
0001712184,"2021,2022,2023,2024",4,True,True,True,True,4
0001712189,"2021,2022,2023,2024",5,True,True,True,True,4
0001712463,"2021,2022,2023,2024",4,True,True,True,True,4
0001713210,"2021,2022,2023,2024",6,True,True,True,True,4
0001713226,"2021,2022,2023,2024",4,True,True,True,True,4
0001713393,"2021,2022,2023,2024",4,True,True,True,True,4
0001713407,"2021,2022,2023,2024",4,True,True,True,True,4
0001713683,"2021,2022,2023,2024",4,True,True,True,True,4
0001713863,"2021,2022,2023,2024",5,True,True,True,True,4
0001714154,"2021,2022,2023,2024",4,True,True,True,True,4
0001714679,"2021,2022,2023,2024",4,True,True,True,True,4
0001714899,"2021,2022,2023,2024",4,True,True,True,True,4
0001715819,"2021,2022,2023,2024",5,True,True,True,True,4
0001715824,"2021,2022,2023,2024",4,True,True,True,True,4
0001715846,"2021,2022,2023,2024",4,True,True,True,True,4
0001715933,"2021,2022,2023,2024",5,True,True,True,True,4
0001716166,"2021,2022,2023,2024",5,True,True,True,True,4
0001716186,"2021,2022,2023,2024",4,True,True,True,True,4
0001716187,"2021,2022,2023,2024",4,True,True,True,True,4
0001716263,"2021,2022,2023,2024",4,True,True,True,True,4
0001716558,"2021,2022,2023,2024",4,True,True,True,True,4
0001716583,"2021,2022,2023,2024",6,True,True,True,True,4
0001716602,"2021,2022,2023,2024",4,True,True,True,True,4
0001716621,"2021,2022,2023,2024",5,True,True,True,True,4
0001716947,"2021,2022,2023,2024",5,True,True,True,True,4
0001717307,"2021,2022,2023,2024",4,True,True,True,True,4
0001717310,"2021,2022,2023,2024",4,True,True,True,True,4
0001717547,"2021,2022,2023,2024",4,True,True,True,True,4
0001718224,"2021,2022,2023,2024",4,True,True,True,True,4
0001718227,"2021,2022,2023,2024",4,True,True,True,True,4
0001718304,"2021,2022,2023,2024",4,True,True,True,True,4
0001718322,"2021,2022,2023,2024",4,True,True,True,True,4
0001718405,"2021,2022,2023,2024",6,True,True,True,True,4
0001718483,"2021,2022,2023,2024",4,True,True,True,True,4
0001718500,"2021,2022,2023,2024",4,True,True,True,True,4
0001718512,"2021,2022,2023,2024",4,True,True,True,True,4
0001719195,"2021,2022,2023,2024",4,True,True,True,True,4
0001719199,"2021,2022,2023,2024",4,True,True,True,True,4
0001719406,"2021,2022,2023,2024",9,True,True,True,True,4
0001719959,"2021,2022,2023,2024",4,True,True,True,True,4
0001720025,"2021,2022,2023,2024",5,True,True,True,True,4
0001720116,"2021,2022,2023,2024",4,True,True,True,True,4
0001720286,"2021,2022,2023,2024",6,True,True,True,True,4
0001720474,"2021,2022,2023,2024",4,True,True,True,True,4
0001720580,"2021,2022,2023,2024",5,True,True,True,True,4
0001720592,"2021,2022,2023,2024",7,True,True,True,True,4
0001720635,"2021,2022,2023,2024",4,True,True,True,True,4
0001720748,"2021,2022,2023,2024",5,True,True,True,True,4
0001720893,"2021,2022,2023,2024",5,True,True,True,True,4
0001720990,"2021,2022,2023,2024",5,True,True,True,True,4
0001721373,"2021,2022,2023,2024",4,True,True,True,True,4
0001721386,"2021,2022,2023,2024",7,True,True,True,True,4
0001721484,"2021,2022,2023,2024",6,True,True,True,True,4
0001721741,"2021,2022,2023,2024",6,True,True,True,True,4
0001721781,"2021,2022,2023,2024",4,True,True,True,True,4
0001721905,"2021,2022,2023,2024",4,True,True,True,True,4
0001721947,"2021,2022,2023,2024",4,True,True,True,True,4
0001722010,"2021,2022,2023,2024",4,True,True,True,True,4
0001722194,"2021,2022,2023,2024",4,True,True,True,True,4
0001722438,"2021,2022,2023,2024",5,True,True,True,True,4
0001722482,"2021,2022,2023,2024",4,True,True,True,True,4
0001722556,"2021,2022,2023,2024",5,True,True,True,True,4
0001722684,"2021,2022,2023,2024",4,True,True,True,True,4
0001722731,"2021,2022,2023,2024",8,True,True,True,True,4
0001722964,"2021,2022,2023,2024",4,True,True,True,True,4
0001723059,"2021,2022,2023,2024",4,True,True,True,True,4
0001723089,"2021,2022,2023,2024",4,True,True,True,True,4
0001723128,"2021,2022,2023,2024",4,True,True,True,True,4
0001723291,"2021,2022,2023,2024",4,True,True,True,True,4
0001723306,"2021,2022,2023,2024",4,True,True,True,True,4
0001723580,"2021,2022,2023,2024",4,True,True,True,True,4
0001723596,"2021,2022,2023,2024",5,True,True,True,True,4
0001724009,"2021,2022,2023,2024",4,True,True,True,True,4
0001724177,"2021,2022,2023,2024",4,True,True,True,True,4
0001724521,"2021,2022,2023,2024",4,True,True,True,True,4
0001724786,"2021,2022,2023,2024",4,True,True,True,True,4
0001724789,"2021,2022,2023,2024",4,True,True,True,True,4
0001724965,"2021,2022,2023,2024",5,True,True,True,True,4
0001725057,"2021,2022,2023,2024",5,True,True,True,True,4
0001725134,"2021,2022,2023,2024",9,True,True,True,True,4
0001725160,"2021,2022,2023,2024",5,True,True,True,True,4
0001725210,"2021,2022,2023,2024",4,True,True,True,True,4
0001725255,"2021,2022,2023,2024",5,True,True,True,True,4
0001725430,"2021,2022,2023,2024",7,True,True,True,True,4
0001725872,"2021,2022,2023,2024",5,True,True,True,True,4
0001725911,"2021,2022,2023,2024",4,True,True,True,True,4
0001726079,"2021,2022,2023,2024",4,True,True,True,True,4
0001726126,"2021,2022,2023,2024",5,True,True,True,True,4
0001726173,"2021,2022,2023,2024",8,True,True,True,True,4
0001726445,"2021,2022,2023,2024",4,True,True,True,True,4
0001726548,"2021,2022,2023,2024",4,True,True,True,True,4
0001726711,"2021,2022,2023,2024",8,True,True,True,True,4
0001726978,"2021,2022,2023,2024",4,True,True,True,True,4
0001727196,"2021,2022,2023,2024",4,True,True,True,True,4
0001727263,"2021,2022,2023,2024",4,True,True,True,True,4
0001727836,"2021,2022,2023,2024",4,True,True,True,True,4
0001728085,"2021,2022,2023,2024",4,True,True,True,True,4
0001728117,"2021,2022,2023,2024",4,True,True,True,True,4
0001728328,"2021,2022,2023,2024",6,True,True,True,True,4
0001728339,"2021,2022,2023,2024",4,True,True,True,True,4
0001728688,"2021,2022,2023,2024",4,True,True,True,True,4
0001728951,"2021,2022,2023,2024",4,True,True,True,True,4
0001729149,"2021,2022,2023,2024",4,True,True,True,True,4
0001729427,"2021,2022,2023,2024",8,True,True,True,True,4
0001729637,"2021,2022,2023,2024",4,True,True,True,True,4
0001729832,"2021,2022,2023,2024",4,True,True,True,True,4
0001729944,"2021,2022,2023,2024",5,True,True,True,True,4
0001729997,"2021,2022,2023,2024",4,True,True,True,True,4
0001730168,"2021,2022,2023,2024",4,True,True,True,True,4
0001730300,"2021,2022,2023,2024",4,True,True,True,True,4
0001730430,"2021,2022,2023,2024",4,True,True,True,True,4
0001730773,"2021,2022,2023,2024",4,True,True,True,True,4
0001730869,"2021,2022,2023,2024",4,True,True,True,True,4
0001730984,"2021,2022,2023,2024",5,True,True,True,True,4
0001731044,"2021,2022,2023,2024",4,True,True,True,True,4
0001731056,"2021,2022,2023,2024",4,True,True,True,True,4
0001731058,"2021,2022,2023,2024",4,True,True,True,True,4
0001731289,"2021,2022,2023,2024",8,True,True,True,True,4
0001731348,"2021,2022,2023,2024",7,True,True,True,True,4
0001731627,"2021,2022,2023,2024",4,True,True,True,True,4
0001732963,"2021,2022,2023,2024",4,True,True,True,True,4
0001733294,"2021,2022,2023,2024",4,True,True,True,True,4
0001733413,"2021,2022,2023,2024",5,True,True,True,True,4
0001733998,"2021,2022,2023,2024",4,True,True,True,True,4
0001734103,"2021,2022,2023,2024",4,True,True,True,True,4
0001734342,"2021,2022,2023,2024",4,True,True,True,True,4
0001734713,"2021,2022,2023,2024",4,True,True,True,True,4
0001735041,"2021,2022,2023,2024",5,True,True,True,True,4
0001735092,"2021,2022,2023,2024",4,True,True,True,True,4
0001735438,"2021,2022,2023,2024",4,True,True,True,True,4
0001735646,"2021,2022,2023,2024",4,True,True,True,True,4
0001735707,"2021,2022,2023,2024",4,True,True,True,True,4
0001735733,"2021,2022,2023,2024",4,True,True,True,True,4
0001736035,"2021,2022,2023,2024",4,True,True,True,True,4
0001736659,"2021,2022,2023,2024",4,True,True,True,True,4
0001736862,"2021,2022,2023,2024",4,True,True,True,True,4
0001736946,"2021,2022,2023,2024",4,True,True,True,True,4
0001737193,"2021,2022,2023,2024",6,True,True,True,True,4
0001737287,"2021,2022,2023,2024",5,True,True,True,True,4
0001737523,"2021,2022,2023,2024",6,True,True,True,True,4
0001737924,"2021,2022,2023,2024",4,True,True,True,True,4
0001737927,"2021,2022,2023,2024",4,True,True,True,True,4
0001737953,"2021,2022,2023,2024",4,True,True,True,True,4
0001738021,"2021,2022,2023,2024",4,True,True,True,True,4
0001738177,"2021,2022,2023,2024",4,True,True,True,True,4
0001739104,"2021,2022,2023,2024",4,True,True,True,True,4
0001739174,"2021,2022,2023,2024",5,True,True,True,True,4
0001739423,"2021,2022,2023,2024",4,True,True,True,True,4
0001739445,"2021,2022,2023,2024",4,True,True,True,True,4
0001739566,"2021,2022,2023,2024",5,True,True,True,True,4
0001739614,"2021,2022,2023,2024",4,True,True,True,True,4
0001739940,"2021,2022,2023,2024",4,True,True,True,True,4
0001739942,"2021,2022,2023,2024",4,True,True,True,True,4
0001740040,"2021,2022,2023,2024",4,True,True,True,True,4
0001740332,"2021,2022,2023,2024",4,True,True,True,True,4
0001740450,"2021,2022,2023,2024",4,True,True,True,True,4
0001740797,"2021,2022,2023,2024",7,True,True,True,True,4
0001740849,"2021,2022,2023,2024",4,True,True,True,True,4
0001741489,"2021,2022,2023,2024",6,True,True,True,True,4
0001741690,"2021,2022,2023,2024",4,True,True,True,True,4
0001741830,"2021,2022,2023,2024",5,True,True,True,True,4
0001742313,"2021,2022,2023,2024",4,True,True,True,True,4
0001742373,"2021,2022,2023,2024",4,True,True,True,True,4
0001742383,"2021,2022,2023,2024",4,True,True,True,True,4
0001742927,"2021,2022,2023,2024",6,True,True,True,True,4
0001743415,"2021,2022,2023,2024",4,True,True,True,True,4
0001743725,"2021,2022,2023,2024",8,True,True,True,True,4
0001743745,"2021,2022,2023,2024",7,True,True,True,True,4
0001743759,"2021,2022,2023,2024",4,True,True,True,True,4
0001743881,"2021,2022,2023,2024",4,True,True,True,True,4
0001744489,"2021,2022,2023,2024",6,True,True,True,True,4
0001744494,"2021,2022,2023,2024",5,True,True,True,True,4
0001744659,"2021,2022,2023,2024",5,True,True,True,True,4
0001744707,"2021,2022,2023,2024",4,True,True,True,True,4
0001744982,"2021,2022,2023,2024",4,True,True,True,True,4
0001745078,"2021,2022,2023,2024",4,True,True,True,True,4
0001745511,"2021,2022,2023,2024",4,True,True,True,True,4
0001745529,"2021,2022,2023,2024",4,True,True,True,True,4
0001745916,"2021,2022,2023,2024",4,True,True,True,True,4
0001745999,"2021,2022,2023,2024",4,True,True,True,True,4
0001746109,"2021,2022,2023,2024",4,True,True,True,True,4
0001746119,"2021,2022,2023,2024",4,True,True,True,True,4
0001746129,"2021,2022,2023,2024",4,True,True,True,True,4
0001746278,"2021,2022,2023,2024",8,True,True,True,True,4
0001746406,"2021,2022,2023,2024",4,True,True,True,True,4
0001746466,"2021,2022,2023,2024",4,True,True,True,True,4
0001746473,"2021,2022,2023,2024",6,True,True,True,True,4
0001746618,"2021,2022,2023,2024",4,True,True,True,True,4
0001747009,"2021,2022,2023,2024",4,True,True,True,True,4
0001747068,"2021,2022,2023,2024",4,True,True,True,True,4
0001747079,"2021,2022,2023,2024",5,True,True,True,True,4
0001747172,"2021,2022,2023,2024",4,True,True,True,True,4
0001747777,"2021,2022,2023,2024",4,True,True,True,True,4
0001748790,"2021,2022,2023,2024",4,True,True,True,True,4
0001748824,"2021,2022,2023,2024",4,True,True,True,True,4
0001748940,"2021,2022,2023,2024",4,True,True,True,True,4
0001749360,"2021,2022,2023,2024",4,True,True,True,True,4
0001749723,"2021,2022,2023,2024",4,True,True,True,True,4
0001749973,"2021,2022,2023,2024",4,True,True,True,True,4
0001750106,"2021,2022,2023,2024",4,True,True,True,True,4
0001750149,"2021,2022,2023,2024",5,True,True,True,True,4
0001750153,"2021,2022,2023,2024",5,True,True,True,True,4
0001750284,"2021,2022,2023,2024",4,True,True,True,True,4
0001750735,"2021,2022,2023,2024",4,True,True,True,True,4
0001750777,"2021,2022,2023,2024",7,True,True,True,True,4
0001751707,"2021,2022,2023,2024",7,True,True,True,True,4
0001751743,"2021,2022,2023,2024",4,True,True,True,True,4
0001751783,"2021,2022,2023,2024",4,True,True,True,True,4
0001751788,"2021,2022,2023,2024",4,True,True,True,True,4
0001751874,"2021,2022,2023,2024",4,True,True,True,True,4
0001752036,"2021,2022,2023,2024",4,True,True,True,True,4
0001752363,"2021,2022,2023,2024",4,True,True,True,True,4
0001752372,"2021,2022,2023,2024",4,True,True,True,True,4
0001752474,"2021,2022,2023,2024",4,True,True,True,True,4
0001752594,"2021,2022,2023,2024",4,True,True,True,True,4
0001752828,"2021,2022,2023,2024",6,True,True,True,True,4
0001753162,"2021,2022,2023,2024",9,True,True,True,True,4
0001753233,"2021,2022,2023,2024",4,True,True,True,True,4
0001753373,"2021,2022,2023,2024",4,True,True,True,True,4
0001753539,"2021,2022,2023,2024",8,True,True,True,True,4
0001753706,"2021,2022,2023,2024",6,True,True,True,True,4
0001754068,"2021,2022,2023,2024",5,True,True,True,True,4
0001754170,"2021,2022,2023,2024",7,True,True,True,True,4
0001754195,"2021,2022,2023,2024",6,True,True,True,True,4
0001754301,"2021,2022,2023,2024",4,True,True,True,True,4
0001754820,"2021,2022,2023,2024",6,True,True,True,True,4
0001754913,"2021,2022,2023,2024",4,True,True,True,True,4
0001755101,"2021,2022,2023,2024",5,True,True,True,True,4
0001755237,"2021,2022,2023,2024",5,True,True,True,True,4
0001755672,"2021,2022,2023,2024",4,True,True,True,True,4
0001756180,"2021,2022,2023,2024",8,True,True,True,True,4
0001756262,"2021,2022,2023,2024",4,True,True,True,True,4
0001756271,"2021,2022,2023,2024",4,True,True,True,True,4
0001757018,"2021,2022,2023,2024",4,True,True,True,True,4
0001757073,"2021,2022,2023,2024",4,True,True,True,True,4
0001757715,"2021,2022,2023,2024",7,True,True,True,True,4
0001757898,"2021,2022,2023,2024",4,True,True,True,True,4
0001757925,"2021,2022,2023,2024",4,True,True,True,True,4
0001757928,"2021,2022,2023,2024",4,True,True,True,True,4
0001758009,"2021,2022,2023,2024",8,True,True,True,True,4
0001758057,"2021,2022,2023,2024",4,True,True,True,True,4
0001758292,"2021,2022,2023,2024",4,True,True,True,True,4
0001758488,"2021,2022,2023,2024",5,True,True,True,True,4
0001758730,"2021,2022,2023,2024",4,True,True,True,True,4
0001758766,"2021,2022,2023,2024",5,True,True,True,True,4
0001758882,"2021,2022,2023,2024",4,True,True,True,True,4
0001758901,"2021,2022,2023,2024",4,True,True,True,True,4
0001759138,"2021,2022,2023,2024",4,True,True,True,True,4
0001759186,"2021,2022,2023,2024",8,True,True,True,True,4
0001759425,"2021,2022,2023,2024",4,True,True,True,True,4
0001759509,"2021,2022,2023,2024",5,True,True,True,True,4
0001759546,"2021,2022,2023,2024",5,True,True,True,True,4
0001759631,"2021,2022,2023,2024",5,True,True,True,True,4
0001759774,"2021,2022,2023,2024",5,True,True,True,True,4
0001759824,"2021,2022,2023,2024",4,True,True,True,True,4
0001760026,"2021,2022,2023,2024",4,True,True,True,True,4
0001760337,"2021,2022,2023,2024",4,True,True,True,True,4
0001760542,"2021,2022,2023,2024",5,True,True,True,True,4
0001760689,"2021,2022,2023,2024",5,True,True,True,True,4
0001760903,"2021,2022,2023,2024",4,True,True,True,True,4
0001760965,"2021,2022,2023,2024",5,True,True,True,True,4
0001761312,"2021,2022,2023,2024",4,True,True,True,True,4
0001761534,"2021,2022,2023,2024",4,True,True,True,True,4
0001761612,"2021,2022,2023,2024",4,True,True,True,True,4
0001762239,"2021,2022,2023,2024",5,True,True,True,True,4
0001762359,"2021,2022,2023,2024",5,True,True,True,True,4
0001762569,"2021,2022,2023,2024",4,True,True,True,True,4
0001763001,"2021,2022,2023,2024",4,True,True,True,True,4
0001763207,"2021,2022,2023,2024",4,True,True,True,True,4
0001763329,"2021,2022,2023,2024",6,True,True,True,True,4
0001763333,"2021,2022,2023,2024",5,True,True,True,True,4
0001763501,"2021,2022,2023,2024",4,True,True,True,True,4
0001763502,"2021,2022,2023,2024",4,True,True,True,True,4
0001763660,"2021,2022,2023,2024",6,True,True,True,True,4
0001763925,"2021,2022,2023,2024",5,True,True,True,True,4
0001763950,"2021,2022,2023,2024",4,True,True,True,True,4
0001764013,"2021,2022,2023,2024",4,True,True,True,True,4
0001764046,"2021,2022,2023,2024",7,True,True,True,True,4
0001764759,"2021,2022,2023,2024",4,True,True,True,True,4
0001765048,"2021,2022,2023,2024",4,True,True,True,True,4
0001765651,"2021,2022,2023,2024",4,True,True,True,True,4
0001766037,"2021,2022,2023,2024",4,True,True,True,True,4
0001766267,"2021,2022,2023,2024",4,True,True,True,True,4
0001766367,"2021,2022,2023,2024",4,True,True,True,True,4
0001766368,"2021,2022,2023,2024",6,True,True,True,True,4
0001766400,"2021,2022,2023,2024",4,True,True,True,True,4
0001766502,"2021,2022,2023,2024",5,True,True,True,True,4
0001766526,"2021,2022,2023,2024",5,True,True,True,True,4
0001766660,"2021,2022,2023,2024",4,True,True,True,True,4
0001767258,"2021,2022,2023,2024",5,True,True,True,True,4
0001767837,"2021,2022,2023,2024",4,True,True,True,True,4
0001768224,"2021,2022,2023,2024",4,True,True,True,True,4
0001768267,"2021,2022,2023,2024",4,True,True,True,True,4
0001769322,"2021,2022,2023,2024",4,True,True,True,True,4
0001769617,"2021,2022,2023,2024",4,True,True,True,True,4
0001769624,"2021,2022,2023,2024",5,True,True,True,True,4
0001769663,"2021,2022,2023,2024",5,True,True,True,True,4
0001769804,"2021,2022,2023,2024",7,True,True,True,True,4
0001769961,"2021,2022,2023,2024",5,True,True,True,True,4
0001770121,"2021,2022,2023,2024",4,True,True,True,True,4
0001770141,"2021,2022,2023,2024",7,True,True,True,True,4
0001770236,"2021,2022,2023,2024",4,True,True,True,True,4
0001770450,"2021,2022,2023,2024",4,True,True,True,True,4
0001770561,"2021,2022,2023,2024",4,True,True,True,True,4
0001770572,"2021,2022,2023,2024",4,True,True,True,True,4
0001770787,"2021,2022,2023,2024",5,True,True,True,True,4
0001771200,"2021,2022,2023,2024",4,True,True,True,True,4
0001771501,"2021,2022,2023,2024",6,True,True,True,True,4
0001771515,"2021,2022,2023,2024",5,True,True,True,True,4
0001771706,"2021,2022,2023,2024",7,True,True,True,True,4
0001771917,"2021,2022,2023,2024",5,True,True,True,True,4
0001772016,"2021,2022,2023,2024",5,True,True,True,True,4
0001772177,"2021,2022,2023,2024",4,True,True,True,True,4
0001772527,"2021,2022,2023,2024",4,True,True,True,True,4
0001772695,"2021,2022,2023,2024",4,True,True,True,True,4
0001772704,"2021,2022,2023,2024",4,True,True,True,True,4
0001772720,"2021,2022,2023,2024",6,True,True,True,True,4
0001772921,"2021,2022,2023,2024",4,True,True,True,True,4
0001773056,"2021,2022,2023,2024",4,True,True,True,True,4
0001773339,"2021,2022,2023,2024",4,True,True,True,True,4
0001773383,"2021,2022,2023,2024",4,True,True,True,True,4
0001773427,"2021,2022,2023,2024",4,True,True,True,True,4
0001773751,"2021,2022,2023,2024",6,True,True,True,True,4
0001774170,"2021,2022,2023,2024",8,True,True,True,True,4
0001774675,"2021,2022,2023,2024",7,True,True,True,True,4
0001774801,"2021,2022,2023,2024",4,True,True,True,True,4
0001774962,"2021,2022,2023,2024",4,True,True,True,True,4
0001775098,"2021,2022,2023,2024",4,True,True,True,True,4
0001775194,"2021,2022,2023,2024",4,True,True,True,True,4
0001775756,"2021,2022,2023,2024",4,True,True,True,True,4
0001776086,"2021,2022,2023,2024",5,True,True,True,True,4
0001776661,"2021,2022,2023,2024",5,True,True,True,True,4
0001776721,"2021,2022,2023,2024",4,True,True,True,True,4
0001776909,"2021,2022,2023,2024",5,True,True,True,True,4
0001777319,"2021,2022,2023,2024",5,True,True,True,True,4
0001777393,"2021,2022,2023,2024",5,True,True,True,True,4
0001777835,"2021,2022,2023,2024",6,True,True,True,True,4
0001777921,"2021,2022,2023,2024",6,True,True,True,True,4
0001777946,"2021,2022,2023,2024",5,True,True,True,True,4
0001778232,"2021,2022,2023,2024",4,True,True,True,True,4
0001778749,"2021,2022,2023,2024",4,True,True,True,True,4
0001778784,"2021,2022,2023,2024",4,True,True,True,True,4
0001779020,"2021,2022,2023,2024",5,True,True,True,True,4
0001779474,"2021,2022,2023,2024",6,True,True,True,True,4
0001779523,"2021,2022,2023,2024",4,True,True,True,True,4
0001780131,"2021,2022,2023,2024",4,True,True,True,True,4
0001780312,"2021,2022,2023,2024",7,True,True,True,True,4
0001780678,"2021,2022,2023,2024",4,True,True,True,True,4
0001780859,"2021,2022,2023,2024",4,True,True,True,True,4
0001781089,"2021,2022,2023,2024",4,True,True,True,True,4
0001781162,"2021,2022,2023,2024",6,True,True,True,True,4
0001781335,"2021,2022,2023,2024",4,True,True,True,True,4
0001781726,"2021,2022,2023,2024",4,True,True,True,True,4
0001781755,"2021,2022,2023,2024",4,True,True,True,True,4
0001781870,"2021,2022,2023,2024",4,True,True,True,True,4
0001781983,"2021,2022,2023,2024",6,True,True,True,True,4
0001782003,"2021,2022,2023,2024",4,True,True,True,True,4
0001782524,"2021,2022,2023,2024",4,True,True,True,True,4
0001782754,"2021,2022,2023,2024",6,True,True,True,True,4
0001783180,"2021,2022,2023,2024",4,True,True,True,True,4
0001783183,"2021,2022,2023,2024",5,True,True,True,True,4
0001783287,"2021,2022,2023,2024",4,True,True,True,True,4
0001783398,"2021,2022,2023,2024",4,True,True,True,True,4
0001783875,"2021,2022,2023,2024",5,True,True,True,True,4
0001784058,"2021,2022,2023,2024",8,True,True,True,True,4
0001784254,"2021,2022,2023,2024",5,True,True,True,True,4
0001784535,"2021,2022,2023,2024",5,True,True,True,True,4
0001784564,"2021,2022,2023,2024",4,True,True,True,True,4
0001784567,"2021,2022,2023,2024",6,True,True,True,True,4
0001784851,"2021,2022,2023,2024",8,True,True,True,True,4
0001784958,"2021,2022,2023,2024",4,True,True,True,True,4
0001784970,"2021,2022,2023,2024",6,True,True,True,True,4
0001785173,"2021,2022,2023,2024",4,True,True,True,True,4
0001785345,"2021,2022,2023,2024",5,True,True,True,True,4
0001785424,"2021,2022,2023,2024",5,True,True,True,True,4
0001785493,"2021,2022,2023,2024",6,True,True,True,True,4
0001785494,"2021,2022,2023,2024",5,True,True,True,True,4
0001785592,"2021,2022,2023,2024",11,True,True,True,True,4
0001785812,"2021,2022,2023,2024",4,True,True,True,True,4
0001785881,"2021,2022,2023,2024",4,True,True,True,True,4
0001786008,"2021,2022,2023,2024",4,True,True,True,True,4
0001786108,"2021,2022,2023,2024",5,True,True,True,True,4
0001786117,"2021,2022,2023,2024",4,True,True,True,True,4
0001786248,"2021,2022,2023,2024",4,True,True,True,True,4
0001786352,"2021,2022,2023,2024",5,True,True,True,True,4
0001786431,"2021,2022,2023,2024",4,True,True,True,True,4
0001786842,"2021,2022,2023,2024",4,True,True,True,True,4
0001787000,"2021,2022,2023,2024",4,True,True,True,True,4
0001787001,"2021,2022,2023,2024",4,True,True,True,True,4
0001787297,"2021,2022,2023,2024",4,True,True,True,True,4
0001787306,"2021,2022,2023,2024",6,True,True,True,True,4
0001787400,"2021,2022,2023,2024",4,True,True,True,True,4
0001787414,"2021,2022,2023,2024",5,True,True,True,True,4
0001787490,"2021,2022,2023,2024",4,True,True,True,True,4
0001787518,"2021,2022,2023,2024",5,True,True,True,True,4
0001787912,"2021,2022,2023,2024",4,True,True,True,True,4
0001788028,"2021,2022,2023,2024",6,True,True,True,True,4
0001788841,"2021,2022,2023,2024",5,True,True,True,True,4
0001788882,"2021,2022,2023,2024",4,True,True,True,True,4
0001789029,"2021,2022,2023,2024",6,True,True,True,True,4
0001789192,"2021,2022,2023,2024",4,True,True,True,True,4
0001789307,"2021,2022,2023,2024",4,True,True,True,True,4
0001789356,"2021,2022,2023,2024",4,True,True,True,True,4
0001789832,"2021,2022,2023,2024",4,True,True,True,True,4
0001789954,"2021,2022,2023,2024",4,True,True,True,True,4
0001789972,"2021,2022,2023,2024",4,True,True,True,True,4
0001790013,"2021,2022,2023,2024",4,True,True,True,True,4
0001790441,"2021,2022,2023,2024",4,True,True,True,True,4
0001791183,"2021,2022,2023,2024",4,True,True,True,True,4
0001791239,"2021,2022,2023,2024",4,True,True,True,True,4
0001791295,"2021,2022,2023,2024",4,True,True,True,True,4
0001792044,"2021,2022,2023,2024",8,True,True,True,True,4
0001792157,"2021,2022,2023,2024",4,True,True,True,True,4
0001792158,"2021,2022,2023,2024",4,True,True,True,True,4
0001792414,"2021,2022,2023,2024",4,True,True,True,True,4
0001792509,"2021,2022,2023,2024",4,True,True,True,True,4
0001792580,"2021,2022,2023,2024",4,True,True,True,True,4
0001792581,"2021,2022,2023,2024",7,True,True,True,True,4
0001792789,"2021,2022,2023,2024",4,True,True,True,True,4
0001792849,"2021,2022,2023,2024",4,True,True,True,True,4
0001792905,"2021,2022,2023,2024",4,True,True,True,True,4
0001792941,"2021,2022,2023,2024",5,True,True,True,True,4
0001793165,"2021,2022,2023,2024",4,True,True,True,True,4
0001793229,"2021,2022,2023,2024",5,True,True,True,True,4
0001793651,"2021,2022,2023,2024",4,True,True,True,True,4
0001793659,"2021,2022,2023,2024",6,True,True,True,True,4
0001793744,"2021,2022,2023,2024",4,True,True,True,True,4
0001793856,"2021,2022,2023,2024",4,True,True,True,True,4
0001794303,"2021,2022,2023,2024",4,True,True,True,True,4
0001794515,"2021,2022,2023,2024",5,True,True,True,True,4
0001794669,"2021,2022,2023,2024",5,True,True,True,True,4
0001794776,"2021,2022,2023,2024",4,True,True,True,True,4
0001794783,"2021,2022,2023,2024",5,True,True,True,True,4
0001794942,"2021,2022,2023,2024",4,True,True,True,True,4
0001795139,"2021,2022,2023,2024",7,True,True,True,True,4
0001795250,"2021,2022,2023,2024",5,True,True,True,True,4
0001795938,"2021,2022,2023,2024",5,True,True,True,True,4
0001796022,"2021,2022,2023,2024",4,True,True,True,True,4
0001796129,"2021,2022,2023,2024",5,True,True,True,True,4
0001796209,"2021,2022,2023,2024",5,True,True,True,True,4
0001796280,"2021,2022,2023,2024",4,True,True,True,True,4
0001796949,"2021,2022,2023,2024",5,True,True,True,True,4
0001797056,"2021,2022,2023,2024",4,True,True,True,True,4
0001797288,"2021,2022,2023,2024",4,True,True,True,True,4
0001797679,"2021,2022,2023,2024",4,True,True,True,True,4
0001797768,"2021,2022,2023,2024",5,True,True,True,True,4
0001798100,"2021,2022,2023,2024",4,True,True,True,True,4
0001798270,"2021,2022,2023,2024",4,True,True,True,True,4
0001798272,"2021,2022,2023,2024",4,True,True,True,True,4
0001798388,"2021,2022,2023,2024",4,True,True,True,True,4
0001798458,"2021,2022,2023,2024",4,True,True,True,True,4
0001798562,"2021,2022,2023,2024",6,True,True,True,True,4
0001799191,"2021,2022,2023,2024",8,True,True,True,True,4
0001799208,"2021,2022,2023,2024",4,True,True,True,True,4
0001799332,"2021,2022,2023,2024",5,True,True,True,True,4
0001799385,"2021,2022,2023,2024",4,True,True,True,True,4
0001799448,"2021,2022,2023,2024",4,True,True,True,True,4
0001799463,"2021,2022,2023,2024",4,True,True,True,True,4
0001799788,"2021,2022,2023,2024",5,True,True,True,True,4
0001800227,"2021,2022,2023,2024",4,True,True,True,True,4
0001800294,"2021,2022,2023,2024",4,True,True,True,True,4
0001800315,"2021,2022,2023,2024",4,True,True,True,True,4
0001800347,"2021,2022,2023,2024",6,True,True,True,True,4
0001800373,"2021,2022,2023,2024",5,True,True,True,True,4
0001800398,"2021,2022,2023,2024",4,True,True,True,True,4
0001800637,"2021,2022,2023,2024",5,True,True,True,True,4
0001800667,"2021,2022,2023,2024",4,True,True,True,True,4
0001800682,"2021,2022,2023,2024",6,True,True,True,True,4
0001801169,"2021,2022,2023,2024",4,True,True,True,True,4
0001801170,"2021,2022,2023,2024",4,True,True,True,True,4
0001801338,"2021,2022,2023,2024",4,True,True,True,True,4
0001801368,"2021,2022,2023,2024",4,True,True,True,True,4
0001801390,"2021,2022,2023,2024",4,True,True,True,True,4
0001801661,"2021,2022,2023,2024",5,True,True,True,True,4
0001801738,"2021,2022,2023,2024",5,True,True,True,True,4
0001802215,"2021,2022,2023,2024",4,True,True,True,True,4
0001802450,"2021,2022,2023,2024",7,True,True,True,True,4
0001802457,"2021,2022,2023,2024",6,True,True,True,True,4
0001802665,"2021,2022,2023,2024",5,True,True,True,True,4
0001802768,"2021,2022,2023,2024",4,True,True,True,True,4
0001802974,"2021,2022,2023,2024",5,True,True,True,True,4
0001803096,"2021,2022,2023,2024",5,True,True,True,True,4
0001803308,"2021,2022,2023,2024",4,True,True,True,True,4
0001803498,"2021,2022,2023,2024",4,True,True,True,True,4
0001803599,"2021,2022,2023,2024",4,True,True,True,True,4
0001803696,"2021,2022,2023,2024",4,True,True,True,True,4
0001803702,"2021,2022,2023,2024",4,True,True,True,True,4
0001803858,"2021,2022,2023,2024",4,True,True,True,True,4
0001803901,"2021,2022,2023,2024",6,True,True,True,True,4
0001803914,"2021,2022,2023,2024",5,True,True,True,True,4
0001803977,"2021,2022,2023,2024",5,True,True,True,True,4
0001804176,"2021,2022,2023,2024",7,True,True,True,True,4
0001804591,"2021,2022,2023,2024",6,True,True,True,True,4
0001804745,"2021,2022,2023,2024",5,True,True,True,True,4
0001805077,"2021,2022,2023,2024",5,True,True,True,True,4
0001805284,"2021,2022,2023,2024",4,True,True,True,True,4
0001805385,"2021,2022,2023,2024",5,True,True,True,True,4
0001805387,"2021,2022,2023,2024",6,True,True,True,True,4
0001805521,"2021,2022,2023,2024",8,True,True,True,True,4
0001805616,"2021,2022,2023,2024",4,True,True,True,True,4
0001805651,"2021,2022,2023,2024",6,True,True,True,True,4
0001805833,"2021,2022,2023,2024",8,True,True,True,True,4
0001805890,"2021,2022,2023,2024",5,True,True,True,True,4
0001806152,"2021,2022,2023,2024",4,True,True,True,True,4
0001806201,"2021,2022,2023,2024",4,True,True,True,True,4
0001806310,"2021,2022,2023,2024",5,True,True,True,True,4
0001806837,"2021,2022,2023,2024",4,True,True,True,True,4
0001806931,"2021,2022,2023,2024",4,True,True,True,True,4
0001806944,"2021,2022,2023,2024",4,True,True,True,True,4
0001807166,"2021,2022,2023,2024",5,True,True,True,True,4
0001807427,"2021,2022,2023,2024",4,True,True,True,True,4
0001807634,"2021,2022,2023,2024",4,True,True,True,True,4
0001807765,"2021,2022,2023,2024",7,True,True,True,True,4
0001807846,"2021,2022,2023,2024",6,True,True,True,True,4
0001807887,"2021,2022,2023,2024",10,True,True,True,True,4
0001807893,"2021,2022,2023,2024",4,True,True,True,True,4
0001808158,"2021,2022,2023,2024",4,True,True,True,True,4
0001808220,"2021,2022,2023,2024",4,True,True,True,True,4
0001808503,"2021,2022,2023,2024",4,True,True,True,True,4
0001808575,"2021,2022,2023,2024",4,True,True,True,True,4
0001808665,"2021,2022,2023,2024",4,True,True,True,True,4
0001808805,"2021,2022,2023,2024",4,True,True,True,True,4
0001808834,"2021,2022,2023,2024",5,True,True,True,True,4
0001808865,"2021,2022,2023,2024",4,True,True,True,True,4
0001808898,"2021,2022,2023,2024",4,True,True,True,True,4
0001808997,"2021,2022,2023,2024",4,True,True,True,True,4
0001809104,"2021,2022,2023,2024",6,True,True,True,True,4
0001809519,"2021,2022,2023,2024",4,True,True,True,True,4
0001809987,"2021,2022,2023,2024",5,True,True,True,True,4
0001810019,"2021,2022,2023,2024",4,True,True,True,True,4
0001810050,"2021,2022,2023,2024",4,True,True,True,True,4
0001810182,"2021,2022,2023,2024",4,True,True,True,True,4
0001810546,"2021,2022,2023,2024",4,True,True,True,True,4
0001810560,"2021,2022,2023,2024",6,True,True,True,True,4
0001810806,"2021,2022,2023,2024",4,True,True,True,True,4
0001811063,"2021,2022,2023,2024",6,True,True,True,True,4
0001811074,"2021,2022,2023,2024",4,True,True,True,True,4
0001811109,"2021,2022,2023,2024",6,True,True,True,True,4
0001811210,"2021,2022,2023,2024",5,True,True,True,True,4
0001811414,"2021,2022,2023,2024",7,True,True,True,True,4
0001811530,"2021,2022,2023,2024",5,True,True,True,True,4
0001811972,"2021,2022,2023,2024",4,True,True,True,True,4
0001811999,"2021,2022,2023,2024",4,True,True,True,True,4
0001812173,"2021,2022,2023,2024",5,True,True,True,True,4
0001812360,"2021,2022,2023,2024",5,True,True,True,True,4
0001812364,"2021,2022,2023,2024",4,True,True,True,True,4
0001812528,"2021,2022,2023,2024",4,True,True,True,True,4
0001812554,"2021,2022,2023,2024",4,True,True,True,True,4
0001812604,"2021,2022,2023,2024",4,True,True,True,True,4
0001812727,"2021,2022,2023,2024",5,True,True,True,True,4
0001812807,"2021,2022,2023,2024",4,True,True,True,True,4
0001813420,"2021,2022,2023,2024",4,True,True,True,True,4
0001813603,"2021,2022,2023,2024",4,True,True,True,True,4
0001813677,"2021,2022,2023,2024",4,True,True,True,True,4
0001813722,"2021,2022,2023,2024",4,True,True,True,True,4
0001813744,"2021,2022,2023,2024",5,True,True,True,True,4
0001813914,"2021,2022,2023,2024",8,True,True,True,True,4
0001814114,"2021,2022,2023,2024",5,True,True,True,True,4
0001814210,"2021,2022,2023,2024",4,True,True,True,True,4
0001814215,"2021,2022,2023,2024",10,True,True,True,True,4
0001814287,"2021,2022,2023,2024",8,True,True,True,True,4
0001814294,"2021,2022,2023,2024",4,True,True,True,True,4
0001814329,"2021,2022,2023,2024",6,True,True,True,True,4
0001814389,"2021,2022,2023,2024",4,True,True,True,True,4
0001814917,"2021,2022,2023,2024",4,True,True,True,True,4
0001814974,"2021,2022,2023,2024",4,True,True,True,True,4
0001815442,"2021,2022,2023,2024",4,True,True,True,True,4
0001815849,"2021,2022,2023,2024",5,True,True,True,True,4
0001815903,"2021,2022,2023,2024",5,True,True,True,True,4
0001815974,"2021,2022,2023,2024",4,True,True,True,True,4
0001816017,"2021,2022,2023,2024",6,True,True,True,True,4
0001816049,"2021,2022,2023,2024",4,True,True,True,True,4
0001816147,"2021,2022,2023,2024",4,True,True,True,True,4
0001816233,"2021,2022,2023,2024",5,True,True,True,True,4
0001816431,"2021,2022,2023,2024",5,True,True,True,True,4
0001816554,"2021,2022,2023,2024",4,True,True,True,True,4
0001816571,"2021,2022,2023,2024",4,True,True,True,True,4
0001816581,"2021,2022,2023,2024",5,True,True,True,True,4
0001816589,"2021,2022,2023,2024",4,True,True,True,True,4
0001816613,"2021,2022,2023,2024",5,True,True,True,True,4
0001816708,"2021,2022,2023,2024",7,True,True,True,True,4
0001816736,"2021,2022,2023,2024",4,True,True,True,True,4
0001816861,"2021,2022,2023,2024",4,True,True,True,True,4
0001817229,"2021,2022,2023,2024",4,True,True,True,True,4
0001817232,"2021,2022,2023,2024",7,True,True,True,True,4
0001817358,"2021,2022,2023,2024",4,True,True,True,True,4
0001817640,"2021,2022,2023,2024",9,True,True,True,True,4
0001817669,"2021,2022,2023,2024",4,True,True,True,True,4
0001817760,"2021,2022,2023,2024",5,True,True,True,True,4
0001817825,"2021,2022,2023,2024",4,True,True,True,True,4
0001818066,"2021,2022,2023,2024",4,True,True,True,True,4
0001818093,"2021,2022,2023,2024",6,True,True,True,True,4
0001818152,"2021,2022,2023,2024",4,True,True,True,True,4
0001818201,"2021,2022,2023,2024",5,True,True,True,True,4
0001818254,"2021,2022,2023,2024",4,True,True,True,True,4
0001818331,"2021,2022,2023,2024",5,True,True,True,True,4
0001818382,"2021,2022,2023,2024",5,True,True,True,True,4
0001818383,"2021,2022,2023,2024",4,True,True,True,True,4
0001818502,"2021,2022,2023,2024",7,True,True,True,True,4
0001818644,"2021,2022,2023,2024",5,True,True,True,True,4
0001818654,"2021,2022,2023,2024",4,True,True,True,True,4
0001818794,"2021,2022,2023,2024",4,True,True,True,True,4
0001818844,"2021,2022,2023,2024",5,True,True,True,True,4
0001818874,"2021,2022,2023,2024",6,True,True,True,True,4
0001819133,"2021,2022,2023,2024",4,True,True,True,True,4
0001819142,"2021,2022,2023,2024",4,True,True,True,True,4
0001819394,"2021,2022,2023,2024",7,True,True,True,True,4
0001819404,"2021,2022,2023,2024",5,True,True,True,True,4
0001819438,"2021,2022,2023,2024",6,True,True,True,True,4
0001819493,"2021,2022,2023,2024",5,True,True,True,True,4
0001819516,"2021,2022,2023,2024",5,True,True,True,True,4
0001819574,"2021,2022,2023,2024",5,True,True,True,True,4
0001819576,"2021,2022,2023,2024",4,True,True,True,True,4
0001819615,"2021,2022,2023,2024",5,True,True,True,True,4
0001819790,"2021,2022,2023,2024",4,True,True,True,True,4
0001819796,"2021,2022,2023,2024",5,True,True,True,True,4
0001819810,"2021,2022,2023,2024",5,True,True,True,True,4
0001819848,"2021,2022,2023,2024",5,True,True,True,True,4
0001819989,"2021,2022,2023,2024",7,True,True,True,True,4
0001819994,"2021,2022,2023,2024",5,True,True,True,True,4
0001820144,"2021,2022,2023,2024",7,True,True,True,True,4
0001820175,"2021,2022,2023,2024",4,True,True,True,True,4
0001820190,"2021,2022,2023,2024",4,True,True,True,True,4
0001820302,"2021,2022,2023,2024",6,True,True,True,True,4
0001820566,"2021,2022,2023,2024",6,True,True,True,True,4
0001820721,"2021,2022,2023,2024",5,True,True,True,True,4
0001820872,"2021,2022,2023,2024",6,True,True,True,True,4
0001820875,"2021,2022,2023,2024",8,True,True,True,True,4
0001820877,"2021,2022,2023,2024",6,True,True,True,True,4
0001820878,"2021,2022,2023,2024",5,True,True,True,True,4
0001820953,"2021,2022,2023,2024",4,True,True,True,True,4
0001821159,"2021,2022,2023,2024",5,True,True,True,True,4
0001821160,"2021,2022,2023,2024",4,True,True,True,True,4
0001821175,"2021,2022,2023,2024",4,True,True,True,True,4
0001821292,"2021,2022,2023,2024",4,True,True,True,True,4
0001821393,"2021,2022,2023,2024",5,True,True,True,True,4
0001821586,"2021,2022,2023,2024",6,True,True,True,True,4
0001821685,"2021,2022,2023,2024",4,True,True,True,True,4
0001821769,"2021,2022,2023,2024",9,True,True,True,True,4
0001821806,"2021,2022,2023,2024",4,True,True,True,True,4
0001821946,"2021,2022,2023,2024",4,True,True,True,True,4
0001822166,"2021,2022,2023,2024",4,True,True,True,True,4
0001822250,"2021,2022,2023,2024",5,True,True,True,True,4
0001822315,"2021,2022,2023,2024",4,True,True,True,True,4
0001822359,"2021,2022,2023,2024",7,True,True,True,True,4
0001822462,"2021,2022,2023,2024",6,True,True,True,True,4
0001822479,"2021,2022,2023,2024",4,True,True,True,True,4
0001822492,"2021,2022,2023,2024",5,True,True,True,True,4
0001822791,"2021,2022,2023,2024",4,True,True,True,True,4
0001822928,"2021,2022,2023,2024",6,True,True,True,True,4
0001822966,"2021,2022,2023,2024",6,True,True,True,True,4
0001823000,"2021,2022,2023,2024",7,True,True,True,True,4
0001823046,"2021,2022,2023,2024",4,True,True,True,True,4
0001823097,"2021,2022,2023,2024",4,True,True,True,True,4
0001823144,"2021,2022,2023,2024",6,True,True,True,True,4
0001823239,"2021,2022,2023,2024",4,True,True,True,True,4
0001823365,"2021,2022,2023,2024",5,True,True,True,True,4
0001823406,"2021,2022,2023,2024",4,True,True,True,True,4
0001823466,"2021,2022,2023,2024",6,True,True,True,True,4
0001823575,"2021,2022,2023,2024",6,True,True,True,True,4
0001823587,"2021,2022,2023,2024",5,True,True,True,True,4
0001823608,"2021,2022,2023,2024",4,True,True,True,True,4
0001823652,"2021,2022,2023,2024",6,True,True,True,True,4
0001823722,"2021,2022,2023,2024",4,True,True,True,True,4
0001823794,"2021,2022,2023,2024",4,True,True,True,True,4
0001823857,"2021,2022,2023,2024",8,True,True,True,True,4
0001823878,"2021,2022,2023,2024",7,True,True,True,True,4
0001823882,"2021,2022,2023,2024",5,True,True,True,True,4
0001823945,"2021,2022,2023,2024",5,True,True,True,True,4
0001824293,"2021,2022,2023,2024",4,True,True,True,True,4
0001824403,"2021,2022,2023,2024",4,True,True,True,True,4
0001824482,"2021,2022,2023,2024",4,True,True,True,True,4
0001824502,"2021,2022,2023,2024",5,True,True,True,True,4
0001824893,"2021,2022,2023,2024",6,True,True,True,True,4
0001824920,"2021,2022,2023,2024",6,True,True,True,True,4
0001825024,"2021,2022,2023,2024",5,True,True,True,True,4
0001825079,"2021,2022,2023,2024",5,True,True,True,True,4
0001825088,"2021,2022,2023,2024",4,True,True,True,True,4
0001825248,"2021,2022,2023,2024",4,True,True,True,True,4
0001825300,"2021,2022,2023,2024",4,True,True,True,True,4
0001825384,"2021,2022,2023,2024",4,True,True,True,True,4
0001825590,"2021,2022,2023,2024",4,True,True,True,True,4
0001826011,"2021,2022,2023,2024",6,True,True,True,True,4
0001826470,"2021,2022,2023,2024",4,True,True,True,True,4
0001826501,"2021,2022,2023,2024",4,True,True,True,True,4
0001826600,"2021,2022,2023,2024",4,True,True,True,True,4
0001826660,"2021,2022,2023,2024",4,True,True,True,True,4
0001826667,"2021,2022,2023,2024",6,True,True,True,True,4
0001826681,"2021,2022,2023,2024",5,True,True,True,True,4
0001826889,"2021,2022,2023,2024",6,True,True,True,True,4
0001826892,"2021,2022,2023,2024",4,True,True,True,True,4
0001827054,"2021,2022,2023,2024",4,True,True,True,True,4
0001827090,"2021,2022,2023,2024",5,True,True,True,True,4
0001827183,"2021,2022,2023,2024",4,True,True,True,True,4
0001827821,"2021,2022,2023,2024",6,True,True,True,True,4
0001828016,"2021,2022,2023,2024",4,True,True,True,True,4
0001828105,"2021,2022,2023,2024",5,True,True,True,True,4
0001828318,"2021,2022,2023,2024",5,True,True,True,True,4
0001828376,"2021,2022,2023,2024",4,True,True,True,True,4
0001828377,"2021,2022,2023,2024",7,True,True,True,True,4
0001828522,"2021,2022,2023,2024",4,True,True,True,True,4
0001828536,"2021,2022,2023,2024",4,True,True,True,True,4
0001828723,"2021,2022,2023,2024",5,True,True,True,True,4
0001828791,"2021,2022,2023,2024",4,True,True,True,True,4
0001828805,"2021,2022,2023,2024",4,True,True,True,True,4
0001828937,"2021,2022,2023,2024",5,True,True,True,True,4
0001828972,"2021,2022,2023,2024",4,True,True,True,True,4
0001829012,"2021,2022,2023,2024",4,True,True,True,True,4
0001829280,"2021,2022,2023,2024",4,True,True,True,True,4
0001829311,"2021,2022,2023,2024",4,True,True,True,True,4
0001829576,"2021,2022,2023,2024",4,True,True,True,True,4
0001829802,"2021,2022,2023,2024",5,True,True,True,True,4
0001829953,"2021,2022,2023,2024",6,True,True,True,True,4
0001830029,"2021,2022,2023,2024",5,True,True,True,True,4
0001830043,"2021,2022,2023,2024",4,True,True,True,True,4
0001830072,"2021,2022,2023,2024",4,True,True,True,True,4
0001830188,"2021,2022,2023,2024",4,True,True,True,True,4
0001830210,"2021,2022,2023,2024",6,True,True,True,True,4
0001830315,"2021,2022,2023,2024",4,True,True,True,True,4
0001830316,"2021,2022,2023,2024",4,True,True,True,True,4
0001830976,"2021,2022,2023,2024",4,True,True,True,True,4
0001831096,"2021,2022,2023,2024",4,True,True,True,True,4
0001831363,"2021,2022,2023,2024",4,True,True,True,True,4
0001831631,"2021,2022,2023,2024",6,True,True,True,True,4
0001831651,"2021,2022,2023,2024",4,True,True,True,True,4
0001831868,"2021,2022,2023,2024",7,True,True,True,True,4
0001831964,"2021,2022,2023,2024",4,True,True,True,True,4
0001831979,"2021,2022,2023,2024",5,True,True,True,True,4
0001832483,"2021,2022,2023,2024",4,True,True,True,True,4
0001832487,"2021,2022,2023,2024",4,True,True,True,True,4
0001832511,"2021,2022,2023,2024",5,True,True,True,True,4
0001832874,"2021,2022,2023,2024",4,True,True,True,True,4
0001833214,"2021,2022,2023,2024",6,True,True,True,True,4
0001833522,"2021,2022,2023,2024",4,True,True,True,True,4
0001833563,"2021,2022,2023,2024",4,True,True,True,True,4
0001833769,"2021,2022,2023,2024",4,True,True,True,True,4
0001834376,"2021,2022,2023,2024",5,True,True,True,True,4
0001834543,"2021,2022,2023,2024",5,True,True,True,True,4
0001834645,"2021,2022,2023,2024",5,True,True,True,True,4
0001835256,"2021,2022,2023,2024",6,True,True,True,True,4
0001835378,"2021,2022,2023,2024",4,True,True,True,True,4
0001835385,"2021,2022,2023,2024",4,True,True,True,True,4
0001835416,"2021,2022,2023,2024",4,True,True,True,True,4
0001836100,"2021,2022,2023,2024",4,True,True,True,True,4
0001836214,"2021,2022,2023,2024",4,True,True,True,True,4
0001836981,"2021,2022,2023,2024",6,True,True,True,True,4
0001837607,"2021,2022,2023,2024",8,True,True,True,True,4
0001838293,"2021,2022,2023,2024",4,True,True,True,True,4
0001839439,"2021,2022,2023,2024",4,True,True,True,True,4
0001840882,"2021,2022,2023,2024",4,True,True,True,True,4
0001854445,"2021,2022,2023,2024",5,True,True,True,True,4
0001868878,"2021,2022,2023,2024",5,True,True,True,True,4
0001868941,"2021,2022,2023,2024",4,True,True,True,True,4
