manifest_id,manifest_row_id,sampling_seed,selection_reason,source_window_id,cik,year,quarter,form,filename,path,sic,ff12_code,ff12_name,industry_metadata_source,source_manifest_path
expansion_2024_batch_02,dce0a7da32b5541b,20260308,quarter_round_robin,active_2021_2024,1029744,2024,1,10-K,20240104_10-K_edgar_data_1029744_0001437749-24-000616.txt,2024/QTR1/20240104_10-K_edgar_data_1029744_0001437749-24-000616.txt,,12,Other,unknown,data/manifests/filings/expansion_2024_batch_02.csv
expansion_2024_batch_04,19741dd7754c0dad,20260310,quarter_round_robin,active_2021_2024,1065280,2024,1,10-K,20240126_10-K_edgar_data_1065280_0001065280-24-000030.txt,2024/QTR1/20240126_10-K_edgar_data_1065280_0001065280-24-000030.txt,,12,Other,unknown,data/manifests/filings/expansion_2024_batch_04.csv
expansion_2024_batch_01,6fbadbd6701c8bac,20260307,quarter_round_robin,active_2021_2024,1177394,2024,1,10-K,20240126_10-K_edgar_data_1177394_0001177394-24-000014.txt,2024/QTR1/20240126_10-K_edgar_data_1177394_0001177394-24-000014.txt,5045.0,9,Shops,controls_by_firm_year,data/manifests/filings/expansion_2024_batch_01.csv
expansion_2024_batch_02,16403748b5128cc2,20260308,quarter_round_robin,active_2021_2024,1035443,2024,1,10-K,20240129_10-K_edgar_data_1035443_0001035443-24-000072.txt,2024/QTR1/20240129_10-K_edgar_data_1035443_0001035443-24-000072.txt,,12,Other,unknown,data/manifests/filings/expansion_2024_batch_02.csv
expansion_2024_batch_01,f0486686e226bcb6,20260307,quarter_round_robin,active_2021_2024,100790,2024,1,10-K,20240131_10-K_edgar_data_100790_0000029915-24-000003.txt,2024/QTR1/20240131_10-K_edgar_data_100790_0000029915-24-000003.txt,,12,Other,unknown,data/manifests/filings/expansion_2024_batch_01.csv
expansion_2024_batch_02,ac6970231a1b713c,20260308,quarter_round_robin,active_2021_2024,1035267,2024,1,10-K,20240131_10-K_edgar_data_1035267_0001035267-24-000021.txt,2024/QTR1/20240131_10-K_edgar_data_1035267_0001035267-24-000021.txt,,12,Other,unknown,data/manifests/filings/expansion_2024_batch_02.csv
expansion_2024_batch_02,bd1f13b27e22df38,20260308,quarter_round_robin,active_2021_2024,1018724,2024,1,10-K,20240202_10-K_edgar_data_1018724_0001018724-24-000008.txt,2024/QTR1/20240202_10-K_edgar_data_1018724_0001018724-24-000008.txt,,12,Other,unknown,data/manifests/filings/expansion_2024_batch_02.csv
expansion_2024_batch_02,0b49d222c6b9a0d6,20260308,quarter_round_robin,active_2021_2024,101829,2024,1,10-K,20240205_10-K_edgar_data_101829_0000101829-24-000008.txt,2024/QTR1/20240205_10-K_edgar_data_101829_0000101829-24-000008.txt,,12,Other,unknown,data/manifests/filings/expansion_2024_batch_02.csv
expansion_2024_batch_03,e02baa12a5033a79,20260309,quarter_round_robin,active_2021_2024,1043604,2024,1,10-K,20240207_10-K_edgar_data_1043604_0001043604-24-000014.txt,2024/QTR1/20240207_10-K_edgar_data_1043604_0001043604-24-000014.txt,,12,Other,unknown,data/manifests/filings/expansion_2024_batch_03.csv
expansion_2024_batch_03,a35a5742c5bd386f,20260309,quarter_round_robin,active_2021_2024,10456,2024,1,10-K,20240208_10-K_edgar_data_10456_0001628280-24-003932.txt,2024/QTR1/20240208_10-K_edgar_data_10456_0001628280-24-003932.txt,,12,Other,unknown,data/manifests/filings/expansion_2024_batch_03.csv
expansion_2024_batch_04,20ec983a2c89f00a,20260310,quarter_round_robin,active_2021_2024,1058090,2024,1,10-K,20240208_10-K_edgar_data_1058090_0001562762-24-000023.txt,2024/QTR1/20240208_10-K_edgar_data_1058090_0001562762-24-000023.txt,,12,Other,unknown,data/manifests/filings/expansion_2024_batch_04.csv
expansion_2024_batch_01,3fe8b78b681894a1,20260307,quarter_round_robin,active_2021_2024,1571949,2024,1,10-K,20240208_10-K_edgar_data_1571949_0001571949-24-000007.txt,2024/QTR1/20240208_10-K_edgar_data_1571949_0001571949-24-000007.txt,6200.0,11,Money,controls_by_firm_year,data/manifests/filings/expansion_2024_batch_01.csv
expansion_2024_batch_01,80069a25cb303586,20260307,quarter_round_robin,active_2021_2024,100122,2024,1,10-K,20240209_10-K_edgar_data_100122_0000100122-24-000002.txt,2024/QTR1/20240209_10-K_edgar_data_100122_0000100122-24-000002.txt,,12,Other,unknown,data/manifests/filings/expansion_2024_batch_01.csv
expansion_2024_batch_02,2d7dbeed170a3173,20260308,quarter_round_robin,active_2021_2024,1025996,2024,1,10-K,20240209_10-K_edgar_data_1025996_0001025996-24-000094.txt,2024/QTR1/20240209_10-K_edgar_data_1025996_0001025996-24-000094.txt,,12,Other,unknown,data/manifests/filings/expansion_2024_batch_02.csv
expansion_2024_batch_03,9a8a11e606d1f24e,20260309,quarter_round_robin,active_2021_2024,1037646,2024,1,10-K,20240209_10-K_edgar_data_1037646_0001037646-24-000007.txt,2024/QTR1/20240209_10-K_edgar_data_1037646_0001037646-24-000007.txt,,12,Other,unknown,data/manifests/filings/expansion_2024_batch_03.csv
expansion_2024_batch_03,8705f0dfe4afeb3a,20260309,quarter_round_robin,active_2021_2024,1039466,2024,1,10-K,20240209_10-K_edgar_data_1039466_0001185185-24-000148.txt,2024/QTR1/20240209_10-K_edgar_data_1039466_0001185185-24-000148.txt,,12,Other,unknown,data/manifests/filings/expansion_2024_batch_03.csv
expansion_2024_batch_03,8e1027b4eed983b9,20260309,quarter_round_robin,active_2021_2024,1040765,2024,1,10-K,20240212_10-K_edgar_data_1040765_0000899689-24-000005.txt,2024/QTR1/20240212_10-K_edgar_data_1040765_0000899689-24-000005.txt,,12,Other,unknown,data/manifests/filings/expansion_2024_batch_03.csv
expansion_2024_batch_02,ede56331e3ff734d,20260308,quarter_round_robin,active_2021_2024,1031296,2024,1,10-K,20240213_10-K_edgar_data_1031296_0001031296-24-000008.txt,2024/QTR1/20240213_10-K_edgar_data_1031296_0001031296-24-000008.txt,,12,Other,unknown,data/manifests/filings/expansion_2024_batch_02.csv
expansion_2024_batch_04,ffd0049b7d1ca40c,20260310,quarter_round_robin,active_2021_2024,1069258,2024,1,10-K,20240213_10-K_edgar_data_1069258_0001069258-24-000007.txt,2024/QTR1/20240213_10-K_edgar_data_1069258_0001069258-24-000007.txt,,12,Other,unknown,data/manifests/filings/expansion_2024_batch_04.csv
expansion_2024_batch_02,0f96d8607a9c620d,20260308,quarter_round_robin,active_2021_2024,1013857,2024,1,10-K,20240214_10-K_edgar_data_1013857_0001013857-24-000012.txt,2024/QTR1/20240214_10-K_edgar_data_1013857_0001013857-24-000012.txt,,12,Other,unknown,data/manifests/filings/expansion_2024_batch_02.csv
expansion_2024_batch_01,d968ebd11564dea8,20260307,quarter_round_robin,active_2021_2024,1021860,2024,1,10-K,20240214_10-K_edgar_data_1021860_0000950170-24-015145.txt,2024/QTR1/20240214_10-K_edgar_data_1021860_0000950170-24-015145.txt,3533.0,3,Manuf,controls_by_firm_year,data/manifests/filings/expansion_2024_batch_01.csv
expansion_2024_batch_01,dd09f96c6ebb8080,20260307,quarter_round_robin,active_2021_2024,1026214,2024,1,10-K,20240214_10-K_edgar_data_1026214_0001026214-24-000025.txt,2024/QTR1/20240214_10-K_edgar_data_1026214_0001026214-24-000025.txt,6111.0,11,Money,controls_by_firm_year,data/manifests/filings/expansion_2024_batch_01.csv
expansion_2024_batch_02,2b6419cae084981f,20260308,quarter_round_robin,active_2021_2024,1031203,2024,1,10-K,20240214_10-K_edgar_data_1031203_0001031203-24-000013.txt,2024/QTR1/20240214_10-K_edgar_data_1031203_0001031203-24-000013.txt,,12,Other,unknown,data/manifests/filings/expansion_2024_batch_02.csv
expansion_2024_batch_04,c4e42cb84e766ab7,20260310,quarter_round_robin,active_2021_2024,1054905,2024,1,10-K,20240214_10-K_edgar_data_1054905_0000950170-24-014960.txt,2024/QTR1/20240214_10-K_edgar_data_1054905_0000950170-24-014960.txt,,12,Other,unknown,data/manifests/filings/expansion_2024_batch_04.csv
expansion_2024_batch_04,398bb599b55b43c3,20260310,quarter_round_robin,active_2021_2024,1058290,2024,1,10-K,20240214_10-K_edgar_data_1058290_0001058290-24-000017.txt,2024/QTR1/20240214_10-K_edgar_data_1058290_0001058290-24-000017.txt,,12,Other,unknown,data/manifests/filings/expansion_2024_batch_04.csv
expansion_2024_batch_04,8789f669d53db57b,20260310,quarter_round_robin,active_2021_2024,1059556,2024,1,10-K,20240214_10-K_edgar_data_1059556_0001059556-24-000017.txt,2024/QTR1/20240214_10-K_edgar_data_1059556_0001059556-24-000017.txt,,12,Other,unknown,data/manifests/filings/expansion_2024_batch_04.csv
expansion_2024_batch_04,59cf310391265a02,20260310,quarter_round_robin,active_2021_2024,106640,2024,1,10-K,20240214_10-K_edgar_data_106640_0000106640-24-000020.txt,2024/QTR1/20240214_10-K_edgar_data_106640_0000106640-24-000020.txt,,12,Other,unknown,data/manifests/filings/expansion_2024_batch_04.csv
expansion_2024_batch_02,c20e4880c64bb358,20260308,quarter_round_robin,active_2021_2024,1014473,2024,1,10-K,20240215_10-K_edgar_data_1014473_0001014473-24-000006.txt,2024/QTR1/20240215_10-K_edgar_data_1014473_0001014473-24-000006.txt,,12,Other,unknown,data/manifests/filings/expansion_2024_batch_02.csv
expansion_2024_batch_02,828d1ec00e546271,20260308,quarter_round_robin,active_2021_2024,1021561,2024,1,10-K,20240215_10-K_edgar_data_1021561_0001140361-24-008111.txt,2024/QTR1/20240215_10-K_edgar_data_1021561_0001140361-24-008111.txt,,12,Other,unknown,data/manifests/filings/expansion_2024_batch_02.csv
expansion_2024_batch_03,8697518e1268e8f6,20260309,quarter_round_robin,active_2021_2024,1037676,2024,1,10-K,20240215_10-K_edgar_data_1037676_0001558370-24-001229.txt,2024/QTR1/20240215_10-K_edgar_data_1037676_0001558370-24-001229.txt,,12,Other,unknown,data/manifests/filings/expansion_2024_batch_03.csv
expansion_2024_batch_03,1be6bbefba456aa8,20260309,quarter_round_robin,active_2021_2024,1043219,2024,1,10-K,20240215_10-K_edgar_data_1043219_0001628280-24-005115.txt,2024/QTR1/20240215_10-K_edgar_data_1043219_0001628280-24-005115.txt,,12,Other,unknown,data/manifests/filings/expansion_2024_batch_03.csv
expansion_2024_batch_03,23293bcbab40da92,20260309,quarter_round_robin,active_2021_2024,1047862,2024,1,10-K,20240215_10-K_edgar_data_1047862_0001047862-24-000012.txt,2024/QTR1/20240215_10-K_edgar_data_1047862_0001047862-24-000012.txt,,12,Other,unknown,data/manifests/filings/expansion_2024_batch_03.csv
expansion_2024_batch_03,96cd4ae986ccb42b,20260309,quarter_round_robin,active_2021_2024,1050446,2024,1,10-K,20240215_10-K_edgar_data_1050446_0000950170-24-015847.txt,2024/QTR1/20240215_10-K_edgar_data_1050446_0000950170-24-015847.txt,,12,Other,unknown,data/manifests/filings/expansion_2024_batch_03.csv
expansion_2024_batch_04,076f465ad91b2ef9,20260310,quarter_round_robin,active_2021_2024,1052752,2024,1,10-K,20240215_10-K_edgar_data_1052752_0000950170-24-015982.txt,2024/QTR1/20240215_10-K_edgar_data_1052752_0000950170-24-015982.txt,,12,Other,unknown,data/manifests/filings/expansion_2024_batch_04.csv
expansion_2024_batch_01,cbd2094e18ca43d0,20260307,quarter_round_robin,active_2021_2024,1004434,2024,1,10-K,20240216_10-K_edgar_data_1004434_0001004434-24-000010.txt,2024/QTR1/20240216_10-K_edgar_data_1004434_0001004434-24-000010.txt,,12,Other,unknown,data/manifests/filings/expansion_2024_batch_01.csv
expansion_2024_batch_01,905bba4e6dff169e,20260307,quarter_round_robin,active_2021_2024,1005757,2024,1,10-K,20240216_10-K_edgar_data_1005757_0000950170-24-016286.txt,2024/QTR1/20240216_10-K_edgar_data_1005757_0000950170-24-016286.txt,,12,Other,unknown,data/manifests/filings/expansion_2024_batch_01.csv
expansion_2024_batch_02,c6720247926297dc,20260308,quarter_round_robin,active_2021_2024,1019849,2024,1,10-K,20240216_10-K_edgar_data_1019849_0001019849-24-000033.txt,2024/QTR1/20240216_10-K_edgar_data_1019849_0001019849-24-000033.txt,,12,Other,unknown,data/manifests/filings/expansion_2024_batch_02.csv
expansion_2024_batch_02,c43e8f5344078c81,20260308,quarter_round_robin,active_2021_2024,103145,2024,1,10-K,20240216_10-K_edgar_data_103145_0001558370-24-001289.txt,2024/QTR1/20240216_10-K_edgar_data_103145_0001558370-24-001289.txt,,12,Other,unknown,data/manifests/filings/expansion_2024_batch_02.csv
expansion_2024_batch_03,b762a666192b8aa3,20260309,quarter_round_robin,active_2021_2024,1043277,2024,1,10-K,20240216_10-K_edgar_data_1043277_0001043277-24-000011.txt,2024/QTR1/20240216_10-K_edgar_data_1043277_0001043277-24-000011.txt,,12,Other,unknown,data/manifests/filings/expansion_2024_batch_03.csv
expansion_2024_batch_03,a6027a515d589f75,20260309,quarter_round_robin,active_2021_2024,1047127,2024,1,10-K,20240216_10-K_edgar_data_1047127_0001047127-24-000019.txt,2024/QTR1/20240216_10-K_edgar_data_1047127_0001047127-24-000019.txt,,12,Other,unknown,data/manifests/filings/expansion_2024_batch_03.csv
expansion_2024_batch_04,bcf6fcf1e29491c5,20260310,quarter_round_robin,active_2021_2024,1051512,2024,1,10-K,20240216_10-K_edgar_data_1051512_0001051512-24-000010.txt,2024/QTR1/20240216_10-K_edgar_data_1051512_0001051512-24-000010.txt,,12,Other,unknown,data/manifests/filings/expansion_2024_batch_04.csv
expansion_2024_batch_04,b7af3367add95842,20260310,quarter_round_robin,active_2021_2024,1062231,2024,1,10-K,20240216_10-K_edgar_data_1062231_0001062231-24-000007.txt,2024/QTR1/20240216_10-K_edgar_data_1062231_0001062231-24-000007.txt,,12,Other,unknown,data/manifests/filings/expansion_2024_batch_04.csv
expansion_2024_batch_04,1b9d98ad25812a2c,20260310,quarter_round_robin,active_2021_2024,106535,2024,1,10-K,20240216_10-K_edgar_data_106535_0000950170-24-016434.txt,2024/QTR1/20240216_10-K_edgar_data_106535_0000950170-24-016434.txt,,12,Other,unknown,data/manifests/filings/expansion_2024_batch_04.csv
expansion_2024_batch_04,d479de2de5939312,20260310,quarter_round_robin,active_2021_2024,1066247,2024,1,10-K,20240216_10-K_edgar_data_1066247_0000950170-24-016260.txt,2024/QTR1/20240216_10-K_edgar_data_1066247_0000950170-24-016260.txt,,12,Other,unknown,data/manifests/filings/expansion_2024_batch_04.csv
expansion_2024_batch_03,c55527cc46e7578c,20260309,quarter_round_robin,active_2021_2024,1038074,2024,1,10-K,20240220_10-K_edgar_data_1038074_0001104659-24-025535.txt,2024/QTR1/20240220_10-K_edgar_data_1038074_0001104659-24-025535.txt,,12,Other,unknown,data/manifests/filings/expansion_2024_batch_03.csv
expansion_2024_batch_03,3df216ab0ea6e05f,20260309,quarter_round_robin,active_2021_2024,1041061,2024,1,10-K,20240220_10-K_edgar_data_1041061_0001041061-24-000011.txt,2024/QTR1/20240220_10-K_edgar_data_1041061_0001041061-24-000011.txt,,12,Other,unknown,data/manifests/filings/expansion_2024_batch_03.csv
expansion_2024_batch_03,ec79eafd06ddebde,20260309,quarter_round_robin,active_2021_2024,1042773,2024,1,10-K,20240220_10-K_edgar_data_1042773_0001130310-24-000010.txt,2024/QTR1/20240220_10-K_edgar_data_1042773_0001130310-24-000010.txt,,12,Other,unknown,data/manifests/filings/expansion_2024_batch_03.csv
expansion_2024_batch_03,6e2f918ea1f469bd,20260309,quarter_round_robin,active_2021_2024,1046311,2024,1,10-K,20240220_10-K_edgar_data_1046311_0001046311-24-000010.txt,2024/QTR1/20240220_10-K_edgar_data_1046311_0001046311-24-000010.txt,,12,Other,unknown,data/manifests/filings/expansion_2024_batch_03.csv
expansion_2024_batch_04,079d7bfc7f347fda,20260310,quarter_round_robin,active_2021_2024,1070985,2024,1,10-K,20240220_10-K_edgar_data_1070985_0000950170-24-017235.txt,2024/QTR1/20240220_10-K_edgar_data_1070985_0000950170-24-017235.txt,,12,Other,unknown,data/manifests/filings/expansion_2024_batch_04.csv
expansion_2024_batch_01,d730033c6a7aa104,20260307,quarter_round_robin,active_2021_2024,1393311,2024,1,10-K,20240220_10-K_edgar_data_1393311_0001393311-24-000043.txt,2024/QTR1/20240220_10-K_edgar_data_1393311_0001393311-24-000043.txt,6798.0,11,Money,controls_by_firm_year,data/manifests/filings/expansion_2024_batch_01.csv
expansion_2024_batch_01,382dcd15a5defeb4,20260307,quarter_round_robin,active_2021_2024,1438533,2024,1,10-K,20240220_10-K_edgar_data_1438533_0001438533-24-000005.txt,2024/QTR1/20240220_10-K_edgar_data_1438533_0001438533-24-000005.txt,2836.0,10,Hlth,controls_by_firm_year,data/manifests/filings/expansion_2024_batch_01.csv
expansion_2024_batch_01,a9ecd96bb3182d56,20260307,quarter_round_robin,active_2021_2024,1564618,2024,1,10-K,20240220_10-K_edgar_data_1564618_0001564618-24-000025.txt,2024/QTR1/20240220_10-K_edgar_data_1564618_0001564618-24-000025.txt,6020.0,11,Money,cik_gvkey,data/manifests/filings/expansion_2024_batch_01.csv
expansion_2024_batch_01,d9a427514ff6ec20,20260307,quarter_round_robin,active_2021_2024,21344,2024,1,10-K,20240220_10-K_edgar_data_21344_0000021344-24-000009.txt,2024/QTR1/20240220_10-K_edgar_data_21344_0000021344-24-000009.txt,2086.0,1,NoDur,controls_by_firm_year,data/manifests/filings/expansion_2024_batch_01.csv
expansion_2024_batch_01,b1863bfea3fffdaa,20260307,quarter_round_robin,active_2021_2024,1004036,2024,1,10-K,20240221_10-K_edgar_data_1004036_0000899715-24-000044.txt,2024/QTR1/20240221_10-K_edgar_data_1004036_0000899715-24-000044.txt,,12,Other,unknown,data/manifests/filings/expansion_2024_batch_01.csv
expansion_2024_batch_02,06133d64f028a211,20260308,quarter_round_robin,active_2021_2024,1013462,2024,1,10-K,20240221_10-K_edgar_data_1013462_0001013462-24-000007.txt,2024/QTR1/20240221_10-K_edgar_data_1013462_0001013462-24-000007.txt,,12,Other,unknown,data/manifests/filings/expansion_2024_batch_02.csv
expansion_2024_batch_02,12e02b93d11599b3,20260308,quarter_round_robin,active_2021_2024,1021635,2024,1,10-K,20240221_10-K_edgar_data_1021635_0000950170-24-017400.txt,2024/QTR1/20240221_10-K_edgar_data_1021635_0000950170-24-017400.txt,,12,Other,unknown,data/manifests/filings/expansion_2024_batch_02.csv
expansion_2024_batch_03,d6a7ac73fa649935,20260309,quarter_round_robin,active_2021_2024,1045810,2024,1,10-K,20240221_10-K_edgar_data_1045810_0001045810-24-000029.txt,2024/QTR1/20240221_10-K_edgar_data_1045810_0001045810-24-000029.txt,,12,Other,unknown,data/manifests/filings/expansion_2024_batch_03.csv
expansion_2024_batch_03,566f1352194e0b64,20260309,quarter_round_robin,active_2021_2024,1046257,2024,1,10-K,20240221_10-K_edgar_data_1046257_0001046257-24-000005.txt,2024/QTR1/20240221_10-K_edgar_data_1046257_0001046257-24-000005.txt,,12,Other,unknown,data/manifests/filings/expansion_2024_batch_03.csv
expansion_2024_batch_03,0bee2ae53232c69c,20260309,quarter_round_robin,active_2021_2024,1046568,2024,1,10-K,20240221_10-K_edgar_data_1046568_0000950170-24-017946.txt,2024/QTR1/20240221_10-K_edgar_data_1046568_0000950170-24-017946.txt,,12,Other,unknown,data/manifests/filings/expansion_2024_batch_03.csv
expansion_2024_batch_03,ae0e935a14d4a20b,20260309,quarter_round_robin,active_2021_2024,104918,2024,1,10-K,20240221_10-K_edgar_data_104918_0000950170-24-017421.txt,2024/QTR1/20240221_10-K_edgar_data_104918_0000950170-24-017421.txt,,12,Other,unknown,data/manifests/filings/expansion_2024_batch_03.csv
expansion_2024_batch_04,24224861ce40aa26,20260310,quarter_round_robin,active_2021_2024,1056903,2024,1,10-K,20240221_10-K_edgar_data_1056903_0001628280-24-005922.txt,2024/QTR1/20240221_10-K_edgar_data_1056903_0001628280-24-005922.txt,,12,Other,unknown,data/manifests/filings/expansion_2024_batch_04.csv
expansion_2024_batch_02,b883e53951465061,20260308,quarter_round_robin,active_2021_2024,101382,2024,1,10-K,20240222_10-K_edgar_data_101382_0000950170-24-018456.txt,2024/QTR1/20240222_10-K_edgar_data_101382_0000950170-24-018456.txt,,12,Other,unknown,data/manifests/filings/expansion_2024_batch_02.csv
expansion_2024_batch_02,3637a6a7e1305cce,20260308,quarter_round_robin,active_2021_2024,1014739,2024,1,10-K,20240222_10-K_edgar_data_1014739_0001014739-24-000009.txt,2024/QTR1/20240222_10-K_edgar_data_1014739_0001014739-24-000009.txt,,12,Other,unknown,data/manifests/filings/expansion_2024_batch_02.csv
expansion_2024_batch_02,5e44803bde4ae380,20260308,quarter_round_robin,active_2021_2024,1020569,2024,1,10-K,20240222_10-K_edgar_data_1020569_0001020569-24-000040.txt,2024/QTR1/20240222_10-K_edgar_data_1020569_0001020569-24-000040.txt,,12,Other,unknown,data/manifests/filings/expansion_2024_batch_02.csv
expansion_2024_batch_02,c91d717ce5039a60,20260308,quarter_round_robin,active_2021_2024,1022079,2024,1,10-K,20240222_10-K_edgar_data_1022079_0001022079-24-000041.txt,2024/QTR1/20240222_10-K_edgar_data_1022079_0001022079-24-000041.txt,,12,Other,unknown,data/manifests/filings/expansion_2024_batch_02.csv
expansion_2024_batch_02,61d79c93c96993bd,20260308,quarter_round_robin,active_2021_2024,1022652,2024,1,10-K,20240222_10-K_edgar_data_1022652_0001022652-24-000001.txt,2024/QTR1/20240222_10-K_edgar_data_1022652_0001022652-24-000001.txt,,12,Other,unknown,data/manifests/filings/expansion_2024_batch_02.csv
expansion_2024_batch_02,1d66dab45831be58,20260308,quarter_round_robin,active_2021_2024,1032033,2024,1,10-K,20240222_10-K_edgar_data_1032033_0001628280-24-006382.txt,2024/QTR1/20240222_10-K_edgar_data_1032033_0001628280-24-006382.txt,,12,Other,unknown,data/manifests/filings/expansion_2024_batch_02.csv
expansion_2024_batch_02,5bc7f9fb03d42cd6,20260308,quarter_round_robin,active_2021_2024,1035002,2024,1,10-K,20240222_10-K_edgar_data_1035002_0001035002-24-000007.txt,2024/QTR1/20240222_10-K_edgar_data_1035002_0001035002-24-000007.txt,,12,Other,unknown,data/manifests/filings/expansion_2024_batch_02.csv
expansion_2024_batch_01,272ac0b6b64906f2,20260307,quarter_round_robin,active_2021_2024,1038357,2024,1,10-K,20240222_10-K_edgar_data_1038357_0001038357-24-000020.txt,2024/QTR1/20240222_10-K_edgar_data_1038357_0001038357-24-000020.txt,1311.0,4,Enrgy,cik_gvkey,data/manifests/filings/expansion_2024_batch_01.csv
expansion_2024_batch_03,9a6881ad2f3840a9,20260309,quarter_round_robin,active_2021_2024,1043509,2024,1,10-K,20240222_10-K_edgar_data_1043509_0001043509-24-000022.txt,2024/QTR1/20240222_10-K_edgar_data_1043509_0001043509-24-000022.txt,,12,Other,unknown,data/manifests/filings/expansion_2024_batch_03.csv
expansion_2024_batch_04,f8be8acc66b58ea8,20260310,quarter_round_robin,active_2021_2024,1057352,2024,1,10-K,20240222_10-K_edgar_data_1057352_0001057352-24-000013.txt,2024/QTR1/20240222_10-K_edgar_data_1057352_0001057352-24-000013.txt,,12,Other,unknown,data/manifests/filings/expansion_2024_batch_04.csv
expansion_2024_batch_04,c41f3bbe9d9abdb0,20260310,quarter_round_robin,active_2021_2024,1060386,2024,1,10-K,20240222_10-K_edgar_data_1060386_0000790816-24-000014.txt,2024/QTR1/20240222_10-K_edgar_data_1060386_0000790816-24-000014.txt,,12,Other,unknown,data/manifests/filings/expansion_2024_batch_04.csv
expansion_2024_batch_04,00eb27488aec7d56,20260310,quarter_round_robin,active_2021_2024,1065696,2024,1,10-K,20240222_10-K_edgar_data_1065696_0001065696-24-000009.txt,2024/QTR1/20240222_10-K_edgar_data_1065696_0001065696-24-000009.txt,,12,Other,unknown,data/manifests/filings/expansion_2024_batch_04.csv
expansion_2024_batch_01,228c456969e47111,20260307,quarter_round_robin,active_2021_2024,1352010,2024,1,10-K,20240222_10-K_edgar_data_1352010_0001352010-24-000008.txt,2024/QTR1/20240222_10-K_edgar_data_1352010_0001352010-24-000008.txt,7370.0,6,BusEq,controls_by_firm_year,data/manifests/filings/expansion_2024_batch_01.csv
expansion_2024_batch_02,da8c2b0b55d5eb03,20260308,quarter_round_robin,active_2021_2024,1022321,2024,1,10-K,20240223_10-K_edgar_data_1022321_0001022321-24-000018.txt,2024/QTR1/20240223_10-K_edgar_data_1022321_0001022321-24-000018.txt,,12,Other,unknown,data/manifests/filings/expansion_2024_batch_02.csv
expansion_2024_batch_02,c39c294088a2314d,20260308,quarter_round_robin,active_2021_2024,1028918,2024,1,10-K,20240223_10-K_edgar_data_1028918_0001028918-24-000017.txt,2024/QTR1/20240223_10-K_edgar_data_1028918_0001028918-24-000017.txt,,12,Other,unknown,data/manifests/filings/expansion_2024_batch_02.csv
expansion_2024_batch_03,35692809fd0d09a4,20260309,quarter_round_robin,active_2021_2024,103682,2024,1,10-K,20240223_10-K_edgar_data_103682_0000950170-24-019110.txt,2024/QTR1/20240223_10-K_edgar_data_103682_0000950170-24-019110.txt,,12,Other,unknown,data/manifests/filings/expansion_2024_batch_03.csv
expansion_2024_batch_03,4f9517818e534568,20260309,quarter_round_robin,active_2021_2024,1039399,2024,1,10-K,20240223_10-K_edgar_data_1039399_0001039399-24-000007.txt,2024/QTR1/20240223_10-K_edgar_data_1039399_0001039399-24-000007.txt,,12,Other,unknown,data/manifests/filings/expansion_2024_batch_03.csv
expansion_2024_batch_03,dea7c1b3d0fd3fde,20260309,quarter_round_robin,active_2021_2024,1040829,2024,1,10-K,20240223_10-K_edgar_data_1040829_0001558370-24-001613.txt,2024/QTR1/20240223_10-K_edgar_data_1040829_0001558370-24-001613.txt,,12,Other,unknown,data/manifests/filings/expansion_2024_batch_03.csv
expansion_2024_batch_03,11452f76151c1227,20260309,quarter_round_robin,active_2021_2024,1042046,2024,1,10-K,20240223_10-K_edgar_data_1042046_0001042046-24-000009.txt,2024/QTR1/20240223_10-K_edgar_data_1042046_0001042046-24-000009.txt,,12,Other,unknown,data/manifests/filings/expansion_2024_batch_03.csv
expansion_2024_batch_03,a45e1d49d5c6127a,20260309,quarter_round_robin,active_2021_2024,104889,2024,1,10-K,20240223_10-K_edgar_data_104889_0000104889-24-000010.txt,2024/QTR1/20240223_10-K_edgar_data_104889_0000104889-24-000010.txt,,12,Other,unknown,data/manifests/filings/expansion_2024_batch_03.csv
expansion_2024_batch_04,2ff0d00b1c250d33,20260310,quarter_round_robin,active_2021_2024,1051470,2024,1,10-K,20240223_10-K_edgar_data_1051470_0001051470-24-000062.txt,2024/QTR1/20240223_10-K_edgar_data_1051470_0001051470-24-000062.txt,,12,Other,unknown,data/manifests/filings/expansion_2024_batch_04.csv
expansion_2024_batch_04,96a637561cb4d6f1,20260310,quarter_round_robin,active_2021_2024,1053059,2024,1,10-K,20240223_10-K_edgar_data_1053059_0000920522-24-000033.txt,2024/QTR1/20240223_10-K_edgar_data_1053059_0000920522-24-000033.txt,,12,Other,unknown,data/manifests/filings/expansion_2024_batch_04.csv
expansion_2024_batch_04,fdbb2ae88d471596,20260310,quarter_round_robin,active_2021_2024,1056288,2024,1,10-K,20240223_10-K_edgar_data_1056288_0001056288-24-000006.txt,2024/QTR1/20240223_10-K_edgar_data_1056288_0001056288-24-000006.txt,,12,Other,unknown,data/manifests/filings/expansion_2024_batch_04.csv
expansion_2024_batch_04,831daf4024d57ec6,20260310,quarter_round_robin,active_2021_2024,1064728,2024,1,10-K,20240223_10-K_edgar_data_1064728_0001064728-24-000021.txt,2024/QTR1/20240223_10-K_edgar_data_1064728_0001064728-24-000021.txt,,12,Other,unknown,data/manifests/filings/expansion_2024_batch_04.csv
expansion_2024_batch_01,29507291114a0174,20260307,quarter_round_robin,active_2021_2024,316709,2024,1,10-K,20240223_10-K_edgar_data_316709_0000316709-24-000018.txt,2024/QTR1/20240223_10-K_edgar_data_316709_0000316709-24-000018.txt,6282.0,11,Money,controls_by_firm_year,data/manifests/filings/expansion_2024_batch_01.csv
expansion_2024_batch_02,7df4288efeafca24,20260308,quarter_round_robin,active_2021_2024,1030469,2024,1,10-K,20240226_10-K_edgar_data_1030469_0001030469-24-000007.txt,2024/QTR1/20240226_10-K_edgar_data_1030469_0001030469-24-000007.txt,,12,Other,unknown,data/manifests/filings/expansion_2024_batch_02.csv
expansion_2024_batch_03,43672a9251079136,20260309,quarter_round_robin,active_2021_2024,1047340,2024,1,10-K,20240226_10-K_edgar_data_1047340_0001047340-24-000017.txt,2024/QTR1/20240226_10-K_edgar_data_1047340_0001047340-24-000017.txt,,12,Other,unknown,data/manifests/filings/expansion_2024_batch_03.csv
expansion_2024_batch_02,36e0c44dcb78bb47,20260308,quarter_round_robin,active_2021_2024,1031308,2024,1,10-K,20240227_10-K_edgar_data_1031308_0001031308-24-000002.txt,2024/QTR1/20240227_10-K_edgar_data_1031308_0001031308-24-000002.txt,,12,Other,unknown,data/manifests/filings/expansion_2024_batch_02.csv
expansion_2024_batch_03,a74370fd2abce957,20260309,quarter_round_robin,active_2021_2024,1037976,2024,1,10-K,20240227_10-K_edgar_data_1037976_0001037976-24-000010.txt,2024/QTR1/20240227_10-K_edgar_data_1037976_0001037976-24-000010.txt,,12,Other,unknown,data/manifests/filings/expansion_2024_batch_03.csv
expansion_2024_batch_03,1269b35febb0b1af,20260309,quarter_round_robin,active_2021_2024,1046025,2024,1,10-K,20240227_10-K_edgar_data_1046025_0001046025-24-000015.txt,2024/QTR1/20240227_10-K_edgar_data_1046025_0001046025-24-000015.txt,,12,Other,unknown,data/manifests/filings/expansion_2024_batch_03.csv
expansion_2024_batch_03,ce3e94029425c829,20260309,quarter_round_robin,active_2021_2024,1049782,2024,1,10-K,20240227_10-K_edgar_data_1049782_0001049782-24-000007.txt,2024/QTR1/20240227_10-K_edgar_data_1049782_0001049782-24-000007.txt,,12,Other,unknown,data/manifests/filings/expansion_2024_batch_03.csv
expansion_2024_batch_04,5ee411188498b862,20260310,quarter_round_robin,active_2021_2024,1053507,2024,1,10-K,20240227_10-K_edgar_data_1053507_0001053507-24-000011.txt,2024/QTR1/20240227_10-K_edgar_data_1053507_0001053507-24-000011.txt,,12,Other,unknown,data/manifests/filings/expansion_2024_batch_04.csv
expansion_2024_batch_04,726ff730e29f6a5d,20260310,quarter_round_robin,active_2021_2024,1060822,2024,1,10-K,20240227_10-K_edgar_data_1060822_0001060822-24-000062.txt,2024/QTR1/20240227_10-K_edgar_data_1060822_0001060822-24-000062.txt,,12,Other,unknown,data/manifests/filings/expansion_2024_batch_04.csv
expansion_2024_batch_04,55af0347037f4eb2,20260310,quarter_round_robin,active_2021_2024,1069183,2024,1,10-K,20240227_10-K_edgar_data_1069183_0001069183-24-000006.txt,2024/QTR1/20240227_10-K_edgar_data_1069183_0001069183-24-000006.txt,,12,Other,unknown,data/manifests/filings/expansion_2024_batch_04.csv
expansion_2024_batch_01,083dbf1b468ef35a,20260307,quarter_round_robin,active_2021_2024,1000694,2024,1,10-K,20240228_10-K_edgar_data_1000694_0001000694-24-000007.txt,2024/QTR1/20240228_10-K_edgar_data_1000694_0001000694-24-000007.txt,,12,Other,unknown,data/manifests/filings/expansion_2024_batch_01.csv
expansion_2024_batch_02,415f9773d9a5662c,20260308,quarter_round_robin,active_2021_2024,1013871,2024,1,10-K,20240228_10-K_edgar_data_1013871_0001013871-24-000005.txt,2024/QTR1/20240228_10-K_edgar_data_1013871_0001013871-24-000005.txt,,12,Other,unknown,data/manifests/filings/expansion_2024_batch_02.csv
expansion_2024_batch_02,b1d5e6f73daab2ef,20260308,quarter_round_robin,active_2021_2024,102729,2024,1,10-K,20240228_10-K_edgar_data_102729_0000102729-24-000013.txt,2024/QTR1/20240228_10-K_edgar_data_102729_0000102729-24-000013.txt,,12,Other,unknown,data/manifests/filings/expansion_2024_batch_02.csv
expansion_2024_batch_03,914bd93b24519a77,20260309,quarter_round_robin,active_2021_2024,1042074,2024,1,10-K,20240228_10-K_edgar_data_1042074_0001193125-24-050758.txt,2024/QTR1/20240228_10-K_edgar_data_1042074_0001193125-24-050758.txt,,12,Other,unknown,data/manifests/filings/expansion_2024_batch_03.csv
expansion_2024_batch_03,afd45dc300c2c4ee,20260309,quarter_round_robin,active_2021_2024,1046102,2024,1,10-K,20240228_10-K_edgar_data_1046102_0001628280-24-007570.txt,2024/QTR1/20240228_10-K_edgar_data_1046102_0001628280-24-007570.txt,,12,Other,unknown,data/manifests/filings/expansion_2024_batch_03.csv
expansion_2024_batch_04,0909a48a805abf7c,20260310,quarter_round_robin,active_2021_2024,105319,2024,1,10-K,20240228_10-K_edgar_data_105319_0000950170-24-022144.txt,2024/QTR1/20240228_10-K_edgar_data_105319_0000950170-24-022144.txt,,12,Other,unknown,data/manifests/filings/expansion_2024_batch_04.csv
expansion_2024_batch_04,ee617acdbba36d2e,20260310,quarter_round_robin,active_2021_2024,105634,2024,1,10-K,20240228_10-K_edgar_data_105634_0000105634-24-000006.txt,2024/QTR1/20240228_10-K_edgar_data_105634_0000105634-24-000006.txt,,12,Other,unknown,data/manifests/filings/expansion_2024_batch_04.csv
expansion_2024_batch_04,332db0801b0f014e,20260310,quarter_round_robin,active_2021_2024,1057706,2024,1,10-K,20240228_10-K_edgar_data_1057706_0001057706-24-000004.txt,2024/QTR1/20240228_10-K_edgar_data_1057706_0001057706-24-000004.txt,,12,Other,unknown,data/manifests/filings/expansion_2024_batch_04.csv
expansion_2024_batch_04,8ba4d59c67deacd7,20260310,quarter_round_robin,active_2021_2024,1061937,2024,1,10-K,20240228_10-K_edgar_data_1061937_0001070750-24-000081.txt,2024/QTR1/20240228_10-K_edgar_data_1061937_0001070750-24-000081.txt,,12,Other,unknown,data/manifests/filings/expansion_2024_batch_04.csv
expansion_2024_batch_04,228cd53ca84af51f,20260310,quarter_round_robin,active_2021_2024,1065088,2024,1,10-K,20240228_10-K_edgar_data_1065088_0001065088-24-000036.txt,2024/QTR1/20240228_10-K_edgar_data_1065088_0001065088-24-000036.txt,,12,Other,unknown,data/manifests/filings/expansion_2024_batch_04.csv
expansion_2024_batch_04,80cd1b948d9cece2,20260310,quarter_round_robin,active_2021_2024,1070494,2024,1,10-K,20240228_10-K_edgar_data_1070494_0000950170-24-021473.txt,2024/QTR1/20240228_10-K_edgar_data_1070494_0000950170-24-021473.txt,,12,Other,unknown,data/manifests/filings/expansion_2024_batch_04.csv
expansion_2024_batch_04,19da30baf6a73b27,20260310,quarter_round_robin,active_2021_2024,1070750,2024,1,10-K,20240228_10-K_edgar_data_1070750_0001070750-24-000081.txt,2024/QTR1/20240228_10-K_edgar_data_1070750_0001070750-24-000081.txt,,12,Other,unknown,data/manifests/filings/expansion_2024_batch_04.csv
expansion_2024_batch_01,006d9db817e1b66f,20260307,quarter_round_robin,active_2021_2024,1076930,2024,1,10-K,20240228_10-K_edgar_data_1076930_0000950170-24-021689.txt,2024/QTR1/20240228_10-K_edgar_data_1076930_0000950170-24-021689.txt,3679.0,6,BusEq,controls_by_firm_year,data/manifests/filings/expansion_2024_batch_01.csv
expansion_2024_batch_01,5063197ca37ca97d,20260307,quarter_round_robin,active_2021_2024,1086222,2024,1,10-K,20240228_10-K_edgar_data_1086222_0001086222-24-000040.txt,2024/QTR1/20240228_10-K_edgar_data_1086222_0001086222-24-000040.txt,7370.0,6,BusEq,controls_by_firm_year,data/manifests/filings/expansion_2024_batch_01.csv
expansion_2024_batch_01,b5730995b183d709,20260307,quarter_round_robin,active_2021_2024,933136,2024,1,10-K,20240228_10-K_edgar_data_933136_0000933136-24-000017.txt,2024/QTR1/20240228_10-K_edgar_data_933136_0000933136-24-000017.txt,6162.0,11,Money,controls_by_firm_year,data/manifests/filings/expansion_2024_batch_01.csv
expansion_2024_batch_01,6e57157d1fcd47da,20260307,quarter_round_robin,active_2021_2024,1000623,2024,1,10-K,20240229_10-K_edgar_data_1000623_0001000623-24-000009.txt,2024/QTR1/20240229_10-K_edgar_data_1000623_0001000623-24-000009.txt,,12,Other,unknown,data/manifests/filings/expansion_2024_batch_01.csv
expansion_2024_batch_01,a3d9760c6d1f9190,20260307,quarter_round_robin,active_2021_2024,1001838,2024,1,10-K,20240229_10-K_edgar_data_1001838_0001558370-24-002119.txt,2024/QTR1/20240229_10-K_edgar_data_1001838_0001558370-24-002119.txt,,12,Other,unknown,data/manifests/filings/expansion_2024_batch_01.csv
expansion_2024_batch_01,5e5b018e44b68029,20260307,quarter_round_robin,active_2021_2024,1002910,2024,1,10-K,20240229_10-K_edgar_data_1002910_0001002910-24-000056.txt,2024/QTR1/20240229_10-K_edgar_data_1002910_0001002910-24-000056.txt,,12,Other,unknown,data/manifests/filings/expansion_2024_batch_01.csv
expansion_2024_batch_01,7af31763273b9110,20260307,quarter_round_robin,active_2021_2024,100517,2024,1,10-K,20240229_10-K_edgar_data_100517_0000100517-24-000027.txt,2024/QTR1/20240229_10-K_edgar_data_100517_0000100517-24-000027.txt,,12,Other,unknown,data/manifests/filings/expansion_2024_batch_01.csv
expansion_2024_batch_01,93ace9f01d50c47f,20260307,quarter_round_robin,active_2021_2024,100826,2024,1,10-K,20240229_10-K_edgar_data_100826_0001002910-24-000056.txt,2024/QTR1/20240229_10-K_edgar_data_100826_0001002910-24-000056.txt,,12,Other,unknown,data/manifests/filings/expansion_2024_batch_01.csv
expansion_2024_batch_02,fcb6b5975aa16a92,20260308,quarter_round_robin,active_2021_2024,101199,2024,1,10-K,20240229_10-K_edgar_data_101199_0000101199-24-000019.txt,2024/QTR1/20240229_10-K_edgar_data_101199_0000101199-24-000019.txt,,12,Other,unknown,data/manifests/filings/expansion_2024_batch_02.csv
expansion_2024_batch_02,59ef05119449ecaf,20260308,quarter_round_robin,active_2021_2024,1013880,2024,1,10-K,20240229_10-K_edgar_data_1013880_0001558370-24-002207.txt,2024/QTR1/20240229_10-K_edgar_data_1013880_0001558370-24-002207.txt,,12,Other,unknown,data/manifests/filings/expansion_2024_batch_02.csv
expansion_2024_batch_02,7ad87a5ce03c150a,20260308,quarter_round_robin,active_2021_2024,1013934,2024,1,10-K,20240229_10-K_edgar_data_1013934_0001013934-24-000004.txt,2024/QTR1/20240229_10-K_edgar_data_1013934_0001013934-24-000004.txt,,12,Other,unknown,data/manifests/filings/expansion_2024_batch_02.csv
expansion_2024_batch_03,f533fae481906f93,20260309,quarter_round_robin,active_2021_2024,1039828,2024,1,10-K,20240229_10-K_edgar_data_1039828_0001039828-24-000020.txt,2024/QTR1/20240229_10-K_edgar_data_1039828_0001039828-24-000020.txt,,12,Other,unknown,data/manifests/filings/expansion_2024_batch_03.csv
expansion_2024_batch_03,aabac1370e2da0c1,20260309,quarter_round_robin,active_2021_2024,1045450,2024,1,10-K,20240229_10-K_edgar_data_1045450_0001045450-24-000027.txt,2024/QTR1/20240229_10-K_edgar_data_1045450_0001045450-24-000027.txt,,12,Other,unknown,data/manifests/filings/expansion_2024_batch_03.csv
expansion_2024_batch_01,fb51f78c16cadbe3,20260307,quarter_round_robin,active_2021_2024,1117480,2024,1,10-K,20240229_10-K_edgar_data_1117480_0001117480-24-000005.txt,2024/QTR1/20240229_10-K_edgar_data_1117480_0001117480-24-000005.txt,2836.0,10,Hlth,controls_by_firm_year,data/manifests/filings/expansion_2024_batch_01.csv
expansion_2024_batch_03,f456fdf4f76342f1,20260309,quarter_round_robin,active_2021_2024,1042729,2024,1,10-K,20240301_10-K_edgar_data_1042729_0001437749-24-006268.txt,2024/QTR1/20240301_10-K_edgar_data_1042729_0001437749-24-006268.txt,,12,Other,unknown,data/manifests/filings/expansion_2024_batch_03.csv
expansion_2024_batch_04,b33b7b6ddc14d1c1,20260310,quarter_round_robin,active_2021_2024,1057379,2024,1,10-K,20240301_10-K_edgar_data_1057379_0000950170-24-023702.txt,2024/QTR1/20240301_10-K_edgar_data_1057379_0000950170-24-023702.txt,,12,Other,unknown,data/manifests/filings/expansion_2024_batch_04.csv
expansion_2024_batch_04,e443d57f312c189b,20260310,quarter_round_robin,active_2021_2024,1066605,2024,1,10-K,20240304_10-K_edgar_data_1066605_0001066605-24-000008.txt,2024/QTR1/20240304_10-K_edgar_data_1066605_0001066605-24-000008.txt,,12,Other,unknown,data/manifests/filings/expansion_2024_batch_04.csv
expansion_2024_batch_02,5350b9f54a0359a4,20260308,quarter_round_robin,active_2021_2024,1034842,2024,1,10-K,20240305_10-K_edgar_data_1034842_0001558370-24-002475.txt,2024/QTR1/20240305_10-K_edgar_data_1034842_0001558370-24-002475.txt,,12,Other,unknown,data/manifests/filings/expansion_2024_batch_02.csv
expansion_2024_batch_01,5070a94760e2bc69,20260307,quarter_round_robin,active_2021_2024,1001614,2024,1,10-K,20240306_10-K_edgar_data_1001614_0001001614-24-000010.txt,2024/QTR1/20240306_10-K_edgar_data_1001614_0001001614-24-000010.txt,,12,Other,unknown,data/manifests/filings/expansion_2024_batch_01.csv
expansion_2024_batch_01,ab45d0e9148d0432,20260307,quarter_round_robin,active_2021_2024,1006837,2024,1,10-K,20240306_10-K_edgar_data_1006837_0001006837-24-000023.txt,2024/QTR1/20240306_10-K_edgar_data_1006837_0001006837-24-000023.txt,,12,Other,unknown,data/manifests/filings/expansion_2024_batch_01.csv
expansion_2024_batch_03,c8c733709a199601,20260309,quarter_round_robin,active_2021_2024,1044777,2024,1,10-K,20240306_10-K_edgar_data_1044777_0001628280-24-009466.txt,2024/QTR1/20240306_10-K_edgar_data_1044777_0001628280-24-009466.txt,,12,Other,unknown,data/manifests/filings/expansion_2024_batch_03.csv
expansion_2024_batch_01,77f5d349281aa724,20260307,quarter_round_robin,active_2021_2024,1000209,2024,1,10-K,20240307_10-K_edgar_data_1000209_0000950170-24-027942.txt,2024/QTR1/20240307_10-K_edgar_data_1000209_0000950170-24-027942.txt,,12,Other,unknown,data/manifests/filings/expansion_2024_batch_01.csv
expansion_2024_batch_03,b1736323e207e4c4,20260309,quarter_round_robin,active_2021_2024,1050377,2024,1,10-K,20240307_10-K_edgar_data_1050377_0001558370-24-002727.txt,2024/QTR1/20240307_10-K_edgar_data_1050377_0001558370-24-002727.txt,,12,Other,unknown,data/manifests/filings/expansion_2024_batch_03.csv
expansion_2024_batch_02,e2b8892088b16b8b,20260308,quarter_round_robin,active_2021_2024,1014763,2024,1,10-K,20240308_10-K_edgar_data_1014763_0001654954-24-002897.txt,2024/QTR1/20240308_10-K_edgar_data_1014763_0001654954-24-002897.txt,,12,Other,unknown,data/manifests/filings/expansion_2024_batch_02.csv
expansion_2024_batch_02,36ff14288dfe6069,20260308,quarter_round_robin,active_2021_2024,1018399,2024,1,10-K,20240308_10-K_edgar_data_1018399_0001018399-24-000015.txt,2024/QTR1/20240308_10-K_edgar_data_1018399_0001018399-24-000015.txt,,12,Other,unknown,data/manifests/filings/expansion_2024_batch_02.csv
expansion_2024_batch_02,0e0c85c3909fa191,20260308,quarter_round_robin,active_2021_2024,1023313,2024,1,10-K,20240308_10-K_edgar_data_1023313_0000950170-24-028381.txt,2024/QTR1/20240308_10-K_edgar_data_1023313_0000950170-24-028381.txt,,12,Other,unknown,data/manifests/filings/expansion_2024_batch_02.csv
expansion_2024_batch_04,088961c0f3ec77bc,20260310,quarter_round_robin,active_2021_2024,1065078,2024,1,10-K,20240308_10-K_edgar_data_1065078_0001072613-24-000334.txt,2024/QTR1/20240308_10-K_edgar_data_1065078_0001072613-24-000334.txt,,12,Other,unknown,data/manifests/filings/expansion_2024_batch_04.csv
expansion_2024_batch_04,b3196e43632ddc7e,20260310,quarter_round_robin,active_2021_2024,1053352,2024,1,10-K,20240311_10-K_edgar_data_1053352_0001558370-24-002846.txt,2024/QTR1/20240311_10-K_edgar_data_1053352_0001558370-24-002846.txt,,12,Other,unknown,data/manifests/filings/expansion_2024_batch_04.csv
expansion_2024_batch_02,0eb64d366168b2aa,20260308,quarter_round_robin,active_2021_2024,1010086,2024,1,10-K,20240312_10-K_edgar_data_1010086_0001437749-24-007487.txt,2024/QTR1/20240312_10-K_edgar_data_1010086_0001437749-24-007487.txt,,12,Other,unknown,data/manifests/filings/expansion_2024_batch_02.csv
expansion_2024_batch_01,3e40ac27215cf1e6,20260307,quarter_round_robin,active_2021_2024,1001233,2024,1,10-K,20240313_10-K_edgar_data_1001233_0001628280-24-010788.txt,2024/QTR1/20240313_10-K_edgar_data_1001233_0001628280-24-010788.txt,,12,Other,unknown,data/manifests/filings/expansion_2024_batch_01.csv
expansion_2024_batch_02,101052b00e62edd8,20260308,quarter_round_robin,active_2021_2024,1017303,2024,1,10-K,20240313_10-K_edgar_data_1017303_0001140361-24-013040.txt,2024/QTR1/20240313_10-K_edgar_data_1017303_0001140361-24-013040.txt,,12,Other,unknown,data/manifests/filings/expansion_2024_batch_02.csv
expansion_2024_batch_03,1cc90057cbb7ea28,20260309,quarter_round_robin,active_2021_2024,1040161,2024,1,10-K,20240313_10-K_edgar_data_1040161_0001040161-24-000010.txt,2024/QTR1/20240313_10-K_edgar_data_1040161_0001040161-24-000010.txt,,12,Other,unknown,data/manifests/filings/expansion_2024_batch_03.csv
expansion_2024_batch_02,0846e007db4f8bd5,20260308,quarter_round_robin,active_2021_2024,1036044,2024,1,10-K,20240315_10-K_edgar_data_1036044_0000950170-24-031816.txt,2024/QTR1/20240315_10-K_edgar_data_1036044_0000950170-24-031816.txt,,12,Other,unknown,data/manifests/filings/expansion_2024_batch_02.csv
expansion_2024_batch_03,d003d25c86adb709,20260309,quarter_round_robin,active_2021_2024,104169,2024,1,10-K,20240315_10-K_edgar_data_104169_0000104169-24-000056.txt,2024/QTR1/20240315_10-K_edgar_data_104169_0000104169-24-000056.txt,,12,Other,unknown,data/manifests/filings/expansion_2024_batch_03.csv
expansion_2024_batch_04,a4467c2fe353a144,20260310,quarter_round_robin,active_2021_2024,1051627,2024,1,10-K,20240315_10-K_edgar_data_1051627_0001558370-24-003410.txt,2024/QTR1/20240315_10-K_edgar_data_1051627_0001558370-24-003410.txt,,12,Other,unknown,data/manifests/filings/expansion_2024_batch_04.csv
expansion_2024_batch_03,3692ce65a783286d,20260309,quarter_round_robin,active_2021_2024,1036848,2024,1,10-K,20240318_10-K_edgar_data_1036848_0001213900-24-023493.txt,2024/QTR1/20240318_10-K_edgar_data_1036848_0001213900-24-023493.txt,,12,Other,unknown,data/manifests/filings/expansion_2024_batch_03.csv
expansion_2024_batch_01,e11a8213d00d9b8b,20260307,quarter_round_robin,active_2021_2024,1091748,2024,1,10-K,20240319_10-K_edgar_data_1091748_0001628280-24-011791.txt,2024/QTR1/20240319_10-K_edgar_data_1091748_0001628280-24-011791.txt,6351.0,11,Money,cik_gvkey,data/manifests/filings/expansion_2024_batch_01.csv
expansion_2024_batch_03,1dff92d2205344ee,20260309,quarter_round_robin,active_2021_2024,1038509,2024,1,10-K,20240320_10-K_edgar_data_1038509_0001038509-24-000009.txt,2024/QTR1/20240320_10-K_edgar_data_1038509_0001038509-24-000009.txt,,12,Other,unknown,data/manifests/filings/expansion_2024_batch_03.csv
expansion_2024_batch_01,e2efe1d637b772d8,20260307,quarter_round_robin,active_2021_2024,885639,2024,1,10-K,20240321_10-K_edgar_data_885639_0000950170-24-034691.txt,2024/QTR1/20240321_10-K_edgar_data_885639_0000950170-24-034691.txt,5311.0,9,Shops,controls_by_firm_year,data/manifests/filings/expansion_2024_batch_01.csv
expansion_2024_batch_01,fe8bc0971d6b4c9a,20260307,quarter_round_robin,active_2021_2024,1003815,2024,1,10-K,20240322_10-K_edgar_data_1003815_0001410578-24-000276.txt,2024/QTR1/20240322_10-K_edgar_data_1003815_0001410578-24-000276.txt,,12,Other,unknown,data/manifests/filings/expansion_2024_batch_01.csv
expansion_2024_batch_03,2028aaa6023ac67a,20260309,quarter_round_robin,active_2021_2024,1043951,2024,1,10-K,20240322_10-K_edgar_data_1043951_0001140361-24-014821.txt,2024/QTR1/20240322_10-K_edgar_data_1043951_0001140361-24-014821.txt,,12,Other,unknown,data/manifests/filings/expansion_2024_batch_03.csv
expansion_2024_batch_04,3b0f21178a51f3a5,20260310,quarter_round_robin,active_2021_2024,1066656,2024,1,10-K,20240322_10-K_edgar_data_1066656_0001193125-24-074760.txt,2024/QTR1/20240322_10-K_edgar_data_1066656_0001193125-24-074760.txt,,12,Other,unknown,data/manifests/filings/expansion_2024_batch_04.csv
expansion_2024_batch_02,fd1465ea00634eb2,20260308,quarter_round_robin,active_2021_2024,1017480,2024,1,10-K,20240325_10-K_edgar_data_1017480_0001017480-24-000043.txt,2024/QTR1/20240325_10-K_edgar_data_1017480_0001017480-24-000043.txt,,12,Other,unknown,data/manifests/filings/expansion_2024_batch_02.csv
expansion_2024_batch_02,7112e66af6fd9c16,20260308,quarter_round_robin,active_2021_2024,1034760,2024,1,10-K,20240326_10-K_edgar_data_1034760_0001654954-24-003664.txt,2024/QTR1/20240326_10-K_edgar_data_1034760_0001654954-24-003664.txt,,12,Other,unknown,data/manifests/filings/expansion_2024_batch_02.csv
expansion_2024_batch_03,acfa226cf9078f62,20260309,quarter_round_robin,active_2021_2024,1036262,2024,1,10-K,20240327_10-K_edgar_data_1036262_0001437749-24-009626.txt,2024/QTR1/20240327_10-K_edgar_data_1036262_0001437749-24-009626.txt,,12,Other,unknown,data/manifests/filings/expansion_2024_batch_03.csv
expansion_2024_batch_01,1dea3f485c933267,20260307,quarter_round_robin,active_2021_2024,1001082,2024,1,10-K,20240329_10-K_edgar_data_1001082_0001558370-24-004386.txt,2024/QTR1/20240329_10-K_edgar_data_1001082_0001558370-24-004386.txt,,12,Other,unknown,data/manifests/filings/expansion_2024_batch_01.csv
expansion_2024_batch_03,444cc7382e1a838c,20260309,quarter_round_robin,active_2021_2024,1042187,2024,1,10-K,20240329_10-K_edgar_data_1042187_0001493152-24-011910.txt,2024/QTR1/20240329_10-K_edgar_data_1042187_0001493152-24-011910.txt,,12,Other,unknown,data/manifests/filings/expansion_2024_batch_03.csv
expansion_2024_batch_04,1d8fb5b9fd546638,20260310,quarter_round_robin,active_2021_2024,1053691,2024,1,10-K,20240329_10-K_edgar_data_1053691_0001437749-24-010064.txt,2024/QTR1/20240329_10-K_edgar_data_1053691_0001437749-24-010064.txt,,12,Other,unknown,data/manifests/filings/expansion_2024_batch_04.csv
expansion_2024_batch_01,5068ae3886dcc738,20260307,quarter_round_robin,active_2021_2024,1018840,2024,2,10-K,20240401_10-K_edgar_data_1018840_0001018840-24-000019.txt,2024/QTR2/20240401_10-K_edgar_data_1018840_0001018840-24-000019.txt,,12,Other,unknown,data/manifests/filings/expansion_2024_batch_01.csv
expansion_2024_batch_01,ad61b7444750adb8,20260307,quarter_round_robin,active_2021_2024,1040896,2024,2,10-K,20240401_10-K_edgar_data_1040896_0001628280-24-013949.txt,2024/QTR2/20240401_10-K_edgar_data_1040896_0001628280-24-013949.txt,,12,Other,unknown,data/manifests/filings/expansion_2024_batch_01.csv
expansion_2024_batch_01,ad7e744899e07ab0,20260307,quarter_round_robin,active_2021_2024,1066764,2024,2,10-K,20240401_10-K_edgar_data_1066764_0001493152-24-012444.txt,2024/QTR2/20240401_10-K_edgar_data_1066764_0001493152-24-012444.txt,,12,Other,unknown,data/manifests/filings/expansion_2024_batch_01.csv
expansion_2024_batch_02,b22648cea0333143,20260308,quarter_round_robin,active_2021_2024,1108645,2024,2,10-K,20240401_10-K_edgar_data_1108645_0001477932-24-001631.txt,2024/QTR2/20240401_10-K_edgar_data_1108645_0001477932-24-001631.txt,,12,Other,unknown,data/manifests/filings/expansion_2024_batch_02.csv
expansion_2024_batch_02,ae9dc3c0e14465e3,20260308,quarter_round_robin,active_2021_2024,1140215,2024,2,10-K,20240401_10-K_edgar_data_1140215_0001493152-24-012505.txt,2024/QTR2/20240401_10-K_edgar_data_1140215_0001493152-24-012505.txt,,12,Other,unknown,data/manifests/filings/expansion_2024_batch_02.csv
expansion_2024_batch_02,41857164fdbaa21c,20260308,quarter_round_robin,active_2021_2024,1211805,2024,2,10-K,20240401_10-K_edgar_data_1211805_0001493152-24-012542.txt,2024/QTR2/20240401_10-K_edgar_data_1211805_0001493152-24-012542.txt,,12,Other,unknown,data/manifests/filings/expansion_2024_batch_02.csv
expansion_2024_batch_02,593490af7a008c4e,20260308,quarter_round_robin,active_2021_2024,1224133,2024,2,10-K,20240401_10-K_edgar_data_1224133_0000950170-24-038807.txt,2024/QTR2/20240401_10-K_edgar_data_1224133_0000950170-24-038807.txt,,12,Other,unknown,data/manifests/filings/expansion_2024_batch_02.csv
expansion_2024_batch_02,f561a14ccf1354b4,20260308,quarter_round_robin,active_2021_2024,1261379,2024,2,10-K,20240401_10-K_edgar_data_1261379_0001213900-24-028573.txt,2024/QTR2/20240401_10-K_edgar_data_1261379_0001213900-24-028573.txt,,12,Other,unknown,data/manifests/filings/expansion_2024_batch_02.csv
expansion_2024_batch_02,9be45f97612cf6a8,20260308,quarter_round_robin,active_2021_2024,1282980,2024,2,10-K,20240401_10-K_edgar_data_1282980_0001213900-24-028793.txt,2024/QTR2/20240401_10-K_edgar_data_1282980_0001213900-24-028793.txt,,12,Other,unknown,data/manifests/filings/expansion_2024_batch_02.csv
expansion_2024_batch_03,e66dd44d51c6954e,20260309,quarter_round_robin,active_2021_2024,1351636,2024,2,10-K,20240401_10-K_edgar_data_1351636_0000950170-24-039479.txt,2024/QTR2/20240401_10-K_edgar_data_1351636_0000950170-24-039479.txt,,12,Other,unknown,data/manifests/filings/expansion_2024_batch_03.csv
expansion_2024_batch_03,6533051fd5b4672f,20260309,quarter_round_robin,active_2021_2024,1374339,2024,2,10-K,20240401_10-K_edgar_data_1374339_0001558370-24-004532.txt,2024/QTR2/20240401_10-K_edgar_data_1374339_0001558370-24-004532.txt,,12,Other,unknown,data/manifests/filings/expansion_2024_batch_03.csv
expansion_2024_batch_03,d5739f39af7e6c29,20260309,quarter_round_robin,active_2021_2024,1388295,2024,2,10-K,20240401_10-K_edgar_data_1388295_0001493152-24-012247.txt,2024/QTR2/20240401_10-K_edgar_data_1388295_0001493152-24-012247.txt,,12,Other,unknown,data/manifests/filings/expansion_2024_batch_03.csv
expansion_2024_batch_03,a85be33609dd1c75,20260309,quarter_round_robin,active_2021_2024,1389122,2024,2,10-K,20240401_10-K_edgar_data_1389122_0001213900-24-028573.txt,2024/QTR2/20240401_10-K_edgar_data_1389122_0001213900-24-028573.txt,,12,Other,unknown,data/manifests/filings/expansion_2024_batch_03.csv
expansion_2024_batch_03,1438e5d119c59a55,20260309,quarter_round_robin,active_2021_2024,1389123,2024,2,10-K,20240401_10-K_edgar_data_1389123_0001213900-24-028573.txt,2024/QTR2/20240401_10-K_edgar_data_1389123_0001213900-24-028573.txt,,12,Other,unknown,data/manifests/filings/expansion_2024_batch_03.csv
expansion_2024_batch_03,5994afc611c46e4a,20260309,quarter_round_robin,active_2021_2024,1389124,2024,2,10-K,20240401_10-K_edgar_data_1389124_0001213900-24-028573.txt,2024/QTR2/20240401_10-K_edgar_data_1389124_0001213900-24-028573.txt,,12,Other,unknown,data/manifests/filings/expansion_2024_batch_03.csv
expansion_2024_batch_03,06cfb6a9107d3c80,20260309,quarter_round_robin,active_2021_2024,1389125,2024,2,10-K,20240401_10-K_edgar_data_1389125_0001213900-24-028573.txt,2024/QTR2/20240401_10-K_edgar_data_1389125_0001213900-24-028573.txt,,12,Other,unknown,data/manifests/filings/expansion_2024_batch_03.csv
expansion_2024_batch_03,dfcf5ed0d2fe29b8,20260309,quarter_round_robin,active_2021_2024,1389128,2024,2,10-K,20240401_10-K_edgar_data_1389128_0001213900-24-028573.txt,2024/QTR2/20240401_10-K_edgar_data_1389128_0001213900-24-028573.txt,,12,Other,unknown,data/manifests/filings/expansion_2024_batch_03.csv
expansion_2024_batch_03,a01d2e5622f58d14,20260309,quarter_round_robin,active_2021_2024,1396536,2024,2,10-K,20240401_10-K_edgar_data_1396536_0001079973-24-000473.txt,2024/QTR2/20240401_10-K_edgar_data_1396536_0001079973-24-000473.txt,,12,Other,unknown,data/manifests/filings/expansion_2024_batch_03.csv
expansion_2024_batch_03,18c638b7ebf20ebb,20260309,quarter_round_robin,active_2021_2024,1397047,2024,2,10-K,20240401_10-K_edgar_data_1397047_0001213900-24-028705.txt,2024/QTR2/20240401_10-K_edgar_data_1397047_0001213900-24-028705.txt,,12,Other,unknown,data/manifests/filings/expansion_2024_batch_03.csv
expansion_2024_batch_03,30f9d478f186a2b0,20260309,quarter_round_robin,active_2021_2024,1397183,2024,2,10-K,20240401_10-K_edgar_data_1397183_0001493152-24-012417.txt,2024/QTR2/20240401_10-K_edgar_data_1397183_0001493152-24-012417.txt,,12,Other,unknown,data/manifests/filings/expansion_2024_batch_03.csv
expansion_2024_batch_04,27cf2be8bdd94a86,20260310,quarter_round_robin,active_2021_2024,1409269,2024,2,10-K,20240401_10-K_edgar_data_1409269_0001437749-24-010159.txt,2024/QTR2/20240401_10-K_edgar_data_1409269_0001437749-24-010159.txt,,12,Other,unknown,data/manifests/filings/expansion_2024_batch_04.csv
expansion_2024_batch_04,302aed7679fe7a1b,20260310,quarter_round_robin,active_2021_2024,1425627,2024,2,10-K,20240401_10-K_edgar_data_1425627_0001477932-24-001629.txt,2024/QTR2/20240401_10-K_edgar_data_1425627_0001477932-24-001629.txt,,12,Other,unknown,data/manifests/filings/expansion_2024_batch_04.csv
expansion_2024_batch_04,4986c6108f06ff55,20260310,quarter_round_robin,active_2021_2024,1427570,2024,2,10-K,20240401_10-K_edgar_data_1427570_0001558370-24-004559.txt,2024/QTR2/20240401_10-K_edgar_data_1427570_0001558370-24-004559.txt,,12,Other,unknown,data/manifests/filings/expansion_2024_batch_04.csv
expansion_2024_batch_04,ee70c66ca17c9a0a,20260310,quarter_round_robin,active_2021_2024,1431567,2024,2,10-K,20240401_10-K_edgar_data_1431567_0001437749-24-010372.txt,2024/QTR2/20240401_10-K_edgar_data_1431567_0001437749-24-010372.txt,,12,Other,unknown,data/manifests/filings/expansion_2024_batch_04.csv
expansion_2024_batch_04,d869309a0a12465a,20260310,quarter_round_robin,active_2021_2024,1437283,2024,2,10-K,20240401_10-K_edgar_data_1437283_0001214659-24-005793.txt,2024/QTR2/20240401_10-K_edgar_data_1437283_0001214659-24-005793.txt,,12,Other,unknown,data/manifests/filings/expansion_2024_batch_04.csv
expansion_2024_batch_04,cc6176f342c90f46,20260310,quarter_round_robin,active_2021_2024,1450720,2024,2,10-K,20240401_10-K_edgar_data_1450720_0001213900-24-028573.txt,2024/QTR2/20240401_10-K_edgar_data_1450720_0001213900-24-028573.txt,,12,Other,unknown,data/manifests/filings/expansion_2024_batch_04.csv
expansion_2024_batch_04,f7cb6af9f2ced616,20260310,quarter_round_robin,active_2021_2024,1450722,2024,2,10-K,20240401_10-K_edgar_data_1450722_0001213900-24-028573.txt,2024/QTR2/20240401_10-K_edgar_data_1450722_0001213900-24-028573.txt,,12,Other,unknown,data/manifests/filings/expansion_2024_batch_04.csv
expansion_2024_batch_04,b1a42333849387bb,20260310,quarter_round_robin,active_2021_2024,1452936,2024,2,10-K,20240401_10-K_edgar_data_1452936_0001452936-24-000035.txt,2024/QTR2/20240401_10-K_edgar_data_1452936_0001452936-24-000035.txt,,12,Other,unknown,data/manifests/filings/expansion_2024_batch_04.csv
expansion_2024_batch_04,61f1c854e629136c,20260310,quarter_round_robin,active_2021_2024,1453593,2024,2,10-K,20240401_10-K_edgar_data_1453593_0001493152-24-012145.txt,2024/QTR2/20240401_10-K_edgar_data_1453593_0001493152-24-012145.txt,,12,Other,unknown,data/manifests/filings/expansion_2024_batch_04.csv
expansion_2024_batch_04,9b405029fdef2aca,20260310,quarter_round_robin,active_2021_2024,1462056,2024,2,10-K,20240401_10-K_edgar_data_1462056_0001462056-24-000033.txt,2024/QTR2/20240401_10-K_edgar_data_1462056_0001462056-24-000033.txt,,12,Other,unknown,data/manifests/filings/expansion_2024_batch_04.csv
expansion_2024_batch_04,816292c2bfabb9d4,20260310,quarter_round_robin,active_2021_2024,1463913,2024,2,10-K,20240401_10-K_edgar_data_1463913_0001437749-24-010330.txt,2024/QTR2/20240401_10-K_edgar_data_1463913_0001437749-24-010330.txt,,12,Other,unknown,data/manifests/filings/expansion_2024_batch_04.csv
expansion_2024_batch_03,4540c68c82b6bbde,20260309,quarter_round_robin,active_2021_2024,1327688,2024,2,10-K,20240402_10-K_edgar_data_1327688_0000950170-24-040394.txt,2024/QTR2/20240402_10-K_edgar_data_1327688_0000950170-24-040394.txt,,12,Other,unknown,data/manifests/filings/expansion_2024_batch_03.csv
expansion_2024_batch_04,082c5b09264cf112,20260310,quarter_round_robin,active_2021_2024,1460329,2024,2,10-K,20240402_10-K_edgar_data_1460329_0001437749-24-010639.txt,2024/QTR2/20240402_10-K_edgar_data_1460329_0001437749-24-010639.txt,,12,Other,unknown,data/manifests/filings/expansion_2024_batch_04.csv
expansion_2024_batch_04,1b6d723a93c6b253,20260310,quarter_round_robin,active_2021_2024,1409171,2024,2,10-K,20240403_10-K_edgar_data_1409171_0001409171-24-000028.txt,2024/QTR2/20240403_10-K_edgar_data_1409171_0001409171-24-000028.txt,,12,Other,unknown,data/manifests/filings/expansion_2024_batch_04.csv
expansion_2024_batch_01,aa339a856eb04f53,20260307,quarter_round_robin,active_2021_2024,1070235,2024,2,10-K,20240404_10-K_edgar_data_1070235_0001070235-24-000057.txt,2024/QTR2/20240404_10-K_edgar_data_1070235_0001070235-24-000057.txt,,12,Other,unknown,data/manifests/filings/expansion_2024_batch_01.csv
expansion_2024_batch_02,0586d81360a2e568,20260308,quarter_round_robin,active_2021_2024,1132105,2024,2,10-K,20240404_10-K_edgar_data_1132105_0000950170-24-041618.txt,2024/QTR2/20240404_10-K_edgar_data_1132105_0000950170-24-041618.txt,,12,Other,unknown,data/manifests/filings/expansion_2024_batch_02.csv
expansion_2024_batch_02,7c18285297cc7ab6,20260308,quarter_round_robin,active_2021_2024,1089815,2024,2,10-K,20240405_10-K_edgar_data_1089815_0001140361-24-018303.txt,2024/QTR2/20240405_10-K_edgar_data_1089815_0001140361-24-018303.txt,,12,Other,unknown,data/manifests/filings/expansion_2024_batch_02.csv
expansion_2024_batch_01,17e0fd89382ff1b9,20260307,quarter_round_robin,active_2021_2024,1051343,2024,2,10-K,20240408_10-K_edgar_data_1051343_0001140361-24-018439.txt,2024/QTR2/20240408_10-K_edgar_data_1051343_0001140361-24-018439.txt,,12,Other,unknown,data/manifests/filings/expansion_2024_batch_01.csv
expansion_2024_batch_01,406a208813fe58c0,20260307,quarter_round_robin,active_2021_2024,1084267,2024,2,10-K,20240408_10-K_edgar_data_1084267_0001683168-24-002214.txt,2024/QTR2/20240408_10-K_edgar_data_1084267_0001683168-24-002214.txt,7310.0,12,Other,controls_by_firm_year,data/manifests/filings/expansion_2024_batch_01.csv
expansion_2024_batch_02,c61d1baa369d19f6,20260308,quarter_round_robin,active_2021_2024,1103795,2024,2,10-K,20240409_10-K_edgar_data_1103795_0001683168-24-002236.txt,2024/QTR2/20240409_10-K_edgar_data_1103795_0001683168-24-002236.txt,,12,Other,unknown,data/manifests/filings/expansion_2024_batch_02.csv
expansion_2024_batch_02,6f1d67213c060c66,20260308,quarter_round_robin,active_2021_2024,1174891,2024,2,10-K,20240409_10-K_edgar_data_1174891_0001493152-24-014061.txt,2024/QTR2/20240409_10-K_edgar_data_1174891_0001493152-24-014061.txt,,12,Other,unknown,data/manifests/filings/expansion_2024_batch_02.csv
expansion_2024_batch_03,9fb50ff56ea1bd65,20260309,quarter_round_robin,active_2021_2024,1355848,2024,2,10-K,20240409_10-K_edgar_data_1355848_0001355848-24-000052.txt,2024/QTR2/20240409_10-K_edgar_data_1355848_0001355848-24-000052.txt,,12,Other,unknown,data/manifests/filings/expansion_2024_batch_03.csv
expansion_2024_batch_01,2dc8a7f7b994d581,20260307,quarter_round_robin,active_2021_2024,100591,2024,2,10-K,20240411_10-K_edgar_data_100591_0001558370-24-004979.txt,2024/QTR2/20240411_10-K_edgar_data_100591_0001558370-24-004979.txt,,12,Other,unknown,data/manifests/filings/expansion_2024_batch_01.csv
expansion_2024_batch_04,530dae89e90a6c19,20260310,quarter_round_robin,active_2021_2024,1468327,2024,2,10-K,20240411_10-K_edgar_data_1468327_0001468327-24-000114.txt,2024/QTR2/20240411_10-K_edgar_data_1468327_0001468327-24-000114.txt,,12,Other,unknown,data/manifests/filings/expansion_2024_batch_04.csv
expansion_2024_batch_04,1612dc43abe06620,20260310,quarter_round_robin,active_2021_2024,1467761,2024,2,10-K,20240412_10-K_edgar_data_1467761_0001829126-24-002449.txt,2024/QTR2/20240412_10-K_edgar_data_1467761_0001829126-24-002449.txt,,12,Other,unknown,data/manifests/filings/expansion_2024_batch_04.csv
expansion_2024_batch_02,26578cf249a24cc1,20260308,quarter_round_robin,active_2021_2024,1170010,2024,2,10-K,20240415_10-K_edgar_data_1170010_0001170010-24-000034.txt,2024/QTR2/20240415_10-K_edgar_data_1170010_0001170010-24-000034.txt,,12,Other,unknown,data/manifests/filings/expansion_2024_batch_02.csv
expansion_2024_batch_02,0c6a991192bf18ab,20260308,quarter_round_robin,active_2021_2024,1265521,2024,2,10-K,20240415_10-K_edgar_data_1265521_0001493152-24-014594.txt,2024/QTR2/20240415_10-K_edgar_data_1265521_0001493152-24-014594.txt,,12,Other,unknown,data/manifests/filings/expansion_2024_batch_02.csv
expansion_2024_batch_02,8bec05c0946e2f2e,20260308,quarter_round_robin,active_2021_2024,1314196,2024,2,10-K,20240415_10-K_edgar_data_1314196_0001213900-24-032767.txt,2024/QTR2/20240415_10-K_edgar_data_1314196_0001213900-24-032767.txt,,12,Other,unknown,data/manifests/filings/expansion_2024_batch_02.csv
expansion_2024_batch_03,cdcd86a9510e09f6,20260309,quarter_round_robin,active_2021_2024,1368365,2024,2,10-K,20240415_10-K_edgar_data_1368365_0001368365-24-000060.txt,2024/QTR2/20240415_10-K_edgar_data_1368365_0001368365-24-000060.txt,,12,Other,unknown,data/manifests/filings/expansion_2024_batch_03.csv
expansion_2024_batch_03,33ea66a84453117f,20260309,quarter_round_robin,active_2021_2024,1394108,2024,2,10-K,20240415_10-K_edgar_data_1394108_0001554795-24-000105.txt,2024/QTR2/20240415_10-K_edgar_data_1394108_0001554795-24-000105.txt,,12,Other,unknown,data/manifests/filings/expansion_2024_batch_03.csv
expansion_2024_batch_04,cd68db8da8721ada,20260310,quarter_round_robin,active_2021_2024,1420565,2024,2,10-K,20240415_10-K_edgar_data_1420565_0000950170-24-044508.txt,2024/QTR2/20240415_10-K_edgar_data_1420565_0000950170-24-044508.txt,,12,Other,unknown,data/manifests/filings/expansion_2024_batch_04.csv
expansion_2024_batch_04,86e380f87967fcad,20260310,quarter_round_robin,active_2021_2024,1448431,2024,2,10-K,20240415_10-K_edgar_data_1448431_0001213900-24-033000.txt,2024/QTR2/20240415_10-K_edgar_data_1448431_0001213900-24-033000.txt,,12,Other,unknown,data/manifests/filings/expansion_2024_batch_04.csv
expansion_2024_batch_04,30085a803cc16768,20260310,quarter_round_robin,active_2021_2024,1460602,2024,2,10-K,20240415_10-K_edgar_data_1460602_0001493152-24-014652.txt,2024/QTR2/20240415_10-K_edgar_data_1460602_0001493152-24-014652.txt,,12,Other,unknown,data/manifests/filings/expansion_2024_batch_04.csv
expansion_2024_batch_04,b6a288f93b2c2281,20260310,quarter_round_robin,active_2021_2024,1463972,2024,2,10-K,20240415_10-K_edgar_data_1463972_0001558370-24-005117.txt,2024/QTR2/20240415_10-K_edgar_data_1463972_0001558370-24-005117.txt,,12,Other,unknown,data/manifests/filings/expansion_2024_batch_04.csv
expansion_2024_batch_02,e1bfaf7980915899,20260308,quarter_round_robin,active_2021_2024,1136174,2024,2,10-K,20240416_10-K_edgar_data_1136174_0001628280-24-016456.txt,2024/QTR2/20240416_10-K_edgar_data_1136174_0001628280-24-016456.txt,,12,Other,unknown,data/manifests/filings/expansion_2024_batch_02.csv
expansion_2024_batch_01,4fc4e588e57c157c,20260307,quarter_round_robin,active_2021_2024,1138476,2024,2,10-K,20240416_10-K_edgar_data_1138476_0001185185-24-000392.txt,2024/QTR2/20240416_10-K_edgar_data_1138476_0001185185-24-000392.txt,8090.0,10,Hlth,controls_by_firm_year,data/manifests/filings/expansion_2024_batch_01.csv
expansion_2024_batch_03,0fb3d330aec7b663,20260309,quarter_round_robin,active_2021_2024,1391426,2024,2,10-K,20240416_10-K_edgar_data_1391426_0001903596-24-000247.txt,2024/QTR2/20240416_10-K_edgar_data_1391426_0001903596-24-000247.txt,,12,Other,unknown,data/manifests/filings/expansion_2024_batch_03.csv
expansion_2024_batch_03,05f2d8c977ce3c89,20260309,quarter_round_robin,active_2021_2024,1398805,2024,2,10-K,20240416_10-K_edgar_data_1398805_0001683168-24-002470.txt,2024/QTR2/20240416_10-K_edgar_data_1398805_0001683168-24-002470.txt,,12,Other,unknown,data/manifests/filings/expansion_2024_batch_03.csv
expansion_2024_batch_04,793a5d9c9d58b694,20260310,quarter_round_robin,active_2021_2024,1439264,2024,2,10-K,20240416_10-K_edgar_data_1439264_0001683168-24-002419.txt,2024/QTR2/20240416_10-K_edgar_data_1439264_0001683168-24-002419.txt,,12,Other,unknown,data/manifests/filings/expansion_2024_batch_04.csv
expansion_2024_batch_04,4c2dfff9ace257df,20260310,quarter_round_robin,active_2021_2024,1462223,2024,2,10-K,20240416_10-K_edgar_data_1462223_0001654954-24-004693.txt,2024/QTR2/20240416_10-K_edgar_data_1462223_0001654954-24-004693.txt,,12,Other,unknown,data/manifests/filings/expansion_2024_batch_04.csv
expansion_2024_batch_01,b79d8e3989620a01,20260307,quarter_round_robin,active_2021_2024,1064722,2024,2,10-K,20240417_10-K_edgar_data_1064722_0001493152-24-015016.txt,2024/QTR2/20240417_10-K_edgar_data_1064722_0001493152-24-015016.txt,,12,Other,unknown,data/manifests/filings/expansion_2024_batch_01.csv
expansion_2024_batch_01,43d64d39c06052b8,20260307,quarter_round_robin,active_2021_2024,1068689,2024,2,10-K,20240417_10-K_edgar_data_1068689_0001493152-24-014964.txt,2024/QTR2/20240417_10-K_edgar_data_1068689_0001493152-24-014964.txt,,12,Other,unknown,data/manifests/filings/expansion_2024_batch_01.csv
expansion_2024_batch_01,96ae4f0bfe559804,20260307,quarter_round_robin,active_2021_2024,1084475,2024,2,10-K,20240417_10-K_edgar_data_1084475_0001493152-24-015039.txt,2024/QTR2/20240417_10-K_edgar_data_1084475_0001493152-24-015039.txt,,12,Other,unknown,data/manifests/filings/expansion_2024_batch_01.csv
expansion_2024_batch_04,7c11bdc4c6c36dc7,20260310,quarter_round_robin,active_2021_2024,1447380,2024,2,10-K,20240417_10-K_edgar_data_1447380_0001493152-24-014966.txt,2024/QTR2/20240417_10-K_edgar_data_1447380_0001493152-24-014966.txt,,12,Other,unknown,data/manifests/filings/expansion_2024_batch_04.csv
expansion_2024_batch_04,4419a7983111f23f,20260310,quarter_round_robin,active_2021_2024,1450704,2024,2,10-K,20240417_10-K_edgar_data_1450704_0001829126-24-002582.txt,2024/QTR2/20240417_10-K_edgar_data_1450704_0001829126-24-002582.txt,,12,Other,unknown,data/manifests/filings/expansion_2024_batch_04.csv
expansion_2024_batch_01,2706a3a126c6e71d,20260307,quarter_round_robin,active_2021_2024,1049011,2024,2,10-K,20240418_10-K_edgar_data_1049011_0001493152-24-015154.txt,2024/QTR2/20240418_10-K_edgar_data_1049011_0001493152-24-015154.txt,,12,Other,unknown,data/manifests/filings/expansion_2024_batch_01.csv
expansion_2024_batch_02,aa055b80b4607c4b,20260308,quarter_round_robin,active_2021_2024,1113809,2024,2,10-K,20240418_10-K_edgar_data_1113809_0001437749-24-012440.txt,2024/QTR2/20240418_10-K_edgar_data_1113809_0001437749-24-012440.txt,,12,Other,unknown,data/manifests/filings/expansion_2024_batch_02.csv
expansion_2024_batch_01,af400c8453a3d2b2,20260307,quarter_round_robin,active_2021_2024,1083220,2024,2,10-K,20240419_10-K_edgar_data_1083220_0001558370-24-005326.txt,2024/QTR2/20240419_10-K_edgar_data_1083220_0001558370-24-005326.txt,,12,Other,unknown,data/manifests/filings/expansion_2024_batch_01.csv
expansion_2024_batch_04,880ccaebfe8de6e1,20260310,quarter_round_robin,active_2021_2024,1471781,2024,2,10-K,20240419_10-K_edgar_data_1471781_0001731122-24-000657.txt,2024/QTR2/20240419_10-K_edgar_data_1471781_0001731122-24-000657.txt,,12,Other,unknown,data/manifests/filings/expansion_2024_batch_04.csv
expansion_2024_batch_03,15857ba81714178d,20260309,quarter_round_robin,active_2021_2024,1382574,2024,2,10-K,20240422_10-K_edgar_data_1382574_0001493152-24-015595.txt,2024/QTR2/20240422_10-K_edgar_data_1382574_0001493152-24-015595.txt,,12,Other,unknown,data/manifests/filings/expansion_2024_batch_03.csv
expansion_2024_batch_03,b7e52e0eb333348b,20260309,quarter_round_robin,active_2021_2024,1342219,2024,2,10-K,20240429_10-K_edgar_data_1342219_0001683168-24-002763.txt,2024/QTR2/20240429_10-K_edgar_data_1342219_0001683168-24-002763.txt,,12,Other,unknown,data/manifests/filings/expansion_2024_batch_03.csv
expansion_2024_batch_03,fce786844dd794f4,20260309,quarter_round_robin,active_2021_2024,1335112,2024,2,10-K,20240503_10-K_edgar_data_1335112_0001575872-24-000488.txt,2024/QTR2/20240503_10-K_edgar_data_1335112_0001575872-24-000488.txt,,12,Other,unknown,data/manifests/filings/expansion_2024_batch_03.csv
expansion_2024_batch_02,f4ace27a152dac20,20260308,quarter_round_robin,active_2021_2024,1304280,2024,2,10-K,20240506_10-K_edgar_data_1304280_0001304280-24-000024.txt,2024/QTR2/20240506_10-K_edgar_data_1304280_0001304280-24-000024.txt,,12,Other,unknown,data/manifests/filings/expansion_2024_batch_02.csv
expansion_2024_batch_01,6a59fd591efe0a15,20260307,quarter_round_robin,active_2021_2024,1023994,2024,2,10-K,20240507_10-K_edgar_data_1023994_0001213900-24-040541.txt,2024/QTR2/20240507_10-K_edgar_data_1023994_0001213900-24-040541.txt,3440.0,3,Manuf,controls_by_firm_year,data/manifests/filings/expansion_2024_batch_01.csv
expansion_2024_batch_02,23eb1cce19a3743f,20260308,quarter_round_robin,active_2021_2024,1169561,2024,2,10-K,20240513_10-K_edgar_data_1169561_0001169561-24-000039.txt,2024/QTR2/20240513_10-K_edgar_data_1169561_0001169561-24-000039.txt,,12,Other,unknown,data/manifests/filings/expansion_2024_batch_02.csv
expansion_2024_batch_04,addbc558f3f1a9fb,20260310,quarter_round_robin,active_2021_2024,1413754,2024,2,10-K,20240513_10-K_edgar_data_1413754_0001493152-24-018935.txt,2024/QTR2/20240513_10-K_edgar_data_1413754_0001493152-24-018935.txt,,12,Other,unknown,data/manifests/filings/expansion_2024_batch_04.csv
expansion_2024_batch_01,2ef5ef3ef7cbaf8e,20260307,quarter_round_robin,active_2021_2024,1032975,2024,2,10-K,20240516_10-K_edgar_data_1032975_0001032975-24-000023.txt,2024/QTR2/20240516_10-K_edgar_data_1032975_0001032975-24-000023.txt,,12,Other,unknown,data/manifests/filings/expansion_2024_batch_01.csv
expansion_2024_batch_01,bdae15297951b540,20260307,quarter_round_robin,active_2021_2024,1078075,2024,2,10-K,20240516_10-K_edgar_data_1078075_0001628280-24-023777.txt,2024/QTR2/20240516_10-K_edgar_data_1078075_0001628280-24-023777.txt,,12,Other,unknown,data/manifests/filings/expansion_2024_batch_01.csv
expansion_2024_batch_02,5fc35049dbc5d6f5,20260308,quarter_round_robin,active_2021_2024,1138639,2024,2,10-K,20240517_10-K_edgar_data_1138639_0001138639-24-000122.txt,2024/QTR2/20240517_10-K_edgar_data_1138639_0001138639-24-000122.txt,,12,Other,unknown,data/manifests/filings/expansion_2024_batch_02.csv
expansion_2024_batch_01,c64e0e90ee1295f0,20260307,quarter_round_robin,active_2021_2024,1023731,2024,2,10-K,20240521_10-K_edgar_data_1023731_0001023731-24-000042.txt,2024/QTR2/20240521_10-K_edgar_data_1023731_0001023731-24-000042.txt,,12,Other,unknown,data/manifests/filings/expansion_2024_batch_01.csv
expansion_2024_batch_02,608ff726d4e6f3ab,20260308,quarter_round_robin,active_2021_2024,1289308,2024,2,10-K,20240522_10-K_edgar_data_1289308_0001289308-24-000018.txt,2024/QTR2/20240522_10-K_edgar_data_1289308_0001289308-24-000018.txt,,12,Other,unknown,data/manifests/filings/expansion_2024_batch_02.csv
expansion_2024_batch_01,166a5f9d98c3f432,20260307,quarter_round_robin,active_2021_2024,1022408,2024,2,10-K,20240523_10-K_edgar_data_1022408_0001140361-24-027200.txt,2024/QTR2/20240523_10-K_edgar_data_1022408_0001140361-24-027200.txt,,12,Other,unknown,data/manifests/filings/expansion_2024_batch_01.csv
expansion_2024_batch_01,6466da2829694d63,20260307,quarter_round_robin,active_2021_2024,103379,2024,2,10-K,20240523_10-K_edgar_data_103379_0000103379-24-000008.txt,2024/QTR2/20240523_10-K_edgar_data_103379_0000103379-24-000008.txt,,12,Other,unknown,data/manifests/filings/expansion_2024_batch_01.csv
expansion_2024_batch_01,2eb3816a235c5a9c,20260307,quarter_round_robin,active_2021_2024,1037038,2024,2,10-K,20240523_10-K_edgar_data_1037038_0001037038-24-000014.txt,2024/QTR2/20240523_10-K_edgar_data_1037038_0001037038-24-000014.txt,,12,Other,unknown,data/manifests/filings/expansion_2024_batch_01.csv
expansion_2024_batch_04,e746ad69388ef588,20260310,quarter_round_robin,active_2021_2024,1433642,2024,2,10-K,20240523_10-K_edgar_data_1433642_0001433642-24-000064.txt,2024/QTR2/20240523_10-K_edgar_data_1433642_0001433642-24-000064.txt,,12,Other,unknown,data/manifests/filings/expansion_2024_batch_04.csv
expansion_2024_batch_03,0cc468644b055f8c,20260309,quarter_round_robin,active_2021_2024,1375793,2024,2,10-K,20240524_10-K_edgar_data_1375793_0001493152-24-021380.txt,2024/QTR2/20240524_10-K_edgar_data_1375793_0001493152-24-021380.txt,,12,Other,unknown,data/manifests/filings/expansion_2024_batch_03.csv
expansion_2024_batch_04,a3c358c07eb0b297,20260310,quarter_round_robin,active_2021_2024,1443646,2024,2,10-K,20240524_10-K_edgar_data_1443646_0001443646-24-000075.txt,2024/QTR2/20240524_10-K_edgar_data_1443646_0001443646-24-000075.txt,,12,Other,unknown,data/manifests/filings/expansion_2024_batch_04.csv
expansion_2024_batch_04,a84eaaf44ee9b5a3,20260310,quarter_round_robin,active_2021_2024,1411688,2024,2,10-K,20240528_10-K_edgar_data_1411688_0001628280-24-025287.txt,2024/QTR2/20240528_10-K_edgar_data_1411688_0001628280-24-025287.txt,,12,Other,unknown,data/manifests/filings/expansion_2024_batch_04.csv
expansion_2024_batch_03,ae0c5ba08a71db78,20260309,quarter_round_robin,active_2021_2024,1336917,2024,2,10-K,20240529_10-K_edgar_data_1336917_0001336917-24-000073.txt,2024/QTR2/20240529_10-K_edgar_data_1336917_0001336917-24-000073.txt,,12,Other,unknown,data/manifests/filings/expansion_2024_batch_03.csv
expansion_2024_batch_02,4ce8f246abbfbfa5,20260308,quarter_round_robin,active_2021_2024,1293818,2024,2,10-K,20240603_10-K_edgar_data_1293818_0001829126-24-003930.txt,2024/QTR2/20240603_10-K_edgar_data_1293818_0001829126-24-003930.txt,,12,Other,unknown,data/manifests/filings/expansion_2024_batch_02.csv
expansion_2024_batch_01,658098c52bf3b869,20260307,quarter_round_robin,active_2021_2024,1041657,2024,2,10-K,20240607_10-K_edgar_data_1041657_0001558370-24-009018.txt,2024/QTR2/20240607_10-K_edgar_data_1041657_0001558370-24-009018.txt,,12,Other,unknown,data/manifests/filings/expansion_2024_batch_01.csv
expansion_2024_batch_01,a08479be25e3005a,20260307,quarter_round_robin,active_2021_2024,1002047,2024,2,10-K,20240610_10-K_edgar_data_1002047_0000950170-24-071327.txt,2024/QTR2/20240610_10-K_edgar_data_1002047_0000950170-24-071327.txt,,12,Other,unknown,data/manifests/filings/expansion_2024_batch_01.csv
expansion_2024_batch_01,dc23dd23cb6ee7b9,20260307,quarter_round_robin,active_2021_2024,1015383,2024,2,10-K,20240613_10-K_edgar_data_1015383_0001493152-24-023731.txt,2024/QTR2/20240613_10-K_edgar_data_1015383_0001493152-24-023731.txt,,12,Other,unknown,data/manifests/filings/expansion_2024_batch_01.csv
expansion_2024_batch_02,cbacd3e0c753ce5c,20260308,quarter_round_robin,active_2021_2024,1126741,2024,2,10-K,20240613_10-K_edgar_data_1126741_0001558370-24-009139.txt,2024/QTR2/20240613_10-K_edgar_data_1126741_0001558370-24-009139.txt,,12,Other,unknown,data/manifests/filings/expansion_2024_batch_02.csv
expansion_2024_batch_01,a72bb1985ba93e95,20260307,quarter_round_robin,active_2021_2024,1040130,2024,2,10-K,20240614_10-K_edgar_data_1040130_0001040130-24-000046.txt,2024/QTR2/20240614_10-K_edgar_data_1040130_0001040130-24-000046.txt,,12,Other,unknown,data/manifests/filings/expansion_2024_batch_01.csv
expansion_2024_batch_04,f6080c8fb4443caa,20260310,quarter_round_robin,active_2021_2024,14693,2024,2,10-K,20240614_10-K_edgar_data_14693_0000014693-24-000086.txt,2024/QTR2/20240614_10-K_edgar_data_14693_0000014693-24-000086.txt,,12,Other,unknown,data/manifests/filings/expansion_2024_batch_04.csv
expansion_2024_batch_03,605484c60a41ccb1,20260309,quarter_round_robin,active_2021_2024,1341439,2024,2,10-K,20240620_10-K_edgar_data_1341439_0000950170-24-075605.txt,2024/QTR2/20240620_10-K_edgar_data_1341439_0000950170-24-075605.txt,,12,Other,unknown,data/manifests/filings/expansion_2024_batch_03.csv
expansion_2024_batch_03,e924fade7e3c92f2,20260309,quarter_round_robin,active_2021_2024,1326205,2024,2,10-K,20240624_10-K_edgar_data_1326205_0001185185-24-000650.txt,2024/QTR2/20240624_10-K_edgar_data_1326205_0001185185-24-000650.txt,,12,Other,unknown,data/manifests/filings/expansion_2024_batch_03.csv
expansion_2024_batch_01,000317ca9f5a6341,20260307,quarter_round_robin,active_2021_2024,107140,2024,2,10-K,20240626_10-K_edgar_data_107140_0000107140-24-000114.txt,2024/QTR2/20240626_10-K_edgar_data_107140_0000107140-24-000114.txt,,12,Other,unknown,data/manifests/filings/expansion_2024_batch_01.csv
expansion_2024_batch_02,c0d4af4712a4970b,20260308,quarter_round_robin,active_2021_2024,1304492,2024,2,10-K,20240626_10-K_edgar_data_1304492_0001304492-24-000077.txt,2024/QTR2/20240626_10-K_edgar_data_1304492_0001304492-24-000077.txt,,12,Other,unknown,data/manifests/filings/expansion_2024_batch_02.csv
expansion_2024_batch_04,0e4c6fe78589e808,20260310,quarter_round_robin,active_2021_2024,1429393,2024,2,10-K,20240626_10-K_edgar_data_1429393_0001477932-24-003883.txt,2024/QTR2/20240626_10-K_edgar_data_1429393_0001477932-24-003883.txt,,12,Other,unknown,data/manifests/filings/expansion_2024_batch_04.csv
expansion_2024_batch_03,972071f66dbb5b7b,20260309,quarter_round_robin,active_2021_2024,1368622,2024,2,10-K,20240627_10-K_edgar_data_1368622_0001558370-24-009515.txt,2024/QTR2/20240627_10-K_edgar_data_1368622_0001558370-24-009515.txt,,12,Other,unknown,data/manifests/filings/expansion_2024_batch_03.csv
expansion_2024_batch_01,27e674adea2ce2b5,20260307,quarter_round_robin,active_2021_2024,1053369,2024,3,10-K,20240701_10-K_edgar_data_1053369_0001493152-24-025829.txt,2024/QTR3/20240701_10-K_edgar_data_1053369_0001493152-24-025829.txt,,12,Other,unknown,data/manifests/filings/expansion_2024_batch_01.csv
expansion_2024_batch_01,e8f951e7dac5b47f,20260307,quarter_round_robin,active_2021_2024,1173204,2024,3,10-K,20240701_10-K_edgar_data_1173204_0000950170-24-079718.txt,2024/QTR3/20240701_10-K_edgar_data_1173204_0000950170-24-079718.txt,,12,Other,unknown,data/manifests/filings/expansion_2024_batch_01.csv
expansion_2024_batch_03,b6ed435154fbc48e,20260309,quarter_round_robin,active_2021_2024,1634117,2024,3,10-K,20240701_10-K_edgar_data_1634117_0001634117-24-000048.txt,2024/QTR3/20240701_10-K_edgar_data_1634117_0001634117-24-000048.txt,,12,Other,unknown,data/manifests/filings/expansion_2024_batch_03.csv
expansion_2024_batch_03,0aa587c1d60a737f,20260309,quarter_round_robin,active_2021_2024,1672572,2024,3,10-K,20240701_10-K_edgar_data_1672572_0001493152-24-025788.txt,2024/QTR3/20240701_10-K_edgar_data_1672572_0001493152-24-025788.txt,,12,Other,unknown,data/manifests/filings/expansion_2024_batch_03.csv
expansion_2024_batch_04,4fcf7f0ce8dc217e,20260310,quarter_round_robin,active_2021_2024,1845550,2024,3,10-K,20240701_10-K_edgar_data_1845550_0001213900-24-057365.txt,2024/QTR3/20240701_10-K_edgar_data_1845550_0001213900-24-057365.txt,,12,Other,unknown,data/manifests/filings/expansion_2024_batch_04.csv
expansion_2024_batch_04,eb546a2a12caf2de,20260310,quarter_round_robin,active_2021_2024,1868640,2024,3,10-K,20240701_10-K_edgar_data_1868640_0000950170-24-079647.txt,2024/QTR3/20240701_10-K_edgar_data_1868640_0000950170-24-079647.txt,,12,Other,unknown,data/manifests/filings/expansion_2024_batch_04.csv
expansion_2024_batch_01,0199af3c09524041,20260307,quarter_round_robin,active_2021_2024,1290658,2024,3,10-K,20240703_10-K_edgar_data_1290658_0001683168-24-004655.txt,2024/QTR3/20240703_10-K_edgar_data_1290658_0001683168-24-004655.txt,,12,Other,unknown,data/manifests/filings/expansion_2024_batch_01.csv
expansion_2024_batch_03,ce74ca953601e644,20260309,quarter_round_robin,active_2021_2024,1740797,2024,3,10-K,20240703_10-K_edgar_data_1740797_0001740797-24-000031.txt,2024/QTR3/20240703_10-K_edgar_data_1740797_0001740797-24-000031.txt,,12,Other,unknown,data/manifests/filings/expansion_2024_batch_03.csv
expansion_2024_batch_03,5c52737382d85935,20260309,quarter_round_robin,active_2021_2024,1647822,2024,3,10-K,20240705_10-K_edgar_data_1647822_0001493152-24-026267.txt,2024/QTR3/20240705_10-K_edgar_data_1647822_0001493152-24-026267.txt,,12,Other,unknown,data/manifests/filings/expansion_2024_batch_03.csv
expansion_2024_batch_02,4c915585ab7ce65e,20260308,quarter_round_robin,active_2021_2024,1561880,2024,3,10-K,20240709_10-K_edgar_data_1561880_0001493152-24-026528.txt,2024/QTR3/20240709_10-K_edgar_data_1561880_0001493152-24-026528.txt,,12,Other,unknown,data/manifests/filings/expansion_2024_batch_02.csv
expansion_2024_batch_03,34c9f0c4b50f00dd,20260309,quarter_round_robin,active_2021_2024,1775734,2024,3,10-K,20240709_10-K_edgar_data_1775734_0001775734-24-000029.txt,2024/QTR3/20240709_10-K_edgar_data_1775734_0001775734-24-000029.txt,,12,Other,unknown,data/manifests/filings/expansion_2024_batch_03.csv
expansion_2024_batch_04,0b63cef1b2069235,20260310,quarter_round_robin,active_2021_2024,1854583,2024,3,10-K,20240710_10-K_edgar_data_1854583_0001213900-24-060521.txt,2024/QTR3/20240710_10-K_edgar_data_1854583_0001213900-24-060521.txt,,12,Other,unknown,data/manifests/filings/expansion_2024_batch_04.csv
expansion_2024_batch_03,d3e9efe9d4cbf16d,20260309,quarter_round_robin,active_2021_2024,1811999,2024,3,10-K,20240711_10-K_edgar_data_1811999_0001096906-24-001512.txt,2024/QTR3/20240711_10-K_edgar_data_1811999_0001096906-24-001512.txt,,12,Other,unknown,data/manifests/filings/expansion_2024_batch_03.csv
expansion_2024_batch_04,9cb19d4fd7f89ece,20260310,quarter_round_robin,active_2021_2024,1854275,2024,3,10-K,20240712_10-K_edgar_data_1854275_0001213900-24-060948.txt,2024/QTR3/20240712_10-K_edgar_data_1854275_0001213900-24-060948.txt,,12,Other,unknown,data/manifests/filings/expansion_2024_batch_04.csv
expansion_2024_batch_01,ad959cba0265810d,20260307,quarter_round_robin,active_2021_2024,1048911,2024,3,10-K,20240715_10-K_edgar_data_1048911_0000950170-24-083577.txt,2024/QTR3/20240715_10-K_edgar_data_1048911_0000950170-24-083577.txt,,12,Other,unknown,data/manifests/filings/expansion_2024_batch_01.csv
expansion_2024_batch_02,f6335d9a8a0d1081,20260308,quarter_round_robin,active_2021_2024,1438461,2024,3,10-K,20240715_10-K_edgar_data_1438461_0001640334-24-001102.txt,2024/QTR3/20240715_10-K_edgar_data_1438461_0001640334-24-001102.txt,,12,Other,unknown,data/manifests/filings/expansion_2024_batch_02.csv
expansion_2024_batch_03,99e88546dfc4e3a6,20260309,quarter_round_robin,active_2021_2024,1650101,2024,3,10-K,20240715_10-K_edgar_data_1650101_0001493152-24-027830.txt,2024/QTR3/20240715_10-K_edgar_data_1650101_0001493152-24-027830.txt,,12,Other,unknown,data/manifests/filings/expansion_2024_batch_03.csv
expansion_2024_batch_04,13f71a063b81c574,20260310,quarter_round_robin,active_2021_2024,1883788,2024,3,10-K,20240715_10-K_edgar_data_1883788_0000950170-24-083628.txt,2024/QTR3/20240715_10-K_edgar_data_1883788_0000950170-24-083628.txt,,12,Other,unknown,data/manifests/filings/expansion_2024_batch_04.csv
expansion_2024_batch_02,0553ea5a3b0311fb,20260308,quarter_round_robin,active_2021_2024,1437491,2024,3,10-K,20240716_10-K_edgar_data_1437491_0001214659-24-012432.txt,2024/QTR3/20240716_10-K_edgar_data_1437491_0001214659-24-012432.txt,,12,Other,unknown,data/manifests/filings/expansion_2024_batch_02.csv
expansion_2024_batch_04,b5d3b6bd0cd45f7c,20260310,quarter_round_robin,active_2021_2024,1911545,2024,3,10-K,20240716_10-K_edgar_data_1911545_0001213900-24-061514.txt,2024/QTR3/20240716_10-K_edgar_data_1911545_0001213900-24-061514.txt,,12,Other,unknown,data/manifests/filings/expansion_2024_batch_04.csv
expansion_2024_batch_03,6c75f0e13ce007fb,20260309,quarter_round_robin,active_2021_2024,1750,2024,3,10-K,20240719_10-K_edgar_data_1750_0001104659-24-080890.txt,2024/QTR3/20240719_10-K_edgar_data_1750_0001104659-24-080890.txt,,12,Other,unknown,data/manifests/filings/expansion_2024_batch_03.csv
expansion_2024_batch_01,5653bdfb2e7441fb,20260307,quarter_round_robin,active_2021_2024,1084765,2024,3,10-K,20240722_10-K_edgar_data_1084765_0001084765-24-000089.txt,2024/QTR3/20240722_10-K_edgar_data_1084765_0001084765-24-000089.txt,,12,Other,unknown,data/manifests/filings/expansion_2024_batch_01.csv
expansion_2024_batch_04,50d047f6cbeb0c76,20260310,quarter_round_robin,active_2021_2024,1831964,2024,3,10-K,20240723_10-K_edgar_data_1831964_0001013762-24-000579.txt,2024/QTR3/20240723_10-K_edgar_data_1831964_0001013762-24-000579.txt,,12,Other,unknown,data/manifests/filings/expansion_2024_batch_04.csv
expansion_2024_batch_03,4935f070a637412c,20260309,quarter_round_robin,active_2021_2024,1679273,2024,3,10-K,20240724_10-K_edgar_data_1679273_0001679273-24-000036.txt,2024/QTR3/20240724_10-K_edgar_data_1679273_0001679273-24-000036.txt,,12,Other,unknown,data/manifests/filings/expansion_2024_batch_03.csv
expansion_2024_batch_01,359f1306113a700b,20260307,quarter_round_robin,active_2021_2024,110621,2024,3,10-K,20240725_10-K_edgar_data_110621_0000950170-24-086386.txt,2024/QTR3/20240725_10-K_edgar_data_110621_0000950170-24-086386.txt,,12,Other,unknown,data/manifests/filings/expansion_2024_batch_01.csv
expansion_2024_batch_01,58b4bede53590035,20260307,quarter_round_robin,active_2021_2024,1275187,2024,3,10-K,20240725_10-K_edgar_data_1275187_0001628280-24-032989.txt,2024/QTR3/20240725_10-K_edgar_data_1275187_0001628280-24-032989.txt,,12,Other,unknown,data/manifests/filings/expansion_2024_batch_01.csv
expansion_2024_batch_02,c4e76eb07bd62504,20260308,quarter_round_robin,active_2021_2024,1378140,2024,3,10-K,20240725_10-K_edgar_data_1378140_0001493152-24-029074.txt,2024/QTR3/20240725_10-K_edgar_data_1378140_0001493152-24-029074.txt,,12,Other,unknown,data/manifests/filings/expansion_2024_batch_02.csv
expansion_2024_batch_03,900a4799a75180d3,20260309,quarter_round_robin,active_2021_2024,1674440,2024,3,10-K,20240725_10-K_edgar_data_1674440_0001493152-24-028975.txt,2024/QTR3/20240725_10-K_edgar_data_1674440_0001493152-24-028975.txt,,12,Other,unknown,data/manifests/filings/expansion_2024_batch_03.csv
expansion_2024_batch_02,7f19c8b4f2e92f1d,20260308,quarter_round_robin,active_2021_2024,1449792,2024,3,10-K,20240726_10-K_edgar_data_1449792_0001493152-24-029269.txt,2024/QTR3/20240726_10-K_edgar_data_1449792_0001493152-24-029269.txt,,12,Other,unknown,data/manifests/filings/expansion_2024_batch_02.csv
expansion_2024_batch_04,d905c945fb146abe,20260310,quarter_round_robin,active_2021_2024,1816554,2024,3,10-K,20240726_10-K_edgar_data_1816554_0001683168-24-005079.txt,2024/QTR3/20240726_10-K_edgar_data_1816554_0001683168-24-005079.txt,,12,Other,unknown,data/manifests/filings/expansion_2024_batch_04.csv
expansion_2024_batch_04,73565e1e1f23cefd,20260310,quarter_round_robin,active_2021_2024,1869601,2024,3,10-K,20240726_10-K_edgar_data_1869601_0001829126-24-005033.txt,2024/QTR3/20240726_10-K_edgar_data_1869601_0001829126-24-005033.txt,,12,Other,unknown,data/manifests/filings/expansion_2024_batch_04.csv
expansion_2024_batch_02,f10c7004ce3a34cb,20260308,quarter_round_robin,active_2021_2024,1414767,2024,3,10-K,20240729_10-K_edgar_data_1414767_0001493152-24-029454.txt,2024/QTR3/20240729_10-K_edgar_data_1414767_0001493152-24-029454.txt,,12,Other,unknown,data/manifests/filings/expansion_2024_batch_02.csv
expansion_2024_batch_02,6ee73ed528fdcfd9,20260308,quarter_round_robin,active_2021_2024,1468492,2024,3,10-K,20240729_10-K_edgar_data_1468492_0000950170-24-087271.txt,2024/QTR3/20240729_10-K_edgar_data_1468492_0000950170-24-087271.txt,,12,Other,unknown,data/manifests/filings/expansion_2024_batch_02.csv
expansion_2024_batch_04,e3d93a244e33b1b8,20260310,quarter_round_robin,active_2021_2024,1980295,2024,3,10-K,20240729_10-K_edgar_data_1980295_0001980295-24-000010.txt,2024/QTR3/20240729_10-K_edgar_data_1980295_0001980295-24-000010.txt,,12,Other,unknown,data/manifests/filings/expansion_2024_batch_04.csv
expansion_2024_batch_01,2cb8931588b5feab,20260307,quarter_round_robin,active_2021_2024,1040470,2024,3,10-K,20240730_10-K_edgar_data_1040470_0001654954-24-009642.txt,2024/QTR3/20240730_10-K_edgar_data_1040470_0001654954-24-009642.txt,,12,Other,unknown,data/manifests/filings/expansion_2024_batch_01.csv
expansion_2024_batch_01,41b301064637ced8,20260307,quarter_round_robin,active_2021_2024,1002638,2024,3,10-K,20240801_10-K_edgar_data_1002638_0001002638-24-000052.txt,2024/QTR3/20240801_10-K_edgar_data_1002638_0001002638-24-000052.txt,,12,Other,unknown,data/manifests/filings/expansion_2024_batch_01.csv
expansion_2024_batch_02,5d8ff159311efe02,20260308,quarter_round_robin,active_2021_2024,1417892,2024,3,10-K,20240801_10-K_edgar_data_1417892_0001410578-24-001141.txt,2024/QTR3/20240801_10-K_edgar_data_1417892_0001410578-24-001141.txt,,12,Other,unknown,data/manifests/filings/expansion_2024_batch_02.csv
expansion_2024_batch_01,383d76507c67d404,20260307,quarter_round_robin,active_2021_2024,1137789,2024,3,10-K,20240802_10-K_edgar_data_1137789_0001137789-24-000068.txt,2024/QTR3/20240802_10-K_edgar_data_1137789_0001137789-24-000068.txt,,12,Other,unknown,data/manifests/filings/expansion_2024_batch_01.csv
expansion_2024_batch_02,5d6ba0f56c7a3733,20260308,quarter_round_robin,active_2021_2024,1591698,2024,3,10-K,20240802_10-K_edgar_data_1591698_0001591698-24-000151.txt,2024/QTR3/20240802_10-K_edgar_data_1591698_0001591698-24-000151.txt,,12,Other,unknown,data/manifests/filings/expansion_2024_batch_02.csv
expansion_2024_batch_04,9cbc9f72cbe64ddf,20260310,quarter_round_robin,active_2021_2024,1968487,2024,3,10-K,20240802_10-K_edgar_data_1968487_0000950170-24-090031.txt,2024/QTR3/20240802_10-K_edgar_data_1968487_0000950170-24-090031.txt,,12,Other,unknown,data/manifests/filings/expansion_2024_batch_04.csv
expansion_2024_batch_02,da1e8211a91ad285,20260308,quarter_round_robin,active_2021_2024,1474167,2024,3,10-K,20240805_10-K_edgar_data_1474167_0001477932-24-004545.txt,2024/QTR3/20240805_10-K_edgar_data_1474167_0001477932-24-004545.txt,,12,Other,unknown,data/manifests/filings/expansion_2024_batch_02.csv
expansion_2024_batch_02,3f94aabba5d27f54,20260308,quarter_round_robin,active_2021_2024,1383312,2024,3,10-K,20240806_10-K_edgar_data_1383312_0001383312-24-000039.txt,2024/QTR3/20240806_10-K_edgar_data_1383312_0001383312-24-000039.txt,,12,Other,unknown,data/manifests/filings/expansion_2024_batch_02.csv
expansion_2024_batch_01,e822964689e7aba3,20260307,quarter_round_robin,active_2021_2024,1157408,2024,3,10-K,20240807_10-K_edgar_data_1157408_0001558370-24-011134.txt,2024/QTR3/20240807_10-K_edgar_data_1157408_0001558370-24-011134.txt,,12,Other,unknown,data/manifests/filings/expansion_2024_batch_01.csv
expansion_2024_batch_02,688836b737a54feb,20260308,quarter_round_robin,active_2021_2024,16058,2024,3,10-K,20240808_10-K_edgar_data_16058_0000016058-24-000132.txt,2024/QTR3/20240808_10-K_edgar_data_16058_0000016058-24-000132.txt,,12,Other,unknown,data/manifests/filings/expansion_2024_batch_02.csv
expansion_2024_batch_03,ea3934e52253c1d6,20260309,quarter_round_robin,active_2021_2024,1754301,2024,3,10-K,20240808_10-K_edgar_data_1754301_0001628280-24-036123.txt,2024/QTR3/20240808_10-K_edgar_data_1754301_0001628280-24-036123.txt,,12,Other,unknown,data/manifests/filings/expansion_2024_batch_03.csv
expansion_2024_batch_01,70a1a7c6a5b97177,20260307,quarter_round_robin,active_2021_2024,1262976,2024,3,10-K,20240809_10-K_edgar_data_1262976_0001262976-24-000064.txt,2024/QTR3/20240809_10-K_edgar_data_1262976_0001262976-24-000064.txt,,12,Other,unknown,data/manifests/filings/expansion_2024_batch_01.csv
expansion_2024_batch_01,3ab29f9e2c660518,20260307,quarter_round_robin,active_2021_2024,1049521,2024,3,10-K,20240813_10-K_edgar_data_1049521_0001049521-24-000029.txt,2024/QTR3/20240813_10-K_edgar_data_1049521_0001049521-24-000029.txt,,12,Other,unknown,data/manifests/filings/expansion_2024_batch_01.csv
expansion_2024_batch_01,287f5f5f50c484e0,20260307,quarter_round_robin,active_2021_2024,1101680,2024,3,10-K,20240813_10-K_edgar_data_1101680_0000950170-24-096409.txt,2024/QTR3/20240813_10-K_edgar_data_1101680_0000950170-24-096409.txt,,12,Other,unknown,data/manifests/filings/expansion_2024_batch_01.csv
expansion_2024_batch_02,b92f6934e6d88017,20260308,quarter_round_robin,active_2021_2024,1564708,2024,3,10-K,20240813_10-K_edgar_data_1564708_0001564708-24-000408.txt,2024/QTR3/20240813_10-K_edgar_data_1564708_0001564708-24-000408.txt,,12,Other,unknown,data/manifests/filings/expansion_2024_batch_02.csv
expansion_2024_batch_03,dd4cd2b2deac77b0,20260309,quarter_round_robin,active_2021_2024,1744494,2024,3,10-K,20240813_10-K_edgar_data_1744494_0001829126-24-005453.txt,2024/QTR3/20240813_10-K_edgar_data_1744494_0001829126-24-005453.txt,,12,Other,unknown,data/manifests/filings/expansion_2024_batch_03.csv
expansion_2024_batch_04,69eef56fe6deb449,20260310,quarter_round_robin,active_2021_2024,1892292,2024,3,10-K,20240813_10-K_edgar_data_1892292_0001213900-24-068336.txt,2024/QTR3/20240813_10-K_edgar_data_1892292_0001213900-24-068336.txt,,12,Other,unknown,data/manifests/filings/expansion_2024_batch_04.csv
expansion_2024_batch_04,b0e9407f685c3648,20260310,quarter_round_robin,active_2021_2024,1897982,2024,3,10-K,20240813_10-K_edgar_data_1897982_0001897982-24-000053.txt,2024/QTR3/20240813_10-K_edgar_data_1897982_0001897982-24-000053.txt,,12,Other,unknown,data/manifests/filings/expansion_2024_batch_04.csv
expansion_2024_batch_02,eecc47edf93eb63a,20260308,quarter_round_robin,active_2021_2024,1618673,2024,3,10-K,20240814_10-K_edgar_data_1618673_0000950170-24-097033.txt,2024/QTR3/20240814_10-K_edgar_data_1618673_0000950170-24-097033.txt,,12,Other,unknown,data/manifests/filings/expansion_2024_batch_02.csv
expansion_2024_batch_01,84813e7cafbd4b6f,20260307,quarter_round_robin,active_2021_2024,1116132,2024,3,10-K,20240815_10-K_edgar_data_1116132_0001116132-24-000018.txt,2024/QTR3/20240815_10-K_edgar_data_1116132_0001116132-24-000018.txt,,12,Other,unknown,data/manifests/filings/expansion_2024_batch_01.csv
expansion_2024_batch_01,ccf90db5efca5461,20260307,quarter_round_robin,active_2021_2024,1175680,2024,3,10-K,20240815_10-K_edgar_data_1175680_0001558370-24-012328.txt,2024/QTR3/20240815_10-K_edgar_data_1175680_0001558370-24-012328.txt,,12,Other,unknown,data/manifests/filings/expansion_2024_batch_01.csv
expansion_2024_batch_01,8c56b1a7f545f1c3,20260307,quarter_round_robin,active_2021_2024,12659,2024,3,10-K,20240815_10-K_edgar_data_12659_0001838862-24-000030.txt,2024/QTR3/20240815_10-K_edgar_data_12659_0001838862-24-000030.txt,,12,Other,unknown,data/manifests/filings/expansion_2024_batch_01.csv
expansion_2024_batch_04,947b953d59700731,20260310,quarter_round_robin,active_2021_2024,1930021,2024,3,10-K,20240815_10-K_edgar_data_1930021_0001213900-24-069692.txt,2024/QTR3/20240815_10-K_edgar_data_1930021_0001213900-24-069692.txt,,12,Other,unknown,data/manifests/filings/expansion_2024_batch_04.csv
expansion_2024_batch_01,5e43fae890b73208,20260307,quarter_round_robin,active_2021_2024,1078271,2024,3,10-K,20240816_10-K_edgar_data_1078271_0000950170-24-098129.txt,2024/QTR3/20240816_10-K_edgar_data_1078271_0000950170-24-098129.txt,,12,Other,unknown,data/manifests/filings/expansion_2024_batch_01.csv
expansion_2024_batch_01,9ba022144c53556a,20260307,quarter_round_robin,active_2021_2024,109563,2024,3,10-K,20240816_10-K_edgar_data_109563_0000109563-24-000078.txt,2024/QTR3/20240816_10-K_edgar_data_109563_0000109563-24-000078.txt,,12,Other,unknown,data/manifests/filings/expansion_2024_batch_01.csv
expansion_2024_batch_03,fb7d1256848cc39c,20260309,quarter_round_robin,active_2021_2024,1650372,2024,3,10-K,20240816_10-K_edgar_data_1650372_0001650372-24-000036.txt,2024/QTR3/20240816_10-K_edgar_data_1650372_0001650372-24-000036.txt,,12,Other,unknown,data/manifests/filings/expansion_2024_batch_03.csv
expansion_2024_batch_03,7e699d108abeea06,20260309,quarter_round_robin,active_2021_2024,1748790,2024,3,10-K,20240816_10-K_edgar_data_1748790_0001748790-24-000022.txt,2024/QTR3/20240816_10-K_edgar_data_1748790_0001748790-24-000022.txt,,12,Other,unknown,data/manifests/filings/expansion_2024_batch_03.csv
expansion_2024_batch_01,bbd5dd87aba3f970,20260307,quarter_round_robin,active_2021_2024,1001250,2024,3,10-K,20240819_10-K_edgar_data_1001250_0001001250-24-000116.txt,2024/QTR3/20240819_10-K_edgar_data_1001250_0001001250-24-000116.txt,,12,Other,unknown,data/manifests/filings/expansion_2024_batch_01.csv
expansion_2024_batch_04,90d73a3d51abdc86,20260310,quarter_round_robin,active_2021_2024,1985554,2024,3,10-K,20240819_10-K_edgar_data_1985554_0001683168-24-005873.txt,2024/QTR3/20240819_10-K_edgar_data_1985554_0001683168-24-005873.txt,,12,Other,unknown,data/manifests/filings/expansion_2024_batch_04.csv
expansion_2024_batch_01,c080ae3d6ad7795f,20260307,quarter_round_robin,active_2021_2024,1024305,2024,3,10-K,20240820_10-K_edgar_data_1024305_0001024305-24-000035.txt,2024/QTR3/20240820_10-K_edgar_data_1024305_0001024305-24-000035.txt,,12,Other,unknown,data/manifests/filings/expansion_2024_batch_01.csv
expansion_2024_batch_01,6b6ee2001eb1483e,20260307,quarter_round_robin,active_2021_2024,106040,2024,3,10-K,20240820_10-K_edgar_data_106040_0000106040-24-000031.txt,2024/QTR3/20240820_10-K_edgar_data_106040_0000106040-24-000031.txt,,12,Other,unknown,data/manifests/filings/expansion_2024_batch_01.csv
expansion_2024_batch_02,0cf582c204f8d154,20260308,quarter_round_robin,active_2021_2024,1408710,2024,3,10-K,20240820_10-K_edgar_data_1408710_0001408710-24-000032.txt,2024/QTR3/20240820_10-K_edgar_data_1408710_0001408710-24-000032.txt,,12,Other,unknown,data/manifests/filings/expansion_2024_batch_02.csv
expansion_2024_batch_01,659c263f3f767977,20260307,quarter_round_robin,active_2021_2024,1117297,2024,3,10-K,20240821_10-K_edgar_data_1117297_0000950170-24-099495.txt,2024/QTR3/20240821_10-K_edgar_data_1117297_0000950170-24-099495.txt,,12,Other,unknown,data/manifests/filings/expansion_2024_batch_01.csv
expansion_2024_batch_02,75da116e5e490290,20260308,quarter_round_robin,active_2021_2024,1577916,2024,3,10-K,20240821_10-K_edgar_data_1577916_0001577916-24-000009.txt,2024/QTR3/20240821_10-K_edgar_data_1577916_0001577916-24-000009.txt,,12,Other,unknown,data/manifests/filings/expansion_2024_batch_02.csv
expansion_2024_batch_03,c0b4f9f678351b90,20260309,quarter_round_robin,active_2021_2024,1633978,2024,3,10-K,20240821_10-K_edgar_data_1633978_0001628280-24-038024.txt,2024/QTR3/20240821_10-K_edgar_data_1633978_0001628280-24-038024.txt,,12,Other,unknown,data/manifests/filings/expansion_2024_batch_03.csv
expansion_2024_batch_01,97a179bc5046103c,20260307,quarter_round_robin,active_2021_2024,1299709,2024,3,10-K,20240822_10-K_edgar_data_1299709_0001299709-24-000113.txt,2024/QTR3/20240822_10-K_edgar_data_1299709_0001299709-24-000113.txt,,12,Other,unknown,data/manifests/filings/expansion_2024_batch_01.csv
expansion_2024_batch_03,96631d85d66b1f3d,20260309,quarter_round_robin,active_2021_2024,1639825,2024,3,10-K,20240822_10-K_edgar_data_1639825_0001639825-24-000128.txt,2024/QTR3/20240822_10-K_edgar_data_1639825_0001639825-24-000128.txt,,12,Other,unknown,data/manifests/filings/expansion_2024_batch_03.csv
expansion_2024_batch_03,9082b96027b63068,20260309,quarter_round_robin,active_2021_2024,1679379,2024,3,10-K,20240822_10-K_edgar_data_1679379_0001213900-24-071547.txt,2024/QTR3/20240822_10-K_edgar_data_1679379_0001213900-24-071547.txt,,12,Other,unknown,data/manifests/filings/expansion_2024_batch_03.csv
expansion_2024_batch_04,9cb51c6e5293d09d,20260310,quarter_round_robin,active_2021_2024,1839439,2024,3,10-K,20240822_10-K_edgar_data_1839439_0001839439-24-000051.txt,2024/QTR3/20240822_10-K_edgar_data_1839439_0001839439-24-000051.txt,,12,Other,unknown,data/manifests/filings/expansion_2024_batch_04.csv
expansion_2024_batch_02,a3df88a74c55fd8c,20260308,quarter_round_robin,active_2021_2024,1387467,2024,3,10-K,20240823_10-K_edgar_data_1387467_0001387467-24-000073.txt,2024/QTR3/20240823_10-K_edgar_data_1387467_0001387467-24-000073.txt,,12,Other,unknown,data/manifests/filings/expansion_2024_batch_02.csv
expansion_2024_batch_02,0ddb093713b72614,20260308,quarter_round_robin,active_2021_2024,1511737,2024,3,10-K,20240823_10-K_edgar_data_1511737_0001511737-24-000053.txt,2024/QTR3/20240823_10-K_edgar_data_1511737_0001511737-24-000053.txt,,12,Other,unknown,data/manifests/filings/expansion_2024_batch_02.csv
expansion_2024_batch_02,4e927742ae7b41af,20260308,quarter_round_robin,active_2021_2024,1606757,2024,3,10-K,20240823_10-K_edgar_data_1606757_0001606757-24-000024.txt,2024/QTR3/20240823_10-K_edgar_data_1606757_0001606757-24-000024.txt,,12,Other,unknown,data/manifests/filings/expansion_2024_batch_02.csv
expansion_2024_batch_03,7b5c104030f84b88,20260309,quarter_round_robin,active_2021_2024,1786352,2024,3,10-K,20240823_10-K_edgar_data_1786352_0001786352-24-000035.txt,2024/QTR3/20240823_10-K_edgar_data_1786352_0001786352-24-000035.txt,,12,Other,unknown,data/manifests/filings/expansion_2024_batch_03.csv
expansion_2024_batch_02,da1a5a40df81c73e,20260308,quarter_round_robin,active_2021_2024,1565687,2024,3,10-K,20240826_10-K_edgar_data_1565687_0000950170-24-100587.txt,2024/QTR3/20240826_10-K_edgar_data_1565687_0000950170-24-100587.txt,,12,Other,unknown,data/manifests/filings/expansion_2024_batch_02.csv
expansion_2024_batch_03,b04508d475bd7ab0,20260309,quarter_round_robin,active_2021_2024,1702924,2024,3,10-K,20240828_10-K_edgar_data_1702924_0001437749-24-027942.txt,2024/QTR3/20240828_10-K_edgar_data_1702924_0001437749-24-027942.txt,,12,Other,unknown,data/manifests/filings/expansion_2024_batch_03.csv
expansion_2024_batch_04,4584533c6d27eaf5,20260310,quarter_round_robin,active_2021_2024,1820953,2024,3,10-K,20240828_10-K_edgar_data_1820953_0001820953-24-000035.txt,2024/QTR3/20240828_10-K_edgar_data_1820953_0001820953-24-000035.txt,,12,Other,unknown,data/manifests/filings/expansion_2024_batch_04.csv
expansion_2024_batch_02,449723386dec35db,20260308,quarter_round_robin,active_2021_2024,1590976,2024,3,10-K,20240829_10-K_edgar_data_1590976_0001590976-24-000073.txt,2024/QTR3/20240829_10-K_edgar_data_1590976_0001590976-24-000073.txt,,12,Other,unknown,data/manifests/filings/expansion_2024_batch_02.csv
expansion_2024_batch_03,447a235e2f9b4ad2,20260309,quarter_round_robin,active_2021_2024,1801661,2024,3,10-K,20240829_10-K_edgar_data_1801661_0001801661-24-000100.txt,2024/QTR3/20240829_10-K_edgar_data_1801661_0001801661-24-000100.txt,,12,Other,unknown,data/manifests/filings/expansion_2024_batch_03.csv
expansion_2024_batch_01,c451546e2c12f4e0,20260307,quarter_round_robin,active_2021_2024,1144879,2024,3,10-K,20240830_10-K_edgar_data_1144879_0001144879-24-000216.txt,2024/QTR3/20240830_10-K_edgar_data_1144879_0001144879-24-000216.txt,,12,Other,unknown,data/manifests/filings/expansion_2024_batch_01.csv
expansion_2024_batch_01,8983e8d3e8d966b5,20260307,quarter_round_robin,active_2021_2024,1165320,2024,3,10-K,20240830_10-K_edgar_data_1165320_0001437749-24-028160.txt,2024/QTR3/20240830_10-K_edgar_data_1165320_0001437749-24-028160.txt,,12,Other,unknown,data/manifests/filings/expansion_2024_batch_01.csv
expansion_2024_batch_03,498d398ccd2deece,20260309,quarter_round_robin,active_2021_2024,1638290,2024,3,10-K,20240830_10-K_edgar_data_1638290_0000950170-24-102002.txt,2024/QTR3/20240830_10-K_edgar_data_1638290_0000950170-24-102002.txt,,12,Other,unknown,data/manifests/filings/expansion_2024_batch_03.csv
expansion_2024_batch_04,dbbb9cfc75434f77,20260310,quarter_round_robin,active_2021_2024,1842138,2024,3,10-K,20240905_10-K_edgar_data_1842138_0001393905-24-000320.txt,2024/QTR3/20240905_10-K_edgar_data_1842138_0001393905-24-000320.txt,,12,Other,unknown,data/manifests/filings/expansion_2024_batch_04.csv
expansion_2024_batch_01,5627328b8a373a9e,20260307,quarter_round_robin,active_2021_2024,1084869,2024,3,10-K,20240906_10-K_edgar_data_1084869_0001437749-24-028591.txt,2024/QTR3/20240906_10-K_edgar_data_1084869_0001437749-24-028591.txt,,12,Other,unknown,data/manifests/filings/expansion_2024_batch_01.csv
expansion_2024_batch_02,eb08e4906dc107cf,20260308,quarter_round_robin,active_2021_2024,1327567,2024,3,10-K,20240906_10-K_edgar_data_1327567_0001327567-24-000029.txt,2024/QTR3/20240906_10-K_edgar_data_1327567_0001327567-24-000029.txt,,12,Other,unknown,data/manifests/filings/expansion_2024_batch_02.csv
expansion_2024_batch_02,90313d3f0426340b,20260308,quarter_round_robin,active_2021_2024,1596783,2024,3,10-K,20240906_10-K_edgar_data_1596783_0001596783-24-000087.txt,2024/QTR3/20240906_10-K_edgar_data_1596783_0001596783-24-000087.txt,,12,Other,unknown,data/manifests/filings/expansion_2024_batch_02.csv
expansion_2024_batch_01,e26d10cebc02ef3e,20260307,quarter_round_robin,active_2021_2024,1114925,2024,3,10-K,20240909_10-K_edgar_data_1114925_0001683168-24-006264.txt,2024/QTR3/20240909_10-K_edgar_data_1114925_0001683168-24-006264.txt,,12,Other,unknown,data/manifests/filings/expansion_2024_batch_01.csv
expansion_2024_batch_04,8bf9e146c27daccc,20260310,quarter_round_robin,active_2021_2024,1888654,2024,3,10-K,20240909_10-K_edgar_data_1888654_0000950170-24-104782.txt,2024/QTR3/20240909_10-K_edgar_data_1888654_0000950170-24-104782.txt,,12,Other,unknown,data/manifests/filings/expansion_2024_batch_04.csv
expansion_2024_batch_01,dcb95954d70206c9,20260307,quarter_round_robin,active_2021_2024,1066194,2024,3,10-K,20240912_10-K_edgar_data_1066194_0001558370-24-012767.txt,2024/QTR3/20240912_10-K_edgar_data_1066194_0001558370-24-012767.txt,,12,Other,unknown,data/manifests/filings/expansion_2024_batch_01.csv
expansion_2024_batch_03,4713852802c083fa,20260309,quarter_round_robin,active_2021_2024,1713683,2024,3,10-K,20240912_10-K_edgar_data_1713683_0001713683-24-000109.txt,2024/QTR3/20240912_10-K_edgar_data_1713683_0001713683-24-000109.txt,,12,Other,unknown,data/manifests/filings/expansion_2024_batch_03.csv
expansion_2024_batch_03,ae8ab0a5da7ff568,20260309,quarter_round_robin,active_2021_2024,1720420,2024,3,10-K,20240912_10-K_edgar_data_1720420_0001720420-24-000042.txt,2024/QTR3/20240912_10-K_edgar_data_1720420_0001720420-24-000042.txt,,12,Other,unknown,data/manifests/filings/expansion_2024_batch_03.csv
expansion_2024_batch_01,ed3266b06d3fd7d5,20260307,quarter_round_robin,active_2021_2024,1088413,2024,3,10-K,20240913_10-K_edgar_data_1088413_0001437749-24-029155.txt,2024/QTR3/20240913_10-K_edgar_data_1088413_0001437749-24-029155.txt,,12,Other,unknown,data/manifests/filings/expansion_2024_batch_01.csv
expansion_2024_batch_03,093679739e119794,20260309,quarter_round_robin,active_2021_2024,1794783,2024,3,10-K,20240913_10-K_edgar_data_1794783_0001794783-24-000061.txt,2024/QTR3/20240913_10-K_edgar_data_1794783_0001794783-24-000061.txt,,12,Other,unknown,data/manifests/filings/expansion_2024_batch_03.csv
expansion_2024_batch_04,ec42547880cc36b3,20260310,quarter_round_robin,active_2021_2024,1868573,2024,3,10-K,20240913_10-K_edgar_data_1868573_0001193125-24-218930.txt,2024/QTR3/20240913_10-K_edgar_data_1868573_0001193125-24-218930.txt,,12,Other,unknown,data/manifests/filings/expansion_2024_batch_04.csv
expansion_2024_batch_02,6ed2d2ba3fbb3e0b,20260308,quarter_round_robin,active_2021_2024,1411057,2024,3,10-K,20240916_10-K_edgar_data_1411057_0001683168-24-006402.txt,2024/QTR3/20240916_10-K_edgar_data_1411057_0001683168-24-006402.txt,,12,Other,unknown,data/manifests/filings/expansion_2024_batch_02.csv
expansion_2024_batch_02,50c1684d21d24e63,20260308,quarter_round_robin,active_2021_2024,1528396,2024,3,10-K,20240916_10-K_edgar_data_1528396_0001528396-24-000105.txt,2024/QTR3/20240916_10-K_edgar_data_1528396_0001528396-24-000105.txt,,12,Other,unknown,data/manifests/filings/expansion_2024_batch_02.csv
expansion_2024_batch_01,7a7cf0ae17295e49,20260307,quarter_round_robin,active_2021_2024,1158780,2024,3,10-K,20240918_10-K_edgar_data_1158780_0001213900-24-079861.txt,2024/QTR3/20240918_10-K_edgar_data_1158780_0001213900-24-079861.txt,,12,Other,unknown,data/manifests/filings/expansion_2024_batch_01.csv
expansion_2024_batch_01,99cdbd604d571103,20260307,quarter_round_robin,active_2021_2024,1138723,2024,3,10-K,20240919_10-K_edgar_data_1138723_0000950170-24-108118.txt,2024/QTR3/20240919_10-K_edgar_data_1138723_0000950170-24-108118.txt,,12,Other,unknown,data/manifests/filings/expansion_2024_batch_01.csv
expansion_2024_batch_02,ecb144332b5319d1,20260308,quarter_round_robin,active_2021_2024,1618732,2024,3,10-K,20240919_10-K_edgar_data_1618732_0000950170-24-108159.txt,2024/QTR3/20240919_10-K_edgar_data_1618732_0000950170-24-108159.txt,,12,Other,unknown,data/manifests/filings/expansion_2024_batch_02.csv
expansion_2024_batch_03,15e18636ba8376cc,20260309,quarter_round_robin,active_2021_2024,16732,2024,3,10-K,20240919_10-K_edgar_data_16732_0000016732-24-000130.txt,2024/QTR3/20240919_10-K_edgar_data_16732_0000016732-24-000130.txt,,12,Other,unknown,data/manifests/filings/expansion_2024_batch_03.csv
expansion_2024_batch_01,11d89b8794e8ebe3,20260307,quarter_round_robin,active_2021_2024,1001907,2024,3,10-K,20240920_10-K_edgar_data_1001907_0001437749-24-029650.txt,2024/QTR3/20240920_10-K_edgar_data_1001907_0001437749-24-029650.txt,,12,Other,unknown,data/manifests/filings/expansion_2024_batch_01.csv
expansion_2024_batch_02,4b52a3bf71f6c51a,20260308,quarter_round_robin,active_2021_2024,1386301,2024,3,10-K,20240920_10-K_edgar_data_1386301_0001558370-24-012920.txt,2024/QTR3/20240920_10-K_edgar_data_1386301_0001558370-24-012920.txt,,12,Other,unknown,data/manifests/filings/expansion_2024_batch_02.csv
expansion_2024_batch_02,2cbe7ef818bc232e,20260308,quarter_round_robin,active_2021_2024,1420720,2024,3,10-K,20240920_10-K_edgar_data_1420720_0001420720-24-000038.txt,2024/QTR3/20240920_10-K_edgar_data_1420720_0001420720-24-000038.txt,,12,Other,unknown,data/manifests/filings/expansion_2024_batch_02.csv
expansion_2024_batch_02,319f84505edb181c,20260308,quarter_round_robin,active_2021_2024,1538217,2024,3,10-K,20240920_10-K_edgar_data_1538217_0001493152-24-037704.txt,2024/QTR3/20240920_10-K_edgar_data_1538217_0001493152-24-037704.txt,,12,Other,unknown,data/manifests/filings/expansion_2024_batch_02.csv
expansion_2024_batch_02,8f6ba818067b423c,20260308,quarter_round_robin,active_2021_2024,1512228,2024,3,10-K,20240923_10-K_edgar_data_1512228_0001539497-24-001980.txt,2024/QTR3/20240923_10-K_edgar_data_1512228_0001539497-24-001980.txt,,12,Other,unknown,data/manifests/filings/expansion_2024_batch_02.csv
expansion_2024_batch_03,063e94bc69c0975d,20260309,quarter_round_robin,active_2021_2024,1674227,2024,3,10-K,20240924_10-K_edgar_data_1674227_0001213900-24-081111.txt,2024/QTR3/20240924_10-K_edgar_data_1674227_0001213900-24-081111.txt,,12,Other,unknown,data/manifests/filings/expansion_2024_batch_03.csv
expansion_2024_batch_04,14a879b1d2980727,20260310,quarter_round_robin,active_2021_2024,1832161,2024,3,10-K,20240924_10-K_edgar_data_1832161_0001493152-24-037866.txt,2024/QTR3/20240924_10-K_edgar_data_1832161_0001493152-24-037866.txt,,12,Other,unknown,data/manifests/filings/expansion_2024_batch_04.csv
expansion_2024_batch_02,83cb8102930ea33d,20260308,quarter_round_robin,active_2021_2024,1576942,2024,3,10-K,20240925_10-K_edgar_data_1576942_0001576942-24-000099.txt,2024/QTR3/20240925_10-K_edgar_data_1576942_0001576942-24-000099.txt,,12,Other,unknown,data/manifests/filings/expansion_2024_batch_02.csv
expansion_2024_batch_03,3443ff239eefef63,20260309,quarter_round_robin,active_2021_2024,1815974,2024,3,10-K,20240925_10-K_edgar_data_1815974_0001493152-24-038127.txt,2024/QTR3/20240925_10-K_edgar_data_1815974_0001493152-24-038127.txt,,12,Other,unknown,data/manifests/filings/expansion_2024_batch_03.csv
expansion_2024_batch_03,f94057cbe78d50a9,20260309,quarter_round_robin,active_2021_2024,1631282,2024,3,10-K,20240926_10-K_edgar_data_1631282_0001213900-24-082285.txt,2024/QTR3/20240926_10-K_edgar_data_1631282_0001213900-24-082285.txt,,12,Other,unknown,data/manifests/filings/expansion_2024_batch_03.csv
expansion_2024_batch_04,2f0b4d03ed667d6c,20260310,quarter_round_robin,active_2021_2024,1972529,2024,3,10-K,20240926_10-K_edgar_data_1972529_0001213900-24-081967.txt,2024/QTR3/20240926_10-K_edgar_data_1972529_0001213900-24-081967.txt,,12,Other,unknown,data/manifests/filings/expansion_2024_batch_04.csv
expansion_2024_batch_01,df6daded0e82f265,20260307,quarter_round_robin,active_2021_2024,1009759,2024,3,10-K,20240927_10-K_edgar_data_1009759_0001558370-24-013052.txt,2024/QTR3/20240927_10-K_edgar_data_1009759_0001558370-24-013052.txt,,12,Other,unknown,data/manifests/filings/expansion_2024_batch_01.csv
expansion_2024_batch_01,87692dc28fbc159b,20260307,quarter_round_robin,active_2021_2024,1067294,2024,3,10-K,20240927_10-K_edgar_data_1067294_0001558370-24-013061.txt,2024/QTR3/20240927_10-K_edgar_data_1067294_0001558370-24-013061.txt,,12,Other,unknown,data/manifests/filings/expansion_2024_batch_01.csv
expansion_2024_batch_03,b6b1ae877d45e76f,20260309,quarter_round_robin,active_2021_2024,1748137,2024,3,10-K,20240927_10-K_edgar_data_1748137_0001683168-24-006718.txt,2024/QTR3/20240927_10-K_edgar_data_1748137_0001683168-24-006718.txt,,12,Other,unknown,data/manifests/filings/expansion_2024_batch_03.csv
expansion_2024_batch_04,cdd313e1da2714c5,20260310,quarter_round_robin,active_2021_2024,1819395,2024,3,10-K,20240927_10-K_edgar_data_1819395_0001819395-24-000075.txt,2024/QTR3/20240927_10-K_edgar_data_1819395_0001819395-24-000075.txt,,12,Other,unknown,data/manifests/filings/expansion_2024_batch_04.csv
expansion_2024_batch_04,a35816cb51de3bf0,20260310,quarter_round_robin,active_2021_2024,1828805,2024,3,10-K,20240927_10-K_edgar_data_1828805_0001213900-24-082694.txt,2024/QTR3/20240927_10-K_edgar_data_1828805_0001213900-24-082694.txt,,12,Other,unknown,data/manifests/filings/expansion_2024_batch_04.csv
expansion_2024_batch_04,8624c9c6afb8fc65,20260310,quarter_round_robin,active_2021_2024,1853044,2024,3,10-K,20240927_10-K_edgar_data_1853044_0001829126-24-006527.txt,2024/QTR3/20240927_10-K_edgar_data_1853044_0001829126-24-006527.txt,,12,Other,unknown,data/manifests/filings/expansion_2024_batch_04.csv
expansion_2024_batch_04,641d385bcb0203b9,20260310,quarter_round_robin,active_2021_2024,1882198,2024,3,10-K,20240927_10-K_edgar_data_1882198_0001213900-24-082353.txt,2024/QTR3/20240927_10-K_edgar_data_1882198_0001213900-24-082353.txt,,12,Other,unknown,data/manifests/filings/expansion_2024_batch_04.csv
expansion_2024_batch_01,4cb33bd5768a935b,20260307,quarter_round_robin,active_2021_2024,1039280,2024,3,10-K,20240930_10-K_edgar_data_1039280_0001493152-24-038751.txt,2024/QTR3/20240930_10-K_edgar_data_1039280_0001493152-24-038751.txt,,12,Other,unknown,data/manifests/filings/expansion_2024_batch_01.csv
expansion_2024_batch_02,1a4c7d10f366a2bd,20260308,quarter_round_robin,active_2021_2024,1300734,2024,3,10-K,20240930_10-K_edgar_data_1300734_0001493152-24-038830.txt,2024/QTR3/20240930_10-K_edgar_data_1300734_0001493152-24-038830.txt,,12,Other,unknown,data/manifests/filings/expansion_2024_batch_02.csv
expansion_2024_batch_03,a9a585e8d213c253,20260309,quarter_round_robin,active_2021_2024,1728328,2024,3,10-K,20240930_10-K_edgar_data_1728328_0001213900-24-082843.txt,2024/QTR3/20240930_10-K_edgar_data_1728328_0001213900-24-082843.txt,,12,Other,unknown,data/manifests/filings/expansion_2024_batch_03.csv
expansion_2024_batch_03,ea5a37f54deb5a22,20260309,quarter_round_robin,active_2021_2024,1807166,2024,3,10-K,20240930_10-K_edgar_data_1807166_0001213900-24-083458.txt,2024/QTR3/20240930_10-K_edgar_data_1807166_0001213900-24-083458.txt,,12,Other,unknown,data/manifests/filings/expansion_2024_batch_03.csv
expansion_2024_batch_03,7a117e43cba63976,20260309,quarter_round_robin,active_2021_2024,1811115,2024,3,10-K,20240930_10-K_edgar_data_1811115_0000950170-24-110315.txt,2024/QTR3/20240930_10-K_edgar_data_1811115_0000950170-24-110315.txt,,12,Other,unknown,data/manifests/filings/expansion_2024_batch_03.csv
expansion_2024_batch_04,bd583e9930225492,20260310,quarter_round_robin,active_2021_2024,1854445,2024,3,10-K,20240930_10-K_edgar_data_1854445_0001493152-24-038786.txt,2024/QTR3/20240930_10-K_edgar_data_1854445_0001493152-24-038786.txt,,12,Other,unknown,data/manifests/filings/expansion_2024_batch_04.csv
expansion_2024_batch_04,e8fc540d87bd941b,20260310,quarter_round_robin,active_2021_2024,1905956,2024,3,10-K,20240930_10-K_edgar_data_1905956_0001213900-24-083395.txt,2024/QTR3/20240930_10-K_edgar_data_1905956_0001213900-24-083395.txt,,12,Other,unknown,data/manifests/filings/expansion_2024_batch_04.csv
expansion_2024_batch_04,38e94219262f6f20,20260310,quarter_round_robin,active_2021_2024,1996192,2024,3,10-K,20240930_10-K_edgar_data_1996192_0001213900-24-083350.txt,2024/QTR3/20240930_10-K_edgar_data_1996192_0001213900-24-083350.txt,,12,Other,unknown,data/manifests/filings/expansion_2024_batch_04.csv
expansion_2024_batch_04,9cb63d9993778398,20260310,quarter_round_robin,active_2021_2024,1976663,2024,4,10-K,20241001_10-K_edgar_data_1976663_0001477932-24-006074.txt,2024/QTR4/20241001_10-K_edgar_data_1976663_0001477932-24-006074.txt,,12,Other,unknown,data/manifests/filings/expansion_2024_batch_04.csv
expansion_2024_batch_02,9f5469e542f76fc3,20260308,quarter_round_robin,active_2021_2024,1624985,2024,4,10-K,20241002_10-K_edgar_data_1624985_0001683168-24-006824.txt,2024/QTR4/20241002_10-K_edgar_data_1624985_0001683168-24-006824.txt,,12,Other,unknown,data/manifests/filings/expansion_2024_batch_02.csv
expansion_2024_batch_04,d9d5567c6153ddd6,20260310,quarter_round_robin,active_2021_2024,1885849,2024,4,10-K,20241002_10-K_edgar_data_1885849_0001885849-24-000015.txt,2024/QTR4/20241002_10-K_edgar_data_1885849_0001885849-24-000015.txt,,12,Other,unknown,data/manifests/filings/expansion_2024_batch_04.csv
expansion_2024_batch_02,a83bcf91067500dc,20260308,quarter_round_robin,active_2021_2024,1592057,2024,4,10-K,20241003_10-K_edgar_data_1592057_0001592057-24-000036.txt,2024/QTR4/20241003_10-K_edgar_data_1592057_0001592057-24-000036.txt,,12,Other,unknown,data/manifests/filings/expansion_2024_batch_02.csv
expansion_2024_batch_02,d7d24adaf382b0ac,20260308,quarter_round_robin,active_2021_2024,1377789,2024,4,10-K,20241004_10-K_edgar_data_1377789_0001377789-24-000043.txt,2024/QTR4/20241004_10-K_edgar_data_1377789_0001377789-24-000043.txt,,12,Other,unknown,data/manifests/filings/expansion_2024_batch_02.csv
expansion_2024_batch_03,20288f0a0cf30a1d,20260309,quarter_round_robin,active_2021_2024,1823882,2024,4,10-K,20241004_10-K_edgar_data_1823882_0001829126-24-006645.txt,2024/QTR4/20241004_10-K_edgar_data_1823882_0001829126-24-006645.txt,,12,Other,unknown,data/manifests/filings/expansion_2024_batch_03.csv
expansion_2024_batch_02,b5a41d3aed5e6554,20260308,quarter_round_robin,active_2021_2024,1481504,2024,4,10-K,20241008_10-K_edgar_data_1481504_0001477932-24-006252.txt,2024/QTR4/20241008_10-K_edgar_data_1481504_0001477932-24-006252.txt,,12,Other,unknown,data/manifests/filings/expansion_2024_batch_02.csv
expansion_2024_batch_02,3cc8d6070ad9ba48,20260308,quarter_round_robin,active_2021_2024,1381871,2024,4,10-K,20241009_10-K_edgar_data_1381871_0001213900-24-086614.txt,2024/QTR4/20241009_10-K_edgar_data_1381871_0001213900-24-086614.txt,,12,Other,unknown,data/manifests/filings/expansion_2024_batch_02.csv
expansion_2024_batch_04,f39bbd91b402f2b4,20260310,quarter_round_robin,active_2021_2024,1978111,2024,4,10-K,20241009_10-K_edgar_data_1978111_0001683168-24-007024.txt,2024/QTR4/20241009_10-K_edgar_data_1978111_0001683168-24-007024.txt,,12,Other,unknown,data/manifests/filings/expansion_2024_batch_04.csv
expansion_2024_batch_02,e05a6a2e581c466e,20260308,quarter_round_robin,active_2021_2024,1467373,2024,4,10-K,20241010_10-K_edgar_data_1467373_0001467373-24-000278.txt,2024/QTR4/20241010_10-K_edgar_data_1467373_0001467373-24-000278.txt,,12,Other,unknown,data/manifests/filings/expansion_2024_batch_02.csv
expansion_2024_batch_02,4a46950887b48395,20260308,quarter_round_robin,active_2021_2024,1527728,2024,4,10-K,20241010_10-K_edgar_data_1527728_0001731122-24-001578.txt,2024/QTR4/20241010_10-K_edgar_data_1527728_0001731122-24-001578.txt,,12,Other,unknown,data/manifests/filings/expansion_2024_batch_02.csv
expansion_2024_batch_01,9857cccac4a8c445,20260307,quarter_round_robin,active_2021_2024,1121795,2024,4,10-K,20241011_10-K_edgar_data_1121795_0001079973-24-001394.txt,2024/QTR4/20241011_10-K_edgar_data_1121795_0001079973-24-001394.txt,,12,Other,unknown,data/manifests/filings/expansion_2024_batch_01.csv
expansion_2024_batch_01,e8ed457ae8a81e9f,20260307,quarter_round_robin,active_2021_2024,1005731,2024,4,10-K,20241015_10-K_edgar_data_1005731_0001493152-24-041147.txt,2024/QTR4/20241015_10-K_edgar_data_1005731_0001493152-24-041147.txt,,12,Other,unknown,data/manifests/filings/expansion_2024_batch_01.csv
expansion_2024_batch_01,6df4d43d97d00d21,20260307,quarter_round_robin,active_2021_2024,1325670,2024,4,10-K,20241015_10-K_edgar_data_1325670_0001558370-24-013277.txt,2024/QTR4/20241015_10-K_edgar_data_1325670_0001558370-24-013277.txt,,12,Other,unknown,data/manifests/filings/expansion_2024_batch_01.csv
expansion_2024_batch_02,32ef4b1822e40b73,20260308,quarter_round_robin,active_2021_2024,1422892,2024,4,10-K,20241015_10-K_edgar_data_1422892_0001213900-24-087619.txt,2024/QTR4/20241015_10-K_edgar_data_1422892_0001213900-24-087619.txt,,12,Other,unknown,data/manifests/filings/expansion_2024_batch_02.csv
expansion_2024_batch_02,fde40e055e87c5dd,20260308,quarter_round_robin,active_2021_2024,1618921,2024,4,10-K,20241015_10-K_edgar_data_1618921_0001618921-24-000084.txt,2024/QTR4/20241015_10-K_edgar_data_1618921_0001618921-24-000084.txt,,12,Other,unknown,data/manifests/filings/expansion_2024_batch_02.csv
expansion_2024_batch_04,a42e7c5229aaa439,20260310,quarter_round_robin,active_2021_2024,1880613,2024,4,10-K,20241015_10-K_edgar_data_1880613_0001558370-24-013317.txt,2024/QTR4/20241015_10-K_edgar_data_1880613_0001558370-24-013317.txt,,12,Other,unknown,data/manifests/filings/expansion_2024_batch_04.csv
expansion_2024_batch_02,e2b025b7ebba3846,20260308,quarter_round_robin,active_2021_2024,1490873,2024,4,10-K,20241016_10-K_edgar_data_1490873_0001477932-24-006462.txt,2024/QTR4/20241016_10-K_edgar_data_1490873_0001477932-24-006462.txt,,12,Other,unknown,data/manifests/filings/expansion_2024_batch_02.csv
expansion_2024_batch_01,773ab81401919992,20260307,quarter_round_robin,active_2021_2024,1281845,2024,4,10-K,20241017_10-K_edgar_data_1281845_0001493152-24-041450.txt,2024/QTR4/20241017_10-K_edgar_data_1281845_0001493152-24-041450.txt,,12,Other,unknown,data/manifests/filings/expansion_2024_batch_01.csv
expansion_2024_batch_01,79feb9dee5013674,20260307,quarter_round_robin,active_2021_2024,1003078,2024,4,10-K,20241024_10-K_edgar_data_1003078_0001003078-24-000107.txt,2024/QTR4/20241024_10-K_edgar_data_1003078_0001003078-24-000107.txt,,12,Other,unknown,data/manifests/filings/expansion_2024_batch_01.csv
expansion_2024_batch_02,434f6b9923a0a147,20260308,quarter_round_robin,active_2021_2024,1616533,2024,4,10-K,20241024_10-K_edgar_data_1616533_0001628280-24-043646.txt,2024/QTR4/20241024_10-K_edgar_data_1616533_0001628280-24-043646.txt,,12,Other,unknown,data/manifests/filings/expansion_2024_batch_02.csv
expansion_2024_batch_04,57af56f7585ef6d3,20260310,quarter_round_robin,active_2021_2024,2013807,2024,4,10-K,20241024_10-K_edgar_data_2013807_0001213900-24-090457.txt,2024/QTR4/20241024_10-K_edgar_data_2013807_0001213900-24-090457.txt,,12,Other,unknown,data/manifests/filings/expansion_2024_batch_04.csv
expansion_2024_batch_01,a52fbaeb02f79b4b,20260307,quarter_round_robin,active_2021_2024,1144215,2024,4,10-K,20241028_10-K_edgar_data_1144215_0001144215-24-000085.txt,2024/QTR4/20241028_10-K_edgar_data_1144215_0001144215-24-000085.txt,,12,Other,unknown,data/manifests/filings/expansion_2024_batch_01.csv
expansion_2024_batch_01,525fd78013daac1a,20260307,quarter_round_robin,active_2021_2024,1013237,2024,4,10-K,20241029_10-K_edgar_data_1013237_0001013237-24-000141.txt,2024/QTR4/20241029_10-K_edgar_data_1013237_0001013237-24-000141.txt,,12,Other,unknown,data/manifests/filings/expansion_2024_batch_01.csv
expansion_2024_batch_02,12757d0e98a3b1fe,20260308,quarter_round_robin,active_2021_2024,1584693,2024,4,10-K,20241029_10-K_edgar_data_1584693_0001493152-24-042789.txt,2024/QTR4/20241029_10-K_edgar_data_1584693_0001493152-24-042789.txt,,12,Other,unknown,data/manifests/filings/expansion_2024_batch_02.csv
expansion_2024_batch_02,94accaafb5087e39,20260308,quarter_round_robin,active_2021_2024,1610820,2024,4,10-K,20241029_10-K_edgar_data_1610820_0001493152-24-042743.txt,2024/QTR4/20241029_10-K_edgar_data_1610820_0001493152-24-042743.txt,,12,Other,unknown,data/manifests/filings/expansion_2024_batch_02.csv
expansion_2024_batch_03,8da903bb8d60c307,20260309,quarter_round_robin,active_2021_2024,1667313,2024,4,10-K,20241029_10-K_edgar_data_1667313_0001213900-24-091735.txt,2024/QTR4/20241029_10-K_edgar_data_1667313_0001213900-24-091735.txt,,12,Other,unknown,data/manifests/filings/expansion_2024_batch_03.csv
expansion_2024_batch_01,ec42c5e939d83814,20260307,quarter_round_robin,active_2021_2024,1023459,2024,4,10-K,20241030_10-K_edgar_data_1023459_0001023459-24-000136.txt,2024/QTR4/20241030_10-K_edgar_data_1023459_0001023459-24-000136.txt,,12,Other,unknown,data/manifests/filings/expansion_2024_batch_01.csv
expansion_2024_batch_01,5fd81afb7d553db9,20260307,quarter_round_robin,active_2021_2024,1041803,2024,4,10-K,20241030_10-K_edgar_data_1041803_0001041803-24-000044.txt,2024/QTR4/20241030_10-K_edgar_data_1041803_0001041803-24-000044.txt,,12,Other,unknown,data/manifests/filings/expansion_2024_batch_01.csv
expansion_2024_batch_04,d0d78e3a4803de40,20260310,quarter_round_robin,active_2021_2024,23197,2024,4,10-K,20241030_10-K_edgar_data_23197_0000023197-24-000104.txt,2024/QTR4/20241030_10-K_edgar_data_23197_0000023197-24-000104.txt,,12,Other,unknown,data/manifests/filings/expansion_2024_batch_04.csv
expansion_2024_batch_04,812f6658ac2105a5,20260310,quarter_round_robin,active_2021_2024,320193,2024,4,10-K,20241101_10-K_edgar_data_320193_0000320193-24-000123.txt,2024/QTR4/20241101_10-K_edgar_data_320193_0000320193-24-000123.txt,,12,Other,unknown,data/manifests/filings/expansion_2024_batch_04.csv
expansion_2024_batch_03,6868ea6159ef5f76,20260309,quarter_round_robin,active_2021_2024,1643721,2024,4,10-K,20241105_10-K_edgar_data_1643721_0001477932-24-006885.txt,2024/QTR4/20241105_10-K_edgar_data_1643721_0001477932-24-006885.txt,,12,Other,unknown,data/manifests/filings/expansion_2024_batch_03.csv
expansion_2024_batch_01,727cba161853ce29,20260307,quarter_round_robin,active_2021_2024,1260221,2024,4,10-K,20241107_10-K_edgar_data_1260221_0001260221-24-000083.txt,2024/QTR4/20241107_10-K_edgar_data_1260221_0001260221-24-000083.txt,,12,Other,unknown,data/manifests/filings/expansion_2024_batch_01.csv
expansion_2024_batch_03,11de0a52a05c7dc2,20260309,quarter_round_robin,active_2021_2024,1772177,2024,4,10-K,20241108_10-K_edgar_data_1772177_0000950170-24-124091.txt,2024/QTR4/20241108_10-K_edgar_data_1772177_0000950170-24-124091.txt,,12,Other,unknown,data/manifests/filings/expansion_2024_batch_03.csv
expansion_2024_batch_01,70ecadbbcec37724,20260307,quarter_round_robin,active_2021_2024,100493,2024,4,10-K,20241112_10-K_edgar_data_100493_0000100493-24-000119.txt,2024/QTR4/20241112_10-K_edgar_data_100493_0000100493-24-000119.txt,,12,Other,unknown,data/manifests/filings/expansion_2024_batch_01.csv
expansion_2024_batch_01,7ca1af2c4e6757d6,20260307,quarter_round_robin,active_2021_2024,1024478,2024,4,10-K,20241112_10-K_edgar_data_1024478_0001024478-24-000107.txt,2024/QTR4/20241112_10-K_edgar_data_1024478_0001024478-24-000107.txt,,12,Other,unknown,data/manifests/filings/expansion_2024_batch_01.csv
expansion_2024_batch_02,84e7b6caed2b1385,20260308,quarter_round_robin,active_2021_2024,1385157,2024,4,10-K,20241112_10-K_edgar_data_1385157_0001558370-24-015227.txt,2024/QTR4/20241112_10-K_edgar_data_1385157_0001558370-24-015227.txt,,12,Other,unknown,data/manifests/filings/expansion_2024_batch_02.csv
expansion_2024_batch_03,8450beaf287d366a,20260309,quarter_round_robin,active_2021_2024,1644378,2024,4,10-K,20241112_10-K_edgar_data_1644378_0001644378-24-000042.txt,2024/QTR4/20241112_10-K_edgar_data_1644378_0001644378-24-000042.txt,,12,Other,unknown,data/manifests/filings/expansion_2024_batch_03.csv
expansion_2024_batch_04,af1a375f9e2c9880,20260310,quarter_round_robin,active_2021_2024,32604,2024,4,10-K,20241112_10-K_edgar_data_32604_0000032604-24-000041.txt,2024/QTR4/20241112_10-K_edgar_data_32604_0000032604-24-000041.txt,,12,Other,unknown,data/manifests/filings/expansion_2024_batch_04.csv
expansion_2024_batch_04,0e6eb22717e79be7,20260310,quarter_round_robin,active_2021_2024,38777,2024,4,10-K,20241112_10-K_edgar_data_38777_0000038777-24-000206.txt,2024/QTR4/20241112_10-K_edgar_data_38777_0000038777-24-000206.txt,,12,Other,unknown,data/manifests/filings/expansion_2024_batch_04.csv
expansion_2024_batch_02,2a453307242b86ba,20260308,quarter_round_robin,active_2021_2024,1403161,2024,4,10-K,20241113_10-K_edgar_data_1403161_0001403161-24-000058.txt,2024/QTR4/20241113_10-K_edgar_data_1403161_0001403161-24-000058.txt,,12,Other,unknown,data/manifests/filings/expansion_2024_batch_02.csv
expansion_2024_batch_04,7924c614d3d5e5de,20260310,quarter_round_robin,active_2021_2024,46765,2024,4,10-K,20241113_10-K_edgar_data_46765_0000046765-24-000076.txt,2024/QTR4/20241113_10-K_edgar_data_46765_0000046765-24-000076.txt,,12,Other,unknown,data/manifests/filings/expansion_2024_batch_04.csv
expansion_2024_batch_01,897d58d5ef13d98b,20260307,quarter_round_robin,active_2021_2024,1074828,2024,4,10-K,20241114_10-K_edgar_data_1074828_0001654954-24-014480.txt,2024/QTR4/20241114_10-K_edgar_data_1074828_0001654954-24-014480.txt,,12,Other,unknown,data/manifests/filings/expansion_2024_batch_01.csv
expansion_2024_batch_02,4eebbb409d377b6e,20260308,quarter_round_robin,active_2021_2024,1368458,2024,4,10-K,20241114_10-K_edgar_data_1368458_0000950170-24-127217.txt,2024/QTR4/20241114_10-K_edgar_data_1368458_0000950170-24-127217.txt,,12,Other,unknown,data/manifests/filings/expansion_2024_batch_02.csv
expansion_2024_batch_02,7bc3b92b0f55de59,20260308,quarter_round_robin,active_2021_2024,1376986,2024,4,10-K,20241114_10-K_edgar_data_1376986_0001376986-24-000029.txt,2024/QTR4/20241114_10-K_edgar_data_1376986_0001376986-24-000029.txt,,12,Other,unknown,data/manifests/filings/expansion_2024_batch_02.csv
expansion_2024_batch_03,a2f808c5778db484,20260309,quarter_round_robin,active_2021_2024,1744489,2024,4,10-K,20241114_10-K_edgar_data_1744489_0001744489-24-000276.txt,2024/QTR4/20241114_10-K_edgar_data_1744489_0001744489-24-000276.txt,,12,Other,unknown,data/manifests/filings/expansion_2024_batch_03.csv
expansion_2024_batch_01,613c3bd4181f725c,20260307,quarter_round_robin,active_2021_2024,1314727,2024,4,10-K,20241115_10-K_edgar_data_1314727_0001314727-24-000026.txt,2024/QTR4/20241115_10-K_edgar_data_1314727_0001314727-24-000026.txt,,12,Other,unknown,data/manifests/filings/expansion_2024_batch_01.csv
expansion_2024_batch_02,df37ea4c3d0c77d2,20260308,quarter_round_robin,active_2021_2024,1530950,2024,4,10-K,20241115_10-K_edgar_data_1530950_0001530950-24-000365.txt,2024/QTR4/20241115_10-K_edgar_data_1530950_0001530950-24-000365.txt,,12,Other,unknown,data/manifests/filings/expansion_2024_batch_02.csv
expansion_2024_batch_04,ba00fcf11438b22a,20260310,quarter_round_robin,active_2021_2024,4127,2024,4,10-K,20241115_10-K_edgar_data_4127_0000004127-24-000131.txt,2024/QTR4/20241115_10-K_edgar_data_4127_0000004127-24-000131.txt,,12,Other,unknown,data/manifests/filings/expansion_2024_batch_04.csv
expansion_2024_batch_01,3c193e9350e4f9e8,20260307,quarter_round_robin,active_2021_2024,1048695,2024,4,10-K,20241118_10-K_edgar_data_1048695_0001048695-24-000185.txt,2024/QTR4/20241118_10-K_edgar_data_1048695_0001048695-24-000185.txt,,12,Other,unknown,data/manifests/filings/expansion_2024_batch_01.csv
expansion_2024_batch_02,3ccf0d11412b207f,20260308,quarter_round_robin,active_2021_2024,1581280,2024,4,10-K,20241118_10-K_edgar_data_1581280_0001628280-24-048262.txt,2024/QTR4/20241118_10-K_edgar_data_1581280_0001628280-24-048262.txt,,12,Other,unknown,data/manifests/filings/expansion_2024_batch_02.csv
expansion_2024_batch_03,c51ebe02d88c3946,20260309,quarter_round_robin,active_2021_2024,1670541,2024,4,10-K,20241118_10-K_edgar_data_1670541_0001670541-24-000109.txt,2024/QTR4/20241118_10-K_edgar_data_1670541_0001670541-24-000109.txt,,12,Other,unknown,data/manifests/filings/expansion_2024_batch_03.csv
expansion_2024_batch_03,5ab58e8681384059,20260309,quarter_round_robin,active_2021_2024,1674862,2024,4,10-K,20241118_10-K_edgar_data_1674862_0000950170-24-128009.txt,2024/QTR4/20241118_10-K_edgar_data_1674862_0000950170-24-128009.txt,,12,Other,unknown,data/manifests/filings/expansion_2024_batch_03.csv
expansion_2024_batch_01,d477ca0323a29419,20260307,quarter_round_robin,active_2021_2024,1308547,2024,4,10-K,20241119_10-K_edgar_data_1308547_0001628280-24-048519.txt,2024/QTR4/20241119_10-K_edgar_data_1308547_0001628280-24-048519.txt,,12,Other,unknown,data/manifests/filings/expansion_2024_batch_01.csv
expansion_2024_batch_02,90b3079ffdfb25a4,20260308,quarter_round_robin,active_2021_2024,1406587,2024,4,10-K,20241119_10-K_edgar_data_1406587_0001406587-24-000118.txt,2024/QTR4/20241119_10-K_edgar_data_1406587_0001406587-24-000118.txt,,12,Other,unknown,data/manifests/filings/expansion_2024_batch_02.csv
expansion_2024_batch_02,1f2fb5d733b29b96,20260308,quarter_round_robin,active_2021_2024,1414932,2024,4,10-K,20241119_10-K_edgar_data_1414932_0001414932-24-000016.txt,2024/QTR4/20241119_10-K_edgar_data_1414932_0001414932-24-000016.txt,,12,Other,unknown,data/manifests/filings/expansion_2024_batch_02.csv
expansion_2024_batch_02,06e57b311effb984,20260308,quarter_round_robin,active_2021_2024,1417398,2024,4,10-K,20241119_10-K_edgar_data_1417398_0001417398-24-000256.txt,2024/QTR4/20241119_10-K_edgar_data_1417398_0001417398-24-000256.txt,,12,Other,unknown,data/manifests/filings/expansion_2024_batch_02.csv
expansion_2024_batch_02,d7777ea9cc66a407,20260308,quarter_round_robin,active_2021_2024,1584509,2024,4,10-K,20241119_10-K_edgar_data_1584509_0001584509-24-000212.txt,2024/QTR4/20241119_10-K_edgar_data_1584509_0001584509-24-000212.txt,,12,Other,unknown,data/manifests/filings/expansion_2024_batch_02.csv
expansion_2024_batch_03,c7661f7e8fe95306,20260309,quarter_round_robin,active_2021_2024,1632790,2024,4,10-K,20241119_10-K_edgar_data_1632790_0001632790-24-000102.txt,2024/QTR4/20241119_10-K_edgar_data_1632790_0001632790-24-000102.txt,,12,Other,unknown,data/manifests/filings/expansion_2024_batch_03.csv
expansion_2024_batch_03,2771ec69d8ab1169,20260309,quarter_round_robin,active_2021_2024,1681622,2024,4,10-K,20241119_10-K_edgar_data_1681622_0001681622-24-000089.txt,2024/QTR4/20241119_10-K_edgar_data_1681622_0001681622-24-000089.txt,,12,Other,unknown,data/manifests/filings/expansion_2024_batch_03.csv
expansion_2024_batch_01,bf8f8e75292d828e,20260307,quarter_round_robin,active_2021_2024,1071840,2024,4,10-K,20241120_10-K_edgar_data_1071840_0001171843-24-006491.txt,2024/QTR4/20241120_10-K_edgar_data_1071840_0001171843-24-006491.txt,,12,Other,unknown,data/manifests/filings/expansion_2024_batch_01.csv
expansion_2024_batch_01,ee2422226f47d583,20260307,quarter_round_robin,active_2021_2024,1126956,2024,4,10-K,20241120_10-K_edgar_data_1126956_0001437749-24-035823.txt,2024/QTR4/20241120_10-K_edgar_data_1126956_0001437749-24-035823.txt,,12,Other,unknown,data/manifests/filings/expansion_2024_batch_01.csv
expansion_2024_batch_02,ad56a2ca25f70726,20260308,quarter_round_robin,active_2021_2024,16040,2024,4,10-K,20241120_10-K_edgar_data_16040_0000950170-24-129210.txt,2024/QTR4/20241120_10-K_edgar_data_16040_0000950170-24-129210.txt,,12,Other,unknown,data/manifests/filings/expansion_2024_batch_02.csv
expansion_2024_batch_03,7675f58766d42c0b,20260309,quarter_round_robin,active_2021_2024,1782754,2024,4,10-K,20241120_10-K_edgar_data_1782754_0001628280-24-048629.txt,2024/QTR4/20241120_10-K_edgar_data_1782754_0001628280-24-048629.txt,,12,Other,unknown,data/manifests/filings/expansion_2024_batch_03.csv
expansion_2024_batch_04,eb09edaf793186c5,20260310,quarter_round_robin,active_2021_2024,3146,2024,4,10-K,20241120_10-K_edgar_data_3146_0001437749-24-035823.txt,2024/QTR4/20241120_10-K_edgar_data_3146_0001437749-24-035823.txt,,12,Other,unknown,data/manifests/filings/expansion_2024_batch_04.csv
expansion_2024_batch_01,ef01ff1a390ef2f8,20260307,quarter_round_robin,active_2021_2024,1032220,2024,4,10-K,20241121_10-K_edgar_data_1032220_0001032220-24-000094.txt,2024/QTR4/20241121_10-K_edgar_data_1032220_0001032220-24-000094.txt,,12,Other,unknown,data/manifests/filings/expansion_2024_batch_01.csv
expansion_2024_batch_01,8602f4a65f551818,20260307,quarter_round_robin,active_2021_2024,1319161,2024,4,10-K,20241121_10-K_edgar_data_1319161_0001319161-24-000039.txt,2024/QTR4/20241121_10-K_edgar_data_1319161_0001319161-24-000039.txt,,12,Other,unknown,data/manifests/filings/expansion_2024_batch_01.csv
expansion_2024_batch_03,68b286a142b4efb1,20260309,quarter_round_robin,active_2021_2024,1666138,2024,4,10-K,20241121_10-K_edgar_data_1666138_0001666138-24-000164.txt,2024/QTR4/20241121_10-K_edgar_data_1666138_0001666138-24-000164.txt,,12,Other,unknown,data/manifests/filings/expansion_2024_batch_03.csv
expansion_2024_batch_04,0f94fc381d6d3394,20260310,quarter_round_robin,active_2021_2024,2969,2024,4,10-K,20241121_10-K_edgar_data_2969_0000002969-24-000056.txt,2024/QTR4/20241121_10-K_edgar_data_2969_0000002969-24-000056.txt,,12,Other,unknown,data/manifests/filings/expansion_2024_batch_04.csv
expansion_2024_batch_03,ff8375acdd6f95e1,20260309,quarter_round_robin,active_2021_2024,1674910,2024,4,10-K,20241122_10-K_edgar_data_1674910_0001674910-24-000152.txt,2024/QTR4/20241122_10-K_edgar_data_1674910_0001674910-24-000152.txt,,12,Other,unknown,data/manifests/filings/expansion_2024_batch_03.csv
expansion_2024_batch_03,3a8e1d40df8a5509,20260309,quarter_round_robin,active_2021_2024,1728688,2024,4,10-K,20241125_10-K_edgar_data_1728688_0001728688-24-000102.txt,2024/QTR4/20241125_10-K_edgar_data_1728688_0001728688-24-000102.txt,,12,Other,unknown,data/manifests/filings/expansion_2024_batch_03.csv
expansion_2024_batch_03,5f5db83cf55b1947,20260309,quarter_round_robin,active_2021_2024,1768267,2024,4,10-K,20241125_10-K_edgar_data_1768267_0000950170-24-130642.txt,2024/QTR4/20241125_10-K_edgar_data_1768267_0000950170-24-130642.txt,,12,Other,unknown,data/manifests/filings/expansion_2024_batch_03.csv
expansion_2024_batch_01,3a55dd8eb511c4d2,20260307,quarter_round_robin,active_2021_2024,1140859,2024,4,10-K,20241126_10-K_edgar_data_1140859_0001140859-24-000177.txt,2024/QTR4/20241126_10-K_edgar_data_1140859_0001140859-24-000177.txt,,12,Other,unknown,data/manifests/filings/expansion_2024_batch_01.csv
expansion_2024_batch_02,8fc675842db180c0,20260308,quarter_round_robin,active_2021_2024,1605331,2024,4,10-K,20241126_10-K_edgar_data_1605331_0001663577-24-000297.txt,2024/QTR4/20241126_10-K_edgar_data_1605331_0001663577-24-000297.txt,,12,Other,unknown,data/manifests/filings/expansion_2024_batch_02.csv
expansion_2024_batch_01,21edd213b8797014,20260307,quarter_round_robin,active_2021_2024,1005210,2024,4,10-K,20241127_10-K_edgar_data_1005210_0000950170-24-131309.txt,2024/QTR4/20241127_10-K_edgar_data_1005210_0000950170-24-131309.txt,,12,Other,unknown,data/manifests/filings/expansion_2024_batch_01.csv
expansion_2024_batch_01,6eac27e211d60af1,20260307,quarter_round_robin,active_2021_2024,10795,2024,4,10-K,20241127_10-K_edgar_data_10795_0000010795-24-000084.txt,2024/QTR4/20241127_10-K_edgar_data_10795_0000010795-24-000084.txt,,12,Other,unknown,data/manifests/filings/expansion_2024_batch_01.csv
expansion_2024_batch_01,d6aa0b61a6ca4c56,20260307,quarter_round_robin,active_2021_2024,1127475,2024,4,10-K,20241129_10-K_edgar_data_1127475_0001185185-24-001176.txt,2024/QTR4/20241129_10-K_edgar_data_1127475_0001185185-24-001176.txt,,12,Other,unknown,data/manifests/filings/expansion_2024_batch_01.csv
expansion_2024_batch_04,c81504976d9caf45,20260310,quarter_round_robin,active_2021_2024,1868941,2024,4,10-K,20241129_10-K_edgar_data_1868941_0001868941-24-000070.txt,2024/QTR4/20241129_10-K_edgar_data_1868941_0001868941-24-000070.txt,,12,Other,unknown,data/manifests/filings/expansion_2024_batch_04.csv
expansion_2024_batch_04,ffe0d7a689620fb6,20260310,quarter_round_robin,active_2021_2024,3545,2024,4,10-K,20241202_10-K_edgar_data_3545_0000003545-24-000128.txt,2024/QTR4/20241202_10-K_edgar_data_3545_0000003545-24-000128.txt,,12,Other,unknown,data/manifests/filings/expansion_2024_batch_04.csv
expansion_2024_batch_03,40579051e069335f,20260309,quarter_round_robin,active_2021_2024,1837240,2024,4,10-K,20241204_10-K_edgar_data_1837240_0001837240-24-000232.txt,2024/QTR4/20241204_10-K_edgar_data_1837240_0001837240-24-000232.txt,,12,Other,unknown,data/manifests/filings/expansion_2024_batch_03.csv
expansion_2024_batch_01,812ca0c45a0b7e04,20260307,quarter_round_robin,active_2021_2024,1069533,2024,4,10-K,20241205_10-K_edgar_data_1069533_0001437749-24-036744.txt,2024/QTR4/20241205_10-K_edgar_data_1069533_0001437749-24-036744.txt,,12,Other,unknown,data/manifests/filings/expansion_2024_batch_01.csv
expansion_2024_batch_02,12dc8a3659ef433a,20260308,quarter_round_robin,active_2021_2024,1463208,2024,4,10-K,20241206_10-K_edgar_data_1463208_0001493152-24-048930.txt,2024/QTR4/20241206_10-K_edgar_data_1463208_0001493152-24-048930.txt,,12,Other,unknown,data/manifests/filings/expansion_2024_batch_02.csv
expansion_2024_batch_03,cf6d9e9a43409cba,20260309,quarter_round_robin,active_2021_2024,1829311,2024,4,10-K,20241209_10-K_edgar_data_1829311_0001683168-24-008555.txt,2024/QTR4/20241209_10-K_edgar_data_1829311_0001683168-24-008555.txt,,12,Other,unknown,data/manifests/filings/expansion_2024_batch_03.csv
expansion_2024_batch_04,0d83c5bfd3ad8363,20260310,quarter_round_robin,active_2021_2024,1961847,2024,4,10-K,20241209_10-K_edgar_data_1961847_0001493152-24-049268.txt,2024/QTR4/20241209_10-K_edgar_data_1961847_0001493152-24-049268.txt,,12,Other,unknown,data/manifests/filings/expansion_2024_batch_04.csv
expansion_2024_batch_03,5f6d4e2eac9d0948,20260309,quarter_round_robin,active_2021_2024,1772921,2024,4,10-K,20241210_10-K_edgar_data_1772921_0001772921-24-000101.txt,2024/QTR4/20241210_10-K_edgar_data_1772921_0001772921-24-000101.txt,,12,Other,unknown,data/manifests/filings/expansion_2024_batch_03.csv
expansion_2024_batch_01,709f16d5955d5c4e,20260307,quarter_round_robin,active_2021_2024,1145255,2024,4,10-K,20241211_10-K_edgar_data_1145255_0001437749-24-037244.txt,2024/QTR4/20241211_10-K_edgar_data_1145255_0001437749-24-037244.txt,,12,Other,unknown,data/manifests/filings/expansion_2024_batch_01.csv
expansion_2024_batch_04,179e5922a5a3bc3e,20260310,quarter_round_robin,active_2021_2024,1872789,2024,4,10-K,20241211_10-K_edgar_data_1872789_0001872789-24-000037.txt,2024/QTR4/20241211_10-K_edgar_data_1872789_0001872789-24-000037.txt,,12,Other,unknown,data/manifests/filings/expansion_2024_batch_04.csv
expansion_2024_batch_01,1472c36ecc4498d2,20260307,quarter_round_robin,active_2021_2024,1235468,2024,4,10-K,20241212_10-K_edgar_data_1235468_0000950170-24-135700.txt,2024/QTR4/20241212_10-K_edgar_data_1235468_0000950170-24-135700.txt,,12,Other,unknown,data/manifests/filings/expansion_2024_batch_01.csv
expansion_2024_batch_04,44d50ddbdf2b85e4,20260310,quarter_round_robin,active_2021_2024,1995920,2024,4,10-K,20241212_10-K_edgar_data_1995920_0001995920-24-000026.txt,2024/QTR4/20241212_10-K_edgar_data_1995920_0001995920-24-000026.txt,,12,Other,unknown,data/manifests/filings/expansion_2024_batch_04.csv
expansion_2024_batch_04,a9a23bf3d6285c09,20260310,quarter_round_robin,active_2021_2024,27673,2024,4,10-K,20241212_10-K_edgar_data_27673_0001558370-24-016174.txt,2024/QTR4/20241212_10-K_edgar_data_27673_0001558370-24-016174.txt,,12,Other,unknown,data/manifests/filings/expansion_2024_batch_04.csv
expansion_2024_batch_04,5f72ffebdf3e98b6,20260310,quarter_round_robin,active_2021_2024,315189,2024,4,10-K,20241212_10-K_edgar_data_315189_0001558370-24-016169.txt,2024/QTR4/20241212_10-K_edgar_data_315189_0001558370-24-016169.txt,,12,Other,unknown,data/manifests/filings/expansion_2024_batch_04.csv
expansion_2024_batch_01,67eafbaf7652f1da,20260307,quarter_round_robin,active_2021_2024,1022505,2024,4,10-K,20241213_10-K_edgar_data_1022505_0001493152-24-049837.txt,2024/QTR4/20241213_10-K_edgar_data_1022505_0001493152-24-049837.txt,,12,Other,unknown,data/manifests/filings/expansion_2024_batch_01.csv
expansion_2024_batch_02,f299b173fcf7db59,20260308,quarter_round_robin,active_2021_2024,1500198,2024,4,10-K,20241217_10-K_edgar_data_1500198_0001213900-24-109524.txt,2024/QTR4/20241217_10-K_edgar_data_1500198_0001213900-24-109524.txt,,12,Other,unknown,data/manifests/filings/expansion_2024_batch_02.csv
expansion_2024_batch_02,c09330e3253332f4,20260308,quarter_round_robin,active_2021_2024,1601046,2024,4,10-K,20241217_10-K_edgar_data_1601046_0001601046-24-000159.txt,2024/QTR4/20241217_10-K_edgar_data_1601046_0001601046-24-000159.txt,,12,Other,unknown,data/manifests/filings/expansion_2024_batch_02.csv
expansion_2024_batch_04,9d7607eb959bc188,20260310,quarter_round_robin,active_2021_2024,2011286,2024,4,10-K,20241217_10-K_edgar_data_2011286_0002011286-24-000072.txt,2024/QTR4/20241217_10-K_edgar_data_2011286_0002011286-24-000072.txt,,12,Other,unknown,data/manifests/filings/expansion_2024_batch_04.csv
expansion_2024_batch_03,e16f17b9595a4784,20260309,quarter_round_robin,active_2021_2024,1645590,2024,4,10-K,20241219_10-K_edgar_data_1645590_0001645590-24-000139.txt,2024/QTR4/20241219_10-K_edgar_data_1645590_0001645590-24-000139.txt,,12,Other,unknown,data/manifests/filings/expansion_2024_batch_03.csv
expansion_2024_batch_03,e42731bee1e93fb8,20260309,quarter_round_robin,active_2021_2024,1826000,2024,4,10-K,20241219_10-K_edgar_data_1826000_0001826000-24-000073.txt,2024/QTR4/20241219_10-K_edgar_data_1826000_0001826000-24-000073.txt,,12,Other,unknown,data/manifests/filings/expansion_2024_batch_03.csv
expansion_2024_batch_04,5c24849053f8c653,20260310,quarter_round_robin,active_2021_2024,1872371,2024,4,10-K,20241219_10-K_edgar_data_1872371_0001872371-24-000014.txt,2024/QTR4/20241219_10-K_edgar_data_1872371_0001872371-24-000014.txt,,12,Other,unknown,data/manifests/filings/expansion_2024_batch_04.csv
expansion_2024_batch_04,7b5f9d940addbdea,20260310,quarter_round_robin,active_2021_2024,1974793,2024,4,10-K,20241219_10-K_edgar_data_1974793_0001974793-24-000018.txt,2024/QTR4/20241219_10-K_edgar_data_1974793_0001974793-24-000018.txt,,12,Other,unknown,data/manifests/filings/expansion_2024_batch_04.csv
expansion_2024_batch_04,f04b4da97b4a2671,20260310,quarter_round_robin,active_2021_2024,40570,2024,4,10-K,20241219_10-K_edgar_data_40570_0001477932-24-008212.txt,2024/QTR4/20241219_10-K_edgar_data_40570_0001477932-24-008212.txt,,12,Other,unknown,data/manifests/filings/expansion_2024_batch_04.csv
expansion_2024_batch_01,9c9e34119cb52be4,20260307,quarter_round_robin,active_2021_2024,1090872,2024,4,10-K,20241220_10-K_edgar_data_1090872_0001090872-24-000049.txt,2024/QTR4/20241220_10-K_edgar_data_1090872_0001090872-24-000049.txt,,12,Other,unknown,data/manifests/filings/expansion_2024_batch_01.csv
expansion_2024_batch_03,99ad9da7fac0b00f,20260309,quarter_round_robin,active_2021_2024,1730168,2024,4,10-K,20241220_10-K_edgar_data_1730168_0001730168-24-000139.txt,2024/QTR4/20241220_10-K_edgar_data_1730168_0001730168-24-000139.txt,,12,Other,unknown,data/manifests/filings/expansion_2024_batch_03.csv
expansion_2024_batch_04,86266dc3769f878d,20260310,quarter_round_robin,active_2021_2024,1938109,2024,4,10-K,20241220_10-K_edgar_data_1938109_0001493152-24-051101.txt,2024/QTR4/20241220_10-K_edgar_data_1938109_0001493152-24-051101.txt,,12,Other,unknown,data/manifests/filings/expansion_2024_batch_04.csv
expansion_2024_batch_01,c36b1b1a6c48de2f,20260307,quarter_round_robin,active_2021_2024,1314052,2024,4,10-K,20241223_10-K_edgar_data_1314052_0001731122-24-002041.txt,2024/QTR4/20241223_10-K_edgar_data_1314052_0001731122-24-002041.txt,,12,Other,unknown,data/manifests/filings/expansion_2024_batch_01.csv
expansion_2024_batch_04,b26b10a3ad8fee26,20260310,quarter_round_robin,active_2021_2024,43920,2024,4,10-K,20241223_10-K_edgar_data_43920_0000043920-24-000056.txt,2024/QTR4/20241223_10-K_edgar_data_43920_0000043920-24-000056.txt,,12,Other,unknown,data/manifests/filings/expansion_2024_batch_04.csv
expansion_2024_batch_02,d49549b9e25ca5f4,20260308,quarter_round_robin,active_2021_2024,1378590,2024,4,10-K,20241226_10-K_edgar_data_1378590_0001437749-24-038328.txt,2024/QTR4/20241226_10-K_edgar_data_1378590_0001437749-24-038328.txt,,12,Other,unknown,data/manifests/filings/expansion_2024_batch_02.csv
expansion_2024_batch_03,d5318fb4bb8de3de,20260309,quarter_round_robin,active_2021_2024,1855467,2024,4,10-K,20241226_10-K_edgar_data_1855467_0001493152-24-051917.txt,2024/QTR4/20241226_10-K_edgar_data_1855467_0001493152-24-051917.txt,,12,Other,unknown,data/manifests/filings/expansion_2024_batch_03.csv
expansion_2024_batch_02,9bc4cf6a07327f08,20260308,quarter_round_robin,active_2021_2024,1593001,2024,4,10-K,20241227_10-K_edgar_data_1593001_0001213900-24-113166.txt,2024/QTR4/20241227_10-K_edgar_data_1593001_0001213900-24-113166.txt,,12,Other,unknown,data/manifests/filings/expansion_2024_batch_02.csv
expansion_2024_batch_03,a620a6601adb494a,20260309,quarter_round_robin,active_2021_2024,1649989,2024,4,10-K,20241227_10-K_edgar_data_1649989_0001558370-24-016491.txt,2024/QTR4/20241227_10-K_edgar_data_1649989_0001558370-24-016491.txt,,12,Other,unknown,data/manifests/filings/expansion_2024_batch_03.csv
expansion_2024_batch_04,0c040afcfb2d6c5b,20260310,quarter_round_robin,active_2021_2024,2016167,2024,4,10-K,20241227_10-K_edgar_data_2016167_0001753926-24-002159.txt,2024/QTR4/20241227_10-K_edgar_data_2016167_0001753926-24-002159.txt,,12,Other,unknown,data/manifests/filings/expansion_2024_batch_04.csv
expansion_2024_batch_02,cb9a9bc2a5b8b9bb,20260308,quarter_round_robin,active_2021_2024,1435064,2024,4,10-K,20241230_10-K_edgar_data_1435064_0001493152-24-052491.txt,2024/QTR4/20241230_10-K_edgar_data_1435064_0001493152-24-052491.txt,,12,Other,unknown,data/manifests/filings/expansion_2024_batch_02.csv
expansion_2024_batch_03,bd712cd111bbda48,20260309,quarter_round_robin,active_2021_2024,1837774,2024,4,10-K,20241230_10-K_edgar_data_1837774_0001731122-24-002061.txt,2024/QTR4/20241230_10-K_edgar_data_1837774_0001731122-24-002061.txt,,12,Other,unknown,data/manifests/filings/expansion_2024_batch_03.csv
expansion_2024_batch_04,8cf239b1c408887a,20260310,quarter_round_robin,active_2021_2024,1923891,2024,4,10-K,20241230_10-K_edgar_data_1923891_0001493152-24-052393.txt,2024/QTR4/20241230_10-K_edgar_data_1923891_0001493152-24-052393.txt,,12,Other,unknown,data/manifests/filings/expansion_2024_batch_04.csv
expansion_2024_batch_03,557b75084df603cf,20260309,quarter_round_robin,active_2021_2024,1683252,2024,4,10-K,20241231_10-K_edgar_data_1683252_0001477932-24-008431.txt,2024/QTR4/20241231_10-K_edgar_data_1683252_0001477932-24-008431.txt,,12,Other,unknown,data/manifests/filings/expansion_2024_batch_03.csv
