{
  "accuracy": 0.5416666666666666,
  "correct": 117,
  "total": 216,
  "macro_precision": 0.5575174825174826,
  "macro_recall": 0.6265413381847584,
  "macro_f1": 0.5234774237955574,
  "labels": [
    "Actionable",
    "Speculative",
    "Irrelevant"
  ],
  "per_class": {
    "Actionable": {
      "precision": 0.725,
      "recall": 0.8529411764705882,
      "f1": 0.7837837837837837,
      "support": 68
    },
    "Speculative": {
      "precision": 0.4090909090909091,
      "recall": 0.8823529411764706,
      "f1": 0.5590062111801242,
      "support": 51
    },
    "Irrelevant": {
      "precision": 0.5384615384615384,
      "recall": 0.14432989690721648,
      "f1": 0.2276422764227642,
      "support": 97
    }
  }
}