filing_id,source_filename,cik,filing_date,gvkey,permno,permco,linktype,linkprim,linkdt,linkenddt,wrds_bridge_status,valid_candidate_count
b7283525792c092c,20160105_10-K_edgar_data_822370_0001615774-16-003804.txt,0000822370,20160105,35472,,,,,,,no_valid_link,0
73c27433532e9d75,20160129_10-K_edgar_data_1566561_0001640334-16-000633.txt,0001566561,20160129,nan,,,,,,,no_valid_link,0
7dbf90422becc585,20160216_10-K_edgar_data_1385799_0001387131-16-004238.txt,0001385799,20160216,182960,,,,,,,no_valid_link,0
8b5a8a5d35790e8d,20160218_10-K-A_edgar_data_1516805_0001213900-16-011042.txt,0001516805,20160218,nan,,,,,,,no_valid_link,0
19555bd2e26a2423,20160219_10-K_edgar_data_108772_0000108772-16-000040.txt,0000108772,20160219,nan,,,,,,,no_valid_link,0
87be75e637076158,20160222_10-K_edgar_data_1277856_0001558370-16-003325.txt,0001277856,20160222,nan,,,,,,,no_valid_link,0
e356a577b8fcb324,20160226_10-K_edgar_data_1104188_0001193125-16-479332.txt,0001104188,20160226,nan,,,,,,,no_valid_link,0
8ae3c92711c8db11,20160229_10-K_edgar_data_1060386_0001564590-16-013601.txt,0001060386,20160229,nan,,,,,,,no_valid_link,0
8a05d9c0502f43fc,20160310_10-K_edgar_data_1361394_0001564590-16-014383.txt,0001361394,20160310,165164,,,,,,,no_valid_link,0
28f1ecd5720c3949,20160311_10-K_edgar_data_1309141_0001551163-16-000319.txt,0001309141,20160311,23182,,,,,,,no_valid_link,0
d4df904f6dbcf141,20160311_10-K_edgar_data_1326190_0001144204-16-087617.txt,0001326190,20160311,31249,,,,,,,no_valid_link,0
78c84ea96f9ce7ae,20160311_10-K_edgar_data_1400482_0001400482-16-000127.txt,0001400482,20160311,nan,,,,,,,no_valid_link,0
78948dd19455cb25,20160315_10-K_edgar_data_1294649_0001144204-16-088249.txt,0001294649,20160315,18765,,,,,,,no_valid_link,0
3634da66d1402ad2,20160317_10-K_edgar_data_1318482_0001318482-16-000010.txt,0001318482,20160317,114881,,,,,,,no_valid_link,0
f6891f9c565506eb,20160317_10-K_edgar_data_1352952_0001437749-16-027968.txt,0001352952,20160317,179137,,,,,,,no_valid_link,0
e8972f3038b8e474,20160318_10-K_edgar_data_1508381_0001144204-16-088928.txt,0001508381,20160318,23255,,,,,,,no_valid_link,0
09bdce10ecebdbb7,20160323_10-K_edgar_data_1345991_0001387131-16-004696.txt,0001345991,20160323,nan,,,,,,,no_valid_link,0
80b6b8c8a926a9f9,20160328_10-K_edgar_data_1037189_0001193125-16-519569.txt,0001037189,20160328,nan,,,,,,,no_valid_link,0
180f20ce71ffbbea,20160328_10-K_edgar_data_1043565_0001193125-16-519598.txt,0001043565,20160328,nan,,,,,,,no_valid_link,0
5c7d5ff9ad853882,20160328_10-K_edgar_data_1057051_0001193125-16-519595.txt,0001057051,20160328,nan,,,,,,,no_valid_link,0
8890d1e547e3edde,20160328_10-K_edgar_data_1066656_0001193125-16-519600.txt,0001066656,20160328,nan,,,,,,,no_valid_link,0
76070791bb1c4df8,20160328_10-K_edgar_data_1066658_0001193125-16-519581.txt,0001066658,20160328,nan,,,,,,,no_valid_link,0
2ea38586bf0bba74,20160328_10-K_edgar_data_1068237_0001193125-16-519559.txt,0001068237,20160328,nan,,,,,,,no_valid_link,0
b506057eae376182,20160328_10-K_edgar_data_1095007_0001193125-16-519548.txt,0001095007,20160328,nan,,,,,,,no_valid_link,0
c56389b530d626e3,20160328_10-K_edgar_data_1097396_0001193125-16-519741.txt,0001097396,20160328,nan,,,,,,,no_valid_link,0
ca7a5ca7919c8d36,20160328_10-K_edgar_data_1110361_0001437749-16-028505.txt,0001110361,20160328,138342,,,,,,,no_valid_link,0
8debee8037863d5b,20160328_10-K_edgar_data_1169749_0001193125-16-519591.txt,0001169749,20160328,nan,,,,,,,no_valid_link,0
da9ffa02811bca18,20160328_10-K_edgar_data_1209709_0001193125-16-519746.txt,0001209709,20160328,nan,,,,,,,no_valid_link,0
15441509114f752b,20160328_10-K_edgar_data_1227265_0001193125-16-519682.txt,0001227265,20160328,nan,,,,,,,no_valid_link,0
029565a35895d053,20160328_10-K_edgar_data_1227268_0001193125-16-519547.txt,0001227268,20160328,nan,,,,,,,no_valid_link,0
e694ce027cdd4d6d,20160328_10-K_edgar_data_1269190_0001193125-16-519551.txt,0001269190,20160328,nan,,,,,,,no_valid_link,0
7ae0ca059833cd12,20160328_10-K_edgar_data_1325676_0001193125-16-519573.txt,0001325676,20160328,nan,,,,,,,no_valid_link,0
9ac448a6fa90f9d7,20160328_10-K_edgar_data_1369628_0001193125-16-519677.txt,0001369628,20160328,nan,,,,,,,no_valid_link,0
530a5b1204225429,20160328_10-K_edgar_data_1386164_0001193125-16-519711.txt,0001386164,20160328,nan,,,,,,,no_valid_link,0
d478efee481a87b4,20160328_10-K_edgar_data_1428042_0001193125-16-519537.txt,0001428042,20160328,nan,,,,,,,no_valid_link,0
e7d122956a7663d8,20160328_10-K_edgar_data_1428043_0001193125-16-519544.txt,0001428043,20160328,nan,,,,,,,no_valid_link,0
c81208c6c28d7f1d,20160328_10-K_edgar_data_1504886_0001193125-16-519752.txt,0001504886,20160328,nan,,,,,,,no_valid_link,0
d2d58d9a9b0b44e2,20160328_10-K_edgar_data_1599385_0001663577-16-000081.txt,0001599385,20160328,nan,,,,,,,no_valid_link,0
09d51bb7fc95090a,20160328_10-K_edgar_data_873799_0001193125-16-519808.txt,0000873799,20160328,nan,,,,,,,no_valid_link,0
748259a329e38df1,20160328_10-K_edgar_data_914747_0001193125-16-519574.txt,0000914747,20160328,nan,,,,,,,no_valid_link,0
ea0ad33ef2558989,20160328_10-K_edgar_data_925263_0001193125-16-519582.txt,0000925263,20160328,nan,,,,,,,no_valid_link,0
818afc4308dbcc72,20160328_10-K_edgar_data_925306_0001193125-16-519703.txt,0000925306,20160328,nan,,,,,,,no_valid_link,0
216e34534ecfc19a,20160329_10-K_edgar_data_1428040_0001193125-16-520740.txt,0001428040,20160329,nan,,,,,,,no_valid_link,0
713141647a3cc7df,20160329_10-K_edgar_data_1494413_0001511164-16-000709.txt,0001494413,20160329,186464,,,,,,,no_valid_link,0
2519f7abf1907ee3,20160329_10-K_edgar_data_49615_0001493152-16-008349.txt,0000049615,20160329,nan,,,,,,,no_valid_link,0
976a852065047c9a,20160329_10-K_edgar_data_6494_0001206774-16-005177.txt,0000006494,20160329,1650,,,,,,,no_valid_link,0
86ff6a703d76ddd2,20160329_10-K_edgar_data_91388_0000091388-16-000064.txt,0000091388,20160329,45775,,,,,,,no_valid_link,0
37a5da16ec29ea88,20160330_10-K_edgar_data_1014763_0001014763-16-000029.txt,0001014763,20160330,63446,,,,,,,no_valid_link,0
0b7ed79b66517f7f,20160330_10-K_edgar_data_1091983_0001548123-16-000518.txt,0001091983,20160330,118261,,,,,,,no_valid_link,0
df7e68f8c606a673,20160330_10-K_edgar_data_1126003_0001062993-16-008578.txt,0001126003,20160330,151908,,,,,,,no_valid_link,0
f837cd1d000c155a,20160330_10-K_edgar_data_1141788_0001571049-16-013492.txt,0001141788,20160330,145723,,,,,,,no_valid_link,0
2d8cfd11ca6ca3be,20160330_10-K_edgar_data_1158419_0001214659-16-010510.txt,0001158419,20160330,151848,,,,,,,no_valid_link,0
7dccccdd206b5f8c,20160330_10-K_edgar_data_1377149_0001387131-16-004824.txt,0001377149,20160330,160367,,,,,,,no_valid_link,0
0b91d7df5fd6eeee,20160330_10-K_edgar_data_1396238_0001554795-16-000602.txt,0001396238,20160330,179398,,,,,,,no_valid_link,0
c1b76ee1e774308b,20160330_10-K_edgar_data_1514226_0001514226-16-000057.txt,0001514226,20160330,165653,,,,,,,no_valid_link,0
5d29fd15d3608322,20160330_10-K_edgar_data_1585002_0001585002-16-000043.txt,0001585002,20160330,nan,,,,,,,no_valid_link,0
1701c557f43e3895,20160330_10-K_edgar_data_1597846_0001493152-16-008476.txt,0001597846,20160330,22879,,,,,,,no_valid_link,0
bffa2b5978f9e632,20160330_10-K_edgar_data_827099_0001038838-16-000224.txt,0000827099,20160330,nan,,,,,,,no_valid_link,0
6e80d8e4d91e6b8e,20160330_10-K_edgar_data_948320_0001213900-16-011978.txt,0000948320,20160330,25472,,,,,,,no_valid_link,0
fa2706ac8594a6d7,20160331_10-K_edgar_data_797542_0001295345-16-000489.txt,0000797542,20160331,51841,,,,,,,no_valid_link,0
91a31b1380e13876,20160401_10-K_edgar_data_1396536_0001553350-16-001818.txt,0001396536,20160401,23607,,,,,,,no_valid_link,0
d7bec607848b880d,20160411_10-K_edgar_data_1602381_0001078782-16-002593.txt,0001602381,20160411,nan,,,,,,,no_valid_link,0
d1a5db0bd4110805,20160414_10-K_edgar_data_1139614_0001517126-16-000315.txt,0001139614,20160414,149459,,,,,,,no_valid_link,0
29c1acf183568269,20160414_10-K_edgar_data_1485029_0001445866-16-001948.txt,0001485029,20160414,177615,,,,,,,no_valid_link,0
0a1114fcd7ced079,20160414_10-K_edgar_data_1581220_0001517126-16-000317.txt,0001581220,20160414,nan,,,,,,,no_valid_link,0
10eea5874b5a14bf,20160414_10-K_edgar_data_1587063_0001477932-16-009713.txt,0001587063,20160414,nan,,,,,,,no_valid_link,0
43445de055ac8b14,20160414_10-K_edgar_data_1592592_0001144204-16-094392.txt,0001592592,20160414,nan,,,,,,,no_valid_link,0
f403125a8b093f35,20160414_10-K_edgar_data_828878_0001038838-16-000233.txt,0000828878,20160414,28344,,,,,,,no_valid_link,0
85b24bea12425db3,20160418_10-K-A_edgar_data_1428397_0001493152-16-009036.txt,0001428397,20160418,nan,,,,,,,no_valid_link,0
366d0823a7ab0bea,20160502_10-K_edgar_data_319671_0001437749-16-030518.txt,0000319671,20160502,160194,,,,,,,no_valid_link,0
377f23e6250fb105,20160516_10-K_edgar_data_6732_0001213900-16-013480.txt,0000006732,20160516,27897,,,,,,,no_valid_link,0
ca7d2a5e7d3d4a42,20160520_10-K_edgar_data_1583138_0001493152-16-010132.txt,0001583138,20160520,20379,,,,,,,no_valid_link,0
ef2717b3f9e64265,20160523_10-K_edgar_data_1458581_0001594062-16-000490.txt,0001458581,20160523,nan,,,,,,,no_valid_link,0
8554e818a0894d4b,20160615_10-K-A_edgar_data_1581220_0001562884-16-000041.txt,0001581220,20160615,nan,,,,,,,no_valid_link,0
40c059325e6ba178,20160624_10-K_edgar_data_1132509_0001477932-16-011015.txt,0001132509,20160624,176730,,,,,,,no_valid_link,0
5ab1989381f9a507,20160628_10-K_edgar_data_1610853_0001062993-16-010330.txt,0001610853,20160628,21000,,,,,,,no_valid_link,0
15fe023b9e970d11,20160630_10-K_edgar_data_1317880_0001262463-16-000987.txt,0001317880,20160630,183455,,,,,,,no_valid_link,0
2b91b550dfd1b220,20160713_10-K_edgar_data_1450973_0001144204-16-112743.txt,0001450973,20160713,106554,,,,,,,no_valid_link,0
4e81c579107607e3,20160720_10-K_edgar_data_1384135_0001185185-16-005002.txt,0001384135,20160720,35803,,,,,,,no_valid_link,0
70588c59a677b246,20160804_10-K_edgar_data_1604082_0001640334-16-001486.txt,0001604082,20160804,nan,,,,,,,no_valid_link,0
cac5a52d91eb6bc7,20160920_10-K_edgar_data_1333519_0001477932-16-012604.txt,0001333519,20160920,nan,,,,,,,no_valid_link,0
46f923d3912b4359,20161027_10-K_edgar_data_1014052_0001213900-16-017758.txt,0001014052,20161027,105364,,,,,,,no_valid_link,0
f07ec8c08c472c72,20161028_10-K_edgar_data_1647339_0001647339-16-000043.txt,0001647339,20161028,nan,,,,,,,no_valid_link,0
7a6a72a8c72e3c4d,20161101_10-K-A_edgar_data_1610853_0001062993-16-011939.txt,0001610853,20161101,21000,,,,,,,no_valid_link,0
4dce755e90a23d84,20161114_10-K_edgar_data_1492151_0001594062-16-000651.txt,0001492151,20161114,16522,,,,,,,no_valid_link,0
6c879edf4bd1088f,20161125_10-K_edgar_data_1636023_0001636023-16-000362.txt,0001636023,20161125,nan,,,,,,,no_valid_link,0
6cd8ba0383be13fc,20161130_10-K_edgar_data_1586452_0001213900-16-019056.txt,0001586452,20161130,nan,,,,,,,no_valid_link,0
fa10ea7f8bfed6b5,20161208_10-K_edgar_data_1319161_0001564590-16-029963.txt,0001319161,20161208,163118,,,,,,,no_valid_link,0
7b3ffa83d2fb6e05,20161222_10-K_edgar_data_1516805_0001213900-16-019618.txt,0001516805,20161222,nan,,,,,,,no_valid_link,0
13558481c817c358,20161222_10-K_edgar_data_822370_0001615774-16-009049.txt,0000822370,20161222,35472,,,,,,,no_valid_link,0
6767719c47f7ad92,20170130_10-K_edgar_data_1566561_0001640334-17-000201.txt,0001566561,20170130,nan,,,,,,,no_valid_link,0
e910c0ecd3df5b9d,20170214_10-K_edgar_data_1109448_0001109448-17-000008.txt,0001109448,20170214,nan,,,,,,,no_valid_link,0
400c2cf6198c75c5,20170214_10-K_edgar_data_1385799_0001387131-17-000831.txt,0001385799,20170214,182960,,,,,,,no_valid_link,0
8558eb36092402f2,20170221_10-K_edgar_data_1023994_0001213900-17-001664.txt,0001023994,20170221,194655,,,,,,,no_valid_link,0
f8e624d820eb11da,20170223_10-K_edgar_data_701221_0001047469-17-000899.txt,0000701221,20170223,nan,,,,,,,no_valid_link,0
d870f32ffa9def67,20170227_10-K_edgar_data_108772_0000108772-17-000008.txt,0000108772,20170227,nan,,,,,,,no_valid_link,0
e4349edae95773e3,20170227_10-K_edgar_data_1104188_0001193125-17-057489.txt,0001104188,20170227,nan,,,,,,,no_valid_link,0
1f7caffd657565d2,20170227_10-K_edgar_data_1690666_0001628280-17-001795.txt,0001690666,20170227,nan,,,,,,,no_valid_link,0
a2c996e0e616a5a1,20170301_10-K_edgar_data_1060386_0001564590-17-003119.txt,0001060386,20170301,nan,,,,,,,no_valid_link,0
b7a07d9e20d6eb41,20170301_10-K_edgar_data_876883_0000876883-17-000004.txt,0000876883,20170301,39309,,,,,,,no_valid_link,0
7a976d9016868e4e,20170313_10-K_edgar_data_1354866_0001062993-17-001346.txt,0001354866,20170313,175457,,,,,,,no_valid_link,0
99b0a232f64a3e67,20170314_10-K_edgar_data_1326190_0001144204-17-014528.txt,0001326190,20170314,31249,,,,,,,no_valid_link,0
c6bd974b82b9c666,20170316_10-K_edgar_data_1383701_0001564590-17-004617.txt,0001383701,20170316,36525,,,,,,,no_valid_link,0
8087a6301c952d7d,20170316_10-K_edgar_data_1422059_0001663577-17-000064.txt,0001422059,20170316,nan,,,,,,,no_valid_link,0
5f50bf4320af02e7,20170316_10-K_edgar_data_1490927_0001490927-17-000002.txt,0001490927,20170316,16881,,,,,,,no_valid_link,0
7d1f767c6d90e871,20170322_10-K_edgar_data_1352952_0001437749-17-005089.txt,0001352952,20170322,179137,,,,,,,no_valid_link,0
a5e7ac5e14d01629,20170323_10-K_edgar_data_1652842_0001493152-17-002776.txt,0001652842,20170323,29442,,,,,,,no_valid_link,0
9ac3b3dedaae0b8c,20170324_10-K_edgar_data_6494_0001206774-17-000958.txt,0000006494,20170324,1650,,,,,,,no_valid_link,0
f63997dd8c809717,20170327_10-K_edgar_data_1183765_0001564590-17-005351.txt,0001183765,20170327,32267,,,,,,,no_valid_link,0
79bad2b105c7c09d,20170327_10-K_edgar_data_1597846_0001493152-17-002875.txt,0001597846,20170327,22879,,,,,,,no_valid_link,0
0698e2e9e830d6bd,20170327_10-K_edgar_data_1648903_0001477932-17-001299.txt,0001648903,20170327,nan,,,,,,,no_valid_link,0
dd935ed2354d4b5f,20170328_10-K_edgar_data_1037189_0001193125-17-099656.txt,0001037189,20170328,nan,,,,,,,no_valid_link,0
476eeb16c6835742,20170328_10-K_edgar_data_1043565_0001193125-17-099641.txt,0001043565,20170328,nan,,,,,,,no_valid_link,0
166df626c6d35f28,20170328_10-K_edgar_data_1057051_0001193125-17-099664.txt,0001057051,20170328,nan,,,,,,,no_valid_link,0
550f9512b0271717,20170328_10-K_edgar_data_1066656_0001193125-17-099804.txt,0001066656,20170328,nan,,,,,,,no_valid_link,0
030ce95454bc38ff,20170328_10-K_edgar_data_1068237_0001193125-17-099695.txt,0001068237,20170328,nan,,,,,,,no_valid_link,0
5581b04f7d9f693f,20170328_10-K_edgar_data_1095007_0001193125-17-099588.txt,0001095007,20170328,nan,,,,,,,no_valid_link,0
7edae32c2043a046,20170328_10-K_edgar_data_1097396_0001193125-17-099616.txt,0001097396,20170328,nan,,,,,,,no_valid_link,0
078bea772cb3f1be,20170328_10-K_edgar_data_1209709_0001193125-17-099760.txt,0001209709,20170328,nan,,,,,,,no_valid_link,0
3647b63468b7fa86,20170328_10-K_edgar_data_1227265_0001193125-17-099653.txt,0001227265,20170328,nan,,,,,,,no_valid_link,0
4e9ee2704416fa4d,20170328_10-K_edgar_data_1227268_0001193125-17-099632.txt,0001227268,20170328,nan,,,,,,,no_valid_link,0
d8fc46956b6ac7af,20170328_10-K_edgar_data_1269190_0001193125-17-099698.txt,0001269190,20170328,nan,,,,,,,no_valid_link,0
adb50c3872eb253c,20170328_10-K_edgar_data_1325676_0001193125-17-099625.txt,0001325676,20170328,nan,,,,,,,no_valid_link,0
e39c3439d9d0cff0,20170328_10-K_edgar_data_1386164_0001193125-17-099506.txt,0001386164,20170328,nan,,,,,,,no_valid_link,0
4f1cb5bcc22a1c67,20170328_10-K_edgar_data_1428040_0001193125-17-099628.txt,0001428040,20170328,nan,,,,,,,no_valid_link,0
9a55d5fcb045e703,20170328_10-K_edgar_data_1428042_0001193125-17-099906.txt,0001428042,20170328,nan,,,,,,,no_valid_link,0
44d97a2dcb662e8f,20170328_10-K_edgar_data_1428043_0001193125-17-099942.txt,0001428043,20170328,nan,,,,,,,no_valid_link,0
ebcec0f82c5191e6,20170328_10-K_edgar_data_1504886_0001193125-17-099681.txt,0001504886,20170328,nan,,,,,,,no_valid_link,0
e050cab6cb827347,20170328_10-K_edgar_data_873799_0001193125-17-099704.txt,0000873799,20170328,nan,,,,,,,no_valid_link,0
7f2587e7e002426d,20170328_10-K_edgar_data_914747_0001193125-17-099713.txt,0000914747,20170328,nan,,,,,,,no_valid_link,0
3a16c9de02444d2b,20170328_10-K_edgar_data_925263_0001193125-17-099678.txt,0000925263,20170328,nan,,,,,,,no_valid_link,0
44952480faaa53a6,20170328_10-K_edgar_data_925306_0001193125-17-099446.txt,0000925306,20170328,nan,,,,,,,no_valid_link,0
6cfb2469fb0a81de,20170329_10-K_edgar_data_1528061_0001558370-17-002258.txt,0001528061,20170329,187855,,,,,,,no_valid_link,0
9f6569ecf73972a1,20170329_10-K_edgar_data_49615_0001493152-17-002979.txt,0000049615,20170329,nan,,,,,,,no_valid_link,0
b1af9227e73305bb,20170330_10-K_edgar_data_1132509_0001477932-17-001411.txt,0001132509,20170330,176730,,,,,,,no_valid_link,0
00774bbd45b26eab,20170330_10-K_edgar_data_1396536_0001553350-17-000333.txt,0001396536,20170330,23607,,,,,,,no_valid_link,0
dbbe195d51058c9b,20170330_10-K_edgar_data_1590383_0001144204-17-017371.txt,0001590383,20170330,25740,,,,,,,no_valid_link,0
ff0e190be63c58c7,20170330_10-K_edgar_data_1642375_0001144204-17-017714.txt,0001642375,20170330,35018,,,,,,,no_valid_link,0
23166a84cf2e3eaf,20170331_10-K_edgar_data_1103795_0001683168-17-000736.txt,0001103795,20170331,115411,,,,,,,no_valid_link,0
26b400658529cd77,20170331_10-K_edgar_data_1131903_0001096906-17-000215.txt,0001131903,20170331,153630,,,,,,,no_valid_link,0
379f4768e3bc0dd9,20170331_10-K_edgar_data_1318482_0001318482-17-000001.txt,0001318482,20170331,114881,,,,,,,no_valid_link,0
788ee2bf3ef23148,20170331_10-K_edgar_data_1345991_0001580642-17-002046.txt,0001345991,20170331,nan,,,,,,,no_valid_link,0
138afa24d975e22d,20170331_10-K_edgar_data_1361394_0001564590-17-005822.txt,0001361394,20170331,165164,,,,,,,no_valid_link,0
fbc93be208c41dd8,20170331_10-K_edgar_data_1377149_0001387131-17-001750.txt,0001377149,20170331,160367,,,,,,,no_valid_link,0
8d5f8e75a5512e2a,20170331_10-K_edgar_data_1404624_0001564590-17-005848.txt,0001404624,20170331,178540,,,,,,,no_valid_link,0
f1645d643df1d484,20170331_10-K_edgar_data_1471781_0001615774-17-001376.txt,0001471781,20170331,185115,,,,,,,no_valid_link,0
09cb5f0cd3ee0b7d,20170331_10-K_edgar_data_1494413_0001511164-17-000155.txt,0001494413,20170331,186464,,,,,,,no_valid_link,0
c37c4ccdbe0aec5b,20170331_10-K_edgar_data_1672255_0001690824-17-000040.txt,0001672255,20170331,nan,,,,,,,no_valid_link,0
05e5495a2eafa821,20170331_10-K_edgar_data_890821_0001079974-17-000125.txt,0000890821,20170331,37640,,,,,,,no_valid_link,0
05afb5358d230e51,20170406_10-K_edgar_data_726293_0001445866-17-000421.txt,0000726293,20170406,34715,,,,,,,no_valid_link,0
44121215bf35f6e6,20170407_10-K_edgar_data_748268_0001554795-17-000149.txt,0000748268,20170407,35223,,,,,,,no_valid_link,0
e62e30a150783b67,20170412_10-K_edgar_data_1567900_0001010549-17-000135.txt,0001567900,20170412,26630,,,,,,,no_valid_link,0
ab5e799950755c30,20170413_10-K_edgar_data_1602381_0001078782-17-000467.txt,0001602381,20170413,nan,,,,,,,no_valid_link,0
0383f96a0408cf88,20170414_10-K_edgar_data_1084267_0001683168-17-000941.txt,0001084267,20170414,163850,,,,,,,no_valid_link,0
dbb901f2e543d967,20170417_10-K_edgar_data_1014763_0001014763-17-000003.txt,0001014763,20170417,63446,,,,,,,no_valid_link,0
d50429043676f61c,20170417_10-K_edgar_data_1356564_0001445866-17-000475.txt,0001356564,20170417,14874,,,,,,,no_valid_link,0
da5d546de7d38527,20170417_10-K_edgar_data_1458581_0001594062-17-000083.txt,0001458581,20170417,nan,,,,,,,no_valid_link,0
d9100797270336c9,20170417_10-K_edgar_data_1485029_0001445866-17-000478.txt,0001485029,20170417,177615,,,,,,,no_valid_link,0
b9a0c37e51fbacdd,20170417_10-K_edgar_data_1630176_0001520138-17-000143.txt,0001630176,20170417,26354,,,,,,,no_valid_link,0
ee9a1ace4b920eb6,20170418_10-K_edgar_data_797542_0001493152-17-004077.txt,0000797542,20170418,51841,,,,,,,no_valid_link,0
9081238608ea0334,20170425_10-K_edgar_data_1574863_0001663577-17-000133.txt,0001574863,20170425,nan,,,,,,,no_valid_link,0
5f16e39920cd205f,20170518_10-K_edgar_data_319671_0001437749-17-009518.txt,0000319671,20170518,160194,,,,,,,no_valid_link,0
0bde531e00d69be3,20170522_10-K_edgar_data_1551206_0001002014-17-000096.txt,0001551206,20170522,nan,,,,,,,no_valid_link,0
9f84f227fe69946d,20170524_10-K_edgar_data_948320_0001213900-17-005790.txt,0000948320,20170524,25472,,,,,,,no_valid_link,0
dd2d5a0b4932a0b4,20170614_10-K_edgar_data_1609988_0001477932-17-002832.txt,0001609988,20170614,34944,,,,,,,no_valid_link,0
860d5b725f88f5bc,20170616_10-K_edgar_data_1498148_0001161697-17-000294.txt,0001498148,20170616,34036,,,,,,,no_valid_link,0
65dfa57566dd1050,20170623_10-K_edgar_data_913778_0001144204-17-033740.txt,0000913778,20170623,nan,,,,,,,no_valid_link,0
21f939ac0917e060,20170629_10-K_edgar_data_1334589_0001393905-17-000195.txt,0001334589,20170629,nan,,,,,,,no_valid_link,0
798294870b37e96c,20170629_10-K_edgar_data_1508381_0001144204-17-034987.txt,0001508381,20170629,23255,,,,,,,no_valid_link,0
7925917b1d2c4ad3,20170630_10-K_edgar_data_1550518_0001424884-17-000049.txt,0001550518,20170630,nan,,,,,,,no_valid_link,0
d1347760f0d78379,20170713_10-K_edgar_data_862651_0001144204-17-036649.txt,0000862651,20170713,16069,,,,,,,no_valid_link,0
a1c1578da79f04a6,20170810_10-K_edgar_data_929940_0000929940-17-000024.txt,0000929940,20170810,nan,,,,,,,no_valid_link,0
19773baa3e7cc3f2,20170829_10-K_edgar_data_1384135_0001185185-17-001880.txt,0001384135,20170829,35803,,,,,,,no_valid_link,0
5999f5b95a2c5d8a,20170831_10-K_edgar_data_1393548_0001214659-17-005393.txt,0001393548,20170831,20934,,,,,,,no_valid_link,0
1b3a39a36255d268,20170906_10-K_edgar_data_835662_0001493152-17-010269.txt,0000835662,20170906,33136,,,,,,,no_valid_link,0
9099d2565cee766f,20170907_10-K_edgar_data_1492151_0001594062-17-000216.txt,0001492151,20170907,16522,,,,,,,no_valid_link,0
042ab780bfe49768,20171012_10-K_edgar_data_1333519_0001477932-17-005008.txt,0001333519,20171012,nan,,,,,,,no_valid_link,0
b3ac66daeffc3bc3,20171026_10-K_edgar_data_1647339_0001647339-17-000019.txt,0001647339,20171026,nan,,,,,,,no_valid_link,0
3c2b7c3e7f261601,20171205_10-K_edgar_data_1319161_0001564590-17-024528.txt,0001319161,20171205,163118,,,,,,,no_valid_link,0
aeb5dc755bf4b5f4,20171206_10-K_edgar_data_1545232_0001663577-17-000404.txt,0001545232,20171206,18391,,,,,,,no_valid_link,0
63936196ab9f4dad,20171207_10-K_edgar_data_1500242_0001493152-17-014295.txt,0001500242,20171207,189563,,,,,,,no_valid_link,0
9624d0aa5f76a4d3,20171213_10-K_edgar_data_1586452_0001213900-17-013180.txt,0001586452,20171213,nan,,,,,,,no_valid_link,0
19280786736bd0cb,20171214_10-K_edgar_data_1014052_0001213900-17-013263.txt,0001014052,20171214,105364,,,,,,,no_valid_link,0
822423eaea58e47a,20171229_10-K_edgar_data_822370_0001615774-17-007691.txt,0000822370,20171229,35472,,,,,,,no_valid_link,0
d8eff29229750e2a,20180116_10-K_edgar_data_827876_0001663577-18-000019.txt,0000827876,20180116,186904,,,,,,,no_valid_link,0
537e7606ce7ca839,20180214_10-K_edgar_data_1706946_0001144204-18-008162.txt,0001706946,20180214,35808,,,,,,,no_valid_link,0
a0511586325176c1,20180220_10-K_edgar_data_1516887_0001078782-18-000201.txt,0001516887,20180220,170692,,,,,,,no_valid_link,0
f072f0633f03d871,20180222_10-K_edgar_data_1115222_0001115222-18-000004.txt,0001115222,20180222,nan,,,,,,,no_valid_link,0
6d6ae2d84b169cac,20180223_10-K_edgar_data_1060386_0001564590-18-003023.txt,0001060386,20180223,nan,,,,,,,no_valid_link,0
41d6de8937d4b693,20180223_10-K_edgar_data_108772_0000108772-18-000012.txt,0000108772,20180223,nan,,,,,,,no_valid_link,0
45dc9a99193de252,20180223_10-K_edgar_data_1690666_0001628280-18-002149.txt,0001690666,20180223,nan,,,,,,,no_valid_link,0
38895c55656fdf48,20180223_10-K_edgar_data_808362_0000808362-18-000006.txt,0000808362,20180223,1976,,,,,,,no_valid_link,0
7bc4e845d52bb40d,20180227_10-K_edgar_data_1642375_0001144204-18-011242.txt,0001642375,20180227,35018,,,,,,,no_valid_link,0
2c9b9b78b2fb5748,20180228_10-K_edgar_data_1104188_0001193125-18-062134.txt,0001104188,20180228,nan,,,,,,,no_valid_link,0
7dcdd713226acb87,20180228_10-K_edgar_data_701221_0001047469-18-001158.txt,0000701221,20180228,nan,,,,,,,no_valid_link,0
3883378fb8c01a1e,20180228_10-K_edgar_data_744455_0000744455-18-000003.txt,0000744455,20180228,120276,,,,,,,no_valid_link,0
c2bdbbf16ffd4461,20180228_10-K_edgar_data_75679_0000075679-18-000008.txt,0000075679,20180228,nan,,,,,,,no_valid_link,0
d1cb5ada12f91f7d,20180301_10-K_edgar_data_1404624_0001564590-18-004158.txt,0001404624,20180301,178540,,,,,,,no_valid_link,0
aeebd65b56276bd6,20180301_10-K_edgar_data_876883_0000876883-18-000007.txt,0000876883,20180301,39309,,,,,,,no_valid_link,0
0eca9c08a432f49a,20180305_10-K_edgar_data_1409269_0001564590-18-004378.txt,0001409269,20180305,35850,,,,,,,no_valid_link,0
c21b8ebeee1d67fa,20180307_10-K_edgar_data_1584423_0001584423-18-000002.txt,0001584423,20180307,nan,,,,,,,no_valid_link,0
fe2015fc33290cc3,20180308_10-K_edgar_data_1129542_0001129542-18-000004.txt,0001129542,20180308,146020,,,,,,,no_valid_link,0
67d2926a226ff7eb,20180309_10-K_edgar_data_1316944_0001316944-18-000051.txt,0001316944,20180309,nan,,,,,,,no_valid_link,0
3bad94d56cf9ed8f,20180312_10-K_edgar_data_1610853_0001564590-18-005321.txt,0001610853,20180312,21000,,,,,,,no_valid_link,0
6e7a1536da202295,20180313_10-K_edgar_data_1514056_0001493152-18-003280.txt,0001514056,20180313,26165,,,,,,,no_valid_link,0
f308bfd1e3863b0b,20180315_10-K_edgar_data_1354866_0001062993-18-001206.txt,0001354866,20180315,175457,,,,,,,no_valid_link,0
a670e9a031a99024,20180319_10-K_edgar_data_1131903_0001096906-18-000152.txt,0001131903,20180319,153630,,,,,,,no_valid_link,0
f84458de01d3a3b1,20180319_10-K_edgar_data_919175_0001520138-18-000033.txt,0000919175,20180319,187356,,,,,,,no_valid_link,0
44fbeb975e81d93f,20180320_10-K_edgar_data_1672255_0001599916-18-000057.txt,0001672255,20180320,nan,,,,,,,no_valid_link,0
d1536b6ac92f38ce,20180320_10-K_edgar_data_861441_0001387131-18-001140.txt,0000861441,20180320,nan,,,,,,,no_valid_link,0
491b2e2b96e9c7a4,20180321_10-K_edgar_data_1318482_0001318482-18-000001.txt,0001318482,20180321,114881,,,,,,,no_valid_link,0
ca6643e0ec66a612,20180321_10-K_edgar_data_1648903_0001477932-18-001381.txt,0001648903,20180321,nan,,,,,,,no_valid_link,0
7394c02df37c8453,20180326_10-K_edgar_data_6494_0001206774-18-000959.txt,0000006494,20180326,1650,,,,,,,no_valid_link,0
486fa2fbf48a5602,20180327_10-K_edgar_data_1352952_0001437749-18-005587.txt,0001352952,20180327,179137,,,,,,,no_valid_link,0
0738fa6b03df8072,20180327_10-K_edgar_data_1690384_0001615774-18-002109.txt,0001690384,20180327,nan,,,,,,,no_valid_link,0
df9a8fb7627b438a,20180327_10-K_edgar_data_315958_0001140361-18-015124.txt,0000315958,20180327,7841,,,,,,,no_valid_link,0
8dfaa039cd574de2,20180328_10-K_edgar_data_1043565_0001193125-18-098996.txt,0001043565,20180328,nan,,,,,,,no_valid_link,0
555725466ac4c248,20180328_10-K_edgar_data_1057051_0001193125-18-098930.txt,0001057051,20180328,nan,,,,,,,no_valid_link,0
e4d85c0fce1a79c1,20180328_10-K_edgar_data_1066656_0001193125-18-099090.txt,0001066656,20180328,nan,,,,,,,no_valid_link,0
93254cdccb47e9f4,20180328_10-K_edgar_data_1068237_0001193125-18-099052.txt,0001068237,20180328,nan,,,,,,,no_valid_link,0
5698ec8060dd86ab,20180328_10-K_edgar_data_1095007_0001193125-18-099140.txt,0001095007,20180328,nan,,,,,,,no_valid_link,0
99375793ecbcf5b0,20180328_10-K_edgar_data_1097396_0001193125-18-099381.txt,0001097396,20180328,nan,,,,,,,no_valid_link,0
ed1a250ebbb1ca78,20180328_10-K_edgar_data_1209709_0001193125-18-099063.txt,0001209709,20180328,nan,,,,,,,no_valid_link,0
498f63f60844b5ba,20180328_10-K_edgar_data_1227265_0001193125-18-099113.txt,0001227265,20180328,nan,,,,,,,no_valid_link,0
4592eb855961e159,20180328_10-K_edgar_data_1227268_0001193125-18-098940.txt,0001227268,20180328,nan,,,,,,,no_valid_link,0
cb6733439986b9b7,20180328_10-K_edgar_data_1269190_0001193125-18-099242.txt,0001269190,20180328,nan,,,,,,,no_valid_link,0
5ee614c6b81537ed,20180328_10-K_edgar_data_1325676_0001193125-18-099283.txt,0001325676,20180328,nan,,,,,,,no_valid_link,0
8946bdd16bc8b663,20180328_10-K_edgar_data_1386164_0001193125-18-099192.txt,0001386164,20180328,nan,,,,,,,no_valid_link,0
da36dc2a43a95ca0,20180328_10-K_edgar_data_1504886_0001193125-18-099261.txt,0001504886,20180328,nan,,,,,,,no_valid_link,0
3fba92345b59a716,20180328_10-K_edgar_data_873799_0001193125-18-099028.txt,0000873799,20180328,nan,,,,,,,no_valid_link,0
1515e98fda9b05e5,20180328_10-K_edgar_data_914747_0001193125-18-099160.txt,0000914747,20180328,nan,,,,,,,no_valid_link,0
f40c2a2ed903ae17,20180328_10-K_edgar_data_925263_0001193125-18-099172.txt,0000925263,20180328,nan,,,,,,,no_valid_link,0
83a56c01e5cea0c5,20180329_10-K_edgar_data_1265848_0001493152-18-004100.txt,0001265848,20180329,nan,,,,,,,no_valid_link,0
e13b1d5ff869cdd6,20180329_10-K_edgar_data_1494413_0001511164-18-000188.txt,0001494413,20180329,186464,,,,,,,no_valid_link,0
f04d7581dced2df6,20180329_10-K_edgar_data_1571996_0001571996-18-000004.txt,0001571996,20180329,14489,,,,,,,no_valid_link,0
fd99570e9c45b7b1,20180330_10-K_edgar_data_1377149_0001387131-18-001293.txt,0001377149,20180330,160367,,,,,,,no_valid_link,0
a003d49a6c5bee19,20180330_10-K_edgar_data_1407878_0001477932-18-001540.txt,0001407878,20180330,178222,,,,,,,no_valid_link,0
806bd9f077f0d7d7,20180330_10-K_edgar_data_1591165_0001493152-18-004286.txt,0001591165,20180330,35470,,,,,,,no_valid_link,0
7aa3da2aa89d50aa,20180330_10-K_edgar_data_1622822_0001213900-18-003699.txt,0001622822,20180330,22971,,,,,,,no_valid_link,0
52a8ca30c7d72107,20180330_10-K_edgar_data_1632323_0001615774-18-002239.txt,0001632323,20180330,nan,,,,,,,no_valid_link,0
e86ab141f7012ee0,20180330_10-K_edgar_data_49615_0001493152-18-004235.txt,0000049615,20180330,nan,,,,,,,no_valid_link,0
f21cdc3ac6f62e0b,20180402_10-K_edgar_data_1081745_0001493152-18-004461.txt,0001081745,20180402,170756,,,,,,,no_valid_link,0
d8d7a0ef4cf378c8,20180402_10-K_edgar_data_1103795_0001683168-18-000868.txt,0001103795,20180402,115411,,,,,,,no_valid_link,0
1a8b9fb5d77af458,20180402_10-K_edgar_data_1396536_0001553350-18-000285.txt,0001396536,20180402,23607,,,,,,,no_valid_link,0
d79c660b1d963974,20180402_10-K_edgar_data_1515139_0001493152-18-004436.txt,0001515139,20180402,18918,,,,,,,no_valid_link,0
8c8cd0b5b858faf0,20180402_10-K_edgar_data_1523855_0001213900-18-003847.txt,0001523855,20180402,23745,,,,,,,no_valid_link,0
ee9f107d03cae6c3,20180402_10-K_edgar_data_1528061_0001558370-18-002712.txt,0001528061,20180402,187855,,,,,,,no_valid_link,0
12477212536fab12,20180402_10-K_edgar_data_1586372_0001683168-18-000876.txt,0001586372,20180402,nan,,,,,,,no_valid_link,0
e6b715a0e59ba4e2,20180402_10-K_edgar_data_1590383_0001144204-18-018455.txt,0001590383,20180402,25740,,,,,,,no_valid_link,0
a1ddad2b0d2b4f3f,20180402_10-K_edgar_data_1619174_0001078782-18-000392.txt,0001619174,20180402,nan,,,,,,,no_valid_link,0
2564f7f26cf3eac9,20180402_10-K_edgar_data_1621199_0001640334-18-000596.txt,0001621199,20180402,26596,,,,,,,no_valid_link,0
a6852a7ac8874b34,20180402_10-K_edgar_data_1650505_0001654954-18-003460.txt,0001650505,20180402,26997,,,,,,,no_valid_link,0
a89c1c41ca78b85e,20180402_10-K_edgar_data_1675442_0001493152-18-004555.txt,0001675442,20180402,nan,,,,,,,no_valid_link,0
6da542feb618a5e1,20180402_10-K_edgar_data_1688667_0001493152-18-004557.txt,0001688667,20180402,22762,,,,,,,no_valid_link,0
a80ff703a8b1a180,20180402_10-K_edgar_data_890821_0001140361-18-016275.txt,0000890821,20180402,37640,,,,,,,no_valid_link,0
2332b1b2c96eea98,20180405_10-K_edgar_data_1416172_0001213900-18-004094.txt,0001416172,20180405,32269,,,,,,,no_valid_link,0
78658d49f24f8c94,20180405_10-K_edgar_data_1681400_0001213900-18-004096.txt,0001681400,20180405,nan,,,,,,,no_valid_link,0
001387fcbbb167f3,20180409_10-K_edgar_data_748268_0001554795-18-000086.txt,0000748268,20180409,35223,,,,,,,no_valid_link,0
13a1d272289c47ae,20180411_10-K_edgar_data_1447380_0001562762-18-000130.txt,0001447380,20180411,183964,,,,,,,no_valid_link,0
a22ef92068410bcf,20180411_10-K_edgar_data_819926_0001213900-18-004297.txt,0000819926,20180411,36219,,,,,,,no_valid_link,0
ec93e9d52a0f8efc,20180412_10-K_edgar_data_1471781_0001615774-18-002560.txt,0001471781,20180412,185115,,,,,,,no_valid_link,0
7d1e191d52454d38,20180413_10-K_edgar_data_1597846_0001493152-18-005123.txt,0001597846,20180413,22879,,,,,,,no_valid_link,0
bee1b6961e5613f0,20180416_10-K_edgar_data_1132509_0001477932-18-001816.txt,0001132509,20180416,176730,,,,,,,no_valid_link,0
2cebb75751607d31,20180416_10-K_edgar_data_1345991_0001580642-18-002078.txt,0001345991,20180416,nan,,,,,,,no_valid_link,0
1e6da7f4d4b66eed,20180416_10-K_edgar_data_1627611_0001493152-18-005212.txt,0001627611,20180416,nan,,,,,,,no_valid_link,0
b751982125a78718,20180417_10-K_edgar_data_1084267_0001683168-18-001021.txt,0001084267,20180417,163850,,,,,,,no_valid_link,0
fe0457de54102ced,20180417_10-K_edgar_data_1100778_0001165527-18-000072.txt,0001100778,20180417,25233,,,,,,,no_valid_link,0
0c4c399430d4f8c6,20180417_10-K_edgar_data_1128725_0001213900-18-004602.txt,0001128725,20180417,186748,,,,,,,no_valid_link,0
be4026b10d520f88,20180417_10-K_edgar_data_1178377_0001493152-18-005371.txt,0001178377,20180417,32305,,,,,,,no_valid_link,0
d6eedaf73e345355,20180417_10-K_edgar_data_1290658_0001683168-18-001033.txt,0001290658,20180417,32331,,,,,,,no_valid_link,0
1a451d83869efd3c,20180417_10-K_edgar_data_1399352_0001477932-18-001893.txt,0001399352,20180417,170707,,,,,,,no_valid_link,0
7034b84381ebea1a,20180417_10-K_edgar_data_1485029_0001445866-18-000397.txt,0001485029,20180417,177615,,,,,,,no_valid_link,0
e22a6dde3310ebc8,20180417_10-K_edgar_data_1541884_0001493152-18-005268.txt,0001541884,20180417,33017,,,,,,,no_valid_link,0
87d4393a71a65152,20180417_10-K_edgar_data_1567900_0001010549-18-000123.txt,0001567900,20180417,26630,,,,,,,no_valid_link,0
67e88f04ec15c3e9,20180417_10-K_edgar_data_1662684_0001144204-18-020894.txt,0001662684,20180417,33557,,,,,,,no_valid_link,0
8d19c1b4e9a921f3,20180418_10-K_edgar_data_1014763_0001014763-18-000004.txt,0001014763,20180418,63446,,,,,,,no_valid_link,0
6bd7722a7086a0de,20180509_10-K_edgar_data_1223533_0001493152-18-006463.txt,0001223533,20180509,162539,,,,,,,no_valid_link,0
b8bad40aa16b0248,20180529_10-K_edgar_data_1609988_0001477932-18-002789.txt,0001609988,20180529,34944,,,,,,,no_valid_link,0
320a65150e848556,20180608_10-K_edgar_data_1630176_0001520138-18-000125.txt,0001630176,20180608,26354,,,,,,,no_valid_link,0
cd81336ca74c37bc,20180614_10-K_edgar_data_1498148_0001161697-18-000318.txt,0001498148,20180614,34036,,,,,,,no_valid_link,0
e48ec8f8bce9d105,20180615_10-K_edgar_data_1574863_0001663577-18-000275.txt,0001574863,20180615,nan,,,,,,,no_valid_link,0
abba3a030351fb2b,20180622_10-K_edgar_data_913778_0001144204-18-035277.txt,0000913778,20180622,nan,,,,,,,no_valid_link,0
01328418cea1df7e,20180626_10-K_edgar_data_835662_0001493152-18-009221.txt,0000835662,20180626,33136,,,,,,,no_valid_link,0
23974efe65cff6e6,20180628_10-K_edgar_data_1437491_0001213900-18-008366.txt,0001437491,20180628,27086,,,,,,,no_valid_link,0
b7f7d0734c039755,20180628_10-K_edgar_data_1556148_0001193125-18-206521.txt,0001556148,20180628,nan,,,,,,,no_valid_link,0
693c5eda7ce4e3a8,20180629_10-K_edgar_data_1635136_0001493152-18-009434.txt,0001635136,20180629,30081,,,,,,,no_valid_link,0
3623161676a70d14,20180706_10-K_edgar_data_1394108_0001554795-18-000179.txt,0001394108,20180706,184388,,,,,,,no_valid_link,0
4e633745e7d56307,20180712_10-K_edgar_data_1334589_0001393905-18-000218.txt,0001334589,20180712,nan,,,,,,,no_valid_link,0
57e402fb7315cdf6,20180713_10-K_edgar_data_1585755_0001493152-18-009994.txt,0001585755,20180713,nan,,,,,,,no_valid_link,0
09b297778281d22e,20180716_10-K_edgar_data_1550518_0001654954-18-007670.txt,0001550518,20180716,nan,,,,,,,no_valid_link,0
ca8c66a2e76e4f4f,20180808_10-K_edgar_data_929940_0000929940-18-000023.txt,0000929940,20180808,nan,,,,,,,no_valid_link,0
cdabb1591ba4f0d2,20180815_10-K_edgar_data_1691430_0001078782-18-000877.txt,0001691430,20180815,34011,,,,,,,no_valid_link,0
f74c661d4732d04c,20180928_10-K_edgar_data_1333519_0001477932-18-004678.txt,0001333519,20180928,nan,,,,,,,no_valid_link,0
1d0e170e85cdae85,20180928_10-K_edgar_data_1669479_0001493152-18-013846.txt,0001669479,20180928,nan,,,,,,,no_valid_link,0
a1026443a360061b,20181019_10-K_edgar_data_1526689_0001640334-18-001962.txt,0001526689,20181019,18492,,,,,,,no_valid_link,0
5bc0ad37cc09b176,20181029_10-K_edgar_data_1084370_0001654954-18-011636.txt,0001084370,20181029,62853,,,,,,,no_valid_link,0
e993cd2fbbbeb4d3,20181029_10-K_edgar_data_1556801_0001640334-18-001995.txt,0001556801,20181029,17917,,,,,,,no_valid_link,0
acb39d9226c25282,20181114_10-K_edgar_data_1482554_0001079973-18-000628.txt,0001482554,20181114,194557,,,,,,,no_valid_link,0
80051f6138495081,20181116_10-K_edgar_data_1014052_0001213900-18-016037.txt,0001014052,20181116,105364,,,,,,,no_valid_link,0
6adce35131ac5976,20181120_10-K_edgar_data_1586452_0001213900-18-016287.txt,0001586452,20181120,nan,,,,,,,no_valid_link,0
0b6b7eb80eb44800,20181128_10-K_edgar_data_919175_0001520138-18-000333.txt,0000919175,20181128,187356,,,,,,,no_valid_link,0
74184407f4d752a3,20181129_10-K_edgar_data_1343009_0001683168-18-003584.txt,0001343009,20181129,187166,,,,,,,no_valid_link,0
a433ca27d7a73abf,20181130_10-K_edgar_data_1384135_0001185185-18-002110.txt,0001384135,20181130,35803,,,,,,,no_valid_link,0
98d06c024b567eaa,20181206_10-K_edgar_data_1719489_0001564590-18-030611.txt,0001719489,20181206,35909,,,,,,,no_valid_link,0
9e0a6de90b1419c2,20181207_10-K_edgar_data_1500242_0001493152-18-017153.txt,0001500242,20181207,189563,,,,,,,no_valid_link,0
10d37e72b05b8ff7,20181211_10-K_edgar_data_822370_0001615774-18-014245.txt,0000822370,20181211,35472,,,,,,,no_valid_link,0
b9bf781895ebfd32,20181214_10-K_edgar_data_1127475_0001185185-18-002178.txt,0001127475,20181214,152686,,,,,,,no_valid_link,0
cc8e9f577d994825,20181214_10-K_edgar_data_1656053_0001640334-18-002371.txt,0001656053,20181214,nan,,,,,,,no_valid_link,0
ff88cb63f2968ecc,20181220_10-K_edgar_data_1319161_0001564590-18-031166.txt,0001319161,20181220,163118,,,,,,,no_valid_link,0
25f0e228f169f582,20181220_10-K_edgar_data_1744179_0001744179-18-000005.txt,0001744179,20181220,nan,,,,,,,no_valid_link,0
b1084481ea240463,20190115_10-K_edgar_data_1516887_0001493152-19-000631.txt,0001516887,20190115,170692,,,,,,,no_valid_link,0
9f24857f652dd382,20190115_10-K_edgar_data_827876_0001663577-19-000036.txt,0000827876,20190115,186904,,,,,,,no_valid_link,0
c1a48c9b23a8e951,20190129_10-K_edgar_data_225628_0001096906-19-000043.txt,0000225628,20190129,7232,,,,,,,no_valid_link,0
4383ba851464a42e,20190130_10-K_edgar_data_1628104_0001140361-19-001959.txt,0001628104,20190130,32445,,,,,,,no_valid_link,0
fcfa8163e90acfed,20190205_10-K_edgar_data_94845_0000094845-19-000006.txt,0000094845,20190205,16476,,,,,,,no_valid_link,0
6ad47e1561fc027e,20190214_10-K_edgar_data_1642375_0001144204-19-007374.txt,0001642375,20190214,35018,,,,,,,no_valid_link,0
20dbcef6683a6f8d,20190214_10-K_edgar_data_310522_0000310522-19-000116.txt,0000310522,20190214,4601,,,,,,,no_valid_link,0
b424c8cb371651be,20190215_10-K_edgar_data_1094392_0001564590-19-003093.txt,0001094392,20190215,nan,,,,,,,no_valid_link,0
2f209dff63c1fec6,20190220_10-K_edgar_data_1690666_0001564590-19-003460.txt,0001690666,20190220,nan,,,,,,,no_valid_link,0
1e286e7a7b4aa2cc,20190222_10-K_edgar_data_1060386_0001564590-19-003921.txt,0001060386,20190222,nan,,,,,,,no_valid_link,0
d31d94c839aac07c,20190222_10-K_edgar_data_1472595_0001628280-19-001770.txt,0001472595,20190222,nan,,,,,,,no_valid_link,0
779d88164a6ffc75,20190222_10-K_edgar_data_54476_0001711269-19-000013.txt,0000054476,20190222,156654,,,,,,,no_valid_link,0
3295e88963e44c52,20190222_10-K_edgar_data_54507_0001711269-19-000013.txt,0000054507,20190222,34057,,,,,,,no_valid_link,0
3e19204ad57ac739,20190225_10-K_edgar_data_108772_0000108772-19-000011.txt,0000108772,20190225,nan,,,,,,,no_valid_link,0
db26f4e7bbca70cb,20190225_10-K_edgar_data_1494877_0001297996-19-000032.txt,0001494877,20190225,nan,,,,,,,no_valid_link,0
2058527e353543dd,20190226_10-K_edgar_data_1454124_0001017386-19-000056.txt,0001454124,20190226,183852,,,,,,,no_valid_link,0
2176050072831e42,20190301_10-K_edgar_data_1354866_0001062993-19-001105.txt,0001354866,20190301,175457,,,,,,,no_valid_link,0
13d71dab7a14b107,20190301_10-K_edgar_data_1451929_0001493152-19-002736.txt,0001451929,20190301,22760,,,,,,,no_valid_link,0
c717c994443a421a,20190304_10-K_edgar_data_1450973_0001144204-19-012047.txt,0001450973,20190304,106554,,,,,,,no_valid_link,0
529ad0eede3f943a,20190305_10-K_edgar_data_1721386_0001731122-19-000106.txt,0001721386,20190305,37713,,,,,,,no_valid_link,0
4d8d5102e221b893,20190306_10-K_edgar_data_1584423_0001584423-19-000007.txt,0001584423,20190306,nan,,,,,,,no_valid_link,0
618f389ba71f6f72,20190307_10-K_edgar_data_1683252_0001683252-19-000007.txt,0001683252,20190307,35039,,,,,,,no_valid_link,0
dc06dadf0e21a330,20190308_10-K_edgar_data_1080319_0001017386-19-000064.txt,0001080319,20190308,264281,,,,,,,no_valid_link,0
62ee0d0cdbd50aa9,20190308_10-K_edgar_data_1316944_0001316944-19-000042.txt,0001316944,20190308,nan,,,,,,,no_valid_link,0
8b6909255ca65042,20190308_10-K_edgar_data_1534154_0001615774-19-003800.txt,0001534154,20190308,23001,,,,,,,no_valid_link,0
97840ff68021d3f6,20190313_10-K_edgar_data_1131903_0001096906-19-000093.txt,0001131903,20190313,153630,,,,,,,no_valid_link,0
0a35525bfd622a53,20190313_10-K_edgar_data_1293282_0001564590-19-007403.txt,0001293282,20190313,nan,,,,,,,no_valid_link,0
d33f53edb91b3858,20190313_10-K_edgar_data_1411059_0001411059-19-000012.txt,0001411059,20190313,180162,,,,,,,no_valid_link,0
f3658ef6030501cf,20190314_10-K_edgar_data_1642862_0001642862-19-000002.txt,0001642862,20190314,nan,,,,,,,no_valid_link,0
3e898603757f9b39,20190314_10-K_edgar_data_1717310_0001717310-19-000002.txt,0001717310,20190314,nan,,,,,,,no_valid_link,0
0b5fcf39d1b8fc5c,20190315_10-K_edgar_data_1281984_0001213900-19-004264.txt,0001281984,20190315,163818,,,,,,,no_valid_link,0
60fc6a768563dd00,20190315_10-K_edgar_data_861441_0001387131-19-001945.txt,0000861441,20190315,nan,,,,,,,no_valid_link,0
596315726b7d4c08,20190318_10-K_edgar_data_1706946_0001144204-19-014644.txt,0001706946,20190318,35808,,,,,,,no_valid_link,0
a7190b49f7821b07,20190318_10-K_edgar_data_876883_0000876883-19-000004.txt,0000876883,20190318,39309,,,,,,,no_valid_link,0
505edd14a077c884,20190319_10-K_edgar_data_1378125_0001640334-19-000403.txt,0001378125,20190319,176327,,,,,,,no_valid_link,0
d3b035f5f0db623c,20190319_10-K_edgar_data_1482541_0001493152-19-003583.txt,0001482541,20190319,186779,,,,,,,no_valid_link,0
c050182de4486938,20190320_10-K_edgar_data_1398805_0001683168-19-000735.txt,0001398805,20190320,184345,,,,,,,no_valid_link,0
465aa0e92412189e,20190320_10-K_edgar_data_1409269_0001564590-19-008643.txt,0001409269,20190320,35850,,,,,,,no_valid_link,0
d0ae5677c9b44ab6,20190320_10-K_edgar_data_1709587_0001213900-19-004553.txt,0001709587,20190320,nan,,,,,,,no_valid_link,0
b6f9dc4a2da23e19,20190320_10-K_edgar_data_1731289_0001104659-19-016327.txt,0001731289,20190320,36565,,,,,,,no_valid_link,0
868ba3953de991f4,20190320_10-K_edgar_data_1743725_0001213900-19-004549.txt,0001743725,20190320,36293,,,,,,,no_valid_link,0
fa624fe991c76424,20190322_10-K_edgar_data_1318482_0001318482-19-000002.txt,0001318482,20190322,114881,,,,,,,no_valid_link,0
66be0ed772d13a93,20190322_10-K_edgar_data_315958_0001140361-19-005420.txt,0000315958,20190322,7841,,,,,,,no_valid_link,0
d37fb8d44bf52e1a,20190325_10-K_edgar_data_1514056_0001493152-19-003832.txt,0001514056,20190325,26165,,,,,,,no_valid_link,0
a6dbc531cc57ab78,20190326_10-K_edgar_data_1043565_0001193125-19-086276.txt,0001043565,20190326,nan,,,,,,,no_valid_link,0
47f0d24471600c36,20190326_10-K_edgar_data_1045425_0001564590-19-009354.txt,0001045425,20190326,66281,,,,,,,no_valid_link,0
bb2f0b35169fe28a,20190326_10-K_edgar_data_1066656_0001193125-19-086268.txt,0001066656,20190326,nan,,,,,,,no_valid_link,0
be9545cabd6261b0,20190326_10-K_edgar_data_1097396_0001193125-19-086286.txt,0001097396,20190326,nan,,,,,,,no_valid_link,0
ce82b1f2b2930a5d,20190326_10-K_edgar_data_1209709_0001193125-19-086266.txt,0001209709,20190326,nan,,,,,,,no_valid_link,0
d2dab4187422e1d2,20190326_10-K_edgar_data_1227265_0001193125-19-086252.txt,0001227265,20190326,nan,,,,,,,no_valid_link,0
03c3dcb87b45d5ec,20190326_10-K_edgar_data_1269190_0001193125-19-086251.txt,0001269190,20190326,nan,,,,,,,no_valid_link,0
40d245af602c8f1d,20190326_10-K_edgar_data_1325676_0001193125-19-086263.txt,0001325676,20190326,nan,,,,,,,no_valid_link,0
63cf64788fafba45,20190326_10-K_edgar_data_1386164_0001193125-19-086260.txt,0001386164,20190326,nan,,,,,,,no_valid_link,0
80aea7992088de86,20190326_10-K_edgar_data_1413891_0001213900-19-004884.txt,0001413891,20190326,179184,,,,,,,no_valid_link,0
37ef640189866d09,20190326_10-K_edgar_data_873799_0001193125-19-086270.txt,0000873799,20190326,nan,,,,,,,no_valid_link,0
eafd709bcd8dccb7,20190326_10-K_edgar_data_890821_0001140361-19-005573.txt,0000890821,20190326,37640,,,,,,,no_valid_link,0
227dd9441dfaf6fd,20190327_10-K_edgar_data_1132509_0001477932-19-001207.txt,0001132509,20190327,176730,,,,,,,no_valid_link,0
d0b6b585dd7e7813,20190328_10-K_edgar_data_1471781_0001615774-19-004691.txt,0001471781,20190328,185115,,,,,,,no_valid_link,0
f6b8fe39f1448299,20190328_10-K_edgar_data_1636509_0001683168-19-000815.txt,0001636509,20190328,nan,,,,,,,no_valid_link,0
9b88335b8c494e0b,20190328_10-K_edgar_data_1758009_0001213900-19-005062.txt,0001758009,20190328,162643,,,,,,,no_valid_link,0
bdfabde8a621ed7d,20190329_10-K_edgar_data_1377149_0001387131-19-002310.txt,0001377149,20190329,160367,,,,,,,no_valid_link,0
cba23b00ade7f27f,20190329_10-K_edgar_data_1563665_0001144204-19-017039.txt,0001563665,20190329,16719,,,,,,,no_valid_link,0
9709355365db2637,20190329_10-K_edgar_data_1648903_0001477932-19-001279.txt,0001648903,20190329,nan,,,,,,,no_valid_link,0
b5ab26df82a6c0de,20190329_10-K_edgar_data_1659183_0001079974-19-000154.txt,0001659183,20190329,33319,,,,,,,no_valid_link,0
70f8a3d0409c3b9c,20190329_10-K_edgar_data_1662684_0001144204-19-017012.txt,0001662684,20190329,33557,,,,,,,no_valid_link,0
2c450af856028d66,20190329_10-K_edgar_data_6494_0001206774-19-001153.txt,0000006494,20190329,1650,,,,,,,no_valid_link,0
96b3660a7f71366f,20190401_10-K_edgar_data_1081745_0001493152-19-004530.txt,0001081745,20190401,170756,,,,,,,no_valid_link,0
c3214e432e929043,20190401_10-K_edgar_data_1084267_0001683168-19-000902.txt,0001084267,20190401,163850,,,,,,,no_valid_link,0
b83799666cf1faec,20190401_10-K_edgar_data_1100778_0001165527-19-000038.txt,0001100778,20190401,25233,,,,,,,no_valid_link,0
9457ac22217c7460,20190401_10-K_edgar_data_1103795_0001683168-19-000862.txt,0001103795,20190401,115411,,,,,,,no_valid_link,0
77e30092168e690d,20190401_10-K_edgar_data_1388410_0001388410-19-000040.txt,0001388410,20190401,16535,,,,,,,no_valid_link,0
2d36d3483f996fa8,20190401_10-K_edgar_data_1407878_0001477932-19-001311.txt,0001407878,20190401,178222,,,,,,,no_valid_link,0
0848201c24b941ac,20190401_10-K_edgar_data_1494413_0001262463-19-000085.txt,0001494413,20190401,186464,,,,,,,no_valid_link,0
9d4d15ae769f2de4,20190401_10-K_edgar_data_1499961_0001437749-19-006242.txt,0001499961,20190401,40116,,,,,,,no_valid_link,0
d62f7f7ca3dd5fb7,20190401_10-K_edgar_data_1662382_0001185185-19-000489.txt,0001662382,20190401,34764,,,,,,,no_valid_link,0
3c82fabe3ea98bf8,20190401_10-K_edgar_data_1666267_0001213900-19-005357.txt,0001666267,20190401,nan,,,,,,,no_valid_link,0
8456b1b13f6f6e08,20190401_10-K_edgar_data_1675442_0001493152-19-004611.txt,0001675442,20190401,nan,,,,,,,no_valid_link,0
76e53468182f9497,20190401_10-K_edgar_data_1706524_0001683168-19-000891.txt,0001706524,20190401,35541,,,,,,,no_valid_link,0
95880b90ddf13e7b,20190401_10-K_edgar_data_49615_0001493152-19-004620.txt,0000049615,20190401,nan,,,,,,,no_valid_link,0
ea652273066d54c6,20190401_10-K_edgar_data_748268_0001554795-19-000079.txt,0000748268,20190401,35223,,,,,,,no_valid_link,0
bcae70cf32771164,20190402_10-K_edgar_data_897078_0001493152-19-004713.txt,0000897078,20190402,19272,,,,,,,no_valid_link,0
930369a8bad33892,20190405_10-K_edgar_data_1443611_0001477932-19-001480.txt,0001443611,20190405,36392,,,,,,,no_valid_link,0
d67b26cf78feef19,20190410_10-K_edgar_data_1614826_0001493152-19-005096.txt,0001614826,20190410,nan,,,,,,,no_valid_link,0
cae0b06cc3f3b72c,20190410_10-K_edgar_data_1652561_0001493152-19-005106.txt,0001652561,20190410,30092,,,,,,,no_valid_link,0
4840c2fc710ceae3,20190411_10-K_edgar_data_1661039_0001065949-19-000057.txt,0001661039,20190411,147891,,,,,,,no_valid_link,0
339a3ae3efcdb806,20190412_10-K_edgar_data_1394108_0001554795-19-000099.txt,0001394108,20190412,184388,,,,,,,no_valid_link,0
1bc2e07e31c52d2a,20190412_10-K_edgar_data_1518520_0001213900-19-006256.txt,0001518520,20190412,nan,,,,,,,no_valid_link,0
5a0f16f9657f9410,20190415_10-K_edgar_data_1178377_0001493152-19-005251.txt,0001178377,20190415,32305,,,,,,,no_valid_link,0
5f17e933e378a048,20190415_10-K_edgar_data_1396536_0001553350-19-000375.txt,0001396536,20190415,23607,,,,,,,no_valid_link,0
d71f04ae3689ad55,20190415_10-K_edgar_data_1404624_0001564590-19-011537.txt,0001404624,20190415,178540,,,,,,,no_valid_link,0
9cd90c63faf78579,20190415_10-K_edgar_data_1424657_0001213900-19-006353.txt,0001424657,20190415,18885,,,,,,,no_valid_link,0
62f88ac9fccc927a,20190415_10-K_edgar_data_1447380_0001445866-19-000425.txt,0001447380,20190415,183964,,,,,,,no_valid_link,0
e477db26b98d0b32,20190415_10-K_edgar_data_1456212_0001096906-19-000134.txt,0001456212,20190415,194861,,,,,,,no_valid_link,0
a23c7614d28fe527,20190415_10-K_edgar_data_1488419_0001144204-19-019679.txt,0001488419,20190415,22789,,,,,,,no_valid_link,0
9d79e43ff63b91d2,20190415_10-K_edgar_data_1574910_0001477932-19-001695.txt,0001574910,20190415,20184,,,,,,,no_valid_link,0
5498c6cd3fecc69f,20190415_10-K_edgar_data_835662_0001493152-19-005344.txt,0000835662,20190415,33136,,,,,,,no_valid_link,0
831a7765a4019d49,20190416_10-K_edgar_data_1223533_0001493152-19-005370.txt,0001223533,20190416,162539,,,,,,,no_valid_link,0
eab0699659920992,20190416_10-K_edgar_data_1290658_0001683168-19-001071.txt,0001290658,20190416,32331,,,,,,,no_valid_link,0
72216602bc756856,20190416_10-K_edgar_data_1352952_0001437749-19-007308.txt,0001352952,20190416,179137,,,,,,,no_valid_link,0
6ccc8fff8e1da7bf,20190416_10-K_edgar_data_1375793_0001493152-19-005454.txt,0001375793,20190416,176893,,,,,,,no_valid_link,0
1b80b2f2a1be312d,20190416_10-K_edgar_data_1376804_0001477932-19-001759.txt,0001376804,20190416,nan,,,,,,,no_valid_link,0
a547d02f7df657d9,20190416_10-K_edgar_data_1399352_0001477932-19-001791.txt,0001399352,20190416,170707,,,,,,,no_valid_link,0
347c48c725d37f29,20190416_10-K_edgar_data_1485029_0001445866-19-000434.txt,0001485029,20190416,177615,,,,,,,no_valid_link,0
badbe1f89ac4e7ae,20190416_10-K_edgar_data_1527844_0001683168-19-001080.txt,0001527844,20190416,187192,,,,,,,no_valid_link,0
179a3d9a970edec3,20190416_10-K_edgar_data_1541884_0001493152-19-005503.txt,0001541884,20190416,33017,,,,,,,no_valid_link,0
cd0c139e98718235,20190416_10-K_edgar_data_1580490_0001140361-19-007185.txt,0001580490,20190416,nan,,,,,,,no_valid_link,0
a381b6edd599f3da,20190416_10-K_edgar_data_1650505_0001654954-19-004488.txt,0001650505,20190416,26997,,,,,,,no_valid_link,0
b957a836db7d4152,20190416_10-K_edgar_data_819926_0001213900-19-006530.txt,0000819926,20190416,36219,,,,,,,no_valid_link,0
0d7a2f6de4414038,20190417_10-K_edgar_data_1615942_0001078782-19-000345.txt,0001615942,20190417,23031,,,,,,,no_valid_link,0
b6f9056e6630a1f9,20190417_10-K_edgar_data_1690384_0001731122-19-000199.txt,0001690384,20190417,nan,,,,,,,no_valid_link,0
60f86fb02379a83f,20190418_10-K_edgar_data_1314196_0001213900-19-006667.txt,0001314196,20190418,164053,,,,,,,no_valid_link,0
f3a51bc16336c936,20190419_10-K_edgar_data_1567900_0001010549-19-000088.txt,0001567900,20190419,26630,,,,,,,no_valid_link,0
44d8ff8a9a5d4c4d,20190423_10-K_edgar_data_845819_0001515971-19-000057.txt,0000845819,20190423,20932,,,,,,,no_valid_link,0
e4c66d6181da303b,20190424_10-K_edgar_data_1646972_0001646972-19-000036.txt,0001646972,20190424,25645,,,,,,,no_valid_link,0
f9f9d52b7a2805cb,20190430_10-K_edgar_data_1639234_0001477932-19-002179.txt,0001639234,20190430,35191,,,,,,,no_valid_link,0
0390424ca53dd6a0,20190507_10-K_edgar_data_1548240_0001213900-19-007971.txt,0001548240,20190507,179147,,,,,,,no_valid_link,0
f70cd69eafb8708c,20190514_10-K_edgar_data_1645155_0001493152-19-007087.txt,0001645155,20190514,38758,,,,,,,no_valid_link,0
e5a85db51cb79df0,20190530_10-K_edgar_data_719274_0001437749-19-011070.txt,0000719274,20190530,5165,,,,,,,no_valid_link,0
4b6aa1a7f426a60e,20190603_10-K_edgar_data_1572565_0001493152-19-008562.txt,0001572565,20190603,nan,,,,,,,no_valid_link,0
211075f5991f86e2,20190605_10-K_edgar_data_278165_0001493152-19-008751.txt,0000278165,20190605,155894,,,,,,,no_valid_link,0
0abc7933e034b36b,20190610_10-K_edgar_data_1484769_0001493152-19-008897.txt,0001484769,20190610,17001,,,,,,,no_valid_link,0
c29778c167ec5f40,20190613_10-K_edgar_data_1609988_0001477932-19-003513.txt,0001609988,20190613,34944,,,,,,,no_valid_link,0
ca254db539fb45f2,20190620_10-K_edgar_data_913778_0001144204-19-031615.txt,0000913778,20190620,nan,,,,,,,no_valid_link,0
6f513aab5d34b2e5,20190625_10-K_edgar_data_1556148_0001193125-19-180557.txt,0001556148,20190625,nan,,,,,,,no_valid_link,0
be22a80c3184d1d4,20190628_10-K_edgar_data_862651_0001493152-19-009896.txt,0000862651,20190628,16069,,,,,,,no_valid_link,0
ffce2df702b998fd,20190701_10-K_edgar_data_1508381_0001144204-19-033406.txt,0001508381,20190701,23255,,,,,,,no_valid_link,0
bbdbc45e9e46dfa0,20190712_10-K_edgar_data_1384135_0001185185-19-000967.txt,0001384135,20190712,35803,,,,,,,no_valid_link,0
b29534c2aa78c83e,20190802_10-K_edgar_data_1334589_0001393905-19-000238.txt,0001334589,20190802,nan,,,,,,,no_valid_link,0
eaa496fa53791998,20190806_10-K_edgar_data_709283_0001193125-19-214070.txt,0000709283,20190806,8867,,,,,,,no_valid_link,0
56509c93a729127b,20190813_10-K_edgar_data_1635136_0001493152-19-012152.txt,0001635136,20190813,30081,,,,,,,no_valid_link,0
a4a2c82b241b3809,20190814_10-K_edgar_data_1175680_0001193125-19-221300.txt,0001175680,20190814,164720,,,,,,,no_valid_link,0
77d6028cac568ee1,20190816_10-K_edgar_data_1575975_0001477932-19-004909.txt,0001575975,20190816,nan,,,,,,,no_valid_link,0
69e62ada6dc36d40,20190819_10-K_edgar_data_1437491_0001213900-19-016343.txt,0001437491,20190819,27086,,,,,,,no_valid_link,0
a9bed47da8c98a98,20190826_10-K_edgar_data_1498148_0001161697-19-000352.txt,0001498148,20190826,34036,,,,,,,no_valid_link,0
044d2f7857ec549e,20190829_10-K_edgar_data_836564_0001683168-19-002782.txt,0000836564,20190829,37475,,,,,,,no_valid_link,0
c2176406458cf6b4,20190910_10-K_edgar_data_929940_0000929940-19-000038.txt,0000929940,20190910,nan,,,,,,,no_valid_link,0
11719db732d84402,20190913_10-K_edgar_data_1095130_0001654954-19-010721.txt,0001095130,20190913,34659,,,,,,,no_valid_link,0
c844d650ef952714,20190930_10-K_edgar_data_1707258_0001213900-19-019289.txt,0001707258,20190930,nan,,,,,,,no_valid_link,0
aabf71268e8c2fcf,20191002_10-K_edgar_data_1333519_0001477932-19-005657.txt,0001333519,20191002,nan,,,,,,,no_valid_link,0
633d97f154dc9929,20191015_10-K_edgar_data_825322_0001493152-19-015506.txt,0000825322,20191015,19622,,,,,,,no_valid_link,0
444a370188ea803e,20191016_10-K_edgar_data_1526689_0001640334-19-002050.txt,0001526689,20191016,18492,,,,,,,no_valid_link,0
e4f92ccdc117a807,20191022_10-K_edgar_data_1605331_0001663577-19-000384.txt,0001605331,20191022,24672,,,,,,,no_valid_link,0
cbedf6e741400118,20191028_10-K_edgar_data_1014052_0001213900-19-021294.txt,0001014052,20191028,105364,,,,,,,no_valid_link,0
2fb34cd6bcbfa345,20191114_10-K_edgar_data_1378125_0001640334-19-002299.txt,0001378125,20191114,176327,,,,,,,no_valid_link,0
ac46b02f31765fec,20191114_10-K_edgar_data_1482554_0001079973-19-000591.txt,0001482554,20191114,194557,,,,,,,no_valid_link,0
596b5c2c0a50d7e0,20191127_10-K_edgar_data_1127475_0001185185-19-001663.txt,0001127475,20191127,152686,,,,,,,no_valid_link,0
deb42ebf923d676d,20191127_10-K_edgar_data_1319161_0001319161-19-000010.txt,0001319161,20191127,163118,,,,,,,no_valid_link,0
07bfaa1b06526e9e,20191129_10-K_edgar_data_1343009_0001683168-19-003852.txt,0001343009,20191129,187166,,,,,,,no_valid_link,0
a761c2a2099ed825,20191220_10-K_edgar_data_1500198_0001213900-19-026720.txt,0001500198,20191220,32247,,,,,,,no_valid_link,0
b76cf8cebd099efe,20200115_10-K_edgar_data_1766352_0001553350-20-000047.txt,0001766352,20200115,nan,,,,,,,no_valid_link,0
9b3f8c410253ba5f,20200127_10-K_edgar_data_225628_0001096906-20-000040.txt,0000225628,20200127,7232,,,,,,,no_valid_link,0
2e234487ee93ab2c,20200128_10-K_edgar_data_1516887_0001493152-20-001273.txt,0001516887,20200128,170692,,,,,,,no_valid_link,0
34313577a0ce60cd,20200130_10-K_edgar_data_725394_0001683168-20-000305.txt,0000725394,20200130,40541,,,,,,,no_valid_link,0
b911e8a54ba03695,20200210_10-K_edgar_data_1131903_0001096906-20-000065.txt,0001131903,20200210,153630,,,,,,,no_valid_link,0
1d1b8b28f805a4fd,20200213_10-K_edgar_data_1383394_0001078782-20-000106.txt,0001383394,20200213,nan,,,,,,,no_valid_link,0
a185c9120fb1198d,20200213_10-K_edgar_data_808362_0000808362-20-000003.txt,0000808362,20200213,1976,,,,,,,no_valid_link,0
4f50c8cd55dec7c4,20200218_10-K_edgar_data_1690666_0001564590-20-005044.txt,0001690666,20200218,nan,,,,,,,no_valid_link,0
098c96a6b5ad09a6,20200220_10-K_edgar_data_1472595_0001628280-20-001837.txt,0001472595,20200220,nan,,,,,,,no_valid_link,0
ec9838bf08fc8e9a,20200221_10-K_edgar_data_856984_0001493152-20-002791.txt,0000856984,20200221,21505,,,,,,,no_valid_link,0
ec67554331b72ba8,20200224_10-K_edgar_data_1721386_0001731122-20-000201.txt,0001721386,20200224,37713,,,,,,,no_valid_link,0
cb35271feb9dc50b,20200225_10-K_edgar_data_1326141_0001564590-20-006101.txt,0001326141,20200225,nan,,,,,,,no_valid_link,0
41706b99e7b2c674,20200226_10-K_edgar_data_1011659_0001628280-20-002326.txt,0001011659,20200226,2620,,,,,,,no_valid_link,0
a73c63049df936d2,20200227_10-K_edgar_data_1017110_0001654954-20-001984.txt,0001017110,20200227,106781,,,,,,,no_valid_link,0
cb75f63b062663f4,20200228_10-K_edgar_data_108772_0001770450-20-000012.txt,0000108772,20200228,nan,,,,,,,no_valid_link,0
3aeacfaa9600f501,20200228_10-K_edgar_data_46207_0000354707-20-000045.txt,0000046207,20200228,5525,,,,,,,no_valid_link,0
0405d105c9ef4d5f,20200302_10-K_edgar_data_1060386_0000790816-20-000008.txt,0001060386,20200302,nan,,,,,,,no_valid_link,0
8f6718325efe0ca1,20200302_10-K_edgar_data_1494877_0001558370-20-001906.txt,0001494877,20200302,nan,,,,,,,no_valid_link,0
0c033fd408186220,20200304_10-K_edgar_data_1743725_0001213900-20-005395.txt,0001743725,20200304,36293,,,,,,,no_valid_link,0
bc19172bfddbe2eb,20200305_10-K_edgar_data_1114927_0001140361-20-004911.txt,0001114927,20200305,62365,,,,,,,no_valid_link,0
e836f8329fea7fc9,20200306_10-K_edgar_data_1316944_0001316944-20-000043.txt,0001316944,20200306,nan,,,,,,,no_valid_link,0
52a5fa56b47c4f4b,20200306_10-K_edgar_data_1731289_0001104659-20-030103.txt,0001731289,20200306,36565,,,,,,,no_valid_link,0
e57c826a19702d4c,20200306_10-K_edgar_data_1784970_0001477932-20-001116.txt,0001784970,20200306,36383,,,,,,,no_valid_link,0
860ed8e327dd1350,20200309_10-K_edgar_data_1584423_0001584423-20-000006.txt,0001584423,20200309,nan,,,,,,,no_valid_link,0
9d434bbc1f1539d8,20200310_10-K_edgar_data_1621199_0001640334-20-000465.txt,0001621199,20200310,26596,,,,,,,no_valid_link,0
9b068e75e8b16f51,20200313_10-K_edgar_data_1636509_0001683168-20-000798.txt,0001636509,20200313,nan,,,,,,,no_valid_link,0
ddb9949952a0124a,20200313_10-K_edgar_data_1725134_0001193125-20-073028.txt,0001725134,20200313,36748,,,,,,,no_valid_link,0
d4b6ea48a0c07a95,20200316_10-K_edgar_data_1293282_0001564590-20-011181.txt,0001293282,20200316,nan,,,,,,,no_valid_link,0
fcbc6f5db83d0eef,20200316_10-K_edgar_data_1642862_0001642862-20-000002.txt,0001642862,20200316,nan,,,,,,,no_valid_link,0
fb7e6469e1f2c640,20200316_10-K_edgar_data_1717310_0001717310-20-000002.txt,0001717310,20200316,nan,,,,,,,no_valid_link,0
ec4405709f75b6f8,20200317_10-K_edgar_data_1165639_0001199835-20-000080.txt,0001165639,20200317,185941,,,,,,,no_valid_link,0
51324423017170ef,20200317_10-K_edgar_data_1534248_0001104659-20-034835.txt,0001534248,20200317,38393,,,,,,,no_valid_link,0
55ec3f76ac16408c,20200318_10-K_edgar_data_1616736_0001515971-20-000042.txt,0001616736,20200318,nan,,,,,,,no_valid_link,0
8bc16ba9e65039b7,20200318_10-K_edgar_data_315958_0001140361-20-006147.txt,0000315958,20200318,7841,,,,,,,no_valid_link,0
f3095de644e5cecf,20200319_10-K_edgar_data_922521_0001628280-20-003823.txt,0000922521,20200319,30398,,,,,,,no_valid_link,0
03af3a8d9a3948bf,20200320_10-K_edgar_data_1281984_0001493152-20-004440.txt,0001281984,20200320,163818,,,,,,,no_valid_link,0
1e475390ae3b494d,20200320_10-K_edgar_data_1690384_0001731122-20-000283.txt,0001690384,20200320,nan,,,,,,,no_valid_link,0
0107049520685ce8,20200320_10-K_edgar_data_1776909_0001213900-20-007027.txt,0001776909,20200320,37214,,,,,,,no_valid_link,0
84cc1fd143ae2cad,20200323_10-K_edgar_data_1058057_0001058057-20-000014.txt,0001058057,20200323,nan,,,,,,,no_valid_link,0
9a5b7ff43c87fefa,20200323_10-K_edgar_data_1645155_0001493152-20-004510.txt,0001645155,20200323,38758,,,,,,,no_valid_link,0
0b06166ed9f9af21,20200324_10-K_edgar_data_1482541_0001493152-20-004569.txt,0001482541,20200324,186779,,,,,,,no_valid_link,0
2b05aed51750b22e,20200324_10-K_edgar_data_1580490_0001140361-20-006676.txt,0001580490,20200324,nan,,,,,,,no_valid_link,0
5c64ece797bedfa1,20200324_10-K_edgar_data_861441_0001387131-20-003126.txt,0000861441,20200324,nan,,,,,,,no_valid_link,0
002421cc45c10a71,20200325_10-K_edgar_data_1084267_0001683168-20-000946.txt,0001084267,20200325,163850,,,,,,,no_valid_link,0
7cf6ba856e8becd6,20200325_10-K_edgar_data_1584952_0001584952-20-000005.txt,0001584952,20200325,18660,,,,,,,no_valid_link,0
fd2e825ecbe077f3,20200325_10-K_edgar_data_1659183_0001477932-20-001509.txt,0001659183,20200325,33319,,,,,,,no_valid_link,0
6b2c33d8a9ade77d,20200325_10-K_edgar_data_890821_0001140361-20-006825.txt,0000890821,20200325,37640,,,,,,,no_valid_link,0
86c29bbab2599da2,20200326_10-K_edgar_data_1043565_0001193125-20-086405.txt,0001043565,20200326,nan,,,,,,,no_valid_link,0
1113b21f12810264,20200326_10-K_edgar_data_1066656_0001193125-20-086375.txt,0001066656,20200326,nan,,,,,,,no_valid_link,0
06691064a7fa4bca,20200326_10-K_edgar_data_1097396_0001193125-20-086418.txt,0001097396,20200326,nan,,,,,,,no_valid_link,0
0e5fe4fa98e5d2c9,20200326_10-K_edgar_data_1209709_0001193125-20-086338.txt,0001209709,20200326,nan,,,,,,,no_valid_link,0
7929e52f3fe62041,20200326_10-K_edgar_data_1269190_0001193125-20-086292.txt,0001269190,20200326,nan,,,,,,,no_valid_link,0
8fe7fed409ee9ac5,20200326_10-K_edgar_data_1325676_0001193125-20-086313.txt,0001325676,20200326,nan,,,,,,,no_valid_link,0
5366d13ffe3e4de0,20200326_10-K_edgar_data_1386164_0001193125-20-086305.txt,0001386164,20200326,nan,,,,,,,no_valid_link,0
ba57aa0ec39b9a7c,20200326_10-K_edgar_data_1648903_0001477932-20-001512.txt,0001648903,20200326,nan,,,,,,,no_valid_link,0
a0db2f64ddb83871,20200326_10-K_edgar_data_1752474_0001564590-20-013043.txt,0001752474,20200326,36107,,,,,,,no_valid_link,0
cdc1dd9a136c363f,20200326_10-K_edgar_data_873799_0001193125-20-086394.txt,0000873799,20200326,nan,,,,,,,no_valid_link,0
d2be63b7c91bde37,20200327_10-K_edgar_data_1494413_0001262463-20-000112.txt,0001494413,20200327,186464,,,,,,,no_valid_link,0
b82c48bb30d233c3,20200327_10-K_edgar_data_1563665_0001104659-20-039631.txt,0001563665,20200327,16719,,,,,,,no_valid_link,0
268a84d26bc9bfa0,20200327_10-K_edgar_data_1758009_0001213900-20-007719.txt,0001758009,20200327,162643,,,,,,,no_valid_link,0
70baa540f5954fbf,20200327_10-K_edgar_data_1773751_0001193125-20-088778.txt,0001773751,20200327,37851,,,,,,,no_valid_link,0
98fcb6e996cd38a5,20200327_10-K_edgar_data_1777921_0001213900-20-007685.txt,0001777921,20200327,39157,,,,,,,no_valid_link,0
bf151513d4ab68a0,20200327_10-K_edgar_data_945384_0001654954-20-003366.txt,0000945384,20200327,61068,,,,,,,no_valid_link,0
8fda9477e7532941,20200330_10-K_edgar_data_1081745_0001493152-20-005034.txt,0001081745,20200330,170756,,,,,,,no_valid_link,0
93f1491ce5462d13,20200330_10-K_edgar_data_1103795_0001683168-20-001019.txt,0001103795,20200330,115411,,,,,,,no_valid_link,0
6c8cd4736d71f83d,20200330_10-K_edgar_data_1132509_0001477932-20-001633.txt,0001132509,20200330,176730,,,,,,,no_valid_link,0
07f3e279fdd2805b,20200330_10-K_edgar_data_1227265_0001193125-20-090355.txt,0001227265,20200330,nan,,,,,,,no_valid_link,0
2cc1fb541a0893a9,20200330_10-K_edgar_data_1357671_0001213900-20-008060.txt,0001357671,20200330,26920,,,,,,,no_valid_link,0
9889f47f0e1c17f9,20200330_10-K_edgar_data_1375793_0001493152-20-005236.txt,0001375793,20200330,176893,,,,,,,no_valid_link,0
dfefbe25711483e3,20200330_10-K_edgar_data_1377149_0001387131-20-003439.txt,0001377149,20200330,160367,,,,,,,no_valid_link,0
31c786409ad05fbd,20200330_10-K_edgar_data_1396536_0001553350-20-000273.txt,0001396536,20200330,23607,,,,,,,no_valid_link,0
107251468e0520f5,20200330_10-K_edgar_data_1447380_0001445866-20-000286.txt,0001447380,20200330,183964,,,,,,,no_valid_link,0
c1964a88b0ca3dcc,20200330_10-K_edgar_data_1499961_0001437749-20-006560.txt,0001499961,20200330,40116,,,,,,,no_valid_link,0
02f75567c44f9316,20200330_10-K_edgar_data_1590418_0001683168-20-000987.txt,0001590418,20200330,21295,,,,,,,no_valid_link,0
e29cf4dff63148c8,20200330_10-K_edgar_data_1611277_0001213900-20-007991.txt,0001611277,20200330,177862,,,,,,,no_valid_link,0
a7abb2d380188b13,20200330_10-K_edgar_data_1652561_0001493152-20-005101.txt,0001652561,20200330,30092,,,,,,,no_valid_link,0
168db82c5d1d84d4,20200330_10-K_edgar_data_1763660_0001493152-20-005144.txt,0001763660,20200330,nan,,,,,,,no_valid_link,0
b5e9802931aacd91,20200330_10-K_edgar_data_1763925_0001763925-20-000005.txt,0001763925,20200330,37446,,,,,,,no_valid_link,0
f06eec7dcab3d4bd,20200330_10-K_edgar_data_1770141_0001564590-20-014167.txt,0001770141,20200330,38981,,,,,,,no_valid_link,0
1b6a4ba47348a335,20200330_10-K_edgar_data_278165_0001493152-20-005303.txt,0000278165,20200330,155894,,,,,,,no_valid_link,0
8d5194d5efe92da0,20200330_10-K_edgar_data_6494_0001206774-20-000985.txt,0000006494,20200330,1650,,,,,,,no_valid_link,0
9b35186e063f302e,20200330_10-K_edgar_data_803578_0001437749-20-006517.txt,0000803578,20200330,21663,,,,,,,no_valid_link,0
d1f1e4af087fe103,20200331_10-K_edgar_data_1443611_0001477932-20-001718.txt,0001443611,20200331,36392,,,,,,,no_valid_link,0
55ab202ecc424049,20200331_10-K_edgar_data_1481504_0001477932-20-001711.txt,0001481504,20200331,36803,,,,,,,no_valid_link,0
eef0bf93e06cb01d,20200331_10-K_edgar_data_1662382_0001213900-20-008234.txt,0001662382,20200331,34764,,,,,,,no_valid_link,0
94264dec7ac00d6f,20200401_10-K_edgar_data_802257_0001185185-20-000411.txt,0000802257,20200401,26720,,,,,,,no_valid_link,0
b1adffa5a6c6a0fb,20200403_10-K_edgar_data_1691430_0001493152-20-005808.txt,0001691430,20200403,34011,,,,,,,no_valid_link,0
19d4e63b4fee8fd8,20200403_10-K_edgar_data_1741489_0001520138-20-000133.txt,0001741489,20200403,35400,,,,,,,no_valid_link,0
dae2a8a653c36223,20200414_10-K_edgar_data_1384135_0001185185-20-000456.txt,0001384135,20200414,35803,,,,,,,no_valid_link,0
8d75df3743b966d2,20200414_10-K_edgar_data_1407878_0001477932-20-001921.txt,0001407878,20200414,178222,,,,,,,no_valid_link,0
36bf5795386ae9db,20200414_10-K_edgar_data_1614826_0001493152-20-006380.txt,0001614826,20200414,nan,,,,,,,no_valid_link,0
77a0536b59919191,20200414_10-K_edgar_data_1661039_0001654954-20-004046.txt,0001661039,20200414,147891,,,,,,,no_valid_link,0
cefdc05a849618c2,20200415_10-K_edgar_data_1527702_0001078782-20-000260.txt,0001527702,20200415,34070,,,,,,,no_valid_link,0
072d4cb0a228f32b,20200416_10-K_edgar_data_1567900_0001437749-20-007802.txt,0001567900,20200416,26630,,,,,,,no_valid_link,0
a822f4fed7b78203,20200416_10-K_edgar_data_743758_0001065949-20-000044.txt,0000743758,20200416,112544,,,,,,,no_valid_link,0
6be2669d1b83d04e,20200417_10-K_edgar_data_1485029_0001445866-20-000414.txt,0001485029,20200417,177615,,,,,,,no_valid_link,0
efd5ffe5330fba00,20200420_10-K_edgar_data_924515_0001654954-20-004236.txt,0000924515,20200420,65016,,,,,,,no_valid_link,0
27be6a677c04c117,20200424_10-K_edgar_data_1318482_0001318482-20-000002.txt,0001318482,20200424,114881,,,,,,,no_valid_link,0
0d8c8f3e794859fc,20200429_10-K_edgar_data_1706509_0001683168-20-001310.txt,0001706509,20200429,33183,,,,,,,no_valid_link,0
7e17b70da0163cc9,20200508_10-K_edgar_data_1462223_0001213900-20-011374.txt,0001462223,20200508,35345,,,,,,,no_valid_link,0
ed0cfde24da952dc,20200508_10-K_edgar_data_1586452_0001493152-20-008038.txt,0001586452,20200508,nan,,,,,,,no_valid_link,0
70e9aa72d5bf79e8,20200511_10-K_edgar_data_1498067_0001493152-20-008284.txt,0001498067,20200511,27809,,,,,,,no_valid_link,0
b4bea7737e799dec,20200512_10-K_edgar_data_1141788_0001104659-20-060250.txt,0001141788,20200512,145723,,,,,,,no_valid_link,0
eaab78682a6aa89e,20200512_10-K_edgar_data_845819_0001515971-20-000054.txt,0000845819,20200512,20932,,,,,,,no_valid_link,0
560da0effc28affc,20200513_10-K_edgar_data_1646972_0001646972-20-000022.txt,0001646972,20200513,25645,,,,,,,no_valid_link,0
378ef29f1c96f4c9,20200514_10-K_edgar_data_1178377_0001493152-20-008709.txt,0001178377,20200514,32305,,,,,,,no_valid_link,0
12bf8cb9d622d940,20200514_10-K_edgar_data_1510247_0001493152-20-008793.txt,0001510247,20200514,14865,,,,,,,no_valid_link,0
0a2b6ca4e1d4fb28,20200514_10-K_edgar_data_1559356_0001493152-20-008717.txt,0001559356,20200514,7095,,,,,,,no_valid_link,0
61acfa8576130fd4,20200514_10-K_edgar_data_1568385_0001493152-20-008847.txt,0001568385,20200514,19394,,,,,,,no_valid_link,0
97849f37dfc9447e,20200514_10-K_edgar_data_1650505_0001654954-20-005507.txt,0001650505,20200514,26997,,,,,,,no_valid_link,0
01e94281b44c25f1,20200514_10-K_edgar_data_1662684_0001104659-20-061643.txt,0001662684,20200514,33557,,,,,,,no_valid_link,0
4587c99f21e367c1,20200514_10-K_edgar_data_835662_0001493152-20-008775.txt,0000835662,20200514,33136,,,,,,,no_valid_link,0
b4122458a15fce6e,20200514_10-K_edgar_data_908259_0001493152-20-008845.txt,0000908259,20200514,35138,,,,,,,no_valid_link,0
7549cefd6bf17ad7,20200518_10-K_edgar_data_1388410_0001388410-20-000045.txt,0001388410,20200518,16535,,,,,,,no_valid_link,0
248e497c341a53a4,20200519_10-K_edgar_data_1376804_0001477932-20-002901.txt,0001376804,20200519,nan,,,,,,,no_valid_link,0
c713e41f64e07923,20200526_10-K_edgar_data_1394108_0001554795-20-000152.txt,0001394108,20200526,184388,,,,,,,no_valid_link,0
64b4f25fdb4ce98f,20200527_10-K_edgar_data_1437283_0001214659-20-005078.txt,0001437283,20200527,181309,,,,,,,no_valid_link,0
e08a1ec8d0ebd854,20200527_10-K_edgar_data_1471781_0001731122-20-000586.txt,0001471781,20200527,185115,,,,,,,no_valid_link,0
3dd4204280848489,20200528_10-K_edgar_data_719274_0001437749-20-011940.txt,0000719274,20200528,5165,,,,,,,no_valid_link,0
083cde29be3f34bd,20200529_10-K_edgar_data_1399352_0001477932-20-003139.txt,0001399352,20200529,170707,,,,,,,no_valid_link,0
ee8b0ce4751de258,20200529_10-K_edgar_data_1484769_0001493152-20-010180.txt,0001484769,20200529,17001,,,,,,,no_valid_link,0
cdd85a3f3be69b37,20200601_10-K_edgar_data_1514056_0001493152-20-010196.txt,0001514056,20200601,26165,,,,,,,no_valid_link,0
420e3ae68292bc64,20200610_10-K_edgar_data_1017110_0001199835-20-000136.txt,0001017110,20200610,106781,,,,,,,no_valid_link,0
1a032dd91de5252e,20200612_10-K_edgar_data_1681400_0001493152-20-011113.txt,0001681400,20200612,nan,,,,,,,no_valid_link,0
bdc11af85cb8c370,20200615_10-K_edgar_data_1352952_0001437749-20-013150.txt,0001352952,20200615,179137,,,,,,,no_valid_link,0
a31f3f0db08a8a63,20200616_10-K_edgar_data_1609988_0001477932-20-003418.txt,0001609988,20200616,34944,,,,,,,no_valid_link,0
17537343e47c26a4,20200619_10-K_edgar_data_1073489_0001213900-20-015331.txt,0001073489,20200619,107009,,,,,,,no_valid_link,0
1cf365dea3fdb5bb,20200623_10-K_edgar_data_1290658_0001683168-20-002038.txt,0001290658,20200623,32331,,,,,,,no_valid_link,0
0c598614a9869604,20200629_10-K_edgar_data_1437491_0001213900-20-016180.txt,0001437491,20200629,27086,,,,,,,no_valid_link,0
bc3eb908d530a850,20200629_10-K_edgar_data_1508381_0001104659-20-078067.txt,0001508381,20200629,23255,,,,,,,no_valid_link,0
fed68df9e0a44ff1,20200629_10-K_edgar_data_1635136_0001493152-20-012018.txt,0001635136,20200629,30081,,,,,,,no_valid_link,0
379a0b5bc29931aa,20200629_10-K_edgar_data_862651_0001493152-20-012139.txt,0000862651,20200629,16069,,,,,,,no_valid_link,0
b1000897647ef2e6,20200706_10-K_edgar_data_1178727_0001213900-20-016652.txt,0001178727,20200706,38077,,,,,,,no_valid_link,0
fe9b398bce12676b,20200715_10-K_edgar_data_1541884_0001493152-20-013347.txt,0001541884,20200715,33017,,,,,,,no_valid_link,0
72ae5140a3846888,20200724_10-K_edgar_data_819926_0001213900-20-018468.txt,0000819926,20200724,36219,,,,,,,no_valid_link,0
e7ec5daccfe6e68b,20200728_10-K_edgar_data_1498148_0001161697-20-000334.txt,0001498148,20200728,34036,,,,,,,no_valid_link,0
12785bd33efef2a1,20200729_10-K_edgar_data_1639234_0001477932-20-004442.txt,0001639234,20200729,35191,,,,,,,no_valid_link,0
980f25eefd92791a,20200730_10-K_edgar_data_1575345_0001161697-20-000341.txt,0001575345,20200730,nan,,,,,,,no_valid_link,0
71c0a0ca1ae5981b,20200810_10-K_edgar_data_1630176_0001520138-20-000365.txt,0001630176,20200810,26354,,,,,,,no_valid_link,0
fbb1000de9e804c9,20200813_10-K_edgar_data_1740797_0001740797-20-000018.txt,0001740797,20200813,35156,,,,,,,no_valid_link,0
0680259c93e6bd06,20200814_10-K_edgar_data_1175680_0001193125-20-220598.txt,0001175680,20200814,164720,,,,,,,no_valid_link,0
20106bbc8b4bad52,20200819_10-K_edgar_data_1015383_0001493152-20-016303.txt,0001015383,20200819,36153,,,,,,,no_valid_link,0
fa04e621d1fa0e05,20200904_10-K_edgar_data_1761696_0001213900-20-025298.txt,0001761696,20200904,36357,,,,,,,no_valid_link,0
612652ec895c4f5d,20200916_10-K_edgar_data_1707258_0001213900-20-026967.txt,0001707258,20200916,nan,,,,,,,no_valid_link,0
cef0da7d161b30e6,20200921_10-K_edgar_data_1760683_0001213900-20-027434.txt,0001760683,20200921,nan,,,,,,,no_valid_link,0
8451f97e60e0de31,20200930_10-K_edgar_data_1481504_0001477932-20-005677.txt,0001481504,20200930,36803,,,,,,,no_valid_link,0
694c14fce313a9c0,20201001_10-K_edgar_data_1572565_0001493152-20-018652.txt,0001572565,20201001,nan,,,,,,,no_valid_link,0
151d5b300bb59330,20201015_10-K_edgar_data_1348362_0001640334-20-002561.txt,0001348362,20201015,175505,,,,,,,no_valid_link,0
d7629b2918d9e0be,20201015_10-K_edgar_data_725394_0001683168-20-003456.txt,0000725394,20201015,40541,,,,,,,no_valid_link,0
cf0238e49fa28cd6,20201020_10-K_edgar_data_1382943_0001091818-20-000224.txt,0001382943,20201020,177900,,,,,,,no_valid_link,0
1e59c105b54a2a10,20201104_10-K_edgar_data_1343009_0001683168-20-003686.txt,0001343009,20201104,187166,,,,,,,no_valid_link,0
74db387c3d910ea7,20201110_10-K_edgar_data_1482554_0001493152-20-020943.txt,0001482554,20201110,194557,,,,,,,no_valid_link,0
9075c8bbf7536df1,20201112_10-K_edgar_data_1681769_0001520138-20-000536.txt,0001681769,20201112,28242,,,,,,,no_valid_link,0
d76e44441c47b1cb,20201203_10-K_edgar_data_1539894_0001539894-20-000071.txt,0001539894,20201203,186230,,,,,,,no_valid_link,0
d2787fd08d62440d,20201209_10-K_edgar_data_1500198_0001213900-20-041661.txt,0001500198,20201209,32247,,,,,,,no_valid_link,0
ac05afcecae437b1,20201209_10-K_edgar_data_1605331_0001663577-20-000454.txt,0001605331,20201209,24672,,,,,,,no_valid_link,0
2381064b6959b951,20201209_10-K_edgar_data_929940_0000929940-20-000069.txt,0000929940,20201209,nan,,,,,,,no_valid_link,0
f7a43f17dc2f9b9f,20201211_10-K_edgar_data_1424844_0001424844-20-000019.txt,0001424844,20201211,18166,,,,,,,no_valid_link,0
d1376bd8305b007b,20201215_10-K_edgar_data_1127475_0001185185-20-001749.txt,0001127475,20201215,152686,,,,,,,no_valid_link,0
08b3b48d8a4cf855,20201216_10-K_edgar_data_1744179_0001744179-20-000015.txt,0001744179,20201216,nan,,,,,,,no_valid_link,0
71a9da37f29adb89,20201218_10-K_edgar_data_1539778_0001493152-20-023879.txt,0001539778,20201218,nan,,,,,,,no_valid_link,0
6a9057c348e36f7c,20201229_10-K_edgar_data_1022505_0001493152-20-024396.txt,0001022505,20201229,64077,,,,,,,no_valid_link,0
8c63264e63896dbc,20201230_10-K_edgar_data_1394638_0001731122-20-001347.txt,0001394638,20201230,185210,,,,,,,no_valid_link,0
42ac33bb13b0cd74,20210105_10-K_edgar_data_825322_0001493152-21-000239.txt,0000825322,20210105,19622,,,,,,,no_valid_link,0
f61f38f32ca77608,20210108_10-K_edgar_data_1468679_0001019056-21-000028.txt,0001468679,20210108,187449,,,,,,,no_valid_link,0
64450238896dd312,20210108_10-K_edgar_data_1766352_0001553350-21-000027.txt,0001766352,20210108,nan,,,,,,,no_valid_link,0
635703dcfd62437c,20210108_10-K_edgar_data_894871_0001493152-21-000653.txt,0000894871,20210108,29064,,,,,,,no_valid_link,0
4609642b16907bbb,20210128_10-K-A_edgar_data_1500198_0001213900-21-004908.txt,0001500198,20210128,32247,,,,,,,no_valid_link,0
9c1c04b79cb0e7e4,20210129_10-K_edgar_data_1807707_0001104659-21-009139.txt,0001807707,20210129,37946,,,,,,,no_valid_link,0
f4fbf04251390e43,20210129_10-K_edgar_data_225628_0001096906-21-000191.txt,0000225628,20210129,7232,,,,,,,no_valid_link,0
353427393bfb65d3,20210205_10-K_edgar_data_29915_0001751788-21-000010.txt,0000029915,20210205,nan,,,,,,,no_valid_link,0
de9642959184c721,20210208_10-K_edgar_data_1000229_0001564590-21-004561.txt,0001000229,20210208,nan,,,,,,,no_valid_link,0
55a40bc8656b5405,20210208_10-K_edgar_data_1516887_0001493152-21-002909.txt,0001516887,20210208,170692,,,,,,,no_valid_link,0
b777f41cdad7e1be,20210209_10-K_edgar_data_25598_0001584207-21-000006.txt,0000025598,20210209,3591,,,,,,,no_valid_link,0
b7a074c5e16fc0e3,20210210_10-K_edgar_data_1488419_0001104659-21-016840.txt,0001488419,20210210,22789,,,,,,,no_valid_link,0
14913e13a3c30228,20210211_10-K_edgar_data_1109448_0001109448-21-000006.txt,0001109448,20210211,nan,,,,,,,no_valid_link,0
7ed2a8b35f94ef0a,20210212_10-K_edgar_data_1577966_0000860546-21-000010.txt,0001577966,20210212,nan,,,,,,,no_valid_link,0
496ebc6bb0576f7b,20210218_10-K_edgar_data_1131903_0001096906-21-000354.txt,0001131903,20210218,153630,,,,,,,no_valid_link,0
251293210234a66f,20210218_10-K_edgar_data_1472595_0001628280-21-002423.txt,0001472595,20210218,nan,,,,,,,no_valid_link,0
0b3395c0a6306d1b,20210219_10-K_edgar_data_1630176_0001520138-21-000113.txt,0001630176,20210219,26354,,,,,,,no_valid_link,0
b70fe125cfc73ea2,20210223_10-K_edgar_data_83246_0000083246-21-000004.txt,0000083246,20210223,9061,,,,,,,no_valid_link,0
c7dd0a213cffcd89,20210224_10-K_edgar_data_1060386_0000790816-21-000008.txt,0001060386,20210224,nan,,,,,,,no_valid_link,0
f7bdc5a677ff092c,20210224_10-K_edgar_data_1345122_0001345126-21-000007.txt,0001345122,20210224,nan,,,,,,,no_valid_link,0
37e5979bf1d2ed27,20210225_10-K_edgar_data_108772_0001770450-21-000013.txt,0000108772,20210225,nan,,,,,,,no_valid_link,0
55eb7fb49adbab7b,20210225_10-K_edgar_data_1364742_0001564590-21-008796.txt,0001364742,20210225,nan,,,,,,,no_valid_link,0
6014e2f0385d0499,20210225_10-K_edgar_data_808362_0000808362-21-000004.txt,0000808362,20210225,1976,,,,,,,no_valid_link,0
c0956c4eadd61682,20210226_10-K-A_edgar_data_1482554_0001493152-21-004965.txt,0001482554,20210226,194557,,,,,,,no_valid_link,0
e64ef710ebb840c8,20210226_10-K_edgar_data_1225307_0001558370-21-002014.txt,0001225307,20210226,nan,,,,,,,no_valid_link,0
31f5b437f3b6588d,20210226_10-K_edgar_data_1772757_0001104659-21-028617.txt,0001772757,20210226,nan,,,,,,,no_valid_link,0
ad1b8a180c4ff086,20210226_10-K_edgar_data_46207_0000354707-21-000036.txt,0000046207,20210226,5525,,,,,,,no_valid_link,0
d4548508399f486f,20210301_10-K_edgar_data_1293282_0001564590-21-009906.txt,0001293282,20210301,nan,,,,,,,no_valid_link,0
1332a83ecaa1d0ba,20210301_10-K_edgar_data_1494877_0001558370-21-002191.txt,0001494877,20210301,nan,,,,,,,no_valid_link,0
a931ac636f51335a,20210301_10-K_edgar_data_1716583_0001213900-21-012580.txt,0001716583,20210301,39273,,,,,,,no_valid_link,0
8212675e520d79b5,20210301_10-K_edgar_data_912752_0000912752-21-000012.txt,0000912752,20210301,nan,,,,,,,no_valid_link,0
82f1af1d680b5567,20210302_10-K_edgar_data_1011659_0001628280-21-003748.txt,0001011659,20210302,2620,,,,,,,no_valid_link,0
7fcbcd778d84bce3,20210303_10-K_edgar_data_1648903_0001477932-21-001185.txt,0001648903,20210303,nan,,,,,,,no_valid_link,0
bd870b7851ff0631,20210303_10-K_edgar_data_1819848_0001193125-21-066191.txt,0001819848,20210303,39405,,,,,,,no_valid_link,0
7aab7e53031b7619,20210303_10-K_edgar_data_20520_0001562762-21-000097.txt,0000020520,20210303,135484,,,,,,,no_valid_link,0
69b1d2b1b5dfbf33,20210304_10-K_edgar_data_1777946_0001213900-21-013274.txt,0001777946,20210304,39535,,,,,,,no_valid_link,0
68326eeb8bbccb40,20210305_10-K_edgar_data_1803498_0001193125-21-069991.txt,0001803498,20210305,nan,,,,,,,no_valid_link,0
e4032e885b09401d,20210308_10-K_edgar_data_1114927_0001140361-21-007530.txt,0001114927,20210308,62365,,,,,,,no_valid_link,0
993cb1c3000c3372,20210308_10-K_edgar_data_1828105_0001193125-21-072153.txt,0001828105,20210308,39380,,,,,,,no_valid_link,0
a3e892b0a5ac3a27,20210308_10-K_edgar_data_1828318_0001104659-21-032912.txt,0001828318,20210308,39251,,,,,,,no_valid_link,0
e2efec3ad9281f9c,20210309_10-K_edgar_data_1462223_0001213900-21-014153.txt,0001462223,20210309,35345,,,,,,,no_valid_link,0
bbeeda2ad914bb6c,20210309_10-K_edgar_data_1534248_0001104659-21-033822.txt,0001534248,20210309,38393,,,,,,,no_valid_link,0
816465064c231f6c,20210309_10-K_edgar_data_1554859_0001104659-21-033887.txt,0001554859,20210309,19189,,,,,,,no_valid_link,0
ed1c5b940fce6a01,20210309_10-K_edgar_data_1777921_0001213900-21-014139.txt,0001777921,20210309,39157,,,,,,,no_valid_link,0
f874b07d511130cb,20210309_10-K_edgar_data_726865_0000726865-21-000098.txt,0000726865,20210309,nan,,,,,,,no_valid_link,0
664da05dc41f38e1,20210310_10-K_edgar_data_922521_0001628280-21-004460.txt,0000922521,20210310,30398,,,,,,,no_valid_link,0
7ca70b59fb8498a5,20210311_10-K_edgar_data_1371217_0001558370-21-002737.txt,0001371217,20210311,nan,,,,,,,no_valid_link,0
34116e17602526a1,20210311_10-K_edgar_data_856984_0001493152-21-005816.txt,0000856984,20210311,21505,,,,,,,no_valid_link,0
ff23af106427d8bc,20210312_10-K_edgar_data_1792509_0001792509-21-000006.txt,0001792509,20210312,nan,,,,,,,no_valid_link,0
ce8b36c2993683ca,20210312_10-K_edgar_data_1820878_0001564590-21-012671.txt,0001820878,20210312,nan,,,,,,,no_valid_link,0
e63553a326a460ea,20210315_10-K_edgar_data_1107280_0001437749-21-006065.txt,0001107280,20210315,108630,,,,,,,no_valid_link,0
30db9fe80d022f05,20210315_10-K_edgar_data_1416265_0001416265-21-000134.txt,0001416265,20210315,21874,,,,,,,no_valid_link,0
9c9ed1589513d085,20210315_10-K_edgar_data_1542574_0001416265-21-000134.txt,0001542574,20210315,nan,,,,,,,no_valid_link,0
43f9246fe0380a2b,20210315_10-K_edgar_data_1777835_0001213900-21-015417.txt,0001777835,20210315,39098,,,,,,,no_valid_link,0
07e3875e733b72bf,20210315_10-K_edgar_data_743758_0001065949-21-000044.txt,0000743758,20210315,112544,,,,,,,no_valid_link,0
fb53d3e3becf4c66,20210315_10-K_edgar_data_926660_0001564590-21-012964.txt,0000926660,20210315,nan,,,,,,,no_valid_link,0
67ddc41e1ed34736,20210316_10-K_edgar_data_1058057_0001058057-21-000009.txt,0001058057,20210316,nan,,,,,,,no_valid_link,0
b2ba20f7685f263a,20210316_10-K_edgar_data_876883_0000876883-21-000016.txt,0000876883,20210316,39309,,,,,,,no_valid_link,0
c8b6386fa8936979,20210317_10-K_edgar_data_1661600_0001213900-21-016071.txt,0001661600,20210317,nan,,,,,,,no_valid_link,0
f4ec5c968b4137e4,20210318_10-K_edgar_data_1752474_0001564590-21-014159.txt,0001752474,20210318,36107,,,,,,,no_valid_link,0
c1599a1005723a0c,20210318_10-K_edgar_data_1758009_0001213900-21-016296.txt,0001758009,20210318,162643,,,,,,,no_valid_link,0
61a9c4ec1005b30e,20210318_10-K_edgar_data_1823086_0001104659-21-038429.txt,0001823086,20210318,nan,,,,,,,no_valid_link,0
c79e23bae7c69218,20210318_10-K_edgar_data_890394_0001564590-21-014203.txt,0000890394,20210318,40460,,,,,,,no_valid_link,0
e58d314236f2ecfb,20210319_10-K_edgar_data_1141788_0001683168-21-001010.txt,0001141788,20210319,145723,,,,,,,no_valid_link,0
c296ad3eb9fbdfb7,20210319_10-K_edgar_data_1662684_0001104659-21-038941.txt,0001662684,20210319,33557,,,,,,,no_valid_link,0
5980470687d73438,20210319_10-K_edgar_data_1823767_0001564590-21-014360.txt,0001823767,20210319,37291,,,,,,,no_valid_link,0
19d3ddd1cbd5d7a0,20210322_10-K_edgar_data_1514056_0001493152-21-006526.txt,0001514056,20210322,26165,,,,,,,no_valid_link,0
583d02645fbb1b65,20210322_10-K_edgar_data_1805651_0001193125-21-089774.txt,0001805651,20210322,39311,,,,,,,no_valid_link,0
8a1b9846eb9aa5d3,20210323_10-K_edgar_data_1590418_0001683168-21-001026.txt,0001590418,20210323,21295,,,,,,,no_valid_link,0
640318d8f45fe537,20210324_10-K_edgar_data_1383394_0001078782-21-000268.txt,0001383394,20210324,nan,,,,,,,no_valid_link,0
57ad9348f6d36701,20210324_10-K_edgar_data_1482541_0001493152-21-006659.txt,0001482541,20210324,186779,,,,,,,no_valid_link,0
d5ae8a3ba6fb957e,20210324_10-K_edgar_data_1813756_0001193125-21-092791.txt,0001813756,20210324,33433,,,,,,,no_valid_link,0
43ad008b4d5bcbe5,20210324_10-K_edgar_data_45919_0001437749-21-006937.txt,0000045919,20210324,12545,,,,,,,no_valid_link,0
1a98a2a1aff5c83b,20210325_10-K_edgar_data_1066656_0001193125-21-094035.txt,0001066656,20210325,nan,,,,,,,no_valid_link,0
99620b1c2715664c,20210325_10-K_edgar_data_1209709_0001193125-21-093858.txt,0001209709,20210325,nan,,,,,,,no_valid_link,0
c0d3843cd9342e86,20210325_10-K_edgar_data_1227265_0001193125-21-093743.txt,0001227265,20210325,nan,,,,,,,no_valid_link,0
64979262bd96e7b0,20210325_10-K_edgar_data_1325676_0001193125-21-093815.txt,0001325676,20210325,nan,,,,,,,no_valid_link,0
055d63436f1dca00,20210325_10-K_edgar_data_1805385_0001213900-21-017699.txt,0001805385,20210325,39280,,,,,,,no_valid_link,0
f57fcc0571c03b9b,20210325_10-K_edgar_data_1815086_0001213900-21-017740.txt,0001815086,20210325,nan,,,,,,,no_valid_link,0
b312613de97a6099,20210325_10-K_edgar_data_1821769_0001213900-21-017767.txt,0001821769,20210325,39931,,,,,,,no_valid_link,0
1075dd515040668a,20210325_10-K_edgar_data_1824963_0001213900-21-017765.txt,0001824963,20210325,nan,,,,,,,no_valid_link,0
9aa033672403964e,20210325_10-K_edgar_data_1831236_0001213900-21-017744.txt,0001831236,20210325,nan,,,,,,,no_valid_link,0
ef11431532acba21,20210325_10-K_edgar_data_315958_0001140361-21-009951.txt,0000315958,20210325,7841,,,,,,,no_valid_link,0
0ec29735d637f299,20210325_10-K_edgar_data_802257_0001185185-21-000369.txt,0000802257,20210325,26720,,,,,,,no_valid_link,0
9286dd0db1762b42,20210326_10-K_edgar_data_1580490_0001140361-21-010077.txt,0001580490,20210326,nan,,,,,,,no_valid_link,0
9de19f7e2840dd6c,20210326_10-K_edgar_data_1826889_0001213900-21-017856.txt,0001826889,20210326,39112,,,,,,,no_valid_link,0
ac109101d34a6d38,20210326_10-K_edgar_data_1827248_0001213900-21-018029.txt,0001827248,20210326,37643,,,,,,,no_valid_link,0
f816f627a8ac8dd9,20210326_10-K_edgar_data_1828536_0001104659-21-042309.txt,0001828536,20210326,37937,,,,,,,no_valid_link,0
26888b8b78df6ffa,20210329_10-K_edgar_data_1393781_0001663577-21-000150.txt,0001393781,20210329,37939,,,,,,,no_valid_link,0
df50cf45c1bb04e1,20210329_10-K_edgar_data_1407878_0001477932-21-001746.txt,0001407878,20210329,178222,,,,,,,no_valid_link,0
256182e2c72582a5,20210329_10-K_edgar_data_1452936_0001452936-21-000008.txt,0001452936,20210329,36221,,,,,,,no_valid_link,0
c49bb5b9673c62e2,20210329_10-K_edgar_data_1494413_0001262463-21-000093.txt,0001494413,20210329,186464,,,,,,,no_valid_link,0
10147b652071c8ce,20210329_10-K_edgar_data_1789192_0001493152-21-007020.txt,0001789192,20210329,183968,,,,,,,no_valid_link,0
4d68fc05039eaf2d,20210329_10-K_edgar_data_1816017_0001564590-21-016118.txt,0001816017,20210329,39442,,,,,,,no_valid_link,0
6abd00d6925c1184,20210329_10-K_edgar_data_1816613_0001104659-21-043395.txt,0001816613,20210329,39250,,,,,,,no_valid_link,0
d25f2e4ca97a7c8e,20210329_10-K_edgar_data_1822219_0001213900-21-018049.txt,0001822219,20210329,nan,,,,,,,no_valid_link,0
4bad8a8d836761a0,20210329_10-K_edgar_data_1823826_0001213900-21-018071.txt,0001823826,20210329,37163,,,,,,,no_valid_link,0
270c33e8fc1e9a26,20210329_10-K_edgar_data_1828478_0001193125-21-098356.txt,0001828478,20210329,37583,,,,,,,no_valid_link,0
ba51e230c68f7870,20210329_10-K_edgar_data_1829999_0001493152-21-007072.txt,0001829999,20210329,37805,,,,,,,no_valid_link,0
a48ee2eca9301220,20210329_10-K_edgar_data_1835236_0001213900-21-018278.txt,0001835236,20210329,37829,,,,,,,no_valid_link,0
10885dc97426005e,20210329_10-K_edgar_data_1836190_0001564590-21-016176.txt,0001836190,20210329,nan,,,,,,,no_valid_link,0
f08a352fb367dc5d,20210330_10-K_edgar_data_1039466_0001185185-21-000410.txt,0001039466,20210330,113822,,,,,,,no_valid_link,0
86420ddc81ec6567,20210330_10-K_edgar_data_1081745_0001493152-21-007156.txt,0001081745,20210330,170756,,,,,,,no_valid_link,0
abbc2bdc08b2ab9d,20210330_10-K_edgar_data_1108630_0001062993-21-003128.txt,0001108630,20210330,135527,,,,,,,no_valid_link,0
a35c07aedce8cfb1,20210330_10-K_edgar_data_1394108_0001554795-21-000102.txt,0001394108,20210330,184388,,,,,,,no_valid_link,0
7087c3389b2d68df,20210330_10-K_edgar_data_1396536_0001553350-21-000232.txt,0001396536,20210330,23607,,,,,,,no_valid_link,0
945bdcf1c27381d7,20210330_10-K_edgar_data_1447380_0001562762-21-000136.txt,0001447380,20210330,183964,,,,,,,no_valid_link,0
12eb89855b8ef110,20210330_10-K_edgar_data_1659183_0001477932-21-001792.txt,0001659183,20210330,33319,,,,,,,no_valid_link,0
d7262cb40633f814,20210330_10-K_edgar_data_1673481_0001213900-21-018775.txt,0001673481,20210330,40015,,,,,,,no_valid_link,0
aded987a80f58bc1,20210330_10-K_edgar_data_1763660_0001493152-21-007153.txt,0001763660,20210330,nan,,,,,,,no_valid_link,0
99d43bab3302dac6,20210330_10-K_edgar_data_1821595_0001213900-21-018726.txt,0001821595,20210330,37078,,,,,,,no_valid_link,0
83746e9999d0d105,20210330_10-K_edgar_data_1822309_0001213900-21-018761.txt,0001822309,20210330,37170,,,,,,,no_valid_link,0
4b9a594315fa7c58,20210330_10-K_edgar_data_1823634_0001213900-21-018438.txt,0001823634,20210330,37259,,,,,,,no_valid_link,0
2ef91e06a6a95f18,20210330_10-K_edgar_data_1823707_0001213900-21-018720.txt,0001823707,20210330,37641,,,,,,,no_valid_link,0
ecc3f79caf55919d,20210330_10-K_edgar_data_1824577_0001193125-21-100592.txt,0001824577,20210330,37235,,,,,,,no_valid_link,0
a4eaba8c3b6a903d,20210330_10-K_edgar_data_1826333_0001104659-21-043652.txt,0001826333,20210330,nan,,,,,,,no_valid_link,0
cec0ebfddb1b8eb4,20210330_10-K_edgar_data_1832765_0001104659-21-043525.txt,0001832765,20210330,37734,,,,,,,no_valid_link,0
a1279253e80f5082,20210330_10-K_edgar_data_1836259_0001140361-21-010877.txt,0001836259,20210330,37970,,,,,,,no_valid_link,0
ab63dd0e9a151e31,20210330_10-K_edgar_data_1836967_0001104659-21-043433.txt,0001836967,20210330,37647,,,,,,,no_valid_link,0
3b771c31e5d60607,20210331_10-K_edgar_data_1084267_0001683168-21-001154.txt,0001084267,20210331,163850,,,,,,,no_valid_link,0
9b3738b82687c815,20210331_10-K_edgar_data_1087022_0001721868-21-000179.txt,0001087022,20210331,nan,,,,,,,no_valid_link,0
1b954c94c0251d32,20210331_10-K_edgar_data_1281984_0001493152-21-007516.txt,0001281984,20210331,163818,,,,,,,no_valid_link,0
e54d4fee8b68271f,20210331_10-K_edgar_data_1335112_0001213900-21-018884.txt,0001335112,20210331,175188,,,,,,,no_valid_link,0
d6ec5334a0cb797b,20210331_10-K_edgar_data_1375793_0001493152-21-007548.txt,0001375793,20210331,176893,,,,,,,no_valid_link,0
d9c7f7644b4d8148,20210331_10-K_edgar_data_1437283_0001214659-21-003694.txt,0001437283,20210331,181309,,,,,,,no_valid_link,0
007093a6a5eb1561,20210331_10-K_edgar_data_1471781_0001731122-21-000484.txt,0001471781,20210331,185115,,,,,,,no_valid_link,0
072fbd87f3bf6749,20210331_10-K_edgar_data_1499961_0001437749-21-007796.txt,0001499961,20210331,40116,,,,,,,no_valid_link,0
da2ab31b4af782d6,20210331_10-K_edgar_data_1566895_0001566895-21-000007.txt,0001566895,20210331,nan,,,,,,,no_valid_link,0
e4ebfbf1b06eba86,20210331_10-K_edgar_data_1567900_0001437749-21-007800.txt,0001567900,20210331,26630,,,,,,,no_valid_link,0
0337c1d3c6cf280c,20210331_10-K_edgar_data_1622879_0001683168-21-001161.txt,0001622879,20210331,26751,,,,,,,no_valid_link,0
cd3066dd09f835a6,20210331_10-K_edgar_data_1652561_0001493152-21-007334.txt,0001652561,20210331,30092,,,,,,,no_valid_link,0
bfb3557eab3a8354,20210331_10-K_edgar_data_1680139_0001213900-21-019166.txt,0001680139,20210331,30587,,,,,,,no_valid_link,0
2e69df2a2af33c4c,20210331_10-K_edgar_data_1689084_0001594062-21-000046.txt,0001689084,20210331,32126,,,,,,,no_valid_link,0
a85bf305258499d5,20210331_10-K_edgar_data_1753539_0001193125-21-100894.txt,0001753539,20210331,39621,,,,,,,no_valid_link,0
f3eaa65fb9d4caa0,20210331_10-K_edgar_data_1769804_0001213900-21-018844.txt,0001769804,20210331,38239,,,,,,,no_valid_link,0
1967e7abe527462e,20210331_10-K_edgar_data_1784970_0001477932-21-001894.txt,0001784970,20210331,36383,,,,,,,no_valid_link,0
71c872025b2e5ac7,20210331_10-K_edgar_data_1802749_0001564590-21-017109.txt,0001802749,20210331,34459,,,,,,,no_valid_link,0
50a7073e92bceb98,20210331_10-K_edgar_data_1813793_0001663577-21-000157.txt,0001813793,20210331,nan,,,,,,,no_valid_link,0
4b89012999a30867,20210331_10-K_edgar_data_1816696_0001213900-21-019334.txt,0001816696,20210331,36916,,,,,,,no_valid_link,0
1deb7ed2351ac13b,20210331_10-K_edgar_data_1819175_0001193125-21-102100.txt,0001819175,20210331,nan,,,,,,,no_valid_link,0
b7159a552a7ca3b7,20210331_10-K_edgar_data_1820931_0001193125-21-101921.txt,0001820931,20210331,nan,,,,,,,no_valid_link,0
991a138eb5e6b10c,20210331_10-K_edgar_data_1821742_0001213900-21-019251.txt,0001821742,20210331,nan,,,,,,,no_valid_link,0
d154e9e837e4006e,20210331_10-K_edgar_data_1822929_0001104659-21-044723.txt,0001822929,20210331,37154,,,,,,,no_valid_link,0
578cb94ed8281fb0,20210331_10-K_edgar_data_1823143_0001104659-21-044771.txt,0001823143,20210331,37821,,,,,,,no_valid_link,0
b7179244c1d6339f,20210331_10-K_edgar_data_1823896_0001193125-21-102039.txt,0001823896,20210331,37479,,,,,,,no_valid_link,0
79703ead45190867,20210331_10-K_edgar_data_1824153_0001193125-21-102297.txt,0001824153,20210331,37286,,,,,,,no_valid_link,0
01a5657cba3e4b3a,20210331_10-K_edgar_data_1824301_0001213900-21-018863.txt,0001824301,20210331,37322,,,,,,,no_valid_link,0
bce35c1cd5d9da44,20210331_10-K_edgar_data_1825254_0001104659-21-044881.txt,0001825254,20210331,37569,,,,,,,no_valid_link,0
ac72f796961fdd41,20210331_10-K_edgar_data_1825473_0001213900-21-018837.txt,0001825473,20210331,nan,,,,,,,no_valid_link,0
362c600a58062253,20210331_10-K_edgar_data_1826681_0001213900-21-019236.txt,0001826681,20210331,39738,,,,,,,no_valid_link,0
fdfbda307de738ce,20210331_10-K_edgar_data_1828735_0001104659-21-044911.txt,0001828735,20210331,37337,,,,,,,no_valid_link,0
95f86c5413a1b8b2,20210331_10-K_edgar_data_1830392_0001213900-21-018907.txt,0001830392,20210331,37741,,,,,,,no_valid_link,0
00580e538800b638,20210331_10-K_edgar_data_1835416_0001213900-21-019335.txt,0001835416,20210331,nan,,,,,,,no_valid_link,0
e60b25e0919a781d,20210331_10-K_edgar_data_1836154_0001564590-21-016839.txt,0001836154,20210331,nan,,,,,,,no_valid_link,0
d3c7210303feebec,20210331_10-K_edgar_data_1836337_0001564590-21-017076.txt,0001836337,20210331,37979,,,,,,,no_valid_link,0
6151c9185608a04a,20210331_10-K_edgar_data_1836517_0001104659-21-044651.txt,0001836517,20210331,37936,,,,,,,no_valid_link,0
3b15560fcdcddc7a,20210331_10-K_edgar_data_1836981_0001564590-21-017090.txt,0001836981,20210331,37966,,,,,,,no_valid_link,0
2b686f6cf05d4083,20210331_10-K_edgar_data_22701_0000897101-21-000260.txt,0000022701,20210331,41076,,,,,,,no_valid_link,0
b423e5145060d61a,20210331_10-K_edgar_data_278165_0001493152-21-007489.txt,0000278165,20210331,155894,,,,,,,no_valid_link,0
26dda40043887d38,20210331_10-K_edgar_data_34285_0001493152-21-007359.txt,0000034285,20210331,35849,,,,,,,no_valid_link,0
3dd7d4d5cb40ba7f,20210331_10-K_edgar_data_6494_0001206774-21-000940.txt,0000006494,20210331,1650,,,,,,,no_valid_link,0
f99c931503ecf764,20210331_10-K_edgar_data_803578_0001437749-21-007829.txt,0000803578,20210331,21663,,,,,,,no_valid_link,0
f279eabefc0020c8,20210331_10-K_edgar_data_829325_0001262463-21-000108.txt,0000829325,20210331,63752,,,,,,,no_valid_link,0
18f74bd393f10043,20210401_10-K_edgar_data_1318482_0001318482-21-000005.txt,0001318482,20210401,114881,,,,,,,no_valid_link,0
4b051e464fe05b53,20210401_10-K_edgar_data_1770141_0001564590-21-017196.txt,0001770141,20210401,38981,,,,,,,no_valid_link,0
8ba867fabdb04ab0,20210401_10-K_edgar_data_835662_0001493152-21-007578.txt,0000835662,20210401,33136,,,,,,,no_valid_link,0
bde3c548481cb142,20210402_10-K_edgar_data_1818152_0001599916-21-000056.txt,0001818152,20210402,nan,,,,,,,no_valid_link,0
053a947371a406d8,20210405_10-K_edgar_data_1822835_0001104659-21-046578.txt,0001822835,20210405,37057,,,,,,,no_valid_link,0
fe0e7b1c2dc879d4,20210406_10-K_edgar_data_1290658_0001683168-21-001249.txt,0001290658,20210406,32331,,,,,,,no_valid_link,0
425a155e8df21654,20210406_10-K_edgar_data_845819_0001515971-21-000031.txt,0000845819,20210406,20932,,,,,,,no_valid_link,0
9175d30fb212baa4,20210407_10-K_edgar_data_1783875_0001564590-21-017873.txt,0001783875,20210407,35995,,,,,,,no_valid_link,0
cec93ef2aab133f6,20210408_10-K_edgar_data_1376804_0001477932-21-002126.txt,0001376804,20210408,nan,,,,,,,no_valid_link,0
f8957e8775c9016e,20210408_10-K_edgar_data_1377149_0001387131-21-004274.txt,0001377149,20210408,160367,,,,,,,no_valid_link,0
911c7983d6d584c9,20210408_10-K_edgar_data_1781405_0001731122-21-000549.txt,0001781405,20210408,36485,,,,,,,no_valid_link,0
63349d18c32a42b0,20210409_10-K_edgar_data_894871_0001493152-21-008388.txt,0000894871,20210409,29064,,,,,,,no_valid_link,0
bd7b360a850d1fd4,20210413_10-K_edgar_data_1467761_0001654954-21-004133.txt,0001467761,20210413,183666,,,,,,,no_valid_link,0
481283f3d708d56f,20210413_10-K_edgar_data_1506983_0001493152-21-008654.txt,0001506983,20210413,17024,,,,,,,no_valid_link,0
68bd8349f8361ec8,20210413_10-K_edgar_data_1563665_0001104659-21-049804.txt,0001563665,20210413,16719,,,,,,,no_valid_link,0
72b6316cf9627f6d,20210413_10-K_edgar_data_1645155_0001493152-21-008640.txt,0001645155,20210413,38758,,,,,,,no_valid_link,0
d089550326766bcf,20210414_10-K_edgar_data_1017110_0001199835-21-000184.txt,0001017110,20210414,106781,,,,,,,no_valid_link,0
96a6a37e0859f06a,20210414_10-K_edgar_data_1064722_0001760319-21-000039.txt,0001064722,20210414,66589,,,,,,,no_valid_link,0
a120be07450f54ec,20210414_10-K_edgar_data_1081938_0001683168-21-001389.txt,0001081938,20210414,23490,,,,,,,no_valid_link,0
5cd83141cde1d042,20210414_10-K_edgar_data_1084475_0001760319-21-000037.txt,0001084475,20210414,29772,,,,,,,no_valid_link,0
0b099e652afe1c05,20210414_10-K_edgar_data_1485029_0001096906-21-000755.txt,0001485029,20210414,177615,,,,,,,no_valid_link,0
f954bfdad32cd707,20210415_10-K_edgar_data_1384135_0001185185-21-000535.txt,0001384135,20210415,35803,,,,,,,no_valid_link,0
eb557f6c00badefe,20210415_10-K_edgar_data_1399352_0001477932-21-002386.txt,0001399352,20210415,170707,,,,,,,no_valid_link,0
b229a81eeb8b1aa5,20210415_10-K_edgar_data_1413754_0001493152-21-008936.txt,0001413754,20210415,184789,,,,,,,no_valid_link,0
dc882789105df60c,20210415_10-K_edgar_data_1443611_0001477932-21-002371.txt,0001443611,20210415,36392,,,,,,,no_valid_link,0
c9cf7b5a1563f2ab,20210415_10-K_edgar_data_1498067_0001493152-21-008866.txt,0001498067,20210415,27809,,,,,,,no_valid_link,0
5a14082fe8db23c4,20210415_10-K_edgar_data_1510247_0001493152-21-008914.txt,0001510247,20210415,14865,,,,,,,no_valid_link,0
931c373e3ce17aaf,20210415_10-K_edgar_data_1535079_0001437749-21-009014.txt,0001535079,20210415,nan,,,,,,,no_valid_link,0
7ee99b86e72fc864,20210415_10-K_edgar_data_1539894_0001539894-21-000017.txt,0001539894,20210415,186230,,,,,,,no_valid_link,0
d068f421be9fa188,20210415_10-K_edgar_data_1549631_0001493152-21-008862.txt,0001549631,20210415,32242,,,,,,,no_valid_link,0
6543bcea8c6a5798,20210415_10-K_edgar_data_1552189_0001654954-21-004263.txt,0001552189,20210415,40234,,,,,,,no_valid_link,0
fa21eec1e7319edb,20210415_10-K_edgar_data_1629665_0001213900-21-021760.txt,0001629665,20210415,27680,,,,,,,no_valid_link,0
0687b619155efee4,20210415_10-K_edgar_data_1661039_0001654954-21-004259.txt,0001661039,20210415,147891,,,,,,,no_valid_link,0
3c31b25da97e720c,20210415_10-K_edgar_data_1662382_0001213900-21-021685.txt,0001662382,20210415,34764,,,,,,,no_valid_link,0
40d39aa9e41f1189,20210415_10-K_edgar_data_1665598_0001683168-21-001404.txt,0001665598,20210415,nan,,,,,,,no_valid_link,0
635a4c584c043a12,20210415_10-K_edgar_data_1697935_0001640334-21-000947.txt,0001697935,20210415,37205,,,,,,,no_valid_link,0
53fe749d5bdeee56,20210415_10-K_edgar_data_1810491_0001213900-21-021764.txt,0001810491,20210415,nan,,,,,,,no_valid_link,0
08185ffe1d8f42d1,20210415_10-K_edgar_data_1816906_0001683168-21-001442.txt,0001816906,20210415,nan,,,,,,,no_valid_link,0
c7bec224130d7b52,20210415_10-K_edgar_data_1822935_0001213900-21-021771.txt,0001822935,20210415,nan,,,,,,,no_valid_link,0
086c863a5165c12b,20210415_10-K_edgar_data_1836100_0001493152-21-008852.txt,0001836100,20210415,37859,,,,,,,no_valid_link,0
f1ec296e4be335c2,20210415_10-K_edgar_data_1838293_0001193125-21-117857.txt,0001838293,20210415,nan,,,,,,,no_valid_link,0
4304da6dc23a2650,20210415_10-K_edgar_data_908259_0001493152-21-008920.txt,0000908259,20210415,35138,,,,,,,no_valid_link,0
0295c222dc9ba1a5,20210415_10-K_edgar_data_943535_0001493152-21-008940.txt,0000943535,20210415,36430,,,,,,,no_valid_link,0
3f67c1ec1e119cd5,20210416_10-K-A_edgar_data_1064722_0001760319-21-000043.txt,0001064722,20210416,66589,,,,,,,no_valid_link,0
baac7c981311754d,20210416_10-K_edgar_data_819926_0001213900-21-021884.txt,0000819926,20210416,36219,,,,,,,no_valid_link,0
24545467545ced12,20210419_10-K_edgar_data_1741489_0001520138-21-000208.txt,0001741489,20210419,35400,,,,,,,no_valid_link,0
9807d16c8e4ba279,20210421_10-K-A_edgar_data_1770141_0001193125-21-124706.txt,0001770141,20210421,38981,,,,,,,no_valid_link,0
c6abf05830e511a8,20210421_10-K_edgar_data_1645260_0001493152-21-009396.txt,0001645260,20210421,nan,,,,,,,no_valid_link,0
89262d62d2d193dc,20210423_10-K-A_edgar_data_1552189_0001654954-21-004566.txt,0001552189,20210423,40234,,,,,,,no_valid_link,0
8e4f0db6422b791b,20210429_10-K-A_edgar_data_895051_0001104659-21-057534.txt,0000895051,20210429,nan,,,,,,,no_valid_link,0
dc12ef2f547ebb39,20210430_10-K-A_edgar_data_1467761_0001140361-21-015017.txt,0001467761,20210430,183666,,,,,,,no_valid_link,0
fed8f5eae654dfea,20210430_10-K-A_edgar_data_1506983_0001493152-21-010161.txt,0001506983,20210430,17024,,,,,,,no_valid_link,0
a423fd25eb246af2,20210430_10-K-A_edgar_data_1820878_0001564590-21-022517.txt,0001820878,20210430,nan,,,,,,,no_valid_link,0
8b6b761e08cb7438,20210503_10-K-A_edgar_data_1772757_0001104659-21-059563.txt,0001772757,20210503,nan,,,,,,,no_valid_link,0
0726ef218ba00033,20210503_10-K-A_edgar_data_1826889_0001213900-21-024207.txt,0001826889,20210503,39112,,,,,,,no_valid_link,0
cdc44c7409a40215,20210503_10-K_edgar_data_1541884_0001493152-21-010288.txt,0001541884,20210503,33017,,,,,,,no_valid_link,0
486ed688324845fc,20210504_10-K-A_edgar_data_1777835_0001213900-21-024533.txt,0001777835,20210504,39098,,,,,,,no_valid_link,0
7d8a9ab48a788f76,20210505_10-K-A_edgar_data_1828318_0001104659-21-061139.txt,0001828318,20210505,39251,,,,,,,no_valid_link,0
6e76928f0464522c,20210505_10-K_edgar_data_1165639_0001199835-21-000260.txt,0001165639,20210505,185941,,,,,,,no_valid_link,0
e5ea87a70c590a1e,20210507_10-K-A_edgar_data_1824963_0001213900-21-025208.txt,0001824963,20210507,nan,,,,,,,no_valid_link,0
8731d4da2e900bf4,20210510_10-K-A_edgar_data_1805651_0001193125-21-156453.txt,0001805651,20210510,39311,,,,,,,no_valid_link,0
8d3294032a6e6dd5,20210511_10-K-A_edgar_data_1777946_0001213900-21-025485.txt,0001777946,20210511,39535,,,,,,,no_valid_link,0
a926d103c69daafc,20210511_10-K-A_edgar_data_1828105_0001193125-21-156883.txt,0001828105,20210511,39380,,,,,,,no_valid_link,0
6096256b4af7444d,20210512_10-K-A_edgar_data_1753539_0001193125-21-159164.txt,0001753539,20210512,39621,,,,,,,no_valid_link,0
110e89557707a140,20210512_10-K-A_edgar_data_1816017_0001193125-21-159311.txt,0001816017,20210512,39442,,,,,,,no_valid_link,0
eea4692b43f25620,20210513_10-K-A_edgar_data_1777921_0001213900-21-026027.txt,0001777921,20210513,39157,,,,,,,no_valid_link,0
84e4a131fa7c39df,20210513_10-K-A_edgar_data_1819848_0001193125-21-159775.txt,0001819848,20210513,39405,,,,,,,no_valid_link,0
6466e043f2afcea4,20210513_10-K-A_edgar_data_1823826_0001213900-21-026102.txt,0001823826,20210513,37163,,,,,,,no_valid_link,0
956321a3739ca22c,20210513_10-K-A_edgar_data_1824577_0001193125-21-159541.txt,0001824577,20210513,37235,,,,,,,no_valid_link,0
6b42823a39b07f67,20210514_10-K-A_edgar_data_1805385_0001213900-21-026385.txt,0001805385,20210514,39280,,,,,,,no_valid_link,0
dec32a2fed873669,20210514_10-K-A_edgar_data_1821595_0001213900-21-026248.txt,0001821595,20210514,37078,,,,,,,no_valid_link,0
155f53bfa57bd0ad,20210519_10-K-A_edgar_data_1820931_0001193125-21-165737.txt,0001820931,20210519,nan,,,,,,,no_valid_link,0
ff03a932cc191720,20210520_10-K-A_edgar_data_1824301_0001213900-21-027996.txt,0001824301,20210520,37322,,,,,,,no_valid_link,0
ebc0f0dbacf029a1,20210521_10-K-A_edgar_data_1819175_0001193125-21-169453.txt,0001819175,20210521,nan,,,,,,,no_valid_link,0
25f6a6001656fc1e,20210521_10-K_edgar_data_1614826_0001493152-21-012474.txt,0001614826,20210521,nan,,,,,,,no_valid_link,0
0b7da24c5f2bfd29,20210524_10-K-A_edgar_data_1766352_0001553350-21-000459.txt,0001766352,20210524,nan,,,,,,,no_valid_link,0
39dd1d70de171185,20210524_10-K-A_edgar_data_1816696_0001213900-21-028604.txt,0001816696,20210524,36916,,,,,,,no_valid_link,0
f9f624df1dff9848,20210524_10-K-A_edgar_data_1821769_0001213900-21-028704.txt,0001821769,20210524,39931,,,,,,,no_valid_link,0
acff0114347a4b97,20210525_10-K_edgar_data_1824884_0001213900-21-028874.txt,0001824884,20210525,nan,,,,,,,no_valid_link,0
adbdb3bf9225613c,20210526_10-K-A_edgar_data_1281984_0001493152-21-012971.txt,0001281984,20210526,163818,,,,,,,no_valid_link,0
163504aa89787213,20210527_10-K-A_edgar_data_1822219_0001213900-21-029442.txt,0001822219,20210527,nan,,,,,,,no_valid_link,0
e9d062f33330834e,20210527_10-K-A_edgar_data_1823896_0001193125-21-175430.txt,0001823896,20210527,37479,,,,,,,no_valid_link,0
0817246788a28aa2,20210528_10-K_edgar_data_1822027_0001213900-21-030040.txt,0001822027,20210528,37071,,,,,,,no_valid_link,0
a3f2f8095c2b5057,20210601_10-K-A_edgar_data_1498148_0001161697-21-000294.txt,0001498148,20210601,34036,,,,,,,no_valid_link,0
aa438abae90b6ce4,20210601_10-K_edgar_data_1498148_0001161697-21-000289.txt,0001498148,20210601,34036,,,,,,,no_valid_link,0
23c9e49608bb4adb,20210602_10-K-A_edgar_data_1823086_0001104659-21-075728.txt,0001823086,20210602,nan,,,,,,,no_valid_link,0
b3de7ba23fc663b7,20210608_10-K-A_edgar_data_1823767_0001564590-21-032007.txt,0001823767,20210608,37291,,,,,,,no_valid_link,0
ed7e2dd3da015d5d,20210611_10-K_edgar_data_1543066_0001161697-21-000303.txt,0001543066,20210611,13818,,,,,,,no_valid_link,0
ae7e7aa2f78496e1,20210611_10-K_edgar_data_1821146_0001213900-21-032173.txt,0001821146,20210611,37161,,,,,,,no_valid_link,0
0eff511f418d2d95,20210614_10-K-A_edgar_data_1823634_0001213900-21-032351.txt,0001823634,20210614,37259,,,,,,,no_valid_link,0
f30ed32c163c0582,20210615_10-K_edgar_data_1816114_0001213900-21-032506.txt,0001816114,20210615,nan,,,,,,,no_valid_link,0
9cebc4cac3a65a46,20210616_10-K_edgar_data_1609988_0001477932-21-004062.txt,0001609988,20210616,34944,,,,,,,no_valid_link,0
d32f54cfced1f333,20210617_10-K_edgar_data_1601280_0001553350-21-000523.txt,0001601280,20210617,152710,,,,,,,no_valid_link,0
95010f0be821bbe6,20210623_10-K_edgar_data_1488419_0001104659-21-084333.txt,0001488419,20210623,22789,,,,,,,no_valid_link,0
8fecce9109b940ba,20210624_10-K-A_edgar_data_1815086_0001213900-21-033911.txt,0001815086,20210624,nan,,,,,,,no_valid_link,0
1f86843c2da709d3,20210624_10-K-A_edgar_data_1821742_0001213900-21-033980.txt,0001821742,20210624,nan,,,,,,,no_valid_link,0
dd4644f69e481ada,20210624_10-K_edgar_data_1508381_0001104659-21-084897.txt,0001508381,20210624,23255,,,,,,,no_valid_link,0
ea8dfff395fb94e5,20210625_10-K_edgar_data_1706509_0001640334-21-001427.txt,0001706509,20210625,33183,,,,,,,no_valid_link,0
93e101992bcff23f,20210628_10-K-A_edgar_data_1673481_0001213900-21-034278.txt,0001673481,20210628,40015,,,,,,,no_valid_link,0
0089efa01e532700,20210629_10-K-A_edgar_data_1822309_0001213900-21-034531.txt,0001822309,20210629,37170,,,,,,,no_valid_link,0
89fed7e844c21a92,20210629_10-K_edgar_data_1438461_0001640334-21-001445.txt,0001438461,20210629,22371,,,,,,,no_valid_link,0
5d784bad766f1dbf,20210629_10-K_edgar_data_1635136_0001493152-21-015504.txt,0001635136,20210629,30081,,,,,,,no_valid_link,0
b631132a77b511c8,20210629_10-K_edgar_data_862651_0001493152-21-015566.txt,0000862651,20210629,16069,,,,,,,no_valid_link,0
ca675558da809e57,20210630_10-K_edgar_data_1437491_0001213900-21-034916.txt,0001437491,20210630,27086,,,,,,,no_valid_link,0
2a1e22b7395677a0,20210701_10-K-A_edgar_data_1822835_0001104659-21-087773.txt,0001822835,20210701,37057,,,,,,,no_valid_link,0
c364829479eb212a,20210701_10-K-A_edgar_data_1825254_0001104659-21-088266.txt,0001825254,20210701,37569,,,,,,,no_valid_link,0
f4cb2c044ccff192,20210706_10-K_edgar_data_1165320_0001437749-21-016461.txt,0001165320,20210706,157774,,,,,,,no_valid_link,0
669b5d0f33a3e18d,20210713_10-K_edgar_data_1740797_0001740797-21-000014.txt,0001740797,20210713,35156,,,,,,,no_valid_link,0
1ba2f44d272190f8,20210715_10-K-A_edgar_data_1822929_0001104659-21-092689.txt,0001822929,20210715,37154,,,,,,,no_valid_link,0
23493e7948a9b23b,20210722_10-K_edgar_data_1103795_0001683168-21-003050.txt,0001103795,20210722,115411,,,,,,,no_valid_link,0
d93da6578f316344,20210726_10-K-A_edgar_data_1825473_0001213900-21-038718.txt,0001825473,20210726,nan,,,,,,,no_valid_link,0
e3011520d2fc0236,20210803_10-K-A_edgar_data_1630176_0001520138-21-000388.txt,0001630176,20210803,26354,,,,,,,no_valid_link,0
78b566eeb6c41b26,20210806_10-K_edgar_data_1674440_0001493152-21-018846.txt,0001674440,20210806,35948,,,,,,,no_valid_link,0
ff7f6b6690890851,20210813_10-K_edgar_data_1720286_0001477932-21-005439.txt,0001720286,20210813,nan,,,,,,,no_valid_link,0
ea4a1c8aa0eb1cbd,20210816_10-K_edgar_data_894871_0001493152-21-019973.txt,0000894871,20210816,29064,,,,,,,no_valid_link,0
14a5d33d6a46abe2,20210818_10-K-A_edgar_data_1740797_0001740797-21-000020.txt,0001740797,20210818,35156,,,,,,,no_valid_link,0
c1014db4316588eb,20210818_10-K_edgar_data_929940_0000929940-21-000060.txt,0000929940,20210818,nan,,,,,,,no_valid_link,0
529fe2114ca18e67,20210824_10-K-A_edgar_data_1652561_0001493152-21-021071.txt,0001652561,20210824,30092,,,,,,,no_valid_link,0
c0d1671fba11e816,20210827_10-K-A_edgar_data_1763660_0001493152-21-021413.txt,0001763660,20210827,nan,,,,,,,no_valid_link,0
9a2b04edeae96f51,20210827_10-K_edgar_data_1572565_0001493152-21-021478.txt,0001572565,20210827,nan,,,,,,,no_valid_link,0
3d58e5acb5a615cf,20210901_10-K_edgar_data_1822792_0001213900-21-046135.txt,0001822792,20210901,nan,,,,,,,no_valid_link,0
8d55fc83326b4bf9,20210903_10-K_edgar_data_1510832_0001493152-21-022000.txt,0001510832,20210903,187769,,,,,,,no_valid_link,0
1c992b7bcadf5172,20210907_10-K_edgar_data_1680132_0001680132-21-000022.txt,0001680132,20210907,nan,,,,,,,no_valid_link,0
dd578d4e9a17ec61,20210921_10-K_edgar_data_1594114_0001520138-21-000560.txt,0001594114,20210921,nan,,,,,,,no_valid_link,0
38af2d00747f93dc,20210921_10-K_edgar_data_1594114_0001520138-21-000562.txt,0001594114,20210921,nan,,,,,,,no_valid_link,0
2aa52cc13c2e702d,20210927_10-K_edgar_data_1362703_0001493152-21-023839.txt,0001362703,20210927,26097,,,,,,,no_valid_link,0
28df702331c79b04,20210927_10-K_edgar_data_1624985_0001683168-21-004509.txt,0001624985,20210927,nan,,,,,,,no_valid_link,0
64b5e2d7b32b58bf,20210928_10-K_edgar_data_1121795_0001553350-21-000852.txt,0001121795,20210928,180912,,,,,,,no_valid_link,0
2c467bb7749557c0,20210928_10-K_edgar_data_1650739_0001477932-21-006785.txt,0001650739,20210928,nan,,,,,,,no_valid_link,0
ab53c653e129d321,20211005_10-K_edgar_data_1267919_0001376474-21-000336.txt,0001267919,20211005,nan,,,,,,,no_valid_link,0
8ed42956d31548f9,20211007_10-K_edgar_data_1267919_0001376474-21-000344.txt,0001267919,20211007,nan,,,,,,,no_valid_link,0
9d2a18cb8c3ae596,20211012_10-K_edgar_data_1683252_0001213900-21-052400.txt,0001683252,20211012,35039,,,,,,,no_valid_link,0
22e98801b6a3326b,20211013_10-K_edgar_data_1481504_0001477932-21-007235.txt,0001481504,20211013,36803,,,,,,,no_valid_link,0
7f9a30a6031174cd,20211013_10-K_edgar_data_1593001_0001213900-21-052658.txt,0001593001,20211013,nan,,,,,,,no_valid_link,0
a8fb4c01bdccdbff,20211013_10-K_edgar_data_725394_0001683168-21-004821.txt,0000725394,20211013,40541,,,,,,,no_valid_link,0
139d72a546c683ea,20211013_10-K_edgar_data_825322_0001493152-21-025336.txt,0000825322,20211013,19622,,,,,,,no_valid_link,0
7da5268e529178ed,20211014_10-K_edgar_data_1604930_0001493152-21-025369.txt,0001604930,20211014,26383,,,,,,,no_valid_link,0
1f1cbb096118ca84,20211015_10-K-A_edgar_data_1481504_0001477932-21-007355.txt,0001481504,20211015,36803,,,,,,,no_valid_link,0
dd72f97825592497,20211028_10-K_edgar_data_1584693_0001493152-21-026632.txt,0001584693,20211028,21759,,,,,,,no_valid_link,0
00e6c85ae7e90090,20211029_10-K_edgar_data_1342792_0001683168-21-005134.txt,0001342792,20211029,66635,,,,,,,no_valid_link,0
92ab9fb0915fc7b9,20211029_10-K_edgar_data_1482554_0001493152-21-026695.txt,0001482554,20211029,194557,,,,,,,no_valid_link,0
0e050a3e5df823fc,20211105_10-K_edgar_data_1127475_0001185185-21-001609.txt,0001127475,20211105,152686,,,,,,,no_valid_link,0
f1b7050b6eff3e27,20211112_10-K_edgar_data_1681769_0001520138-21-000713.txt,0001681769,20211112,28242,,,,,,,no_valid_link,0
e33ffc021de441d9,20211129_10-K_edgar_data_1343009_0001683168-21-006005.txt,0001343009,20211129,187166,,,,,,,no_valid_link,0
d561a06af99470dc,20211129_10-K_edgar_data_1828748_0001493152-21-029950.txt,0001828748,20211129,41165,,,,,,,no_valid_link,0
826238a597c1af14,20211202_10-K-A_edgar_data_1823826_0001213900-21-063092.txt,0001823826,20211202,37163,,,,,,,no_valid_link,0
41785163911c5d3d,20211209_10-K_edgar_data_1829311_0001683168-21-006222.txt,0001829311,20211209,66009,,,,,,,no_valid_link,0
9cb19a0e500c0b87,20211210_10-K-A_edgar_data_1824301_0001213900-21-064744.txt,0001824301,20211210,37322,,,,,,,no_valid_link,0
a8975420950c16a9,20211213_10-K-A_edgar_data_1820931_0001193125-21-355379.txt,0001820931,20211213,nan,,,,,,,no_valid_link,0
f6b1c50800211366,20211214_10-K-A_edgar_data_1821146_0001213900-21-065240.txt,0001821146,20211214,37161,,,,,,,no_valid_link,0
6a847d58a6b901a6,20211214_10-K_edgar_data_1744179_0001744179-21-000015.txt,0001744179,20211214,nan,,,,,,,no_valid_link,0
35a3ee0aa07d281e,20211220_10-K-A_edgar_data_1822929_0001104659-21-151723.txt,0001822929,20211220,37154,,,,,,,no_valid_link,0
203638209b8aad4b,20211221_10-K-A_edgar_data_1815086_0001213900-21-066725.txt,0001815086,20211221,nan,,,,,,,no_valid_link,0
485f7ce41df5f696,20211221_10-K-A_edgar_data_1821742_0001193125-21-362797.txt,0001821742,20211221,nan,,,,,,,no_valid_link,0
abbea0b8f83bd610,20211221_10-K_edgar_data_1022505_0001493152-21-032215.txt,0001022505,20211221,64077,,,,,,,no_valid_link,0
2115afdeaa5873b1,20211221_10-K_edgar_data_1074828_0001654954-21-013414.txt,0001074828,20211221,166430,,,,,,,no_valid_link,0
bf3ecc627ee0315b,20211222_10-K-A_edgar_data_1822792_0001213900-21-067096.txt,0001822792,20211222,nan,,,,,,,no_valid_link,0
dcc6316d5fe52538,20211222_10-K-A_edgar_data_1823896_0001193125-21-364691.txt,0001823896,20211222,37479,,,,,,,no_valid_link,0
6ab43205bab5b92e,20211223_10-K-A_edgar_data_1822027_0001213900-21-067118.txt,0001822027,20211223,37071,,,,,,,no_valid_link,0
606330a5bca89af0,20211223_10-K_edgar_data_1828588_0001140361-21-042794.txt,0001828588,20211223,41241,,,,,,,no_valid_link,0
9be7b3b2bf8ea741,20211229_10-K_edgar_data_1853314_0001213900-21-067913.txt,0001853314,20211229,nan,,,,,,,no_valid_link,0
a5b09e987f0b7488,20211230_10-K-A_edgar_data_1822309_0001213900-21-068153.txt,0001822309,20211230,37170,,,,,,,no_valid_link,0
63ea7ba8ea75325e,20220111_10-K-A_edgar_data_1825254_0001410578-22-000012.txt,0001825254,20220111,37569,,,,,,,no_valid_link,0
4074ec3689e0b539,20220111_10-K_edgar_data_1394638_0001731122-22-000038.txt,0001394638,20220111,185210,,,,,,,no_valid_link,0
b08a2c49744ce3c2,20220112_10-K_edgar_data_1605331_0001663577-22-000024.txt,0001605331,20220112,24672,,,,,,,no_valid_link,0
3f385089e0d5a36e,20220113_10-K_edgar_data_1039466_0001185185-22-000056.txt,0001039466,20220113,113822,,,,,,,no_valid_link,0
4fca0f4435ea6d2f,20220113_10-K_edgar_data_1362703_0001493152-22-001167.txt,0001362703,20220113,26097,,,,,,,no_valid_link,0
7cb0cf2d91bdaad2,20220113_10-K_edgar_data_1468679_0001019056-22-000053.txt,0001468679,20220113,187449,,,,,,,no_valid_link,0
81c3ef1292fee242,20220114_10-K-A_edgar_data_1823767_0001564590-22-001347.txt,0001823767,20220114,37291,,,,,,,no_valid_link,0
25bd2f3a71b18b53,20220114_10-K-A_edgar_data_1824884_0001213900-22-002176.txt,0001824884,20220114,nan,,,,,,,no_valid_link,0
21f0f89590d93b11,20220114_10-K_edgar_data_1368275_0001062993-22-001065.txt,0001368275,20220114,nan,,,,,,,no_valid_link,0
d7f4b1b0a71c2627,20220124_10-K_edgar_data_1383394_0001393905-22-000025.txt,0001383394,20220124,nan,,,,,,,no_valid_link,0
9613ca8b3dd27f97,20220124_10-K_edgar_data_1766352_0001553350-22-000052.txt,0001766352,20220124,nan,,,,,,,no_valid_link,0
8c8a059a86993370,20220126_10-K_edgar_data_225628_0001096906-22-000193.txt,0000225628,20220126,7232,,,,,,,no_valid_link,0
1a69443dcd5fc155,20220131_10-K_edgar_data_1832505_0001213900-22-004524.txt,0001832505,20220131,nan,,,,,,,no_valid_link,0
afdad0672c5e6128,20220201_10-K-A_edgar_data_1823634_0001193125-22-024605.txt,0001823634,20220201,37259,,,,,,,no_valid_link,0
895da2b8a44071b1,20220209_10-K_edgar_data_1865975_0001564590-22-004419.txt,0001865975,20220209,39188,,,,,,,no_valid_link,0
310b9619013609b3,20220210_10-K_edgar_data_1000229_0000950170-22-001087.txt,0001000229,20220210,nan,,,,,,,no_valid_link,0
f6a6df55e166af77,20220210_10-K_edgar_data_1026214_0001026214-22-000031.txt,0001026214,20220210,15208,,,,,,,no_valid_link,0
cfaf8f2e0c1c97ee,20220211_10-K_edgar_data_1109448_0001109448-22-000008.txt,0001109448,20220211,nan,,,,,,,no_valid_link,0
4476526f6c03fe43,20220211_10-K_edgar_data_808362_0000808362-22-000010.txt,0000808362,20220211,1976,,,,,,,no_valid_link,0
e4f719940c903f91,20220215_10-K_edgar_data_1516887_0001493152-22-004617.txt,0001516887,20220215,170692,,,,,,,no_valid_link,0
995b18eabcc7f693,20220217_10-K-A_edgar_data_1823086_0001104659-22-024729.txt,0001823086,20220217,nan,,,,,,,no_valid_link,0
c9b8c80341fdcd7a,20220217_10-K_edgar_data_1472595_0001628280-22-002948.txt,0001472595,20220217,nan,,,,,,,no_valid_link,0
986b98588f9b925e,20220217_10-K_edgar_data_1510832_0001493152-22-004827.txt,0001510832,20220217,187769,,,,,,,no_valid_link,0
f9a16a907a0724b2,20220217_10-K_edgar_data_1843121_0001410578-22-000158.txt,0001843121,20220217,38385,,,,,,,no_valid_link,0
15cb7310395265bc,20220217_10-K_edgar_data_1844336_0001213900-22-008267.txt,0001844336,20220217,38171,,,,,,,no_valid_link,0
7ef0fd53f4978e2c,20220218_10-K_edgar_data_1772757_0001772757-22-000007.txt,0001772757,20220218,nan,,,,,,,no_valid_link,0
d7c8c0ffa040aa17,20220222_10-K_edgar_data_1676163_0001213900-22-008544.txt,0001676163,20220222,33773,,,,,,,no_valid_link,0
41a836fc2bd2625d,20220222_10-K_edgar_data_83246_0000083246-22-000004.txt,0000083246,20220222,9061,,,,,,,no_valid_link,0
8555b9a493bd5eb0,20220223_10-K-A_edgar_data_1843121_0001410578-22-000188.txt,0001843121,20220223,38385,,,,,,,no_valid_link,0
204abef09a62e2c5,20220223_10-K_edgar_data_108772_0001770450-22-000010.txt,0000108772,20220223,nan,,,,,,,no_valid_link,0
a14c8a1576313c53,20220223_10-K_edgar_data_1854461_0001104659-22-025765.txt,0001854461,20220223,39478,,,,,,,no_valid_link,0
1d31fab0250d226d,20220224_10-K_edgar_data_1060386_0000790816-22-000009.txt,0001060386,20220224,nan,,,,,,,no_valid_link,0
c571cce1650edb90,20220224_10-K_edgar_data_1848097_0001575705-22-000174.txt,0001848097,20220224,38803,,,,,,,no_valid_link,0
39f13e2c52999d6b,20220224_10-K_edgar_data_1851909_0001193125-22-050531.txt,0001851909,20220224,39646,,,,,,,no_valid_link,0
cfe38ee4ba94762d,20220225_10-K_edgar_data_1077771_0001077771-22-000011.txt,0001077771,20220225,nan,,,,,,,no_valid_link,0
c21fd3740b4f4dc7,20220225_10-K_edgar_data_1168165_0001868275-22-000020.txt,0001168165,20220225,156418,,,,,,,no_valid_link,0
cd2d53366a1c29ec,20220225_10-K_edgar_data_1364742_0001564590-22-007117.txt,0001364742,20220225,nan,,,,,,,no_valid_link,0
9a521deb8a933913,20220225_10-K_edgar_data_1494877_0001558370-22-002195.txt,0001494877,20220225,nan,,,,,,,no_valid_link,0
948cf35da366b88c,20220225_10-K_edgar_data_46207_0000354707-22-000049.txt,0000046207,20220225,5525,,,,,,,no_valid_link,0
be97be94806b811e,20220228_10-K-A_edgar_data_1819175_0001193125-22-057837.txt,0001819175,20220228,nan,,,,,,,no_valid_link,0
6e7da47f44044fbf,20220228_10-K_edgar_data_1293282_0000950170-22-002322.txt,0001293282,20220228,nan,,,,,,,no_valid_link,0
06ae13a03f272553,20220228_10-K_edgar_data_1870925_0001193125-22-054756.txt,0001870925,20220228,39739,,,,,,,no_valid_link,0
3310899697b90099,20220301_10-K_edgar_data_1108134_0001108134-22-000004.txt,0001108134,20220301,74571,,,,,,,no_valid_link,0
d7812bf7c09b50c5,20220301_10-K_edgar_data_1820878_0001564590-22-008111.txt,0001820878,20220301,nan,,,,,,,no_valid_link,0
b730e25034703d96,20220301_10-K_edgar_data_912752_0000912752-22-000024.txt,0000912752,20220301,nan,,,,,,,no_valid_link,0
b9dc793a643ef7e1,20220301_10-K_edgar_data_926660_0000950170-22-002462.txt,0000926660,20220301,nan,,,,,,,no_valid_link,0
cbec1dcac87aa104,20220303_10-K_edgar_data_1885461_0001213900-22-010616.txt,0001885461,20220303,nan,,,,,,,no_valid_link,0
58df6d531663a070,20220304_10-K_edgar_data_1131903_0001096906-22-000475.txt,0001131903,20220304,153630,,,,,,,no_valid_link,0
d326b6d314f5e650,20220304_10-K_edgar_data_1316944_0001316944-22-000024.txt,0001316944,20220304,nan,,,,,,,no_valid_link,0
ffce063a45a5c482,20220304_10-K_edgar_data_1822027_0001213900-22-010639.txt,0001822027,20220304,37071,,,,,,,no_valid_link,0
496825037667b191,20220304_10-K_edgar_data_1824301_0001213900-22-010626.txt,0001824301,20220304,37322,,,,,,,no_valid_link,0
1598cc192f8295e4,20220304_10-K_edgar_data_1824884_0001213900-22-010786.txt,0001824884,20220304,nan,,,,,,,no_valid_link,0
a4b4d8dc34c4a9c4,20220304_10-K_edgar_data_1844840_0001104659-22-030631.txt,0001844840,20220304,nan,,,,,,,no_valid_link,0
9773cc38163c32a0,20220307_10-K_edgar_data_811830_0000811830-22-000016.txt,0000811830,20220307,17130,,,,,,,no_valid_link,0
2c96a18a8216479c,20220308_10-K_edgar_data_1758699_0001758699-22-000005.txt,0001758699,20220308,nan,,,,,,,no_valid_link,0
a783f999b262d97c,20220308_10-K_edgar_data_1792509_0001792509-22-000009.txt,0001792509,20220308,nan,,,,,,,no_valid_link,0
79d46b14a9859ca8,20220308_10-K_edgar_data_1849902_0001140361-22-008246.txt,0001849902,20220308,38519,,,,,,,no_valid_link,0
2814a89ef7b551fb,20220308_10-K_edgar_data_726865_0000726865-22-000079.txt,0000726865,20220308,nan,,,,,,,no_valid_link,0
8a625bf3ca3301e5,20220309_10-K_edgar_data_1803498_0001803498-22-000009.txt,0001803498,20220309,nan,,,,,,,no_valid_link,0
7de749332d00a637,20220309_10-K_edgar_data_1838883_0001213900-22-011195.txt,0001838883,20220309,38211,,,,,,,no_valid_link,0
cecd85d49a722bfe,20220309_10-K_edgar_data_1840856_0001213900-22-011342.txt,0001840856,20220309,38087,,,,,,,no_valid_link,0
bd37db19c7caf34f,20220310_10-K_edgar_data_1381531_0001564590-22-009469.txt,0001381531,20220310,176760,,,,,,,no_valid_link,0
e9706e33938f6b5e,20220311_10-K_edgar_data_1425627_0001477932-22-001338.txt,0001425627,20220311,36649,,,,,,,no_valid_link,0
2957a70f383665ec,20220311_10-K_edgar_data_1689084_0001477932-22-001307.txt,0001689084,20220311,32126,,,,,,,no_valid_link,0
6ab2378eda1cc94b,20220311_10-K_edgar_data_1851959_0001410578-22-000347.txt,0001851959,20220311,39433,,,,,,,no_valid_link,0
d8fe290ec9e22f27,20220311_10-K_edgar_data_922521_0001628280-22-005808.txt,0000922521,20220311,30398,,,,,,,no_valid_link,0
28c9aaa879212666,20220314_10-K_edgar_data_1114927_0001140361-22-009242.txt,0001114927,20220314,62365,,,,,,,no_valid_link,0
166db8949e65a28e,20220314_10-K_edgar_data_1836894_0001193125-22-074783.txt,0001836894,20220314,38026,,,,,,,no_valid_link,0
190350719c7f0dff,20220314_10-K_edgar_data_1860514_0001829126-22-005983.txt,0001860514,20220314,nan,,,,,,,no_valid_link,0
17fd14e8af6de92e,20220315_10-K_edgar_data_1821742_0001193125-22-075098.txt,0001821742,20220315,nan,,,,,,,no_valid_link,0
e96a1103c53ef9c2,20220315_10-K_edgar_data_1858028_0001493152-22-006805.txt,0001858028,20220315,nan,,,,,,,no_valid_link,0
ece1fc4185df38bd,20220316_10-K_edgar_data_1846809_0001410578-22-000401.txt,0001846809,20220316,38637,,,,,,,no_valid_link,0
14fbb26d7357fd29,20220316_10-K_edgar_data_1848821_0001193125-22-077179.txt,0001848821,20220316,39212,,,,,,,no_valid_link,0
87ad6ba4e4b3a719,20220317_10-K_edgar_data_1752474_0001564590-22-010868.txt,0001752474,20220317,36107,,,,,,,no_valid_link,0
fb62238c2aea7a82,20220317_10-K_edgar_data_1832696_0001213900-22-013282.txt,0001832696,20220317,37831,,,,,,,no_valid_link,0
2250e057943320f9,20220317_10-K_edgar_data_1873324_0001104659-22-034988.txt,0001873324,20220317,39764,,,,,,,no_valid_link,0
b8dd47d74e4f6b19,20220318_10-K-A_edgar_data_1822835_0001104659-22-035497.txt,0001822835,20220318,37057,,,,,,,no_valid_link,0
af3fac0430ae3894,20220318_10-K_edgar_data_1342219_0001683168-22-001772.txt,0001342219,20220318,175221,,,,,,,no_valid_link,0
073977b8efb69bc4,20220318_10-K_edgar_data_1845149_0001104659-22-035218.txt,0001845149,20220318,38443,,,,,,,no_valid_link,0
3d645e84110cd58a,20220318_10-K_edgar_data_1845942_0001575705-22-000205.txt,0001845942,20220318,nan,,,,,,,no_valid_link,0
9991226c16b4cff9,20220318_10-K_edgar_data_1859807_0001213900-22-013308.txt,0001859807,20220318,40372,,,,,,,no_valid_link,0
a7df1a3c78b0178c,20220318_10-K_edgar_data_310826_0000310826-22-000028.txt,0000310826,20220318,nan,,,,,,,no_valid_link,0
f9d9b33cf9022bc2,20220321_10-K_edgar_data_1014763_0001654954-22-003463.txt,0001014763,20220321,63446,,,,,,,no_valid_link,0
6e53f7ef91be2cce,20220321_10-K_edgar_data_1107280_0001437749-22-006790.txt,0001107280,20220321,108630,,,,,,,no_valid_link,0
33a8a8bde419e39b,20220321_10-K_edgar_data_1819175_0001193125-22-080658.txt,0001819175,20220321,nan,,,,,,,no_valid_link,0
85a4ec9ea81d7f8d,20220321_10-K_edgar_data_1841389_0001193125-22-080687.txt,0001841389,20220321,38402,,,,,,,no_valid_link,0
7eef26dc9c21f36d,20220321_10-K_edgar_data_1876714_0001104659-22-035760.txt,0001876714,20220321,40328,,,,,,,no_valid_link,0
ea30da38dc074c9a,20220322_10-K_edgar_data_1889123_0001213900-22-014182.txt,0001889123,20220322,40312,,,,,,,no_valid_link,0
70c61beeee3c6994,20220323_10-K_edgar_data_1838176_0001410578-22-000469.txt,0001838176,20220323,38093,,,,,,,no_valid_link,0
bd0a65c5ff2aebcf,20220323_10-K_edgar_data_1844270_0001213900-22-014503.txt,0001844270,20220323,38280,,,,,,,no_valid_link,0
101bd7d90e775d45,20220324_10-K_edgar_data_1066656_0001193125-22-083517.txt,0001066656,20220324,nan,,,,,,,no_valid_link,0
d730ef813a22772c,20220324_10-K_edgar_data_1081745_0001493152-22-007657.txt,0001081745,20220324,170756,,,,,,,no_valid_link,0
b88efb5db1c7397d,20220324_10-K_edgar_data_1209709_0001193125-22-083512.txt,0001209709,20220324,nan,,,,,,,no_valid_link,0
40547b7f5deabcaa,20220324_10-K_edgar_data_1227265_0001193125-22-083504.txt,0001227265,20220324,nan,,,,,,,no_valid_link,0
4b3b72b5401825f7,20220324_10-K_edgar_data_1325676_0001193125-22-083506.txt,0001325676,20220324,nan,,,,,,,no_valid_link,0
698bccb16761f46c,20220324_10-K_edgar_data_1605057_0001477932-22-001600.txt,0001605057,20220324,26534,,,,,,,no_valid_link,0
d80cf3a37bb7e585,20220324_10-K_edgar_data_1835236_0001213900-22-014878.txt,0001835236,20220324,37829,,,,,,,no_valid_link,0
df5e7abadad726bc,20220324_10-K_edgar_data_1836547_0001193125-22-082954.txt,0001836547,20220324,nan,,,,,,,no_valid_link,0
2b7627ac7b222817,20220324_10-K_edgar_data_1837160_0001213900-22-014873.txt,0001837160,20220324,nan,,,,,,,no_valid_link,0
ac0e9495c1ad55b2,20220324_10-K_edgar_data_1852931_0001213900-22-014909.txt,0001852931,20220324,38508,,,,,,,no_valid_link,0
64188f71839a612a,20220324_10-K_edgar_data_1862327_0001140361-22-010806.txt,0001862327,20220324,40040,,,,,,,no_valid_link,0
69e3e7b66001eb67,20220324_10-K_edgar_data_1869141_0001213900-22-014866.txt,0001869141,20220324,nan,,,,,,,no_valid_link,0
4d41395e6f69bfe1,20220325_10-K_edgar_data_1471781_0001731122-22-000544.txt,0001471781,20220325,185115,,,,,,,no_valid_link,0
d5ad55ca91120955,20220325_10-K_edgar_data_1823826_0001213900-22-015175.txt,0001823826,20220325,37163,,,,,,,no_valid_link,0
96fe90528a02ff3e,20220325_10-K_edgar_data_1830392_0001213900-22-015167.txt,0001830392,20220325,37741,,,,,,,no_valid_link,0
a1018ccc05a3e70c,20220325_10-K_edgar_data_1842329_0001104659-22-038174.txt,0001842329,20220325,37975,,,,,,,no_valid_link,0
6a695ac5992e4efe,20220325_10-K_edgar_data_1848410_0001104659-22-038180.txt,0001848410,20220325,38349,,,,,,,no_valid_link,0
58e511d428bf9865,20220325_10-K_edgar_data_1850316_0001193125-22-085155.txt,0001850316,20220325,38672,,,,,,,no_valid_link,0
0e21759dfe4c6537,20220325_10-K_edgar_data_1851266_0001731122-22-000531.txt,0001851266,20220325,39980,,,,,,,no_valid_link,0
42d5e93ae93f7d32,20220325_10-K_edgar_data_1856519_0001214659-22-004349.txt,0001856519,20220325,38655,,,,,,,no_valid_link,0
4cc4c38731f00c72,20220325_10-K_edgar_data_1893219_0001193125-22-084159.txt,0001893219,20220325,40363,,,,,,,no_valid_link,0
9047bb87c1cd8028,20220325_10-K_edgar_data_315958_0001140361-22-011141.txt,0000315958,20220325,7841,,,,,,,no_valid_link,0
80d2bfa810956c2e,20220328_10-K_edgar_data_1286648_0001575705-22-000225.txt,0001286648,20220328,nan,,,,,,,no_valid_link,0
8bbc53f13217e486,20220328_10-K_edgar_data_1416265_0001416265-22-000167.txt,0001416265,20220328,21874,,,,,,,no_valid_link,0
98cf15802a7506b4,20220328_10-K_edgar_data_1452936_0001452936-22-000011.txt,0001452936,20220328,36221,,,,,,,no_valid_link,0
5891148b3897ef11,20220328_10-K_edgar_data_1542574_0001416265-22-000167.txt,0001542574,20220328,nan,,,,,,,no_valid_link,0
1956df964c1ea286,20220328_10-K_edgar_data_1815086_0001213900-22-015525.txt,0001815086,20220328,nan,,,,,,,no_valid_link,0
3ec40c4f451e154a,20220328_10-K_edgar_data_1823634_0001193125-22-086629.txt,0001823634,20220328,37259,,,,,,,no_valid_link,0
f939d6310d228d59,20220328_10-K_edgar_data_1825473_0001213900-22-015520.txt,0001825473,20220328,nan,,,,,,,no_valid_link,0
3cb0e21de9b3b3ba,20220328_10-K_edgar_data_1833756_0001628280-22-007409.txt,0001833756,20220328,38477,,,,,,,no_valid_link,0
8981d44161eeb374,20220328_10-K_edgar_data_1844650_0001213900-22-015248.txt,0001844650,20220328,38145,,,,,,,no_valid_link,0
d78ee22567f8ff2e,20220328_10-K_edgar_data_1845013_0001193125-22-086857.txt,0001845013,20220328,38557,,,,,,,no_valid_link,0
64f99b1928f6961b,20220328_10-K_edgar_data_1845580_0001140361-22-011409.txt,0001845580,20220328,38639,,,,,,,no_valid_link,0
952291d07e2a8205,20220328_10-K_edgar_data_1848437_0001104659-22-038245.txt,0001848437,20220328,40265,,,,,,,no_valid_link,0
4e0d182430aee64a,20220328_10-K_edgar_data_1852407_0001193125-22-086875.txt,0001852407,20220328,39456,,,,,,,no_valid_link,0
f0344b68d69c0be5,20220328_10-K_edgar_data_1854458_0001558370-22-004510.txt,0001854458,20220328,nan,,,,,,,no_valid_link,0
c677ac38e763f8f2,20220329_10-K_edgar_data_1280396_0001493152-22-007971.txt,0001280396,20220329,nan,,,,,,,no_valid_link,0
ffaa07bed9de6253,20220329_10-K_edgar_data_1645155_0001493152-22-007923.txt,0001645155,20220329,38758,,,,,,,no_valid_link,0
1239f37cc14596b6,20220329_10-K_edgar_data_1763660_0001493152-22-007964.txt,0001763660,20220329,nan,,,,,,,no_valid_link,0
4ab0401d4ec8a3cf,20220329_10-K_edgar_data_1822309_0001213900-22-015656.txt,0001822309,20220329,37170,,,,,,,no_valid_link,0
1d819a8ad71fbc1d,20220329_10-K_edgar_data_1828478_0001193125-22-088243.txt,0001828478,20220329,37583,,,,,,,no_valid_link,0
b0edaf3e98badb7b,20220329_10-K_edgar_data_1832737_0001193125-22-088238.txt,0001832737,20220329,37913,,,,,,,no_valid_link,0
a6e68339ccd3665d,20220329_10-K_edgar_data_1837238_0001193125-22-087105.txt,0001837238,20220329,38021,,,,,,,no_valid_link,0
b5cc9f84b062d735,20220329_10-K_edgar_data_1837997_0001193125-22-088052.txt,0001837997,20220329,37860,,,,,,,no_valid_link,0
92747e653484073c,20220329_10-K_edgar_data_1838544_0001410578-22-000605.txt,0001838544,20220329,nan,,,,,,,no_valid_link,0
c8a2e017f9556d7b,20220329_10-K_edgar_data_1841948_0001193125-22-088180.txt,0001841948,20220329,38102,,,,,,,no_valid_link,0
23590ec3bb82b09c,20220329_10-K_edgar_data_1847241_0001104659-22-039470.txt,0001847241,20220329,nan,,,,,,,no_valid_link,0
b8990ea6d2a408d9,20220329_10-K_edgar_data_1848959_0001564590-22-012256.txt,0001848959,20220329,nan,,,,,,,no_valid_link,0
532b8aa736543bcb,20220329_10-K_edgar_data_1853070_0001140361-22-011483.txt,0001853070,20220329,nan,,,,,,,no_valid_link,0
54efcfc47fce0844,20220329_10-K_edgar_data_1856242_0001193125-22-087040.txt,0001856242,20220329,40302,,,,,,,no_valid_link,0
a3da6c93e25cf053,20220329_10-K_edgar_data_1860663_0001410578-22-000607.txt,0001860663,20220329,39599,,,,,,,no_valid_link,0
0a6516ab6892916f,20220330_10-K_edgar_data_1036848_0001213900-22-016205.txt,0001036848,20220330,nan,,,,,,,no_valid_link,0
00bb9c3afbd8f2a0,20220330_10-K_edgar_data_1087022_0001903596-22-000108.txt,0001087022,20220330,nan,,,,,,,no_valid_link,0
c43e1858a738b6a1,20220330_10-K_edgar_data_1447380_0001562762-22-000152.txt,0001447380,20220330,183964,,,,,,,no_valid_link,0
d200befd72c4ce15,20220330_10-K_edgar_data_1519177_0001829126-22-007032.txt,0001519177,20220330,37499,,,,,,,no_valid_link,0
51a2b4dcd0264cbc,20220330_10-K_edgar_data_1577445_0001493152-22-008167.txt,0001577445,20220330,38977,,,,,,,no_valid_link,0
ca201698d31a0b39,20220330_10-K_edgar_data_1662991_0001662991-22-000006.txt,0001662991,20220330,333070,,,,,,,no_valid_link,0
b92c43bb2676857d,20220330_10-K_edgar_data_1820931_0001193125-22-089986.txt,0001820931,20220330,nan,,,,,,,no_valid_link,0
0841e9cc329a4ee8,20220330_10-K_edgar_data_1823767_0001564590-22-012588.txt,0001823767,20220330,37291,,,,,,,no_valid_link,0
bc924e9de152a543,20220330_10-K_edgar_data_1827248_0001193125-22-089767.txt,0001827248,20220330,37643,,,,,,,no_valid_link,0
b937b58784f4bc76,20220330_10-K_edgar_data_1836190_0001564590-22-012368.txt,0001836190,20220330,nan,,,,,,,no_valid_link,0
462d21fa81e5701f,20220330_10-K_edgar_data_1836478_0001731122-22-000601.txt,0001836478,20220330,nan,,,,,,,no_valid_link,0
d0935fe90ac4d95c,20220330_10-K_edgar_data_1837067_0001193125-22-090030.txt,0001837067,20220330,38047,,,,,,,no_valid_link,0
abefc78534babfd6,20220330_10-K_edgar_data_1840904_0000950170-22-005013.txt,0001840904,20220330,nan,,,,,,,no_valid_link,0
9f856c256ad4c11a,20220330_10-K_edgar_data_1842384_0001213900-22-016201.txt,0001842384,20220330,38243,,,,,,,no_valid_link,0
b1fb2b06effe58fc,20220330_10-K_edgar_data_1844908_0001213900-22-016213.txt,0001844908,20220330,38130,,,,,,,no_valid_link,0
867b0cf05b4dd312,20220330_10-K_edgar_data_1850051_0001104659-22-039834.txt,0001850051,20220330,39876,,,,,,,no_valid_link,0
cc925853247d03a4,20220330_10-K_edgar_data_1865701_0001104659-22-040112.txt,0001865701,20220330,40369,,,,,,,no_valid_link,0
d691ab2c27fd28ae,20220330_10-K_edgar_data_1882198_0001213900-22-015943.txt,0001882198,20220330,40304,,,,,,,no_valid_link,0
ce8540d2e55b2a3d,20220331_10-K-A_edgar_data_890547_0000887921-22-000007.txt,0000890547,20220331,28004,,,,,,,no_valid_link,0
e40cc2fde17876a7,20220331_10-K_edgar_data_1103795_0001683168-22-002165.txt,0001103795,20220331,115411,,,,,,,no_valid_link,0
4e83d124c241af12,20220331_10-K_edgar_data_1106213_0001199835-22-000180.txt,0001106213,20220331,141006,,,,,,,no_valid_link,0
b4d37eed3ebe0d2d,20220331_10-K_edgar_data_1108630_0001062993-22-009121.txt,0001108630,20220331,135527,,,,,,,no_valid_link,0
c7dda3f9ce485c10,20220331_10-K_edgar_data_1318482_0001493152-22-008214.txt,0001318482,20220331,114881,,,,,,,no_valid_link,0
5e56e3b39d2cb6a1,20220331_10-K_edgar_data_1353538_0001628280-22-008075.txt,0001353538,20220331,39956,,,,,,,no_valid_link,0
bcd861e07ca7ac6d,20220331_10-K_edgar_data_1377149_0001387131-22-004492.txt,0001377149,20220331,160367,,,,,,,no_valid_link,0
512792581b82d940,20220331_10-K_edgar_data_1394108_0001554795-22-000132.txt,0001394108,20220331,184388,,,,,,,no_valid_link,0
9f58209b5677212e,20220331_10-K_edgar_data_1396536_0001553350-22-000281.txt,0001396536,20220331,23607,,,,,,,no_valid_link,0
d1f10a3c19b471a5,20220331_10-K_edgar_data_1397183_0001493152-22-008309.txt,0001397183,20220331,178882,,,,,,,no_valid_link,0
9c114ed7d84f2dce,20220331_10-K_edgar_data_1413754_0001493152-22-008531.txt,0001413754,20220331,184789,,,,,,,no_valid_link,0
59838c641ee5b805,20220331_10-K_edgar_data_1437283_0001214659-22-004581.txt,0001437283,20220331,181309,,,,,,,no_valid_link,0
cdabb9830faabd46,20220331_10-K_edgar_data_1439264_0001683168-22-002195.txt,0001439264,20220331,182422,,,,,,,no_valid_link,0
771e69aff676d4ef,20220331_10-K_edgar_data_1494413_0001262463-22-000043.txt,0001494413,20220331,186464,,,,,,,no_valid_link,0
b23a057d3621b0e2,20220331_10-K_edgar_data_1514056_0001493152-22-008274.txt,0001514056,20220331,26165,,,,,,,no_valid_link,0
c6a7ffa5831dca3b,20220331_10-K_edgar_data_1539894_0001539894-22-000011.txt,0001539894,20220331,186230,,,,,,,no_valid_link,0
f2afe953a9cf3ab0,20220331_10-K_edgar_data_1561880_0001493152-22-008451.txt,0001561880,20220331,22176,,,,,,,no_valid_link,0
87ee738779cd2439,20220331_10-K_edgar_data_1572565_0001493152-22-008379.txt,0001572565,20220331,nan,,,,,,,no_valid_link,0
bcebeda2db0a1309,20220331_10-K_edgar_data_1627611_0001493152-22-008422.txt,0001627611,20220331,nan,,,,,,,no_valid_link,0
202460e0cdd24e32,20220331_10-K_edgar_data_1629665_0001213900-22-016973.txt,0001629665,20220331,27680,,,,,,,no_valid_link,0
067f2d38375299f4,20220331_10-K_edgar_data_1634452_0001193125-22-091820.txt,0001634452,20220331,nan,,,,,,,no_valid_link,0
a9e8faab5434fe15,20220331_10-K_edgar_data_1645260_0001493152-22-008594.txt,0001645260,20220331,nan,,,,,,,no_valid_link,0
872aadb97f3bfe5c,20220331_10-K_edgar_data_1652561_0001493152-22-008249.txt,0001652561,20220331,30092,,,,,,,no_valid_link,0
cee309d5d2ff2537,20220331_10-K_edgar_data_1661600_0001213900-22-016757.txt,0001661600,20220331,nan,,,,,,,no_valid_link,0
a9c2a678a1cb99ac,20220331_10-K_edgar_data_1662382_0001213900-22-016981.txt,0001662382,20220331,34764,,,,,,,no_valid_link,0
38560f985d7b6b33,20220331_10-K_edgar_data_1680139_0001213900-22-016741.txt,0001680139,20220331,30587,,,,,,,no_valid_link,0
08dfaeb11bdaea92,20220331_10-K_edgar_data_1696411_0001696411-22-000004.txt,0001696411,20220331,nan,,,,,,,no_valid_link,0
f83ad6bd4b9dafc5,20220331_10-K_edgar_data_1697935_0001640334-22-000656.txt,0001697935,20220331,37205,,,,,,,no_valid_link,0
6d85681b63c1e280,20220331_10-K_edgar_data_1720286_0001214659-22-004597.txt,0001720286,20220331,nan,,,,,,,no_valid_link,0
4a973f172d33eec8,20220331_10-K_edgar_data_1741489_0001213900-22-016855.txt,0001741489,20220331,35400,,,,,,,no_valid_link,0
9b77fa47893d784e,20220331_10-K_edgar_data_1745078_0001553350-22-000284.txt,0001745078,20220331,nan,,,,,,,no_valid_link,0
ff1a29082f73e8c8,20220331_10-K_edgar_data_1781405_0001731122-22-000641.txt,0001781405,20220331,36485,,,,,,,no_valid_link,0
0a07549bdba54cf9,20220331_10-K_edgar_data_1790121_0001213900-22-016938.txt,0001790121,20220331,37477,,,,,,,no_valid_link,0
0b883d4da065aa71,20220331_10-K_edgar_data_1813793_0001663577-22-000193.txt,0001813793,20220331,nan,,,,,,,no_valid_link,0
fc10edc88d6e7625,20220331_10-K_edgar_data_1818152_0001599916-22-000100.txt,0001818152,20220331,nan,,,,,,,no_valid_link,0
d2108819c8a87b86,20220331_10-K_edgar_data_1821146_0001213900-22-016905.txt,0001821146,20220331,37161,,,,,,,no_valid_link,0
94164940b95d2a46,20220331_10-K_edgar_data_1821169_0001213900-22-016949.txt,0001821169,20220331,nan,,,,,,,no_valid_link,0
791666e733a683f6,20220331_10-K_edgar_data_1822873_0001140361-22-012212.txt,0001822873,20220331,37133,,,,,,,no_valid_link,0
b4768c66cbaa7bc5,20220331_10-K_edgar_data_1823086_0001410578-22-000761.txt,0001823086,20220331,nan,,,,,,,no_valid_link,0
73642123aaa0b325,20220331_10-K_edgar_data_1823707_0001213900-22-016690.txt,0001823707,20220331,37641,,,,,,,no_valid_link,0
2f69d6c7550717f7,20220331_10-K_edgar_data_1823896_0001193125-22-091690.txt,0001823896,20220331,37479,,,,,,,no_valid_link,0
03b0c3588437d7c7,20220331_10-K_edgar_data_1824153_0001193125-22-091756.txt,0001824153,20220331,37286,,,,,,,no_valid_link,0
9d2d6c24af21408e,20220331_10-K_edgar_data_1825254_0001410578-22-000670.txt,0001825254,20220331,37569,,,,,,,no_valid_link,0
69ed69b6d934209d,20220331_10-K_edgar_data_1825962_0001213900-22-016574.txt,0001825962,20220331,37911,,,,,,,no_valid_link,0
7b1aa4da75f1cf86,20220331_10-K_edgar_data_1826059_0001213900-22-016578.txt,0001826059,20220331,37910,,,,,,,no_valid_link,0
22eabd624978ba1e,20220331_10-K_edgar_data_1828608_0001213900-22-016799.txt,0001828608,20220331,nan,,,,,,,no_valid_link,0
db06db4410bbe097,20220331_10-K_edgar_data_1829558_0001193125-22-091842.txt,0001829558,20220331,38013,,,,,,,no_valid_link,0
1553cbd1fe072e3d,20220331_10-K_edgar_data_1829999_0001493152-22-008595.txt,0001829999,20220331,37805,,,,,,,no_valid_link,0
f0db96ed726d71c3,20220331_10-K_edgar_data_1831006_0001104659-22-041059.txt,0001831006,20220331,37902,,,,,,,no_valid_link,0
8b808c8ab9990c82,20220331_10-K_edgar_data_1831978_0001410578-22-000792.txt,0001831978,20220331,37969,,,,,,,no_valid_link,0
66dbbde9ef30aadb,20220331_10-K_edgar_data_1832765_0001410578-22-000684.txt,0001832765,20220331,37734,,,,,,,no_valid_link,0
93fb4aa3c8179ca9,20220331_10-K_edgar_data_1832950_0001140361-22-012253.txt,0001832950,20220331,37816,,,,,,,no_valid_link,0
0932eb34966d115a,20220331_10-K_edgar_data_1833498_0001213900-22-016396.txt,0001833498,20220331,349337,,,,,,,no_valid_link,0
3a1e9a3eafcf52f8,20220331_10-K_edgar_data_1834755_0001213900-22-016824.txt,0001834755,20220331,37905,,,,,,,no_valid_link,0
bb66383960bac57c,20220331_10-K_edgar_data_1835416_0001213900-22-016739.txt,0001835416,20220331,nan,,,,,,,no_valid_link,0
2d6987abffc25b3e,20220331_10-K_edgar_data_1836259_0001140361-22-012214.txt,0001836259,20220331,37970,,,,,,,no_valid_link,0
918aa7f6476ae405,20220331_10-K_edgar_data_1836337_0001564590-22-012745.txt,0001836337,20220331,37979,,,,,,,no_valid_link,0
733efb2b721bbed2,20220331_10-K_edgar_data_1836517_0001104659-22-040275.txt,0001836517,20220331,37936,,,,,,,no_valid_link,0
5fd0581c7375a350,20220331_10-K_edgar_data_1837344_0001213900-22-016367.txt,0001837344,20220331,38037,,,,,,,no_valid_link,0
027ee06c5460130e,20220331_10-K_edgar_data_1838128_0001654954-22-004328.txt,0001838128,20220331,35151,,,,,,,no_valid_link,0
f3479d6d96c50c9f,20220331_10-K_edgar_data_1838293_0001193125-22-091742.txt,0001838293,20220331,nan,,,,,,,no_valid_link,0
923c45628d08a44f,20220331_10-K_edgar_data_1838433_0001213900-22-016959.txt,0001838433,20220331,37968,,,,,,,no_valid_link,0
296b7e8b2757e7b1,20220331_10-K_edgar_data_1838814_0001193125-22-092031.txt,0001838814,20220331,39958,,,,,,,no_valid_link,0
ce5b0451d105152b,20220331_10-K_edgar_data_1839133_0001493152-22-008516.txt,0001839133,20220331,110526,,,,,,,no_valid_link,0
e6a71fc18a039028,20220331_10-K_edgar_data_1839610_0001213900-22-016337.txt,0001839610,20220331,38127,,,,,,,no_valid_link,0
5583797fc4055fea,20220331_10-K_edgar_data_1840225_0001213900-22-016847.txt,0001840225,20220331,37835,,,,,,,no_valid_link,0
8c118f0f7296ed6e,20220331_10-K_edgar_data_1841867_0001410578-22-000778.txt,0001841867,20220331,38330,,,,,,,no_valid_link,0
94e7e4ac3dd73671,20220331_10-K_edgar_data_1842223_0001104659-22-040296.txt,0001842223,20220331,38141,,,,,,,no_valid_link,0
b8bf6b804c5321bd,20220331_10-K_edgar_data_1842373_0001140361-22-012279.txt,0001842373,20220331,37956,,,,,,,no_valid_link,0
c68d33c31d1f85f7,20220331_10-K_edgar_data_1846068_0001193125-22-092027.txt,0001846068,20220331,38101,,,,,,,no_valid_link,0
2d65e63fdb989bcd,20220331_10-K_edgar_data_1846750_0001193125-22-090283.txt,0001846750,20220331,38290,,,,,,,no_valid_link,0
1335ccf4cfd2f7d6,20220331_10-K_edgar_data_1846968_0001193125-22-091887.txt,0001846968,20220331,39450,,,,,,,no_valid_link,0
7ca09d086a06ff36,20220331_10-K_edgar_data_1847152_0001564590-22-012788.txt,0001847152,20220331,38404,,,,,,,no_valid_link,0
e9935b44690ddfda,20220331_10-K_edgar_data_1848756_0001104659-22-041115.txt,0001848756,20220331,39816,,,,,,,no_valid_link,0
a9f4650d14781894,20220331_10-K_edgar_data_1848795_0001564590-22-013037.txt,0001848795,20220331,38660,,,,,,,no_valid_link,0
901b1b78d71a5baa,20220331_10-K_edgar_data_1848948_0001193125-22-091777.txt,0001848948,20220331,38241,,,,,,,no_valid_link,0
4c3fcefed111ff1f,20220331_10-K_edgar_data_1851174_0001564590-22-012951.txt,0001851174,20220331,38973,,,,,,,no_valid_link,0
be9b10f9b1fe837f,20220331_10-K_edgar_data_1853651_0001213900-22-016858.txt,0001853651,20220331,39468,,,,,,,no_valid_link,0
696640a9a5e8b688,20220331_10-K_edgar_data_1857518_0001193125-22-090959.txt,0001857518,20220331,nan,,,,,,,no_valid_link,0
7805eed87cc6e681,20220331_10-K_edgar_data_1858684_0001829126-22-007072.txt,0001858684,20220331,40258,,,,,,,no_valid_link,0
8cae0084bdb75f98,20220331_10-K_edgar_data_1861541_0001104659-22-041008.txt,0001861541,20220331,nan,,,,,,,no_valid_link,0
f114faa2d3957a97,20220331_10-K_edgar_data_1863294_0001193125-22-091916.txt,0001863294,20220331,39350,,,,,,,no_valid_link,0
5dfb243665f44505,20220331_10-K_edgar_data_1864891_0001410578-22-000675.txt,0001864891,20220331,nan,,,,,,,no_valid_link,0
3248d83a72d6a326,20220331_10-K_edgar_data_1865120_0001493152-22-008332.txt,0001865120,20220331,39466,,,,,,,no_valid_link,0
0b78c0f36f601498,20220331_10-K_edgar_data_1865191_0001731122-22-000644.txt,0001865191,20220331,39425,,,,,,,no_valid_link,0
712586c741ba1e89,20220331_10-K_edgar_data_1866838_0001213900-22-016720.txt,0001866838,20220331,39617,,,,,,,no_valid_link,0
08b62fb04eeb0c06,20220331_10-K_edgar_data_1870471_0001410578-22-000787.txt,0001870471,20220331,40259,,,,,,,no_valid_link,0
39712175bcd90a18,20220331_10-K_edgar_data_1871638_0001104659-22-041157.txt,0001871638,20220331,39454,,,,,,,no_valid_link,0
6f46ebbd1c871dca,20220331_10-K_edgar_data_1873441_0001193125-22-091446.txt,0001873441,20220331,39529,,,,,,,no_valid_link,0
b539626422b75fb2,20220331_10-K_edgar_data_1873722_0001663577-22-000190.txt,0001873722,20220331,36900,,,,,,,no_valid_link,0
d8d77b5111939d5e,20220331_10-K_edgar_data_1879814_0001104659-22-041022.txt,0001879814,20220331,39893,,,,,,,no_valid_link,0
9a72c196c76a9c04,20220331_10-K_edgar_data_1881462_0001213900-22-016738.txt,0001881462,20220331,40329,,,,,,,no_valid_link,0
7cfb9a875f2497a1,20220331_10-K_edgar_data_1883962_0001193125-22-091998.txt,0001883962,20220331,40072,,,,,,,no_valid_link,0
c5ba57d6f7ffafc0,20220331_10-K_edgar_data_1883983_0001493152-22-008257.txt,0001883983,20220331,39736,,,,,,,no_valid_link,0
a0d0e6c7609351a0,20220331_10-K_edgar_data_1888734_0001493152-22-008491.txt,0001888734,20220331,nan,,,,,,,no_valid_link,0
b4588b1a42a65a10,20220331_10-K_edgar_data_1889450_0001493152-22-008388.txt,0001889450,20220331,40498,,,,,,,no_valid_link,0
1bb4a704bd0b240c,20220331_10-K_edgar_data_1894057_0001104659-22-041141.txt,0001894057,20220331,40319,,,,,,,no_valid_link,0
f6be20174d76d414,20220331_10-K_edgar_data_34285_0001493152-22-008349.txt,0000034285,20220331,35849,,,,,,,no_valid_link,0
92c73dd973ad92e7,20220331_10-K_edgar_data_6494_0001206774-22-000942.txt,0000006494,20220331,1650,,,,,,,no_valid_link,0
9d6a3f11f967e3c8,20220331_10-K_edgar_data_83350_0001437749-22-007779.txt,0000083350,20220331,22962,,,,,,,no_valid_link,0
665a525302d06767,20220331_10-K_edgar_data_879911_0001213900-22-016299.txt,0000879911,20220331,25088,,,,,,,no_valid_link,0
17318d76284553c2,20220401_10-K_edgar_data_1335112_0001213900-22-017017.txt,0001335112,20220401,175188,,,,,,,no_valid_link,0
254226936e3b6a78,20220401_10-K_edgar_data_1614826_0001493152-22-008764.txt,0001614826,20220401,nan,,,,,,,no_valid_link,0
ee6c6f5033439804,20220401_10-K_edgar_data_1630176_0001520138-22-000131.txt,0001630176,20220401,26354,,,,,,,no_valid_link,0
3c0444c88befa027,20220401_10-K_edgar_data_1801417_0001213900-22-017118.txt,0001801417,20220401,38196,,,,,,,no_valid_link,0
bef6aff46e07a2dd,20220401_10-K_edgar_data_1807887_0001654954-22-004455.txt,0001807887,20220401,40645,,,,,,,no_valid_link,0
d88589811cf2112f,20220401_10-K_edgar_data_1821812_0001213900-22-017040.txt,0001821812,20220401,38131,,,,,,,no_valid_link,0
ac55bd17b33c935a,20220401_10-K_edgar_data_1838513_0001193125-22-092414.txt,0001838513,20220401,nan,,,,,,,no_valid_link,0
e0c3924fdf92eec5,20220401_10-K_edgar_data_1841873_0001193125-22-092371.txt,0001841873,20220401,38099,,,,,,,no_valid_link,0
0b481483ffcd531b,20220401_10-K_edgar_data_1849475_0001410578-22-000808.txt,0001849475,20220401,nan,,,,,,,no_valid_link,0
648810d9e718392e,20220401_10-K_edgar_data_1850262_0001193125-22-093842.txt,0001850262,20220401,39581,,,,,,,no_valid_link,0
c83b05e4fa654fbb,20220401_10-K_edgar_data_1856696_0001213900-22-017091.txt,0001856696,20220401,40325,,,,,,,no_valid_link,0
7321542d276829f1,20220401_10-K_edgar_data_824416_0001213900-22-017254.txt,0000824416,20220401,19253,,,,,,,no_valid_link,0
541cd49f1501e590,20220401_10-K_edgar_data_856984_0001493152-22-008634.txt,0000856984,20220401,21505,,,,,,,no_valid_link,0
19d85a90152a49ef,20220404_10-K_edgar_data_1324736_0001477932-22-001994.txt,0001324736,20220404,176278,,,,,,,no_valid_link,0
53092c3afedf983b,20220404_10-K_edgar_data_1822835_0001410578-22-000821.txt,0001822835,20220404,37057,,,,,,,no_valid_link,0
26d6ba62c895a2dd,20220405_10-K_edgar_data_1697412_0001213900-22-018001.txt,0001697412,20220405,33418,,,,,,,no_valid_link,0
28800015ed9ead0a,20220405_10-K_edgar_data_1823143_0001104659-22-042727.txt,0001823143,20220405,37821,,,,,,,no_valid_link,0
f4d93d2b5c658e96,20220405_10-K_edgar_data_1849548_0001213900-22-017945.txt,0001849548,20220405,39855,,,,,,,no_valid_link,0
f3ee69d5743a5cbb,20220406_10-K_edgar_data_1552979_0001683168-22-002406.txt,0001552979,20220406,18091,,,,,,,no_valid_link,0
b4a98c1a2df26d87,20220406_10-K_edgar_data_1624985_0001683168-22-002419.txt,0001624985,20220406,nan,,,,,,,no_valid_link,0
666e42adc0a538dc,20220408_10-K_edgar_data_1498067_0001493152-22-009403.txt,0001498067,20220408,27809,,,,,,,no_valid_link,0
3fae61dc69a84dd4,20220408_10-K_edgar_data_1580490_0001140361-22-013661.txt,0001580490,20220408,nan,,,,,,,no_valid_link,0
9ce3c169793916c9,20220408_10-K_edgar_data_1835800_0001193125-22-099237.txt,0001835800,20220408,37904,,,,,,,no_valid_link,0
44d85f1588aaf25f,20220411_10-K_edgar_data_1281984_0001493152-22-009607.txt,0001281984,20220411,163818,,,,,,,no_valid_link,0
97707db96846f343,20220411_10-K_edgar_data_1822929_0001410578-22-000855.txt,0001822929,20220411,37154,,,,,,,no_valid_link,0
d79bd37bd5f226a1,20220411_10-K_edgar_data_1841586_0001213900-22-019210.txt,0001841586,20220411,38470,,,,,,,no_valid_link,0
58e91d0493c78e20,20220411_10-K_edgar_data_1854863_0001829126-22-008021.txt,0001854863,20220411,39187,,,,,,,no_valid_link,0
c43bb5da1d96af3c,20220412_10-K-A_edgar_data_1758699_0001758699-22-000009.txt,0001758699,20220412,nan,,,,,,,no_valid_link,0
a610d8c0dd7ed72c,20220412_10-K_edgar_data_1375793_0001493152-22-009687.txt,0001375793,20220412,176893,,,,,,,no_valid_link,0
6d72014c155cd807,20220412_10-K_edgar_data_1828735_0001193125-22-103027.txt,0001828735,20220412,37337,,,,,,,no_valid_link,0
87f6fd496b9a2f2d,20220412_10-K_edgar_data_1855351_0001493152-22-009725.txt,0001855351,20220412,38880,,,,,,,no_valid_link,0
8b090cf9af946c2a,20220412_10-K_edgar_data_1857855_0001493152-22-009710.txt,0001857855,20220412,nan,,,,,,,no_valid_link,0
f3e1d8cd870b796a,20220413_10-K_edgar_data_1746278_0001213900-22-019613.txt,0001746278,20220413,37378,,,,,,,no_valid_link,0
eb50332d3d9fd476,20220413_10-K_edgar_data_1839550_0001140361-22-014279.txt,0001839550,20220413,37983,,,,,,,no_valid_link,0
6c0c972014727528,20220413_10-K_edgar_data_1852019_0001410578-22-000891.txt,0001852019,20220413,39664,,,,,,,no_valid_link,0
a2b2e5582acd8255,20220414_10-K_edgar_data_1017110_0001477932-22-002272.txt,0001017110,20220414,106781,,,,,,,no_valid_link,0
079688ee37c4e96a,20220414_10-K_edgar_data_1084475_0001493152-22-009873.txt,0001084475,20220414,29772,,,,,,,no_valid_link,0
7dfa697a24c865b1,20220414_10-K_edgar_data_1108645_0001010549-22-000106.txt,0001108645,20220414,36845,,,,,,,no_valid_link,0
ba6de5ccde114298,20220414_10-K_edgar_data_1290658_0001683168-22-002671.txt,0001290658,20220414,32331,,,,,,,no_valid_link,0
ba5c000a12f36461,20220414_10-K_edgar_data_1648903_0001477932-22-002319.txt,0001648903,20220414,nan,,,,,,,no_valid_link,0
a27de3f2cdd2a1ee,20220414_10-K_edgar_data_1659183_0001477932-22-002301.txt,0001659183,20220414,33319,,,,,,,no_valid_link,0
e1b0da87bfbde9a4,20220414_10-K_edgar_data_1661039_0001654954-22-004988.txt,0001661039,20220414,147891,,,,,,,no_valid_link,0
b8d9f253acfed123,20220414_10-K_edgar_data_1784970_0001477932-22-002322.txt,0001784970,20220414,36383,,,,,,,no_valid_link,0
f47582c242d8e618,20220414_10-K_edgar_data_1843862_0001193125-22-104665.txt,0001843862,20220414,38490,,,,,,,no_valid_link,0
83e363135b75f17f,20220414_10-K_edgar_data_1844135_0001193125-22-104674.txt,0001844135,20220414,38194,,,,,,,no_valid_link,0
6fb7e6ae712a2e1b,20220414_10-K_edgar_data_1844363_0001193125-22-105343.txt,0001844363,20220414,38049,,,,,,,no_valid_link,0
cad0f878e24885f3,20220414_10-K_edgar_data_1853112_0001493152-22-009943.txt,0001853112,20220414,nan,,,,,,,no_valid_link,0
814c5372faa628f2,20220414_10-K_edgar_data_1855751_0001493152-22-009937.txt,0001855751,20220414,39178,,,,,,,no_valid_link,0
35bacab344aca35b,20220414_10-K_edgar_data_1867757_0001410578-22-000897.txt,0001867757,20220414,39735,,,,,,,no_valid_link,0
bfb43c48d431bfff,20220414_10-K_edgar_data_743758_0001065949-22-000043.txt,0000743758,20220414,112544,,,,,,,no_valid_link,0
ddc824f7103408f3,20220414_10-K_edgar_data_943535_0001493152-22-009921.txt,0000943535,20220414,36430,,,,,,,no_valid_link,0
ca900796daacf031,20220415_10-K-A_edgar_data_1014763_0001654954-22-005040.txt,0001014763,20220415,63446,,,,,,,no_valid_link,0
2712ca5d1062041b,20220415_10-K-A_edgar_data_1832765_0001410578-22-000945.txt,0001832765,20220415,37734,,,,,,,no_valid_link,0
f67f1411307899c4,20220415_10-K_edgar_data_1049011_0001493152-22-010101.txt,0001049011,20220415,109846,,,,,,,no_valid_link,0
dd0353eadf11dc5b,20220415_10-K_edgar_data_1064722_0001493152-22-010033.txt,0001064722,20220415,66589,,,,,,,no_valid_link,0
d3359e7c1eb91f89,20220415_10-K_edgar_data_1081938_0001683168-22-002703.txt,0001081938,20220415,23490,,,,,,,no_valid_link,0
a72f03180b397b18,20220415_10-K_edgar_data_1089815_0001140361-22-014709.txt,0001089815,20220415,124395,,,,,,,no_valid_link,0
1941eb4a13855447,20220415_10-K_edgar_data_1165639_0001199835-22-000231.txt,0001165639,20220415,185941,,,,,,,no_valid_link,0
75cc3575033d5590,20220415_10-K_edgar_data_1171326_0001213900-22-020109.txt,0001171326,20220415,151607,,,,,,,no_valid_link,0
44dc15f4da4a7076,20220415_10-K_edgar_data_1261379_0001213900-22-020043.txt,0001261379,20220415,nan,,,,,,,no_valid_link,0
5008c6a7657ddb05,20220415_10-K_edgar_data_1307624_0001262463-22-000054.txt,0001307624,20220415,163571,,,,,,,no_valid_link,0
fa5521e6bb5fe192,20220415_10-K_edgar_data_1389122_0001213900-22-020043.txt,0001389122,20220415,nan,,,,,,,no_valid_link,0
ea2e1c882f149b9e,20220415_10-K_edgar_data_1389123_0001213900-22-020043.txt,0001389123,20220415,nan,,,,,,,no_valid_link,0
8ce3c26c5d69dd3c,20220415_10-K_edgar_data_1389124_0001213900-22-020043.txt,0001389124,20220415,nan,,,,,,,no_valid_link,0
d11b87fb025cc804,20220415_10-K_edgar_data_1389125_0001213900-22-020043.txt,0001389125,20220415,nan,,,,,,,no_valid_link,0
195b7976edbd66fa,20220415_10-K_edgar_data_1389128_0001213900-22-020043.txt,0001389128,20220415,nan,,,,,,,no_valid_link,0
0d673270780b0b8b,20220415_10-K_edgar_data_1414043_0001199835-22-000226.txt,0001414043,20220415,179182,,,,,,,no_valid_link,0
4f9ae98eaf8a15c7,20220415_10-K_edgar_data_1450720_0001213900-22-020043.txt,0001450720,20220415,nan,,,,,,,no_valid_link,0
1725dae5f11c85bd,20220415_10-K_edgar_data_1450722_0001213900-22-020043.txt,0001450722,20220415,nan,,,,,,,no_valid_link,0
ec654c514506e3e3,20220415_10-K_edgar_data_1510247_0001493152-22-010127.txt,0001510247,20220415,14865,,,,,,,no_valid_link,0
9c40f6e39444742d,20220415_10-K_edgar_data_1527702_0001663577-22-000244.txt,0001527702,20220415,34070,,,,,,,no_valid_link,0
33963aefd49e6289,20220415_10-K_edgar_data_1541884_0001493152-22-010011.txt,0001541884,20220415,33017,,,,,,,no_valid_link,0
61ae1182749b1970,20220415_10-K_edgar_data_1586495_0001683168-22-002694.txt,0001586495,20220415,nan,,,,,,,no_valid_link,0
dfc1c2bebcc3bd8c,20220415_10-K_edgar_data_1706509_0001640334-22-000801.txt,0001706509,20220415,33183,,,,,,,no_valid_link,0
ab0b4c30d253de92,20220415_10-K_edgar_data_1824119_0001140361-22-014760.txt,0001824119,20220415,37339,,,,,,,no_valid_link,0
260f4e47bb36e84d,20220415_10-K_edgar_data_1832351_0001193125-22-106571.txt,0001832351,20220415,37843,,,,,,,no_valid_link,0
f975a62d218b0eeb,20220415_10-K_edgar_data_1836100_0001493152-22-010114.txt,0001836100,20220415,37859,,,,,,,no_valid_link,0
f9cf21282e3a7135,20220415_10-K_edgar_data_1837393_0001193125-22-106792.txt,0001837393,20220415,38097,,,,,,,no_valid_link,0
398e432589a9cec0,20220415_10-K_edgar_data_1840161_0001213900-22-019907.txt,0001840161,20220415,38140,,,,,,,no_valid_link,0
fb8205ea552fcc5a,20220415_10-K_edgar_data_1848165_0001104659-22-046512.txt,0001848165,20220415,38871,,,,,,,no_valid_link,0
dc2f2558037a9465,20220415_10-K_edgar_data_1851625_0001213900-22-019905.txt,0001851625,20220415,39582,,,,,,,no_valid_link,0
de62b41e35de1f13,20220415_10-K_edgar_data_1854463_0001493152-22-010121.txt,0001854463,20220415,39458,,,,,,,no_valid_link,0
7bcc214bbace4343,20220415_10-K_edgar_data_1884164_0001096906-22-000873.txt,0001884164,20220415,16512,,,,,,,no_valid_link,0
94c75259e5cbd20a,20220415_10-K_edgar_data_356590_0001493152-22-010063.txt,0000356590,20220415,12807,,,,,,,no_valid_link,0
a8e1d0d663dfef14,20220415_10-K_edgar_data_829325_0001829126-22-008282.txt,0000829325,20220415,63752,,,,,,,no_valid_link,0
4d8e5120529deeeb,20220415_10-K_edgar_data_835662_0001493152-22-010029.txt,0000835662,20220415,33136,,,,,,,no_valid_link,0
7a91efe1ba0f5832,20220415_10-K_edgar_data_866439_0001683168-22-002722.txt,0000866439,20220415,33858,,,,,,,no_valid_link,0
98ad04516e43db8e,20220415_10-K_edgar_data_908259_0001493152-22-010094.txt,0000908259,20220415,35138,,,,,,,no_valid_link,0
b4bab7d2e7da99d9,20220418_10-K-A_edgar_data_1106213_0001199835-22-000237.txt,0001106213,20220418,141006,,,,,,,no_valid_link,0
892a005052d654c9,20220418_10-K_edgar_data_1485029_0001096906-22-000890.txt,0001485029,20220418,177615,,,,,,,no_valid_link,0
9ad3ecc4254fe485,20220419_10-K_edgar_data_1601280_0001079973-22-000448.txt,0001601280,20220419,152710,,,,,,,no_valid_link,0
0a0e1720aea63846,20220421_10-K_edgar_data_1836274_0001410578-22-000983.txt,0001836274,20220421,38071,,,,,,,no_valid_link,0
36e75c5acc565c99,20220421_10-K_edgar_data_1838000_0001213900-22-020932.txt,0001838000,20220421,38337,,,,,,,no_valid_link,0
3746ce8c875376d6,20220421_10-K_edgar_data_1848861_0001564590-22-015048.txt,0001848861,20220421,40294,,,,,,,no_valid_link,0
f068e80090476843,20220421_10-K_edgar_data_1855168_0001213900-22-020959.txt,0001855168,20220421,39214,,,,,,,no_valid_link,0
451151dd76ff2cc0,20220422_10-K-A_edgar_data_1414043_0001199835-22-000250.txt,0001414043,20220422,179182,,,,,,,no_valid_link,0
cdd18e2be5f497b2,20220422_10-K_edgar_data_1850502_0001140361-22-015609.txt,0001850502,20220422,39431,,,,,,,no_valid_link,0
bf17b80f53d487d6,20220426_10-K-A_edgar_data_1165639_0001199835-22-000255.txt,0001165639,20220426,185941,,,,,,,no_valid_link,0
cbbabd997ca096ce,20220429_10-K-A_edgar_data_933972_0001654954-22-005598.txt,0000933972,20220429,62819,,,,,,,no_valid_link,0
05343afca185f6e3,20220429_10-K_edgar_data_1358633_0001731122-22-000776.txt,0001358633,20220429,185663,,,,,,,no_valid_link,0
a1fe2d29264f8ed5,20220510_10-K_edgar_data_1730869_0001477932-22-003122.txt,0001730869,20220510,36314,,,,,,,no_valid_link,0
845d1ad1a5da6729,20220517_10-K_edgar_data_1549631_0001493152-22-014186.txt,0001549631,20220517,32242,,,,,,,no_valid_link,0
69250311b0eb1e8a,20220524_10-K_edgar_data_1824211_0001193125-22-157681.txt,0001824211,20220524,37993,,,,,,,no_valid_link,0
4e2e7249564ac0ca,20220527_10-K_edgar_data_1498148_0001161697-22-000270.txt,0001498148,20220527,34036,,,,,,,no_valid_link,0
7a53f922b94554c9,20220531_10-K-A_edgar_data_1498148_0001161697-22-000273.txt,0001498148,20220531,34036,,,,,,,no_valid_link,0
d33c92299d0cf940,20220609_10-K_edgar_data_1508381_0001410578-22-001865.txt,0001508381,20220609,23255,,,,,,,no_valid_link,0
f18275edbea5fcfc,20220614_10-K_edgar_data_1697412_0001213900-22-032605.txt,0001697412,20220614,33418,,,,,,,no_valid_link,0
459cff7ba84df9c1,20220615_10-K-A_edgar_data_1807887_0001654954-22-008388.txt,0001807887,20220615,40645,,,,,,,no_valid_link,0
20ab4e2bf53c08c2,20220615_10-K_edgar_data_1609988_0001477932-22-004392.txt,0001609988,20220615,34944,,,,,,,no_valid_link,0
d284f8f6f8fe332f,20220623_10-K_edgar_data_1686400_0001437749-22-015762.txt,0001686400,20220623,nan,,,,,,,no_valid_link,0
94f9da846cd444bd,20220624_10-K-A_edgar_data_1089815_0001140361-22-023989.txt,0001089815,20220624,124395,,,,,,,no_valid_link,0
798820ecfc90f441,20220629_10-K_edgar_data_1438461_0001640334-22-001390.txt,0001438461,20220629,22371,,,,,,,no_valid_link,0
555a2875d74e7434,20220629_10-K_edgar_data_1740797_0001740797-22-000007.txt,0001740797,20220629,35156,,,,,,,no_valid_link,0
31ff6462ebc55a09,20220630_10-K_edgar_data_1165320_0001437749-22-016285.txt,0001165320,20220630,157774,,,,,,,no_valid_link,0
95f440ed03e93847,20220712_10-K_edgar_data_1635136_0001493152-22-019073.txt,0001635136,20220712,30081,,,,,,,no_valid_link,0
154da44da1e53852,20220713_10-K-A_edgar_data_1848097_0001575705-22-000499.txt,0001848097,20220713,38803,,,,,,,no_valid_link,0
d6cc61c529f37715,20220715_10-K-A_edgar_data_1822792_0001213900-22-039443.txt,0001822792,20220715,nan,,,,,,,no_valid_link,0
7f298bf9ec59ee37,20220805_10-K-A_edgar_data_1650739_0001477932-22-005674.txt,0001650739,20220805,nan,,,,,,,no_valid_link,0
fdd0b8988391b48c,20220810_10-K-A_edgar_data_1822792_0001213900-22-046324.txt,0001822792,20220810,nan,,,,,,,no_valid_link,0
6c36ee128bcd8dee,20220810_10-K_edgar_data_1415813_0001683168-22-005490.txt,0001415813,20220810,1550,,,,,,,no_valid_link,0
f1aa0583b90be621,20220826_10-K_edgar_data_1318268_0001493152-22-024166.txt,0001318268,20220826,161794,,,,,,,no_valid_link,0
d48cbb4dd1abf09d,20220830_10-K-A_edgar_data_829325_0001829126-22-016311.txt,0000829325,20220830,63752,,,,,,,no_valid_link,0
e9c9bac01c818119,20220906_10-K_edgar_data_1512228_0001539497-22-001510.txt,0001512228,20220906,107150,,,,,,,no_valid_link,0
84789db5c5d63fcf,20220906_10-K_edgar_data_1676163_0001213900-22-054262.txt,0001676163,20220906,33773,,,,,,,no_valid_link,0
104ce820ae9d17d8,20220909_10-K_edgar_data_1776932_0001829126-22-016532.txt,0001776932,20220909,33582,,,,,,,no_valid_link,0
18745615a725ea70,20220913_10-K-A_edgar_data_1681769_0001520138-22-000421.txt,0001681769,20220913,28242,,,,,,,no_valid_link,0
4f1802f606d3720f,20220913_10-K_edgar_data_1126115_0001213900-22-055586.txt,0001126115,20220913,16494,,,,,,,no_valid_link,0
05b49433a407dfeb,20220914_10-K_edgar_data_1609139_0001554795-22-000341.txt,0001609139,20220914,nan,,,,,,,no_valid_link,0
b98184be738fb31b,20220923_10-K_edgar_data_1584693_0001493152-22-026689.txt,0001584693,20220923,21759,,,,,,,no_valid_link,0
b48b3959a5267af8,20220926_10-K-A_edgar_data_1650739_0001477932-22-007186.txt,0001650739,20220926,nan,,,,,,,no_valid_link,0
f581caec1509a41f,20220927_10-K_edgar_data_1856689_0001410578-22-002814.txt,0001856689,20220927,39722,,,,,,,no_valid_link,0
0f16f0db3fe86717,20220928_10-K-A_edgar_data_1822792_0001213900-22-059761.txt,0001822792,20220928,nan,,,,,,,no_valid_link,0
e4a8a41bf40ae667,20220928_10-K_edgar_data_1121795_0001553350-22-000798.txt,0001121795,20220928,180912,,,,,,,no_valid_link,0
edc6ab487d1a4d7c,20220928_10-K_edgar_data_1828805_0001213900-22-059543.txt,0001828805,20220928,41441,,,,,,,no_valid_link,0
7feac45f802261e4,20220930_10-K_edgar_data_1822792_0001213900-22-060673.txt,0001822792,20220930,nan,,,,,,,no_valid_link,0
b2bafa5431ac3d5a,20221011_10-K_edgar_data_1594114_0001520138-22-000452.txt,0001594114,20221011,nan,,,,,,,no_valid_link,0
88a83f2dac25d266,20221012_10-K-A_edgar_data_1681769_0001520138-22-000455.txt,0001681769,20221012,28242,,,,,,,no_valid_link,0
bec023ca1eb5587f,20221013_10-K_edgar_data_1331612_0001477932-22-007620.txt,0001331612,20221013,177335,,,,,,,no_valid_link,0
bfacb377a50d13b8,20221013_10-K_edgar_data_1368275_0001062993-22-020762.txt,0001368275,20221013,nan,,,,,,,no_valid_link,0
7d5c167cfd3dfdd1,20221013_10-K_edgar_data_1481504_0001477932-22-007622.txt,0001481504,20221013,36803,,,,,,,no_valid_link,0
a08fe6f2e3588e1d,20221013_10-K_edgar_data_1683252_0001213900-22-063699.txt,0001683252,20221013,35039,,,,,,,no_valid_link,0
3aedc7a2844a81ac,20221013_10-K_edgar_data_1832161_0001393905-22-000412.txt,0001832161,20221013,39330,,,,,,,no_valid_link,0
93d4c16ef7230b28,20221013_10-K_edgar_data_1865468_0001493152-22-028332.txt,0001865468,20221013,39513,,,,,,,no_valid_link,0
ae964507c8718858,20221024_10-K-A_edgar_data_356590_0001493152-22-029379.txt,0000356590,20221024,12807,,,,,,,no_valid_link,0
14e53dd26efd7acf,20221031_10-K_edgar_data_1098009_0001185185-22-001238.txt,0001098009,20221031,19317,,,,,,,no_valid_link,0
d35787369bc048df,20221031_10-K_edgar_data_1342792_0001683168-22-007155.txt,0001342792,20221031,66635,,,,,,,no_valid_link,0
fe8460cbbe718c4b,20221031_10-K_edgar_data_1885849_0001885849-22-000015.txt,0001885849,20221031,nan,,,,,,,no_valid_link,0
382a164a0acfbc63,20221101_10-K_edgar_data_725394_0001683168-22-007171.txt,0000725394,20221101,40541,,,,,,,no_valid_link,0
4b58160847db6d0a,20221103_10-K-A_edgar_data_1845942_0001731122-22-001836.txt,0001845942,20221103,nan,,,,,,,no_valid_link,0
5794b045af8e6502,20221104_10-K_edgar_data_1676163_0001213900-22-069119.txt,0001676163,20221104,33773,,,,,,,no_valid_link,0
4fe968c5e31a675d,20221107_10-K_edgar_data_1440153_0001096906-22-002650.txt,0001440153,20221107,182395,,,,,,,no_valid_link,0
b4800cf642e5b2c9,20221114_10-K_edgar_data_1482554_0001493152-22-031843.txt,0001482554,20221114,194557,,,,,,,no_valid_link,0
dcaecf27f7ea2598,20221123_10-K_edgar_data_1680132_0001393905-22-000475.txt,0001680132,20221123,nan,,,,,,,no_valid_link,0
d06056ef530621cb,20221128_10-K_edgar_data_1429393_0001477932-22-008922.txt,0001429393,20221128,187350,,,,,,,no_valid_link,0
f4cb3866f3d4dd5b,20221129_10-K_edgar_data_1127475_0001185185-22-001360.txt,0001127475,20221129,152686,,,,,,,no_valid_link,0
0418184935360e61,20221130_10-K-A_edgar_data_1429393_0001477932-22-008950.txt,0001429393,20221130,187350,,,,,,,no_valid_link,0
cd9d624953403875,20221130_10-K_edgar_data_1343009_0001683168-22-008095.txt,0001343009,20221130,187166,,,,,,,no_valid_link,0
76f114c4b2d02381,20221205_10-K-A_edgar_data_1888734_0001493152-22-034383.txt,0001888734,20221205,nan,,,,,,,no_valid_link,0
e445bd146e04fd3c,20221207_10-K_edgar_data_1882078_0001213900-22-078029.txt,0001882078,20221207,nan,,,,,,,no_valid_link,0
10bead7fd5be9e63,20221208_10-K_edgar_data_1605331_0001663577-22-000689.txt,0001605331,20221208,24672,,,,,,,no_valid_link,0
475469c14aeed6cf,20221209_10-K-A_edgar_data_1865120_0001493152-22-035013.txt,0001865120,20221209,39466,,,,,,,no_valid_link,0
440e9cb9cceab883,20221209_10-K_edgar_data_1829311_0001683168-22-008295.txt,0001829311,20221209,66009,,,,,,,no_valid_link,0
aca6162b5d6168f9,20221214_10-K_edgar_data_1744179_0001744179-22-000017.txt,0001744179,20221214,nan,,,,,,,no_valid_link,0
2641f5598b88c730,20221215_10-K-A_edgar_data_1828377_0001558370-22-018732.txt,0001828377,20221215,37662,,,,,,,no_valid_link,0
2e88c717f7120d8f,20221228_10-K-A_edgar_data_1353538_0001628280-22-032630.txt,0001353538,20221228,39956,,,,,,,no_valid_link,0
3f2a70a9798a810b,20221229_10-K_edgar_data_1362703_0001493152-22-036824.txt,0001362703,20221229,26097,,,,,,,no_valid_link,0
c91ad5a382e5d83f,20221229_10-K_edgar_data_1853314_0001213900-22-083609.txt,0001853314,20221229,nan,,,,,,,no_valid_link,0
488a04ebcdec4ca2,20230104_10-K-A_edgar_data_1889450_0001493152-23-000281.txt,0001889450,20230104,40498,,,,,,,no_valid_link,0
0f5546b60af9cc9f,20230110_10-K_edgar_data_1039466_0001185185-23-000020.txt,0001039466,20230110,113822,,,,,,,no_valid_link,0
df2fac0909a97ef3,20230113_10-K_edgar_data_1383394_0001393905-23-000016.txt,0001383394,20230113,nan,,,,,,,no_valid_link,0
37d84a2a8d468d37,20230113_10-K_edgar_data_1394638_0001731122-23-000046.txt,0001394638,20230113,185210,,,,,,,no_valid_link,0
e51825f9b1048aae,20230118_10-K-A_edgar_data_1650739_0001477932-23-000380.txt,0001650739,20230118,nan,,,,,,,no_valid_link,0
acecbd6e3414755b,20230124_10-K_edgar_data_1824884_0001213900-23-004580.txt,0001824884,20230124,nan,,,,,,,no_valid_link,0
a11afbbaefe3747a,20230201_10-K-A_edgar_data_1017110_0001575872-23-000192.txt,0001017110,20230201,106781,,,,,,,no_valid_link,0
e4cff270c4dda89d,20230201_10-K_edgar_data_29915_0001751788-23-000014.txt,0000029915,20230201,nan,,,,,,,no_valid_link,0
bcc675211baa485b,20230208_10-K_edgar_data_1865975_0000950170-23-002197.txt,0001865975,20230208,39188,,,,,,,no_valid_link,0
f6887734c7015a5e,20230210_10-K_edgar_data_1000229_0000950170-23-002412.txt,0001000229,20230210,nan,,,,,,,no_valid_link,0
c06a953c0c8a2fdd,20230210_10-K_edgar_data_1109448_0001109448-23-000013.txt,0001109448,20230210,nan,,,,,,,no_valid_link,0
bef8c266f12f1f93,20230213_10-K_edgar_data_1946021_0001929980-23-000010.txt,0001946021,20230213,20342,,,,,,,no_valid_link,0
a6a4149ed3de7469,20230214_10-K_edgar_data_310522_0000310522-23-000184.txt,0000310522,20230214,4601,,,,,,,no_valid_link,0
cc35f201f885d9f6,20230214_10-K_edgar_data_808362_0000808362-23-000010.txt,0000808362,20230214,1976,,,,,,,no_valid_link,0
57fd982b8c766c7c,20230215_10-K_edgar_data_1830503_0001477932-23-001035.txt,0001830503,20230215,36774,,,,,,,no_valid_link,0
c6f3dd12abc88062,20230216_10-K_edgar_data_1828748_0001493152-23-005271.txt,0001828748,20230216,41165,,,,,,,no_valid_link,0
b789817abbe7e0f8,20230216_10-K_edgar_data_813828_0000813828-23-000005.txt,0000813828,20230216,nan,,,,,,,no_valid_link,0
d26bccb7ed920737,20230221_10-K_edgar_data_1060386_0000790816-23-000013.txt,0001060386,20230221,nan,,,,,,,no_valid_link,0
f88a2492ae30a45f,20230221_10-K_edgar_data_1879814_0001104659-23-023530.txt,0001879814,20230221,39893,,,,,,,no_valid_link,0
a4a80765f78bac82,20230221_10-K_edgar_data_83246_0000083246-23-000004.txt,0000083246,20230221,9061,,,,,,,no_valid_link,0
52e1b8bc116e4d46,20230223_10-K_edgar_data_108772_0001770450-23-000011.txt,0000108772,20230223,nan,,,,,,,no_valid_link,0
4a70b3378ad433bf,20230223_10-K_edgar_data_1836478_0001731122-23-000260.txt,0001836478,20230223,nan,,,,,,,no_valid_link,0
4c670973823821c0,20230223_10-K_edgar_data_68622_0000068622-23-000006.txt,0000068622,20230223,148998,,,,,,,no_valid_link,0
1afefd9ec15918a0,20230223_10-K_edgar_data_794323_0000794323-23-000004.txt,0000794323,20230223,13440,,,,,,,no_valid_link,0
38326d92c66cae20,20230224_10-K_edgar_data_1077771_0001077771-23-000012.txt,0001077771,20230224,nan,,,,,,,no_valid_link,0
6703c292e5bf4b3a,20230224_10-K_edgar_data_1364742_0000950170-23-004343.txt,0001364742,20230224,nan,,,,,,,no_valid_link,0
4f84ec20166fdc07,20230224_10-K_edgar_data_1854461_0001410578-23-000158.txt,0001854461,20230224,39478,,,,,,,no_valid_link,0
68fa19b7c0ef8a9b,20230227_10-K_edgar_data_1494877_0001558370-23-002087.txt,0001494877,20230227,nan,,,,,,,no_valid_link,0
114f446f58b93688,20230227_10-K_edgar_data_1758699_0001758699-23-000004.txt,0001758699,20230227,nan,,,,,,,no_valid_link,0
ce41095485759972,20230227_10-K_edgar_data_1820878_0000950170-23-004699.txt,0001820878,20230227,nan,,,,,,,no_valid_link,0
2654dfde5238db90,20230227_10-K_edgar_data_1851959_0001410578-23-000173.txt,0001851959,20230227,39433,,,,,,,no_valid_link,0
611da92ef43e50c2,20230227_10-K_edgar_data_1853070_0001140361-23-008650.txt,0001853070,20230227,nan,,,,,,,no_valid_link,0
22575c0e44e1e958,20230227_10-K_edgar_data_46207_0000354707-23-000032.txt,0000046207,20230227,5525,,,,,,,no_valid_link,0
98cc7bd7dd4775be,20230228_10-K_edgar_data_1293282_0000950170-23-005071.txt,0001293282,20230228,nan,,,,,,,no_valid_link,0
d813d4a87b3f601e,20230228_10-K_edgar_data_1318742_0001558370-23-002381.txt,0001318742,20230228,nan,,,,,,,no_valid_link,0
2c86ad870dc9abca,20230228_10-K_edgar_data_1381507_0001381507-23-000012.txt,0001381507,20230228,nan,,,,,,,no_valid_link,0
7936f494aa70f242,20230228_10-K_edgar_data_1662991_0001662991-23-000009.txt,0001662991,20230228,333070,,,,,,,no_valid_link,0
91be7531b9097bea,20230301_10-K_edgar_data_1108134_0001108134-23-000006.txt,0001108134,20230301,74571,,,,,,,no_valid_link,0
189c13d806e3606c,20230301_10-K_edgar_data_912752_0000912752-23-000010.txt,0000912752,20230301,nan,,,,,,,no_valid_link,0
901b5af9ef1140c4,20230301_10-K_edgar_data_926660_0000950170-23-005259.txt,0000926660,20230301,nan,,,,,,,no_valid_link,0
4ec642f3967315a1,20230303_10-K_edgar_data_1845013_0001193125-23-060212.txt,0001845013,20230303,38557,,,,,,,no_valid_link,0
61028926ffc0a19f,20230303_10-K_edgar_data_811830_0000811830-23-000005.txt,0000811830,20230303,17130,,,,,,,no_valid_link,0
f8c4e1c984d8379e,20230307_10-K_edgar_data_1869601_0001193125-23-062939.txt,0001869601,20230307,39576,,,,,,,no_valid_link,0
b5398ea30a35b809,20230307_10-K_edgar_data_726865_0000726865-23-000180.txt,0000726865,20230307,nan,,,,,,,no_valid_link,0
15ab4fc8f9aa7c71,20230307_10-K_edgar_data_847942_0001493152-23-006924.txt,0000847942,20230307,23369,,,,,,,no_valid_link,0
1df1417753b8c816,20230309_10-K_edgar_data_1678038_0001888524-23-002943.txt,0001678038,20230309,nan,,,,,,,no_valid_link,0
0b38f23490cc5d9c,20230310_10-K_edgar_data_1114927_0001140361-23-011153.txt,0001114927,20230310,62365,,,,,,,no_valid_link,0
9a434cc4db32d86e,20230310_10-K_edgar_data_1574219_0001888524-23-002985.txt,0001574219,20230310,nan,,,,,,,no_valid_link,0
2d5bfa7c80983a3a,20230310_10-K_edgar_data_1665081_0001888524-23-002979.txt,0001665081,20230310,nan,,,,,,,no_valid_link,0
6848267c2674a1bb,20230310_10-K_edgar_data_1687031_0001888524-23-002971.txt,0001687031,20230310,nan,,,,,,,no_valid_link,0
d14eeec539cd33c7,20230310_10-K_edgar_data_1698022_0001437749-23-006153.txt,0001698022,20230310,121975,,,,,,,no_valid_link,0
26ea444a33ae0fbb,20230310_10-K_edgar_data_1698685_0001888524-23-002963.txt,0001698685,20230310,nan,,,,,,,no_valid_link,0
4561dd3afc06f891,20230310_10-K_edgar_data_1716187_0001888524-23-002959.txt,0001716187,20230310,nan,,,,,,,no_valid_link,0
4820075fcaefa99d,20230310_10-K_edgar_data_1846750_0001193125-23-066414.txt,0001846750,20230310,38290,,,,,,,no_valid_link,0
748e3be17ea6df0d,20230313_10-K_edgar_data_1569455_0001888524-23-003076.txt,0001569455,20230313,nan,,,,,,,no_valid_link,0
9f3ce1c030cf2895,20230313_10-K_edgar_data_1644943_0001888524-23-003068.txt,0001644943,20230313,nan,,,,,,,no_valid_link,0
6949fb7bd2f8cf5e,20230313_10-K_edgar_data_1666156_0001888524-23-003059.txt,0001666156,20230313,nan,,,,,,,no_valid_link,0
47460faa4c97ae19,20230313_10-K_edgar_data_1686150_0001888524-23-003102.txt,0001686150,20230313,nan,,,,,,,no_valid_link,0
6f5c1a2feb844179,20230313_10-K_edgar_data_1696707_0001888524-23-003116.txt,0001696707,20230313,nan,,,,,,,no_valid_link,0
ad86cb0bbb5ef73d,20230314_10-K_edgar_data_1609671_0001888524-23-003141.txt,0001609671,20230314,nan,,,,,,,no_valid_link,0
9561edf266a01c68,20230314_10-K_edgar_data_1683489_0001888524-23-003197.txt,0001683489,20230314,nan,,,,,,,no_valid_link,0
616107ddf442e0e5,20230314_10-K_edgar_data_1699462_0001888524-23-003144.txt,0001699462,20230314,nan,,,,,,,no_valid_link,0
bf245b7341e3643a,20230314_10-K_edgar_data_1780859_0001888524-23-003223.txt,0001780859,20230314,nan,,,,,,,no_valid_link,0
8ce3df7ee9ccf9a7,20230314_10-K_edgar_data_1786008_0001888524-23-003207.txt,0001786008,20230314,nan,,,,,,,no_valid_link,0
82663ecd90349978,20230314_10-K_edgar_data_1812604_0001888524-23-003184.txt,0001812604,20230314,nan,,,,,,,no_valid_link,0
13007ef9912bdeb7,20230314_10-K_edgar_data_1841209_0001829126-23-002018.txt,0001841209,20230314,38992,,,,,,,no_valid_link,0
b89a97a71a405d35,20230314_10-K_edgar_data_1844998_0001888524-23-003188.txt,0001844998,20230314,nan,,,,,,,no_valid_link,0
80806fd2a2cf89cb,20230315_10-K_edgar_data_1342219_0001683168-23-001513.txt,0001342219,20230315,175221,,,,,,,no_valid_link,0
2854c7665eaf0e32,20230315_10-K_edgar_data_1634172_0001888524-23-003309.txt,0001634172,20230315,nan,,,,,,,no_valid_link,0
bd86964194998405,20230315_10-K_edgar_data_1647980_0001888524-23-003268.txt,0001647980,20230315,nan,,,,,,,no_valid_link,0
ab164828820f321c,20230315_10-K_edgar_data_1689111_0001888524-23-003313.txt,0001689111,20230315,nan,,,,,,,no_valid_link,0
8f67c5c273995d67,20230315_10-K_edgar_data_1699099_0001888524-23-003276.txt,0001699099,20230315,nan,,,,,,,no_valid_link,0
d8847891f26da192,20230315_10-K_edgar_data_1753373_0001753373-23-000006.txt,0001753373,20230315,39394,,,,,,,no_valid_link,0
a6cef48abc3cc785,20230315_10-K_edgar_data_1776721_0001888524-23-003323.txt,0001776721,20230315,nan,,,,,,,no_valid_link,0
4a8d9007a9a731ca,20230315_10-K_edgar_data_1792905_0001888524-23-003232.txt,0001792905,20230315,nan,,,,,,,no_valid_link,0
082ec7181c6e7dbf,20230315_10-K_edgar_data_1803702_0001888524-23-003253.txt,0001803702,20230315,nan,,,,,,,no_valid_link,0
70e3ba7940acd4fd,20230315_10-K_edgar_data_1827183_0001888524-23-003244.txt,0001827183,20230315,nan,,,,,,,no_valid_link,0
236c2b0104b4a197,20230315_10-K_edgar_data_1832874_0001888524-23-003282.txt,0001832874,20230315,nan,,,,,,,no_valid_link,0
debf2102a2e66f6a,20230315_10-K_edgar_data_1840121_0001888524-23-003358.txt,0001840121,20230315,nan,,,,,,,no_valid_link,0
63b6dce49c80db1b,20230315_10-K_edgar_data_1926900_0001888524-23-003311.txt,0001926900,20230315,nan,,,,,,,no_valid_link,0
8b9e0b29e817136d,20230315_10-K_edgar_data_1937096_0001888524-23-003332.txt,0001937096,20230315,nan,,,,,,,no_valid_link,0
34e6f8a6d5293f67,20230316_10-K_edgar_data_1639353_0001888524-23-003383.txt,0001639353,20230316,nan,,,,,,,no_valid_link,0
1a6e5e597842b58e,20230316_10-K_edgar_data_1659329_0001888524-23-003365.txt,0001659329,20230316,nan,,,,,,,no_valid_link,0
8fba63dfacc34243,20230316_10-K_edgar_data_1691198_0001888524-23-003385.txt,0001691198,20230316,nan,,,,,,,no_valid_link,0
4b3cc2d681380de3,20230316_10-K_edgar_data_1707817_0001888524-23-003443.txt,0001707817,20230316,nan,,,,,,,no_valid_link,0
157d7ebb8518ba77,20230316_10-K_edgar_data_1709442_0001709442-23-000005.txt,0001709442,20230316,41459,,,,,,,no_valid_link,0
fd5eea1f8d2ae08d,20230316_10-K_edgar_data_1752474_0000950170-23-008474.txt,0001752474,20230316,36107,,,,,,,no_valid_link,0
bedee62f6f82d58e,20230316_10-K_edgar_data_1763502_0001888524-23-003379.txt,0001763502,20230316,nan,,,,,,,no_valid_link,0
2ff6e3ab857a5ba2,20230316_10-K_edgar_data_1803858_0001888524-23-003416.txt,0001803858,20230316,nan,,,,,,,no_valid_link,0
b04e8334e57d437c,20230316_10-K_edgar_data_1827054_0001888524-23-003401.txt,0001827054,20230316,nan,,,,,,,no_valid_link,0
d0f9c22323cce421,20230316_10-K_edgar_data_1832873_0001888524-23-003369.txt,0001832873,20230316,nan,,,,,,,no_valid_link,0
f5c15902f52c0b45,20230316_10-K_edgar_data_1843862_0001193125-23-071619.txt,0001843862,20230316,38490,,,,,,,no_valid_link,0
511087e2051cdebf,20230316_10-K_edgar_data_1863688_0001888524-23-003439.txt,0001863688,20230316,nan,,,,,,,no_valid_link,0
e96a6e1a2596989c,20230316_10-K_edgar_data_946454_0001493152-23-007956.txt,0000946454,20230316,nan,,,,,,,no_valid_link,0
2fbad4a6816362ba,20230317_10-K_edgar_data_1661589_0001888524-23-003521.txt,0001661589,20230317,nan,,,,,,,no_valid_link,0
a6797ccc2db78740,20230317_10-K_edgar_data_1803498_0001803498-23-000008.txt,0001803498,20230317,nan,,,,,,,no_valid_link,0
10d701540169588f,20230317_10-K_edgar_data_1818152_0001599916-23-000060.txt,0001818152,20230317,nan,,,,,,,no_valid_link,0
ac1b15daacc5e982,20230317_10-K_edgar_data_1844270_0001213900-23-021084.txt,0001844270,20230317,38280,,,,,,,no_valid_link,0
f35e34fc78d8fabc,20230317_10-K_edgar_data_1845149_0001104659-23-033841.txt,0001845149,20230317,38443,,,,,,,no_valid_link,0
0e7d83d11ae920b7,20230317_10-K_edgar_data_1865120_0001493152-23-008111.txt,0001865120,20230317,39466,,,,,,,no_valid_link,0
6739ba138abcccec,20230317_10-K_edgar_data_1890702_0001888524-23-003451.txt,0001890702,20230317,nan,,,,,,,no_valid_link,0
7ed20d93394e74ac,20230317_10-K_edgar_data_1913577_0001575872-23-000375.txt,0001913577,20230317,40822,,,,,,,no_valid_link,0
efee3da5dab4445a,20230317_10-K_edgar_data_1927678_0001888524-23-003536.txt,0001927678,20230317,nan,,,,,,,no_valid_link,0
312c1ded7019d227,20230317_10-K_edgar_data_1948175_0001888524-23-003445.txt,0001948175,20230317,nan,,,,,,,no_valid_link,0
eb45428d1274d89c,20230320_10-K_edgar_data_1038509_0001038509-23-000006.txt,0001038509,20230320,nan,,,,,,,no_valid_link,0
b43082422d0a208f,20230320_10-K_edgar_data_1656839_0001888524-23-003583.txt,0001656839,20230320,nan,,,,,,,no_valid_link,0
c7a0e8353a644bcb,20230320_10-K_edgar_data_1824153_0001193125-23-074796.txt,0001824153,20230320,37286,,,,,,,no_valid_link,0
e10dd2fa94d36e92,20230320_10-K_edgar_data_1851115_0001888524-23-003565.txt,0001851115,20230320,nan,,,,,,,no_valid_link,0
4dd68d8ab2c4c819,20230320_10-K_edgar_data_1876714_0001104659-23-034459.txt,0001876714,20230320,40328,,,,,,,no_valid_link,0
bc1ea83277ff022e,20230320_10-K_edgar_data_1885461_0001213900-23-021418.txt,0001885461,20230320,nan,,,,,,,no_valid_link,0
d0b50c3d776f1f86,20230320_10-K_edgar_data_777917_0000777917-23-000018.txt,0000777917,20230320,nan,,,,,,,no_valid_link,0
328fb0b45a5ff9f8,20230321_10-K_edgar_data_1745078_0001553350-23-000194.txt,0001745078,20230321,nan,,,,,,,no_valid_link,0
fac342ca6ebe6c2c,20230322_10-K_edgar_data_1281984_0001493152-23-008558.txt,0001281984,20230322,163818,,,,,,,no_valid_link,0
1adde284266f9404,20230322_10-K_edgar_data_1607484_0001888524-23-003634.txt,0001607484,20230322,nan,,,,,,,no_valid_link,0
09c29e170b30436e,20230322_10-K_edgar_data_1854458_0001558370-23-004338.txt,0001854458,20230322,nan,,,,,,,no_valid_link,0
cb32a66d80d5a702,20230322_10-K_edgar_data_1862327_0001140361-23-012844.txt,0001862327,20230322,40040,,,,,,,no_valid_link,0
3b5337b4be3b4a21,20230323_10-K_edgar_data_1849475_0001410578-23-000334.txt,0001849475,20230323,nan,,,,,,,no_valid_link,0
22c4a48249129d73,20230323_10-K_edgar_data_1851266_0001731122-23-000448.txt,0001851266,20230323,39980,,,,,,,no_valid_link,0
73ba9ed844a3c58c,20230323_10-K_edgar_data_922521_0000950170-23-009553.txt,0000922521,20230323,30398,,,,,,,no_valid_link,0
e05fde2203903fdd,20230324_10-K_edgar_data_1066656_0001193125-23-078762.txt,0001066656,20230324,nan,,,,,,,no_valid_link,0
f78eb32697736dbc,20230324_10-K_edgar_data_1209709_0001193125-23-078822.txt,0001209709,20230324,nan,,,,,,,no_valid_link,0
a04a9c858d77e60b,20230324_10-K_edgar_data_1227265_0001193125-23-078805.txt,0001227265,20230324,nan,,,,,,,no_valid_link,0
e5bca20775f2f980,20230324_10-K_edgar_data_1325676_0001193125-23-078792.txt,0001325676,20230324,nan,,,,,,,no_valid_link,0
297c2b2596363b69,20230324_10-K_edgar_data_1413754_0001493152-23-008914.txt,0001413754,20230324,184789,,,,,,,no_valid_link,0
582b24dcc29cec03,20230324_10-K_edgar_data_1840904_0000950170-23-009756.txt,0001840904,20230324,nan,,,,,,,no_valid_link,0
97a1787f95777c86,20230324_10-K_edgar_data_1846068_0001193125-23-079236.txt,0001846068,20230324,38101,,,,,,,no_valid_link,0
0cc71195e525e54c,20230324_10-K_edgar_data_1883983_0001493152-23-008898.txt,0001883983,20230324,39736,,,,,,,no_valid_link,0
3588115070ce7fad,20230324_10-K_edgar_data_1889106_0001493152-23-008751.txt,0001889106,20230324,41886,,,,,,,no_valid_link,0
9672a97912062b7f,20230324_10-K_edgar_data_315958_0001140361-23-013676.txt,0000315958,20230324,7841,,,,,,,no_valid_link,0
cf230cc5689f658a,20230324_10-K_edgar_data_797542_0001493152-23-008765.txt,0000797542,20230324,51841,,,,,,,no_valid_link,0
016c74a41c4e0ac0,20230327_10-K_edgar_data_1131903_0001096906-23-000648.txt,0001131903,20230327,153630,,,,,,,no_valid_link,0
ddcaa67875bae217,20230327_10-K_edgar_data_1182731_0001683168-23-001765.txt,0001182731,20230327,147880,,,,,,,no_valid_link,0
d90ceeda00532038,20230327_10-K_edgar_data_1664682_0001888524-23-003972.txt,0001664682,20230327,nan,,,,,,,no_valid_link,0
bb16d71d6f8b3de2,20230327_10-K_edgar_data_1687374_0001888524-23-003982.txt,0001687374,20230327,nan,,,,,,,no_valid_link,0
0107453d87021d7d,20230327_10-K_edgar_data_1746278_0001575872-23-000447.txt,0001746278,20230327,37378,,,,,,,no_valid_link,0
afc7d3bc810b6510,20230327_10-K_edgar_data_1823896_0001193125-23-080543.txt,0001823896,20230327,37479,,,,,,,no_valid_link,0
9899d4243136ef61,20230327_10-K_edgar_data_1870925_0001193125-23-079749.txt,0001870925,20230327,39739,,,,,,,no_valid_link,0
a63ef9e88618f6ca,20230328_10-K_edgar_data_1107280_0001437749-23-008107.txt,0001107280,20230328,108630,,,,,,,no_valid_link,0
fe9eecaf7f63c6ac,20230328_10-K_edgar_data_1577445_0001493152-23-009276.txt,0001577445,20230328,38977,,,,,,,no_valid_link,0
a031a745fe1d53b2,20230328_10-K_edgar_data_1689417_0001888524-23-003989.txt,0001689417,20230328,nan,,,,,,,no_valid_link,0
02c5ceec9eeb9543,20230328_10-K_edgar_data_1852931_0001213900-23-023698.txt,0001852931,20230328,38508,,,,,,,no_valid_link,0
e419db33e087ae33,20230328_10-K_edgar_data_1861541_0001104659-23-037710.txt,0001861541,20230328,nan,,,,,,,no_valid_link,0
e01b0d6b9088b1a5,20230328_10-K_edgar_data_1873324_0001104659-23-037770.txt,0001873324,20230328,39764,,,,,,,no_valid_link,0
257beb300a8f4abb,20230329_10-K_edgar_data_1171326_0001213900-23-024107.txt,0001171326,20230329,151607,,,,,,,no_valid_link,0
91a834288e923a35,20230329_10-K_edgar_data_1416265_0001416265-23-000011.txt,0001416265,20230329,21874,,,,,,,no_valid_link,0
021cc0695e4025d2,20230329_10-K_edgar_data_1542574_0001416265-23-000011.txt,0001542574,20230329,nan,,,,,,,no_valid_link,0
38b5b47c02e8718e,20230329_10-K_edgar_data_1568385_0001628280-23-009609.txt,0001568385,20230329,19394,,,,,,,no_valid_link,0
a0ea3a87d67398bd,20230329_10-K_edgar_data_1600347_0001493152-23-009469.txt,0001600347,20230329,nan,,,,,,,no_valid_link,0
98fab745bcb5efa0,20230329_10-K_edgar_data_1705163_0001888524-23-004038.txt,0001705163,20230329,nan,,,,,,,no_valid_link,0
5b472d90018e817b,20230329_10-K_edgar_data_1830315_0001888524-23-004044.txt,0001830315,20230329,nan,,,,,,,no_valid_link,0
056bb3cea97987ff,20230329_10-K_edgar_data_1834755_0001213900-23-023828.txt,0001834755,20230329,37905,,,,,,,no_valid_link,0
c3538eefa745b453,20230329_10-K_edgar_data_1839133_0001493152-23-009519.txt,0001839133,20230329,110526,,,,,,,no_valid_link,0
2d3c9d5d86db07c8,20230329_10-K_edgar_data_1840161_0001213900-23-024098.txt,0001840161,20230329,38140,,,,,,,no_valid_link,0
898ff518e4b62596,20230329_10-K_edgar_data_1841586_0001213900-23-023825.txt,0001841586,20230329,38470,,,,,,,no_valid_link,0
d92eedd84720c450,20230329_10-K_edgar_data_1848411_0001888524-23-004046.txt,0001848411,20230329,nan,,,,,,,no_valid_link,0
15e3124f41d86317,20230329_10-K_edgar_data_1857518_0001193125-23-082853.txt,0001857518,20230329,nan,,,,,,,no_valid_link,0
359722ac913427dc,20230329_10-K_edgar_data_1863294_0001193125-23-083849.txt,0001863294,20230329,39350,,,,,,,no_valid_link,0
f23d4732ee96b2ee,20230329_10-K_edgar_data_1865191_0001731122-23-000490.txt,0001865191,20230329,39425,,,,,,,no_valid_link,0
764a3fa40f2ed33e,20230329_10-K_edgar_data_1866493_0001888524-23-004049.txt,0001866493,20230329,nan,,,,,,,no_valid_link,0
ef7e732e73eda88a,20230329_10-K_edgar_data_1872347_0001888524-23-004054.txt,0001872347,20230329,nan,,,,,,,no_valid_link,0
62417eb56c37e93f,20230329_10-K_edgar_data_1873722_0001663577-23-000131.txt,0001873722,20230329,36900,,,,,,,no_valid_link,0
30bde9434e0ec172,20230329_10-K_edgar_data_1889123_0001213900-23-024158.txt,0001889123,20230329,40312,,,,,,,no_valid_link,0
35a7cface6275828,20230329_10-K_edgar_data_1912461_0001193125-23-083808.txt,0001912461,20230329,nan,,,,,,,no_valid_link,0
a4cc33fe3e8a4527,20230329_10-K_edgar_data_856984_0001493152-23-009477.txt,0000856984,20230329,21505,,,,,,,no_valid_link,0
cb394ade36b51a07,20230330_10-K_edgar_data_1103795_0001683168-23-001974.txt,0001103795,20230330,115411,,,,,,,no_valid_link,0
bf754881d7c82cf5,20230330_10-K_edgar_data_1452936_0001452936-23-000008.txt,0001452936,20230330,36221,,,,,,,no_valid_link,0
89e31236f512a607,20230330_10-K_edgar_data_1605057_0001477932-23-001945.txt,0001605057,20230330,26534,,,,,,,no_valid_link,0
510c510a1b76a679,20230330_10-K_edgar_data_1663645_0001888524-23-004613.txt,0001663645,20230330,nan,,,,,,,no_valid_link,0
fb88b817cbcaed8b,20230330_10-K_edgar_data_1763660_0001493152-23-009613.txt,0001763660,20230330,nan,,,,,,,no_valid_link,0
a8c3e5c143ce49cb,20230330_10-K_edgar_data_1815086_0001213900-23-024726.txt,0001815086,20230330,nan,,,,,,,no_valid_link,0
0dad5d04ea4e23b2,20230330_10-K_edgar_data_1821812_0001213900-23-024441.txt,0001821812,20230330,38131,,,,,,,no_valid_link,0
499528150c10073d,20230330_10-K_edgar_data_1823584_0001410578-23-000458.txt,0001823584,20230330,37749,,,,,,,no_valid_link,0
c0503fcafd8c52b2,20230330_10-K_edgar_data_1847152_0001564590-23-004682.txt,0001847152,20230330,38404,,,,,,,no_valid_link,0
8d3fa7e609712b13,20230330_10-K_edgar_data_1881462_0001213900-23-024627.txt,0001881462,20230330,40329,,,,,,,no_valid_link,0
742b596efd4bce72,20230330_10-K_edgar_data_1882198_0001213900-23-024750.txt,0001882198,20230330,40304,,,,,,,no_valid_link,0
cefa0617079906e0,20230330_10-K_edgar_data_1914023_0001213900-23-024676.txt,0001914023,20230330,nan,,,,,,,no_valid_link,0
37a917c9704947b2,20230330_10-K_edgar_data_1915380_0001193125-23-085606.txt,0001915380,20230330,nan,,,,,,,no_valid_link,0
317a17cb65a4ae64,20230330_10-K_edgar_data_1930021_0001493152-23-009567.txt,0001930021,20230330,41998,,,,,,,no_valid_link,0
59926fc0d29a5134,20230330_10-K_edgar_data_6494_0001437749-23-008616.txt,0000006494,20230330,1650,,,,,,,no_valid_link,0
e7113efd232cc4c2,20230330_10-K_edgar_data_879911_0001213900-23-024192.txt,0000879911,20230330,25088,,,,,,,no_valid_link,0
8f853d23293c1944,20230331_10-K_edgar_data_1036848_0001213900-23-025519.txt,0001036848,20230331,nan,,,,,,,no_valid_link,0
5b3582c3924e7b7d,20230331_10-K_edgar_data_1066764_0001493152-23-010282.txt,0001066764,20230331,116025,,,,,,,no_valid_link,0
90e4ceaa674787b9,20230331_10-K_edgar_data_1106213_0001199835-23-000190.txt,0001106213,20230331,141006,,,,,,,no_valid_link,0
9bd03c21e0e64f37,20230331_10-K_edgar_data_1108645_0001477932-23-002057.txt,0001108645,20230331,36845,,,,,,,no_valid_link,0
d0fc29a6fab53fb9,20230331_10-K_edgar_data_1138476_0001185185-23-000301.txt,0001138476,20230331,66274,,,,,,,no_valid_link,0
cbeeccb2394ae6ad,20230331_10-K_edgar_data_1353538_0001628280-23-010179.txt,0001353538,20230331,39956,,,,,,,no_valid_link,0
7a8d15b833384a94,20230331_10-K_edgar_data_1396536_0001553350-23-000241.txt,0001396536,20230331,23607,,,,,,,no_valid_link,0
de8d45ce6d21873a,20230331_10-K_edgar_data_1417663_0001140361-23-015331.txt,0001417663,20230331,181070,,,,,,,no_valid_link,0
7cdda886ebaa1864,20230331_10-K_edgar_data_1437283_0001214659-23-004597.txt,0001437283,20230331,181309,,,,,,,no_valid_link,0
fe66027576cd1824,20230331_10-K_edgar_data_1443611_0001477932-23-002144.txt,0001443611,20230331,36392,,,,,,,no_valid_link,0
f72f570e61eb073a,20230331_10-K_edgar_data_1454510_0001683168-23-002005.txt,0001454510,20230331,nan,,,,,,,no_valid_link,0
966d69c36dd6b45a,20230331_10-K_edgar_data_1514056_0001493152-23-010251.txt,0001514056,20230331,26165,,,,,,,no_valid_link,0
0e8847873642e8b9,20230331_10-K_edgar_data_1568969_0001493152-23-009907.txt,0001568969,20230331,nan,,,,,,,no_valid_link,0
aab584ddef8f129a,20230331_10-K_edgar_data_1575142_0001640334-23-000532.txt,0001575142,20230331,nan,,,,,,,no_valid_link,0
16f263413ec6fe2e,20230331_10-K_edgar_data_1591913_0001213900-23-025263.txt,0001591913,20230331,nan,,,,,,,no_valid_link,0
b4eac8e34cfec2fc,20230331_10-K_edgar_data_1593549_0001493152-23-009940.txt,0001593549,20230331,21698,,,,,,,no_valid_link,0
0bb735515300cc24,20230331_10-K_edgar_data_1630176_0001096906-23-000699.txt,0001630176,20230331,26354,,,,,,,no_valid_link,0
2d8a7aeec2c7713d,20230331_10-K_edgar_data_1661600_0001213900-23-024977.txt,0001661600,20230331,nan,,,,,,,no_valid_link,0
cc2d5c747fae4cbd,20230331_10-K_edgar_data_1662382_0001213900-23-025650.txt,0001662382,20230331,34764,,,,,,,no_valid_link,0
896e0f8e072ed4c9,20230331_10-K_edgar_data_1676163_0001213900-23-025143.txt,0001676163,20230331,33773,,,,,,,no_valid_link,0
19b1dc9a5bc48aa3,20230331_10-K_edgar_data_1680139_0001213900-23-025432.txt,0001680139,20230331,30587,,,,,,,no_valid_link,0
08e58f66de84f88a,20230331_10-K_edgar_data_1689084_0001477932-23-002090.txt,0001689084,20230331,32126,,,,,,,no_valid_link,0
554f005ca6e6e8dd,20230331_10-K_edgar_data_1697935_0001640334-23-000530.txt,0001697935,20230331,37205,,,,,,,no_valid_link,0
30a94a500ca5cd35,20230331_10-K_edgar_data_1737523_0001477932-23-002002.txt,0001737523,20230331,36311,,,,,,,no_valid_link,0
9af1038daf51c6f9,20230331_10-K_edgar_data_1741489_0001213900-23-025269.txt,0001741489,20230331,35400,,,,,,,no_valid_link,0
9108a46bbc15cb58,20230331_10-K_edgar_data_1781405_0001731122-23-000547.txt,0001781405,20230331,36485,,,,,,,no_valid_link,0
e359c7230f257f26,20230331_10-K_edgar_data_1819175_0001193125-23-088036.txt,0001819175,20230331,nan,,,,,,,no_valid_link,0
812448f6e9b830b2,20230331_10-K_edgar_data_1823826_0001213900-23-025486.txt,0001823826,20230331,37163,,,,,,,no_valid_link,0
3b3c48d87bd8c821,20230331_10-K_edgar_data_1825473_0001213900-23-025441.txt,0001825473,20230331,nan,,,,,,,no_valid_link,0
f37b758175142969,20230331_10-K_edgar_data_1831006_0001104659-23-040170.txt,0001831006,20230331,37902,,,,,,,no_valid_link,0
5b3c3de24e550502,20230331_10-K_edgar_data_1831978_0001410578-23-000592.txt,0001831978,20230331,37969,,,,,,,no_valid_link,0
849b49abc9a3dc52,20230331_10-K_edgar_data_1833498_0001140361-23-015385.txt,0001833498,20230331,349337,,,,,,,no_valid_link,0
6c38369fa8db6a29,20230331_10-K_edgar_data_1835416_0001213900-23-025449.txt,0001835416,20230331,nan,,,,,,,no_valid_link,0
31e9158da82f7a94,20230331_10-K_edgar_data_1835800_0001213900-23-024810.txt,0001835800,20230331,37904,,,,,,,no_valid_link,0
929e0cc1f8b04c3a,20230331_10-K_edgar_data_1835972_0001140361-23-015404.txt,0001835972,20230331,38070,,,,,,,no_valid_link,0
adf858ef1569e135,20230331_10-K_edgar_data_1838128_0001654954-23-003957.txt,0001838128,20230331,35151,,,,,,,no_valid_link,0
a446c3feda7448f8,20230331_10-K_edgar_data_1839132_0001193125-23-088014.txt,0001839132,20230331,37923,,,,,,,no_valid_link,0
b93363f3c7dae204,20230331_10-K_edgar_data_1840425_0000898432-23-000193.txt,0001840425,20230331,41238,,,,,,,no_valid_link,0
fcb54b32ecdd3d33,20230331_10-K_edgar_data_1841873_0001193125-23-087377.txt,0001841873,20230331,38099,,,,,,,no_valid_link,0
2e557b31499948ef,20230331_10-K_edgar_data_1844363_0001193125-23-088224.txt,0001844363,20230331,38049,,,,,,,no_valid_link,0
d8f7198fb0626e6a,20230331_10-K_edgar_data_1846968_0001193125-23-088010.txt,0001846968,20230331,39450,,,,,,,no_valid_link,0
9af786ae55044f04,20230331_10-K_edgar_data_1848437_0001410578-23-000588.txt,0001848437,20230331,40265,,,,,,,no_valid_link,0
94730241043016c6,20230331_10-K_edgar_data_1848821_0001193125-23-088335.txt,0001848821,20230331,39212,,,,,,,no_valid_link,0
483c1bc66c88d90c,20230331_10-K_edgar_data_1848861_0001193125-23-088378.txt,0001848861,20230331,40294,,,,,,,no_valid_link,0
e3e08247b4ad572a,20230331_10-K_edgar_data_1849548_0001213900-23-025437.txt,0001849548,20230331,39855,,,,,,,no_valid_link,0
a5ce3b0fe0875778,20230331_10-K_edgar_data_1849902_0001753926-23-000342.txt,0001849902,20230331,38519,,,,,,,no_valid_link,0
8a4c1c9c092f9c1e,20230331_10-K_edgar_data_1850262_0001193125-23-088340.txt,0001850262,20230331,39581,,,,,,,no_valid_link,0
dacbd0eed82efe58,20230331_10-K_edgar_data_1854463_0001493152-23-010393.txt,0001854463,20230331,39458,,,,,,,no_valid_link,0
43c89291967daee9,20230331_10-K_edgar_data_1856242_0001193125-23-088179.txt,0001856242,20230331,40302,,,,,,,no_valid_link,0
afc402bb33b6cd05,20230331_10-K_edgar_data_1856948_0001410578-23-000530.txt,0001856948,20230331,nan,,,,,,,no_valid_link,0
a9bc1f3e670863c9,20230331_10-K_edgar_data_1856961_0001140361-23-015009.txt,0001856961,20230331,nan,,,,,,,no_valid_link,0
d2a5699b74010848,20230331_10-K_edgar_data_1858028_0001493152-23-010110.txt,0001858028,20230331,nan,,,,,,,no_valid_link,0
741c39fe018478df,20230331_10-K_edgar_data_1858684_0001829126-23-002511.txt,0001858684,20230331,40258,,,,,,,no_valid_link,0
d54f1f8e3c686347,20230331_10-K_edgar_data_1865701_0001213900-23-024782.txt,0001865701,20230331,40369,,,,,,,no_valid_link,0
9bd52be532496e35,20230331_10-K_edgar_data_1867287_0001213900-23-024833.txt,0001867287,20230331,nan,,,,,,,no_valid_link,0
28fc8da698b6a17f,20230331_10-K_edgar_data_1869141_0001213900-23-024776.txt,0001869141,20230331,nan,,,,,,,no_valid_link,0
c51c05980f8a04ff,20230331_10-K_edgar_data_1881741_0001213900-23-025215.txt,0001881741,20230331,39585,,,,,,,no_valid_link,0
e1cfa3a3efe7d453,20230331_10-K_edgar_data_1883962_0001193125-23-088153.txt,0001883962,20230331,40072,,,,,,,no_valid_link,0
77a0cde2c914ef15,20230331_10-K_edgar_data_1886268_0001564590-23-005060.txt,0001886268,20230331,40500,,,,,,,no_valid_link,0
1f0d035b65ff0508,20230331_10-K_edgar_data_1889450_0001493152-23-010345.txt,0001889450,20230331,40498,,,,,,,no_valid_link,0
c11df05f2b23c646,20230331_10-K_edgar_data_1892747_0001493152-23-010256.txt,0001892747,20230331,40631,,,,,,,no_valid_link,0
54398b1e8dc8724b,20230331_10-K_edgar_data_1902794_0001654954-23-004106.txt,0001902794,20230331,nan,,,,,,,no_valid_link,0
6be538286a57dd8d,20230331_10-K_edgar_data_1924870_0001888524-23-004871.txt,0001924870,20230331,nan,,,,,,,no_valid_link,0
e9698609ea028583,20230331_10-K_edgar_data_1935092_0001079973-23-000410.txt,0001935092,20230331,nan,,,,,,,no_valid_link,0
425c192f8cd324dc,20230331_10-K_edgar_data_1942599_0001888524-23-004895.txt,0001942599,20230331,nan,,,,,,,no_valid_link,0
c40aaeebe38b5c8c,20230331_10-K_edgar_data_34285_0001493152-23-010166.txt,0000034285,20230331,35849,,,,,,,no_valid_link,0
b52607ce38427026,20230331_10-K_edgar_data_356590_0001493152-23-010429.txt,0000356590,20230331,12807,,,,,,,no_valid_link,0
e1052de980cb0e68,20230331_10-K_edgar_data_824416_0001213900-23-025520.txt,0000824416,20230331,19253,,,,,,,no_valid_link,0
b7e78e10fc4a24b1,20230331_10-K_edgar_data_83350_0001437749-23-008767.txt,0000083350,20230331,22962,,,,,,,no_valid_link,0
be8cd6a2071cedd5,20230331_10-K_edgar_data_912544_0001493152-23-010137.txt,0000912544,20230331,29165,,,,,,,no_valid_link,0
cd47ad5f04f0314a,20230403_10-K_edgar_data_1447380_0001437749-23-008892.txt,0001447380,20230403,183964,,,,,,,no_valid_link,0
261fd7eff8abae3e,20230403_10-K_edgar_data_1494413_0001262463-23-000022.txt,0001494413,20230403,186464,,,,,,,no_valid_link,0
5dabd83dc285af5c,20230403_10-K_edgar_data_1830392_0001213900-23-025829.txt,0001830392,20230403,37741,,,,,,,no_valid_link,0
f6780790f216a49c,20230403_10-K_edgar_data_1838513_0001193125-23-088468.txt,0001838513,20230403,nan,,,,,,,no_valid_link,0
04e4e9de00708beb,20230403_10-K_edgar_data_1844635_0001410578-23-000605.txt,0001844635,20230403,38091,,,,,,,no_valid_link,0
6b391a2ac3ca7a14,20230403_10-K_edgar_data_1858180_0001410578-23-000608.txt,0001858180,20230403,nan,,,,,,,no_valid_link,0
cf6fb40841d964fc,20230403_10-K_edgar_data_1893219_0001193125-23-088454.txt,0001893219,20230403,40363,,,,,,,no_valid_link,0
4a77538086b0502c,20230404_10-K_edgar_data_1828608_0001213900-23-026576.txt,0001828608,20230404,nan,,,,,,,no_valid_link,0
94136d2bbf5a5ffb,20230404_10-K_edgar_data_1843121_0001410578-23-000616.txt,0001843121,20230404,38385,,,,,,,no_valid_link,0
52007d3832589c88,20230404_10-K_edgar_data_1860514_0001829126-23-002537.txt,0001860514,20230404,nan,,,,,,,no_valid_link,0
29802ef01f23067d,20230405_10-K_edgar_data_1025561_0001654954-23-004409.txt,0001025561,20230405,nan,,,,,,,no_valid_link,0
10904a799237b5e7,20230406_10-K_edgar_data_1261379_0001213900-23-028058.txt,0001261379,20230406,nan,,,,,,,no_valid_link,0
7a97978502d2ca90,20230406_10-K_edgar_data_1389122_0001213900-23-028058.txt,0001389122,20230406,nan,,,,,,,no_valid_link,0
41533b6b3e4d8af3,20230406_10-K_edgar_data_1389123_0001213900-23-028058.txt,0001389123,20230406,nan,,,,,,,no_valid_link,0
40bb4288271f02f8,20230406_10-K_edgar_data_1389124_0001213900-23-028058.txt,0001389124,20230406,nan,,,,,,,no_valid_link,0
ef7129f4b1aed210,20230406_10-K_edgar_data_1389125_0001213900-23-028058.txt,0001389125,20230406,nan,,,,,,,no_valid_link,0
665cb58935b017c9,20230406_10-K_edgar_data_1389128_0001213900-23-028058.txt,0001389128,20230406,nan,,,,,,,no_valid_link,0
3b467f5c63bb76ba,20230406_10-K_edgar_data_1450720_0001213900-23-028058.txt,0001450720,20230406,nan,,,,,,,no_valid_link,0
fd71f910dcb4a823,20230406_10-K_edgar_data_1450722_0001213900-23-028058.txt,0001450722,20230406,nan,,,,,,,no_valid_link,0
3036636c8663b5a3,20230406_10-K_edgar_data_1838814_0001193125-23-092691.txt,0001838814,20230406,39958,,,,,,,no_valid_link,0
a0063581110ba832,20230407_10-K_edgar_data_1847241_0001104659-23-042827.txt,0001847241,20230407,nan,,,,,,,no_valid_link,0
acec84672db40e20,20230407_10-K_edgar_data_1856696_0001213900-23-028266.txt,0001856696,20230407,40325,,,,,,,no_valid_link,0
101baf52ae7658cd,20230410_10-K_edgar_data_1838000_0001213900-23-028376.txt,0001838000,20230410,38337,,,,,,,no_valid_link,0
699f0be3ef8f53d1,20230411_10-K_edgar_data_1845942_0001731122-23-000634.txt,0001845942,20230411,nan,,,,,,,no_valid_link,0
3e4f526d960277e7,20230412_10-K_edgar_data_1471781_0001731122-23-000637.txt,0001471781,20230412,185115,,,,,,,no_valid_link,0
b9f19fa9a651ac22,20230412_10-K_edgar_data_1848756_0001104659-23-044595.txt,0001848756,20230412,39816,,,,,,,no_valid_link,0
f65ea9a48cfcc062,20230413_10-K_edgar_data_1089815_0001140361-23-018265.txt,0001089815,20230413,124395,,,,,,,no_valid_link,0
0caa27c2a70c1f86,20230413_10-K_edgar_data_1290658_0001683168-23-002351.txt,0001290658,20230413,32331,,,,,,,no_valid_link,0
6f0c2610c76963a9,20230413_10-K_edgar_data_1381871_0001575872-23-000553.txt,0001381871,20230413,184597,,,,,,,no_valid_link,0
01e78338812ea91d,20230413_10-K_edgar_data_1695473_0001493152-23-012132.txt,0001695473,20230413,nan,,,,,,,no_valid_link,0
00d1300d47d7974e,20230413_10-K_edgar_data_1822929_0001410578-23-000637.txt,0001822929,20230413,37154,,,,,,,no_valid_link,0
54a98304710349a2,20230413_10-K_edgar_data_1848948_0001213900-23-029586.txt,0001848948,20230413,38241,,,,,,,no_valid_link,0
0972d91a1381eb65,20230413_10-K_edgar_data_1849294_0001683168-23-002346.txt,0001849294,20230413,38898,,,,,,,no_valid_link,0
fcd13272119e1846,20230413_10-K_edgar_data_1850502_0001140361-23-018227.txt,0001850502,20230413,39431,,,,,,,no_valid_link,0
bb3e154c74ee50ae,20230414_10-K-A_edgar_data_1471781_0001731122-23-000664.txt,0001471781,20230414,185115,,,,,,,no_valid_link,0
3769687adf5ab8e9,20230414_10-K_edgar_data_1527702_0001663577-23-000196.txt,0001527702,20230414,34070,,,,,,,no_valid_link,0
b3b9c776d2a81b41,20230414_10-K_edgar_data_1645155_0001493152-23-012181.txt,0001645155,20230414,38758,,,,,,,no_valid_link,0
7a2355a6370507c3,20230414_10-K_edgar_data_1866838_0001213900-23-029945.txt,0001866838,20230414,39617,,,,,,,no_valid_link,0
35aecb8201371cfc,20230414_10-K_edgar_data_1907425_0001493152-23-012198.txt,0001907425,20230414,nan,,,,,,,no_valid_link,0
cdcdfa7dbd6790d8,20230414_10-K_edgar_data_908259_0001493152-23-012352.txt,0000908259,20230414,35138,,,,,,,no_valid_link,0
d4231ef2b1fda90d,20230417_10-K-A_edgar_data_1106213_0001199835-23-000212.txt,0001106213,20230417,141006,,,,,,,no_valid_link,0
d1faf725d197bd27,20230417_10-K_edgar_data_1102942_0001493152-23-012616.txt,0001102942,20230417,145913,,,,,,,no_valid_link,0
5831c23ef456b9a8,20230417_10-K_edgar_data_1286648_0001903596-23-000319.txt,0001286648,20230417,nan,,,,,,,no_valid_link,0
29de8d7034ba54ed,20230417_10-K_edgar_data_1375793_0001493152-23-012525.txt,0001375793,20230417,176893,,,,,,,no_valid_link,0
68b04bb2ce246e2e,20230417_10-K_edgar_data_1407583_0001493152-23-012475.txt,0001407583,20230417,180695,,,,,,,no_valid_link,0
8deda6f89f58617a,20230417_10-K_edgar_data_1439264_0001683168-23-002449.txt,0001439264,20230417,182422,,,,,,,no_valid_link,0
9768d5382a2cafd7,20230417_10-K_edgar_data_1519177_0001829126-23-002787.txt,0001519177,20230417,37499,,,,,,,no_valid_link,0
72c883c347cdc2a9,20230417_10-K_edgar_data_1541884_0001493152-23-012590.txt,0001541884,20230417,33017,,,,,,,no_valid_link,0
bb9955ed7c539fa7,20230417_10-K_edgar_data_1552979_0001683168-23-002461.txt,0001552979,20230417,18091,,,,,,,no_valid_link,0
19d053e1e8c18770,20230417_10-K_edgar_data_1624985_0001683168-23-002473.txt,0001624985,20230417,nan,,,,,,,no_valid_link,0
1855c43cc5936ea5,20230417_10-K_edgar_data_1648903_0001477932-23-002666.txt,0001648903,20230417,nan,,,,,,,no_valid_link,0
9a6589098145f826,20230417_10-K_edgar_data_1681556_0001493152-23-012527.txt,0001681556,20230417,nan,,,,,,,no_valid_link,0
773312381f1c27b9,20230417_10-K_edgar_data_1706509_0001213900-23-030219.txt,0001706509,20230417,33183,,,,,,,no_valid_link,0
25e84322032f3261,20230417_10-K_edgar_data_1720286_0001213900-23-030321.txt,0001720286,20230417,nan,,,,,,,no_valid_link,0
20275b43b6790c41,20230417_10-K_edgar_data_1753945_0001493152-23-012557.txt,0001753945,20230417,nan,,,,,,,no_valid_link,0
b426de1049680f84,20230417_10-K_edgar_data_1796160_0001096906-23-000853.txt,0001796160,20230417,nan,,,,,,,no_valid_link,0
ba6fbac4702679c5,20230417_10-K_edgar_data_1801417_0001213900-23-030222.txt,0001801417,20230417,38196,,,,,,,no_valid_link,0
11ebcb9c15d0657e,20230417_10-K_edgar_data_1823086_0001410578-23-000695.txt,0001823086,20230417,nan,,,,,,,no_valid_link,0
104cb33e189b9e5b,20230417_10-K_edgar_data_1839610_0001213900-23-030215.txt,0001839610,20230417,38127,,,,,,,no_valid_link,0
6edb0c4542136421,20230417_10-K_edgar_data_1842563_0001842563-23-000006.txt,0001842563,20230417,nan,,,,,,,no_valid_link,0
612d6d71805c3b9b,20230417_10-K_edgar_data_1843388_0001628280-23-011773.txt,0001843388,20230417,38248,,,,,,,no_valid_link,0
3a7c8709a01554d2,20230417_10-K_edgar_data_1850051_0001104659-23-046201.txt,0001850051,20230417,39876,,,,,,,no_valid_link,0
aef3a275e683b3ed,20230417_10-K_edgar_data_1852019_0001410578-23-000702.txt,0001852019,20230417,39664,,,,,,,no_valid_link,0
3de91a96dbe690cd,20230417_10-K_edgar_data_1852889_0001193125-23-103613.txt,0001852889,20230417,40777,,,,,,,no_valid_link,0
17fb448d78549d6c,20230417_10-K_edgar_data_1867757_0001410578-23-000691.txt,0001867757,20230417,39735,,,,,,,no_valid_link,0
33ca53c7d64210e8,20230417_10-K_edgar_data_1873441_0001193125-23-102428.txt,0001873441,20230417,39529,,,,,,,no_valid_link,0
e3582287fe382d22,20230417_10-K_edgar_data_1884164_0001096906-23-000835.txt,0001884164,20230417,16512,,,,,,,no_valid_link,0
e712ddc5a87eb103,20230417_10-K_edgar_data_1915328_0001104659-23-045944.txt,0001915328,20230417,41056,,,,,,,no_valid_link,0
9c55adb4bc3a7cc4,20230417_10-K_edgar_data_943535_0001493152-23-012556.txt,0000943535,20230417,36430,,,,,,,no_valid_link,0
d8a271dac4c55b15,20230418_10-K-A_edgar_data_1720286_0001174947-23-000580.txt,0001720286,20230418,nan,,,,,,,no_valid_link,0
59f87570298ca836,20230418_10-K_edgar_data_1049011_0001493152-23-012639.txt,0001049011,20230418,109846,,,,,,,no_valid_link,0
5e1533635bfd2fdb,20230418_10-K_edgar_data_1064722_0001493152-23-012641.txt,0001064722,20230418,66589,,,,,,,no_valid_link,0
4c53cba8ac6e6848,20230418_10-K_edgar_data_1084475_0001493152-23-012663.txt,0001084475,20230418,29772,,,,,,,no_valid_link,0
37f6f0267f28344c,20230418_10-K_edgar_data_1825962_0001213900-23-030446.txt,0001825962,20230418,37911,,,,,,,no_valid_link,0
837f9f0d905f221e,20230418_10-K_edgar_data_1836100_0001493152-23-012629.txt,0001836100,20230418,37859,,,,,,,no_valid_link,0
f27ce32801aa9500,20230418_10-K_edgar_data_1851909_0001193125-23-103964.txt,0001851909,20230418,39646,,,,,,,no_valid_link,0
36004f54fa44cd01,20230418_10-K_edgar_data_920990_0001477932-23-002709.txt,0000920990,20230418,63525,,,,,,,no_valid_link,0
94e85b87942f51bc,20230419_10-K_edgar_data_1357671_0001213900-23-030833.txt,0001357671,20230419,26920,,,,,,,no_valid_link,0
c5f77be14463229b,20230420_10-K-A_edgar_data_908259_0001493152-23-012978.txt,0000908259,20230420,35138,,,,,,,no_valid_link,0
83222abc79e6e6c3,20230420_10-K_edgar_data_1852407_0001193125-23-108202.txt,0001852407,20230420,39456,,,,,,,no_valid_link,0
ff86625cf14f4411,20230421_10-K-A_edgar_data_890547_0000887921-23-000009.txt,0000890547,20230421,28004,,,,,,,no_valid_link,0
614c90aa6fd44e04,20230421_10-K_edgar_data_1836274_0001410578-23-000760.txt,0001836274,20230421,38071,,,,,,,no_valid_link,0
1ce285b6de7b66f7,20230421_10-K_edgar_data_1871638_0001410578-23-000752.txt,0001871638,20230421,39454,,,,,,,no_valid_link,0
7fde79011bb46707,20230424_10-K_edgar_data_1838293_0001193125-23-112262.txt,0001838293,20230424,nan,,,,,,,no_valid_link,0
09c123119b43a030,20230428_10-K-A_edgar_data_1850767_0001493152-23-014112.txt,0001850767,20230428,39205,,,,,,,no_valid_link,0
7a71e4529bb46519,20230428_10-K_edgar_data_1580490_0001140361-23-021075.txt,0001580490,20230428,nan,,,,,,,no_valid_link,0
c2ae7faa18ff8283,20230501_10-K_edgar_data_1730869_0001477932-23-003007.txt,0001730869,20230501,36314,,,,,,,no_valid_link,0
85dedf7d51566c7c,20230501_10-K_edgar_data_1831964_0001213900-23-034032.txt,0001831964,20230501,37869,,,,,,,no_valid_link,0
5415ddd73b96eb89,20230502_10-K-A_edgar_data_1680132_0001393905-23-000197.txt,0001680132,20230502,nan,,,,,,,no_valid_link,0
5004ba7baeab5fc2,20230503_10-K-A_edgar_data_1680132_0001393905-23-000199.txt,0001680132,20230503,nan,,,,,,,no_valid_link,0
1c982829777fd27e,20230505_10-K-A_edgar_data_1683252_0001477932-23-003129.txt,0001683252,20230505,35039,,,,,,,no_valid_link,0
3aa26a13addf56a9,20230508_10-K_edgar_data_1335112_0001575872-23-000678.txt,0001335112,20230508,175188,,,,,,,no_valid_link,0
27b9c4426ad308c4,20230511_10-K-A_edgar_data_1839133_0001493152-23-016433.txt,0001839133,20230511,110526,,,,,,,no_valid_link,0
9d411af9efe1ac73,20230515_10-K_edgar_data_1485029_0001096906-23-001063.txt,0001485029,20230515,177615,,,,,,,no_valid_link,0
9dc796262627d0ec,20230515_10-K_edgar_data_1803096_0001640334-23-000879.txt,0001803096,20230515,nan,,,,,,,no_valid_link,0
0a792027b17e306c,20230515_10-K_edgar_data_1852117_0001193125-23-144168.txt,0001852117,20230515,39418,,,,,,,no_valid_link,0
16c9f66b1ff099f7,20230516_10-K_edgar_data_1661039_0001654954-23-006717.txt,0001661039,20230516,147891,,,,,,,no_valid_link,0
7673fbd7d4e2efae,20230516_10-K_edgar_data_743758_0001213900-23-040544.txt,0000743758,20230516,112544,,,,,,,no_valid_link,0
8ce1807dbeff406e,20230519_10-K_edgar_data_1561880_0001493152-23-018322.txt,0001561880,20230519,22176,,,,,,,no_valid_link,0
28207515535fac07,20230522_10-K-A_edgar_data_1848948_0001213900-23-042033.txt,0001848948,20230522,38241,,,,,,,no_valid_link,0
5a614a7e8ff0aa71,20230522_10-K_edgar_data_1377149_0001839882-23-013128.txt,0001377149,20230522,160367,,,,,,,no_valid_link,0
1a2a8bd286e958cf,20230522_10-K_edgar_data_1855351_0001493152-23-018432.txt,0001855351,20230522,38880,,,,,,,no_valid_link,0
3e0f5559b3b6794d,20230523_10-K_edgar_data_1389067_0001477932-23-003924.txt,0001389067,20230523,24097,,,,,,,no_valid_link,0
f9b91e37c0e79293,20230525_10-K_edgar_data_895665_0001493152-23-019122.txt,0000895665,20230525,39630,,,,,,,no_valid_link,0
f7f2318ad39b0025,20230526_10-K-A_edgar_data_1593549_0001493152-23-019216.txt,0001593549,20230526,21698,,,,,,,no_valid_link,0
d06789b21a1f4bae,20230526_10-K_edgar_data_1837344_0001213900-23-043558.txt,0001837344,20230526,38037,,,,,,,no_valid_link,0
927b0309c010dbdb,20230530_10-K-A_edgar_data_1377149_0001839882-23-013771.txt,0001377149,20230530,160367,,,,,,,no_valid_link,0
cf58fb8efc69d66a,20230601_10-K_edgar_data_1549631_0001493152-23-019810.txt,0001549631,20230601,32242,,,,,,,no_valid_link,0
3268380a3a8164db,20230602_10-K-A_edgar_data_1803096_0001640334-23-001010.txt,0001803096,20230602,nan,,,,,,,no_valid_link,0
d4713be2c065ed29,20230606_10-K_edgar_data_1379245_0001379245-23-000024.txt,0001379245,20230606,176706,,,,,,,no_valid_link,0
fb0fee8d4ee370d0,20230607_10-K_edgar_data_1379245_0001379245-23-000033.txt,0001379245,20230607,176706,,,,,,,no_valid_link,0
879f47b2d0ee3b7e,20230609_10-K_edgar_data_1379245_0001379245-23-000049.txt,0001379245,20230609,176706,,,,,,,no_valid_link,0
bab27ee8c7b16c78,20230609_10-K_edgar_data_1379245_0001379245-23-000058.txt,0001379245,20230609,176706,,,,,,,no_valid_link,0
1996479a28b921f1,20230612_10-K-A_edgar_data_1482554_0001493152-23-020868.txt,0001482554,20230612,194557,,,,,,,no_valid_link,0
e65993b960be8124,20230613_10-K_edgar_data_1737372_0001213900-23-048561.txt,0001737372,20230613,38651,,,,,,,no_valid_link,0
8c880af85de4b9f2,20230614_10-K_edgar_data_1498148_0001161697-23-000356.txt,0001498148,20230614,34036,,,,,,,no_valid_link,0
8e87b282d52fdf95,20230616_10-K_edgar_data_1379245_0001379245-23-000071.txt,0001379245,20230616,176706,,,,,,,no_valid_link,0
908f058be30153b5,20230621_10-K_edgar_data_1508381_0001410578-23-001453.txt,0001508381,20230621,23255,,,,,,,no_valid_link,0
fed4fdeb46e190aa,20230623_10-K_edgar_data_866439_0001683168-23-004387.txt,0000866439,20230623,33858,,,,,,,no_valid_link,0
8ef012f5de32fd4f,20230628_10-K-A_edgar_data_1593549_0001493152-23-022733.txt,0001593549,20230628,21698,,,,,,,no_valid_link,0
71a688b37bdee4e7,20230628_10-K_edgar_data_1307624_0001262463-23-000045.txt,0001307624,20230628,163571,,,,,,,no_valid_link,0
88b55c6d33f9eeba,20230630_10-K-A_edgar_data_1740797_0001740797-23-000049.txt,0001740797,20230630,35156,,,,,,,no_valid_link,0
dff8f7de0dfd9ee2,20230630_10-K-A_edgar_data_1858028_0001493152-23-023102.txt,0001858028,20230630,nan,,,,,,,no_valid_link,0
11c2b3ec193af8d2,20230630_10-K_edgar_data_1394108_0001554795-23-000198.txt,0001394108,20230630,184388,,,,,,,no_valid_link,0
dd4119dc515ae195,20230630_10-K_edgar_data_1438461_0001640334-23-001168.txt,0001438461,20230630,22371,,,,,,,no_valid_link,0
ce7b0afd545fc956,20230630_10-K_edgar_data_1740797_0001740797-23-000046.txt,0001740797,20230630,35156,,,,,,,no_valid_link,0
190cdcf4ad7a6cfb,20230705_10-K_edgar_data_1932244_0001493152-23-023444.txt,0001932244,20230705,41758,,,,,,,no_valid_link,0
aeed25b0f21a60d4,20230706_10-K_edgar_data_1415813_0001683168-23-004680.txt,0001415813,20230706,1550,,,,,,,no_valid_link,0
20458c79b83320bb,20230710_10-K_edgar_data_1590496_0001213900-23-055610.txt,0001590496,20230710,24732,,,,,,,no_valid_link,0
c5f4c75410a5d233,20230713_10-K-A_edgar_data_1740797_0001740797-23-000051.txt,0001740797,20230713,35156,,,,,,,no_valid_link,0
3bfc1e26c0b62a51,20230713_10-K_edgar_data_1635136_0001493152-23-024397.txt,0001635136,20230713,30081,,,,,,,no_valid_link,0
b11dc95aee5d5329,20230714_10-K-A_edgar_data_1025561_0001493152-23-024524.txt,0001025561,20230714,nan,,,,,,,no_valid_link,0
710a827e2014e148,20230714_10-K_edgar_data_1165320_0001437749-23-019964.txt,0001165320,20230714,157774,,,,,,,no_valid_link,0
7d10ec2b75214c6f,20230714_10-K_edgar_data_774415_0001683168-23-004906.txt,0000774415,20230714,61622,,,,,,,no_valid_link,0
ce96305af8c06eef,20230717_10-K-A_edgar_data_1438461_0001640334-23-001303.txt,0001438461,20230717,22371,,,,,,,no_valid_link,0
38cf8ba2ccb36bd1,20230721_10-K_edgar_data_1679379_0001213900-23-058599.txt,0001679379,20230721,nan,,,,,,,no_valid_link,0
862a9eb18c790534,20230731_10-K_edgar_data_1892292_0001213900-23-061379.txt,0001892292,20230731,42971,,,,,,,no_valid_link,0
08df604c833e49ff,20230804_10-K_edgar_data_1818674_0001607062-23-000380.txt,0001818674,20230804,nan,,,,,,,no_valid_link,0
f0661bc247c04cff,20230807_10-K-A_edgar_data_1858028_0001493152-23-026953.txt,0001858028,20230807,nan,,,,,,,no_valid_link,0
7ae355f79020da65,20230807_10-K_edgar_data_1586495_0001683168-23-005314.txt,0001586495,20230807,nan,,,,,,,no_valid_link,0
6696940be21c2288,20230808_10-K-A_edgar_data_1049011_0001493152-23-027079.txt,0001049011,20230808,109846,,,,,,,no_valid_link,0
16d7a242efdd6c64,20230808_10-K-A_edgar_data_1084475_0001493152-23-027201.txt,0001084475,20230808,29772,,,,,,,no_valid_link,0
3d7ca0d028b989dc,20230809_10-K_edgar_data_1601280_0001079973-23-001099.txt,0001601280,20230809,152710,,,,,,,no_valid_link,0
da97d5b5603cd7f6,20230814_10-K-A_edgar_data_1865191_0001731122-23-001487.txt,0001865191,20230814,39425,,,,,,,no_valid_link,0
39ec489a71585174,20230825_10-K-A_edgar_data_1593549_0001493152-23-030188.txt,0001593549,20230825,21698,,,,,,,no_valid_link,0
d96bc432457cffe3,20230829_10-K-A_edgar_data_1394108_0001554795-23-000283.txt,0001394108,20230829,184388,,,,,,,no_valid_link,0
235a72445d666764,20230901_10-K_edgar_data_1081938_0001683168-23-006237.txt,0001081938,20230901,23490,,,,,,,no_valid_link,0
83058eba13f9a231,20230908_10-K_edgar_data_1418100_0001418100-23-000041.txt,0001418100,20230908,32855,,,,,,,no_valid_link,0
5ef82bcb551dc87c,20230911_10-K-A_edgar_data_1552979_0001683168-23-006349.txt,0001552979,20230911,18091,,,,,,,no_valid_link,0
2f21f802d083363d,20230920_10-K-A_edgar_data_1849475_0001410578-23-002106.txt,0001849475,20230920,nan,,,,,,,no_valid_link,0
61f53134fcfa591f,20230925_10-K_edgar_data_1828805_0001213900-23-078910.txt,0001828805,20230925,41441,,,,,,,no_valid_link,0
be537ebc8eccf4bf,20230926_10-K_edgar_data_1832433_0001832433-23-000066.txt,0001832433,20230926,nan,,,,,,,no_valid_link,0
b5b2b164911d132e,20230928_10-K_edgar_data_1865468_0001493152-23-034657.txt,0001865468,20230928,39513,,,,,,,no_valid_link,0
c68ffdf3c4698121,20230929_10-K-A_edgar_data_1865191_0001731122-23-001746.txt,0001865191,20230929,39425,,,,,,,no_valid_link,0
f687ec0740e2b842,20231002_10-K_edgar_data_1647822_0001493152-23-034950.txt,0001647822,20231002,28401,,,,,,,no_valid_link,0
289ca35320d88e33,20231003_10-K-A_edgar_data_1415813_0001683168-23-006893.txt,0001415813,20231003,1550,,,,,,,no_valid_link,0
ad0a42b9943660ce,20231003_10-K-A_edgar_data_1415813_0001683168-23-006903.txt,0001415813,20231003,1550,,,,,,,no_valid_link,0
4bc6cb6c9eb67d66,20231004_10-K-A_edgar_data_1394108_0001554795-23-000317.txt,0001394108,20231004,184388,,,,,,,no_valid_link,0
a26e090fc5562c82,20231006_10-K_edgar_data_50292_0001213900-23-081163.txt,0000050292,20231006,5932,,,,,,,no_valid_link,0
7e05daa861a5c177,20231013_10-K_edgar_data_1098009_0001185185-23-001064.txt,0001098009,20231013,19317,,,,,,,no_valid_link,0
5d0c4a86dae9a57c,20231013_10-K_edgar_data_1121795_0001553350-23-000446.txt,0001121795,20231013,180912,,,,,,,no_valid_link,0
e38439cb1b24ba34,20231013_10-K_edgar_data_1331612_0001477932-23-007626.txt,0001331612,20231013,177335,,,,,,,no_valid_link,0
40c30f481108f455,20231013_10-K_edgar_data_1614556_0001683168-23-007158.txt,0001614556,20231013,24862,,,,,,,no_valid_link,0
95c0d2934d1bdecd,20231013_10-K_edgar_data_1683252_0001477932-23-007616.txt,0001683252,20231013,35039,,,,,,,no_valid_link,0
dcc2bdd931720bba,20231016_10-K_edgar_data_1481504_0001477932-23-007646.txt,0001481504,20231016,36803,,,,,,,no_valid_link,0
0f9fc0e4df657a4b,20231019_10-K_edgar_data_725394_0001683168-23-007283.txt,0000725394,20231019,40541,,,,,,,no_valid_link,0
0faa68cf073503ca,20231030_10-K_edgar_data_1482554_0001493152-23-038652.txt,0001482554,20231030,194557,,,,,,,no_valid_link,0
5f324f8913f889a5,20231030_10-K_edgar_data_1885849_0001885849-23-000017.txt,0001885849,20231030,nan,,,,,,,no_valid_link,0
1316ef9e2e8c129a,20231101_10-K_edgar_data_1840225_0001213900-23-082200.txt,0001840225,20231101,37835,,,,,,,no_valid_link,0
b44b9439dbaf6913,20231113_10-K_edgar_data_1584693_0001493152-23-040543.txt,0001584693,20231113,21759,,,,,,,no_valid_link,0
e1e8deca905812e9,20231114_10-K_edgar_data_1376986_0001376986-23-000022.txt,0001376986,20231114,10447,,,,,,,no_valid_link,0
b96c909cfdd18d1b,20231114_10-K_edgar_data_1681769_0001520138-23-000494.txt,0001681769,20231114,28242,,,,,,,no_valid_link,0
82819bf8c8738e9f,20231115_10-K_edgar_data_1429393_0001477932-23-008489.txt,0001429393,20231115,187350,,,,,,,no_valid_link,0
7ecb036a31f11105,20231116_10-K_edgar_data_1696195_0001477932-23-008560.txt,0001696195,20231116,34045,,,,,,,no_valid_link,0
40fe5c3d62b29e28,20231120_10-K_edgar_data_1763925_0001763925-23-000006.txt,0001763925,20231120,37446,,,,,,,no_valid_link,0
091a7578c97ce494,20231122_10-K_edgar_data_889353_0001096906-23-002268.txt,0000889353,20231122,27918,,,,,,,no_valid_link,0
fed27ba43f9fc481,20231129_10-K_edgar_data_1127475_0001185185-23-001264.txt,0001127475,20231129,152686,,,,,,,no_valid_link,0
0df7cb4892b14aa2,20231129_10-K_edgar_data_1605331_0001663577-23-000552.txt,0001605331,20231129,24672,,,,,,,no_valid_link,0
1414e4aad3675531,20231130_10-K_edgar_data_1343009_0001683168-23-008557.txt,0001343009,20231130,187166,,,,,,,no_valid_link,0
961595f34566b9ad,20231204_10-K_edgar_data_1844817_0001193125-23-288466.txt,0001844817,20231204,nan,,,,,,,no_valid_link,0
8d05321670ea3667,20231207_10-K-A_edgar_data_1706509_0001213900-23-093999.txt,0001706509,20231207,33183,,,,,,,no_valid_link,0
c62229aff8ac9b72,20231214_10-K_edgar_data_1829311_0001683168-23-008832.txt,0001829311,20231214,66009,,,,,,,no_valid_link,0
a183eac5cddb68f5,20231219_10-K_edgar_data_1872371_0001872371-23-000017.txt,0001872371,20231219,nan,,,,,,,no_valid_link,0
0bd77fafe571f5b4,20231219_10-K_edgar_data_1882078_0001213900-23-096598.txt,0001882078,20231219,nan,,,,,,,no_valid_link,0
ccf7733cf4153d50,20231220_10-K_edgar_data_1974793_0001974793-23-000008.txt,0001974793,20231220,nan,,,,,,,no_valid_link,0
38470cf7dfa0c51c,20231221_10-K_edgar_data_1975931_0001213900-23-097443.txt,0001975931,20231221,nan,,,,,,,no_valid_link,0
b20c08c8c4019bcd,20231226_10-K-A_edgar_data_1763660_0001493152-23-046084.txt,0001763660,20231226,nan,,,,,,,no_valid_link,0
a949fcb2a966dca9,20231227_10-K_edgar_data_1022505_0001493152-23-046278.txt,0001022505,20231227,64077,,,,,,,no_valid_link,0
ea750e3c3c9275cd,20231228_10-K_edgar_data_1892922_0001410578-23-002651.txt,0001892922,20231228,nan,,,,,,,no_valid_link,0
2b334c173956d933,20231229_10-K_edgar_data_1929589_0001929589-23-000010.txt,0001929589,20231229,38276,,,,,,,no_valid_link,0
ff0af7365b7f15bf,20240105_10-K_edgar_data_1362703_0001493152-24-001515.txt,0001362703,20240105,26097,,,,,,,no_valid_link,0
4b13341ba3347c84,20240112_10-K_edgar_data_1141964_0001214659-24-000719.txt,0001141964,20240112,156387,,,,,,,no_valid_link,0
e77dac6740c4265e,20240112_10-K_edgar_data_1383088_0001477932-24-000156.txt,0001383088,20240112,178303,,,,,,,no_valid_link,0
04af829f5f5b41dd,20240116_10-K_edgar_data_1492617_0001493152-24-002454.txt,0001492617,20240116,17879,,,,,,,no_valid_link,0
9c769157cc4d2e16,20240129_10-K-A_edgar_data_1929589_0001929589-24-000010.txt,0001929589,20240129,38276,,,,,,,no_valid_link,0
0d0086bc80ed7f90,20240130_10-K-A_edgar_data_1885849_0001885849-24-000003.txt,0001885849,20240130,nan,,,,,,,no_valid_link,0
1308800e73eb4337,20240130_10-K_edgar_data_1909770_0001477932-24-000458.txt,0001909770,20240130,nan,,,,,,,no_valid_link,0
68d0da6033c3023b,20240130_10-K_edgar_data_804269_0000804269-24-000004.txt,0000804269,20240130,17197,,,,,,,no_valid_link,0
95535a6e2ae5136d,20240131_10-K_edgar_data_100790_0000029915-24-000003.txt,0000100790,20240131,10857,,,,,,,no_valid_link,0
087446068db9efb6,20240131_10-K_edgar_data_29915_0001751788-24-000010.txt,0000029915,20240131,nan,,,,,,,no_valid_link,0
b6706390d649720f,20240202_10-K_edgar_data_1271833_0001271833-24-000003.txt,0001271833,20240202,nan,,,,,,,no_valid_link,0
85dd3a9651890dce,20240202_10-K_edgar_data_1271834_0001271833-24-000003.txt,0001271834,20240202,nan,,,,,,,no_valid_link,0
09d684bc7c6c2a26,20240206_10-K_edgar_data_1336047_0001336047-24-000005.txt,0001336047,20240206,164756,,,,,,,no_valid_link,0
07b65ea2bc58a44b,20240207_10-K_edgar_data_1866838_0001213900-24-010752.txt,0001866838,20240207,39617,,,,,,,no_valid_link,0
6634bfac43f91057,20240207_10-K_edgar_data_38009_0000038009-24-000016.txt,0000038009,20240207,4840,,,,,,,no_valid_link,0
7a5570c3d2b37445,20240208_10-K-A_edgar_data_1098009_0001185185-24-000144.txt,0001098009,20240208,19317,,,,,,,no_valid_link,0
52cebb55cca9ae74,20240208_10-K_edgar_data_1473490_0001493152-24-005474.txt,0001473490,20240208,16564,,,,,,,no_valid_link,0
10f891071b15915f,20240208_10-K_edgar_data_30554_0001755672-24-000004.txt,0000030554,20240208,4087,,,,,,,no_valid_link,0
b9d9cbcbbbed5d97,20240209_10-K_edgar_data_100122_0000100122-24-000002.txt,0000100122,20240209,66624,,,,,,,no_valid_link,0
50ef22702ff6ea4e,20240209_10-K_edgar_data_1039466_0001185185-24-000148.txt,0001039466,20240209,113822,,,,,,,no_valid_link,0
2ac8e1a48d835e8f,20240209_10-K_edgar_data_1493976_0001025996-24-000094.txt,0001493976,20240209,nan,,,,,,,no_valid_link,0
1972fe8d5b9805d1,20240212_10-K_edgar_data_1040765_0000899689-24-000005.txt,0001040765,20240212,183674,,,,,,,no_valid_link,0
a019184f0c3a762f,20240214_10-K_edgar_data_1026214_0001026214-24-000025.txt,0001026214,20240214,15208,,,,,,,no_valid_link,0
af7eaee78e968f78,20240214_10-K_edgar_data_1509570_0001500217-24-000008.txt,0001509570,20240214,nan,,,,,,,no_valid_link,0
58c98b144ada2793,20240215_10-K_edgar_data_23632_0001047862-24-000012.txt,0000023632,20240215,105999,,,,,,,no_valid_link,0
c1cba329dd8aa053,20240215_10-K_edgar_data_310522_0000310522-24-000184.txt,0000310522,20240215,4601,,,,,,,no_valid_link,0
926f439a747b275d,20240215_10-K_edgar_data_931182_0000950170-24-015907.txt,0000931182,20240215,nan,,,,,,,no_valid_link,0
31925be93b0ea993,20240216_10-K_edgar_data_1066247_0000950170-24-016260.txt,0001066247,20240216,nan,,,,,,,no_valid_link,0
7d6229b7bf3d8004,20240216_10-K_edgar_data_107832_0000352541-24-000014.txt,0000107832,20240216,14580,,,,,,,no_valid_link,0
204024abc6bf4e8a,20240216_10-K_edgar_data_1925309_0000950170-24-016336.txt,0001925309,20240216,nan,,,,,,,no_valid_link,0
7f2c7b604872e36c,20240216_10-K_edgar_data_37634_0000753308-24-000008.txt,0000037634,20240216,4798,,,,,,,no_valid_link,0
5229c14d2f13abd4,20240216_10-K_edgar_data_52485_0000352541-24-000014.txt,0000052485,20240216,12555,,,,,,,no_valid_link,0
661e6ce13201e90b,20240216_10-K_edgar_data_926660_0001628280-24-005283.txt,0000926660,20240216,nan,,,,,,,no_valid_link,0
e085fb14c30a5c1a,20240220_10-K_edgar_data_1042773_0001130310-24-000010.txt,0001042773,20240220,145350,,,,,,,no_valid_link,0
86e225dae8e19c5e,20240220_10-K_edgar_data_1355001_0001398987-24-000015.txt,0001355001,20240220,nan,,,,,,,no_valid_link,0
bde3ee02da6d4734,20240220_10-K_edgar_data_1636315_0001286043-24-000018.txt,0001636315,20240220,nan,,,,,,,no_valid_link,0
502e27a87ea87a39,20240220_10-K_edgar_data_48732_0001130310-24-000010.txt,0000048732,20240220,155969,,,,,,,no_valid_link,0
0b97b0682bf7af0f,20240221_10-K_edgar_data_1004036_0000899715-24-000044.txt,0001004036,20240221,nan,,,,,,,no_valid_link,0
80bbf43a26cec581,20240221_10-K_edgar_data_1123852_0001123852-24-000004.txt,0001123852,20240221,145273,,,,,,,no_valid_link,0
d8edcc3ea43a38b3,20240221_10-K_edgar_data_1135971_0001109357-24-000053.txt,0001135971,20240221,8694,,,,,,,no_valid_link,0
8f26651791d51f7d,20240221_10-K_edgar_data_22606_0001109357-24-000053.txt,0000022606,20240221,31596,,,,,,,no_valid_link,0
e313fd55a5fd6684,20240221_10-K_edgar_data_27879_0001109357-24-000053.txt,0000027879,20240221,114789,,,,,,,no_valid_link,0
67a038163e534b69,20240221_10-K_edgar_data_72909_0000072909-24-000004.txt,0000072909,20240221,7978,,,,,,,no_valid_link,0
682465451e9d90ec,20240221_10-K_edgar_data_74145_0000950170-24-017400.txt,0000074145,20240221,115687,,,,,,,no_valid_link,0
aa81a4856673fb16,20240221_10-K_edgar_data_78100_0001109357-24-000053.txt,0000078100,20240221,145347,,,,,,,no_valid_link,0
f8b82383a1bb41a0,20240221_10-K_edgar_data_79732_0001109357-24-000053.txt,0000079732,20240221,155277,,,,,,,no_valid_link,0
850e67eb5b2ad53d,20240221_10-K_edgar_data_81018_0000081018-24-000006.txt,0000081018,20240221,66591,,,,,,,no_valid_link,0
30d7c364a2f09f2a,20240221_10-K_edgar_data_8192_0001109357-24-000053.txt,0000008192,20240221,14437,,,,,,,no_valid_link,0
2cc626f68746079d,20240221_10-K_edgar_data_83246_0000083246-24-000004.txt,0000083246,20240221,9061,,,,,,,no_valid_link,0
dcd776cf529bae6a,20240221_10-K_edgar_data_92116_0001628280-24-005922.txt,0000092116,20240221,147222,,,,,,,no_valid_link,0
8014ce0313c99077,20240221_10-K_edgar_data_92521_0000092521-24-000006.txt,0000092521,20240221,9906,,,,,,,no_valid_link,0
658d4f0e573d4cbd,20240221_10-K_edgar_data_9466_0001109357-24-000053.txt,0000009466,20240221,144580,,,,,,,no_valid_link,0
2d07fd4e7f350168,20240222_10-K_edgar_data_1060386_0000790816-24-000014.txt,0001060386,20240222,nan,,,,,,,no_valid_link,0
7014200c43d03a9c,20240222_10-K_edgar_data_1089748_0001437749-24-005185.txt,0001089748,20240222,148256,,,,,,,no_valid_link,0
d1ec9839548ca03c,20240222_10-K_edgar_data_1618755_0001618755-24-000017.txt,0001618755,20240222,22402,,,,,,,no_valid_link,0
3d264b3a85752cfc,20240222_10-K_edgar_data_52428_0000820027-24-000018.txt,0000052428,20240222,nan,,,,,,,no_valid_link,0
57c04d90cdfa2022,20240222_10-K_edgar_data_68622_0000068622-24-000005.txt,0000068622,20240222,148998,,,,,,,no_valid_link,0
84364b28ab4555ee,20240222_10-K_edgar_data_727892_0000820027-24-000017.txt,0000727892,20240222,nan,,,,,,,no_valid_link,0
0bd96d1d91e88edc,20240222_10-K_edgar_data_732834_0000950170-24-018868.txt,0000732834,20240222,3469,,,,,,,no_valid_link,0
a02cd11786a7a732,20240222_10-K_edgar_data_743238_0001437749-24-005136.txt,0000743238,20240222,nan,,,,,,,no_valid_link,0
e01580fe0da63a73,20240222_10-K_edgar_data_794323_0000794323-24-000004.txt,0000794323,20240222,13440,,,,,,,no_valid_link,0
d15c62b623c6277e,20240222_10-K_edgar_data_92103_0000827052-24-000013.txt,0000092103,20240222,14912,,,,,,,no_valid_link,0
5de4e6a608799dc6,20240223_10-K_edgar_data_103682_0000950170-24-019110.txt,0000103682,20240223,11188,,,,,,,no_valid_link,0
bfe71ca57b6180f8,20240223_10-K_edgar_data_1053059_0000920522-24-000033.txt,0001053059,20240223,nan,,,,,,,no_valid_link,0
e0fdadf0c3080bad,20240223_10-K_edgar_data_108772_0001770450-24-000012.txt,0000108772,20240223,nan,,,,,,,no_valid_link,0
cd3f6c2eda14691e,20240223_10-K_edgar_data_1326141_0001628280-24-006660.txt,0001326141,20240223,nan,,,,,,,no_valid_link,0
7d3d62b6dda1dd24,20240223_10-K_edgar_data_1348952_0000065984-24-000012.txt,0001348952,20240223,6823,,,,,,,no_valid_link,0
87864010bf7c9ce7,20240223_10-K_edgar_data_1364742_0000950170-24-019271.txt,0001364742,20240223,nan,,,,,,,no_valid_link,0
78e115aa9938eb5d,20240223_10-K_edgar_data_1427437_0000065984-24-000012.txt,0001427437,20240223,179236,,,,,,,no_valid_link,0
6410079f723e60f3,20240223_10-K_edgar_data_1494877_0001558370-24-001575.txt,0001494877,20240223,nan,,,,,,,no_valid_link,0
b83c1ff32f2765e0,20240223_10-K_edgar_data_202584_0000065984-24-000012.txt,0000202584,20240223,7365,,,,,,,no_valid_link,0
6d0755488a83d868,20240223_10-K_edgar_data_66901_0000065984-24-000012.txt,0000066901,20240223,7449,,,,,,,no_valid_link,0
8504eda8ac1b71ba,20240223_10-K_edgar_data_71508_0000065984-24-000012.txt,0000071508,20240223,7851,,,,,,,no_valid_link,0
5738ef0d5496c6b1,20240223_10-K_edgar_data_7323_0000065984-24-000012.txt,0000007323,20240223,1745,,,,,,,no_valid_link,0
35e6711006b178e2,20240223_10-K_edgar_data_883902_0000883902-24-000011.txt,0000883902,20240223,25130,,,,,,,no_valid_link,0
41dc59581f853cce,20240223_10-K_edgar_data_91882_0000950170-24-019113.txt,0000091882,20240223,9828,,,,,,,no_valid_link,0
7a801b86a265f93c,20240226_10-K_edgar_data_1081316_0001081316-24-000003.txt,0001081316,20240226,13427,,,,,,,no_valid_link,0
bbf20739b7c672bc,20240226_10-K_edgar_data_1098296_0001081316-24-000003.txt,0001098296,20240226,13428,,,,,,,no_valid_link,0
773ef25925948ff4,20240226_10-K_edgar_data_1603291_0001081316-24-000003.txt,0001603291,20240226,18965,,,,,,,no_valid_link,0
c78cf0b28fd122dd,20240226_10-K_edgar_data_1936737_0001081316-24-000003.txt,0001936737,20240226,nan,,,,,,,no_valid_link,0
184140a43904581c,20240226_10-K_edgar_data_1954360_0000950170-24-020134.txt,0001954360,20240226,nan,,,,,,,no_valid_link,0
f3201b86544d7c1d,20240226_10-K_edgar_data_1959472_0001437749-24-005407.txt,0001959472,20240226,nan,,,,,,,no_valid_link,0
01d44ab3c5622827,20240226_10-K_edgar_data_71180_0001081316-24-000003.txt,0000071180,20240226,145270,,,,,,,no_valid_link,0
dc92e6752587b2d5,20240226_10-K_edgar_data_75594_0001081316-24-000003.txt,0000075594,20240226,8290,,,,,,,no_valid_link,0
81bac6f04c8a2303,20240226_10-K_edgar_data_81033_0001628280-24-006885.txt,0000081033,20240226,12749,,,,,,,no_valid_link,0
e3ab673b433cfa1d,20240226_10-K_edgar_data_90144_0001081316-24-000003.txt,0000090144,20240226,9691,,,,,,,no_valid_link,0
ca4de829247c94e8,20240226_10-K_edgar_data_928576_0001081316-24-000003.txt,0000928576,20240226,65298,,,,,,,no_valid_link,0
c08a7fbae43e7d8d,20240227_10-K_edgar_data_1168165_0001868275-24-000014.txt,0001168165,20240227,156418,,,,,,,no_valid_link,0
89a082fb6b769a3d,20240227_10-K_edgar_data_1193311_0001193311-24-000005.txt,0001193311,20240227,155970,,,,,,,no_valid_link,0
8f5c245505004c69,20240227_10-K_edgar_data_1498828_0001628280-24-007218.txt,0001498828,20240227,nan,,,,,,,no_valid_link,0
9b724945ddc4c185,20240227_10-K_edgar_data_1527469_0001527469-24-000021.txt,0001527469,20240227,318728,,,,,,,no_valid_link,0
6683c4a3c738ccb3,20240227_10-K_edgar_data_1743415_0000950170-24-021072.txt,0001743415,20240227,nan,,,,,,,no_valid_link,0
73980b1f608d4efe,20240227_10-K_edgar_data_1831006_0001213900-24-017570.txt,0001831006,20240227,37902,,,,,,,no_valid_link,0
fffa54ce51ccdd2b,20240228_10-K_edgar_data_1061937_0001070750-24-000081.txt,0001061937,20240228,260996,,,,,,,no_valid_link,0
d30c78d9e1bcd702,20240228_10-K_edgar_data_1108134_0001108134-24-000003.txt,0001108134,20240228,74571,,,,,,,no_valid_link,0
f28ef0dcadfc543f,20240228_10-K_edgar_data_1254699_0001254699-24-000004.txt,0001254699,20240228,13506,,,,,,,no_valid_link,0
93dcb0f658fa8aad,20240228_10-K_edgar_data_1293282_0000950170-24-022035.txt,0001293282,20240228,nan,,,,,,,no_valid_link,0
f765ae185050d576,20240228_10-K_edgar_data_1318742_0001558370-24-001937.txt,0001318742,20240228,nan,,,,,,,no_valid_link,0
2cbf134fb797dccc,20240228_10-K_edgar_data_1560385_0001558370-24-002013.txt,0001560385,20240228,27189,,,,,,,no_valid_link,0
225d5a5115537212,20240228_10-K_edgar_data_1853138_0001628280-24-007635.txt,0001853138,20240228,42339,,,,,,,no_valid_link,0
d1356cc90759fc5b,20240228_10-K_edgar_data_41719_0000041719-24-000007.txt,0000041719,20240228,50852,,,,,,,no_valid_link,0
5f8b89b72e8865b9,20240228_10-K_edgar_data_813828_0000813828-24-000007.txt,0000813828,20240228,nan,,,,,,,no_valid_link,0
ab00226ae0d073df,20240228_10-K_edgar_data_884713_0000884713-24-000022.txt,0000884713,20240228,nan,,,,,,,no_valid_link,0
077c4f1abf5baa61,20240228_10-K_edgar_data_885275_0000950170-24-021709.txt,0000885275,20240228,264731,,,,,,,no_valid_link,0
2276441297f540e0,20240229_10-K_edgar_data_100826_0001002910-24-000056.txt,0000100826,20240229,116304,,,,,,,no_valid_link,0
cfd32c3298fc08c5,20240229_10-K_edgar_data_1279695_0001437749-24-005971.txt,0001279695,20240229,nan,,,,,,,no_valid_link,0
01b80c9a847e7253,20240229_10-K_edgar_data_1300485_0001298675-24-000011.txt,0001300485,20240229,nan,,,,,,,no_valid_link,0
6a98ab59afdfccd0,20240229_10-K_edgar_data_1581760_0001581760-24-000006.txt,0001581760,20240229,332179,,,,,,,no_valid_link,0
94c31f813ae7a62d,20240229_10-K_edgar_data_1832483_0001213900-24-018566.txt,0001832483,20240229,45081,,,,,,,no_valid_link,0
703fddca62e5dc63,20240229_10-K_edgar_data_18654_0001002910-24-000056.txt,0000018654,20240229,24868,,,,,,,no_valid_link,0
81c72bf5c64cf9f7,20240229_10-K_edgar_data_22767_0001108426-24-000008.txt,0000022767,20240229,10502,,,,,,,no_valid_link,0
01f32f8d678e68b9,20240229_10-K_edgar_data_319687_0000100517-24-000027.txt,0000319687,20240229,10484,,,,,,,no_valid_link,0
5922b53bc5ee0805,20240229_10-K_edgar_data_46207_0000354707-24-000012.txt,0000046207,20240229,5525,,,,,,,no_valid_link,0
efcb884f22b146a7,20240229_10-K_edgar_data_733076_0000733076-24-000007.txt,0000733076,20240229,20521,,,,,,,no_valid_link,0
4050eca8a033a670,20240229_10-K_edgar_data_81023_0001108426-24-000008.txt,0000081023,20240229,156818,,,,,,,no_valid_link,0
eef3d266d5fba890,20240229_10-K_edgar_data_912752_0001971213-24-000011.txt,0000912752,20240229,nan,,,,,,,no_valid_link,0
7dbab4af5f24af16,20240301_10-K_edgar_data_1182731_0001683168-24-001257.txt,0001182731,20240301,147880,,,,,,,no_valid_link,0
285ce69475bc9f86,20240301_10-K_edgar_data_1381531_0000950170-24-023697.txt,0001381531,20240301,176760,,,,,,,no_valid_link,0
3d4f41e66c696dca,20240304_10-K_edgar_data_1834543_0000950170-24-024148.txt,0001834543,20240304,nan,,,,,,,no_valid_link,0
20f738aea8c9f001,20240304_10-K_edgar_data_1858028_0001493152-24-008629.txt,0001858028,20240304,nan,,,,,,,no_valid_link,0
fc5db8707cbbf5e5,20240304_10-K_edgar_data_1902649_0000950170-24-024153.txt,0001902649,20240304,nan,,,,,,,no_valid_link,0
e54e1ab0a0109780,20240304_10-K_edgar_data_811830_0000811830-24-000010.txt,0000811830,20240304,17130,,,,,,,no_valid_link,0
f4be2fd2d59eec51,20240306_10-K_edgar_data_1330399_0001330399-24-000008.txt,0001330399,20240306,nan,,,,,,,no_valid_link,0
21dc1b18db53bc50,20240306_10-K_edgar_data_1766037_0001766037-24-000005.txt,0001766037,20240306,nan,,,,,,,no_valid_link,0
4e7fa434a27e318a,20240307_10-K_edgar_data_1325814_0001325814-24-000046.txt,0001325814,20240307,nan,,,,,,,no_valid_link,0
56627035352573ae,20240307_10-K_edgar_data_1331451_0001331451-24-000050.txt,0001331451,20240307,nan,,,,,,,no_valid_link,0
bc0656ece3a4693d,20240307_10-K_edgar_data_1709442_0001709442-24-000013.txt,0001709442,20240307,41459,,,,,,,no_valid_link,0
11e9fe4c37bc6f32,20240307_10-K_edgar_data_1812554_0001812554-24-000014.txt,0001812554,20240307,nan,,,,,,,no_valid_link,0
8f87672b9aa72263,20240307_10-K_edgar_data_837010_0000837010-24-000003.txt,0000837010,20240307,63734,,,,,,,no_valid_link,0
bcaafd5fe659e60e,20240307_10-K_edgar_data_937834_0000937834-24-000004.txt,0000937834,20240307,20477,,,,,,,no_valid_link,0
1d60d88091f0f73d,20240308_10-K_edgar_data_1316944_0001316944-24-000049.txt,0001316944,20240308,nan,,,,,,,no_valid_link,0
23b67843d9220ee6,20240308_10-K_edgar_data_1394638_0001731122-24-000378.txt,0001394638,20240308,185210,,,,,,,no_valid_link,0
f4af1e74deb92775,20240308_10-K_edgar_data_1625941_0001558370-24-002812.txt,0001625941,20240308,nan,,,,,,,no_valid_link,0
3fd9e6a48a8ba4f1,20240308_10-K_edgar_data_1832161_0001493152-24-009368.txt,0001832161,20240308,39330,,,,,,,no_valid_link,0
9cc428964218955a,20240308_10-K_edgar_data_1844998_0001888524-24-003087.txt,0001844998,20240308,nan,,,,,,,no_valid_link,0
7f13448af5d871cf,20240311_10-K_edgar_data_1114927_0001140361-24-012415.txt,0001114927,20240311,62365,,,,,,,no_valid_link,0
7655f9fd7d61ebec,20240311_10-K_edgar_data_1325878_0001325878-24-000063.txt,0001325878,20240311,nan,,,,,,,no_valid_link,0
b38bb0ae2f3651ec,20240311_10-K_edgar_data_1407973_0000950170-24-029257.txt,0001407973,20240311,39860,,,,,,,no_valid_link,0
998f78791d47f62c,20240311_10-K_edgar_data_1582605_0001888524-24-003095.txt,0001582605,20240311,nan,,,,,,,no_valid_link,0
adf18b8709b80257,20240311_10-K_edgar_data_1698022_0001437749-24-007276.txt,0001698022,20240311,121975,,,,,,,no_valid_link,0
0661ab3af86ae343,20240311_10-K_edgar_data_1803702_0001888524-24-003113.txt,0001803702,20240311,nan,,,,,,,no_valid_link,0
3569374bd1c982e0,20240311_10-K_edgar_data_1824482_0001888524-24-003101.txt,0001824482,20240311,nan,,,,,,,no_valid_link,0
e5e1222c0a3234eb,20240311_10-K_edgar_data_1837671_0001837671-24-000015.txt,0001837671,20240311,41298,,,,,,,no_valid_link,0
a741b9926790f508,20240311_10-K_edgar_data_1882850_0000950170-24-029303.txt,0001882850,20240311,nan,,,,,,,no_valid_link,0
6bec362c6a324eca,20240311_10-K_edgar_data_1961629_0001888524-24-003115.txt,0001961629,20240311,nan,,,,,,,no_valid_link,0
9de3e2f593881d7f,20240311_10-K_edgar_data_1991524_0001888524-24-003093.txt,0001991524,20240311,nan,,,,,,,no_valid_link,0
e70f73263f3e500b,20240311_10-K_edgar_data_277638_0000277638-24-000003.txt,0000277638,20240311,3801,,,,,,,no_valid_link,0
4a30c26bdf641f6c,20240312_10-K_edgar_data_1331754_0001331754-24-000054.txt,0001331754,20240312,nan,,,,,,,no_valid_link,0
f6329a98c7ea5945,20240312_10-K_edgar_data_1459188_0001213900-24-021834.txt,0001459188,20240312,188357,,,,,,,no_valid_link,0
cd6a190d50eb6a00,20240312_10-K_edgar_data_1625123_0001888524-24-003173.txt,0001625123,20240312,nan,,,,,,,no_valid_link,0
0c74c9ae3c7ca803,20240312_10-K_edgar_data_1644943_0001888524-24-003141.txt,0001644943,20240312,nan,,,,,,,no_valid_link,0
c8fac17eabc91100,20240312_10-K_edgar_data_1666156_0001888524-24-003138.txt,0001666156,20240312,nan,,,,,,,no_valid_link,0
d3c535d80be8fc30,20240312_10-K_edgar_data_1671520_0001888524-24-003131.txt,0001671520,20240312,nan,,,,,,,no_valid_link,0
7e66acfe550cc2e9,20240312_10-K_edgar_data_1683300_0001888524-24-003147.txt,0001683300,20240312,nan,,,,,,,no_valid_link,0
3720bba78ca822bc,20240312_10-K_edgar_data_1687202_0001888524-24-003145.txt,0001687202,20240312,nan,,,,,,,no_valid_link,0
d2805a3ea20f2752,20240312_10-K_edgar_data_1689111_0001888524-24-003193.txt,0001689111,20240312,nan,,,,,,,no_valid_link,0
387f587edbb1bb74,20240312_10-K_edgar_data_1695154_0001888524-24-003191.txt,0001695154,20240312,nan,,,,,,,no_valid_link,0
c034a628a1332b78,20240312_10-K_edgar_data_711034_0001062993-24-006207.txt,0000711034,20240312,22002,,,,,,,no_valid_link,0
7d1077daa4cddb87,20240312_10-K_edgar_data_815917_0000950170-24-029758.txt,0000815917,20240312,14107,,,,,,,no_valid_link,0
2e3753b8c4fa97d1,20240312_10-K_edgar_data_885568_0000950170-24-029768.txt,0000885568,20240312,127675,,,,,,,no_valid_link,0
e1a5e758ed824c73,20240313_10-K_edgar_data_1327978_0001558370-24-003073.txt,0001327978,20240313,nan,,,,,,,no_valid_link,0
f3ddb80813c1f8fd,20240313_10-K_edgar_data_1528985_0000950170-24-030856.txt,0001528985,20240313,27463,,,,,,,no_valid_link,0
1c1e5229d501fc57,20240313_10-K_edgar_data_1763502_0001888524-24-003215.txt,0001763502,20240313,nan,,,,,,,no_valid_link,0
c1df8c2806f84ff7,20240313_10-K_edgar_data_1774801_0001888524-24-003243.txt,0001774801,20240313,nan,,,,,,,no_valid_link,0
b2c392159ce6b8ff,20240313_10-K_edgar_data_1786008_0001888524-24-003255.txt,0001786008,20240313,nan,,,,,,,no_valid_link,0
ddeb2c5c73dd36c9,20240313_10-K_edgar_data_1890702_0001888524-24-003227.txt,0001890702,20240313,nan,,,,,,,no_valid_link,0
1bc4c5ffc43542a8,20240314_10-K-A_edgar_data_1866838_0001213900-24-022601.txt,0001866838,20240314,39617,,,,,,,no_valid_link,0
4d66c207786fc200,20240314_10-K_edgar_data_1542447_0001542447-24-000019.txt,0001542447,20240314,nan,,,,,,,no_valid_link,0
92cf421f4320bbb9,20240314_10-K_edgar_data_1545018_0001888524-24-003337.txt,0001545018,20240314,nan,,,,,,,no_valid_link,0
f8bbae35d55ee86f,20240314_10-K_edgar_data_1569455_0001888524-24-003384.txt,0001569455,20240314,nan,,,,,,,no_valid_link,0
b7e52eca6dbb9865,20240314_10-K_edgar_data_1577545_0001888524-24-003375.txt,0001577545,20240314,nan,,,,,,,no_valid_link,0
cf9dda5d164a9bb9,20240314_10-K_edgar_data_1597339_0001888524-24-003329.txt,0001597339,20240314,nan,,,,,,,no_valid_link,0
49c602227eedaa78,20240314_10-K_edgar_data_1709967_0001888524-24-003365.txt,0001709967,20240314,nan,,,,,,,no_valid_link,0
01d169c1a00361ad,20240314_10-K_edgar_data_1758699_0001758699-24-000012.txt,0001758699,20240314,nan,,,,,,,no_valid_link,0
30a8f651da884958,20240314_10-K_edgar_data_1763501_0001888524-24-003362.txt,0001763501,20240314,nan,,,,,,,no_valid_link,0
b221800bc3b39c47,20240314_10-K_edgar_data_1775756_0001888524-24-003275.txt,0001775756,20240314,nan,,,,,,,no_valid_link,0
f402c286f9eab0c7,20240314_10-K_edgar_data_1792158_0001888524-24-003316.txt,0001792158,20240314,nan,,,,,,,no_valid_link,0
9ccdd876966281bb,20240314_10-K_edgar_data_1814389_0001888524-24-003355.txt,0001814389,20240314,nan,,,,,,,no_valid_link,0
9b24c8159aeb9d64,20240314_10-K_edgar_data_1852749_0001104659-24-034096.txt,0001852749,20240314,nan,,,,,,,no_valid_link,0
b3d60e9157c5512b,20240314_10-K_edgar_data_1865120_0001493152-24-009867.txt,0001865120,20240314,39466,,,,,,,no_valid_link,0
1efcc25c1e85d46b,20240314_10-K_edgar_data_1918712_0001918712-24-000048.txt,0001918712,20240314,nan,,,,,,,no_valid_link,0
75d9e2bd39118a1d,20240314_10-K_edgar_data_1939433_0001939433-24-000037.txt,0001939433,20240314,nan,,,,,,,no_valid_link,0
61decb4b0e4c84f3,20240314_10-K_edgar_data_1991192_0001888524-24-003343.txt,0001991192,20240314,nan,,,,,,,no_valid_link,0
349aadf2ddc2e34b,20240315_10-K_edgar_data_1331463_0001331463-24-000054.txt,0001331463,20240315,nan,,,,,,,no_valid_link,0
830933c1d3c4eb2b,20240315_10-K_edgar_data_1552493_0001558370-24-003365.txt,0001552493,20240315,nan,,,,,,,no_valid_link,0
e5c4f0ff51b0e974,20240315_10-K_edgar_data_1637008_0001888524-24-003421.txt,0001637008,20240315,nan,,,,,,,no_valid_link,0
50c177b3e4e14373,20240315_10-K_edgar_data_1649184_0001888524-24-003405.txt,0001649184,20240315,nan,,,,,,,no_valid_link,0
54f43bc05b979439,20240315_10-K_edgar_data_1690012_0000950170-24-032205.txt,0001690012,20240315,39662,,,,,,,no_valid_link,0
df536db9e6ebb7b9,20240315_10-K_edgar_data_1699099_0001888524-24-003460.txt,0001699099,20240315,nan,,,,,,,no_valid_link,0
7ea7158af9354072,20240315_10-K_edgar_data_1701638_0001888524-24-003529.txt,0001701638,20240315,nan,,,,,,,no_valid_link,0
0bc607e8347d4a75,20240315_10-K_edgar_data_1716186_0001888524-24-003447.txt,0001716186,20240315,nan,,,,,,,no_valid_link,0
e7f04800071612bc,20240315_10-K_edgar_data_1717310_0001717310-24-000002.txt,0001717310,20240315,nan,,,,,,,no_valid_link,0
0dd3e01fe5517c73,20240315_10-K_edgar_data_1792905_0001888524-24-003409.txt,0001792905,20240315,nan,,,,,,,no_valid_link,0
3d970cbd6489373c,20240315_10-K_edgar_data_1803858_0001888524-24-003509.txt,0001803858,20240315,nan,,,,,,,no_valid_link,0
3aa63b43595a3e80,20240315_10-K_edgar_data_1832873_0001888524-24-003543.txt,0001832873,20240315,nan,,,,,,,no_valid_link,0
09d723f0bef3f2af,20240315_10-K_edgar_data_1850938_0001850938-24-000002.txt,0001850938,20240315,nan,,,,,,,no_valid_link,0
9505ffd372be2b06,20240315_10-K_edgar_data_1922331_0001829126-24-001607.txt,0001922331,20240315,nan,,,,,,,no_valid_link,0
9c4a83f4f39d8067,20240315_10-K_edgar_data_1930054_0001193125-24-069114.txt,0001930054,20240315,nan,,,,,,,no_valid_link,0
d8d964f887d878c4,20240315_10-K_edgar_data_1966002_0001888524-24-003417.txt,0001966002,20240315,nan,,,,,,,no_valid_link,0
c9b0a1ddb0a4a1d9,20240315_10-K_edgar_data_1967945_0001888524-24-003443.txt,0001967945,20240315,nan,,,,,,,no_valid_link,0
c9601245477cd6e0,20240315_10-K_edgar_data_1994342_0001888524-24-003520.txt,0001994342,20240315,nan,,,,,,,no_valid_link,0
eadad0bf135da3be,20240315_10-K_edgar_data_726865_0000726865-24-000086.txt,0000726865,20240315,nan,,,,,,,no_valid_link,0
c706ae20a6aaa72c,20240318_10-K_edgar_data_1036848_0001213900-24-023493.txt,0001036848,20240318,nan,,,,,,,no_valid_link,0
3f8ee2562c84d9a2,20240318_10-K_edgar_data_1574219_0001888524-24-003579.txt,0001574219,20240318,nan,,,,,,,no_valid_link,0
a283194dedaeb12e,20240318_10-K_edgar_data_1610796_0001888524-24-003601.txt,0001610796,20240318,nan,,,,,,,no_valid_link,0
8e03c6d325127ac9,20240318_10-K_edgar_data_1640584_0001888524-24-003623.txt,0001640584,20240318,nan,,,,,,,no_valid_link,0
fcf7bd16dd097065,20240318_10-K_edgar_data_1661306_0001661306-24-000016.txt,0001661306,20240318,nan,,,,,,,no_valid_link,0
516bac661cc35030,20240318_10-K_edgar_data_1678038_0001888524-24-003593.txt,0001678038,20240318,nan,,,,,,,no_valid_link,0
6277044189adcf47,20240318_10-K_edgar_data_1758901_0001888524-24-003638.txt,0001758901,20240318,nan,,,,,,,no_valid_link,0
016b4d288cd2b7f6,20240318_10-K_edgar_data_1790013_0001888524-24-003603.txt,0001790013,20240318,nan,,,,,,,no_valid_link,0
add4d658c7a213cf,20240318_10-K_edgar_data_1801338_0001888524-24-003627.txt,0001801338,20240318,nan,,,,,,,no_valid_link,0
00bc856444c80644,20240318_10-K_edgar_data_1802215_0001888524-24-003639.txt,0001802215,20240318,nan,,,,,,,no_valid_link,0
917b4b1fada89c77,20240318_10-K_edgar_data_1830503_0001477932-24-001283.txt,0001830503,20240318,36774,,,,,,,no_valid_link,0
7b03fc1759dda74c,20240318_10-K_edgar_data_1870267_0001558370-24-003502.txt,0001870267,20240318,nan,,,,,,,no_valid_link,0
be0d493e6007c7be,20240318_10-K_edgar_data_1871630_0001888524-24-003625.txt,0001871630,20240318,nan,,,,,,,no_valid_link,0
0c5ed5c47dcdbef8,20240318_10-K_edgar_data_1900454_0001888524-24-003651.txt,0001900454,20240318,nan,,,,,,,no_valid_link,0
8fc4485bd218241e,20240318_10-K_edgar_data_1927678_0001888524-24-003613.txt,0001927678,20240318,nan,,,,,,,no_valid_link,0
89a55e262b69ffaa,20240318_10-K_edgar_data_1944366_0001944366-24-000031.txt,0001944366,20240318,nan,,,,,,,no_valid_link,0
e178d6bacc6ddf00,20240318_10-K_edgar_data_1966434_0001888524-24-003595.txt,0001966434,20240318,nan,,,,,,,no_valid_link,0
85862631ca40c387,20240318_10-K_edgar_data_1985684_0001888524-24-003701.txt,0001985684,20240318,nan,,,,,,,no_valid_link,0
9d931b18c39bcedd,20240318_10-K_edgar_data_727920_0000727920-24-000005.txt,0000727920,20240318,nan,,,,,,,no_valid_link,0
a2743b6d388f59e2,20240318_10-K_edgar_data_835357_0000835357-24-000003.txt,0000835357,20240318,nan,,,,,,,no_valid_link,0
83892e5c7fb97fa1,20240319_10-K_edgar_data_1091748_0001628280-24-011791.txt,0001091748,20240319,15364,,,,,,,no_valid_link,0
ee38493d1eb5cbcc,20240319_10-K_edgar_data_1107280_0001437749-24-008443.txt,0001107280,20240319,108630,,,,,,,no_valid_link,0
6c117a09344d9fe6,20240319_10-K_edgar_data_1659981_0001888524-24-003819.txt,0001659981,20240319,nan,,,,,,,no_valid_link,0
904a1af562c07ed3,20240319_10-K_edgar_data_1792581_0001558370-24-003520.txt,0001792581,20240319,36465,,,,,,,no_valid_link,0
7be531ca3a035025,20240319_10-K_edgar_data_1982178_0001888524-24-003709.txt,0001982178,20240319,nan,,,,,,,no_valid_link,0
01f1f14438014e5b,20240320_10-K_edgar_data_1038509_0001038509-24-000009.txt,0001038509,20240320,nan,,,,,,,no_valid_link,0
73ab9f92d3f827fc,20240320_10-K_edgar_data_1849089_0001849089-24-000008.txt,0001849089,20240320,nan,,,,,,,no_valid_link,0
960f274e8ca24af6,20240320_10-K_edgar_data_1873722_0001493152-24-010665.txt,0001873722,20240320,36900,,,,,,,no_valid_link,0
6f99d5a32a7c9a78,20240320_10-K_edgar_data_1959961_0000950170-24-034216.txt,0001959961,20240320,nan,,,,,,,no_valid_link,0
7fd56eeb092251e0,20240320_10-K_edgar_data_777917_0000777917-24-000025.txt,0000777917,20240320,nan,,,,,,,no_valid_link,0
b36aa401aeb1bbc1,20240321_10-K_edgar_data_1326771_0001326771-24-000052.txt,0001326771,20240321,nan,,,,,,,no_valid_link,0
05b1ce128c3d36a4,20240321_10-K_edgar_data_1329842_0001410578-24-000259.txt,0001329842,20240321,nan,,,,,,,no_valid_link,0
5da52824385150b1,20240321_10-K_edgar_data_1403528_0001403528-24-000019.txt,0001403528,20240321,187491,,,,,,,no_valid_link,0
cdf6bb115949e690,20240321_10-K_edgar_data_1417663_0001140361-24-014611.txt,0001417663,20240321,181070,,,,,,,no_valid_link,0
6539392cf9d279a8,20240321_10-K_edgar_data_1630690_0001888524-24-003951.txt,0001630690,20240321,nan,,,,,,,no_valid_link,0
dd2bf7c5117ca554,20240321_10-K_edgar_data_1646614_0000950170-24-034390.txt,0001646614,20240321,nan,,,,,,,no_valid_link,0
90cf20764835686a,20240321_10-K_edgar_data_1856961_0001213900-24-024860.txt,0001856961,20240321,nan,,,,,,,no_valid_link,0
aaeaa826a66f12d8,20240321_10-K_edgar_data_1913724_0001913724-24-000009.txt,0001913724,20240321,nan,,,,,,,no_valid_link,0
b56139f0e1010754,20240321_10-K_edgar_data_1948175_0001888524-24-003953.txt,0001948175,20240321,nan,,,,,,,no_valid_link,0
4e7fd45881510c50,20240321_10-K_edgar_data_1950572_0001580642-24-001779.txt,0001950572,20240321,nan,,,,,,,no_valid_link,0
b004d2d26101a696,20240321_10-K_edgar_data_315958_0001140361-24-014541.txt,0000315958,20240321,7841,,,,,,,no_valid_link,0
d03751dd3333af85,20240322_10-K-A_edgar_data_716133_0000950170-24-035154.txt,0000716133,20240322,3036,,,,,,,no_valid_link,0
3d78042c0d38007d,20240322_10-K-A_edgar_data_716133_0000950170-24-035155.txt,0000716133,20240322,3036,,,,,,,no_valid_link,0
f776d85725297679,20240322_10-K_edgar_data_1003815_0001410578-24-000276.txt,0001003815,20240322,nan,,,,,,,no_valid_link,0
d4c6d6043e8e36e0,20240322_10-K_edgar_data_1043951_0001140361-24-014821.txt,0001043951,20240322,nan,,,,,,,no_valid_link,0
bee009077eb8e907,20240322_10-K_edgar_data_1066656_0001193125-24-074760.txt,0001066656,20240322,nan,,,,,,,no_valid_link,0
60a15c18795c835a,20240322_10-K_edgar_data_1209709_0001193125-24-074729.txt,0001209709,20240322,nan,,,,,,,no_valid_link,0
39b5a1bda90de7ce,20240322_10-K_edgar_data_1227265_0001193125-24-074726.txt,0001227265,20240322,nan,,,,,,,no_valid_link,0
58bc8ce891f941e9,20240322_10-K_edgar_data_1267426_0001410578-24-000277.txt,0001267426,20240322,nan,,,,,,,no_valid_link,0
7eef8870bdb742ce,20240322_10-K_edgar_data_1325676_0001193125-24-074717.txt,0001325676,20240322,nan,,,,,,,no_valid_link,0
ee13a3a31ef9c909,20240322_10-K_edgar_data_1389518_0001493152-24-010910.txt,0001389518,20240322,38367,,,,,,,no_valid_link,0
97775a6a3393da3d,20240322_10-K_edgar_data_1416265_0001416265-24-000007.txt,0001416265,20240322,21874,,,,,,,no_valid_link,0
a0dcd83d23e04e9d,20240322_10-K_edgar_data_1437479_0001174947-24-000388.txt,0001437479,20240322,18008,,,,,,,no_valid_link,0
3dbe0b282ae88495,20240322_10-K_edgar_data_1542574_0001416265-24-000007.txt,0001542574,20240322,nan,,,,,,,no_valid_link,0
2a69e52bf8ec9a40,20240322_10-K_edgar_data_1676163_0001213900-24-025140.txt,0001676163,20240322,33773,,,,,,,no_valid_link,0
0fd46ec3d684fafb,20240322_10-K_edgar_data_1745078_0001079973-24-000407.txt,0001745078,20240322,nan,,,,,,,no_valid_link,0
dec6ae3d1c28505b,20240322_10-K_edgar_data_1818152_0001599916-24-000089.txt,0001818152,20240322,nan,,,,,,,no_valid_link,0
83b0d721b9974c81,20240322_10-K_edgar_data_1828748_0001493152-24-010893.txt,0001828748,20240322,41165,,,,,,,no_valid_link,0
b418ce352ee32705,20240322_10-K_edgar_data_1838876_0001683168-24-001625.txt,0001838876,20240322,nan,,,,,,,no_valid_link,0
6b98e8e8af784e4d,20240322_10-K_edgar_data_1850767_0001493152-24-010938.txt,0001850767,20240322,39205,,,,,,,no_valid_link,0
b4194fee8ad29dc1,20240322_10-K_edgar_data_1914023_0001213900-24-025064.txt,0001914023,20240322,nan,,,,,,,no_valid_link,0
78b04d49bfbd5d8f,20240322_10-K_edgar_data_894501_0001091818-24-000027.txt,0000894501,20240322,114347,,,,,,,no_valid_link,0
e9c64fc3a6e4ba34,20240325_10-K_edgar_data_1979005_0001493152-24-011146.txt,0001979005,20240325,42977,,,,,,,no_valid_link,0
00cd3fdbf037bc48,20240325_10-K_edgar_data_716133_0000950170-24-035762.txt,0000716133,20240325,3036,,,,,,,no_valid_link,0
2be3819d132ef82a,20240325_10-K_edgar_data_797542_0001493152-24-011132.txt,0000797542,20240325,51841,,,,,,,no_valid_link,0
4c5126581319fe73,20240326_10-K_edgar_data_1106213_0001199835-24-000134.txt,0001106213,20240326,141006,,,,,,,no_valid_link,0
3b678c89f8ff9181,20240326_10-K_edgar_data_1415813_0001683168-24-001699.txt,0001415813,20240326,1550,,,,,,,no_valid_link,0
e1688506d1886de1,20240326_10-K_edgar_data_1567892_0001567892-24-000008.txt,0001567892,20240326,18086,,,,,,,no_valid_link,0
a16d73b8799208fa,20240326_10-K_edgar_data_1577445_0001493152-24-011341.txt,0001577445,20240326,38977,,,,,,,no_valid_link,0
3a22d6261ec62120,20240326_10-K_edgar_data_1879814_0001104659-24-039031.txt,0001879814,20240326,39893,,,,,,,no_valid_link,0
a6ffa94a53376322,20240326_10-K_edgar_data_1889123_0001213900-24-025648.txt,0001889123,20240326,40312,,,,,,,no_valid_link,0
f908a2c47a08acfa,20240326_10-K_edgar_data_1948056_0001948056-24-000007.txt,0001948056,20240326,nan,,,,,,,no_valid_link,0
6956f774e0e3bfad,20240326_10-K_edgar_data_1957845_0001957845-24-000009.txt,0001957845,20240326,nan,,,,,,,no_valid_link,0
6c7f4868473e50c2,20240326_10-K_edgar_data_847942_0001493152-24-011312.txt,0000847942,20240326,23369,,,,,,,no_valid_link,0
cd0c041001458327,20240326_10-K_edgar_data_879911_0001213900-24-026107.txt,0000879911,20240326,25088,,,,,,,no_valid_link,0
91f529ddcd05344a,20240327_10-K_edgar_data_856984_0001493152-24-011551.txt,0000856984,20240327,21505,,,,,,,no_valid_link,0
3a2bbd05ebccc6f0,20240328_10-K_edgar_data_1131903_0001096906-24-000647.txt,0001131903,20240328,153630,,,,,,,no_valid_link,0
8f2ed809e6851b83,20240328_10-K_edgar_data_1171326_0001213900-24-027301.txt,0001171326,20240328,151607,,,,,,,no_valid_link,0
b65fd9965b11c211,20240328_10-K_edgar_data_1563922_0001563922-24-000001.txt,0001563922,20240328,nan,,,,,,,no_valid_link,0
7eb9b1dc83cc6d3b,20240328_10-K_edgar_data_1605057_0001477932-24-001509.txt,0001605057,20240328,26534,,,,,,,no_valid_link,0
04dbc6222c293624,20240328_10-K_edgar_data_1737193_0001683168-24-001806.txt,0001737193,20240328,34597,,,,,,,no_valid_link,0
0c688b31d74f1df9,20240328_10-K_edgar_data_1752474_0000950170-24-038058.txt,0001752474,20240328,36107,,,,,,,no_valid_link,0
ab65ca24477beb80,20240328_10-K_edgar_data_1771995_0001493152-24-011751.txt,0001771995,20240328,165633,,,,,,,no_valid_link,0
4f2bb960a1cdbff4,20240328_10-K_edgar_data_1840904_0000950170-24-038138.txt,0001840904,20240328,nan,,,,,,,no_valid_link,0
97823e3061d63ad3,20240328_10-K_edgar_data_1852019_0001410578-24-000324.txt,0001852019,20240328,39664,,,,,,,no_valid_link,0
e9596ff321bc7ff1,20240328_10-K_edgar_data_1854149_0000950170-24-038045.txt,0001854149,20240328,43578,,,,,,,no_valid_link,0
329db6eb4238683a,20240328_10-K_edgar_data_1915328_0001410578-24-000343.txt,0001915328,20240328,41056,,,,,,,no_valid_link,0
747f53da0ff4835e,20240328_10-K_edgar_data_1935092_0001079973-24-000443.txt,0001935092,20240328,nan,,,,,,,no_valid_link,0
639f985d8c1be44b,20240328_10-K_edgar_data_1957662_0001888524-24-005172.txt,0001957662,20240328,nan,,,,,,,no_valid_link,0
c570287581e676a2,20240328_10-K_edgar_data_1972920_0001888524-24-005170.txt,0001972920,20240328,nan,,,,,,,no_valid_link,0
96d47476d2a3bd7e,20240328_10-K_edgar_data_2000597_0001193125-24-080477.txt,0002000597,20240328,nan,,,,,,,no_valid_link,0
34d941e74221a163,20240328_10-K_edgar_data_824416_0001213900-24-026933.txt,0000824416,20240328,19253,,,,,,,no_valid_link,0
8d1636cf1d3464f0,20240328_10-K_edgar_data_83350_0000083350-24-000005.txt,0000083350,20240328,22962,,,,,,,no_valid_link,0
a62559cd81416e86,20240329_10-K_edgar_data_1001082_0001558370-24-004386.txt,0001001082,20240329,60900,,,,,,,no_valid_link,0
19cf5875f6a9a599,20240329_10-K_edgar_data_1145765_0001145765-24-000002.txt,0001145765,20240329,nan,,,,,,,no_valid_link,0
42b1681ddd71eb9b,20240329_10-K_edgar_data_1320760_0001437749-24-009879.txt,0001320760,20240329,177528,,,,,,,no_valid_link,0
c07e84dbcca2397f,20240329_10-K_edgar_data_1377149_0001999371-24-004190.txt,0001377149,20240329,160367,,,,,,,no_valid_link,0
adee8a6e2d6e270f,20240329_10-K_edgar_data_1438943_0001493152-24-011906.txt,0001438943,20240329,181970,,,,,,,no_valid_link,0
d3b1efd86b79874b,20240329_10-K_edgar_data_1468910_0001468910-24-000002.txt,0001468910,20240329,nan,,,,,,,no_valid_link,0
e44b05c1b8795a67,20240329_10-K_edgar_data_1553788_0001731122-24-000539.txt,0001553788,20240329,36379,,,,,,,no_valid_link,0
f82d0b02011bb8fa,20240329_10-K_edgar_data_1560143_0001683168-24-001864.txt,0001560143,20240329,37365,,,,,,,no_valid_link,0
011bd871d1038179,20240329_10-K_edgar_data_1645155_0001493152-24-011912.txt,0001645155,20240329,38758,,,,,,,no_valid_link,0
dc3e75ba707d9ab8,20240329_10-K_edgar_data_1800294_0000950170-24-038241.txt,0001800294,20240329,nan,,,,,,,no_valid_link,0
81cb4a77cbfb5a7a,20240329_10-K_edgar_data_1849548_0002008589-24-000010.txt,0001849548,20240329,39855,,,,,,,no_valid_link,0
34504f8463c14841,20240329_10-K_edgar_data_1861541_0001104659-24-041143.txt,0001861541,20240329,nan,,,,,,,no_valid_link,0
fb2768179b88eae6,20240329_10-K_edgar_data_1892747_0001493152-24-011830.txt,0001892747,20240329,40631,,,,,,,no_valid_link,0
05e4c32e4c57f4f3,20240329_10-K_edgar_data_1893219_0001193125-24-081194.txt,0001893219,20240329,40363,,,,,,,no_valid_link,0
dff654198dead437,20240329_10-K_edgar_data_1912461_0001193125-24-082043.txt,0001912461,20240329,nan,,,,,,,no_valid_link,0
1bdde748ceaf4e5e,20240329_10-K_edgar_data_1942599_0001888524-24-005312.txt,0001942599,20240329,nan,,,,,,,no_valid_link,0
daaaded041193647,20240329_10-K_edgar_data_1959568_0000950170-24-038500.txt,0001959568,20240329,nan,,,,,,,no_valid_link,0
eb1a20c9ef559dfb,20240329_10-K_edgar_data_1959604_0000950170-24-038501.txt,0001959604,20240329,nan,,,,,,,no_valid_link,0
ea87668a3cbcf3ee,20240329_10-K_edgar_data_1970781_0001888524-24-005292.txt,0001970781,20240329,nan,,,,,,,no_valid_link,0
9c85ec9d38d8b680,20240329_10-K_edgar_data_1974587_0001888524-24-005348.txt,0001974587,20240329,nan,,,,,,,no_valid_link,0
90da01b0fe24344c,20240329_10-K_edgar_data_1979748_0001888524-24-005350.txt,0001979748,20240329,nan,,,,,,,no_valid_link,0
8c7e0599e4a83c2e,20240329_10-K_edgar_data_1984246_0001888524-24-005300.txt,0001984246,20240329,nan,,,,,,,no_valid_link,0
2998b0ab94a33dce,20240329_10-K_edgar_data_888471_0000888471-24-000002.txt,0000888471,20240329,nan,,,,,,,no_valid_link,0
710a3fa0676fbb62,20240401_10-K-A_edgar_data_1893219_0001193125-24-082201.txt,0001893219,20240401,40363,,,,,,,no_valid_link,0
b7e8b20c609a9440,20240401_10-K_edgar_data_1066764_0001493152-24-012444.txt,0001066764,20240401,116025,,,,,,,no_valid_link,0
f5590df51c821381,20240401_10-K_edgar_data_1108645_0001477932-24-001631.txt,0001108645,20240401,36845,,,,,,,no_valid_link,0
71052675f9e10709,20240401_10-K_edgar_data_1140215_0001493152-24-012505.txt,0001140215,20240401,176378,,,,,,,no_valid_link,0
89bc88755db1543a,20240401_10-K_edgar_data_1261379_0001213900-24-028573.txt,0001261379,20240401,nan,,,,,,,no_valid_link,0
0926d7ee7994bddb,20240401_10-K_edgar_data_1282980_0001213900-24-028793.txt,0001282980,20240401,162656,,,,,,,no_valid_link,0
914300f2abce60f2,20240401_10-K_edgar_data_1388295_0001493152-24-012247.txt,0001388295,20240401,178300,,,,,,,no_valid_link,0
378a9ec2b629fe22,20240401_10-K_edgar_data_1389122_0001213900-24-028573.txt,0001389122,20240401,nan,,,,,,,no_valid_link,0
c03a6bab280e611c,20240401_10-K_edgar_data_1389123_0001213900-24-028573.txt,0001389123,20240401,nan,,,,,,,no_valid_link,0
ac91fc21cf4bcc39,20240401_10-K_edgar_data_1389124_0001213900-24-028573.txt,0001389124,20240401,nan,,,,,,,no_valid_link,0
6a83d21ce252f473,20240401_10-K_edgar_data_1389125_0001213900-24-028573.txt,0001389125,20240401,nan,,,,,,,no_valid_link,0
96d098d5d2341580,20240401_10-K_edgar_data_1389128_0001213900-24-028573.txt,0001389128,20240401,nan,,,,,,,no_valid_link,0
46f4e599fca95de8,20240401_10-K_edgar_data_1396536_0001079973-24-000473.txt,0001396536,20240401,23607,,,,,,,no_valid_link,0
f8a828ed372ccdf3,20240401_10-K_edgar_data_1437283_0001214659-24-005793.txt,0001437283,20240401,181309,,,,,,,no_valid_link,0
435954582a5c86a9,20240401_10-K_edgar_data_1450720_0001213900-24-028573.txt,0001450720,20240401,nan,,,,,,,no_valid_link,0
6f9ced13feeca566,20240401_10-K_edgar_data_1450722_0001213900-24-028573.txt,0001450722,20240401,nan,,,,,,,no_valid_link,0
99c93d91a20551a8,20240401_10-K_edgar_data_1452936_0001452936-24-000035.txt,0001452936,20240401,36221,,,,,,,no_valid_link,0
67083b17a4975804,20240401_10-K_edgar_data_1463913_0001437749-24-010330.txt,0001463913,20240401,nan,,,,,,,no_valid_link,0
86589e00d5c3c834,20240401_10-K_edgar_data_1494413_0001262463-24-000041.txt,0001494413,20240401,186464,,,,,,,no_valid_link,0
722d12bbdb9fb64c,20240401_10-K_edgar_data_1527702_0001663577-24-000092.txt,0001527702,20240401,34070,,,,,,,no_valid_link,0
197c06716d677874,20240401_10-K_edgar_data_1549631_0001493152-24-012312.txt,0001549631,20240401,32242,,,,,,,no_valid_link,0
35272b7ff967a5ee,20240401_10-K_edgar_data_1568385_0001628280-24-014146.txt,0001568385,20240401,19394,,,,,,,no_valid_link,0
10aab983f65f59a5,20240401_10-K_edgar_data_1568969_0001493152-24-012283.txt,0001568969,20240401,nan,,,,,,,no_valid_link,0
e0469557c8bfff25,20240401_10-K_edgar_data_1593549_0001493152-24-012301.txt,0001593549,20240401,21698,,,,,,,no_valid_link,0
95b58b802086bfeb,20240401_10-K_edgar_data_1600347_0001493152-24-012424.txt,0001600347,20240401,nan,,,,,,,no_valid_link,0
82316a1566476bd0,20240401_10-K_edgar_data_1630176_0001096906-24-000706.txt,0001630176,20240401,26354,,,,,,,no_valid_link,0
0348f62fcd9fc9d3,20240401_10-K_edgar_data_1661600_0001683168-24-001970.txt,0001661600,20240401,nan,,,,,,,no_valid_link,0
a41ba4b01bd49b37,20240401_10-K_edgar_data_1680139_0001213900-24-028696.txt,0001680139,20240401,30587,,,,,,,no_valid_link,0
3cec9a2f96d0b68b,20240401_10-K_edgar_data_1695473_0001493152-24-012098.txt,0001695473,20240401,nan,,,,,,,no_valid_link,0
a1deb40def488e3f,20240401_10-K_edgar_data_1733443_0001410578-24-000418.txt,0001733443,20240401,nan,,,,,,,no_valid_link,0
2d2d113406457f0b,20240401_10-K_edgar_data_1741489_0001213900-24-028567.txt,0001741489,20240401,35400,,,,,,,no_valid_link,0
3176c489179cc5ac,20240401_10-K_edgar_data_1755755_0001755755-24-000022.txt,0001755755,20240401,nan,,,,,,,no_valid_link,0
c3359e8aea3a97d5,20240401_10-K_edgar_data_1835416_0001213900-24-028721.txt,0001835416,20240401,nan,,,,,,,no_valid_link,0
1ef6196d5e89aa32,20240401_10-K_edgar_data_1838513_0001193125-24-083642.txt,0001838513,20240401,nan,,,,,,,no_valid_link,0
aacd0b1666176bd1,20240401_10-K_edgar_data_1839133_0001493152-24-012430.txt,0001839133,20240401,110526,,,,,,,no_valid_link,0
9145c1aa4a55b5b9,20240401_10-K_edgar_data_1848437_0001410578-24-000374.txt,0001848437,20240401,40265,,,,,,,no_valid_link,0
2551dd73fce310be,20240401_10-K_edgar_data_1848821_0001193125-24-083404.txt,0001848821,20240401,39212,,,,,,,no_valid_link,0
1f4c1366d3fb5454,20240401_10-K_edgar_data_1849294_0001683168-24-002016.txt,0001849294,20240401,38898,,,,,,,no_valid_link,0
2f7b3c2322fc3b54,20240401_10-K_edgar_data_1875493_0001193125-24-083559.txt,0001875493,20240401,nan,,,,,,,no_valid_link,0
376afb6e89790484,20240401_10-K_edgar_data_1901203_0001213900-24-028817.txt,0001901203,20240401,43709,,,,,,,no_valid_link,0
4792b29c80b26356,20240401_10-K_edgar_data_1902794_0001493152-24-012329.txt,0001902794,20240401,nan,,,,,,,no_valid_link,0
8eb223a326af5772,20240401_10-K_edgar_data_1913577_0001213900-24-028809.txt,0001913577,20240401,40822,,,,,,,no_valid_link,0
e3b7833b93fec33b,20240401_10-K_edgar_data_1915380_0001193125-24-082820.txt,0001915380,20240401,nan,,,,,,,no_valid_link,0
1291f1b5beefe148,20240401_10-K_edgar_data_1936255_0001193125-24-083637.txt,0001936255,20240401,42219,,,,,,,no_valid_link,0
0a67cfd3be39c0a0,20240401_10-K_edgar_data_1946021_0001929980-24-000075.txt,0001946021,20240401,20342,,,,,,,no_valid_link,0
37b9b4ea75d33797,20240401_10-K_edgar_data_1971381_0001193125-24-083600.txt,0001971381,20240401,nan,,,,,,,no_valid_link,0
8f92e8dd60d06bfc,20240401_10-K_edgar_data_34285_0001493152-24-012490.txt,0000034285,20240401,35849,,,,,,,no_valid_link,0
02ff3748c002138d,20240401_10-K_edgar_data_880242_0001437749-24-010394.txt,0000880242,20240401,24797,,,,,,,no_valid_link,0
18acfcc717aadbb1,20240401_10-K_edgar_data_912544_0001493152-24-012323.txt,0000912544,20240401,29165,,,,,,,no_valid_link,0
43f96314e8ebad1a,20240402_10-K-A_edgar_data_1145765_0001145765-24-000004.txt,0001145765,20240402,nan,,,,,,,no_valid_link,0
56207bcccdf1042e,20240402_10-K-A_edgar_data_1468910_0001468910-24-000004.txt,0001468910,20240402,nan,,,,,,,no_valid_link,0
ca8ff63f6dcd771c,20240402_10-K-A_edgar_data_888471_0000888471-24-000004.txt,0000888471,20240402,nan,,,,,,,no_valid_link,0
68e6412cee15efb7,20240402_10-K_edgar_data_1740742_0001829126-24-002120.txt,0001740742,20240402,nan,,,,,,,no_valid_link,0
cb8530fa3271bcf7,20240402_10-K_edgar_data_1956055_0001929980-24-000086.txt,0001956055,20240402,nan,,,,,,,no_valid_link,0
e60d98db5c8d7134,20240402_10-K_edgar_data_1970622_0001213900-24-029041.txt,0001970622,20240402,42314,,,,,,,no_valid_link,0
b8a233471a9f233b,20240403_10-K-A_edgar_data_1468910_0001468910-24-000006.txt,0001468910,20240403,nan,,,,,,,no_valid_link,0
7b2fd0323a6817a4,20240403_10-K_edgar_data_1884046_0001213900-24-029881.txt,0001884046,20240403,43108,,,,,,,no_valid_link,0
e7f87005832d1f31,20240405_10-K_edgar_data_1089815_0001140361-24-018303.txt,0001089815,20240405,124395,,,,,,,no_valid_link,0
b963744bcd5d05d6,20240405_10-K_edgar_data_1623590_0001753926-24-000688.txt,0001623590,20240405,33019,,,,,,,no_valid_link,0
698b41e1cccaf08e,20240405_10-K_edgar_data_1770141_0001770141-24-000046.txt,0001770141,20240405,38981,,,,,,,no_valid_link,0
b6a2c7b2bb1e0537,20240405_10-K_edgar_data_1889450_0001493152-24-013334.txt,0001889450,20240405,40498,,,,,,,no_valid_link,0
e5f882ae04e4def9,20240405_10-K_edgar_data_1966734_0001493152-24-013272.txt,0001966734,20240405,42213,,,,,,,no_valid_link,0
25d981e1df6b2473,20240408_10-K-A_edgar_data_1593549_0001493152-24-013415.txt,0001593549,20240408,21698,,,,,,,no_valid_link,0
5e4cad340cd9100b,20240408_10-K-A_edgar_data_1839133_0001493152-24-013411.txt,0001839133,20240408,110526,,,,,,,no_valid_link,0
c6d3d91d7e7184ea,20240408_10-K_edgar_data_1907425_0001493152-24-013407.txt,0001907425,20240408,nan,,,,,,,no_valid_link,0
ee377db9b470437d,20240409_10-K_edgar_data_1103795_0001683168-24-002236.txt,0001103795,20240409,115411,,,,,,,no_valid_link,0
8696c8115df48fd2,20240409_10-K_edgar_data_1174891_0001493152-24-014061.txt,0001174891,20240409,161833,,,,,,,no_valid_link,0
4122531f98b48751,20240409_10-K_edgar_data_1760233_0001493152-24-014101.txt,0001760233,20240409,34645,,,,,,,no_valid_link,0
0e7a950fe8aa7a9f,20240409_10-K_edgar_data_1976923_0001065949-24-000042.txt,0001976923,20240409,16944,,,,,,,no_valid_link,0
c6a5c785ed2f819c,20240410_10-K_edgar_data_1575142_0001640334-24-000602.txt,0001575142,20240410,nan,,,,,,,no_valid_link,0
313f412e654530a9,20240410_10-K_edgar_data_1945619_0001683168-24-002276.txt,0001945619,20240410,126126,,,,,,,no_valid_link,0
51761ec40f901d12,20240410_10-K_edgar_data_1983736_0001493152-24-014165.txt,0001983736,20240410,135391,,,,,,,no_valid_link,0
0b5ff53e0d35e398,20240411_10-K_edgar_data_1651992_0001477932-24-001977.txt,0001651992,20240411,nan,,,,,,,no_valid_link,0
358b3eced0d1a88e,20240411_10-K_edgar_data_1857410_0001193125-24-093395.txt,0001857410,20240411,40320,,,,,,,no_valid_link,0
0d18df94e8afe933,20240411_10-K_edgar_data_1864032_0001214659-24-006651.txt,0001864032,20240411,40128,,,,,,,no_valid_link,0
13666418b3dc06bd,20240412_10-K_edgar_data_1593184_0001683168-24-002317.txt,0001593184,20240412,17511,,,,,,,no_valid_link,0
a8c6a54e068058be,20240412_10-K_edgar_data_1849902_0001753926-24-000723.txt,0001849902,20240412,38519,,,,,,,no_valid_link,0
d98fab0252a0e7d2,20240412_10-K_edgar_data_1850262_0001193125-24-093469.txt,0001850262,20240412,39581,,,,,,,no_valid_link,0
33859ab61c74640b,20240412_10-K_edgar_data_1868269_0001410578-24-000456.txt,0001868269,20240412,40326,,,,,,,no_valid_link,0
be52dce7d0fa81e9,20240412_10-K_edgar_data_908259_0001493152-24-014475.txt,0000908259,20240412,35138,,,,,,,no_valid_link,0
94d3bf57a474e0fa,20240415_10-K_edgar_data_1265521_0001493152-24-014594.txt,0001265521,20240415,186819,,,,,,,no_valid_link,0
2d3238cbbe6c0778,20240415_10-K_edgar_data_1368365_0001368365-24-000060.txt,0001368365,20240415,178494,,,,,,,no_valid_link,0
bf7e2f6333369ae8,20240415_10-K_edgar_data_1394108_0001554795-24-000105.txt,0001394108,20240415,184388,,,,,,,no_valid_link,0
4774bf53edebf1b7,20240415_10-K_edgar_data_1481443_0001683168-24-002392.txt,0001481443,20240415,nan,,,,,,,no_valid_link,0
fee3fd1c28f49218,20240415_10-K_edgar_data_1497230_0001654954-24-004626.txt,0001497230,20240415,114380,,,,,,,no_valid_link,0
ece278d3d9571311,20240415_10-K_edgar_data_1586495_0001683168-24-002370.txt,0001586495,20240415,nan,,,,,,,no_valid_link,0
a0848969ac84c022,20240415_10-K_edgar_data_1720286_0001477932-24-002055.txt,0001720286,20240415,nan,,,,,,,no_valid_link,0
6dfa44cc570b21fc,20240415_10-K_edgar_data_1796160_0001096906-24-000832.txt,0001796160,20240415,nan,,,,,,,no_valid_link,0
6c745fdee9cfb124,20240415_10-K_edgar_data_1854463_0001493152-24-014685.txt,0001854463,20240415,39458,,,,,,,no_valid_link,0
d60c25c02a7cf893,20240415_10-K_edgar_data_1873441_0001213900-24-033049.txt,0001873441,20240415,39529,,,,,,,no_valid_link,0
07742e48d4ad5d0d,20240415_10-K_edgar_data_1883984_0001213900-24-033052.txt,0001883984,20240415,40293,,,,,,,no_valid_link,0
2ece89d1d53dee7a,20240415_10-K_edgar_data_1884164_0001683168-24-002394.txt,0001884164,20240415,16512,,,,,,,no_valid_link,0
4326b032b0057406,20240415_10-K_edgar_data_1889106_0001493152-24-014684.txt,0001889106,20240415,41886,,,,,,,no_valid_link,0
3b9e0e70d57a768e,20240415_10-K_edgar_data_894556_0001640334-24-000667.txt,0000894556,20240415,65842,,,,,,,no_valid_link,0
c720f639e9217056,20240415_10-K_edgar_data_943535_0001493152-24-014665.txt,0000943535,20240415,36430,,,,,,,no_valid_link,0
f42101bf516e72ad,20240416_10-K_edgar_data_1138476_0001185185-24-000392.txt,0001138476,20240416,66274,,,,,,,no_valid_link,0
2e7a439589a0de89,20240416_10-K_edgar_data_1391426_0001903596-24-000247.txt,0001391426,20240416,159149,,,,,,,no_valid_link,0
a3e82b7fea06b4bb,20240416_10-K_edgar_data_1439264_0001683168-24-002419.txt,0001439264,20240416,182422,,,,,,,no_valid_link,0
817845f68666bc99,20240416_10-K_edgar_data_1515139_0001493152-24-014702.txt,0001515139,20240416,18918,,,,,,,no_valid_link,0
b018cc6e1c3f6cd5,20240416_10-K_edgar_data_1700849_0001185185-24-000394.txt,0001700849,20240416,34914,,,,,,,no_valid_link,0
449eb12970d481c5,20240416_10-K_edgar_data_1706509_0001213900-24-033527.txt,0001706509,20240416,33183,,,,,,,no_valid_link,0
efd45b2c53afd8cf,20240416_10-K_edgar_data_1788841_0001079973-24-000555.txt,0001788841,20240416,39435,,,,,,,no_valid_link,0
114cff37e17387d8,20240416_10-K_edgar_data_1836100_0001493152-24-014887.txt,0001836100,20240416,37859,,,,,,,no_valid_link,0
da0e8b801b543880,20240416_10-K_edgar_data_1844419_0001410578-24-000477.txt,0001844419,20240416,38620,,,,,,,no_valid_link,0
a50505191a029254,20240416_10-K_edgar_data_1846809_0001753926-24-000735.txt,0001846809,20240416,38637,,,,,,,no_valid_link,0
0b1f19b2af2cefa5,20240416_10-K_edgar_data_1850502_0001140361-24-020059.txt,0001850502,20240416,39431,,,,,,,no_valid_link,0
023b94a6f6ddd94e,20240416_10-K_edgar_data_1863719_0001410578-24-000472.txt,0001863719,20240416,39915,,,,,,,no_valid_link,0
d3e1304935e02db4,20240416_10-K_edgar_data_1901336_0001410578-24-000490.txt,0001901336,20240416,42024,,,,,,,no_valid_link,0
9a2be846a49247de,20240416_10-K_edgar_data_1945422_0001213900-24-033399.txt,0001945422,20240416,42242,,,,,,,no_valid_link,0
f803b683d33d94f3,20240416_10-K_edgar_data_1960262_0001903596-24-000245.txt,0001960262,20240416,177318,,,,,,,no_valid_link,0
3cc3f3ee0193a913,20240416_10-K_edgar_data_1963088_0001410578-24-000492.txt,0001963088,20240416,37809,,,,,,,no_valid_link,0
10c54b44a0fb031d,20240416_10-K_edgar_data_1969475_0001493152-24-014840.txt,0001969475,20240416,43719,,,,,,,no_valid_link,0
538735f24a14df49,20240416_10-K_edgar_data_356590_0001493152-24-014777.txt,0000356590,20240416,12807,,,,,,,no_valid_link,0
0492834d3f6d93a1,20240417_10-K-A_edgar_data_1106213_0001199835-24-000159.txt,0001106213,20240417,141006,,,,,,,no_valid_link,0
62e55cca6823c840,20240417_10-K-A_edgar_data_1879293_0001493152-24-015063.txt,0001879293,20240417,25309,,,,,,,no_valid_link,0
ebbeb6140612a756,20240417_10-K_edgar_data_1064722_0001493152-24-015016.txt,0001064722,20240417,66589,,,,,,,no_valid_link,0
5799ab0393d852bd,20240417_10-K_edgar_data_1068689_0001493152-24-014964.txt,0001068689,20240417,114923,,,,,,,no_valid_link,0
5bae07d576a9480b,20240417_10-K_edgar_data_1084475_0001493152-24-015039.txt,0001084475,20240417,29772,,,,,,,no_valid_link,0
3981af23774f08fd,20240417_10-K_edgar_data_1447380_0001493152-24-014966.txt,0001447380,20240417,183964,,,,,,,no_valid_link,0
db6bb053bbff5aa5,20240417_10-K_edgar_data_1840425_0001193125-24-099137.txt,0001840425,20240417,41238,,,,,,,no_valid_link,0
21140f45f353ed41,20240417_10-K_edgar_data_1847241_0001213900-24-033569.txt,0001847241,20240417,nan,,,,,,,no_valid_link,0
ff88506004cd1ac8,20240417_10-K_edgar_data_1848861_0001477932-24-002218.txt,0001848861,20240417,40294,,,,,,,no_valid_link,0
ee1213bee80792f5,20240417_10-K_edgar_data_1852889_0001193125-24-098000.txt,0001852889,20240417,40777,,,,,,,no_valid_link,0
d18d0cf08c045f46,20240417_10-K_edgar_data_1877461_0001477932-24-002182.txt,0001877461,20240417,40558,,,,,,,no_valid_link,0
c0296a870ce69f76,20240417_10-K_edgar_data_1879293_0001493152-24-014911.txt,0001879293,20240417,25309,,,,,,,no_valid_link,0
d54de8b926dbf75f,20240418_10-K_edgar_data_1049011_0001493152-24-015154.txt,0001049011,20240418,109846,,,,,,,no_valid_link,0
2e35c9bcbec187e5,20240418_10-K_edgar_data_1803977_0001493152-24-015181.txt,0001803977,20240418,66552,,,,,,,no_valid_link,0
518ad945ce613051,20240418_10-K_edgar_data_1885461_0001213900-24-034104.txt,0001885461,20240418,nan,,,,,,,no_valid_link,0
1e0304f2c6267e76,20240418_10-K_edgar_data_1932244_0001493152-24-015139.txt,0001932244,20240418,41758,,,,,,,no_valid_link,0
0fb18c0eddc68a93,20240419_10-K_edgar_data_1471781_0001731122-24-000657.txt,0001471781,20240419,185115,,,,,,,no_valid_link,0
bf927038737b0d05,20240423_10-K_edgar_data_1720990_0001720990-24-000045.txt,0001720990,20240423,37318,,,,,,,no_valid_link,0
9acdf294a111ef57,20240423_10-K_edgar_data_1763329_0001096906-24-000907.txt,0001763329,20240423,38154,,,,,,,no_valid_link,0
f7b4f07b2a7dcdfd,20240424_10-K-A_edgar_data_1848861_0001477932-24-002311.txt,0001848861,20240424,40294,,,,,,,no_valid_link,0
b1026855de0c2c61,20240425_10-K-A_edgar_data_1681556_0001493152-24-015886.txt,0001681556,20240425,nan,,,,,,,no_valid_link,0
ceb3db9207208f04,20240425_10-K_edgar_data_1681556_0001493152-24-015888.txt,0001681556,20240425,nan,,,,,,,no_valid_link,0
13250bc43a7f7f2c,20240426_10-K_edgar_data_1597892_0001213900-24-036467.txt,0001597892,20240426,nan,,,,,,,no_valid_link,0
8653b498c6efadcc,20240429_10-K-A_edgar_data_1368365_0001368365-24-000062.txt,0001368365,20240429,178494,,,,,,,no_valid_link,0
ec69cd175183536f,20240429_10-K-A_edgar_data_1518715_0001518715-24-000093.txt,0001518715,20240429,18948,,,,,,,no_valid_link,0
368c7bdf892ae7f1,20240429_10-K-A_edgar_data_1725134_0001628280-24-019023.txt,0001725134,20240429,36748,,,,,,,no_valid_link,0
9ce2c5b15780f90b,20240429_10-K_edgar_data_1342219_0001683168-24-002763.txt,0001342219,20240429,175221,,,,,,,no_valid_link,0
3aaf997f31cf0c33,20240430_10-K-A_edgar_data_1746278_0001575872-24-000446.txt,0001746278,20240430,37378,,,,,,,no_valid_link,0
3a7c5a1e545ab7e1,20240501_10-K-A_edgar_data_1722969_0001214659-24-007927.txt,0001722969,20240501,nan,,,,,,,no_valid_link,0
15e7293b633ef079,20240501_10-K_edgar_data_1883983_0001493152-24-017302.txt,0001883983,20240501,39736,,,,,,,no_valid_link,0
bd56c92245d4366c,20240501_10-K_edgar_data_934796_0001214659-24-007929.txt,0000934796,20240501,66276,,,,,,,no_valid_link,0
078f1b0e81b0cc2d,20240503_10-K-A_edgar_data_1335112_0001575872-24-000486.txt,0001335112,20240503,175188,,,,,,,no_valid_link,0
a54c8830ae9058a9,20240503_10-K_edgar_data_1335112_0001575872-24-000488.txt,0001335112,20240503,175188,,,,,,,no_valid_link,0
c1e7de117dab6cab,20240506_10-K_edgar_data_1304280_0001304280-24-000024.txt,0001304280,20240506,162701,,,,,,,no_valid_link,0
744095660f58ded1,20240507_10-K_edgar_data_1590496_0001213900-24-040309.txt,0001590496,20240507,24732,,,,,,,no_valid_link,0
84bf4a09f63fe13a,20240507_10-K_edgar_data_1871638_0001410578-24-000607.txt,0001871638,20240507,39454,,,,,,,no_valid_link,0
0029639806a800ab,20240508_10-K_edgar_data_1852736_0001929980-24-000160.txt,0001852736,20240508,nan,,,,,,,no_valid_link,0
54262643bbc86179,20240510_10-K_edgar_data_1661039_0001654954-24-005983.txt,0001661039,20240510,147891,,,,,,,no_valid_link,0
70805d89383a03dd,20240510_10-K_edgar_data_1763660_0001493152-24-018557.txt,0001763660,20240510,nan,,,,,,,no_valid_link,0
a98598bdb49ac0f1,20240513_10-K_edgar_data_1413754_0001493152-24-018935.txt,0001413754,20240513,184789,,,,,,,no_valid_link,0
9e1330a8ef971e42,20240513_10-K_edgar_data_1848672_0001096906-24-001101.txt,0001848672,20240513,nan,,,,,,,no_valid_link,0
993e75d585ee2964,20240514_10-K-A_edgar_data_1848672_0001096906-24-001106.txt,0001848672,20240514,nan,,,,,,,no_valid_link,0
8e2e6f45cd0f3f6e,20240514_10-K-A_edgar_data_824416_0001213900-24-042513.txt,0000824416,20240514,19253,,,,,,,no_valid_link,0
886c10d5b754823f,20240515_10-K_edgar_data_1730869_0001477932-24-002949.txt,0001730869,20240515,36314,,,,,,,no_valid_link,0
2179edd33774d049,20240515_10-K_edgar_data_1803096_0001640334-24-000804.txt,0001803096,20240515,nan,,,,,,,no_valid_link,0
2a3879831c7271fe,20240515_10-K_edgar_data_700764_0001079973-24-000746.txt,0000700764,20240515,148532,,,,,,,no_valid_link,0
bb7a6f18aa80b246,20240516_10-K_edgar_data_1485029_0001096906-24-001168.txt,0001485029,20240516,177615,,,,,,,no_valid_link,0
a4833da93ca0e481,20240524_10-K_edgar_data_1375793_0001493152-24-021380.txt,0001375793,20240524,176893,,,,,,,no_valid_link,0
a2a2ecbc1a36a9c1,20240524_10-K_edgar_data_1848756_0001213900-24-046642.txt,0001848756,20240524,39816,,,,,,,no_valid_link,0
0b5fc417e59b37d6,20240528_10-K_edgar_data_1498148_0001493152-24-021634.txt,0001498148,20240528,34036,,,,,,,no_valid_link,0
06f8d20b0e22d08b,20240529_10-K-A_edgar_data_1498148_0001493152-24-021767.txt,0001498148,20240529,34036,,,,,,,no_valid_link,0
a4f9d37c94ff7159,20240529_10-K_edgar_data_1602409_0001520138-24-000219.txt,0001602409,20240529,32367,,,,,,,no_valid_link,0
8c13bcbbf9e72f71,20240530_10-K_edgar_data_929351_0000929351-24-000012.txt,0000929351,20240530,51514,,,,,,,no_valid_link,0
b131bcb5356d0b24,20240531_10-K_edgar_data_1845942_0001731122-24-000909.txt,0001845942,20240531,nan,,,,,,,no_valid_link,0
d9fa8ef5b5c50775,20240603_10-K-A_edgar_data_1866838_0001213900-24-049042.txt,0001866838,20240603,39617,,,,,,,no_valid_link,0
b5e32969ba0188fd,20240604_10-K_edgar_data_834071_0000950170-24-068427.txt,0000834071,20240604,15136,,,,,,,no_valid_link,0
b1d3381fead7de6e,20240604_10-K_edgar_data_889353_0001096906-24-001296.txt,0000889353,20240604,27918,,,,,,,no_valid_link,0
7a138f789cb35a54,20240605_10-K_edgar_data_1831978_0001410578-24-000990.txt,0001831978,20240605,37969,,,,,,,no_valid_link,0
855da708e5832be1,20240606_10-K_edgar_data_1580490_0001493152-24-022975.txt,0001580490,20240606,nan,,,,,,,no_valid_link,0
6025045ab8602697,20240607_10-K_edgar_data_830656_0001493152-24-023201.txt,0000830656,20240607,63901,,,,,,,no_valid_link,0
c1f05547657f8c9c,20240612_10-K_edgar_data_1842563_0001842563-24-000015.txt,0001842563,20240612,nan,,,,,,,no_valid_link,0
cc5b7c583555ff90,20240612_10-K_edgar_data_1977837_0001977837-24-000012.txt,0001977837,20240612,nan,,,,,,,no_valid_link,0
4043fbdd7ec76a8e,20240613_10-K_edgar_data_1009759_0001558370-24-009109.txt,0001009759,20240613,137373,,,,,,,no_valid_link,0
7c131ceb95c7120a,20240614_10-K_edgar_data_50292_0001213900-24-052905.txt,0000050292,20240614,5932,,,,,,,no_valid_link,0
7487ee5c1ab58d5c,20240620_10-K-A_edgar_data_1858028_0001493152-24-024500.txt,0001858028,20240620,nan,,,,,,,no_valid_link,0
9901153acbcd93dd,20240620_10-K-A_edgar_data_1879293_0001493152-24-024391.txt,0001879293,20240620,25309,,,,,,,no_valid_link,0
87ba81b592a038b0,20240620_10-K_edgar_data_864270_0000864270-24-000003.txt,0000864270,20240620,nan,,,,,,,no_valid_link,0
91eae554a874ec67,20240621_10-K_edgar_data_913778_0001410578-24-001031.txt,0000913778,20240621,nan,,,,,,,no_valid_link,0
d74f4bf2ecc7d771,20240626_10-K-A_edgar_data_889353_0001096906-24-001437.txt,0000889353,20240626,27918,,,,,,,no_valid_link,0
e6c196e042f50f58,20240626_10-K_edgar_data_1429393_0001477932-24-003883.txt,0001429393,20240626,187350,,,,,,,no_valid_link,0
602a8258211a7e5b,20240627_10-K-A_edgar_data_1746278_0001575872-24-000720.txt,0001746278,20240627,37378,,,,,,,no_valid_link,0
b002309f12a660d0,20240627_10-K_edgar_data_1881462_0001213900-24-056656.txt,0001881462,20240627,40329,,,,,,,no_valid_link,0
73b0b43b9b2c2d10,20240628_10-K_edgar_data_795800_0001104659-24-076291.txt,0000795800,20240628,13558,,,,,,,no_valid_link,0
88acf859e53a8f57,20240701_10-K_edgar_data_1053369_0001493152-24-025829.txt,0001053369,20240701,106261,,,,,,,no_valid_link,0
04ae1701bfaeecaa,20240701_10-K_edgar_data_1672572_0001493152-24-025788.txt,0001672572,20240701,nan,,,,,,,no_valid_link,0
a76d5ce24e1ddd0f,20240701_10-K_edgar_data_1845550_0001213900-24-057365.txt,0001845550,20240701,38120,,,,,,,no_valid_link,0
3ac4e5391a681e9f,20240703_10-K_edgar_data_1290658_0001683168-24-004655.txt,0001290658,20240703,32331,,,,,,,no_valid_link,0
d58f91b9f550272d,20240703_10-K_edgar_data_1740797_0001740797-24-000031.txt,0001740797,20240703,35156,,,,,,,no_valid_link,0
64f1f6d7c7ae7449,20240705_10-K_edgar_data_1647822_0001493152-24-026267.txt,0001647822,20240705,28401,,,,,,,no_valid_link,0
dbd2c81cd02071fc,20240709_10-K_edgar_data_1561880_0001493152-24-026528.txt,0001561880,20240709,22176,,,,,,,no_valid_link,0
4e39d1ac159c819d,20240711_10-K_edgar_data_1811999_0001096906-24-001512.txt,0001811999,20240711,112005,,,,,,,no_valid_link,0
1bf0485a9b99c27c,20240715_10-K_edgar_data_1438461_0001640334-24-001102.txt,0001438461,20240715,22371,,,,,,,no_valid_link,0
5166a385ebfcf4a2,20240715_10-K_edgar_data_866439_0001683168-24-004848.txt,0000866439,20240715,33858,,,,,,,no_valid_link,0
e6f665226ca1ca48,20240716_10-K_edgar_data_774415_0001683168-24-004875.txt,0000774415,20240716,61622,,,,,,,no_valid_link,0
60826e75e7de895f,20240718_10-K-A_edgar_data_1145765_0001145765-24-000008.txt,0001145765,20240718,nan,,,,,,,no_valid_link,0
6830807a71e42ecd,20240718_10-K-A_edgar_data_1468910_0001468910-24-000012.txt,0001468910,20240718,nan,,,,,,,no_valid_link,0
c818706c6028c2fa,20240718_10-K-A_edgar_data_888471_0000888471-24-000011.txt,0000888471,20240718,nan,,,,,,,no_valid_link,0
6f646a3efc61a894,20240723_10-K-A_edgar_data_1932244_0001493152-24-028837.txt,0001932244,20240723,41758,,,,,,,no_valid_link,0
3f8e5d2bcd52a2eb,20240723_10-K_edgar_data_1831964_0001013762-24-000579.txt,0001831964,20240723,37869,,,,,,,no_valid_link,0
31c9a29cd36c15f7,20240726_10-K_edgar_data_1816554_0001683168-24-005079.txt,0001816554,20240726,nan,,,,,,,no_valid_link,0
c7d2bc726dd2439b,20240726_10-K_edgar_data_1869601_0001829126-24-005033.txt,0001869601,20240726,39576,,,,,,,no_valid_link,0
5f4c2fbb64483670,20240729_10-K-A_edgar_data_929351_0001193125-24-187548.txt,0000929351,20240729,51514,,,,,,,no_valid_link,0
0aeea03c5a1c39ea,20240729_10-K_edgar_data_1980295_0001980295-24-000010.txt,0001980295,20240729,nan,,,,,,,no_valid_link,0
ee9ad820f6e1b611,20240730_10-K-A_edgar_data_894556_0001640334-24-001174.txt,0000894556,20240730,65842,,,,,,,no_valid_link,0
0faf19965b2e83b6,20240805_10-K-A_edgar_data_1683252_0001477932-24-004539.txt,0001683252,20240805,35039,,,,,,,no_valid_link,0
50e664e08c3d7bd3,20240808_10-K-A_edgar_data_1438943_0001493152-24-030763.txt,0001438943,20240808,181970,,,,,,,no_valid_link,0
24451c1eadfecf74,20240813_10-K-A_edgar_data_1101680_0000950170-24-096338.txt,0001101680,20240813,28071,,,,,,,no_valid_link,0
919fb59b3d9ac21b,20240813_10-K_edgar_data_1101680_0000950170-24-096409.txt,0001101680,20240813,28071,,,,,,,no_valid_link,0
72decb9f372dca0c,20240815_10-K-A_edgar_data_1647822_0001493152-24-032636.txt,0001647822,20240815,28401,,,,,,,no_valid_link,0
96f5f752f2ffed83,20240815_10-K_edgar_data_1175680_0001558370-24-012328.txt,0001175680,20240815,164720,,,,,,,no_valid_link,0
46f4f2a566450e0e,20240816_10-K-A_edgar_data_1549631_0001493152-24-032737.txt,0001549631,20240816,32242,,,,,,,no_valid_link,0
9bfd088f7249f2f0,20240819_10-K-A_edgar_data_1036848_0001213900-24-070723.txt,0001036848,20240819,nan,,,,,,,no_valid_link,0
014988a4a16ebe8b,20240819_10-K-A_edgar_data_1391426_0001903596-24-000526.txt,0001391426,20240819,159149,,,,,,,no_valid_link,0
5e93e79bd709c93e,20240819_10-K-A_edgar_data_1471781_0001731122-24-001280.txt,0001471781,20240819,185115,,,,,,,no_valid_link,0
9e4c835df9b14652,20240819_10-K-A_edgar_data_1932244_0001493152-24-033178.txt,0001932244,20240819,41758,,,,,,,no_valid_link,0
eb8a5cd3161a7141,20240819_10-K_edgar_data_1985554_0001683168-24-005873.txt,0001985554,20240819,nan,,,,,,,no_valid_link,0
0be2935cd9b61eba,20240820_10-K-A_edgar_data_1879814_0001410578-24-001530.txt,0001879814,20240820,39893,,,,,,,no_valid_link,0
6fbcaf30a090fe07,20240822_10-K_edgar_data_1679379_0001213900-24-071547.txt,0001679379,20240822,nan,,,,,,,no_valid_link,0
073ea37b01ddd757,20240823_10-K_edgar_data_1837774_0001731122-24-001311.txt,0001837774,20240823,156493,,,,,,,no_valid_link,0
de349f79b69d6469,20240828_10-K-A_edgar_data_1623590_0001753926-24-001491.txt,0001623590,20240828,33019,,,,,,,no_valid_link,0
c6bca7159c84260b,20240830_10-K_edgar_data_1165320_0001437749-24-028160.txt,0001165320,20240830,157774,,,,,,,no_valid_link,0
94557cf11294f377,20240905_10-K-A_edgar_data_1590496_0001213900-24-076149.txt,0001590496,20240905,24732,,,,,,,no_valid_link,0
d32080984d6ce7a9,20240905_10-K_edgar_data_1842138_0001393905-24-000320.txt,0001842138,20240905,nan,,,,,,,no_valid_link,0
0f93644951ec1190,20240911_10-K-A_edgar_data_711034_0001062993-24-016440.txt,0000711034,20240911,22002,,,,,,,no_valid_link,0
f3d51ee0dce85517,20240912_10-K_edgar_data_743758_0001213900-24-077916.txt,0000743758,20240912,112544,,,,,,,no_valid_link,0
dc8c444293e0fbab,20240913_10-K_edgar_data_1088413_0001437749-24-029155.txt,0001088413,20240913,31337,,,,,,,no_valid_link,0
8421e8968571ea75,20240913_10-K_edgar_data_1868573_0001193125-24-218930.txt,0001868573,20240913,40303,,,,,,,no_valid_link,0
35ab775541ab5740,20240916_10-K_edgar_data_1411057_0001683168-24-006402.txt,0001411057,20240916,179613,,,,,,,no_valid_link,0
d3f557b6e0ea0660,20240924_10-K_edgar_data_1832161_0001493152-24-037866.txt,0001832161,20240924,39330,,,,,,,no_valid_link,0
3322e57d7d6b8d4f,20240925_10-K_edgar_data_932021_0001493152-24-038049.txt,0000932021,20240925,31588,,,,,,,no_valid_link,0
4bc3ebf0c3b143de,20240926_10-K-A_edgar_data_1945619_0001683168-24-006662.txt,0001945619,20240926,126126,,,,,,,no_valid_link,0
374f558f029c0444,20240927_10-K_edgar_data_1009759_0001558370-24-013052.txt,0001009759,20240927,137373,,,,,,,no_valid_link,0
6b6d0ef66165db6c,20240927_10-K_edgar_data_1828805_0001213900-24-082694.txt,0001828805,20240927,41441,,,,,,,no_valid_link,0
3949394e84e2900c,20240927_10-K_edgar_data_1882198_0001213900-24-082353.txt,0001882198,20240927,40304,,,,,,,no_valid_link,0
d86917cea429df43,20240930_10-K_edgar_data_79661_0001493152-24-038779.txt,0000079661,20240930,22549,,,,,,,no_valid_link,0
9b5929fe3f787b32,20241001_10-K_edgar_data_1976663_0001477932-24-006074.txt,0001976663,20241001,nan,,,,,,,no_valid_link,0
f8b0e4c630d11a53,20241002_10-K_edgar_data_1624985_0001683168-24-006824.txt,0001624985,20241002,nan,,,,,,,no_valid_link,0
d450f6cf7d712934,20241002_10-K_edgar_data_1885849_0001885849-24-000015.txt,0001885849,20241002,nan,,,,,,,no_valid_link,0
81cb52dd79aa2d4a,20241008_10-K_edgar_data_1481504_0001477932-24-006252.txt,0001481504,20241008,36803,,,,,,,no_valid_link,0
c3b85aaf70e8731b,20241009_10-K-A_edgar_data_1842138_0001393905-24-000345.txt,0001842138,20241009,nan,,,,,,,no_valid_link,0
a68ebf1b812ff954,20241009_10-K_edgar_data_1381871_0001213900-24-086614.txt,0001381871,20241009,184597,,,,,,,no_valid_link,0
ff3c20f8295d4b7c,20241009_10-K_edgar_data_1978111_0001683168-24-007024.txt,0001978111,20241009,nan,,,,,,,no_valid_link,0
f2216f222d0a5741,20241011_10-K_edgar_data_1121795_0001079973-24-001394.txt,0001121795,20241011,180912,,,,,,,no_valid_link,0
ede301e99a5cc0bc,20241015_10-K_edgar_data_704172_0001493152-24-041102.txt,0000704172,20241015,61634,,,,,,,no_valid_link,0
b4d8c9ac5f1023e5,20241016_10-K_edgar_data_1490873_0001477932-24-006462.txt,0001490873,20241016,186370,,,,,,,no_valid_link,0
8e4db33445dd45e6,20241017_10-K_edgar_data_1281845_0001493152-24-041450.txt,0001281845,20241017,nan,,,,,,,no_valid_link,0
96aca7e13174c9a5,20241018_10-K-A_edgar_data_1848861_0001477932-24-006567.txt,0001848861,20241018,40294,,,,,,,no_valid_link,0
5ed12ed45308fe04,20241024_10-K_edgar_data_899394_0000899394-24-000006.txt,0000899394,20241024,61976,,,,,,,no_valid_link,0
8b1e0f4572d22d38,20241028_10-K-A_edgar_data_1623590_0001753926-24-001777.txt,0001623590,20241028,33019,,,,,,,no_valid_link,0
e140b22749f8473a,20241029_10-K_edgar_data_1584693_0001493152-24-042789.txt,0001584693,20241029,21759,,,,,,,no_valid_link,0
f64f1f0e95518e87,20241029_10-K_edgar_data_846377_0001477932-24-006707.txt,0000846377,20241029,31259,,,,,,,no_valid_link,0
c4bbf837d56807e5,20241105_10-K_edgar_data_1643721_0001477932-24-006885.txt,0001643721,20241105,29750,,,,,,,no_valid_link,0
8100bdfc9e2d9247,20241106_10-K_edgar_data_823277_0000823277-24-000046.txt,0000823277,20241106,134464,,,,,,,no_valid_link,0
4003b4b3c5f8e5bf,20241114_10-K_edgar_data_1376986_0001376986-24-000029.txt,0001376986,20241114,10447,,,,,,,no_valid_link,0
68f6334756fe3ba1,20241118_10-K-A_edgar_data_1720286_0001477932-24-007341.txt,0001720286,20241118,nan,,,,,,,no_valid_link,0
5571bc9d4b3384a9,20241120_10-K_edgar_data_1071840_0001171843-24-006491.txt,0001071840,20241120,122229,,,,,,,no_valid_link,0
1b853746038fa407,20241120_10-K_edgar_data_3146_0001437749-24-035823.txt,0000003146,20241120,1224,,,,,,,no_valid_link,0
e859e8c58879eda1,20241120_10-K_edgar_data_57183_0001437749-24-035823.txt,0000057183,20241120,156655,,,,,,,no_valid_link,0
774dc76e8694e459,20241126_10-K_edgar_data_1605331_0001663577-24-000297.txt,0001605331,20241126,24672,,,,,,,no_valid_link,0
134753d993e295d5,20241127_10-K-A_edgar_data_1577445_0001493152-24-047993.txt,0001577445,20241127,38977,,,,,,,no_valid_link,0
93a1e75abf0bb5d0,20241129_10-K_edgar_data_1127475_0001185185-24-001176.txt,0001127475,20241129,152686,,,,,,,no_valid_link,0
84068c5381ce8ac9,20241203_10-K-A_edgar_data_1803977_0001493152-24-048382.txt,0001803977,20241203,66552,,,,,,,no_valid_link,0
685f9e15be257391,20241206_10-K-A_edgar_data_1676163_0001213900-24-106251.txt,0001676163,20241206,33773,,,,,,,no_valid_link,0
b0921e4a10f48ea7,20241206_10-K_edgar_data_1463208_0001493152-24-048930.txt,0001463208,20241206,185950,,,,,,,no_valid_link,0
d8e593cc7328c49b,20241209_10-K_edgar_data_1829311_0001683168-24-008555.txt,0001829311,20241209,66009,,,,,,,no_valid_link,0
99937417bb838afb,20241212_10-K_edgar_data_1995920_0001995920-24-000026.txt,0001995920,20241212,nan,,,,,,,no_valid_link,0
875d05c2e67db1c9,20241212_10-K_edgar_data_27673_0001558370-24-016174.txt,0000027673,20241212,3836,,,,,,,no_valid_link,0
601ed40f96a7e7d1,20241213_10-K_edgar_data_1022505_0001493152-24-049837.txt,0001022505,20241213,64077,,,,,,,no_valid_link,0
aab2231b8bb57e94,20241216_10-K-A_edgar_data_1515139_0001493152-24-050075.txt,0001515139,20241216,18918,,,,,,,no_valid_link,0
bb096b839c2e66a0,20241219_10-K_edgar_data_1872371_0001872371-24-000014.txt,0001872371,20241219,nan,,,,,,,no_valid_link,0
0ae2f966265f134e,20241219_10-K_edgar_data_1974793_0001974793-24-000018.txt,0001974793,20241219,nan,,,,,,,no_valid_link,0
5c9fda4d9b527db6,20241220_10-K-A_edgar_data_1889450_0001493152-24-051026.txt,0001889450,20241220,40498,,,,,,,no_valid_link,0
ca0e8cc40f3cf990,20241227_10-K_edgar_data_1593001_0001213900-24-113166.txt,0001593001,20241227,nan,,,,,,,no_valid_link,0
76d629134c5efd9e,20241227_10-K_edgar_data_2016167_0001753926-24-002159.txt,0002016167,20241227,nan,,,,,,,no_valid_link,0
1c498ec987220fdd,20241230_10-K_edgar_data_1837774_0001731122-24-002061.txt,0001837774,20241230,156493,,,,,,,no_valid_link,0
7633269dd4754383,20241231_10-K_edgar_data_1683252_0001477932-24-008431.txt,0001683252,20241231,35039,,,,,,,no_valid_link,0
ab221a19ef33767c,20250103_10-K_edgar_data_1909770_0001477932-25-000026.txt,0001909770,20250103,nan,,,,,,,no_valid_link,0
dc0bf6e922e7ba5c,20250110_10-K_edgar_data_2000762_0001683168-25-000206.txt,0002000762,20250110,nan,,,,,,,no_valid_link,0
af00da39aa0c205b,20250113_10-K_edgar_data_1141964_0001214659-25-000464.txt,0001141964,20250113,156387,,,,,,,no_valid_link,0
38e5c43394ddbe1e,20250113_10-K_edgar_data_1502966_0001493152-25-001966.txt,0001502966,20250113,170378,,,,,,,no_valid_link,0
080a1a45ce857402,20250113_10-K_edgar_data_725394_0001683168-25-000285.txt,0000725394,20250113,40541,,,,,,,no_valid_link,0
fb9718f6ff637233,20250114_10-K_edgar_data_1383088_0001477932-25-000239.txt,0001383088,20250114,178303,,,,,,,no_valid_link,0
baa329163ec74962,20250114_10-K_edgar_data_1614556_0001683168-25-000339.txt,0001614556,20250114,24862,,,,,,,no_valid_link,0
4b4fd54d4afc8a0c,20250127_10-K_edgar_data_1125259_0000815097-25-000007.txt,0001125259,20250127,140821,,,,,,,no_valid_link,0
5bdb33d5871084b5,20250127_10-K_edgar_data_1601280_0001079973-25-000141.txt,0001601280,20250127,152710,,,,,,,no_valid_link,0
f964040f2f8d427e,20250128_10-K_edgar_data_804269_0000804269-25-000007.txt,0000804269,20250128,17197,,,,,,,no_valid_link,0
73fa1e7f66711499,20250129_10-K_edgar_data_1047166_0001067701-25-000008.txt,0001047166,20250129,nan,,,,,,,no_valid_link,0
114b16434e7993b8,20250129_10-K_edgar_data_1304161_0001654954-25-000915.txt,0001304161,20250129,176082,,,,,,,no_valid_link,0
a84c22f112360a1a,20250131_10-K_edgar_data_1271833_0001271833-25-000005.txt,0001271833,20250131,nan,,,,,,,no_valid_link,0
7882ce049f44a7c4,20250131_10-K_edgar_data_1271834_0001271833-25-000005.txt,0001271834,20250131,nan,,,,,,,no_valid_link,0
f5a41e82b21b5dff,20250131_10-K_edgar_data_1546853_0001477932-25-000608.txt,0001546853,20250131,17349,,,,,,,no_valid_link,0
d8d9c3815881e81d,20250204_10-K_edgar_data_100790_0000029915-25-000003.txt,0000100790,20250204,10857,,,,,,,no_valid_link,0
d9c1a72112357570,20250204_10-K_edgar_data_29915_0001751788-25-000012.txt,0000029915,20250204,nan,,,,,,,no_valid_link,0
f00b95331800a0a2,20250205_10-K_edgar_data_847942_0001493152-25-005023.txt,0000847942,20250205,23369,,,,,,,no_valid_link,0
3e91dcfa8ad0413b,20250206_10-K_edgar_data_38009_0000038009-25-000007.txt,0000038009,20250206,4840,,,,,,,no_valid_link,0
8dbe62b90450d1e3,20250207_10-K_edgar_data_1581776_0000950170-25-016287.txt,0001581776,20250207,nan,,,,,,,no_valid_link,0
1cfa4dddea6c22aa,20250210_10-K_edgar_data_1040765_0000899689-25-000004.txt,0001040765,20250210,183674,,,,,,,no_valid_link,0
125b3ddb232be60d,20250210_10-K_edgar_data_1630031_0001581068-25-000009.txt,0001630031,20250210,22405,,,,,,,no_valid_link,0
9e7478654b58c9ae,20250211_10-K_edgar_data_1336047_0001336047-25-000006.txt,0001336047,20250211,164756,,,,,,,no_valid_link,0
791658c0b7bccebf,20250211_10-K_edgar_data_201533_0000811156-25-000036.txt,0000201533,20250211,13948,,,,,,,no_valid_link,0
ad3cfcec331418f9,20250212_10-K_edgar_data_1135971_0001109357-25-000043.txt,0001135971,20250212,8694,,,,,,,no_valid_link,0
ab5a5dc35a099165,20250212_10-K_edgar_data_1509570_0001500217-25-000007.txt,0001509570,20250212,nan,,,,,,,no_valid_link,0
60a508ebb720c523,20250212_10-K_edgar_data_1636315_0001286043-25-000014.txt,0001636315,20250212,nan,,,,,,,no_valid_link,0
e6c71b4a823f3da6,20250212_10-K_edgar_data_22606_0001109357-25-000043.txt,0000022606,20250212,31596,,,,,,,no_valid_link,0
439b49975a8eddf5,20250212_10-K_edgar_data_27879_0001109357-25-000043.txt,0000027879,20250212,114789,,,,,,,no_valid_link,0
19eefe37ea463ee7,20250212_10-K_edgar_data_78100_0001109357-25-000043.txt,0000078100,20250212,145347,,,,,,,no_valid_link,0
a9d03dfcdf75660f,20250212_10-K_edgar_data_79732_0001109357-25-000043.txt,0000079732,20250212,155277,,,,,,,no_valid_link,0
6887f7ba73361a79,20250212_10-K_edgar_data_8192_0001109357-25-000043.txt,0000008192,20250212,14437,,,,,,,no_valid_link,0
d0b5a97f0ae9b8b2,20250212_10-K_edgar_data_9466_0001109357-25-000043.txt,0000009466,20250212,144580,,,,,,,no_valid_link,0
f9a17bd61df7554d,20250213_10-K_edgar_data_1026214_0001026214-25-000040.txt,0001026214,20250213,15208,,,,,,,no_valid_link,0
bf5dbb866092ef1d,20250213_10-K_edgar_data_1493976_0001025996-25-000052.txt,0001493976,20250213,nan,,,,,,,no_valid_link,0
a6d496af85affe68,20250213_10-K_edgar_data_1702494_0000004904-25-000027.txt,0001702494,20250213,nan,,,,,,,no_valid_link,0
cc62daf5979622bf,20250213_10-K_edgar_data_1721781_0000004904-25-000027.txt,0001721781,20250213,nan,,,,,,,no_valid_link,0
5fee63ad9aa2e7fe,20250213_10-K_edgar_data_317187_0000922224-25-000009.txt,0000317187,20250213,145348,,,,,,,no_valid_link,0
5efb9181cb76308c,20250213_10-K_edgar_data_50172_0000004904-25-000027.txt,0000050172,20250213,5914,,,,,,,no_valid_link,0
71a573e7682b4483,20250213_10-K_edgar_data_55387_0000922224-25-000009.txt,0000055387,20250213,25588,,,,,,,no_valid_link,0
5c5a784ac8866b02,20250213_10-K_edgar_data_60549_0000922224-25-000009.txt,0000060549,20250213,23465,,,,,,,no_valid_link,0
54ae3e80589073b5,20250213_10-K_edgar_data_6879_0000004904-25-000027.txt,0000006879,20250213,1689,,,,,,,no_valid_link,0
3512b6591a2c4d51,20250213_10-K_edgar_data_73986_0000004904-25-000027.txt,0000073986,20250213,8102,,,,,,,no_valid_link,0
05a334305f4a4e33,20250213_10-K_edgar_data_75488_0001004980-25-000010.txt,0000075488,20250213,65092,,,,,,,no_valid_link,0
b84992aa1de94ea3,20250213_10-K_edgar_data_81027_0000004904-25-000027.txt,0000081027,20250213,8809,,,,,,,no_valid_link,0
5053b9c45c6a5034,20250213_10-K_edgar_data_92487_0000004904-25-000027.txt,0000092487,20250213,9902,,,,,,,no_valid_link,0
c1c9e825d83fdace,20250213_10-K_edgar_data_931182_0000950170-25-019894.txt,0000931182,20250213,nan,,,,,,,no_valid_link,0
6d73f7805b5fb7da,20250214_10-K_edgar_data_100122_0000100122-25-000004.txt,0000100122,20250214,66624,,,,,,,no_valid_link,0
bab342ce0bef152e,20250214_10-K_edgar_data_1033128_0000921825-25-000019.txt,0001033128,20250214,nan,,,,,,,no_valid_link,0
c94552155105ab75,20250214_10-K_edgar_data_1066247_0000950170-25-021359.txt,0001066247,20250214,nan,,,,,,,no_valid_link,0
e05d0cf51ebba1dc,20250214_10-K_edgar_data_1109448_0001109448-25-000011.txt,0001109448,20250214,nan,,,,,,,no_valid_link,0
5e2968360dfa9258,20250214_10-K_edgar_data_1317630_0001317630-25-000002.txt,0001317630,20250214,163669,,,,,,,no_valid_link,0
702ab24a302affe3,20250214_10-K_edgar_data_1792581_0001437749-25-004000.txt,0001792581,20250214,36465,,,,,,,no_valid_link,0
1f47ce460018ad0e,20250214_10-K_edgar_data_30554_0001755672-25-000005.txt,0000030554,20250214,4087,,,,,,,no_valid_link,0
9a7cd978d4f28e0a,20250214_10-K_edgar_data_310522_0000310522-25-000199.txt,0000310522,20250214,4601,,,,,,,no_valid_link,0
58459c5e6c22da28,20250214_10-K_edgar_data_37634_0000753308-25-000011.txt,0000037634,20250214,4798,,,,,,,no_valid_link,0
2d1b0f5db079d74a,20250214_10-K_edgar_data_830616_0001558370-25-000969.txt,0000830616,20250214,20177,,,,,,,no_valid_link,0
622fcb6e96879aae,20250218_10-K_edgar_data_100826_0001002910-25-000055.txt,0000100826,20250218,116304,,,,,,,no_valid_link,0
22b1c93d6876a683,20250218_10-K_edgar_data_1089748_0001437749-25-004205.txt,0001089748,20250218,148256,,,,,,,no_valid_link,0
f6137edf47072f36,20250218_10-K_edgar_data_1168165_0001868275-25-000023.txt,0001168165,20250218,156418,,,,,,,no_valid_link,0
a5e2d3499d0c06aa,20250218_10-K_edgar_data_1348952_0000065984-25-000012.txt,0001348952,20250218,6823,,,,,,,no_valid_link,0
7f6b57bd4c49df46,20250218_10-K_edgar_data_1427437_0000065984-25-000012.txt,0001427437,20250218,179236,,,,,,,no_valid_link,0
226456012d5cfb1e,20250218_10-K_edgar_data_1845942_0001731122-25-000237.txt,0001845942,20250218,nan,,,,,,,no_valid_link,0
f39fb972ce0668a9,20250218_10-K_edgar_data_18654_0001002910-25-000055.txt,0000018654,20250218,24868,,,,,,,no_valid_link,0
bfc0bbbcd1f34d8c,20250218_10-K_edgar_data_202584_0000065984-25-000012.txt,0000202584,20250218,7365,,,,,,,no_valid_link,0
7bff1f541953048b,20250218_10-K_edgar_data_47129_0001657853-25-000015.txt,0000047129,20250218,nan,,,,,,,no_valid_link,0
7b92a1bce12ba975,20250218_10-K_edgar_data_66901_0000065984-25-000012.txt,0000066901,20250218,7449,,,,,,,no_valid_link,0
18a37ad0a7f59386,20250218_10-K_edgar_data_71508_0000065984-25-000012.txt,0000071508,20250218,7851,,,,,,,no_valid_link,0
dcff8a0bedebff2d,20250218_10-K_edgar_data_7323_0000065984-25-000012.txt,0000007323,20250218,1745,,,,,,,no_valid_link,0
1200897908267540,20250219_10-K_edgar_data_1282980_0001213900-25-015289.txt,0001282980,20250219,162656,,,,,,,no_valid_link,0
a6153b46359d774b,20250219_10-K_edgar_data_1850262_0001193125-25-028861.txt,0001850262,20250219,39581,,,,,,,no_valid_link,0
4ef93a1e7f104c41,20250219_10-K_edgar_data_4515_0000006201-25-000010.txt,0000004515,20250219,1388,,,,,,,no_valid_link,0
4648c7a04df20889,20250219_10-K_edgar_data_74145_0000950170-25-022560.txt,0000074145,20250219,115687,,,,,,,no_valid_link,0
ae0fa39368f18793,20250219_10-K_edgar_data_83246_0000083246-25-000007.txt,0000083246,20250219,9061,,,,,,,no_valid_link,0
113c16e36059d0e5,20250219_10-K_edgar_data_885975_0000950170-25-022756.txt,0000885975,20250219,60972,,,,,,,no_valid_link,0
f31aa65a8089afed,20250219_10-K_edgar_data_92116_0001628280-25-006389.txt,0000092116,20250219,147222,,,,,,,no_valid_link,0
26c69415dca53c63,20250220_10-K_edgar_data_1004155_0000092122-25-000018.txt,0001004155,20250220,1837,,,,,,,no_valid_link,0
7eb5f8350f2c7099,20250220_10-K_edgar_data_1042773_0001130310-25-000040.txt,0001042773,20250220,145350,,,,,,,no_valid_link,0
e757e69e869047b9,20250220_10-K_edgar_data_1160661_0000092122-25-000018.txt,0001160661,20250220,156820,,,,,,,no_valid_link,0
7f1a2d98ee897d6d,20250220_10-K_edgar_data_1723788_0000950170-25-024314.txt,0001723788,20250220,nan,,,,,,,no_valid_link,0
67f44111f18d75d2,20250220_10-K_edgar_data_1811972_0001811972-25-000007.txt,0001811972,20250220,nan,,,,,,,no_valid_link,0
74a5394d75c1092b,20250220_10-K_edgar_data_1859919_0001859919-25-000013.txt,0001859919,20250220,nan,,,,,,,no_valid_link,0
ad8bd5a9b4fbe3fa,20250220_10-K_edgar_data_23632_0001047862-25-000011.txt,0000023632,20250220,105999,,,,,,,no_valid_link,0
addeb31760578c26,20250220_10-K_edgar_data_3153_0000092122-25-000018.txt,0000003153,20250220,1225,,,,,,,no_valid_link,0
c061cd13e44da7c1,20250220_10-K_edgar_data_41091_0000092122-25-000018.txt,0000041091,20250220,5135,,,,,,,no_valid_link,0
420e05682ffe748b,20250220_10-K_edgar_data_48732_0001130310-25-000040.txt,0000048732,20250220,155969,,,,,,,no_valid_link,0
bbd9179c7c6359c8,20250220_10-K_edgar_data_52428_0000820027-25-000016.txt,0000052428,20250220,nan,,,,,,,no_valid_link,0
fd896e45b0a7c597,20250220_10-K_edgar_data_66904_0000092122-25-000018.txt,0000066904,20250220,7450,,,,,,,no_valid_link,0
8291a2958674e1bb,20250220_10-K_edgar_data_68622_0000068622-25-000005.txt,0000068622,20250220,148998,,,,,,,no_valid_link,0
f4434096191b0174,20250220_10-K_edgar_data_727892_0000820027-25-000014.txt,0000727892,20250220,nan,,,,,,,no_valid_link,0
d00e0ec7856df6ec,20250220_10-K_edgar_data_743238_0001437749-25-004501.txt,0000743238,20250220,nan,,,,,,,no_valid_link,0
e5f629f362c64b14,20250220_10-K_edgar_data_794323_0000794323-25-000006.txt,0000794323,20250220,13440,,,,,,,no_valid_link,0
88056554129845fe,20250221_10-K_edgar_data_1004036_0000899715-25-000036.txt,0001004036,20250221,nan,,,,,,,no_valid_link,0
1c53714f4c995eca,20250221_10-K_edgar_data_1022344_0001558370-25-001271.txt,0001022344,20250221,nan,,,,,,,no_valid_link,0
b1eb94aeb9134581,20250221_10-K_edgar_data_1053059_0000920522-25-000024.txt,0001053059,20250221,nan,,,,,,,no_valid_link,0
c396110387da4b39,20250221_10-K_edgar_data_107815_0000107815-25-000105.txt,0000107815,20250221,13353,,,,,,,no_valid_link,0
7e41a8375e41a4ca,20250221_10-K_edgar_data_107832_0000352541-25-000014.txt,0000107832,20250221,14580,,,,,,,no_valid_link,0
7c5ea741a7c72fdd,20250221_10-K_edgar_data_107833_0000107815-25-000107.txt,0000107833,20250221,65095,,,,,,,no_valid_link,0
42c2f9f2ae63aed2,20250221_10-K_edgar_data_1085392_0001085392-25-000009.txt,0001085392,20250221,8818,,,,,,,no_valid_link,0
fdc72dd5766dd97f,20250221_10-K_edgar_data_1618755_0001618755-25-000010.txt,0001618755,20250221,22402,,,,,,,no_valid_link,0
dca0cb037b52bbfd,20250221_10-K_edgar_data_1716558_0001562401-25-000013.txt,0001716558,20250221,nan,,,,,,,no_valid_link,0
dc6f5698ac8ba36b,20250221_10-K_edgar_data_1901203_0001213900-25-015846.txt,0001901203,20250221,43709,,,,,,,no_valid_link,0
6e55dea568b0bf61,20250221_10-K_edgar_data_1959472_0000950170-25-024723.txt,0001959472,20250221,nan,,,,,,,no_valid_link,0
0baa7f6e981cd7eb,20250221_10-K_edgar_data_52485_0000352541-25-000014.txt,0000052485,20250221,12555,,,,,,,no_valid_link,0
9354bb7cbcdc45eb,20250221_10-K_edgar_data_81100_0001085392-25-000009.txt,0000081100,20250221,156819,,,,,,,no_valid_link,0
94839749fc08330f,20250224_10-K_edgar_data_1081316_0001081316-25-000004.txt,0001081316,20250224,13427,,,,,,,no_valid_link,0
6ac4ff090305f5ce,20250224_10-K_edgar_data_108772_0001770450-25-000010.txt,0000108772,20250224,nan,,,,,,,no_valid_link,0
eed1c55299b5b7ec,20250224_10-K_edgar_data_1098296_0001081316-25-000004.txt,0001098296,20250224,13428,,,,,,,no_valid_link,0
a0b99b952e71d6f4,20250224_10-K_edgar_data_1394638_0001731122-25-000289.txt,0001394638,20250224,185210,,,,,,,no_valid_link,0
b248b5bd5d62d6ed,20250224_10-K_edgar_data_1527469_0001527469-25-000016.txt,0001527469,20250224,318728,,,,,,,no_valid_link,0
048f956172e21983,20250224_10-K_edgar_data_1603291_0001081316-25-000004.txt,0001603291,20250224,18965,,,,,,,no_valid_link,0
9f65e902f639017f,20250224_10-K_edgar_data_1936737_0001081316-25-000004.txt,0001936737,20250224,nan,,,,,,,no_valid_link,0
a5ea874023b1bbe2,20250224_10-K_edgar_data_46207_0000354707-25-000013.txt,0000046207,20250224,5525,,,,,,,no_valid_link,0
1c04d6b22fd1aa18,20250224_10-K_edgar_data_71180_0001081316-25-000004.txt,0000071180,20250224,145270,,,,,,,no_valid_link,0
6f2a8b7e2619bed3,20250224_10-K_edgar_data_732834_0000950170-25-025741.txt,0000732834,20250224,3469,,,,,,,no_valid_link,0
09e8e4a0907bc1a4,20250224_10-K_edgar_data_75594_0001081316-25-000004.txt,0000075594,20250224,8290,,,,,,,no_valid_link,0
7fa3dab7c8668ca3,20250224_10-K_edgar_data_90144_0001081316-25-000004.txt,0000090144,20250224,9691,,,,,,,no_valid_link,0
e1ebf931a1e4b020,20250224_10-K_edgar_data_928576_0001081316-25-000004.txt,0000928576,20250224,65298,,,,,,,no_valid_link,0
9ea22ce54f429fd5,20250225_10-K_edgar_data_1098009_0001185185-25-000157.txt,0001098009,20250225,19317,,,,,,,no_valid_link,0
bece2bee68feae12,20250225_10-K_edgar_data_110019_0000107263-25-000031.txt,0000110019,20250225,7994,,,,,,,no_valid_link,0
9f986765babaeed4,20250225_10-K_edgar_data_1193311_0001193311-25-000006.txt,0001193311,20250225,155970,,,,,,,no_valid_link,0
69d69ea6b6760e44,20250225_10-K_edgar_data_1355001_0001398987-25-000020.txt,0001355001,20250225,nan,,,,,,,no_valid_link,0
8c94888be149a464,20250225_10-K_edgar_data_1494877_0001558370-25-001424.txt,0001494877,20250225,nan,,,,,,,no_valid_link,0
19e2f8ba589d3d84,20250225_10-K_edgar_data_1743415_0000950170-25-026599.txt,0001743415,20250225,nan,,,,,,,no_valid_link,0
f0427ac37447b2f4,20250225_10-K_edgar_data_1832148_0000950170-25-026598.txt,0001832148,20250225,nan,,,,,,,no_valid_link,0
2ddbf3849d165ec7,20250225_10-K_edgar_data_1932591_0000950170-25-026600.txt,0001932591,20250225,nan,,,,,,,no_valid_link,0
e19d945d83e43469,20250225_10-K_edgar_data_61339_0000950170-25-026262.txt,0000061339,20250225,156656,,,,,,,no_valid_link,0
02a14f7f1380b821,20250225_10-K_edgar_data_7286_0000764622-25-000023.txt,0000007286,20250225,1742,,,,,,,no_valid_link,0
c7704e8f3ab01529,20250225_10-K_edgar_data_81033_0000950170-25-026874.txt,0000081033,20250225,12749,,,,,,,no_valid_link,0
a2bc9b6cd2663a4c,20250225_10-K_edgar_data_86521_0001032208-25-000012.txt,0000086521,20250225,65090,,,,,,,no_valid_link,0
aa5cc3d980a9ccb6,20250225_10-K_edgar_data_92108_0001032208-25-000012.txt,0000092108,20250225,9848,,,,,,,no_valid_link,0
0d138ef25c9b6244,20250225_10-K_edgar_data_99250_0000107263-25-000031.txt,0000099250,20250225,10678,,,,,,,no_valid_link,0
05589022b2ef7bc8,20250226_10-K_edgar_data_1061937_0001070750-25-000071.txt,0001061937,20250226,260996,,,,,,,no_valid_link,0
cea42e077602adc7,20250226_10-K_edgar_data_1279695_0001437749-25-005171.txt,0001279695,20250226,nan,,,,,,,no_valid_link,0
ce925375ba2f03e1,20250226_10-K_edgar_data_1602065_0001602065-25-000010.txt,0001602065,20250226,nan,,,,,,,no_valid_link,0
fdb831f6436001e8,20250226_10-K_edgar_data_813828_0000813828-25-000005.txt,0000813828,20250226,nan,,,,,,,no_valid_link,0
73a6d3c4fb899c34,20250226_10-K_edgar_data_912752_0001971213-25-000012.txt,0000912752,20250226,nan,,,,,,,no_valid_link,0
1c61a8a9bd1dda96,20250227_10-K_edgar_data_103682_0000950170-25-028387.txt,0000103682,20250227,11188,,,,,,,no_valid_link,0
aed674f224444f9a,20250227_10-K_edgar_data_1043121_0001656423-25-000009.txt,0001043121,20250227,nan,,,,,,,no_valid_link,0
413ef14da95d054f,20250227_10-K_edgar_data_1123852_0001123852-25-000005.txt,0001123852,20250227,145273,,,,,,,no_valid_link,0
b1dc184ab30c00c1,20250227_10-K_edgar_data_1254699_0001254699-25-000014.txt,0001254699,20250227,13506,,,,,,,no_valid_link,0
b6e1f6d633a4c7d2,20250227_10-K_edgar_data_1318742_0001558370-25-001748.txt,0001318742,20250227,nan,,,,,,,no_valid_link,0
71849401df0d816a,20250227_10-K_edgar_data_1381531_0000950170-25-028984.txt,0001381531,20250227,176760,,,,,,,no_valid_link,0
08f4e3c00749a4d2,20250227_10-K_edgar_data_1560385_0001558370-25-001830.txt,0001560385,20250227,27189,,,,,,,no_valid_link,0
b3e97c8840fe5be3,20250227_10-K_edgar_data_1561032_0001561032-25-000006.txt,0001561032,20250227,35951,,,,,,,no_valid_link,0
e074595ff7ab2721,20250227_10-K_edgar_data_1753373_0001493152-25-008533.txt,0001753373,20250227,39394,,,,,,,no_valid_link,0
a73069789220a016,20250227_10-K_edgar_data_17797_0001326160-25-000072.txt,0000017797,20250227,144848,,,,,,,no_valid_link,0
9ff2f136b0f30f9f,20250227_10-K_edgar_data_20290_0001326160-25-000072.txt,0000020290,20250227,3039,,,,,,,no_valid_link,0
6ff859df78a55398,20250227_10-K_edgar_data_2038118_0002038118-25-000004.txt,0002038118,20250227,nan,,,,,,,no_valid_link,0
2592f20d1f77b683,20250227_10-K_edgar_data_30371_0001326160-25-000072.txt,0000030371,20250227,180942,,,,,,,no_valid_link,0
086a0b37d3bfb208,20250227_10-K_edgar_data_319687_0000100517-25-000046.txt,0000319687,20250227,10484,,,,,,,no_valid_link,0
77b373abe73fc5b2,20250227_10-K_edgar_data_37637_0001326160-25-000072.txt,0000037637,20250227,4799,,,,,,,no_valid_link,0
460f10e669b9556b,20250227_10-K_edgar_data_47307_0001437749-25-005328.txt,0000047307,20250227,5621,,,,,,,no_valid_link,0
575a004b7b3ea869,20250227_10-K_edgar_data_54476_0001711269-25-000004.txt,0000054476,20250227,156654,,,,,,,no_valid_link,0
eb650b0febcbdd29,20250227_10-K_edgar_data_54507_0001711269-25-000004.txt,0000054507,20250227,34057,,,,,,,no_valid_link,0
629fc2adb1ffb5f9,20250227_10-K_edgar_data_72909_0000072909-25-000004.txt,0000072909,20250227,7978,,,,,,,no_valid_link,0
3cb2db396ff06ec4,20250227_10-K_edgar_data_78460_0001326160-25-000072.txt,0000078460,20250227,8577,,,,,,,no_valid_link,0
b2dc05f17ff1c27c,20250227_10-K_edgar_data_81018_0000081018-25-000004.txt,0000081018,20250227,66591,,,,,,,no_valid_link,0
78b87b1043c6126e,20250227_10-K_edgar_data_81020_0001326160-25-000072.txt,0000081020,20250227,15448,,,,,,,no_valid_link,0
330e1d281e43549d,20250227_10-K_edgar_data_91882_0000950170-25-028391.txt,0000091882,20250227,9828,,,,,,,no_valid_link,0
310a93965f4f1b0a,20250227_10-K_edgar_data_92103_0000827052-25-000022.txt,0000092103,20250227,14912,,,,,,,no_valid_link,0
f342a618b75efefd,20250227_10-K_edgar_data_92521_0000092521-25-000009.txt,0000092521,20250227,9906,,,,,,,no_valid_link,0
faddcbc75a64e813,20250228_10-K_edgar_data_1300485_0001298675-25-000011.txt,0001300485,20250228,nan,,,,,,,no_valid_link,0
67f71f6899e9cec4,20250228_10-K_edgar_data_1376227_0001410578-25-000230.txt,0001376227,20250228,nan,,,,,,,no_valid_link,0
f54e9d8521945fd6,20250228_10-K_edgar_data_1498828_0001628280-25-009083.txt,0001498828,20250228,nan,,,,,,,no_valid_link,0
ec15317fec7acec6,20250228_10-K_edgar_data_1552493_0001558370-25-001957.txt,0001552493,20250228,nan,,,,,,,no_valid_link,0
7eb40435c2357475,20250228_10-K_edgar_data_1742313_0001742313-25-000012.txt,0001742313,20250228,nan,,,,,,,no_valid_link,0
8401a08e485065df,20250228_10-K_edgar_data_1855781_0000950170-25-029444.txt,0001855781,20250228,nan,,,,,,,no_valid_link,0
f034c46fd124f6a9,20250228_10-K_edgar_data_1902649_0000950170-25-030170.txt,0001902649,20250228,nan,,,,,,,no_valid_link,0
828eef6fbcdef294,20250228_10-K_edgar_data_22767_0001108426-25-000014.txt,0000022767,20250228,10502,,,,,,,no_valid_link,0
e4b64b4d4d1199cf,20250228_10-K_edgar_data_81023_0001108426-25-000014.txt,0000081023,20250228,156818,,,,,,,no_valid_link,0
c61eae85eb915299,20250228_10-K_edgar_data_885275_0000950170-25-029576.txt,0000885275,20250228,264731,,,,,,,no_valid_link,0
e08aa058a22c79ee,20250303_10-K_edgar_data_1498710_0001498710-25-000008.txt,0001498710,20250303,185624,,,,,,,no_valid_link,0
d1a78eabdbd07303,20250303_10-K_edgar_data_1593773_0001477932-25-001401.txt,0001593773,20250303,21876,,,,,,,no_valid_link,0
a60919061e254dd9,20250303_10-K_edgar_data_1840102_0001520138-25-000063.txt,0001840102,20250303,40825,,,,,,,no_valid_link,0
052bcda583da833c,20250303_10-K_edgar_data_1848861_0001477932-25-001399.txt,0001848861,20250303,40294,,,,,,,no_valid_link,0
d067fd8881f65a15,20250303_10-K_edgar_data_1950976_0000950170-25-030258.txt,0001950976,20250303,nan,,,,,,,no_valid_link,0
05de0b6f01121a4d,20250303_10-K_edgar_data_811830_0000811830-25-000012.txt,0000811830,20250303,17130,,,,,,,no_valid_link,0
c9027fcec98789de,20250304_10-K_edgar_data_1405513_0001410578-25-000266.txt,0001405513,20250304,nan,,,,,,,no_valid_link,0
651e2cf84ddcedae,20250304_10-K_edgar_data_1812554_0001812554-25-000009.txt,0001812554,20250304,nan,,,,,,,no_valid_link,0
bec1491b61a4c81a,20250304_10-K_edgar_data_1851322_0001851322-25-000023.txt,0001851322,20250304,nan,,,,,,,no_valid_link,0
ce237ab5fa7534b0,20250304_10-K_edgar_data_1865174_0000950170-25-032234.txt,0001865174,20250304,nan,,,,,,,no_valid_link,0
749f09acd1925c49,20250304_10-K_edgar_data_1889668_0001889668-25-000006.txt,0001889668,20250304,nan,,,,,,,no_valid_link,0
c50739977682d318,20250304_10-K_edgar_data_1920145_0000950170-25-032199.txt,0001920145,20250304,nan,,,,,,,no_valid_link,0
6d98882c1b83a2a4,20250304_10-K_edgar_data_1948368_0000950170-25-032238.txt,0001948368,20250304,nan,,,,,,,no_valid_link,0
114aa857926d7a85,20250304_10-K_edgar_data_1973476_0001973476-25-000018.txt,0001973476,20250304,nan,,,,,,,no_valid_link,0
5e1392beb0c31b43,20250304_10-K_edgar_data_733076_0000733076-25-000003.txt,0000733076,20250304,20521,,,,,,,no_valid_link,0
8e39cb72d27eb00b,20250305_10-K_edgar_data_1330399_0001330399-25-000010.txt,0001330399,20250305,nan,,,,,,,no_valid_link,0
082ff073bac2c4fa,20250305_10-K_edgar_data_1528985_0000950170-25-033568.txt,0001528985,20250305,27463,,,,,,,no_valid_link,0
4611f9811fee1da0,20250305_10-K_edgar_data_1538990_0000950170-25-033855.txt,0001538990,20250305,21630,,,,,,,no_valid_link,0
187c1e90543307ed,20250305_10-K_edgar_data_1869453_0001869453-25-000011.txt,0001869453,20250305,nan,,,,,,,no_valid_link,0
2caa6a0276f1e9e4,20250305_10-K_edgar_data_1879814_0001410578-25-000276.txt,0001879814,20250305,39893,,,,,,,no_valid_link,0
e2abb7cc005f0b2b,20250305_10-K_edgar_data_1976719_0001976719-25-000004.txt,0001976719,20250305,nan,,,,,,,no_valid_link,0
4272bafe93dc38b9,20250305_10-K_edgar_data_1983514_0001983514-25-000022.txt,0001983514,20250305,nan,,,,,,,no_valid_link,0
2d376e2c49afea6b,20250305_10-K_edgar_data_2010653_0001829126-25-001482.txt,0002010653,20250305,50436,,,,,,,no_valid_link,0
b81f7e09e71d996b,20250305_10-K_edgar_data_2037804_0002037804-25-000003.txt,0002037804,20250305,nan,,,,,,,no_valid_link,0
5e5e72da9aa7db40,20250305_10-K_edgar_data_27430_0000787250-25-000012.txt,0000027430,20250305,12612,,,,,,,no_valid_link,0
f48da06b4b72a14a,20250305_10-K_edgar_data_728391_0000728391-25-000017.txt,0000728391,20250305,6178,,,,,,,no_valid_link,0
c8a6e2e1b90ccb4c,20250305_10-K_edgar_data_787250_0000787250-25-000012.txt,0000787250,20250305,3814,,,,,,,no_valid_link,0
ebce7ac2a5e1130b,20250306_10-K_edgar_data_1316944_0001316944-25-000055.txt,0001316944,20250306,nan,,,,,,,no_valid_link,0
90e461297c227767,20250306_10-K_edgar_data_1327978_0001558370-25-002411.txt,0001327978,20250306,nan,,,,,,,no_valid_link,0
8eb1ff34a0173ae2,20250306_10-K_edgar_data_1388295_0001493152-25-009285.txt,0001388295,20250306,178300,,,,,,,no_valid_link,0
4fe972202ec3274c,20250306_10-K_edgar_data_1625941_0001558370-25-002412.txt,0001625941,20250306,nan,,,,,,,no_valid_link,0
65bf8bd570595135,20250306_10-K_edgar_data_1747777_0001747777-25-000008.txt,0001747777,20250306,51878,,,,,,,no_valid_link,0
9b3c717e48c2e39e,20250306_10-K_edgar_data_1766037_0001766037-25-000003.txt,0001766037,20250306,nan,,,,,,,no_valid_link,0
58a753867352d0fe,20250306_10-K_edgar_data_1778129_0000950170-25-034600.txt,0001778129,20250306,32731,,,,,,,no_valid_link,0
e6c0bb65ebee012d,20250306_10-K_edgar_data_1786008_0001888524-25-004193.txt,0001786008,20250306,nan,,,,,,,no_valid_link,0
532b75bed317b6bf,20250306_10-K_edgar_data_1854463_0001493152-25-009315.txt,0001854463,20250306,39458,,,,,,,no_valid_link,0
11e1b6ad6227dbca,20250306_10-K_edgar_data_1885968_0001885968-25-000005.txt,0001885968,20250306,nan,,,,,,,no_valid_link,0
cb0550971c7cd2de,20250306_10-K_edgar_data_1925531_0001925531-25-000004.txt,0001925531,20250306,nan,,,,,,,no_valid_link,0
bf8959d7c8bbec1c,20250306_10-K_edgar_data_2023730_0000950170-25-034611.txt,0002023730,20250306,45442,,,,,,,no_valid_link,0
957cea89994403fd,20250307_10-K_edgar_data_1089819_0001089819-25-000003.txt,0001089819,20250307,2859,,,,,,,no_valid_link,0
05fefcd9ccbc5b7b,20250307_10-K_edgar_data_1114927_0001140361-25-007622.txt,0001114927,20250307,62365,,,,,,,no_valid_link,0
8d4dede7df983ea8,20250307_10-K_edgar_data_1275477_0001437749-25-006605.txt,0001275477,20250307,264510,,,,,,,no_valid_link,0
8dc3b49a588572ba,20250307_10-K_edgar_data_1325814_0001325814-25-000046.txt,0001325814,20250307,nan,,,,,,,no_valid_link,0
56569a02a2749862,20250307_10-K_edgar_data_1331465_0001331465-25-000051.txt,0001331465,20250307,nan,,,,,,,no_valid_link,0
0737bbbb8931c7e3,20250307_10-K_edgar_data_1518715_0001518715-25-000026.txt,0001518715,20250307,18948,,,,,,,no_valid_link,0
d14123e27b11bfd4,20250307_10-K_edgar_data_1651790_0001888524-25-004201.txt,0001651790,20250307,nan,,,,,,,no_valid_link,0
d883c1ed2d7b678b,20250307_10-K_edgar_data_1655153_0001888524-25-004203.txt,0001655153,20250307,nan,,,,,,,no_valid_link,0
4889f922ae6f87c1,20250307_10-K_edgar_data_1662972_0001662972-25-000027.txt,0001662972,20250307,nan,,,,,,,no_valid_link,0
6efcb7023f54c674,20250307_10-K_edgar_data_1740849_0001888524-25-004195.txt,0001740849,20250307,nan,,,,,,,no_valid_link,0
4c7fd29f96d658a0,20250307_10-K_edgar_data_1837671_0001837671-25-000011.txt,0001837671,20250307,41298,,,,,,,no_valid_link,0
3f986fab17652ee3,20250307_10-K_edgar_data_1860424_0000950170-25-035197.txt,0001860424,20250307,nan,,,,,,,no_valid_link,0
5a2e5051952a582a,20250307_10-K_edgar_data_18672_0001089819-25-000003.txt,0000018672,20250307,145268,,,,,,,no_valid_link,0
674c816b8ff56387,20250307_10-K_edgar_data_1890702_0001888524-25-004198.txt,0001890702,20250307,nan,,,,,,,no_valid_link,0
47654c32aae7f126,20250307_10-K_edgar_data_1991524_0001888524-25-004199.txt,0001991524,20250307,nan,,,,,,,no_valid_link,0
8de8d552ba812eca,20250307_10-K_edgar_data_2028686_0002028686-25-000012.txt,0002028686,20250307,nan,,,,,,,no_valid_link,0
479a07b9112cc858,20250307_10-K_edgar_data_2030772_0001193125-25-049864.txt,0002030772,20250307,nan,,,,,,,no_valid_link,0
714eb4bcf370a210,20250310_10-K_edgar_data_1331451_0001331451-25-000050.txt,0001331451,20250310,nan,,,,,,,no_valid_link,0
02eb52fbd156b845,20250310_10-K_edgar_data_1568385_0000950170-25-036193.txt,0001568385,20250310,19394,,,,,,,no_valid_link,0
fb43e80475c1548f,20250310_10-K_edgar_data_1679420_0001888524-25-004223.txt,0001679420,20250310,nan,,,,,,,no_valid_link,0
20d67930ca7f4747,20250310_10-K_edgar_data_1822166_0001888524-25-004244.txt,0001822166,20250310,nan,,,,,,,no_valid_link,0
ed1b9696aef518fa,20250310_10-K_edgar_data_1840121_0001888524-25-004250.txt,0001840121,20250310,nan,,,,,,,no_valid_link,0
b80fefeddcb8c098,20250310_10-K_edgar_data_1918712_0001918712-25-000014.txt,0001918712,20250310,nan,,,,,,,no_valid_link,0
f45d1da585c537e3,20250310_10-K_edgar_data_1937985_0001888524-25-004231.txt,0001937985,20250310,nan,,,,,,,no_valid_link,0
043de4eefc535cd1,20250310_10-K_edgar_data_1948175_0001888524-25-004225.txt,0001948175,20250310,nan,,,,,,,no_valid_link,0
23d7fa4322efcc85,20250310_10-K_edgar_data_2012481_0001888524-25-004238.txt,0002012481,20250310,nan,,,,,,,no_valid_link,0
2806792b1294860e,20250310_10-K_edgar_data_2028707_0001213900-25-022217.txt,0002028707,20250310,50343,,,,,,,no_valid_link,0
a8c7740b1f9127c0,20250310_10-K_edgar_data_277638_0000277638-25-000007.txt,0000277638,20250310,3801,,,,,,,no_valid_link,0
4b117bf8dadd47c7,20250311_10-K_edgar_data_1633533_0001888524-25-004322.txt,0001633533,20250311,nan,,,,,,,no_valid_link,0
51537c52012d14c7,20250311_10-K_edgar_data_1639353_0001888524-25-004320.txt,0001639353,20250311,nan,,,,,,,no_valid_link,0
57c4630235d392a2,20250311_10-K_edgar_data_1647980_0001888524-25-004296.txt,0001647980,20250311,nan,,,,,,,no_valid_link,0
06470a1d8bf0fba8,20250311_10-K_edgar_data_1653323_0001888524-25-004287.txt,0001653323,20250311,nan,,,,,,,no_valid_link,0
3f1a185c3975c207,20250311_10-K_edgar_data_1661136_0001888524-25-004290.txt,0001661136,20250311,nan,,,,,,,no_valid_link,0
07b34d3fc65e7281,20250311_10-K_edgar_data_1687031_0001888524-25-004264.txt,0001687031,20250311,nan,,,,,,,no_valid_link,0
78dc8f167b031f85,20250311_10-K_edgar_data_1690577_0001888524-25-004254.txt,0001690577,20250311,nan,,,,,,,no_valid_link,0
3b48bc793f596ad9,20250311_10-K_edgar_data_1711142_0001888524-25-004314.txt,0001711142,20250311,nan,,,,,,,no_valid_link,0
cb1ff5b19d748a44,20250311_10-K_edgar_data_1716602_0001888524-25-004313.txt,0001716602,20250311,nan,,,,,,,no_valid_link,0
88bc89e7d272118a,20250311_10-K_edgar_data_1724177_0001888524-25-004324.txt,0001724177,20250311,nan,,,,,,,no_valid_link,0
ad90dc203f47e32c,20250311_10-K_edgar_data_1763333_0001888524-25-004282.txt,0001763333,20250311,nan,,,,,,,no_valid_link,0
2b83b0bf48ccf8d6,20250311_10-K_edgar_data_1763502_0001888524-25-004339.txt,0001763502,20250311,nan,,,,,,,no_valid_link,0
3741e1424af927c4,20250311_10-K_edgar_data_1780678_0001888524-25-004342.txt,0001780678,20250311,nan,,,,,,,no_valid_link,0
6bb354768f5079fe,20250311_10-K_edgar_data_1792509_0001792509-25-000005.txt,0001792509,20250311,nan,,,,,,,no_valid_link,0
90c6daad210a09c7,20250311_10-K_edgar_data_1792905_0001888524-25-004332.txt,0001792905,20250311,nan,,,,,,,no_valid_link,0
5153065011a86cdc,20250311_10-K_edgar_data_1803702_0001888524-25-004340.txt,0001803702,20250311,nan,,,,,,,no_valid_link,0
7a9ba215e2003087,20250311_10-K_edgar_data_1863688_0001888524-25-004330.txt,0001863688,20250311,nan,,,,,,,no_valid_link,0
ba9856e8246c6f12,20250311_10-K_edgar_data_1864196_0001888524-25-004358.txt,0001864196,20250311,nan,,,,,,,no_valid_link,0
75fc908b63e7834f,20250311_10-K_edgar_data_1869601_0001829126-25-001705.txt,0001869601,20250311,39576,,,,,,,no_valid_link,0
0a020d699e47fd2d,20250311_10-K_edgar_data_1961629_0001888524-25-004276.txt,0001961629,20250311,nan,,,,,,,no_valid_link,0
0694461c2318ad70,20250311_10-K_edgar_data_837010_0000837010-25-000003.txt,0000837010,20250311,63734,,,,,,,no_valid_link,0
0a5d29d84aa9e15b,20250311_10-K_edgar_data_937834_0000937834-25-000003.txt,0000937834,20250311,20477,,,,,,,no_valid_link,0
78baf6dbc20efc5b,20250312_10-K_edgar_data_1001082_0001558370-25-002818.txt,0001001082,20250312,60900,,,,,,,no_valid_link,0
e2f1c3bb45727123,20250312_10-K_edgar_data_1533758_0001558370-25-002821.txt,0001533758,20250312,nan,,,,,,,no_valid_link,0
f1e39cfc81b9f2ea,20250312_10-K_edgar_data_1585389_0000950170-25-037896.txt,0001585389,20250312,40692,,,,,,,no_valid_link,0
b7ef11041e2b28e3,20250312_10-K_edgar_data_1604083_0001888524-25-004415.txt,0001604083,20250312,nan,,,,,,,no_valid_link,0
ec74bed2a35f010b,20250312_10-K_edgar_data_1621368_0001888524-25-004417.txt,0001621368,20250312,nan,,,,,,,no_valid_link,0
3b7144c4503c6869,20250312_10-K_edgar_data_1632814_0001888524-25-004399.txt,0001632814,20250312,nan,,,,,,,no_valid_link,0
cca1e4160e4098e4,20250312_10-K_edgar_data_1634172_0001888524-25-004401.txt,0001634172,20250312,nan,,,,,,,no_valid_link,0
547eb11f432460c2,20250312_10-K_edgar_data_1679327_0001888524-25-004370.txt,0001679327,20250312,nan,,,,,,,no_valid_link,0
12098b2bcdf8a9b0,20250312_10-K_edgar_data_1714679_0001888524-25-004376.txt,0001714679,20250312,nan,,,,,,,no_valid_link,0
a022f0984af30a26,20250312_10-K_edgar_data_1812604_0001888524-25-004403.txt,0001812604,20250312,nan,,,,,,,no_valid_link,0
24eec0a53bdb4c75,20250312_10-K_edgar_data_1827054_0001888524-25-004380.txt,0001827054,20250312,nan,,,,,,,no_valid_link,0
00055004e5ace5db,20250312_10-K_edgar_data_1841514_0000950170-25-038112.txt,0001841514,20250312,nan,,,,,,,no_valid_link,0
450a51d5d9353437,20250312_10-K_edgar_data_1853138_0001628280-25-012406.txt,0001853138,20250312,42339,,,,,,,no_valid_link,0
bf2678012c063e79,20250312_10-K_edgar_data_1858865_0001888524-25-004368.txt,0001858865,20250312,nan,,,,,,,no_valid_link,0
b9010f6af2b50690,20250312_10-K_edgar_data_1916099_0000950170-25-038029.txt,0001916099,20250312,nan,,,,,,,no_valid_link,0
4dea6301d441ac34,20250312_10-K_edgar_data_1924780_0001888524-25-004405.txt,0001924780,20250312,nan,,,,,,,no_valid_link,0
6e57edd826a9b2c4,20250312_10-K_edgar_data_2022685_0001888524-25-004409.txt,0002022685,20250312,nan,,,,,,,no_valid_link,0
2dbc7fac5789af25,20250313_10-K_edgar_data_1325878_0001325878-25-000054.txt,0001325878,20250313,nan,,,,,,,no_valid_link,0
c2de71418318b350,20250313_10-K_edgar_data_1331754_0001331754-25-000063.txt,0001331754,20250313,nan,,,,,,,no_valid_link,0
a5eb86f68cec9a00,20250313_10-K_edgar_data_1542447_0001542447-25-000019.txt,0001542447,20250313,nan,,,,,,,no_valid_link,0
7a5ac069266863a2,20250313_10-K_edgar_data_1567892_0001567892-25-000010.txt,0001567892,20250313,18086,,,,,,,no_valid_link,0
23b6f5adf27338af,20250313_10-K_edgar_data_1569455_0001888524-25-004482.txt,0001569455,20250313,nan,,,,,,,no_valid_link,0
9c27f23ad765c3f7,20250313_10-K_edgar_data_1574219_0001888524-25-004504.txt,0001574219,20250313,nan,,,,,,,no_valid_link,0
cf95183bdf1f3247,20250313_10-K_edgar_data_1577545_0001888524-25-004518.txt,0001577545,20250313,nan,,,,,,,no_valid_link,0
da7cf341ea7c690b,20250313_10-K_edgar_data_1582605_0001888524-25-004485.txt,0001582605,20250313,nan,,,,,,,no_valid_link,0
90967396972e3f64,20250313_10-K_edgar_data_1610796_0001888524-25-004553.txt,0001610796,20250313,nan,,,,,,,no_valid_link,0
3789d5d4717564d6,20250313_10-K_edgar_data_1621379_0001888524-25-004514.txt,0001621379,20250313,nan,,,,,,,no_valid_link,0
c6584bdc36b249dc,20250313_10-K_edgar_data_1625123_0001888524-25-004481.txt,0001625123,20250313,nan,,,,,,,no_valid_link,0
741fc99f31c40651,20250313_10-K_edgar_data_1625426_0001888524-25-004429.txt,0001625426,20250313,nan,,,,,,,no_valid_link,0
44d9c07ec812ef09,20250313_10-K_edgar_data_1640584_0001888524-25-004494.txt,0001640584,20250313,nan,,,,,,,no_valid_link,0
7dff951ea0b8fab7,20250313_10-K_edgar_data_1649184_0001888524-25-004472.txt,0001649184,20250313,nan,,,,,,,no_valid_link,0
bb32b08820b3e0a1,20250313_10-K_edgar_data_1663244_0001020242-25-000033.txt,0001663244,20250313,nan,,,,,,,no_valid_link,0
c403bd38973b570a,20250313_10-K_edgar_data_1671520_0001888524-25-004498.txt,0001671520,20250313,nan,,,,,,,no_valid_link,0
fffed1b570ac9d28,20250313_10-K_edgar_data_1673542_0001888524-25-004421.txt,0001673542,20250313,nan,,,,,,,no_valid_link,0
dcc9ea924e9538ff,20250313_10-K_edgar_data_1678038_0001888524-25-004491.txt,0001678038,20250313,nan,,,,,,,no_valid_link,0
110fc7282a25201d,20250313_10-K_edgar_data_1683300_0001888524-25-004508.txt,0001683300,20250313,nan,,,,,,,no_valid_link,0
9b887f1018a53ccc,20250313_10-K_edgar_data_1687202_0001888524-25-004488.txt,0001687202,20250313,nan,,,,,,,no_valid_link,0
2f9ad8418d066c3f,20250313_10-K_edgar_data_1689111_0001888524-25-004520.txt,0001689111,20250313,nan,,,,,,,no_valid_link,0
8b9a5c2ddb23d5d4,20250313_10-K_edgar_data_1695154_0001888524-25-004561.txt,0001695154,20250313,nan,,,,,,,no_valid_link,0
7e6e2f161088d202,20250313_10-K_edgar_data_1698022_0001437749-25-007333.txt,0001698022,20250313,121975,,,,,,,no_valid_link,0
e88a0674149ef79f,20250313_10-K_edgar_data_1699099_0001888524-25-004526.txt,0001699099,20250313,nan,,,,,,,no_valid_link,0
d92ed1e39e9c17b3,20250313_10-K_edgar_data_1715846_0001888524-25-004447.txt,0001715846,20250313,nan,,,,,,,no_valid_link,0
a16bf258c6b5c483,20250313_10-K_edgar_data_1716187_0001888524-25-004424.txt,0001716187,20250313,nan,,,,,,,no_valid_link,0
f315829ce748997f,20250313_10-K_edgar_data_1728339_0001888524-25-004557.txt,0001728339,20250313,nan,,,,,,,no_valid_link,0
2839ee2aca79bd65,20250313_10-K_edgar_data_1732963_0001888524-25-004479.txt,0001732963,20250313,nan,,,,,,,no_valid_link,0
a4822194d55523f2,20250313_10-K_edgar_data_1735646_0001888524-25-004510.txt,0001735646,20250313,nan,,,,,,,no_valid_link,0
8538fd60990b5aa8,20250313_10-K_edgar_data_1746406_0001888524-25-004456.txt,0001746406,20250313,nan,,,,,,,no_valid_link,0
882e936df93087e3,20250313_10-K_edgar_data_1756390_0001628280-25-012668.txt,0001756390,20250313,38796,,,,,,,no_valid_link,0
1a0908ce738113b0,20250313_10-K_edgar_data_1758901_0001888524-25-004486.txt,0001758901,20250313,nan,,,,,,,no_valid_link,0
880bf283c868d469,20250313_10-K_edgar_data_1763501_0001888524-25-004492.txt,0001763501,20250313,nan,,,,,,,no_valid_link,0
cb7ded1f8d5d03eb,20250313_10-K_edgar_data_1775756_0001888524-25-004503.txt,0001775756,20250313,nan,,,,,,,no_valid_link,0
d7058324608d0e06,20250313_10-K_edgar_data_1780131_0001888524-25-004464.txt,0001780131,20250313,nan,,,,,,,no_valid_link,0
8012bddb2d962da8,20250313_10-K_edgar_data_1785881_0001888524-25-004444.txt,0001785881,20250313,nan,,,,,,,no_valid_link,0
36b6cad95d10a058,20250313_10-K_edgar_data_1793165_0001888524-25-004435.txt,0001793165,20250313,nan,,,,,,,no_valid_link,0
f773846470b2fc00,20250313_10-K_edgar_data_1797056_0001888524-25-004538.txt,0001797056,20250313,nan,,,,,,,no_valid_link,0
9bb233f733dcdbd4,20250313_10-K_edgar_data_1806944_0001888524-25-004460.txt,0001806944,20250313,nan,,,,,,,no_valid_link,0
122f22be708af3d8,20250313_10-K_edgar_data_1814389_0001888524-25-004474.txt,0001814389,20250313,nan,,,,,,,no_valid_link,0
9e0d57a27afd5571,20250313_10-K_edgar_data_1824482_0001888524-25-004496.txt,0001824482,20250313,nan,,,,,,,no_valid_link,0
492c4155d724cd76,20250313_10-K_edgar_data_1832873_0001888524-25-004434.txt,0001832873,20250313,nan,,,,,,,no_valid_link,0
438cdf005893ad03,20250313_10-K_edgar_data_1833563_0001888524-25-004454.txt,0001833563,20250313,nan,,,,,,,no_valid_link,0
efaaa7ebafda555c,20250313_10-K_edgar_data_1844998_0001888524-25-004519.txt,0001844998,20250313,nan,,,,,,,no_valid_link,0
7a8e17e0ddfb04df,20250313_10-K_edgar_data_1858289_0001888524-25-004552.txt,0001858289,20250313,nan,,,,,,,no_valid_link,0
2a2ebead54c49e1f,20250313_10-K_edgar_data_1885855_0001888524-25-004542.txt,0001885855,20250313,nan,,,,,,,no_valid_link,0
584afaf8687fea5b,20250313_10-K_edgar_data_1891818_0001888524-25-004443.txt,0001891818,20250313,nan,,,,,,,no_valid_link,0
321cb5fda4463e62,20250313_10-K_edgar_data_1900454_0001888524-25-004501.txt,0001900454,20250313,nan,,,,,,,no_valid_link,0
0916c51a6f1d0e01,20250313_10-K_edgar_data_1901164_0001901164-25-000002.txt,0001901164,20250313,nan,,,,,,,no_valid_link,0
e958031f072780d6,20250313_10-K_edgar_data_1926900_0001888524-25-004532.txt,0001926900,20250313,nan,,,,,,,no_valid_link,0
8f9add4bde76b45f,20250313_10-K_edgar_data_1930679_0001628280-25-012549.txt,0001930679,20250313,nan,,,,,,,no_valid_link,0
294f9b21eee594ec,20250313_10-K_edgar_data_1939433_0001939433-25-000041.txt,0001939433,20250313,nan,,,,,,,no_valid_link,0
ec72195a0d77e44b,20250313_10-K_edgar_data_1944366_0001944366-25-000041.txt,0001944366,20250313,nan,,,,,,,no_valid_link,0
7f77e22b6da5e499,20250313_10-K_edgar_data_1948056_0001948056-25-000015.txt,0001948056,20250313,nan,,,,,,,no_valid_link,0
70db66b6ee418aca,20250313_10-K_edgar_data_1955010_0001955010-25-000002.txt,0001955010,20250313,nan,,,,,,,no_valid_link,0
3be9b1b34e447f86,20250313_10-K_edgar_data_1957845_0001957845-25-000017.txt,0001957845,20250313,nan,,,,,,,no_valid_link,0
3cc9edc6bee061ce,20250313_10-K_edgar_data_1958501_0001888524-25-004528.txt,0001958501,20250313,nan,,,,,,,no_valid_link,0
7865dd00442c8ef0,20250313_10-K_edgar_data_1966002_0001888524-25-004426.txt,0001966002,20250313,nan,,,,,,,no_valid_link,0
a0d8152dac8a804f,20250313_10-K_edgar_data_1967945_0001888524-25-004524.txt,0001967945,20250313,nan,,,,,,,no_valid_link,0
6989d9ea6ae3db1b,20250313_10-K_edgar_data_1975736_0001628280-25-012551.txt,0001975736,20250313,nan,,,,,,,no_valid_link,0
7659069a5cbcbc3e,20250313_10-K_edgar_data_1996001_0001888524-25-004545.txt,0001996001,20250313,nan,,,,,,,no_valid_link,0
cf25cdff923db487,20250313_10-K_edgar_data_1998392_0001888524-25-004513.txt,0001998392,20250313,nan,,,,,,,no_valid_link,0
866e80b90c35823f,20250313_10-K_edgar_data_2006370_0001888524-25-004436.txt,0002006370,20250313,nan,,,,,,,no_valid_link,0
2572a093360a3001,20250313_10-K_edgar_data_2008861_0002008861-25-000007.txt,0002008861,20250313,nan,,,,,,,no_valid_link,0
8f75036ad266241a,20250313_10-K_edgar_data_2013825_0001888524-25-004438.txt,0002013825,20250313,nan,,,,,,,no_valid_link,0
eeec3cec2041a7f0,20250313_10-K_edgar_data_2017898_0001888524-25-004536.txt,0002017898,20250313,nan,,,,,,,no_valid_link,0
25579051dfb1287e,20250313_10-K_edgar_data_2031750_0001628280-25-012670.txt,0002031750,20250313,nan,,,,,,,no_valid_link,0
19fa5e09cf7afa86,20250313_10-K_edgar_data_2039612_0001888524-25-004522.txt,0002039612,20250313,nan,,,,,,,no_valid_link,0
57639a687335323f,20250313_10-K_edgar_data_2044491_0001888524-25-004452.txt,0002044491,20250313,nan,,,,,,,no_valid_link,0
6b62c92ebdb52568,20250314_10-K_edgar_data_1331463_0001331463-25-000051.txt,0001331463,20250314,nan,,,,,,,no_valid_link,0
271535dc8780ad39,20250314_10-K_edgar_data_1501729_0001628280-25-012773.txt,0001501729,20250314,nan,,,,,,,no_valid_link,0
3d50660878b737e9,20250314_10-K_edgar_data_1628112_0001888524-25-004617.txt,0001628112,20250314,nan,,,,,,,no_valid_link,0
26c3e6861b60f53e,20250314_10-K_edgar_data_1644943_0001888524-25-004591.txt,0001644943,20250314,nan,,,,,,,no_valid_link,0
92ef058bfd5fa7e1,20250314_10-K_edgar_data_1661306_0001661306-25-000013.txt,0001661306,20250314,nan,,,,,,,no_valid_link,0
4453f8eec40b0808,20250314_10-K_edgar_data_1677390_0001888524-25-004611.txt,0001677390,20250314,nan,,,,,,,no_valid_link,0
88fbae71a54a554c,20250314_10-K_edgar_data_1690012_0000950170-25-039459.txt,0001690012,20250314,39662,,,,,,,no_valid_link,0
3b4f9b3106694ec3,20250314_10-K_edgar_data_1707817_0001888524-25-004625.txt,0001707817,20250314,nan,,,,,,,no_valid_link,0
7d8e35701f8b97dc,20250314_10-K_edgar_data_1710798_0001888524-25-004610.txt,0001710798,20250314,nan,,,,,,,no_valid_link,0
b6c6d4bc360105ad,20250314_10-K_edgar_data_1713226_0001888524-25-004567.txt,0001713226,20250314,nan,,,,,,,no_valid_link,0
73fb1731bb2c6ae5,20250314_10-K_edgar_data_1719199_0001888524-25-004590.txt,0001719199,20250314,nan,,,,,,,no_valid_link,0
2e58c6f0c6d10df2,20250314_10-K_edgar_data_1721905_0001888524-25-004599.txt,0001721905,20250314,nan,,,,,,,no_valid_link,0
bda9b923f61a2392,20250314_10-K_edgar_data_1736862_0001888524-25-004597.txt,0001736862,20250314,nan,,,,,,,no_valid_link,0
a552a0812afee6cc,20250314_10-K_edgar_data_1745529_0001888524-25-004587.txt,0001745529,20250314,nan,,,,,,,no_valid_link,0
0b8cb48ab99efe1e,20250314_10-K_edgar_data_1758292_0001888524-25-004576.txt,0001758292,20250314,nan,,,,,,,no_valid_link,0
5ba0cea3ea95a462,20250314_10-K_edgar_data_1760337_0001888524-25-004635.txt,0001760337,20250314,nan,,,,,,,no_valid_link,0
22a324d6e66afe26,20250314_10-K_edgar_data_1766367_0001888524-25-004603.txt,0001766367,20250314,nan,,,,,,,no_valid_link,0
e1c85703f80d58e2,20250314_10-K_edgar_data_1772527_0001888524-25-004647.txt,0001772527,20250314,nan,,,,,,,no_valid_link,0
5f50efd27fd0b22b,20250314_10-K_edgar_data_1780859_0001888524-25-004566.txt,0001780859,20250314,nan,,,,,,,no_valid_link,0
c585033694d8bbd0,20250314_10-K_edgar_data_1792158_0001888524-25-004577.txt,0001792158,20250314,nan,,,,,,,no_valid_link,0
d8605069d06e8568,20250314_10-K_edgar_data_1799385_0001888524-25-004643.txt,0001799385,20250314,nan,,,,,,,no_valid_link,0
90c5efc4e2aa4437,20250314_10-K_edgar_data_1802215_0001888524-25-004631.txt,0001802215,20250314,nan,,,,,,,no_valid_link,0
e5e904ed4b9485d6,20250314_10-K_edgar_data_1803498_0001803498-25-000021.txt,0001803498,20250314,nan,,,,,,,no_valid_link,0
e08d3f019f0571e4,20250314_10-K_edgar_data_1803858_0001888524-25-004645.txt,0001803858,20250314,nan,,,,,,,no_valid_link,0
36b737abcbea79de,20250314_10-K_edgar_data_1825248_0001825248-25-000004.txt,0001825248,20250314,nan,,,,,,,no_valid_link,0
c0defa1d2de7330e,20250314_10-K_edgar_data_1849089_0001849089-25-000005.txt,0001849089,20250314,nan,,,,,,,no_valid_link,0
081bcc685b1ef87c,20250314_10-K_edgar_data_1870267_0001558370-25-002998.txt,0001870267,20250314,nan,,,,,,,no_valid_link,0
24e60c0cdaa83ada,20250314_10-K_edgar_data_1912509_0001888524-25-004595.txt,0001912509,20250314,nan,,,,,,,no_valid_link,0
e5f85ba83712d920,20250314_10-K_edgar_data_1913593_0001888524-25-004633.txt,0001913593,20250314,nan,,,,,,,no_valid_link,0
2e87e3fd90cad26f,20250314_10-K_edgar_data_1919369_0001919369-25-000009.txt,0001919369,20250314,nan,,,,,,,no_valid_link,0
cc48a4d14ffedb04,20250314_10-K_edgar_data_1930054_0001193125-25-054797.txt,0001930054,20250314,nan,,,,,,,no_valid_link,0
426b3deb77c3383f,20250314_10-K_edgar_data_1966434_0001888524-25-004629.txt,0001966434,20250314,nan,,,,,,,no_valid_link,0
f4bf4d32856d504f,20250314_10-K_edgar_data_1991192_0001888524-25-004569.txt,0001991192,20250314,nan,,,,,,,no_valid_link,0
9ab05231ab3bef37,20250314_10-K_edgar_data_1994342_0001888524-25-004573.txt,0001994342,20250314,nan,,,,,,,no_valid_link,0
99bf0df2f96c7e9f,20250314_10-K_edgar_data_726865_0000726865-25-000128.txt,0000726865,20250314,nan,,,,,,,no_valid_link,0
dc723212d0016595,20250314_10-K_edgar_data_732417_0000732417-25-000015.txt,0000732417,20250314,112542,,,,,,,no_valid_link,0
8f236a9d567ddded,20250314_10-K_edgar_data_815917_0000950170-25-039256.txt,0000815917,20250314,14107,,,,,,,no_valid_link,0
8fa2748271fd57d2,20250314_10-K_edgar_data_883902_0000883902-25-000004.txt,0000883902,20250314,25130,,,,,,,no_valid_link,0
0e3378be7d87eaa2,20250317_10-K_edgar_data_1637008_0001888524-25-004764.txt,0001637008,20250317,nan,,,,,,,no_valid_link,0
ae1f55fa85addaae,20250317_10-K_edgar_data_1643293_0001020242-25-000037.txt,0001643293,20250317,nan,,,,,,,no_valid_link,0
dc24d85a4e1034d4,20250317_10-K_edgar_data_1654330_0001888524-25-004668.txt,0001654330,20250317,nan,,,,,,,no_valid_link,0
afad4a4136d7f4e1,20250317_10-K_edgar_data_1666156_0001888524-25-004688.txt,0001666156,20250317,nan,,,,,,,no_valid_link,0
9ccc6bf9f9642aff,20250317_10-K_edgar_data_1706403_0001888524-25-004708.txt,0001706403,20250317,nan,,,,,,,no_valid_link,0
b8ce8805f06c516d,20250317_10-K_edgar_data_1709967_0001888524-25-004662.txt,0001709967,20250317,nan,,,,,,,no_valid_link,0
b4b66112618b4549,20250317_10-K_edgar_data_1710261_0001888524-25-004694.txt,0001710261,20250317,nan,,,,,,,no_valid_link,0
386deab8160ea6c6,20250317_10-K_edgar_data_1716186_0001888524-25-004676.txt,0001716186,20250317,nan,,,,,,,no_valid_link,0
0e96d8f7d10fb39d,20250317_10-K_edgar_data_1717310_0001717310-25-000002.txt,0001717310,20250317,nan,,,,,,,no_valid_link,0
7068c4cdcb40cbf0,20250317_10-K_edgar_data_1719195_0001888524-25-004707.txt,0001719195,20250317,nan,,,,,,,no_valid_link,0
64c3f3a8c11a7668,20250317_10-K_edgar_data_1720474_0001888524-25-004666.txt,0001720474,20250317,nan,,,,,,,no_valid_link,0
ac3d6002a056de16,20250317_10-K_edgar_data_1722194_0001888524-25-004766.txt,0001722194,20250317,nan,,,,,,,no_valid_link,0
1f7bb48d66a9449d,20250317_10-K_edgar_data_1731056_0001888524-25-004743.txt,0001731056,20250317,nan,,,,,,,no_valid_link,0
1e56d8ae7dbff29c,20250317_10-K_edgar_data_1740040_0001888524-25-004698.txt,0001740040,20250317,nan,,,,,,,no_valid_link,0
8e9ebe9479850e48,20250317_10-K_edgar_data_1752363_0001888524-25-004776.txt,0001752363,20250317,nan,,,,,,,no_valid_link,0
5f7046a021091c0c,20250317_10-K_edgar_data_1754913_0001888524-25-004681.txt,0001754913,20250317,nan,,,,,,,no_valid_link,0
f065360b58707a3b,20250317_10-K_edgar_data_1757018_0001888524-25-004758.txt,0001757018,20250317,nan,,,,,,,no_valid_link,0
ab9fa2fa9260abc9,20250317_10-K_edgar_data_1758699_0001640334-25-000412.txt,0001758699,20250317,nan,,,,,,,no_valid_link,0
d57c2133563b1668,20250317_10-K_edgar_data_1774801_0001888524-25-004752.txt,0001774801,20250317,nan,,,,,,,no_valid_link,0
110c9e158af508cb,20250317_10-K_edgar_data_1776086_0001888524-25-004780.txt,0001776086,20250317,nan,,,,,,,no_valid_link,0
7e4d631779ab22b5,20250317_10-K_edgar_data_1778232_0001888524-25-004771.txt,0001778232,20250317,nan,,,,,,,no_valid_link,0
7572f09108080a24,20250317_10-K_edgar_data_1790013_0001888524-25-004760.txt,0001790013,20250317,nan,,,,,,,no_valid_link,0
5c4324728023c9c4,20250317_10-K_edgar_data_1790441_0001888524-25-004678.txt,0001790441,20250317,nan,,,,,,,no_valid_link,0
327b5945d3d197de,20250317_10-K_edgar_data_1793744_0001888524-25-004684.txt,0001793744,20250317,nan,,,,,,,no_valid_link,0
563240a33d7670d2,20250317_10-K_edgar_data_1797288_0001888524-25-004673.txt,0001797288,20250317,nan,,,,,,,no_valid_link,0
5bbe6078713398d6,20250317_10-K_edgar_data_1797679_0001888524-25-004704.txt,0001797679,20250317,nan,,,,,,,no_valid_link,0
f942f3725548981f,20250317_10-K_edgar_data_1810050_0001888524-25-004754.txt,0001810050,20250317,nan,,,,,,,no_valid_link,0
1aafee0d17faceda,20250317_10-K_edgar_data_1818254_0001888524-25-004726.txt,0001818254,20250317,nan,,,,,,,no_valid_link,0
cca17b4a4a9fa64e,20250317_10-K_edgar_data_1823722_0001888524-25-004670.txt,0001823722,20250317,nan,,,,,,,no_valid_link,0
1fdf6b147ec9d4a6,20250317_10-K_edgar_data_1827183_0001888524-25-004774.txt,0001827183,20250317,nan,,,,,,,no_valid_link,0
71b9e9f97a2e6bc9,20250317_10-K_edgar_data_1840904_0000950170-25-040244.txt,0001840904,20250317,nan,,,,,,,no_valid_link,0
aa0d0f19b599fa41,20250317_10-K_edgar_data_1843823_0001888524-25-004697.txt,0001843823,20250317,nan,,,,,,,no_valid_link,0
41a620970b7193db,20250317_10-K_edgar_data_1850938_0001850938-25-000002.txt,0001850938,20250317,nan,,,,,,,no_valid_link,0
5c0204139c85c83a,20250317_10-K_edgar_data_1851115_0001888524-25-004741.txt,0001851115,20250317,nan,,,,,,,no_valid_link,0
f4ae312b2215ad60,20250317_10-K_edgar_data_1881326_0001888524-25-004651.txt,0001881326,20250317,nan,,,,,,,no_valid_link,0
f9c58bed3bfcaf0a,20250317_10-K_edgar_data_1889297_0001888524-25-004660.txt,0001889297,20250317,nan,,,,,,,no_valid_link,0
70c6d7ec6a0234ed,20250317_10-K_edgar_data_1895116_0001888524-25-004778.txt,0001895116,20250317,nan,,,,,,,no_valid_link,0
2b501036caf880ec,20250317_10-K_edgar_data_1901814_0001888524-25-004664.txt,0001901814,20250317,nan,,,,,,,no_valid_link,0
6b451c84f09c6b3b,20250317_10-K_edgar_data_1927678_0001888524-25-004750.txt,0001927678,20250317,nan,,,,,,,no_valid_link,0
ef14892aa851042f,20250317_10-K_edgar_data_1946375_0001888524-25-004738.txt,0001946375,20250317,nan,,,,,,,no_valid_link,0
a7d303e21325a11d,20250317_10-K_edgar_data_1950140_0001888524-25-004769.txt,0001950140,20250317,nan,,,,,,,no_valid_link,0
888adf17bdc5e5e6,20250317_10-K_edgar_data_1981769_0001888524-25-004762.txt,0001981769,20250317,nan,,,,,,,no_valid_link,0
80bb0e05b56c958f,20250317_10-K_edgar_data_1982178_0001888524-25-004756.txt,0001982178,20250317,nan,,,,,,,no_valid_link,0
e5140fb8d5620a00,20250317_10-K_edgar_data_1987731_0001987731-25-000002.txt,0001987731,20250317,nan,,,,,,,no_valid_link,0
4742af3d0a94c7bf,20250317_10-K_edgar_data_2013744_0000950170-25-040492.txt,0002013744,20250317,nan,,,,,,,no_valid_link,0
e68b8f6b71b4f164,20250317_10-K_edgar_data_2024274_0001888524-25-004652.txt,0002024274,20250317,nan,,,,,,,no_valid_link,0
25f60030043a3089,20250317_10-K_edgar_data_2030476_0001888524-25-004729.txt,0002030476,20250317,nan,,,,,,,no_valid_link,0
9302c1bc307ff09c,20250318_10-K_edgar_data_1463913_0001437749-25-008074.txt,0001463913,20250318,nan,,,,,,,no_valid_link,0
9b591f6ba84fb375,20250318_10-K_edgar_data_1589804_0001020242-25-000039.txt,0001589804,20250318,nan,,,,,,,no_valid_link,0
88aefb817d8df078,20250318_10-K_edgar_data_1601705_0001888524-25-004830.txt,0001601705,20250318,nan,,,,,,,no_valid_link,0
99de9c5292772454,20250318_10-K_edgar_data_1607484_0001888524-25-004789.txt,0001607484,20250318,nan,,,,,,,no_valid_link,0
b97a2324562a4cf0,20250318_10-K_edgar_data_1630690_0001888524-25-004832.txt,0001630690,20250318,nan,,,,,,,no_valid_link,0
c4ff178570122048,20250318_10-K_edgar_data_1648195_0001020242-25-000041.txt,0001648195,20250318,nan,,,,,,,no_valid_link,0
a1767464dd65e5c2,20250318_10-K_edgar_data_1720748_0001888524-25-004807.txt,0001720748,20250318,nan,,,,,,,no_valid_link,0
52d421ced2fd9b97,20250318_10-K_edgar_data_1763415_0000950170-25-040572.txt,0001763415,20250318,nan,,,,,,,no_valid_link,0
b9e68abbcf254b4b,20250318_10-K_edgar_data_1771501_0001888524-25-004822.txt,0001771501,20250318,nan,,,,,,,no_valid_link,0
6136c3ac23807f90,20250318_10-K_edgar_data_1798388_0001888524-25-004834.txt,0001798388,20250318,nan,,,,,,,no_valid_link,0
1b6de927b4ab05c3,20250318_10-K_edgar_data_1801338_0001888524-25-004829.txt,0001801338,20250318,nan,,,,,,,no_valid_link,0
1daf22b39ece43da,20250318_10-K_edgar_data_1816147_0001888524-25-004815.txt,0001816147,20250318,nan,,,,,,,no_valid_link,0
fc5b64cb3ee59b44,20250318_10-K_edgar_data_1833522_0001888524-25-004824.txt,0001833522,20250318,nan,,,,,,,no_valid_link,0
b67fb6b2f9b6010e,20250318_10-K_edgar_data_1871630_0001888524-25-004805.txt,0001871630,20250318,nan,,,,,,,no_valid_link,0
df28a5caecde746e,20250318_10-K_edgar_data_1880187_0001888524-25-004818.txt,0001880187,20250318,nan,,,,,,,no_valid_link,0
1da0e78044974abf,20250318_10-K_edgar_data_1913724_0001913724-25-000015.txt,0001913724,20250318,nan,,,,,,,no_valid_link,0
8fe9c816dbc9b870,20250318_10-K_edgar_data_1976336_0000950170-25-041127.txt,0001976336,20250318,nan,,,,,,,no_valid_link,0
89d51fb0283b90fc,20250318_10-K_edgar_data_1985684_0001888524-25-004783.txt,0001985684,20250318,nan,,,,,,,no_valid_link,0
ed663813835978ca,20250318_10-K_edgar_data_2039058_0001013762-25-000620.txt,0002039058,20250318,50732,,,,,,,no_valid_link,0
b02ffe3707816389,20250318_10-K_edgar_data_2044180_0001888524-25-004786.txt,0002044180,20250318,nan,,,,,,,no_valid_link,0
362ff9aa7ecc69ff,20250318_10-K_edgar_data_2044630_0001888524-25-004820.txt,0002044630,20250318,nan,,,,,,,no_valid_link,0
694985fd100b6da8,20250318_10-K_edgar_data_885568_0000950170-25-040959.txt,0000885568,20250318,127675,,,,,,,no_valid_link,0
f378e118ecfbb7e4,20250318_10-K_edgar_data_914748_0000914748-25-000003.txt,0000914748,20250318,nan,,,,,,,no_valid_link,0
11ac959ec1fc6677,20250319_10-K_edgar_data_1042642_0001558370-25-003292.txt,0001042642,20250319,146206,,,,,,,no_valid_link,0
753a9d24486744ee,20250319_10-K_edgar_data_1138476_0001185185-25-000193.txt,0001138476,20250319,66274,,,,,,,no_valid_link,0
d7f3028404579dea,20250319_10-K_edgar_data_1545018_0001888524-25-004838.txt,0001545018,20250319,nan,,,,,,,no_valid_link,0
98fdf71c179682a6,20250319_10-K_edgar_data_1612126_0001020242-25-000043.txt,0001612126,20250319,nan,,,,,,,no_valid_link,0
2d15c309354ca527,20250319_10-K_edgar_data_1637880_0001637880-25-000010.txt,0001637880,20250319,nan,,,,,,,no_valid_link,0
66367f7be2c92a69,20250319_10-K_edgar_data_1672609_0001888524-25-004847.txt,0001672609,20250319,nan,,,,,,,no_valid_link,0
714938e3c4bcbe39,20250319_10-K_edgar_data_1701638_0001888524-25-004840.txt,0001701638,20250319,nan,,,,,,,no_valid_link,0
e45b45c0df1bb2c9,20250319_10-K_edgar_data_1787000_0001888524-25-004874.txt,0001787000,20250319,nan,,,,,,,no_valid_link,0
2ec0d12bc732c53e,20250319_10-K_edgar_data_1789954_0001888524-25-004878.txt,0001789954,20250319,nan,,,,,,,no_valid_link,0
397034a062733c70,20250319_10-K_edgar_data_1849894_0000950170-25-042155.txt,0001849894,20250319,nan,,,,,,,no_valid_link,0
ef0741319d478e9b,20250319_10-K_edgar_data_1907059_0001888524-25-004883.txt,0001907059,20250319,nan,,,,,,,no_valid_link,0
c2a7cac62b3b4798,20250319_10-K_edgar_data_1923622_0001410578-25-000373.txt,0001923622,20250319,nan,,,,,,,no_valid_link,0
d3eb3a23536e6a32,20250319_10-K_edgar_data_1959961_0000950170-25-041898.txt,0001959961,20250319,nan,,,,,,,no_valid_link,0
0da9a5d40a92f513,20250319_10-K_edgar_data_1979306_0001410578-25-000383.txt,0001979306,20250319,nan,,,,,,,no_valid_link,0
6bd5a591325fe11c,20250319_10-K_edgar_data_2011134_0002011134-25-000007.txt,0002011134,20250319,nan,,,,,,,no_valid_link,0
bc748b00e6bfcadc,20250319_10-K_edgar_data_2012265_0001888524-25-004886.txt,0002012265,20250319,nan,,,,,,,no_valid_link,0
eaefa8b0f6190d83,20250319_10-K_edgar_data_2012839_0002012839-25-000013.txt,0002012839,20250319,nan,,,,,,,no_valid_link,0
36979089c1aa0e59,20250319_10-K_edgar_data_2020017_0001888524-25-004900.txt,0002020017,20250319,nan,,,,,,,no_valid_link,0
5e7f6624501f1014,20250319_10-K_edgar_data_2023106_0001888524-25-004910.txt,0002023106,20250319,nan,,,,,,,no_valid_link,0
63554503df2d5a90,20250319_10-K_edgar_data_2029492_0001213900-25-025105.txt,0002029492,20250319,50733,,,,,,,no_valid_link,0
1a552bbc7295b499,20250319_10-K_edgar_data_2039768_0001888524-25-004888.txt,0002039768,20250319,nan,,,,,,,no_valid_link,0
5ea02a12e19a781c,20250319_10-K_edgar_data_926660_0001628280-25-013828.txt,0000926660,20250319,nan,,,,,,,no_valid_link,0
55b7e70b84a300b2,20250320_10-K_edgar_data_1066656_0001193125-25-058480.txt,0001066656,20250320,nan,,,,,,,no_valid_link,0
4478e5956e51102c,20250320_10-K_edgar_data_1107280_0001437749-25-008527.txt,0001107280,20250320,108630,,,,,,,no_valid_link,0
0a7086aa4274b04b,20250320_10-K_edgar_data_1209709_0001193125-25-058476.txt,0001209709,20250320,nan,,,,,,,no_valid_link,0
ad8d8bc5bd0d71d4,20250320_10-K_edgar_data_1227265_0001193125-25-058477.txt,0001227265,20250320,nan,,,,,,,no_valid_link,0
bf48e28245c97d4c,20250320_10-K_edgar_data_1325676_0001193125-25-058465.txt,0001325676,20250320,nan,,,,,,,no_valid_link,0
08dbb6dc6d2c9871,20250320_10-K_edgar_data_1326771_0001326771-25-000054.txt,0001326771,20250320,nan,,,,,,,no_valid_link,0
e80645d75601f3dd,20250320_10-K_edgar_data_1368757_0000950170-25-042607.txt,0001368757,20250320,nan,,,,,,,no_valid_link,0
72fcd50b53cb6cc7,20250320_10-K_edgar_data_1403528_0001403528-25-000013.txt,0001403528,20250320,187491,,,,,,,no_valid_link,0
e2365b60388b8e1b,20250320_10-K_edgar_data_1543042_0001020242-25-000048.txt,0001543042,20250320,nan,,,,,,,no_valid_link,0
a334973e36a2af5a,20250320_10-K_edgar_data_1603669_0001020242-25-000049.txt,0001603669,20250320,nan,,,,,,,no_valid_link,0
f46abefd6d83cbd1,20250320_10-K_edgar_data_1659981_0001888524-25-004953.txt,0001659981,20250320,nan,,,,,,,no_valid_link,0
ef2ab4071aba6f12,20250320_10-K_edgar_data_1838126_0001838126-25-000017.txt,0001838126,20250320,nan,,,,,,,no_valid_link,0
113162d2e400110a,20250320_10-K_edgar_data_1950572_0001580642-25-001827.txt,0001950572,20250320,nan,,,,,,,no_valid_link,0
8c5c06521ad6294c,20250320_10-K_edgar_data_1987221_0000950170-25-042730.txt,0001987221,20250320,nan,,,,,,,no_valid_link,0
11372d9a5afdc6d2,20250320_10-K_edgar_data_2020987_0001213900-25-025559.txt,0002020987,20250320,45326,,,,,,,no_valid_link,0
d4c7b689416d06b4,20250320_10-K_edgar_data_2028699_0001213900-25-025227.txt,0002028699,20250320,50797,,,,,,,no_valid_link,0
a86d183fac20f4d3,20250320_10-K_edgar_data_2032772_0001888524-25-004918.txt,0002032772,20250320,nan,,,,,,,no_valid_link,0
cf7ce9bdc6ece417,20250320_10-K_edgar_data_315958_0001140361-25-009647.txt,0000315958,20250320,7841,,,,,,,no_valid_link,0
366dbef275fe478b,20250320_10-K_edgar_data_727920_0000727920-25-000004.txt,0000727920,20250320,nan,,,,,,,no_valid_link,0
c6b1366ebb801ecc,20250320_10-K_edgar_data_835357_0000835357-25-000003.txt,0000835357,20250320,nan,,,,,,,no_valid_link,0
fc271af761afb932,20250320_10-K_edgar_data_910267_0001829126-25-001934.txt,0000910267,20250320,nan,,,,,,,no_valid_link,0
6415e7a27e0770ac,20250321_10-K_edgar_data_1043951_0001140361-25-009859.txt,0001043951,20250321,nan,,,,,,,no_valid_link,0
115bd8eea041e0bd,20250321_10-K_edgar_data_1052354_0000950170-25-043325.txt,0001052354,20250321,nan,,,,,,,no_valid_link,0
9f51791d156173dd,20250321_10-K_edgar_data_1329842_0001410578-25-000409.txt,0001329842,20250321,nan,,,,,,,no_valid_link,0
9f34dc68b5beecdd,20250321_10-K_edgar_data_1331757_0001331757-25-000052.txt,0001331757,20250321,nan,,,,,,,no_valid_link,0
8c7a0ad3d56b3efa,20250321_10-K_edgar_data_1437479_0001174947-25-000372.txt,0001437479,20250321,18008,,,,,,,no_valid_link,0
78d2123b7382915a,20250321_10-K_edgar_data_1685054_0001888524-25-004979.txt,0001685054,20250321,nan,,,,,,,no_valid_link,0
b5b21b5c57190cfb,20250321_10-K_edgar_data_1690536_0001628280-25-014348.txt,0001690536,20250321,nan,,,,,,,no_valid_link,0
7186648082639b74,20250321_10-K_edgar_data_1711929_0000950170-25-043128.txt,0001711929,20250321,nan,,,,,,,no_valid_link,0
de527ede98db34ce,20250321_10-K_edgar_data_1771200_0000950170-25-043101.txt,0001771200,20250321,nan,,,,,,,no_valid_link,0
dfd5665d9e4278e6,20250321_10-K_edgar_data_1787001_0000950170-25-043090.txt,0001787001,20250321,nan,,,,,,,no_valid_link,0
c173fcb1fe20098c,20250321_10-K_edgar_data_1882198_0001013762-25-001035.txt,0001882198,20250321,40304,,,,,,,no_valid_link,0
dba7ece6b93f880a,20250321_10-K_edgar_data_1882850_0000950170-25-043328.txt,0001882850,20250321,nan,,,,,,,no_valid_link,0
76fa8554b783c5ae,20250321_10-K_edgar_data_1884046_0001410578-25-000411.txt,0001884046,20250321,43108,,,,,,,no_valid_link,0
41e0b1421c783c5f,20250321_10-K_edgar_data_1986395_0000950170-25-043063.txt,0001986395,20250321,nan,,,,,,,no_valid_link,0
4b2c21b91674ce86,20250321_10-K_edgar_data_797542_0001493152-25-011100.txt,0000797542,20250321,51841,,,,,,,no_valid_link,0
38a636c9a2aee7d3,20250324_10-K_edgar_data_1347123_0001214659-25-004709.txt,0001347123,20250324,nan,,,,,,,no_valid_link,0
defe4653a6607ab2,20250324_10-K_edgar_data_1633858_0000950170-25-043857.txt,0001633858,20250324,nan,,,,,,,no_valid_link,0
f38160282a2faf7e,20250324_10-K_edgar_data_1745078_0001079973-25-000452.txt,0001745078,20250324,nan,,,,,,,no_valid_link,0
5ad63533769d5b1a,20250324_10-K_edgar_data_1756761_0001756761-25-000020.txt,0001756761,20250324,nan,,,,,,,no_valid_link,0
edabdeeb418169bf,20250324_10-K_edgar_data_1825384_0001410578-25-000437.txt,0001825384,20250324,nan,,,,,,,no_valid_link,0
883a492763b60890,20250324_10-K_edgar_data_1976927_0001976927-25-000009.txt,0001976927,20250324,nan,,,,,,,no_valid_link,0
9152816c279b2fc7,20250324_10-K_edgar_data_2010930_0001013762-25-001624.txt,0002010930,20250324,45384,,,,,,,no_valid_link,0
d937b9e3b370b5e2,20250324_10-K_edgar_data_2034721_0001888524-25-005193.txt,0002034721,20250324,nan,,,,,,,no_valid_link,0
2c33b3a676825cc2,20250325_10-K_edgar_data_1091748_0001628280-25-014609.txt,0001091748,20250325,15364,,,,,,,no_valid_link,0
4339854f6a92784c,20250325_10-K_edgar_data_1695473_0001641172-25-000512.txt,0001695473,20250325,nan,,,,,,,no_valid_link,0
ae3d9ac8fa492eed,20250325_10-K_edgar_data_1706303_0001888524-25-005253.txt,0001706303,20250325,nan,,,,,,,no_valid_link,0
a3c5410e7303bcd4,20250325_10-K_edgar_data_1828748_0001641172-25-000565.txt,0001828748,20250325,41165,,,,,,,no_valid_link,0
d30cd6c1dc96e5cd,20250325_10-K_edgar_data_1872347_0001888524-25-005251.txt,0001872347,20250325,nan,,,,,,,no_valid_link,0
09ac42b4c2baa5cf,20250325_10-K_edgar_data_1934945_0001013762-25-002139.txt,0001934945,20250325,nan,,,,,,,no_valid_link,0
f9b6ef6777c70e56,20250325_10-K_edgar_data_1959568_0000950170-25-044443.txt,0001959568,20250325,nan,,,,,,,no_valid_link,0
b0c1105460a83f81,20250325_10-K_edgar_data_1959604_0000950170-25-044452.txt,0001959604,20250325,nan,,,,,,,no_valid_link,0
0d19d0bb14c413b5,20250325_10-K_edgar_data_1979748_0001888524-25-005255.txt,0001979748,20250325,nan,,,,,,,no_valid_link,0
a5c4f00cd791713a,20250325_10-K_edgar_data_2012807_0001829126-25-002048.txt,0002012807,20250325,45124,,,,,,,no_valid_link,0
e21876741620453e,20250325_10-K_edgar_data_2025341_0001013762-25-002270.txt,0002025341,20250325,50280,,,,,,,no_valid_link,0
c2f1de94d69af6c9,20250325_10-K_edgar_data_894501_0001091818-25-000017.txt,0000894501,20250325,114347,,,,,,,no_valid_link,0
5f7460c82c3507fc,20250326_10-K_edgar_data_1038509_0001038509-25-000019.txt,0001038509,20250326,nan,,,,,,,no_valid_link,0
066b3a549d356669,20250326_10-K_edgar_data_1407973_0000950170-25-045214.txt,0001407973,20250326,39860,,,,,,,no_valid_link,0
a0b9e5b94d4f8e80,20250326_10-K_edgar_data_1416265_0001416265-25-000006.txt,0001416265,20250326,21874,,,,,,,no_valid_link,0
d8828195b8816fa4,20250326_10-K_edgar_data_1436975_0001185185-25-000224.txt,0001436975,20250326,21224,,,,,,,no_valid_link,0
fbb855f4676042c8,20250326_10-K_edgar_data_1461219_0001140361-25-010446.txt,0001461219,20250326,nan,,,,,,,no_valid_link,0
cac376d80056ca33,20250326_10-K_edgar_data_1461237_0001140361-25-010447.txt,0001461237,20250326,nan,,,,,,,no_valid_link,0
8d5cf931e5802af4,20250326_10-K_edgar_data_1542574_0001416265-25-000006.txt,0001542574,20250326,nan,,,,,,,no_valid_link,0
4de83a5ca2bfef51,20250326_10-K_edgar_data_1563756_0001185185-25-000225.txt,0001563756,20250326,36498,,,,,,,no_valid_link,0
03b8525cd7c686f9,20250326_10-K_edgar_data_1619312_0001185185-25-000226.txt,0001619312,20250326,nan,,,,,,,no_valid_link,0
2d6084c0149fd14c,20250326_10-K_edgar_data_1678740_0001888524-25-005361.txt,0001678740,20250326,nan,,,,,,,no_valid_link,0
6f24643c4887dfec,20250326_10-K_edgar_data_1702746_0001888524-25-005369.txt,0001702746,20250326,nan,,,,,,,no_valid_link,0
abff9af05511c5b0,20250326_10-K_edgar_data_1742383_0001888524-25-005364.txt,0001742383,20250326,nan,,,,,,,no_valid_link,0
bc8c87cad49efd95,20250326_10-K_edgar_data_1866838_0001013762-25-002744.txt,0001866838,20250326,39617,,,,,,,no_valid_link,0
7fb468168ade9a40,20250326_10-K_edgar_data_1869699_0001013762-25-002798.txt,0001869699,20250326,nan,,,,,,,no_valid_link,0
aecdd652118a9daa,20250326_10-K_edgar_data_1876255_0000950170-25-045464.txt,0001876255,20250326,nan,,,,,,,no_valid_link,0
d434e551ea16e4a8,20250326_10-K_edgar_data_1911321_0000950170-25-045057.txt,0001911321,20250326,nan,,,,,,,no_valid_link,0
9c64800016a5ca95,20250326_10-K_edgar_data_1965934_0000950170-25-045206.txt,0001965934,20250326,nan,,,,,,,no_valid_link,0
031599684a287e36,20250326_10-K_edgar_data_1992508_0001013762-25-002795.txt,0001992508,20250326,nan,,,,,,,no_valid_link,0
ee8913d2b63cbf1f,20250326_10-K_edgar_data_2006016_0001888524-25-005379.txt,0002006016,20250326,nan,,,,,,,no_valid_link,0
0f037136574af533,20250326_10-K_edgar_data_2018145_0001013762-25-002713.txt,0002018145,20250326,45443,,,,,,,no_valid_link,0
6656b380322b5d96,20250326_10-K_edgar_data_2022503_0001888524-25-005378.txt,0002022503,20250326,nan,,,,,,,no_valid_link,0
d14ff151328c0ac3,20250326_10-K_edgar_data_2024203_0001641172-25-000774.txt,0002024203,20250326,50284,,,,,,,no_valid_link,0
3fe9563176881078,20250326_10-K_edgar_data_737875_0000737875-25-000012.txt,0000737875,20250326,18301,,,,,,,no_valid_link,0
b69911d891aee3cb,20250326_10-K_edgar_data_777917_0000777917-25-000035.txt,0000777917,20250326,nan,,,,,,,no_valid_link,0
3db2df7cc47576cd,20250326_10-K_edgar_data_824416_0001013762-25-002745.txt,0000824416,20250326,19253,,,,,,,no_valid_link,0
0452687d1b5ad281,20250327_10-K_edgar_data_1331421_0001641172-25-000860.txt,0001331421,20250327,nan,,,,,,,no_valid_link,0
7299e967ca24e3c8,20250327_10-K_edgar_data_1387061_0001185185-25-000229.txt,0001387061,20250327,36036,,,,,,,no_valid_link,0
71c73ac9e61f0564,20250327_10-K_edgar_data_1631406_0001888524-25-005786.txt,0001631406,20250327,nan,,,,,,,no_valid_link,0
e4bffa1bdbefe3af,20250327_10-K_edgar_data_1655591_0001888524-25-006074.txt,0001655591,20250327,nan,,,,,,,no_valid_link,0
919e6b57ce5445b1,20250327_10-K_edgar_data_1664682_0001888524-25-005765.txt,0001664682,20250327,nan,,,,,,,no_valid_link,0
2ed57dc335146573,20250327_10-K_edgar_data_1669990_0001888524-25-006093.txt,0001669990,20250327,nan,,,,,,,no_valid_link,0
67a8238fcd78b77a,20250327_10-K_edgar_data_1751743_0001888524-25-006100.txt,0001751743,20250327,nan,,,,,,,no_valid_link,0
69db6e7d42cb9f53,20250327_10-K_edgar_data_1758882_0001888524-25-005769.txt,0001758882,20250327,nan,,,,,,,no_valid_link,0
4c157435833b9186,20250327_10-K_edgar_data_1766660_0001888524-25-006092.txt,0001766660,20250327,nan,,,,,,,no_valid_link,0
b968724e80a4c192,20250327_10-K_edgar_data_1773339_0001888524-25-006101.txt,0001773339,20250327,nan,,,,,,,no_valid_link,0
d115a23b65858b43,20250327_10-K_edgar_data_1792414_0001888524-25-005780.txt,0001792414,20250327,nan,,,,,,,no_valid_link,0
3bed94627c2637e0,20250327_10-K_edgar_data_1799463_0001888524-25-005791.txt,0001799463,20250327,nan,,,,,,,no_valid_link,0
26a0eb419ffce4ca,20250327_10-K_edgar_data_1803308_0001888524-25-005777.txt,0001803308,20250327,nan,,,,,,,no_valid_link,0
e7c168237cd74169,20250327_10-K_edgar_data_1816861_0001888524-25-006095.txt,0001816861,20250327,nan,,,,,,,no_valid_link,0
8aa41ca28cad018e,20250327_10-K_edgar_data_1830315_0001888524-25-005796.txt,0001830315,20250327,nan,,,,,,,no_valid_link,0
3723ddbca0c44ff5,20250327_10-K_edgar_data_1844392_0001013762-25-002871.txt,0001844392,20250327,39598,,,,,,,no_valid_link,0
ba50e91f761fc171,20250327_10-K_edgar_data_1856967_0001888524-25-005773.txt,0001856967,20250327,nan,,,,,,,no_valid_link,0
1d9cf33077135c1a,20250327_10-K_edgar_data_1866493_0001888524-25-005778.txt,0001866493,20250327,nan,,,,,,,no_valid_link,0
2d6d2dbb8f1a4613,20250327_10-K_edgar_data_1883246_0001888524-25-005782.txt,0001883246,20250327,nan,,,,,,,no_valid_link,0
d444a8b9d9c6395b,20250327_10-K_edgar_data_1895567_0001888524-25-005784.txt,0001895567,20250327,nan,,,,,,,no_valid_link,0
147570342714575f,20250327_10-K_edgar_data_1912461_0001013762-25-003413.txt,0001912461,20250327,nan,,,,,,,no_valid_link,0
53aa35f67a26de2d,20250327_10-K_edgar_data_1912724_0001888524-25-005798.txt,0001912724,20250327,nan,,,,,,,no_valid_link,0
a97c7a5fdbfe5c64,20250327_10-K_edgar_data_1938338_0001477932-25-002102.txt,0001938338,20250327,43600,,,,,,,no_valid_link,0
9529ae5812dcd8af,20250327_10-K_edgar_data_1950141_0001888524-25-006103.txt,0001950141,20250327,nan,,,,,,,no_valid_link,0
8349df72e48ad6b0,20250327_10-K_edgar_data_2017758_0001013762-25-003420.txt,0002017758,20250327,50372,,,,,,,no_valid_link,0
d746f0178f33d9dd,20250327_10-K_edgar_data_2029023_0001013762-25-003434.txt,0002029023,20250327,nan,,,,,,,no_valid_link,0
9186f9400d72bb4e,20250327_10-K_edgar_data_2029769_0001193125-25-065546.txt,0002029769,20250327,50769,,,,,,,no_valid_link,0
d079db0bdcf60470,20250327_10-K_edgar_data_2030829_0001013762-25-002878.txt,0002030829,20250327,50401,,,,,,,no_valid_link,0
02882a48816305c1,20250327_10-K_edgar_data_2031283_0001410578-25-000486.txt,0002031283,20250327,nan,,,,,,,no_valid_link,0
06b257b78036848a,20250327_10-K_edgar_data_2032950_0001929980-25-000163.txt,0002032950,20250327,50882,,,,,,,no_valid_link,0
277716d0e36f33e8,20250327_10-K_edgar_data_797465_0001437749-25-009465.txt,0000797465,20250327,25923,,,,,,,no_valid_link,0
c68a4925858af048,20250327_10-K_edgar_data_881453_0000881453-25-000008.txt,0000881453,20250327,nan,,,,,,,no_valid_link,0
c599a08d7e8cdb8d,20250328_10-K_edgar_data_1042418_0001641172-25-001190.txt,0001042418,20250328,65703,,,,,,,no_valid_link,0
95ceb44770546555,20250328_10-K_edgar_data_1140215_0001641172-25-001344.txt,0001140215,20250328,176378,,,,,,,no_valid_link,0
4a9f204cbadab2c3,20250328_10-K_edgar_data_1171326_0001013762-25-004076.txt,0001171326,20250328,151607,,,,,,,no_valid_link,0
8534322b8ac8fc68,20250328_10-K_edgar_data_1319643_0001199835-25-000101.txt,0001319643,20250328,nan,,,,,,,no_valid_link,0
24116dbf0c0b44d9,20250328_10-K_edgar_data_1586495_0001683168-25-001960.txt,0001586495,20250328,nan,,,,,,,no_valid_link,0
aa14dd78ecb1a17c,20250328_10-K_edgar_data_1755755_0001755755-25-000005.txt,0001755755,20250328,nan,,,,,,,no_valid_link,0
d0d27502b3125a3c,20250328_10-K_edgar_data_1791295_0001888524-25-006105.txt,0001791295,20250328,nan,,,,,,,no_valid_link,0
ecdeaa071a74d466,20250328_10-K_edgar_data_1800294_0000950170-25-046663.txt,0001800294,20250328,nan,,,,,,,no_valid_link,0
e6074ef64a2c93e0,20250328_10-K_edgar_data_1821946_0000950170-25-046646.txt,0001821946,20250328,nan,,,,,,,no_valid_link,0
74a44f3fa9d31e78,20250328_10-K_edgar_data_1840644_0000950170-25-046637.txt,0001840644,20250328,nan,,,,,,,no_valid_link,0
90f11f228f256a33,20250328_10-K_edgar_data_1845550_0001013762-25-004252.txt,0001845550,20250328,38120,,,,,,,no_valid_link,0
7b5dbcea0ad00832,20250328_10-K_edgar_data_1852207_0001013762-25-003594.txt,0001852207,20250328,50706,,,,,,,no_valid_link,0
f3567501178669f3,20250328_10-K_edgar_data_1854149_0000950170-25-046444.txt,0001854149,20250328,43578,,,,,,,no_valid_link,0
ca6fe4507f6b9b60,20250328_10-K_edgar_data_1860514_0001829126-25-002116.txt,0001860514,20250328,nan,,,,,,,no_valid_link,0
eefa21165dbed40c,20250328_10-K_edgar_data_1862080_0000950170-25-046611.txt,0001862080,20250328,nan,,,,,,,no_valid_link,0
996a8efed8b2c7ae,20250328_10-K_edgar_data_1889123_0001013762-25-004107.txt,0001889123,20250328,40312,,,,,,,no_valid_link,0
2766bf81a6aa8998,20250328_10-K_edgar_data_1894714_0000950170-25-046613.txt,0001894714,20250328,nan,,,,,,,no_valid_link,0
2fab01189e943137,20250328_10-K_edgar_data_1914496_0001914496-25-000017.txt,0001914496,20250328,nan,,,,,,,no_valid_link,0
0cdbe4218d1230bf,20250328_10-K_edgar_data_1946021_0001929980-25-000171.txt,0001946021,20250328,20342,,,,,,,no_valid_link,0
8cbfac09744c97dd,20250328_10-K_edgar_data_1950803_0001193125-25-067163.txt,0001950803,20250328,nan,,,,,,,no_valid_link,0
646192b20ef2fe6c,20250328_10-K_edgar_data_1979005_0001641172-25-001169.txt,0001979005,20250328,42977,,,,,,,no_valid_link,0
a2fadee06e82c007,20250328_10-K_edgar_data_1989817_0001989817-25-000023.txt,0001989817,20250328,nan,,,,,,,no_valid_link,0
22b9ab5582838b37,20250328_10-K_edgar_data_2006440_0001888524-25-006411.txt,0002006440,20250328,nan,,,,,,,no_valid_link,0
9d0a71f25d64997f,20250328_10-K_edgar_data_2016420_0001013762-25-003509.txt,0002016420,20250328,nan,,,,,,,no_valid_link,0
ecdd582218546ad9,20250328_10-K_edgar_data_2024812_0001888524-25-006339.txt,0002024812,20250328,nan,,,,,,,no_valid_link,0
64bbee4d45f8faf8,20250328_10-K_edgar_data_2033695_0001410578-25-000532.txt,0002033695,20250328,nan,,,,,,,no_valid_link,0
13588f59be665d2a,20250328_10-K_edgar_data_2034418_0000950170-25-046721.txt,0002034418,20250328,nan,,,,,,,no_valid_link,0
edb9d9dc8e41a126,20250328_10-K_edgar_data_2038432_0000950170-25-046620.txt,0002038432,20250328,nan,,,,,,,no_valid_link,0
09f49ea3fdde4209,20250328_10-K_edgar_data_2044614_0001888524-25-006341.txt,0002044614,20250328,nan,,,,,,,no_valid_link,0
df2956d2b8c6f8d1,20250328_10-K_edgar_data_856984_0001641172-25-001230.txt,0000856984,20250328,21505,,,,,,,no_valid_link,0
98ed4d887f2cfa22,20250331_10-K_edgar_data_1039828_0001039828-25-000010.txt,0001039828,20250331,156383,,,,,,,no_valid_link,0
83bf68712ccb470e,20250331_10-K_edgar_data_1106213_0001199835-25-000103.txt,0001106213,20250331,141006,,,,,,,no_valid_link,0
ccda268fc9974be8,20250331_10-K_edgar_data_1145765_0001562762-25-000068.txt,0001145765,20250331,nan,,,,,,,no_valid_link,0
d6398816c4a19ee0,20250331_10-K_edgar_data_1261379_0001213900-25-026105.txt,0001261379,20250331,nan,,,,,,,no_valid_link,0
ca5d6bf29b239860,20250331_10-K_edgar_data_1296884_0001185185-25-000249.txt,0001296884,20250331,27361,,,,,,,no_valid_link,0
180031aee9b25dca,20250331_10-K_edgar_data_1389122_0001213900-25-026105.txt,0001389122,20250331,nan,,,,,,,no_valid_link,0
ce6866687dd615f7,20250331_10-K_edgar_data_1389123_0001213900-25-026105.txt,0001389123,20250331,nan,,,,,,,no_valid_link,0
6b705c2196ce59fe,20250331_10-K_edgar_data_1389124_0001213900-25-026105.txt,0001389124,20250331,nan,,,,,,,no_valid_link,0
2e4b0a5f80148a68,20250331_10-K_edgar_data_1389125_0001213900-25-026105.txt,0001389125,20250331,nan,,,,,,,no_valid_link,0
930d1026bbbb009e,20250331_10-K_edgar_data_1389128_0001213900-25-026105.txt,0001389128,20250331,nan,,,,,,,no_valid_link,0
b87337c3c432a1a3,20250331_10-K_edgar_data_1396536_0001079973-25-000555.txt,0001396536,20250331,23607,,,,,,,no_valid_link,0
7987ea157184833e,20250331_10-K_edgar_data_1413891_0001213900-25-026353.txt,0001413891,20250331,179184,,,,,,,no_valid_link,0
92fa510ef2234bf0,20250331_10-K_edgar_data_1437283_0001214659-25-005083.txt,0001437283,20250331,181309,,,,,,,no_valid_link,0
bf8fc8259686fd03,20250331_10-K_edgar_data_1450720_0001213900-25-026105.txt,0001450720,20250331,nan,,,,,,,no_valid_link,0
b9b76c72cee8883c,20250331_10-K_edgar_data_1450722_0001213900-25-026105.txt,0001450722,20250331,nan,,,,,,,no_valid_link,0
4108ac062f11e119,20250331_10-K_edgar_data_1452936_0001452936-25-000013.txt,0001452936,20250331,36221,,,,,,,no_valid_link,0
e258f282cc5802af,20250331_10-K_edgar_data_1468910_0001562762-25-000064.txt,0001468910,20250331,nan,,,,,,,no_valid_link,0
f3a408349f9b08f2,20250331_10-K_edgar_data_1471781_0001731122-25-000487.txt,0001471781,20250331,185115,,,,,,,no_valid_link,0
b21e36724cb2d241,20250331_10-K_edgar_data_1527702_0001663577-25-000086.txt,0001527702,20250331,34070,,,,,,,no_valid_link,0
4556c6be04fd084a,20250331_10-K_edgar_data_1549631_0001641172-25-001687.txt,0001549631,20250331,32242,,,,,,,no_valid_link,0
c75d9d583ef4d3d3,20250331_10-K_edgar_data_1560143_0001683168-25-002111.txt,0001560143,20250331,37365,,,,,,,no_valid_link,0
4f470bc62bc6ff47,20250331_10-K_edgar_data_1563922_0001563922-25-000004.txt,0001563922,20250331,nan,,,,,,,no_valid_link,0
e57e26e53d4aca89,20250331_10-K_edgar_data_1597339_0001888524-25-006441.txt,0001597339,20250331,nan,,,,,,,no_valid_link,0
e6783a9a906c7e31,20250331_10-K_edgar_data_1615222_0001999371-25-003519.txt,0001615222,20250331,nan,,,,,,,no_valid_link,0
e7765fc227af32ed,20250331_10-K_edgar_data_1634452_0000950170-25-047686.txt,0001634452,20250331,nan,,,,,,,no_valid_link,0
e2e35e920afb2843,20250331_10-K_edgar_data_1661600_0001683168-25-002119.txt,0001661600,20250331,nan,,,,,,,no_valid_link,0
4e713dbb6bb73542,20250331_10-K_edgar_data_1663645_0001888524-25-006439.txt,0001663645,20250331,nan,,,,,,,no_valid_link,0
f98f71ca92615ea2,20250331_10-K_edgar_data_1666244_0000950170-25-047855.txt,0001666244,20250331,nan,,,,,,,no_valid_link,0
5e0b01d26e61b487,20250331_10-K_edgar_data_1669393_0000950170-25-047371.txt,0001669393,20250331,nan,,,,,,,no_valid_link,0
b524509f89963905,20250331_10-K_edgar_data_1670601_0000950170-25-047279.txt,0001670601,20250331,nan,,,,,,,no_valid_link,0
218395b842f64065,20250331_10-K_edgar_data_1680139_0001213900-25-026262.txt,0001680139,20250331,30587,,,,,,,no_valid_link,0
82d52742f6c97306,20250331_10-K_edgar_data_1684682_0001684682-25-000005.txt,0001684682,20250331,nan,,,,,,,no_valid_link,0
67c94bf5c4d01da4,20250331_10-K_edgar_data_1690255_0000950170-25-047356.txt,0001690255,20250331,nan,,,,,,,no_valid_link,0
2d3c1fb717c63d8f,20250331_10-K_edgar_data_1693368_0001888524-25-006446.txt,0001693368,20250331,nan,,,,,,,no_valid_link,0
4b8c06545406e046,20250331_10-K_edgar_data_1710360_0000950170-25-047353.txt,0001710360,20250331,nan,,,,,,,no_valid_link,0
1a4dfb6349250961,20250331_10-K_edgar_data_1715824_0000950170-25-047361.txt,0001715824,20250331,nan,,,,,,,no_valid_link,0
8737d04318820495,20250331_10-K_edgar_data_1718304_0000950170-25-047376.txt,0001718304,20250331,nan,,,,,,,no_valid_link,0
94871463ba087ea1,20250331_10-K_edgar_data_1720286_0001477932-25-002215.txt,0001720286,20250331,nan,,,,,,,no_valid_link,0
88e9fe127791332a,20250331_10-K_edgar_data_1731044_0000950170-25-047369.txt,0001731044,20250331,nan,,,,,,,no_valid_link,0
f278d7cb9ff9fdbe,20250331_10-K_edgar_data_1733443_0001410578-25-000582.txt,0001733443,20250331,nan,,,,,,,no_valid_link,0
8708a04ce44470a3,20250331_10-K_edgar_data_1734103_0000950170-25-047128.txt,0001734103,20250331,nan,,,,,,,no_valid_link,0
77e8f7426fdf2bf9,20250331_10-K_edgar_data_1740450_0000950170-25-047365.txt,0001740450,20250331,nan,,,,,,,no_valid_link,0
b396112359668c80,20250331_10-K_edgar_data_1751874_0000950170-25-047121.txt,0001751874,20250331,nan,,,,,,,no_valid_link,0
0b7e164d30e168f8,20250331_10-K_edgar_data_1755347_0001079973-25-000540.txt,0001755347,20250331,nan,,,,,,,no_valid_link,0
a17835235e21252d,20250331_10-K_edgar_data_1757925_0000950170-25-047379.txt,0001757925,20250331,nan,,,,,,,no_valid_link,0
7639e8fdaee74f00,20250331_10-K_edgar_data_1781089_0000950170-25-047101.txt,0001781089,20250331,nan,,,,,,,no_valid_link,0
1d34cade12c77ec3,20250331_10-K_edgar_data_1785592_0000950170-25-047893.txt,0001785592,20250331,35761,,,,,,,no_valid_link,0
3602600d1fe343f5,20250331_10-K_edgar_data_1786835_0001140361-25-011279.txt,0001786835,20250331,nan,,,,,,,no_valid_link,0
4fc993f2af6515da,20250331_10-K_edgar_data_1842563_0001842563-25-000009.txt,0001842563,20250331,nan,,,,,,,no_valid_link,0
b68237700c0dd26f,20250331_10-K_edgar_data_1844505_0001844505-25-000038.txt,0001844505,20250331,38310,,,,,,,no_valid_link,0
1d2fdb84b7a8515a,20250331_10-K_edgar_data_1848437_0001410578-25-000554.txt,0001848437,20250331,40265,,,,,,,no_valid_link,0
ca397c45477c941b,20250331_10-K_edgar_data_1873722_0001641172-25-001484.txt,0001873722,20250331,36900,,,,,,,no_valid_link,0
a6820535c9ece0cc,20250331_10-K_edgar_data_1877461_0001477932-25-002206.txt,0001877461,20250331,40558,,,,,,,no_valid_link,0
1ebbab00d8199c71,20250331_10-K_edgar_data_1879293_0001641172-25-001445.txt,0001879293,20250331,25309,,,,,,,no_valid_link,0
e981e8e18015f5d2,20250331_10-K_edgar_data_1884164_0001683168-25-002055.txt,0001884164,20250331,16512,,,,,,,no_valid_link,0
e2182754db720ba2,20250331_10-K_edgar_data_1892747_0001641172-25-001827.txt,0001892747,20250331,40631,,,,,,,no_valid_link,0
a9a9c36228524ef3,20250331_10-K_edgar_data_1903688_0001888524-25-006447.txt,0001903688,20250331,nan,,,,,,,no_valid_link,0
3e73ff34293da00d,20250331_10-K_edgar_data_1915328_0001410578-25-000601.txt,0001915328,20250331,41056,,,,,,,no_valid_link,0
a484711a361bbf33,20250331_10-K_edgar_data_1921064_0001888524-25-006433.txt,0001921064,20250331,nan,,,,,,,no_valid_link,0
f8b348edf55b8b60,20250331_10-K_edgar_data_1924870_0001888524-25-006435.txt,0001924870,20250331,nan,,,,,,,no_valid_link,0
a36dfbcd5527e79f,20250331_10-K_edgar_data_1932997_0001888524-25-006444.txt,0001932997,20250331,nan,,,,,,,no_valid_link,0
af2f1e9fc01503e7,20250331_10-K_edgar_data_1942599_0001888524-25-006455.txt,0001942599,20250331,nan,,,,,,,no_valid_link,0
d7fe522ec6a234ba,20250331_10-K_edgar_data_1944831_0001944831-25-000007.txt,0001944831,20250331,nan,,,,,,,no_valid_link,0
0e63fcb8fa3773f9,20250331_10-K_edgar_data_1957662_0001888524-25-006463.txt,0001957662,20250331,nan,,,,,,,no_valid_link,0
30a9197e4da0e3be,20250331_10-K_edgar_data_1960262_0001013762-25-004397.txt,0001960262,20250331,177318,,,,,,,no_valid_link,0
64ce3dc7c722050d,20250331_10-K_edgar_data_1970622_0001213900-25-026445.txt,0001970622,20250331,42314,,,,,,,no_valid_link,0
802006d38285a4b5,20250331_10-K_edgar_data_1970781_0001888524-25-006452.txt,0001970781,20250331,nan,,,,,,,no_valid_link,0
291b74ab90fbd6ad,20250331_10-K_edgar_data_1971381_0001193125-25-068918.txt,0001971381,20250331,nan,,,,,,,no_valid_link,0
551ac87d28a97d10,20250331_10-K_edgar_data_1972920_0001888524-25-006451.txt,0001972920,20250331,nan,,,,,,,no_valid_link,0
bf9e4455ff8d9827,20250331_10-K_edgar_data_1979859_0001888524-25-006426.txt,0001979859,20250331,nan,,,,,,,no_valid_link,0
5f35870ae3452b13,20250331_10-K_edgar_data_1982701_0000950170-25-047687.txt,0001982701,20250331,nan,,,,,,,no_valid_link,0
795db73ed950ae4a,20250331_10-K_edgar_data_1984246_0001888524-25-006457.txt,0001984246,20250331,nan,,,,,,,no_valid_link,0
760e1283a49d67db,20250331_10-K_edgar_data_1987419_0001888524-25-006454.txt,0001987419,20250331,nan,,,,,,,no_valid_link,0
cc355d4429d5684c,20250331_10-K_edgar_data_1992084_0001888524-25-006428.txt,0001992084,20250331,nan,,,,,,,no_valid_link,0
f22de057009bdcc6,20250331_10-K_edgar_data_1994754_0001888524-25-006461.txt,0001994754,20250331,nan,,,,,,,no_valid_link,0
40f1422a694fa2ce,20250331_10-K_edgar_data_1995500_0001888524-25-006460.txt,0001995500,20250331,nan,,,,,,,no_valid_link,0
969665066200d1ee,20250331_10-K_edgar_data_2000597_0000950170-25-047639.txt,0002000597,20250331,nan,,,,,,,no_valid_link,0
5620096b3b107ee6,20250331_10-K_edgar_data_2014982_0001213900-25-026255.txt,0002014982,20250331,50299,,,,,,,no_valid_link,0
1077a6c929c57a0c,20250331_10-K_edgar_data_2020385_0001213900-25-026416.txt,0002020385,20250331,50476,,,,,,,no_valid_link,0
5778286843779f42,20250331_10-K_edgar_data_2028516_0001437749-25-010221.txt,0002028516,20250331,45547,,,,,,,no_valid_link,0
eb89606b1b4b3c67,20250331_10-K_edgar_data_2028614_0001213900-25-026240.txt,0002028614,20250331,50433,,,,,,,no_valid_link,0
25761c712586b23c,20250331_10-K_edgar_data_2030482_0001213900-25-026434.txt,0002030482,20250331,50420,,,,,,,no_valid_link,0
6bed693b4a6c3778,20250331_10-K_edgar_data_2032019_0001193125-25-068893.txt,0002032019,20250331,nan,,,,,,,no_valid_link,0
280778a451bcdbc2,20250331_10-K_edgar_data_2032020_0001193125-25-068914.txt,0002032020,20250331,nan,,,,,,,no_valid_link,0
8cf3af3752e93824,20250331_10-K_edgar_data_2032528_0001410578-25-000577.txt,0002032528,20250331,nan,,,,,,,no_valid_link,0
1ab5640812fdff55,20250331_10-K_edgar_data_34285_0001641172-25-001879.txt,0000034285,20250331,35849,,,,,,,no_valid_link,0
4af8ffbe66763e30,20250331_10-K_edgar_data_788816_0001628280-25-015552.txt,0000788816,20250331,15171,,,,,,,no_valid_link,0
3cabc59ebbcd18c8,20250331_10-K_edgar_data_802257_0001185185-25-000257.txt,0000802257,20250331,26720,,,,,,,no_valid_link,0
2d4f99c02ea273cd,20250331_10-K_edgar_data_83350_0000083350-25-000004.txt,0000083350,20250331,22962,,,,,,,no_valid_link,0
bcaa1c1f7474fe52,20250331_10-K_edgar_data_888471_0001562762-25-000066.txt,0000888471,20250331,nan,,,,,,,no_valid_link,0
78bc1a9b658df580,20250331_10-K_edgar_data_894556_0001640334-25-000558.txt,0000894556,20250331,65842,,,,,,,no_valid_link,0
2038ce6702e15c92,20250331_10-K_edgar_data_924515_0001477932-25-002200.txt,0000924515,20250331,65016,,,,,,,no_valid_link,0
c3d1cc60e9c7fef4,20250401_10-K_edgar_data_1377149_0001437749-25-010329.txt,0001377149,20250401,160367,,,,,,,no_valid_link,0
c82642b9a0dbd403,20250401_10-K_edgar_data_1416090_0001096906-25-000357.txt,0001416090,20250401,26333,,,,,,,no_valid_link,0
27e68c4d8dabe252,20250401_10-K_edgar_data_1630176_0001096906-25-000370.txt,0001630176,20250401,26354,,,,,,,no_valid_link,0
c4f832dac7c8517d,20250402_10-K_edgar_data_1089815_0001437749-25-010652.txt,0001089815,20250402,124395,,,,,,,no_valid_link,0
d77f7d58c0df7066,20250402_10-K_edgar_data_1174891_0001641172-25-002190.txt,0001174891,20250402,161833,,,,,,,no_valid_link,0
50d8130be6ed4679,20250402_10-K_edgar_data_1727255_0001683168-25-002195.txt,0001727255,20250402,43145,,,,,,,no_valid_link,0
26cc6cbad74dcd65,20250402_10-K_edgar_data_1737193_0001683168-25-002219.txt,0001737193,20250402,34597,,,,,,,no_valid_link,0
818a1d04bf8223d4,20250402_10-K_edgar_data_1913577_0001213900-25-027319.txt,0001913577,20250402,40822,,,,,,,no_valid_link,0
e80be206457d162e,20250403_10-K_edgar_data_1838513_0001193125-25-071555.txt,0001838513,20250403,nan,,,,,,,no_valid_link,0
d0abfd964aa5d919,20250403_10-K_edgar_data_1850767_0001641172-25-002594.txt,0001850767,20250403,39205,,,,,,,no_valid_link,0
7899193f6e3566b9,20250403_10-K_edgar_data_1915380_0001193125-25-071568.txt,0001915380,20250403,nan,,,,,,,no_valid_link,0
9f0dfcdf6da41585,20250404_10-K_edgar_data_1600347_0001641172-25-002758.txt,0001600347,20250404,nan,,,,,,,no_valid_link,0
ddeb026d14053e48,20250404_10-K_edgar_data_1839133_0001641172-25-002748.txt,0001839133,20250404,110526,,,,,,,no_valid_link,0
72da9ddda5f5fa7f,20250407_10-K_edgar_data_1447380_0001641172-25-002942.txt,0001447380,20250407,183964,,,,,,,no_valid_link,0
d8ee01fcaf873544,20250407_10-K_edgar_data_846377_0001477932-25-002496.txt,0000846377,20250407,31259,,,,,,,no_valid_link,0
773b20f0d600babf,20250407_10-K_edgar_data_912544_0001641172-25-003031.txt,0000912544,20250407,29165,,,,,,,no_valid_link,0
6d66dcd08a8749ca,20250409_10-K_edgar_data_1889450_0001641172-25-003384.txt,0001889450,20250409,40498,,,,,,,no_valid_link,0
109d30c5d0f2a44b,20250409_10-K_edgar_data_1919182_0001171520-25-000088.txt,0001919182,20250409,42972,,,,,,,no_valid_link,0
42497e7fb3cc93ac,20250410_10-K_edgar_data_1467761_0001829126-25-002538.txt,0001467761,20250410,183666,,,,,,,no_valid_link,0
21f8157f85f2608a,20250411_10-K_edgar_data_1580490_0001641172-25-003678.txt,0001580490,20250411,nan,,,,,,,no_valid_link,0
de0d7d0103591732,20250411_10-K_edgar_data_1763329_0001096906-25-000487.txt,0001763329,20250411,38154,,,,,,,no_valid_link,0
54e8cc797366b677,20250411_10-K_edgar_data_1875493_0001193125-25-079175.txt,0001875493,20250411,nan,,,,,,,no_valid_link,0
4601860439b9640b,20250414_10-K_edgar_data_1741489_0001213900-25-031497.txt,0001741489,20250414,35400,,,,,,,no_valid_link,0
4a4207f7d70ea38f,20250414_10-K_edgar_data_1771995_0001641172-25-003967.txt,0001771995,20250414,165633,,,,,,,no_valid_link,0
ac01ab6f526f1ac6,20250414_10-K_edgar_data_1816937_0001641172-25-004605.txt,0001816937,20250414,nan,,,,,,,no_valid_link,0
fe42ec5128978eda,20250414_10-K_edgar_data_1935092_0001079973-25-000641.txt,0001935092,20250414,nan,,,,,,,no_valid_link,0
4ad8436ecbcd0c30,20250414_10-K_edgar_data_1983736_0001641172-25-004026.txt,0001983736,20250414,135391,,,,,,,no_valid_link,0
b95e34dfc517a8c1,20250414_10-K_edgar_data_866439_0001683168-25-002535.txt,0000866439,20250414,33858,,,,,,,no_valid_link,0
ec1182f4991056c1,20250415_10-K_edgar_data_1064722_0001641172-25-004864.txt,0001064722,20250415,66589,,,,,,,no_valid_link,0
b82f8706d05242bc,20250415_10-K_edgar_data_1101433_0001654954-25-004291.txt,0001101433,20250415,29089,,,,,,,no_valid_link,0
e7d45947a8393b9d,20250415_10-K_edgar_data_1391426_0001903596-25-000196.txt,0001391426,20250415,159149,,,,,,,no_valid_link,0
e5cba35b10279a71,20250415_10-K_edgar_data_1463208_0001641172-25-004796.txt,0001463208,20250415,185950,,,,,,,no_valid_link,0
e4d3e117104de281,20250415_10-K_edgar_data_1497230_0001654954-25-004309.txt,0001497230,20250415,114380,,,,,,,no_valid_link,0
8afe91805d2f4fca,20250415_10-K_edgar_data_1499275_0001139020-25-000067.txt,0001499275,20250415,187784,,,,,,,no_valid_link,0
609038480270f7d3,20250415_10-K_edgar_data_1568969_0001641172-25-004834.txt,0001568969,20250415,nan,,,,,,,no_valid_link,0
3ae336daf4c03cd0,20250415_10-K_edgar_data_1593184_0001683168-25-002614.txt,0001593184,20250415,17511,,,,,,,no_valid_link,0
97aa9f130449690c,20250415_10-K_edgar_data_1621906_0001213900-25-032203.txt,0001621906,20250415,27028,,,,,,,no_valid_link,0
88f88c565dfb4525,20250415_10-K_edgar_data_1624517_0001829126-25-002695.txt,0001624517,20250415,nan,,,,,,,no_valid_link,0
e2446117f668dbf5,20250415_10-K_edgar_data_1676163_0001213900-25-031773.txt,0001676163,20250415,33773,,,,,,,no_valid_link,0
46fb23d348ee4a57,20250415_10-K_edgar_data_1682265_0001477932-25-002756.txt,0001682265,20250415,nan,,,,,,,no_valid_link,0
45509ca7037f7a1e,20250415_10-K_edgar_data_1706509_0001213900-25-031761.txt,0001706509,20250415,33183,,,,,,,no_valid_link,0
91d64c328e0441a2,20250415_10-K_edgar_data_1726079_0001139020-25-000063.txt,0001726079,20250415,36938,,,,,,,no_valid_link,0
da95f3c294d2e1ae,20250415_10-K_edgar_data_1763660_0001641172-25-004728.txt,0001763660,20250415,nan,,,,,,,no_valid_link,0
39ad55c5c527fd69,20250415_10-K_edgar_data_1838876_0001683168-25-002556.txt,0001838876,20250415,nan,,,,,,,no_valid_link,0
eeac2d2901425694,20250415_10-K_edgar_data_1865120_0001641172-25-004873.txt,0001865120,20250415,39466,,,,,,,no_valid_link,0
f7cd5e9eac55c027,20250415_10-K_edgar_data_1871638_0000950170-25-053870.txt,0001871638,20250415,39454,,,,,,,no_valid_link,0
1b378caf43f3efc0,20250415_10-K_edgar_data_1883835_0001520138-25-000120.txt,0001883835,20250415,41512,,,,,,,no_valid_link,0
14d012a3416bacb6,20250415_10-K_edgar_data_1889106_0001641172-25-004801.txt,0001889106,20250415,41886,,,,,,,no_valid_link,0
29c0eedd5dd70839,20250415_10-K_edgar_data_1894525_0001213900-25-032206.txt,0001894525,20250415,50724,,,,,,,no_valid_link,0
afbd72c781b16ae7,20250415_10-K_edgar_data_1900520_0001213900-25-032200.txt,0001900520,20250415,nan,,,,,,,no_valid_link,0
51ded75641b9a035,20250415_10-K_edgar_data_1956055_0001929980-25-000272.txt,0001956055,20250415,nan,,,,,,,no_valid_link,0
760dcb3b99ceb4c3,20250415_10-K_edgar_data_2028355_0001477932-25-002753.txt,0002028355,20250415,45684,,,,,,,no_valid_link,0
0bd860e81a12130f,20250415_10-K_edgar_data_836564_0001683168-25-002584.txt,0000836564,20250415,37475,,,,,,,no_valid_link,0
f88502001824fc6a,20250415_10-K_edgar_data_867038_0001017386-25-000053.txt,0000867038,20250415,24131,,,,,,,no_valid_link,0
d4b8533e35d3964a,20250415_10-K_edgar_data_908259_0001641172-25-004846.txt,0000908259,20250415,35138,,,,,,,no_valid_link,0
4f81c67cc285d4da,20250415_10-K_edgar_data_943535_0001641172-25-004775.txt,0000943535,20250415,36430,,,,,,,no_valid_link,0
d54f5a3290401842,20250416_10-K_edgar_data_1084475_0001641172-25-004927.txt,0001084475,20250416,29772,,,,,,,no_valid_link,0
de0ba3ad8ce7abc7,20250416_10-K_edgar_data_1375793_0001641172-25-004952.txt,0001375793,20250416,176893,,,,,,,no_valid_link,0
813c8a9fe971dd7b,20250416_10-K_edgar_data_1852889_0001193125-25-082806.txt,0001852889,20250416,40777,,,,,,,no_valid_link,0
a57f9479da781e93,20250417_10-K_edgar_data_1593549_0001641172-25-005145.txt,0001593549,20250417,21698,,,,,,,no_valid_link,0
b6f4cb73506a154a,20250417_10-K_edgar_data_1847355_0001213900-25-032956.txt,0001847355,20250417,40300,,,,,,,no_valid_link,0
402b9b1852de49f2,20250417_10-K_edgar_data_1868419_0001641172-25-005155.txt,0001868419,20250417,39355,,,,,,,no_valid_link,0
8ee15a2e82da3e93,20250422_10-K_edgar_data_1263364_0001641172-25-005644.txt,0001263364,20250422,185694,,,,,,,no_valid_link,0
66230a35126dc4bb,20250423_10-K_edgar_data_1349706_0001214659-25-006296.txt,0001349706,20250423,175731,,,,,,,no_valid_link,0
033bc743fb377be2,20250423_10-K_edgar_data_1477960_0001477932-25-002922.txt,0001477960,20250423,nan,,,,,,,no_valid_link,0
52b0f8322d750629,20250424_10-K_edgar_data_1945619_0001683168-25-002782.txt,0001945619,20250424,126126,,,,,,,no_valid_link,0
3975f80d9e2c4e12,20250425_10-K_edgar_data_1130781_0001477932-25-002956.txt,0001130781,20250425,147411,,,,,,,no_valid_link,0
5e08012d84715cd4,20250425_10-K_edgar_data_1439264_0001683168-25-002807.txt,0001439264,20250425,182422,,,,,,,no_valid_link,0
8387cced8c0d4e01,20250425_10-K_edgar_data_1848672_0001096906-25-000593.txt,0001848672,20250425,nan,,,,,,,no_valid_link,0
954d07b59ec17423,20250429_10-K_edgar_data_1745032_0001558370-25-005729.txt,0001745032,20250429,nan,,,,,,,no_valid_link,0
8900e9d9b4c592b4,20250429_10-K_edgar_data_1803096_0001640334-25-000716.txt,0001803096,20250429,nan,,,,,,,no_valid_link,0
03a0d556c8f5e363,20250430_10-K_edgar_data_1290658_0001683168-25-002978.txt,0001290658,20250430,32331,,,,,,,no_valid_link,0
1eae85e4057fcb56,20250430_10-K_edgar_data_1922331_0001829126-25-003072.txt,0001922331,20250430,nan,,,,,,,no_valid_link,0
2352c04d118ecd9e,20250430_10-K_edgar_data_1936255_0001213900-25-037576.txt,0001936255,20250430,42219,,,,,,,no_valid_link,0
87e104acd30b64b8,20250502_10-K_edgar_data_1652958_0001683168-25-003051.txt,0001652958,20250502,34902,,,,,,,no_valid_link,0
f210124a9f20370a,20250505_10-K_edgar_data_1907425_0001641172-25-008460.txt,0001907425,20250505,nan,,,,,,,no_valid_link,0
7093fb32d6a19785,20250507_10-K_edgar_data_1885461_0001213900-25-040339.txt,0001885461,20250507,nan,,,,,,,no_valid_link,0
b6c16923923caffa,20250509_10-K_edgar_data_1119190_0001641172-25-009520.txt,0001119190,20250509,157820,,,,,,,no_valid_link,0
38c45be4339b1a84,20250509_10-K_edgar_data_1803977_0001641172-25-009410.txt,0001803977,20250509,66552,,,,,,,no_valid_link,0
f6e8f7abf4f5d560,20250509_10-K_edgar_data_1868516_0001104659-25-046353.txt,0001868516,20250509,nan,,,,,,,no_valid_link,0
3d5f266ab94a15a6,20250512_10-K_edgar_data_1304280_0001304280-25-000023.txt,0001304280,20250512,162701,,,,,,,no_valid_link,0
ed06eae20409fb38,20250512_10-K_edgar_data_1514443_0001829126-25-003553.txt,0001514443,20250512,171213,,,,,,,no_valid_link,0
69f6ef9e19f3aa2e,20250512_10-K_edgar_data_1515139_0001641172-25-009550.txt,0001515139,20250512,18918,,,,,,,no_valid_link,0
ae769b192687275c,20250512_10-K_edgar_data_1818152_0001599916-25-000053.txt,0001818152,20250512,nan,,,,,,,no_valid_link,0
e6012803e526fb8e,20250514_10-K_edgar_data_1994624_0001410578-25-001275.txt,0001994624,20250514,41295,,,,,,,no_valid_link,0
a3d799bc6dcd6b77,20250515_10-K_edgar_data_1490873_0001477932-25-003845.txt,0001490873,20250515,186370,,,,,,,no_valid_link,0
7459faca23da08a8,20250520_10-K_edgar_data_1828739_0001477932-25-004035.txt,0001828739,20250520,nan,,,,,,,no_valid_link,0
63012a30902f57bc,20250522_10-K_edgar_data_1265521_0001641172-25-012070.txt,0001265521,20250522,186819,,,,,,,no_valid_link,0
02acf90006f1947b,20250527_10-K_edgar_data_1853047_0001213900-25-047454.txt,0001853047,20250527,41202,,,,,,,no_valid_link,0
a407db39cbfefc9a,20250529_10-K_edgar_data_1498148_0001641172-25-012903.txt,0001498148,20250529,34036,,,,,,,no_valid_link,0
16f0132f97195f99,20250529_10-K_edgar_data_1602409_0001520138-25-000162.txt,0001602409,20250529,32367,,,,,,,no_valid_link,0
9d4264b9832df258,20250529_10-K_edgar_data_1977837_0001977837-25-000024.txt,0001977837,20250529,nan,,,,,,,no_valid_link,0
c28406261c0d22f0,20250530_10-K_edgar_data_1066764_0001641172-25-013018.txt,0001066764,20250530,116025,,,,,,,no_valid_link,0
346689c687ad1f89,20250530_10-K_edgar_data_1879848_0001641172-25-013062.txt,0001879848,20250530,40336,,,,,,,no_valid_link,0
9a9fa07183876233,20250603_10-K_edgar_data_834071_0000950170-25-080775.txt,0000834071,20250603,15136,,,,,,,no_valid_link,0
1c0e93efcfaad95d,20250605_10-K_edgar_data_1857855_0001641172-25-013717.txt,0001857855,20250605,nan,,,,,,,no_valid_link,0
fc48325135f5d444,20250606_10-K_edgar_data_1883984_0001213900-25-052242.txt,0001883984,20250606,40293,,,,,,,no_valid_link,0
e22003a4822aadd6,20250612_10-K_edgar_data_1647822_0001641172-25-014855.txt,0001647822,20250612,28401,,,,,,,no_valid_link,0
97a911b8a961fcbc,20250612_10-K_edgar_data_50292_0001213900-25-053885.txt,0000050292,20250612,5932,,,,,,,no_valid_link,0
1cfada3350d1af2d,20250613_10-K_edgar_data_1688126_0001641172-25-015110.txt,0001688126,20250613,31244,,,,,,,no_valid_link,0
ba96556d55f6337f,20250616_10-K_edgar_data_1068689_0001641172-25-015290.txt,0001068689,20250616,114923,,,,,,,no_valid_link,0
88899df33d9f15f3,20250616_10-K_edgar_data_1473490_0001641172-25-015188.txt,0001473490,20250616,16564,,,,,,,no_valid_link,0
a113743a5c8dfb0c,20250618_10-K_edgar_data_864270_0000864270-25-000006.txt,0000864270,20250618,nan,,,,,,,no_valid_link,0
1d3cc7ae961a41af,20250620_10-K_edgar_data_1553404_0001213900-25-056287.txt,0001553404,20250620,125376,,,,,,,no_valid_link,0
f6ba630c787971c0,20250624_10-K_edgar_data_1131903_0001096906-25-001012.txt,0001131903,20250624,153630,,,,,,,no_valid_link,0
d508dc6e96310780,20250624_10-K_edgar_data_1840102_0001520138-25-000183.txt,0001840102,20250624,40825,,,,,,,no_valid_link,0
c4d6a09ef0408c05,20250627_10-K_edgar_data_1009759_0001558370-25-008930.txt,0001009759,20250627,137373,,,,,,,no_valid_link,0
61354dd42e606ea8,20250630_10-K_edgar_data_1053369_0001641172-25-017134.txt,0001053369,20250630,106261,,,,,,,no_valid_link,0
c5f67c4c7c204112,20250630_10-K_edgar_data_1357878_0001472375-25-000070.txt,0001357878,20250630,nan,,,,,,,no_valid_link,0
4d589582139ef659,20250630_10-K_edgar_data_1438461_0001640334-25-001078.txt,0001438461,20250630,22371,,,,,,,no_valid_link,0
bb382147cb96500f,20250701_10-K_edgar_data_1394108_0001554795-25-000172.txt,0001394108,20250701,184388,,,,,,,no_valid_link,0
2156b0307fa68ae0,20250703_10-K_edgar_data_1324759_0001641172-25-017721.txt,0001324759,20250703,165468,,,,,,,no_valid_link,0
367624871f896b7e,20250703_10-K_edgar_data_1420924_0001641172-25-017758.txt,0001420924,20250703,182403,,,,,,,no_valid_link,0
22d4ecf781959c77,20250708_10-K_edgar_data_1415813_0001683168-25-004968.txt,0001415813,20250708,1550,,,,,,,no_valid_link,0
3a9eae7a19d3309e,20250708_10-K_edgar_data_1740797_0001740797-25-000038.txt,0001740797,20250708,35156,,,,,,,no_valid_link,0
694c14da7f0e6315,20250711_10-K_edgar_data_1553788_0001731122-25-000964.txt,0001553788,20250711,36379,,,,,,,no_valid_link,0
736bb12fa6d81333,20250714_10-K_edgar_data_1879001_0001641172-25-019545.txt,0001879001,20250714,41461,,,,,,,no_valid_link,0
3b538731a82df5e1,20250715_10-K_edgar_data_1678105_0001640334-25-001202.txt,0001678105,20250715,35356,,,,,,,no_valid_link,0
5f879995dcb74fed,20250715_10-K_edgar_data_774415_0001683168-25-005108.txt,0000774415,20250715,61622,,,,,,,no_valid_link,0
baa0a9936985ae3b,20250718_10-K_edgar_data_1816554_0001683168-25-005216.txt,0001816554,20250718,nan,,,,,,,no_valid_link,0
c8189238eee39ee3,20250722_10-K_edgar_data_1980295_0001980295-25-000008.txt,0001980295,20250722,nan,,,,,,,no_valid_link,0
a1b86415fb59b569,20250723_10-K_edgar_data_1949864_0001949864-25-000021.txt,0001949864,20250723,nan,,,,,,,no_valid_link,0
0bca785ded6171dc,20250725_10-K_edgar_data_1175680_0001558370-25-009617.txt,0001175680,20250725,164720,,,,,,,no_valid_link,0
a67ca467fda8736e,20250729_10-K_edgar_data_1011060_0001641172-25-021335.txt,0001011060,20250729,63029,,,,,,,no_valid_link,0
faff22e24dd40504,20250801_10-K_edgar_data_1792941_0001903596-25-000373.txt,0001792941,20250801,nan,,,,,,,no_valid_link,0
22b436595798dc5c,20250805_10-K_edgar_data_70502_0000070502-25-000211.txt,0000070502,20250805,7769,,,,,,,no_valid_link,0
be26406e0fc85316,20250808_10-K_edgar_data_1672572_0001641172-25-022649.txt,0001672572,20250808,nan,,,,,,,no_valid_link,0
6c1172fdb049a452,20250813_10-K_edgar_data_318299_0001641172-25-023585.txt,0000318299,20250813,40564,,,,,,,no_valid_link,0
85ef5dc092447359,20250818_10-K_edgar_data_1590496_0001213900-25-077887.txt,0001590496,20250818,24732,,,,,,,no_valid_link,0
9f4b1fe53f3cb567,20250826_10-K_edgar_data_773717_0001213900-25-080700.txt,0000773717,20250826,186721,,,,,,,no_valid_link,0
52ce7a3963ba60c3,20250827_10-K_edgar_data_1496690_0001641172-25-025687.txt,0001496690,20250827,185891,,,,,,,no_valid_link,0
17e279e078ea6bd6,20250827_10-K_edgar_data_1696195_0001477932-25-006306.txt,0001696195,20250827,34045,,,,,,,no_valid_link,0
9f41434f80d8b021,20250828_10-K_edgar_data_1429393_0001477932-25-006336.txt,0001429393,20250828,187350,,,,,,,no_valid_link,0
1ac743d52f9d20a0,20250829_10-K_edgar_data_1088413_0001437749-25-028050.txt,0001088413,20250829,31337,,,,,,,no_valid_link,0
4773a6350e808a80,20250829_10-K_edgar_data_1624985_0001683168-25-006576.txt,0001624985,20250829,nan,,,,,,,no_valid_link,0
6ab525e0c671ec44,20250902_10-K_edgar_data_1985554_0001683168-25-006612.txt,0001985554,20250902,nan,,,,,,,no_valid_link,0
f939dd831ce8fb4f,20250903_10-K_edgar_data_1498067_0001641172-25-026370.txt,0001498067,20250903,27809,,,,,,,no_valid_link,0
9af109832ad01c52,20250905_10-K_edgar_data_1729997_0001729997-25-000006.txt,0001729997,20250905,nan,,,,,,,no_valid_link,0
4834e3510f915629,20250905_10-K_edgar_data_1732406_0001732406-25-000005.txt,0001732406,20250905,36764,,,,,,,no_valid_link,0
47f003e56bb768f7,20250905_10-K_edgar_data_1732409_0001732409-25-000005.txt,0001732409,20250905,36761,,,,,,,no_valid_link,0
51fc3194cca00eea,20250910_10-K_edgar_data_1901297_0001641172-25-027037.txt,0001901297,20250910,51068,,,,,,,no_valid_link,0
7db755a492d09f58,20250911_10-K_edgar_data_2020919_0001683168-25-006862.txt,0002020919,20250911,nan,,,,,,,no_valid_link,0
e7f269ca713b2b45,20250912_10-K_edgar_data_1350156_0001262463-25-000185.txt,0001350156,20250912,nan,,,,,,,no_valid_link,0
1c27d2fb23a59295,20250915_10-K_edgar_data_1495648_0001477932-25-006767.txt,0001495648,20250915,186251,,,,,,,no_valid_link,0
d9227e871cb065d0,20250915_10-K_edgar_data_1999538_0001999538-25-000012.txt,0001999538,20250915,nan,,,,,,,no_valid_link,0
893f3d25d1b86482,20250922_10-K_edgar_data_1411057_0001683168-25-007174.txt,0001411057,20250922,179613,,,,,,,no_valid_link,0
6b42df98c724a6e8,20250923_10-K_edgar_data_911216_0001654954-25-011030.txt,0000911216,20250923,29086,,,,,,,no_valid_link,0
f07164f166fa30e9,20250926_10-K_edgar_data_2025878_0001477932-25-007056.txt,0002025878,20250926,nan,,,,,,,no_valid_link,0
01a75757fb5a90b3,20250926_10-K_edgar_data_2057381_0002057381-25-000022.txt,0002057381,20250926,nan,,,,,,,no_valid_link,0
0c1d85c829ae117b,20250929_10-K_edgar_data_1832161_0001493152-25-016043.txt,0001832161,20250929,39330,,,,,,,no_valid_link,0
4bb22774c354427e,20250929_10-K_edgar_data_1882781_0001882781-25-000034.txt,0001882781,20250929,nan,,,,,,,no_valid_link,0
ddaa4b903e6ddcbc,20250929_10-K_edgar_data_1963088_0001104659-25-094578.txt,0001963088,20250929,37809,,,,,,,no_valid_link,0
aca5b51da180cb26,20250930_10-K_edgar_data_1520118_0001477932-25-007253.txt,0001520118,20250930,18080,,,,,,,no_valid_link,0
39613bfe9e4d7131,20250930_10-K_edgar_data_1976663_0001477932-25-007240.txt,0001976663,20250930,nan,,,,,,,no_valid_link,0
f66e988194b964f2,20250930_10-K_edgar_data_2000640_0001213900-25-093259.txt,0002000640,20250930,45488,,,,,,,no_valid_link,0
e2e15d206d07ed57,20250930_10-K_edgar_data_725394_0001683168-25-007318.txt,0000725394,20250930,40541,,,,,,,no_valid_link,0
95fd2941e86394f3,20250930_10-K_edgar_data_79661_0001493152-25-016135.txt,0000079661,20250930,22549,,,,,,,no_valid_link,0
877b7087b8067dbe,20251002_10-K_edgar_data_1481504_0001477932-25-007303.txt,0001481504,20251002,36803,,,,,,,no_valid_link,0
4da8d6fc1eb4a32f,20251007_10-K_edgar_data_1082733_0001654954-25-011506.txt,0001082733,20251007,125602,,,,,,,no_valid_link,0
ebfa51b89e0ed84c,20251008_10-K_edgar_data_1845459_0001845459-25-000004.txt,0001845459,20251008,38649,,,,,,,no_valid_link,0
b9dbe8ec9f1f4a2e,20251014_10-K_edgar_data_1121795_0001079973-25-001605.txt,0001121795,20251014,180912,,,,,,,no_valid_link,0
8bdc215eb47674f6,20251014_10-K_edgar_data_1593001_0001493152-25-017958.txt,0001593001,20251014,nan,,,,,,,no_valid_link,0
376cb1f866b0bd3c,20251023_10-K_edgar_data_1506929_0001640334-25-001876.txt,0001506929,20251023,19896,,,,,,,no_valid_link,0
b3ed18b13b14e508,20251027_10-K_edgar_data_1978111_0001683168-25-007786.txt,0001978111,20251027,nan,,,,,,,no_valid_link,0
416d7107d4ada20c,20251029_10-K_edgar_data_1584693_0001493152-25-020074.txt,0001584693,20251029,21759,,,,,,,no_valid_link,0
94aceb158ce62de3,20251031_10-K_edgar_data_1437750_0001477932-25-007836.txt,0001437750,20251031,180805,,,,,,,no_valid_link,0
2895bfe2804ac188,20251103_10-K_edgar_data_884650_0001654954-25-012432.txt,0000884650,20251103,28916,,,,,,,no_valid_link,0
2208e44c81353e73,20251103_10-K_edgar_data_884650_0001654954-25-012437.txt,0000884650,20251103,28916,,,,,,,no_valid_link,0
3d77ba997752426b,20251105_10-K_edgar_data_823277_0000823277-25-000038.txt,0000823277,20251105,134464,,,,,,,no_valid_link,0
2dc09244d8cca575,20251113_10-K_edgar_data_1071840_0001171843-25-007295.txt,0001071840,20251113,122229,,,,,,,no_valid_link,0
c5e2c1ad4daed505,20251113_10-K_edgar_data_1376986_0001376986-25-000056.txt,0001376986,20251113,10447,,,,,,,no_valid_link,0
d5bb0522870d8d4d,20251113_10-K_edgar_data_1663038_0001477932-25-008200.txt,0001663038,20251113,31115,,,,,,,no_valid_link,0
a24f8d91c534152c,20251114_10-K_edgar_data_3146_0001193125-25-282583.txt,0000003146,20251114,1224,,,,,,,no_valid_link,0
be79d8bbe14effa0,20251114_10-K_edgar_data_57183_0001193125-25-282583.txt,0000057183,20251114,156655,,,,,,,no_valid_link,0
5c6a1a97be4cddd4,20251119_10-K_edgar_data_1424657_0001213900-25-112675.txt,0001424657,20251119,18885,,,,,,,no_valid_link,0
817b2717556db0da,20251121_10-K_edgar_data_1901612_0001901612-25-000053.txt,0001901612,20251121,nan,,,,,,,no_valid_link,0
0951dd8fe45d586c,20251125_10-K_edgar_data_1748945_0001193125-25-297573.txt,0001748945,20251125,nan,,,,,,,no_valid_link,0
a72be89e3040fa37,20251125_10-K_edgar_data_1761325_0001193125-25-297570.txt,0001761325,20251125,nan,,,,,,,no_valid_link,0
158e204eae9f2421,20251125_10-K_edgar_data_1930087_0001930087-25-000070.txt,0001930087,20251125,nan,,,,,,,no_valid_link,0
24edffbab1c51951,20251126_10-K_edgar_data_1901606_0001901606-25-000079.txt,0001901606,20251126,nan,,,,,,,no_valid_link,0
1868a4c6f66b5450,20251126_10-K_edgar_data_1995920_0001995920-25-000021.txt,0001995920,20251126,nan,,,,,,,no_valid_link,0
6e5861628f2e4ba7,20251128_10-K_edgar_data_1127475_0001185185-25-001887.txt,0001127475,20251128,152686,,,,,,,no_valid_link,0
6a1699f3c85ed182,20251201_10-K_edgar_data_1605331_0001663577-25-000338.txt,0001605331,20251201,24672,,,,,,,no_valid_link,0
ba18067b5698e776,20251204_10-K_edgar_data_1868878_0001868878-25-000045.txt,0001868878,20251204,nan,,,,,,,no_valid_link,0
8d620ca821a3b65f,20251204_10-K_edgar_data_2044009_0001193125-25-308177.txt,0002044009,20251204,51721,,,,,,,no_valid_link,0
281470005ecbe4e9,20251209_10-K_edgar_data_1843714_0001079973-25-001836.txt,0001843714,20251209,38485,,,,,,,no_valid_link,0
a5db6b581447a84e,20251210_10-K_edgar_data_1792941_0001903596-25-000575.txt,0001792941,20251210,nan,,,,,,,no_valid_link,0
ff511c2a688b9d9a,20251216_10-K_edgar_data_1346022_0001062993-25-017347.txt,0001346022,20251216,175071,,,,,,,no_valid_link,0
0c2a3f79e536c84d,20251218_10-K_edgar_data_1022505_0001493152-25-028364.txt,0001022505,20251218,64077,,,,,,,no_valid_link,0
d4e7089227b247be,20251218_10-K_edgar_data_1872371_0001872371-25-000018.txt,0001872371,20251218,nan,,,,,,,no_valid_link,0
d715523fc3c96578,20251218_10-K_edgar_data_1974793_0001974793-25-000018.txt,0001974793,20251218,nan,,,,,,,no_valid_link,0
dd779b862efe5f2e,20251218_10-K_edgar_data_27673_0001104659-25-122363.txt,0000027673,20251218,3836,,,,,,,no_valid_link,0
83d52e79bd848141,20251219_10-K_edgar_data_2047497_0001104659-25-123203.txt,0002047497,20251219,50948,,,,,,,no_valid_link,0
118bbeb8772335b7,20251223_10-K_edgar_data_2050338_0001213900-25-124968.txt,0002050338,20251223,nan,,,,,,,no_valid_link,0
dd3b003277947cb0,20251229_10-K_edgar_data_2033264_0001493152-25-029443.txt,0002033264,20251229,nan,,,,,,,no_valid_link,0
ed7c9eb11bcc167d,20251230_10-K_edgar_data_932021_0001493152-25-029524.txt,0000932021,20251230,31588,,,,,,,no_valid_link,0
e616388f5f461fbe,20251231_10-K_edgar_data_2016167_0001753926-25-002005.txt,0002016167,20251231,nan,,,,,,,no_valid_link,0
