batch_id,batch_row_id,sampling_seed,selection_reason,sentence_id,sentence_text_id,sentence,sentence_norm,label,is_uncertain,uncertainty_note,source_file,source_year,source_quarter,source_form,source_cik,sentence_index,manifest_id,manifest_row_id,source_window_id,token_count,fragment_score,integrity_flags,sic,ff12_code,ff12_name,industry_metadata_source,length_bin,edge_case_flag,filing_selection_reason,original_sentence,original_sentence_index,prior_manual_label,prior_assistive_label,source_section,match_status,match_score,candidate_sentence_index,prelabel_eligible,skip_reason
labeling_batch_v1,ac6c2a94d410ab5d,20260306,quarter_ff12_round_robin,8a565a36583fdb5d,a2c1cff798167124,"Our global strategy is to deliver higher value by focusing on the following strategic priorities: Invest in high-growth technologies such as hybrid cloud, security, data analytics, artificial intelligence (""AI""), hyperscale infrastructure, and services.",our global strategy is to deliver higher value by focusing on the following strategic priorities invest in high growth technologies such as hybrid cloud security data analytics artificial intelligence ai hyperscale infrastructure and services,,,,2024/QTR1/20240126_10-K_edgar_data_1177394_0001177394-24-000014.txt,2024,1,10-K,1177394,1,pilot_2024_10k_v1,17e39b3512306655,active_2021_2024,33,0.0,[],5045.0,9,Shops,controls_by_firm_year,long,False,quarter_ff12_round_robin,"Our global strategy is to deliver higher value by focusing on the following strategic priorities: Invest in high-growth technologies such as hybrid cloud, security, data analytics, artificial intelligence (""AI""), hyperscale infrastructure, and services.",1,nan,,item_1_business,exact,1.0,1,True,
labeling_batch_v1,17b223dea7a65981,20260306,quarter_ff12_round_robin,bb7466928a4c7499,ec2f00643842d731,"We offer a comprehensive catalog of more than 200,000 technology products as measured by active SKU's from more than 2,500 original equipment manufacturers OEM , suppliers of traditional technologies such as personal computing devices, mobile phones and accessories, and high-growth technologies such as cloud, security, data/analytics, AI and hyperscale infrastructure.",we offer a comprehensive catalog of more than 200 000 technology products as measured by active sku s from more than 2 500 original equipment manufacturers oem suppliers of traditional technologies such as personal computing devices mobile phones and accessories and high growth technologies such as cloud security data analytics ai and hyperscale infrastructure,,,,2024/QTR1/20240126_10-K_edgar_data_1177394_0001177394-24-000014.txt,2024,1,10-K,1177394,2,pilot_2024_10k_v1,17e39b3512306655,active_2021_2024,54,0.0,[],5045.0,9,Shops,controls_by_firm_year,long,False,quarter_ff12_round_robin,"Our Products and Suppliers We offer a comprehensive catalog of more than 200,000 technology products (as measured by active SKU's) from more than 2,500 original equipment manufacturers OEM ), suppliers of traditional technologies such as personal computing devices, mobile phones and accessories, and high-growth technologies such as cloud, security, data/analytics, AI and hyperscale infrastructure.",2,nan,,item_1_business,exact,1.0,2,True,
labeling_batch_v1,d0f39f7556a3374a,20260306,quarter_diversity_fill,de0db4e35d53c11e,fa849ce60b68f07c,"Furthermore, the nature and sophistication of cyber-attacks continues to evolve as cyber-attackers use Artificial Intelligence to develop malicious code and sophisticated phishing attempts and other attacks on operational control systems and data.",furthermore the nature and sophistication of cyber attacks continues to evolve as cyber attackers use artificial intelligence to develop malicious code and sophisticated phishing attempts and other attacks on operational control systems and data,,,,2024/QTR1/20240209_10-K_edgar_data_100122_0000100122-24-000002.txt,2024,1,10-K,100122,1,pilot_2024_10k_v1,bf9c1d0c591b391b,active_2021_2024,32,0.0,[],,12,Other,unknown,long,False,quarter_fill,"Furthermore, the nature and sophistication of cyber-attacks continues to evolve as cyber-attackers use Artificial Intelligence to develop malicious code and sophisticated phishing attempts and other attacks on operational control systems and data.",1,nan,,item_1a_risk_factors,exact,1.0,1,True,
labeling_batch_v1,17cf225ea2a46eb1,20260306,quarter_ff12_round_robin,e4b8b6dbec490f80,0f2b88419d21ea95,"The use of AI/ML methods contain inherent risks that may expose us to unexpected losses, damage our reputation, have an adverse impact on our business operations, and violate our legal and regulatory obligations.",the use of ai ml methods contain inherent risks that may expose us to unexpected losses damage our reputation have an adverse impact on our business operations and violate our legal and regulatory obligations,,,,2024/QTR1/20240214_10-K_edgar_data_1026214_0001026214-24-000025.txt,2024,1,10-K,1026214,1,pilot_2024_10k_v1,b0e0b6d2a20d343e,active_2021_2024,34,0.0,[],6111.0,11,Money,controls_by_firm_year,long,True,quarter_ff12_round_robin,"N The use of AI/ML methods contain inherent risks that may expose us to unexpected losses, damage our reputation, have an adverse impact on our business operations, and violate our legal and regulatory obligations.",1,nan,,other,exact,1.0,6,True,
labeling_batch_v1,1edf449cbc0420a1,20260306,quarter_ff12_round_robin,1904b80dd2fe1a57,9bb88d04367f2ec4,"We may not be able to sufficiently mitigate or detect any of the foregoing limitations or risks given the lack of experience with using AI/ML methods in our business, the pace of technological change, and rapid adoption of AI/ML by our business partners and competitors.",we may not be able to sufficiently mitigate or detect any of the foregoing limitations or risks given the lack of experience with using ai ml methods in our business the pace of technological change and rapid adoption of ai ml by our business partners and competitors,,,,2024/QTR1/20240214_10-K_edgar_data_1026214_0001026214-24-000025.txt,2024,1,10-K,1026214,12,pilot_2024_10k_v1,b0e0b6d2a20d343e,active_2021_2024,54,0.0,[],6111.0,11,Money,controls_by_firm_year,long,True,quarter_ff12_round_robin,"We may not be able to sufficiently mitigate or detect any of the foregoing limitations or risks given the lack of experience with using AI/ML methods in our business, the pace of FREDDIE MAC | 2023 Form 10-K 128 Risk Factors technological change, and rapid adoption of AI/ML by our business partners and competitors.",12,nan,,other,exact,1.0,12,True,
labeling_batch_v1,6c444832684f0333,20260306,quarter_ff12_round_robin,e59ee2f288168a96,40c6e9b85f53de09,,,,,,2024/QTR1/20240214_10-K_edgar_data_1026214_0001026214-24-000025.txt,2024,1,10-K,1026214,14,pilot_2024_10k_v1,b0e0b6d2a20d343e,active_2021_2024,6,0.0,[],6111.0,11,Money,controls_by_firm_year,short,False,quarter_ff12_round_robin,N AI/ML - Artificial Intelligence/Machine Learning.,14,nan,,other,unmatched,0.0,14,False,unmatched_noise
labeling_batch_v1,a40e3072bfdfdc07,20260306,quarter_diversity_fill,4242b9a10b4ff277,2468efd746dbed35,"Our Affiliates may not compare favorably with their competitors in any or all of these categories, and technological developments, including financial applications and services based on artificial intelligence AI , may over time reduce the demand for, or clients willingness to pay for, certain products and services.",our affiliates may not compare favorably with their competitors in any or all of these categories and technological developments including financial applications and services based on artificial intelligence ai may over time reduce the demand for or clients willingness to pay for certain products and services,,,,2024/QTR1/20240216_10-K_edgar_data_1004434_0001004434-24-000010.txt,2024,1,10-K,1004434,1,pilot_2024_10k_v1,8badc011c486e7ff,active_2021_2024,47,0.0,[],,12,Other,unknown,long,True,quarter_fill,"Our Affiliates may not compare favorably with their competitors in any or all of these categories, and technological developments, including financial applications and services based on artificial intelligence AI ), may over time reduce the demand for, or clients willingness to pay for, certain products and services.",1,nan,,item_1_business,exact,1.0,1,True,
labeling_batch_v1,8b718b65d388a9b9,20260306,quarter_diversity_fill,3dd04eecfc20c3ba,9c293c4480aa5e43,"For example, the use of generative AI technologies by us, our Affiliates, or our respective third-party service providers could result in new and expanded risks.",for example the use of generative ai technologies by us our affiliates or our respective third party service providers could result in new and expanded risks,,,,2024/QTR1/20240216_10-K_edgar_data_1004434_0001004434-24-000010.txt,2024,1,10-K,1004434,2,pilot_2024_10k_v1,8badc011c486e7ff,active_2021_2024,25,0.0,[],,12,Other,unknown,long,True,quarter_fill,"For example, the use of generative AI technologies by us, our Affiliates, or our respective third-party service providers could result in new and expanded risks.",2,nan,,item_1_business,exact,1.0,2,True,
labeling_batch_v1,6fc28a8e7bc0db4f,20260306,quarter_diversity_fill,4d60a30db86bb743,e1db53fd7bfc6f43,"The advancement of AI has given rise to additional vulnerabilities and potential entry points for cyber threats, providing threat actors with additional tools to automate attacks, evade detection, or generate sophisticated phishing emails.",the advancement of ai has given rise to additional vulnerabilities and potential entry points for cyber threats providing threat actors with additional tools to automate attacks evade detection or generate sophisticated phishing emails,,,,2024/QTR1/20240216_10-K_edgar_data_1004434_0001004434-24-000010.txt,2024,1,10-K,1004434,3,pilot_2024_10k_v1,8badc011c486e7ff,active_2021_2024,33,0.0,[],,12,Other,unknown,long,False,quarter_fill,"The advancement of AI has given rise to additional vulnerabilities and potential entry points for cyber threats, providing threat actors with additional tools to automate attacks, evade detection, or generate sophisticated phishing emails.",3,nan,,item_1_business,exact,1.0,3,True,
labeling_batch_v1,e575d677639570ce,20260306,quarter_diversity_fill,c45311384e048d97,26708af00f2ae852,"Additionally, proprietary, confidential, and/or sensitive information of the Company or our tenants could be leaked, disclosed, or revealed as a result of or in connection with our employees , personnel's, or vendors use of generative artificial intelligence technologies.",additionally proprietary confidential and or sensitive information of the company or our tenants could be leaked disclosed or revealed as a result of or in connection with our employees personnel s or vendors use of generative artificial intelligence technologies,,,,2024/QTR1/20240221_10-K_edgar_data_1004036_0000899715-24-000044.txt,2024,1,10-K,1004036,2,pilot_2024_10k_v1,fad943f75d220628,active_2021_2024,39,0.0,[],,12,Other,unknown,long,True,quarter_fill,"Additionally, proprietary, confidential, and/or sensitive information of the Company or our tenants could be leaked, disclosed, or revealed as a result of or in connection with our employees , personnel s, or vendors use of generative artificial intelligence technologies.",2,nan,,item_1a_risk_factors,exact,1.0,2,True,
labeling_batch_v1,d2244d3a89f6a43a,20260306,quarter_ff12_round_robin,b6d5079dbf6d7219,7554f898c716af07,"EPAM has used its software engineering expertise to become a leading global provider of digital engineering, cloud and artificial intelligence-enabled transformation services, as well as a leading business and experience consulting partner for global enterprises and ambitious start-ups.",epam has used its software engineering expertise to become a leading global provider of digital engineering cloud and artificial intelligence enabled transformation services as well as a leading business and experience consulting partner for global enterprises and ambitious start ups,,,,2024/QTR1/20240222_10-K_edgar_data_1352010_0001352010-24-000008.txt,2024,1,10-K,1352010,1,pilot_2024_10k_v1,e4c53435ae14c5c0,active_2021_2024,40,0.0,[],7370.0,6,BusEq,controls_by_firm_year,long,False,quarter_ff12_round_robin,"Business Overview EPAM has used its software engineering expertise to become a leading global provider of digital engineering, cloud and artificial intelligence-enabled transformation services, as well as a leading business and experience consulting partner for global enterprises and ambitious start-ups.",1,nan,,item_1_business,exact,1.0,1,True,
labeling_batch_v1,a9efac39389f6bb8,20260306,quarter_ff12_round_robin,d585b999ea5eaa56,2bc6e2abcd38f3d7,"We have used our software engineering expertise to become a leading global provider of digital engineering, cloud and AI-enabled transformation services, as well as a leading business and experience consulting partner for global enterprises and ambitious startups.",we have used our software engineering expertise to become a leading global provider of digital engineering cloud and ai enabled transformation services as well as a leading business and experience consulting partner for global enterprises and ambitious startups,,,,2024/QTR1/20240222_10-K_edgar_data_1352010_0001352010-24-000008.txt,2024,1,10-K,1352010,3,pilot_2024_10k_v1,e4c53435ae14c5c0,active_2021_2024,34,0.0,[],7370.0,6,BusEq,controls_by_firm_year,long,False,quarter_ff12_round_robin,"Data, Analytics and Artificial Intelligence With deep expertise in data and analytics, business intelligence and cloud platform development, we navigate the complexities of building and scaling new data capabilities necessary for the evolving environment.",3,nan,,item_1a_risk_factors,rescued_similarity,0.148521,22,True,
labeling_batch_v1,2323d14233381934,20260306,quarter_ff12_round_robin,6fd59ad7f9a00747,68f530cd556c181c,"We have used our software engineering expertise to become a leading global provider of digital engineering, cloud and AI-enabled transformation services, as well as a leading business and experience consulting partner for global enterprises and ambitious startups.",we have used our software engineering expertise to become a leading global provider of digital engineering cloud and ai enabled transformation services as well as a leading business and experience consulting partner for global enterprises and ambitious startups,,,,2024/QTR1/20240222_10-K_edgar_data_1352010_0001352010-24-000008.txt,2024,1,10-K,1352010,23,pilot_2024_10k_v1,e4c53435ae14c5c0,active_2021_2024,39,0.0,[],7370.0,6,BusEq,controls_by_firm_year,long,False,quarter_ff12_round_robin,"Executive Summary We have used our software engineering expertise to become a leading global provider of digital engineering, cloud and AI-enabled transformation services, as well as a leading business and experience consulting partner for global enterprises and ambitious startups.",23,nan,,item_1a_risk_factors,exact,1.0,22,True,
labeling_batch_v1,f9ca13d6b212cd21,20260306,quarter_ff12_round_robin,1f7cfc4e51903d17,5cc98d71d1bc7c0c,"We implemented our City Route Optimization technology at our service centers during 2023, which has successfully improved efficiencies and lowered costs addressing the environmental impact of our fuel emissions in our city pickup and delivery operations through the use of algorithms created using AI and historical data.",we implemented our city route optimization technology at our service centers during 2023 which has successfully improved efficiencies and lowered costs addressing the environmental impact of our fuel emissions in our city pickup and delivery operations through the use of algorithms created using ai and historical data,,,,2024/QTR1/20240223_10-K_edgar_data_894405_0001558370-24-001622.txt,2024,1,10-K,894405,4,pilot_2024_10k_v1,1188e9f94a2aa084,active_2021_2024,76,0.0,[],4213.0,12,Other,controls_by_firm_year,long,False,quarter_ff12_round_robin,"Our IT systems are vulnerable to interruption by adverse weather conditions or natural disasters; power loss; telecommunications failures; terrorist attacks; internet failures and other disruptions to technology, including 20 Table of Contents computer viruses; and other events beyond our control, including cybersecurity incidents such as denial of service, system failure, security breach, intentional or inadvertent acts by employees or vendors with access to our systems or data, phishing, disruption by malware, or attacks enabled by AI.",4,nan,,item_1_business,rescued_similarity,0.067914,3,True,
labeling_batch_v1,7db3733345dda11d,20260306,quarter_diversity_fill,ee327529092f6184,1dc797a1854d1b07,"(ai) Intellectual Property Rights means trade marks, service marks, rights in trade names, business names, logos and get-up and any goodwill attaching to the same, patents, rights in inventions, design rights, copyrights (including copyrights in software), database rights, rights in domain names and URLs, rights in Know-how, and all other similar rights in any part of the world including, where such rights are obtained or enhanced by registration, any registration of such rights and applications and rights to apply for such registrations.",ai intellectual property rights means trade marks service marks rights in trade names business names logos and get up and any goodwill attaching to the same patents rights in inventions design rights copyrights including copyrights in software database rights rights in domain names and urls rights in know how and all other similar rights in any part of the world including where such rights are obtained or enhanced by registration any registration of such rights and applications and rights to apply for such registrations,,,,2024/QTR1/20240228_10-K_edgar_data_1000694_0001000694-24-000007.txt,2024,1,10-K,1000694,1,pilot_2024_10k_v1,86b6695c9054d4f8,active_2021_2024,82,0.0,[],,12,Other,unknown,long,False,quarter_fill,"(ai) Intellectual Property Rights means trade marks, service marks, rights in trade names, business names, logos and get-up and any goodwill attaching to the same, patents, rights in inventions, design rights, copyrights (including copyrights in software), database rights, rights in domain names and URLs, rights in Know-how, and all other similar rights in any part of the world including, where such rights are obtained or enhanced by registration, any registration of such rights and applications and rights to apply for such registrations.",1,nan,,item_7_mda,exact,1.0,1,True,
labeling_batch_v1,123541d963f54fcb,20260306,quarter_diversity_fill,bb47cd599da87e48,c70f3c9203c19e94,"As a result of these competitive advantages, our competitors and potential competitors may be able to respond more quickly to market forces, take advantage of acquisitions or other opportunities more readily, undertake more extensive marketing campaigns for their brands, products and services, more successfully utilize developing technology, including data analytics, artificial intelligence, and machine learning, and make more attractive offers to our existing and potential customers. 17 We are dependent upon the availability of credit, and changes in interest rates can impact our business.",as a result of these competitive advantages our competitors and potential competitors may be able to respond more quickly to market forces take advantage of acquisitions or other opportunities more readily undertake more extensive marketing campaigns for their brands products and services more successfully utilize developing technology including data analytics artificial intelligence and machine learning and make more attractive offers to our existing and potential customers 17 we are dependent upon the availability of credit and changes in interest rates can impact our business,,,,2024/QTR1/20240229_10-K_edgar_data_1000623_0001000623-24-000009.txt,2024,1,10-K,1000623,1,pilot_2024_10k_v1,2ec9ff91d6d692ed,active_2021_2024,66,0.0,[],,12,Other,unknown,long,True,quarter_fill,"As a result of these competitive advantages, our competitors and potential competitors may be able to respond more quickly to market forces, take advantage of acquisitions or other opportunities more readily, undertake more extensive marketing campaigns for their brands, products and services, more successfully utilize developing technology, including data analytics, artificial intelligence, and machine learning, and make more attractive offers to our existing and potential customers.",1,nan,,item_1_business,similarity,0.849752,1,True,
labeling_batch_v1,829636c452640265,20260306,quarter_diversity_fill,56c4d36f2c8584d2,e334fa6d529b2099,Our business is exposed to certain risks associated with artificial intelligence AI and other new technologies.,our business is exposed to certain risks associated with artificial intelligence ai and other new technologies,,,,2024/QTR1/20240229_10-K_edgar_data_1001838_0001558370-24-002119.txt,2024,1,10-K,1001838,1,pilot_2024_10k_v1,c86005d01367acff,active_2021_2024,16,0.0,[],,12,Other,unknown,medium,False,quarter_fill,Our business is exposed to certain risks associated with artificial intelligence AI and other new technologies.,1,nan,,item_1_business,exact,1.0,1,True,
labeling_batch_v1,29d0e1cced93ea41,20260306,quarter_diversity_fill,e8e83c9072dbe69d,e61e8324d8354172,"For example, nowadays a major number of software, hardware, services and in general technological solutions vendors are including AI components for a very wide range of applications; and we may find improvement opportunities by developing and applying AI in several of our business and operational processes.",for example nowadays a major number of software hardware services and in general technological solutions vendors are including ai components for a very wide range of applications and we may find improvement opportunities by developing and applying ai in several of our business and operational processes,,,,2024/QTR1/20240229_10-K_edgar_data_1001838_0001558370-24-002119.txt,2024,1,10-K,1001838,2,pilot_2024_10k_v1,c86005d01367acff,active_2021_2024,46,0.0,[],,12,Other,unknown,long,True,quarter_fill,"For example, nowadays a major number of software, hardware, services and in general technological solutions vendors are including AI components for a very wide range of applications; and we may find improvement opportunities by developing and applying AI in several of our business and operational processes.",2,nan,,item_1_business,exact,1.0,2,True,
labeling_batch_v1,0c05517ef52bd4a3,20260306,quarter_diversity_fill,f8276926a94d6f5c,c918f0609a02951e,"Our ability to implement new technologies, including AI, may affect our competitiveness and, consequently, our results of operations.",our ability to implement new technologies including ai may affect our competitiveness and consequently our results of operations,,,,2024/QTR1/20240229_10-K_edgar_data_1001838_0001558370-24-002119.txt,2024,1,10-K,1001838,3,pilot_2024_10k_v1,c86005d01367acff,active_2021_2024,18,0.0,[],,12,Other,unknown,medium,True,quarter_fill,"Our ability to implement new technologies, including AI, may affect our competitiveness and, consequently, our results of operations.",3,nan,,item_1_business,exact,1.0,3,True,
labeling_batch_v1,9f6edd9617dedf98,20260306,quarter_diversity_fill,359aa6023eaf64c6,41edb487722fe788,"In addition, we may utilize AI and other new technologies in software provided by third parties to enhance our capabilities in producing copper, improving business processes and responding to threats to our technology platforms.",in addition we may utilize ai and other new technologies in software provided by third parties to enhance our capabilities in producing copper improving business processes and responding to threats to our technology platforms,,,,2024/QTR1/20240229_10-K_edgar_data_1001838_0001558370-24-002119.txt,2024,1,10-K,1001838,4,pilot_2024_10k_v1,c86005d01367acff,active_2021_2024,34,0.0,[],,12,Other,unknown,long,True,quarter_fill,"In addition, we may utilize AI and other new technologies in software provided by third parties to enhance our capabilities in producing copper, improving business processes and responding to threats to our technology platforms.",4,nan,,item_1_business,exact,1.0,4,True,
labeling_batch_v1,835134f4d3a3439b,20260306,quarter_diversity_fill,4b873d84bdc19408,2d08bad4714d68aa,The use of AI when lacking of a strategy and a governance model may increase our exposure to cybersecurity risks and additional risks relating to the protection of data.,the use of ai when lacking of a strategy and a governance model may increase our exposure to cybersecurity risks and additional risks relating to the protection of data,,,,2024/QTR1/20240229_10-K_edgar_data_1001838_0001558370-24-002119.txt,2024,1,10-K,1001838,5,pilot_2024_10k_v1,c86005d01367acff,active_2021_2024,29,0.0,[],,12,Other,unknown,long,True,quarter_fill,The use of AI when lacking of a strategy and a governance model may increase our exposure to cybersecurity risks and additional risks relating to the protection of data.,5,nan,,item_1_business,exact,1.0,5,True,
labeling_batch_v1,5b8433b064fefcc7,20260306,quarter_diversity_fill,c93d40aa23b5aef2,496d430fe68b7d88,"Cyber attacks could include viruses, malicious or destructive code, phishing attacks, denial of service attacks, supply chain attacks, ransomware and other extortion-based attacks, improper access by third parties, attacks on email systems, and attacks leading to data loss, operational control, or exploitation of vulnerabilities specific to internally developed systems or to those provided and/or maintained by our suppliers, including those attacks arising from or generated by artificial intelligence, among various other security breaches.",cyber attacks could include viruses malicious or destructive code phishing attacks denial of service attacks supply chain attacks ransomware and other extortion based attacks improper access by third parties attacks on email systems and attacks leading to data loss operational control or exploitation of vulnerabilities specific to internally developed systems or to those provided and or maintained by our suppliers including those attacks arising from or generated by artificial intelligence among various other security breaches,,,,2024/QTR1/20240229_10-K_edgar_data_1002910_0001002910-24-000056.txt,2024,1,10-K,1002910,2,pilot_2024_10k_v1,77315bb51c5729b2,active_2021_2024,73,0.0,[],,12,Other,unknown,long,True,quarter_fill,"Cyber attacks could include viruses, malicious or destructive code, phishing attacks, denial of service attacks, supply chain attacks, ransomware and other extortion-based attacks, improper access by third parties, attacks on email systems, and attacks leading to data loss, operational control, or exploitation of vulnerabilities specific to internally developed systems or to those provided and/or maintained by our suppliers, including those attacks arising from or generated by artificial intelligence, among various other security breaches.",2,nan,,item_1a_risk_factors,exact,1.0,2,True,
labeling_batch_v1,396acf00fe2e19c2,20260306,quarter_diversity_fill,638fb54699bbe41a,f0fc4bc053138873,"Accordingly, no matter how well designed or implemented our controls are, we will not be able to anticipate all security breaches of these types, including security threats that may result from third parties improperly employing AI technologies, and we may not be able to implement effective preventive measures against such security breaches in a timely manner.",accordingly no matter how well designed or implemented our controls are we will not be able to anticipate all security breaches of these types including security threats that may result from third parties improperly employing ai technologies and we may not be able to implement effective preventive measures against such security breaches in a timely manner,,,,2024/QTR1/20240306_10-K_edgar_data_1001614_0001001614-24-000010.txt,2024,1,10-K,1001614,1,pilot_2024_10k_v1,2c6049524ae17b96,active_2021_2024,56,0.0,[],,12,Other,unknown,long,True,quarter_fill,"Accordingly, no matter how well designed or implemented our controls are, we will not be able to anticipate all security breaches of these types, including security threats that may result from third parties improperly employing AI technologies, and we may not be able to implement effective preventive measures against such security breaches in a timely manner.",1,nan,,item_1a_risk_factors,exact,1.0,1,True,
labeling_batch_v1,9ec901a6342cc02a,20260306,quarter_diversity_fill,c84ad991b2421175,cf709124d81a5c75,"The development and use of Artificial Intelligence, or AI, present risks and challenges that may adversely impact our business .",the development and use of artificial intelligence or ai present risks and challenges that may adversely impact our business,,,,2024/QTR1/20240307_10-K_edgar_data_1000209_0000950170-24-027942.txt,2024,1,10-K,1000209,1,pilot_2024_10k_v1,05ed206c8b4fb0eb,active_2021_2024,20,0.0,[],,12,Other,unknown,medium,True,quarter_fill,"The development and use of Artificial Intelligence, or AI, present risks and challenges that may adversely impact our business .",1,nan,,item_1a_risk_factors,exact,1.0,1,True,
labeling_batch_v1,6db237c27f5e1f67,20260306,quarter_diversity_fill,203d3d4b98263e0b,ed5a9a1a8a58cb3d,"We or our third-party vendors, service providers, dealerships, contractors or FSPs with which we have relationships may develop or incorporate AI technology in certain business processes, services or products.",we or our third party vendors service providers dealerships contractors or fsps with which we have relationships may develop or incorporate ai technology in certain business processes services or products,,,,2024/QTR1/20240307_10-K_edgar_data_1000209_0000950170-24-027942.txt,2024,1,10-K,1000209,2,pilot_2024_10k_v1,05ed206c8b4fb0eb,active_2021_2024,29,0.0,[],,12,Other,unknown,long,True,quarter_fill,"We or our third-party vendors, service providers, dealerships, contractors or FSPs with which we have relationships may develop or incorporate AI technology in certain business processes, services or products.",2,nan,,item_1a_risk_factors,exact,1.0,2,True,
labeling_batch_v1,651574e1f5bd724f,20260306,quarter_diversity_fill,9bf1cfde30d910a5,0b9f848519a4bd57,The development and use of AI present a number of risks and challenges to our business.,the development and use of ai present a number of risks and challenges to our business,,,,2024/QTR1/20240307_10-K_edgar_data_1000209_0000950170-24-027942.txt,2024,1,10-K,1000209,3,pilot_2024_10k_v1,05ed206c8b4fb0eb,active_2021_2024,16,0.0,[],,12,Other,unknown,medium,False,quarter_fill,The development and use of AI present a number of risks and challenges to our business.,3,nan,,item_1a_risk_factors,exact,1.0,3,True,
labeling_batch_v1,bb407b110bf780f8,20260306,quarter_diversity_fill,eb3177dbc1005f1d,73fee3c5b676a9d5,"The legal and regulatory environment relating to AI is uncertain and rapidly evolving, both in the U.S. and internationally, and includes regulatory schemes targeted specifically at AI as well as provisions in intellectual property, privacy, consumer protection, employment and other laws applicable to the use of AI.",the legal and regulatory environment relating to ai is uncertain and rapidly evolving both in the u s and internationally and includes regulatory schemes targeted specifically at ai as well as provisions in intellectual property privacy consumer protection employment and other laws applicable to the use of ai,,,,2024/QTR1/20240307_10-K_edgar_data_1000209_0000950170-24-027942.txt,2024,1,10-K,1000209,4,pilot_2024_10k_v1,05ed206c8b4fb0eb,active_2021_2024,47,0.0,[],,12,Other,unknown,long,True,quarter_fill,"The legal and regulatory environment relating to AI is uncertain and rapidly evolving, both in the U.S. and internationally, and includes regulatory schemes targeted specifically at AI as well as provisions in intellectual property, privacy, consumer protection, employment and other laws applicable to the use of AI.",4,nan,,item_1a_risk_factors,exact,1.0,4,True,
labeling_batch_v1,44231065f065bbe2,20260306,quarter_diversity_fill,56525e396d7dc01f,f77ebb42c28ee1ad,"AI models, particularly generative AI models, may produce output or take action that is incorrect, that result in the release of private, confidential or proprietary information, that reflect biases included in the data on which they are trained, infringe on the intellectual property rights of others, or that is otherwise harmful or which produce outcomes contrary to the expectations of consumers.",ai models particularly generative ai models may produce output or take action that is incorrect that result in the release of private confidential or proprietary information that reflect biases included in the data on which they are trained infringe on the intellectual property rights of others or that is otherwise harmful or which produce outcomes contrary to the expectations of consumers,,,,2024/QTR1/20240307_10-K_edgar_data_1000209_0000950170-24-027942.txt,2024,1,10-K,1000209,5,pilot_2024_10k_v1,05ed206c8b4fb0eb,active_2021_2024,61,0.0,[],,12,Other,unknown,long,True,quarter_fill,"AI models, particularly generative AI models, may produce output or take action that is incorrect, that result in the release of private, confidential or proprietary information, that reflect biases included in the data on which they are trained, infringe on the intellectual property rights of others, or that is otherwise harmful or which produce outcomes contrary to the expectations of consumers.",5,nan,,item_1a_risk_factors,exact,1.0,5,True,
labeling_batch_v1,85aee086290ddbad,20260306,quarter_diversity_fill,66f7a1c49bf35fd7,580d7069ac856955,"In addition, the complexity of many AI models makes it challenging to understand why they are generating particular outputs.",in addition the complexity of many ai models makes it challenging to understand why they are generating particular outputs,,,,2024/QTR1/20240307_10-K_edgar_data_1000209_0000950170-24-027942.txt,2024,1,10-K,1000209,6,pilot_2024_10k_v1,05ed206c8b4fb0eb,active_2021_2024,19,0.0,[],,12,Other,unknown,medium,False,quarter_fill,"In addition, the complexity of many AI models makes it challenging to understand why they are generating particular outputs.",6,nan,,item_1a_risk_factors,exact,1.0,6,True,
labeling_batch_v1,b9a6fc11471571e2,20260306,quarter_diversity_fill,a522c8a07bf2d70a,bb15492c9e09c675,"This limited transparency increases the challenges associated with assessing the proper operation of AI models, understanding and monitoring the capabilities of the AI models, reducing erroneous output, eliminating bias and complying with regulations that require documentation or explanation of the basis on which decisions are made.",this limited transparency increases the challenges associated with assessing the proper operation of ai models understanding and monitoring the capabilities of the ai models reducing erroneous output eliminating bias and complying with regulations that require documentation or explanation of the basis on which decisions are made,,,,2024/QTR1/20240307_10-K_edgar_data_1000209_0000950170-24-027942.txt,2024,1,10-K,1000209,7,pilot_2024_10k_v1,05ed206c8b4fb0eb,active_2021_2024,46,0.0,[],,12,Other,unknown,long,False,quarter_fill,"This limited transparency increases the challenges associated with assessing the proper operation of AI models, understanding and monitoring the capabilities of the AI models, reducing erroneous output, eliminating bias and complying with regulations that require documentation or explanation of the basis on which decisions are made.",7,nan,,item_1a_risk_factors,exact,1.0,7,True,
labeling_batch_v1,43b916528f5ed236,20260306,quarter_diversity_fill,f7c7843cee66954d,3fd2855a315f4b7d,"Further, we may rely on AI models developed by third parties, and, to that extent, would be dependent in part on the manner in which those third parties develop and train their models, including risks arising from the inclusion of any unauthorized material in the training data for their models, and the effectiveness of the steps these third parties have taken to limit the risks associated with the output of their models, matters over which we may have limited visibility.",further we may rely on ai models developed by third parties and to that extent would be dependent in part on the manner in which those third parties develop and train their models including risks arising from the inclusion of any unauthorized material in the training data for their models and the effectiveness of the steps these third parties have taken to limit the risks associated with the output of their models matters over which we may have limited visibility,,,,2024/QTR1/20240307_10-K_edgar_data_1000209_0000950170-24-027942.txt,2024,1,10-K,1000209,8,pilot_2024_10k_v1,05ed206c8b4fb0eb,active_2021_2024,80,0.0,[],,12,Other,unknown,long,True,quarter_fill,"Further, we may rely on AI models developed by third parties, and, to that extent, would be dependent in part on the manner in which those third parties develop and train their models, including risks arising from the inclusion of any unauthorized material in the training data for their models, and the effectiveness of the steps these third parties have taken to limit the risks associated with the output of their models, matters over which we may have limited visibility.",8,nan,,item_1a_risk_factors,exact,1.0,8,True,
labeling_batch_v1,20e3e68532ee12c8,20260306,quarter_diversity_fill,349b4c7239a5efd0,d05ebad5253875e3,"In addition to our use of AI technologies, we are exposed to risks arising from the use of AI technologies by bad actors to commit fraud and misappropriate funds and to facilitate cyberattacks.",in addition to our use of ai technologies we are exposed to risks arising from the use of ai technologies by bad actors to commit fraud and misappropriate funds and to facilitate cyberattacks,,,,2024/QTR1/20240307_10-K_edgar_data_1000209_0000950170-24-027942.txt,2024,1,10-K,1000209,9,pilot_2024_10k_v1,05ed206c8b4fb0eb,active_2021_2024,34,0.0,[],,12,Other,unknown,long,False,quarter_fill,"29 In addition to our use of AI technologies, we are exposed to risks arising from the use of AI technologies by bad actors to commit fraud and misappropriate funds and to facilitate cyberattacks.",9,nan,,other,rescued_clause,1.0,9,True,
labeling_batch_v1,568523c40248162a,20260306,quarter_diversity_fill,69bd158513daeab6,20b58ede2f6e156c,"Generative AI, if used to perpetrate fraud or launch cyberattacks, could create panic at a particular financial institution or exchange, which could pose a threat to financial stability.",generative ai if used to perpetrate fraud or launch cyberattacks could create panic at a particular financial institution or exchange which could pose a threat to financial stability,,,,2024/QTR1/20240307_10-K_edgar_data_1000209_0000950170-24-027942.txt,2024,1,10-K,1000209,10,pilot_2024_10k_v1,05ed206c8b4fb0eb,active_2021_2024,28,0.0,[],,12,Other,unknown,long,True,quarter_fill,"Generative AI, if used to perpetrate fraud or launch cyberattacks, could create panic at a particular financial institution or exchange, which could pose a threat to financial stability.",10,nan,,item_1a_risk_factors,exact,1.0,10,True,
labeling_batch_v1,61042c90c66a671c,20260306,quarter_diversity_fill,6eec5664f069e029,2b8bcf61a21783b8,"We and the third parties upon which we rely may be subject to a variety of evolving threats, including but not limited to social-engineering attacks (including through phishing attacks), malicious code (such as viruses and worms), malware (including as a result of advanced persistent threat intrusions), denial-of-service attacks (such as credential stuffing), credential harvesting, personnel misconduct or error, ransomware attacks, supply-chain attacks, software bugs, server malfunctions, software or hardware failures, loss of data or other information technology assets, adware, telecommunications failures, natural disasters (such as earthquakes, fires, floods), war, terrorism, attacks enhanced or facilitated by artificial intelligence, or AI, and other similar threats.",we and the third parties upon which we rely may be subject to a variety of evolving threats including but not limited to social engineering attacks including through phishing attacks malicious code such as viruses and worms malware including as a result of advanced persistent threat intrusions denial of service attacks such as credential stuffing credential harvesting personnel misconduct or error ransomware attacks supply chain attacks software bugs server malfunctions software or hardware failures loss of data or other information technology assets adware telecommunications failures natural disasters such as earthquakes fires floods war terrorism attacks enhanced or facilitated by artificial intelligence or ai and other similar threats,,,,2024/QTR1/20240313_10-K_edgar_data_1001233_0001628280-24-010788.txt,2024,1,10-K,1001233,1,pilot_2024_10k_v1,a266aa20c722d117,active_2021_2024,103,0.0,[],,12,Other,unknown,long,True,quarter_fill,"We and the third parties upon which we rely may be subject to a variety of evolving threats, including but not limited to social-engineering attacks (including through phishing attacks), malicious code (such as viruses and worms), malware (including as a result of advanced persistent threat intrusions), denial-of-service attacks (such as credential stuffing), credential harvesting, personnel misconduct or error, ransomware attacks, supply-chain attacks, software bugs, server malfunctions, software or hardware failures, loss of data or other information technology assets, adware, telecommunications failures, natural disasters (such as earthquakes, fires, floods), war, terrorism, attacks enhanced or facilitated by artificial intelligence, or AI, and other similar threats.",1,nan,,item_1a_risk_factors,exact,1.0,1,True,
labeling_batch_v1,b6b6345445f95778,20260306,quarter_diversity_fill,52515d9af8d976a1,027093d881a9de89,,,,,,2024/QTR1/20240313_10-K_edgar_data_1001233_0001628280-24-010788.txt,2024,1,10-K,1001233,2,pilot_2024_10k_v1,a266aa20c722d117,active_2021_2024,34,0.0,[],,12,Other,unknown,long,True,quarter_fill,"Additionally, our sensitive information could be leaked, 89 Table of Contents disclosed or revealed as a result of or in connection with our employees , personnel s or vendors use of generative AI technologies.",2,nan,,other,unmatched,0.0,2,False,unmatched_noise
labeling_batch_v1,c883bd0b3af9c66a,20260306,quarter_diversity_fill,9ee2d8f8a21a2fc3,2c7fb31769801317,"Web application firewalls are designed to protect external facing applications, while our email security gateway utilizes machine learning and multilayered detection techniques designed to filter malicious emails.",web application firewalls are designed to protect external facing applications while our email security gateway utilizes machine learning and multilayered detection techniques designed to filter malicious emails,,,,2024/QTR1/20240322_10-K_edgar_data_1003815_0001410578-24-000276.txt,2024,1,10-K,1003815,1,pilot_2024_10k_v1,8893ecad10251c3d,active_2021_2024,27,0.0,[],,12,Other,unknown,long,False,quarter_fill,"Web application firewalls are designed to protect external facing applications, while our email security gateway utilizes machine learning and multilayered detection techniques designed to filter malicious emails.",1,nan,,item_1_business,exact,1.0,1,True,
labeling_batch_v1,2372b4fcb00fe302,20260306,quarter_diversity_fill,31067261366384f7,e940255088c9c255,"In order to grow and remain competitive, we will need to adapt to changes in available technology, including, but not limited to, artificial intelligence and machine learning, continually invest in our 5G Network Deployment, increase 5G Network capacity, enhance our existing service offerings and introduce new offerings to meet our current and potential subscribers changing service demands.",in order to grow and remain competitive we will need to adapt to changes in available technology including but not limited to artificial intelligence and machine learning continually invest in our 5g network deployment increase 5g network capacity enhance our existing service offerings and introduce new offerings to meet our current and potential subscribers changing service demands,,,,2024/QTR1/20240329_10-K_edgar_data_1001082_0001558370-24-004386.txt,2024,1,10-K,1001082,1,pilot_2024_10k_v1,751ffb31bdcbe8f5,active_2021_2024,57,0.0,[],,12,Other,unknown,long,False,quarter_fill,"In order to grow and remain competitive, we will need to adapt to changes in available technology, including, but not limited to, artificial intelligence and machine learning, continually invest in our 5G Network Deployment, increase 5G Network capacity, enhance our existing service offerings and introduce new offerings to meet our current and potential subscribers changing service demands.",1,nan,,item_1_business,exact,1.0,1,True,
labeling_batch_v1,748b80135d9dd951,20260306,quarter_diversity_fill,391ba078e069766d,a04b269e15103934,"Further, the sophistication, availability and use of artificial intelligence by threat actors present an increased level of risk.",further the sophistication availability and use of artificial intelligence by threat actors present an increased level of risk,,,,2024/QTR2/20240401_10-K_edgar_data_1018840_0001018840-24-000019.txt,2024,2,10-K,1018840,2,pilot_2024_10k_v1,913da56b498de049,active_2021_2024,18,0.0,[],,12,Other,unknown,medium,True,quarter_fill,"Further, the sophistication, availability and use of artificial intelligence by threat actors present an increased level of risk.",2,nan,,item_1_business,exact,1.0,1,True,
labeling_batch_v1,73a9a80460c3fde0,20260306,quarter_diversity_fill,fbf1e648f8dce257,8831d676ae0336b8,"For example, as automation, artificial intelligence and similar technological advancements continue to evolve, we may need to compete for talent that is familiar with these advancements in technologies in order to compete effectively with our industry peers.",for example as automation artificial intelligence and similar technological advancements continue to evolve we may need to compete for talent that is familiar with these advancements in technologies in order to compete effectively with our industry peers,,,,2024/QTR2/20240401_10-K_edgar_data_1018840_0001018840-24-000019.txt,2024,2,10-K,1018840,3,pilot_2024_10k_v1,913da56b498de049,active_2021_2024,37,0.0,[],,12,Other,unknown,long,True,quarter_fill,"For example, as automation, artificial intelligence and similar technological advancements continue to evolve, we may need to compete for talent that is familiar with these advancements in technologies in order to compete effectively with our industry peers.",3,nan,,item_1_business,exact,1.0,2,True,
labeling_batch_v1,7ca6b8e29e78951c,20260306,quarter_diversity_fill,2785fb0f732b8c95,404a129ff18dc66b,"Intellicheck provides access to a wide variety of data signals including device fingerprinting, IP address, phone number, time zone, geographic location and more to analyze, using machine learning, the risk of doing business with that person.",intellicheck provides access to a wide variety of data signals including device fingerprinting ip address phone number time zone geographic location and more to analyze using machine learning the risk of doing business with that person,,,,2024/QTR2/20240401_10-K_edgar_data_1040896_0001628280-24-013949.txt,2024,2,10-K,1040896,1,pilot_2024_10k_v1,8f8af5a6b7818c57,active_2021_2024,36,0.0,[],,12,Other,unknown,long,True,quarter_fill,"Intellicheck provides access to a wide variety of data signals including device fingerprinting, IP address, phone number, time zone, geographic location and more to analyze, using machine learning, the risk of doing business with that person.",1,nan,,item_1_business,exact,1.0,1,True,
labeling_batch_v1,fd676d1f8031506f,20260306,quarter_diversity_fill,dbf16dd1158358fd,c634c6992e30c634,"From February 2021 to April 2022, Benjamin has served as Senior Capital Market Advisor for Iveda Solutions, Inc. (NASDAQ: IVDA), an AI and IoT technology company to assist with financing and uplisting to Nasdaq.",from february 2021 to april 2022 benjamin has served as senior capital market advisor for iveda solutions inc nasdaq ivda an ai and iot technology company to assist with financing and uplisting to nasdaq,,,,2024/QTR2/20240401_10-K_edgar_data_1066764_0001493152-24-012444.txt,2024,2,10-K,1066764,1,pilot_2024_10k_v1,5ecc82d80cbaf451,active_2021_2024,34,0.0,[],,12,Other,unknown,long,False,quarter_fill,"From February 2021 to April 2022, Benjamin has served as Senior Capital Market Advisor for Iveda Solutions, Inc. (NASDAQ: IVDA), an AI and IoT technology company to assist with financing and uplisting to Nasdaq.",1,nan,,other,unmatched,0.0,1,True,
labeling_batch_v1,d615dc66e79210c8,20260306,quarter_diversity_fill,4c178e9c91213e04,fc598be3d631e12a,Its Cybersecurity division is a pioneer in the use of artificial intelligence AI and machine learning to deliver innovative solutions in the areas of cybersecurity and data privacy.,its cybersecurity division is a pioneer in the use of artificial intelligence ai and machine learning to deliver innovative solutions in the areas of cybersecurity and data privacy,,,,2024/QTR2/20240404_10-K_edgar_data_1070235_0001070235-24-000057.txt,2024,2,10-K,1070235,1,pilot_2024_10k_v1,7ad512c3f71c2a39,active_2021_2024,28,0.0,[],,12,Other,unknown,long,False,quarter_fill,Its Cybersecurity division is a pioneer in the use of artificial intelligence AI and machine learning to deliver innovative solutions in the areas of cybersecurity and data privacy.,1,nan,,item_1_business,exact,1.0,1,True,
labeling_batch_v1,01cf2870f47b581f,20260306,quarter_diversity_fill,fd6440aa49291c7d,31d718e8515a347b,"BlackBerry's Cylance cybersecurity solutions include: CylanceENDPOINT , an integrated endpoint security solution that leverages the Cylance AI model and OneAlert EDR console, to prevent, detect and remediate cyber threats at the endpoint, including on mobile; CylanceGUARD , a managed detection and response solution that provides 24/7 threat hunting and monitoring, as well as integrated critical event management communications during a cyber incident; CylanceEDGE , an AI-powered continuous authentication zero trust network access solution that provides secure access to applications and data loss prevention; and CylanceINTELLIGENCE , a contextual cyber threat intelligence service.",blackberry s cylance cybersecurity solutions include cylanceendpoint an integrated endpoint security solution that leverages the cylance ai model and onealert edr console to prevent detect and remediate cyber threats at the endpoint including on mobile cylanceguard a managed detection and response solution that provides 24 7 threat hunting and monitoring as well as integrated critical event management communications during a cyber incident cylanceedge an ai powered continuous authentication zero trust network access solution that provides secure access to applications and data loss prevention and cylanceintelligence a contextual cyber threat intelligence service,,,,2024/QTR2/20240404_10-K_edgar_data_1070235_0001070235-24-000057.txt,2024,2,10-K,1070235,2,pilot_2024_10k_v1,7ad512c3f71c2a39,active_2021_2024,93,0.0,[],,12,Other,unknown,long,False,quarter_fill,"BlackBerry s Cylance cybersecurity solutions include: CylanceENDPOINT , an integrated endpoint security solution that leverages the Cylance AI model and OneAlert EDR console, to prevent, detect and remediate cyber threats at the endpoint, including on mobile; CylanceGUARD , a managed detection and response solution that provides 24/7 threat hunting and monitoring, as well as integrated critical event management communications during a cyber incident; CylanceEDGE , an AI-powered continuous authentication zero trust network access solution that provides secure access to applications and data loss prevention; and CylanceINTELLIGENCE , a contextual cyber threat intelligence service.",2,nan,,other,exact,1.0,2,True,
labeling_batch_v1,824d09b206af5d27,20260306,quarter_diversity_fill,b4752574b89acd9d,41369e8a2653a451,"Further, a breach of an artificial intelligence and machine learning-based solution offered by another endpoint security provider could cause the market to lose confidence in next-generation security software generally, including the Company's solutions.",further a breach of an artificial intelligence and machine learning based solution offered by another endpoint security provider could cause the market to lose confidence in next generation security software generally including the company s solutions,,,,2024/QTR2/20240404_10-K_edgar_data_1070235_0001070235-24-000057.txt,2024,2,10-K,1070235,9,pilot_2024_10k_v1,7ad512c3f71c2a39,active_2021_2024,34,0.0,[],,12,Other,unknown,long,True,quarter_fill,"Further, a breach of an artificial intelligence and machine learning-based solution offered by another endpoint security provider could cause the market to lose confidence in next-generation security software generally, including the Company s solutions.",9,nan,,item_1a_risk_factors,exact,1.0,9,True,
labeling_batch_v1,81f006d27c13d90d,20260306,quarter_diversity_fill,23ea0c95926e4359,8a77d3e2c852da1b,"The Company's Cylance AI and machine learning-based platform consists of CylanceENDPOINT , CylanceGUARD , CylanceEDGE , CylanceINTELLIGENCE and other cybersecurity applications.",the company s cylance ai and machine learning based platform consists of cylanceendpoint cylanceguard cylanceedge cylanceintelligence and other cybersecurity applications,,,,2024/QTR2/20240404_10-K_edgar_data_1070235_0001070235-24-000057.txt,2024,2,10-K,1070235,13,pilot_2024_10k_v1,7ad512c3f71c2a39,active_2021_2024,22,0.0,[],,12,Other,unknown,medium,False,quarter_fill,"The Company s Cylance AI and machine learning-based platform consists of CylanceENDPOINT , CylanceGUARD , CylanceEDGE , CylanceINTELLIGENCE and other cybersecurity applications.",13,nan,,item_1a_risk_factors,exact,1.0,12,True,
labeling_batch_v1,0250c1e22accd397,20260306,quarter_diversity_fill,0aa31ee48081a32b,d9cbe24831d43b3b,"He has strong expertise in cyber security, AI, modeling and simulation and has chaired sessions at symposiums on these subjects.",he has strong expertise in cyber security ai modeling and simulation and has chaired sessions at symposiums on these subjects,,,,2024/QTR2/20240408_10-K_edgar_data_1051343_0001140361-24-018439.txt,2024,2,10-K,1051343,1,pilot_2024_10k_v1,5a08fe696252c104,active_2021_2024,20,0.0,[],,12,Other,unknown,medium,False,quarter_fill,"He has strong expertise in cyber security, AI, modeling and simulation and has chaired sessions at symposiums on these subjects.",1,nan,,item_1_business,exact,1.0,1,True,
labeling_batch_v1,ca414a58395ced51,20260306,quarter_ff12_round_robin,c2b9e821679be8dd,a504792c74a0a636,Our product solutions are comprised of three proprietary software platforms: Advertising Technology Operating System (ATOS Platform) Data Intelligence Platform Publisher Platform for Monetization and Compliance Our Products The ATOS Platform Our ATOS platform blends artificial intelligence (or AI) and machine learning (ML) based optimization technology for automatic ad serving that manages digital advertising inventory and campaigns.,our product solutions are comprised of three proprietary software platforms advertising technology operating system atos platform data intelligence platform publisher platform for monetization and compliance our products the atos platform our atos platform blends artificial intelligence or ai and machine learning ml based optimization technology for automatic ad serving that manages digital advertising inventory and campaigns,,,,2024/QTR2/20240408_10-K_edgar_data_1084267_0001683168-24-002214.txt,2024,2,10-K,1084267,1,pilot_2024_10k_v1,c67d8d2432978e9c,active_2021_2024,56,0.0,[],7310.0,12,Other,controls_by_firm_year,long,False,quarter_ff12_round_robin,Our product solutions are comprised of three proprietary software platforms: Advertising Technology Operating System (ATOS Platform) Data Intelligence Platform Publisher Platform for Monetization and Compliance Our Products The ATOS Platform Our ATOS platform blends artificial intelligence (or AI) and machine learning (ML) based optimization technology for automatic ad serving that manages digital advertising inventory and campaigns.,1,nan,,other,exact,1.0,1,True,
labeling_batch_v1,2618b1de4b18db6e,20260306,quarter_ff12_round_robin,0a7c4c666c3ed073,d4bcb606842322f2,"Utilizing massively parallel cluster computing and machine learning algorithms and technology, our data intelligence solutions make available actionable data for marketers, researchers and application publishers through an automated platform.",utilizing massively parallel cluster computing and machine learning algorithms and technology our data intelligence solutions make available actionable data for marketers researchers and application publishers through an automated platform,,,,2024/QTR2/20240408_10-K_edgar_data_1084267_0001683168-24-002214.txt,2024,2,10-K,1084267,3,pilot_2024_10k_v1,c67d8d2432978e9c,active_2021_2024,29,0.0,[],7310.0,12,Other,controls_by_firm_year,long,False,quarter_ff12_round_robin,"Utilizing massively parallel cluster computing and machine learning algorithms and technology, our data intelligence solutions make available actionable data for marketers, researchers and application publishers through an automated platform.",3,nan,,other,exact,1.0,3,True,
labeling_batch_v1,3a6eccb9f60f49e6,20260306,quarter_ff12_round_robin,0f1e740fa40c5354,c1fe9ed446b9c878,"Specifically, our data intelligence platform uses the following AWS services: EC2, Lambda, Kafka, Kinesis, S3, Storm, Spark, Machine Learning, RDS, Redshift, Elastic Map Reduction, CloudWatch, DataBricks, and Elastic Search Service with built-in Kibana integration.",specifically our data intelligence platform uses the following aws services ec2 lambda kafka kinesis s3 storm spark machine learning rds redshift elastic map reduction cloudwatch databricks and elastic search service with built in kibana integration,,,,2024/QTR2/20240408_10-K_edgar_data_1084267_0001683168-24-002214.txt,2024,2,10-K,1084267,4,pilot_2024_10k_v1,c67d8d2432978e9c,active_2021_2024,34,0.0,[],7310.0,12,Other,controls_by_firm_year,long,False,quarter_ff12_round_robin,"Specifically, our data intelligence platform uses the following AWS services: EC2, Lambda, Kafka, Kinesis, S3, Storm, Spark, Machine Learning, RDS, Redshift, Elastic Map Reduction, CloudWatch, DataBricks, and Elastic Search Service with built-in Kibana integration.",4,nan,,item_1a_risk_factors,exact,1.0,5,True,
labeling_batch_v1,55c754f02fdeb2b0,20260306,quarter_ff12_round_robin,aed9b247edd09654,ce460f1e53f712d3,Our Solutions Programmatic Advertising Platform Our advertising technology operating system (or ATOS) platform is a single-vendor end-to-end solution that blends artificial intelligence (or AI) and machine learning (or ML)-based optimization technology that automatically serves advertising and manages digital advertising campaigns.,our solutions programmatic advertising platform our advertising technology operating system or atos platform is a single vendor end to end solution that blends artificial intelligence or ai and machine learning or ml based optimization technology that automatically serves advertising and manages digital advertising campaigns,,,,2024/QTR2/20240408_10-K_edgar_data_1084267_0001683168-24-002214.txt,2024,2,10-K,1084267,6,pilot_2024_10k_v1,c67d8d2432978e9c,active_2021_2024,41,0.0,[],7310.0,12,Other,controls_by_firm_year,long,False,quarter_ff12_round_robin,31 Our Solutions Programmatic Advertising Platform Our advertising technology operating system (or ATOS) platform is a single-vendor end-to-end solution that blends artificial intelligence (or AI) and machine learning (or ML)-based optimization technology that automatically serves advertising and manages digital advertising campaigns.,6,nan,,item_7_mda,rescued_clause,1.0,6,True,
labeling_batch_v1,78a7dbafe7e7b3c0,20260306,quarter_diversity_fill,9d8fa9f5e28ebe19,03b1fb73df5a802a,"Techniques used to attempt to obtain unauthorized access to information systems change frequently, and the rapid development of artificial intelligence poses new cybersecurity risks that we may not timely anticipate.",techniques used to attempt to obtain unauthorized access to information systems change frequently and the rapid development of artificial intelligence poses new cybersecurity risks that we may not timely anticipate,,,,2024/QTR2/20240411_10-K_edgar_data_100591_0001558370-24-004979.txt,2024,2,10-K,100591,1,pilot_2024_10k_v1,497ce4a3ae81dc80,active_2021_2024,30,0.0,[],,12,Other,unknown,long,True,quarter_fill,"Techniques used to attempt to obtain unauthorized access to information systems change frequently, and the rapid development of artificial intelligence poses new cybersecurity risks that we may not timely anticipate.",1,nan,,item_1a_risk_factors,exact,1.0,1,True,
labeling_batch_v1,160ad0dfaa01cfdc,20260306,quarter_diversity_fill,1edaf2096df2e8fc,e6fd18d08f91ced0,GMPW intend to leverage the power of AI to more accurately quantify the true risk of a loan.,gmpw intend to leverage the power of ai to more accurately quantify the true risk of a loan,,,,2024/QTR2/20240417_10-K_edgar_data_1064722_0001493152-24-015016.txt,2024,2,10-K,1064722,7,pilot_2024_10k_v1,523e3391402e0bd3,active_2021_2024,18,0.0,[],,12,Other,unknown,medium,True,quarter_fill,GMPW intend to leverage the power of AI to more accurately quantify the true risk of a loan.,7,nan,,other,exact,1.0,7,True,
labeling_batch_v1,e87e6886047d1163,20260306,quarter_diversity_fill,4ecc833fc6926bb9,f1808a3b5640d5cb,"The ML- AI models would be built to continuously self-upgrade, train and refine many critical components of lending risk analytics and decision-making on a real-time basis.",the ml ai models would be built to continuously self upgrade train and refine many critical components of lending risk analytics and decision making on a real time basis,,,,2024/QTR2/20240417_10-K_edgar_data_1064722_0001493152-24-015016.txt,2024,2,10-K,1064722,8,pilot_2024_10k_v1,523e3391402e0bd3,active_2021_2024,26,0.0,[],,12,Other,unknown,long,True,quarter_fill,"The ML- AI models would be built to continuously self-upgrade, train and refine many critical components of lending risk analytics and decision-making on a real-time basis.",8,nan,,other,exact,1.0,8,True,
labeling_batch_v1,2b368e517d79ef8e,20260306,quarter_diversity_fill,4cfd3196af652c33,52a5683bd8121cad,"We intend to build discrete ML- AI models that target fee optimization, income fraud, acquisition targeting, loan stacking, prepayment prediction, identity fraud and time-delimited default prediction.",we intend to build discrete ml ai models that target fee optimization income fraud acquisition targeting loan stacking prepayment prediction identity fraud and time delimited default prediction,,,,2024/QTR2/20240417_10-K_edgar_data_1064722_0001493152-24-015016.txt,2024,2,10-K,1064722,9,pilot_2024_10k_v1,523e3391402e0bd3,active_2021_2024,26,0.0,[],,12,Other,unknown,long,True,quarter_fill,"We intend to build discrete ML- AI models that target fee optimization, income fraud, acquisition targeting, loan stacking, prepayment prediction, identity fraud and time-delimited default prediction.",9,nan,,other,exact,1.0,9,True,
labeling_batch_v1,4f3cfcfc18eee861,20260306,quarter_diversity_fill,712db301c7863b88,c0178ae89a500fa4,"We plan to acquire a one-four branch Bank; acquire and integrate into the Bank, or build-from-the-scratch a Cloud-Based Machine-Learning and Artificial Intelligence (AI) Lending platform; and acquire and integrate into the BlackBank, or build-from-the-scratch a Blockchain-Powered Payment and Financial Transactions Processing, and Digital Currency platform.",we plan to acquire a one four branch bank acquire and integrate into the bank or build from the scratch a cloud based machine learning and artificial intelligence ai lending platform and acquire and integrate into the blackbank or build from the scratch a blockchain powered payment and financial transactions processing and digital currency platform,,,,2024/QTR2/20240417_10-K_edgar_data_1064722_0001493152-24-015016.txt,2024,2,10-K,1064722,12,pilot_2024_10k_v1,523e3391402e0bd3,active_2021_2024,45,0.0,[],,12,Other,unknown,long,True,quarter_fill,"We plan to acquire a one-four branch Bank; acquire and integrate into the Bank, or build-from-the-scratch a Cloud-Based Machine-Learning and Artificial Intelligence (AI) Lending platform; and acquire and integrate into the BlackBank, or build-from-the-scratch a Blockchain-Powered Payment and Financial Transactions Processing, and Digital Currency platform.",12,nan,,other,exact,1.0,12,True,
labeling_batch_v1,55f963008c36a860,20260306,quarter_diversity_fill,f8655366c699cfa2,d84423ca1f533f30,"If our ML- AI models do not accurately reflect a borrower's credit risk in such economic conditions, the performance of ML-AI-powered loans may be worse than anticipated.",if our ml ai models do not accurately reflect a borrower s credit risk in such economic conditions the performance of ml ai powered loans may be worse than anticipated,,,,2024/QTR2/20240417_10-K_edgar_data_1064722_0001493152-24-015016.txt,2024,2,10-K,1064722,15,pilot_2024_10k_v1,523e3391402e0bd3,active_2021_2024,28,0.0,[],,12,Other,unknown,long,True,quarter_fill,"If our ML- AI models do not accurately reflect a borrower s credit risk in such economic conditions, the performance of ML-AI-powered loans may be worse than anticipated.",15,nan,,other,exact,1.0,15,True,
labeling_batch_v1,3c7d2b750c420ba9,20260306,quarter_diversity_fill,8699dbc438962a53,33c68fe801c2f8db,"Web Security Engine, an AI-driven tool that makes decisions aided by advanced heuristics and 24 7 analysts; covers 82 threat categories, including web threats such as phishing, fraud.",web security engine an ai driven tool that makes decisions aided by advanced heuristics and 24 7 analysts covers 82 threat categories including web threats such as phishing fraud,,,,2024/QTR2/20240417_10-K_edgar_data_1068689_0001493152-24-014964.txt,2024,2,10-K,1068689,1,pilot_2024_10k_v1,894b8f5d10a24e60,active_2021_2024,28,0.0,[],,12,Other,unknown,long,False,quarter_fill,"Web Security Engine, an AI-driven tool that makes decisions aided by advanced heuristics and 24 7 analysts; covers 82 threat categories, including web threats such as phishing, fraud.",1,nan,,other,exact,1.0,1,True,
labeling_batch_v1,bfea4c41aa6d7901,20260306,quarter_diversity_fill,8d93bbce40644c0c,38ed22bc527d3b95,"Cyren's technology is based on a combination of artificial intelligence, machine learning and big-data analytics, which we believe enables Cyren to identify and mitigate threats in real time, sooner than many competitors.",cyren s technology is based on a combination of artificial intelligence machine learning and big data analytics which we believe enables cyren to identify and mitigate threats in real time sooner than many competitors,,,,2024/QTR2/20240417_10-K_edgar_data_1068689_0001493152-24-014964.txt,2024,2,10-K,1068689,2,pilot_2024_10k_v1,894b8f5d10a24e60,active_2021_2024,33,0.0,[],,12,Other,unknown,long,False,quarter_fill,"Cyren s technology is based on a combination of artificial intelligence, machine learning and big-data analytics, which we believe enables Cyren to identify and mitigate threats in real time, sooner than many competitors.",2,nan,,other,exact,1.0,2,True,
labeling_batch_v1,e742fc65df21f7ad,20260306,quarter_diversity_fill,c4d4292a2ec018d9,c3da16f27c8e948d,"Our Business Objectives and Growth Strategies Our principal business objective is to maximize stockholder returns through a combination of (1) acquisition and rollup of profitable Artificial Intelligence, Machine Learning, Robotics, and digital assets across the United States of America (2) sustainable long-term growth in cash flows from increased profits, which we hope to pass on to stockholders in the form of distributions, and (3) potential long-term appreciation in the value of our businesses through process optimization and financial engineering.",our business objectives and growth strategies our principal business objective is to maximize stockholder returns through a combination of 1 acquisition and rollup of profitable artificial intelligence machine learning robotics and digital assets across the united states of america 2 sustainable long term growth in cash flows from increased profits which we hope to pass on to stockholders in the form of distributions and 3 potential long term appreciation in the value of our businesses through process optimization and financial engineering,,,,2024/QTR2/20240418_10-K_edgar_data_1049011_0001493152-24-015154.txt,2024,2,10-K,1049011,2,pilot_2024_10k_v1,66d7046d2bc2181f,active_2021_2024,80,0.0,[],,12,Other,unknown,long,True,quarter_fill,"7 Our Business Objectives and Growth Strategies Our principal business objective is to maximize stockholder returns through a combination of (1) acquisition and rollup of profitable Artificial Intelligence, Machine Learning, Robotics, and digital assets across the United States of America (2) sustainable long-term growth in cash flows from increased profits, which we hope to pass on to stockholders in the form of distributions, and (3) potential long-term appreciation in the value of our businesses through process optimization and financial engineering.",2,nan,,other,rescued_clause,1.0,2,True,
labeling_batch_v1,8d6780ee70bf8715,20260306,quarter_diversity_fill,23be282ee6978655,8d4db69e03987a6c,"In addition, due to a number of factors, the number of entities and the amount of funds competing for suitable investment Artificial Intelligence, Machine Learning, Robotics, and digital assets businesses may increase substantially, resulting in increased demand and increased prices paid for these businesses.",in addition due to a number of factors the number of entities and the amount of funds competing for suitable investment artificial intelligence machine learning robotics and digital assets businesses may increase substantially resulting in increased demand and increased prices paid for these businesses,,,,2024/QTR2/20240418_10-K_edgar_data_1049011_0001493152-24-015154.txt,2024,2,10-K,1049011,6,pilot_2024_10k_v1,66d7046d2bc2181f,active_2021_2024,44,0.0,[],,12,Other,unknown,long,True,quarter_fill,"In addition, due to a number of factors, the number of entities and the amount of funds competing for suitable investment Artificial Intelligence, Machine Learning, Robotics, and digital assets businesses may increase substantially, resulting in increased demand and increased prices paid for these businesses.",6,nan,,other,exact,1.0,6,True,
labeling_batch_v1,bf5e48b79327a4f7,20260306,quarter_diversity_fill,a6d5c788c4d860c7,4a8ab7f9bf3a98a6,"Our proposed plan of operation and prospects will depend largely upon our ability to successfully establish a noticeable presence in the Artificial Intelligence, Machine Learning, Robotics, and digital assets industry on a timely fashion, retain and continue to hire skilled management, technical, marketing and other personnel; and attract and retain significant numbers of quality business partners.",our proposed plan of operation and prospects will depend largely upon our ability to successfully establish a noticeable presence in the artificial intelligence machine learning robotics and digital assets industry on a timely fashion retain and continue to hire skilled management technical marketing and other personnel and attract and retain significant numbers of quality business partners,,,,2024/QTR2/20240418_10-K_edgar_data_1049011_0001493152-24-015154.txt,2024,2,10-K,1049011,7,pilot_2024_10k_v1,66d7046d2bc2181f,active_2021_2024,56,0.0,[],,12,Other,unknown,long,True,quarter_fill,"Our proposed plan of operation and prospects will depend largely upon our ability to successfully establish a noticeable presence in the Artificial Intelligence, Machine Learning, Robotics, and digital assets industry on a timely fashion, retain and continue to hire skilled management, technical, marketing and other personnel; and attract and retain significant numbers of quality business partners.",7,nan,,other,exact,1.0,7,True,
labeling_batch_v1,acfbe4a8957270ff,20260306,quarter_diversity_fill,0895027d8b82cd12,bb756b31166b58da,"Our principal business objective is to maximize stockholder returns through a combination of (1) acquisition and rollup of profitable Artificial Intelligence, Machine Learning, Robotics, and digital assets across the United States of America (2) sustainable long-term growth in cash flows from increased profits, which we hope to pass on to stockholders in the form of distributions, and (3) potential long-term appreciation in the value of our businesses through process optimization and financial engineering.",our principal business objective is to maximize stockholder returns through a combination of 1 acquisition and rollup of profitable artificial intelligence machine learning robotics and digital assets across the united states of america 2 sustainable long term growth in cash flows from increased profits which we hope to pass on to stockholders in the form of distributions and 3 potential long term appreciation in the value of our businesses through process optimization and financial engineering,,,,2024/QTR2/20240418_10-K_edgar_data_1049011_0001493152-24-015154.txt,2024,2,10-K,1049011,10,pilot_2024_10k_v1,66d7046d2bc2181f,active_2021_2024,73,0.0,[],,12,Other,unknown,long,True,quarter_fill,"Our principal business objective is to maximize stockholder returns through a combination of (1) acquisition and rollup of profitable Artificial Intelligence, Machine Learning, Robotics, and digital assets across the United States of America (2) sustainable long-term growth in cash flows from increased profits, which we hope to pass on to stockholders in the form of distributions, and (3) potential long-term appreciation in the value of our businesses through process optimization and financial engineering.",10,nan,,other,exact,1.0,10,True,
labeling_batch_v1,bfaf341ddb9eb595,20260306,quarter_diversity_fill,9eafe016f4044273,567eb29a44dabd64,"Our plan is to achieve meaningful revenue from acquisitions of profitable rollup of Artificial Intelligence, Machine Learning, Robotics, and digital assets businesses that meet our operating needs.",our plan is to achieve meaningful revenue from acquisitions of profitable rollup of artificial intelligence machine learning robotics and digital assets businesses that meet our operating needs,,,,2024/QTR2/20240418_10-K_edgar_data_1049011_0001493152-24-015154.txt,2024,2,10-K,1049011,13,pilot_2024_10k_v1,66d7046d2bc2181f,active_2021_2024,27,0.0,[],,12,Other,unknown,long,True,quarter_fill,"Our plan is to achieve meaningful revenue from acquisitions of profitable rollup of Artificial Intelligence, Machine Learning, Robotics, and digital assets businesses that meet our operating needs.",13,nan,,other,exact,1.0,13,True,
labeling_batch_v1,966d3309fbe43b6f,20260306,quarter_ff12_round_robin,0bd4675009165f2d,e10999897228ca63,"XENE Acquisition On February 7, 2024, SG DevCorp closed its acquisition of Majestic World Holdings, a real estate technology firm and owner of the Xene AI Software platform XENE Platform .",xene acquisition on february 7 2024 sg devcorp closed its acquisition of majestic world holdings a real estate technology firm and owner of the xene ai software platform xene platform,,,,2024/QTR2/20240507_10-K_edgar_data_1023994_0001213900-24-040541.txt,2024,2,10-K,1023994,1,pilot_2024_10k_v1,00677ad8b3c8879c,active_2021_2024,31,0.0,[],3440.0,3,Manuf,controls_by_firm_year,long,False,quarter_ff12_round_robin,"XENE Acquisition On February 7, 2024, SG DevCorp closed its acquisition of Majestic World Holdings, a real estate technology firm and owner of the Xene AI Software platform XENE Platform ).",1,nan,,other,exact,1.0,1,True,
labeling_batch_v1,c94a111c6fc1de48,20260306,quarter_diversity_fill,92adb58ba0eb64c2,60583e437eb3b40b,"Furthermore, we continue to extend our engineering capabilities into more advanced technologies such as software, generative AI, cloud services, data analytics, machine learning, and some core building blocks of navigation and tracking for spatial computing and augmented/virtual reality environments.",furthermore we continue to extend our engineering capabilities into more advanced technologies such as software generative ai cloud services data analytics machine learning and some core building blocks of navigation and tracking for spatial computing and augmented virtual reality environments,,,,2024/QTR2/20240516_10-K_edgar_data_1032975_0001032975-24-000023.txt,2024,2,10-K,1032975,2,pilot_2024_10k_v1,e75cb493c3c725b3,active_2021_2024,39,0.0,[],,12,Other,unknown,long,True,quarter_fill,"Furthermore, we continue to extend our engineering capabilities into more advanced technologies such as software, generative AI, cloud services, data analytics, machine learning, and some core building blocks of navigation and tracking for spatial computing and augmented/virtual reality environments.",2,nan,,item_1_business,exact,1.0,2,True,
labeling_batch_v1,da515c4aebabdd31,20260306,quarter_diversity_fill,d1524027a0b58415,13329966f5a567bf,"We use artificial intelligence (""AI"") in our business, and challenges relating to the development and use of AI, including generative AI, could result in competitive harm, reputational harm, and legal liability, and adversely affect our results of operations.",we use artificial intelligence ai in our business and challenges relating to the development and use of ai including generative ai could result in competitive harm reputational harm and legal liability and adversely affect our results of operations,,,,2024/QTR2/20240516_10-K_edgar_data_1032975_0001032975-24-000023.txt,2024,2,10-K,1032975,4,pilot_2024_10k_v1,e75cb493c3c725b3,active_2021_2024,38,0.0,[],,12,Other,unknown,long,True,quarter_fill,"We use artificial intelligence (""AI"") in our business, and challenges relating to the development and use of AI, including generative AI, could result in competitive harm, reputational harm, and legal liability, and adversely affect our results of operations.",4,nan,,item_7_mda,exact,1.0,4,True,
labeling_batch_v1,f7a5692677ced221,20260306,quarter_diversity_fill,1ce09559ccfd6b58,616b89f920921891,"We use AI solutions internally for business purposes and also in certain offerings, and we may in the future incorporate AI solutions, including generative AI, into our offerings.",we use ai solutions internally for business purposes and also in certain offerings and we may in the future incorporate ai solutions including generative ai into our offerings,,,,2024/QTR2/20240516_10-K_edgar_data_1032975_0001032975-24-000023.txt,2024,2,10-K,1032975,6,pilot_2024_10k_v1,e75cb493c3c725b3,active_2021_2024,28,0.0,[],,12,Other,unknown,long,True,quarter_fill,"We use AI solutions internally for business purposes and also in certain offerings, and we may in the future incorporate AI solutions, including generative AI, into our offerings.",6,nan,,item_7_mda,exact,1.0,6,True,
labeling_batch_v1,2ecc46c5a84e0546,20260306,quarter_diversity_fill,01828225b196fdd8,a6b81081b26c9c4a,"AI solutions may use algorithms, datasets or training methodologies that are incomplete, reflect biases, or contain other flaws or deficiencies.",ai solutions may use algorithms datasets or training methodologies that are incomplete reflect biases or contain other flaws or deficiencies,,,,2024/QTR2/20240516_10-K_edgar_data_1032975_0001032975-24-000023.txt,2024,2,10-K,1032975,10,pilot_2024_10k_v1,e75cb493c3c725b3,active_2021_2024,20,0.0,[],,12,Other,unknown,medium,True,quarter_fill,"AI solutions may use algorithms, datasets or training methodologies that are incomplete, reflect biases, or contain other flaws or deficiencies.",10,nan,,item_7_mda,exact,1.0,10,True,
labeling_batch_v1,0dc288e111854883,20260306,quarter_diversity_fill,3ea661cf693c8725,a044abad2601488d,Uncertainties of regulation of the Internet and data traveling over the Internet or over the use of AI and evolving technologies could have a material and adverse impact on our financial condition and results of operations.,uncertainties of regulation of the internet and data traveling over the internet or over the use of ai and evolving technologies could have a material and adverse impact on our financial condition and results of operations,,,,2024/QTR2/20240516_10-K_edgar_data_1078075_0001628280-24-023777.txt,2024,2,10-K,1078075,1,pilot_2024_10k_v1,fba51b0c2af16e40,active_2021_2024,36,0.0,[],,12,Other,unknown,long,True,quarter_fill,Uncertainties of regulation of the Internet and data traveling over the Internet or over the use of AI and evolving technologies could have a material and adverse impact on our financial condition and results of operations.,1,nan,,item_1a_risk_factors,exact,1.0,1,True,
labeling_batch_v1,f6aefd0af0afa51d,20260306,quarter_diversity_fill,3e0342be1fb48582,196d3f18a32439c0,"The reverse engineering, unauthorized copying, or other misappropriation of our intellectual property, including intentionally or unintentionally through AI, could enable third parties to benefit from our technology without compensating us or make claims on our IP.",the reverse engineering unauthorized copying or other misappropriation of our intellectual property including intentionally or unintentionally through ai could enable third parties to benefit from our technology without compensating us or make claims on our ip,,,,2024/QTR2/20240516_10-K_edgar_data_1078075_0001628280-24-023777.txt,2024,2,10-K,1078075,5,pilot_2024_10k_v1,fba51b0c2af16e40,active_2021_2024,36,0.0,[],,12,Other,unknown,long,True,quarter_fill,"The reverse engineering, unauthorized copying, or other misappropriation of our intellectual property, including intentionally or unintentionally through AI, could enable third parties to benefit from our technology without compensating us or make claims on our IP.",5,nan,,item_1a_risk_factors,exact,1.0,5,True,
labeling_batch_v1,b06179dd32683698,20260306,quarter_diversity_fill,9d0ef25e75f35c86,9f878bdaed536248,"Failure to comply with governmental laws and regulations related to evolving technologies, such as Artificial Intelligence, could harm our business.",failure to comply with governmental laws and regulations related to evolving technologies such as artificial intelligence could harm our business,,,,2024/QTR2/20240516_10-K_edgar_data_1078075_0001628280-24-023777.txt,2024,2,10-K,1078075,8,pilot_2024_10k_v1,fba51b0c2af16e40,active_2021_2024,20,0.0,[],,12,Other,unknown,medium,True,quarter_fill,"Failure to comply with governmental laws and regulations related to evolving technologies, such as Artificial Intelligence, could harm our business.",8,nan,,item_1a_risk_factors,exact,1.0,8,True,
labeling_batch_v1,e42b3b3ba4d8b5ed,20260306,quarter_diversity_fill,24f8b889db8abc32,529b2bf6e29c6202,"These laws and regulations may also impact our innovation and business drivers in developing or using new and emerging technologies, including those related to AI and machine learning.",these laws and regulations may also impact our innovation and business drivers in developing or using new and emerging technologies including those related to ai and machine learning,,,,2024/QTR2/20240516_10-K_edgar_data_1078075_0001628280-24-023777.txt,2024,2,10-K,1078075,9,pilot_2024_10k_v1,fba51b0c2af16e40,active_2021_2024,28,0.0,[],,12,Other,unknown,long,True,quarter_fill,"These laws and regulations may also impact our innovation and business drivers in developing or using new and emerging technologies, including those related to AI and machine learning.",9,nan,,item_1a_risk_factors,exact,1.0,9,True,
labeling_batch_v1,c96eb13848bd9356,20260306,quarter_diversity_fill,285c703f07be2eae,78764cf1edc361e4,"Artificial Intelligence-enabled workflow automation and self-service, enhancing customer experience with features like rapid escalation, intelligent routing and contextual awareness.",artificial intelligence enabled workflow automation and self service enhancing customer experience with features like rapid escalation intelligent routing and contextual awareness,,,,2024/QTR2/20240521_10-K_edgar_data_1023731_0001023731-24-000042.txt,2024,2,10-K,1023731,7,pilot_2024_10k_v1,8b48bb93d41ff180,active_2021_2024,19,0.0,[],,12,Other,unknown,medium,False,quarter_fill,"Artificial Intelligence-enabled workflow automation and self-service, enhancing customer experience with features like rapid escalation, intelligent routing and contextual awareness.",7,nan,,item_7_mda,exact,1.0,7,True,
labeling_batch_v1,9a37368c14fa7c05,20260306,quarter_diversity_fill,2f61d7e0f7adac62,1d2f232f5a07d03c,"Our customers use our communications services to manage important aspects of their businesses, and any errors, defects, outages, or disruptions to our service or other performance problems with our service (such as those we have recently experienced and may encounter again), including those related to artificial intelligence technologies or dependencies on third-party services, could hurt our reputation and may damage our customers' businesses, any of which may result in our granting of credits to customers that in turn would reduce our revenue.",our customers use our communications services to manage important aspects of their businesses and any errors defects outages or disruptions to our service or other performance problems with our service such as those we have recently experienced and may encounter again including those related to artificial intelligence technologies or dependencies on third party services could hurt our reputation and may damage our customers businesses any of which may result in our granting of credits to customers that in turn would reduce our revenue,,,,2024/QTR2/20240521_10-K_edgar_data_1023731_0001023731-24-000042.txt,2024,2,10-K,1023731,14,pilot_2024_10k_v1,8b48bb93d41ff180,active_2021_2024,82,0.0,[],,12,Other,unknown,long,True,quarter_fill,"Our customers use our communications services to manage important aspects of their businesses, and any errors, defects, outages, or disruptions to our service or other performance problems with our service (such as those we have recently experienced and may encounter again), including those related to artificial intelligence technologies or dependencies on third-party services, could hurt our reputation and may damage our customers' businesses, any of which may result in our granting of credits to customers that in turn would reduce our revenue.",14,nan,,item_1a_risk_factors,exact,1.0,14,True,
labeling_batch_v1,d1882f3abb05bab7,20260306,quarter_diversity_fill,3fc07494a786cb5d,fd9bae9ecb317d38,"Our software and network infrastructure configurations have contained, and may now or in the future contain, undetected errors, bugs, or vulnerabilities, including those introduced by artificial intelligence-powered features.",our software and network infrastructure configurations have contained and may now or in the future contain undetected errors bugs or vulnerabilities including those introduced by artificial intelligence powered features,,,,2024/QTR2/20240521_10-K_edgar_data_1023731_0001023731-24-000042.txt,2024,2,10-K,1023731,15,pilot_2024_10k_v1,8b48bb93d41ff180,active_2021_2024,28,0.0,[],,12,Other,unknown,long,True,quarter_fill,"Our software and network infrastructure configurations have contained, and may now or in the future contain, undetected errors, bugs, or vulnerabilities, including those introduced by artificial intelligence-powered features.",15,nan,,item_1a_risk_factors,exact,1.0,15,True,
labeling_batch_v1,354e9a1083e5db43,20260306,quarter_diversity_fill,25818a4511973edf,2bb6458fbc873a75,"In addition, the reliance on and integration with artificial intelligence technologies and third-party services may increase operational complexities and dependencies, so we may need scale and modernize our internal business systems and our services organization, including customer support, sales operations, billing services, and regulatory, privacy and cybersecurity compliance, to serve our growing customer base.",in addition the reliance on and integration with artificial intelligence technologies and third party services may increase operational complexities and dependencies so we may need scale and modernize our internal business systems and our services organization including customer support sales operations billing services and regulatory privacy and cybersecurity compliance to serve our growing customer base,,,,2024/QTR2/20240521_10-K_edgar_data_1023731_0001023731-24-000042.txt,2024,2,10-K,1023731,16,pilot_2024_10k_v1,8b48bb93d41ff180,active_2021_2024,54,0.0,[],,12,Other,unknown,long,True,quarter_fill,"In addition, the reliance on and integration with artificial intelligence technologies and third-party services may increase operational complexities and dependencies, so we may need scale and modernize our internal business systems and our services organization, including customer support, sales operations, billing services, and regulatory, privacy and cybersecurity compliance, to serve our growing customer base.",16,nan,,item_1a_risk_factors,exact,1.0,16,True,
labeling_batch_v1,e4061a1a6eb08499,20260306,quarter_diversity_fill,2833f7c55d9374c3,aed4464614539b7c,"In addition, some of these competitors may be able to respond more quickly to new or changing opportunities, technologies, and customer requirements such as generative artificial intelligence.",in addition some of these competitors may be able to respond more quickly to new or changing opportunities technologies and customer requirements such as generative artificial intelligence,,,,2024/QTR2/20240523_10-K_edgar_data_1022408_0001140361-24-027200.txt,2024,2,10-K,1022408,9,pilot_2024_10k_v1,5622228bbe7cd474,active_2021_2024,27,0.0,[],,12,Other,unknown,long,True,quarter_fill,"In addition, some of these competitors may be able to respond more quickly to new or changing opportunities, technologies, and customer requirements such as generative artificial intelligence.",9,nan,,item_1a_risk_factors,exact,1.0,8,True,
labeling_batch_v1,38b678e54deb2012,20260306,quarter_diversity_fill,2bd771db99cc65ba,a7bf2b9e87a3b119,"Advances in technology, new discoveries in the field of cryptography, quantum computing, or artificial intelligence, other events or developments may result in a compromise or breach of the security practices we use to protect sensitive customer transaction information and employee information.",advances in technology new discoveries in the field of cryptography quantum computing or artificial intelligence other events or developments may result in a compromise or breach of the security practices we use to protect sensitive customer transaction information and employee information,,,,2024/QTR2/20240523_10-K_edgar_data_1022408_0001140361-24-027200.txt,2024,2,10-K,1022408,10,pilot_2024_10k_v1,5622228bbe7cd474,active_2021_2024,41,0.0,[],,12,Other,unknown,long,True,quarter_fill,"Advances in technology, new discoveries in the field of cryptography, quantum computing, or artificial intelligence, other events or developments may result in a compromise or breach of the security practices we use to protect sensitive customer transaction information and employee information.",10,nan,,item_1a_risk_factors,exact,1.0,9,True,
labeling_batch_v1,f93b1be25f259740,20260306,quarter_diversity_fill,7642cf8e5eae1781,0d9f25676a8f1b16,"Issues relating to the use or capabilities of artificial intelligence, including legal, social, and ethical issues, in hardware, software and services offerings may result in reputational harm and liability and increased costs.",issues relating to the use or capabilities of artificial intelligence including legal social and ethical issues in hardware software and services offerings may result in reputational harm and liability and increased costs,,,,2024/QTR2/20240523_10-K_edgar_data_1022408_0001140361-24-027200.txt,2024,2,10-K,1022408,11,pilot_2024_10k_v1,5622228bbe7cd474,active_2021_2024,32,0.0,[],,12,Other,unknown,long,True,quarter_fill,"Issues relating to the use or capabilities of artificial intelligence, including legal, social, and ethical issues, in hardware, software and services offerings may result in reputational harm and liability and increased costs.",11,nan,,item_1a_risk_factors,exact,1.0,10,True,
labeling_batch_v1,9649f20501e9e1d1,20260306,quarter_diversity_fill,6422e367414c56c2,ba52f28c3a5810ef,"Social and ethical issues relating to the use of new and evolving technologies such as AI in our hardware, software, and service offerings, as well as in our internal platforms, may result in reputational harm and legal liability.",social and ethical issues relating to the use of new and evolving technologies such as ai in our hardware software and service offerings as well as in our internal platforms may result in reputational harm and legal liability,,,,2024/QTR2/20240523_10-K_edgar_data_1022408_0001140361-24-027200.txt,2024,2,10-K,1022408,12,pilot_2024_10k_v1,5622228bbe7cd474,active_2021_2024,38,0.0,[],,12,Other,unknown,long,True,quarter_fill,"Social and ethical issues relating to the use of new and evolving technologies such as AI in our hardware, software, and service offerings, as well as in our internal platforms, may result in reputational harm and legal liability.",12,nan,,item_1a_risk_factors,exact,1.0,11,True,
labeling_batch_v1,acf3a25ab8df6603,20260306,quarter_diversity_fill,4f9dddb9d5546e62,b048029f1f9e0f1b,"The failure of our systems and those of third parties on which we rely to operate effectively or remain innovative, our inability to keep up with rapid technological change (including the successful utilization of data analytics, artificial intelligence (""AI"") and machine learning), problems with transitioning to upgraded or replacement systems, difficulty in integrating new systems or systems of acquired businesses or a breach in security of these systems has, and could continue to, adversely impact the operations of VF's business.",the failure of our systems and those of third parties on which we rely to operate effectively or remain innovative our inability to keep up with rapid technological change including the successful utilization of data analytics artificial intelligence ai and machine learning problems with transitioning to upgraded or replacement systems difficulty in integrating new systems or systems of acquired businesses or a breach in security of these systems has and could continue to adversely impact the operations of vf s business,,,,2024/QTR2/20240523_10-K_edgar_data_103379_0000103379-24-000008.txt,2024,2,10-K,103379,1,pilot_2024_10k_v1,b2eb9f83f2d5d3a5,active_2021_2024,81,0.0,[],,12,Other,unknown,long,True,quarter_fill,"The failure of our systems and those of third parties on which we rely to operate effectively or remain innovative, our inability to keep up with rapid technological change (including the successful utilization of data analytics, artificial intelligence (""AI"") and machine learning), problems with transitioning to upgraded or replacement systems, difficulty in integrating new systems or systems of acquired businesses or a breach in security of these systems has, and could continue to, adversely impact the operations of VF s business.",1,nan,,other,exact,1.0,1,True,
labeling_batch_v1,040fcad7fa152e3a,20260306,quarter_diversity_fill,7773035c12c19e77,523ad2a7f441aa85,"The development and use of AI, and the failure to use AI, present risks and challenges that may negatively impact our business.",the development and use of ai and the failure to use ai present risks and challenges that may negatively impact our business,,,,2024/QTR2/20240523_10-K_edgar_data_103379_0000103379-24-000008.txt,2024,2,10-K,103379,3,pilot_2024_10k_v1,b2eb9f83f2d5d3a5,active_2021_2024,22,0.0,[],,12,Other,unknown,medium,True,quarter_fill,"The development and use of AI, and the failure to use AI, present risks and challenges that may negatively impact our business.",3,nan,,item_1a_risk_factors,exact,1.0,3,True,
labeling_batch_v1,84bbb856a21a42aa,20260306,quarter_diversity_fill,9de460b7da07aeed,a33eed56bfae75ed,"The algorithms and models utilized in generative AI systems may have limitations, including biases, errors, or inability to handle certain data types or scenarios.",the algorithms and models utilized in generative ai systems may have limitations including biases errors or inability to handle certain data types or scenarios,,,,2024/QTR2/20240523_10-K_edgar_data_103379_0000103379-24-000008.txt,2024,2,10-K,103379,8,pilot_2024_10k_v1,b2eb9f83f2d5d3a5,active_2021_2024,24,0.0,[],,12,Other,unknown,medium,True,quarter_fill,"The algorithms and models utilized in generative AI systems may have limitations, including biases, errors, or inability to handle certain data types or scenarios.",8,nan,,item_1a_risk_factors,exact,1.0,7,True,
labeling_batch_v1,0cc1b0cc678594ce,20260306,quarter_diversity_fill,3184bbc2ef56f40b,ffdaf9b6c1beb2f9,"Cybersecurity threat actors may use AI tools, including generative AI, to deploy increasingly advanced attacks on our and our business partners' information technology systems.",cybersecurity threat actors may use ai tools including generative ai to deploy increasingly advanced attacks on our and our business partners information technology systems,,,,2024/QTR2/20240523_10-K_edgar_data_103379_0000103379-24-000008.txt,2024,2,10-K,103379,11,pilot_2024_10k_v1,b2eb9f83f2d5d3a5,active_2021_2024,24,0.0,[],,12,Other,unknown,medium,True,quarter_fill,"Cybersecurity threat actors may use AI tools, including generative AI, to deploy increasingly advanced attacks on our and our business partners' information technology systems.",11,nan,,item_1a_risk_factors,exact,1.0,10,True,
labeling_batch_v1,ccfb1d275286ed9d,20260306,quarter_diversity_fill,6764eec804b29a6b,c90c026b550d849c,"In addition, we continued to enhance our solutions for advanced analytics, furthering our use of artificial intelligence (""AI""), both predictive and generative, and machine learning (""ML"") for areas such as forecasting, marketing, and personalization.",in addition we continued to enhance our solutions for advanced analytics furthering our use of artificial intelligence ai both predictive and generative and machine learning ml for areas such as forecasting marketing and personalization,,,,2024/QTR2/20240523_10-K_edgar_data_1037038_0001037038-24-000014.txt,2024,2,10-K,1037038,2,pilot_2024_10k_v1,2bb0b44df8547556,active_2021_2024,34,0.0,[],,12,Other,unknown,long,False,quarter_fill,"In addition, we continued to enhance our solutions for advanced analytics, furthering our use of artificial intelligence (""AI""), both predictive and generative, and machine learning (""ML"") for areas such as forecasting, marketing, and personalization.",2,nan,,item_1a_risk_factors,exact,1.0,2,True,
labeling_batch_v1,06db4ef454161729,20260306,quarter_diversity_fill,41e2f2568cea48f5,1a2a92988d196318,"Cyber-criminals are constantly devising new, sophisticated schemes to gain unauthorized access to computer systems and confidential or sensitive data, including through the use of artificial intelligence.",cyber criminals are constantly devising new sophisticated schemes to gain unauthorized access to computer systems and confidential or sensitive data including through the use of artificial intelligence,,,,2024/QTR2/20240523_10-K_edgar_data_1037038_0001037038-24-000014.txt,2024,2,10-K,1037038,4,pilot_2024_10k_v1,2bb0b44df8547556,active_2021_2024,26,0.0,[],,12,Other,unknown,long,False,quarter_fill,"Cyber-criminals are constantly devising new, sophisticated schemes to gain unauthorized access to computer systems and confidential or sensitive data, including through the use of artificial intelligence.",4,nan,,item_1_business,exact,1.0,4,True,
labeling_batch_v1,73d7267458996684,20260306,quarter_diversity_fill,e9d909bd7afdfc8b,34c7e30421aa4cc9,"Such competitors could also have preferential access to content and important technologies, such as artificial intelligence AI , customer data or other competitive information.",such competitors could also have preferential access to content and important technologies such as artificial intelligence ai customer data or other competitive information,,,,2024/QTR2/20240607_10-K_edgar_data_1041657_0001558370-24-009018.txt,2024,2,10-K,1041657,1,pilot_2024_10k_v1,900a326a8ae100d9,active_2021_2024,24,0.0,[],,12,Other,unknown,medium,True,quarter_fill,"Such competitors could also have preferential access to content and important technologies, such as artificial intelligence AI ), customer data or other competitive information.",1,nan,,item_1a_risk_factors,exact,1.0,1,True,
labeling_batch_v1,0efccef0cf9a4c3a,20260306,quarter_diversity_fill,37f979f1ab0efdb9,fbcde97d8728db81,"A key basis on which we compete with other companies is on adapting to technological change including the successful utilization of data analytics, AI and machine learning.",a key basis on which we compete with other companies is on adapting to technological change including the successful utilization of data analytics ai and machine learning,,,,2024/QTR2/20240607_10-K_edgar_data_1041657_0001558370-24-009018.txt,2024,2,10-K,1041657,2,pilot_2024_10k_v1,900a326a8ae100d9,active_2021_2024,27,0.0,[],,12,Other,unknown,long,False,quarter_fill,"A key basis on which we compete with other companies is on adapting to technological change including the successful utilization of data analytics, AI and machine learning.",2,nan,,item_1a_risk_factors,exact,1.0,2,True,
labeling_batch_v1,07de0d13ea96666c,20260306,quarter_diversity_fill,7861bc9ee0819bd0,6e1ae2a66ffcff63,"Rules governing new technological developments, such as developments in generative AI, remain unsettled, and these developments may affect aspects of our existing business model, including revenue streams for the use of our intellectual property and how we create our services and products.",rules governing new technological developments such as developments in generative ai remain unsettled and these developments may affect aspects of our existing business model including revenue streams for the use of our intellectual property and how we create our services and products,,,,2024/QTR2/20240607_10-K_edgar_data_1041657_0001558370-24-009018.txt,2024,2,10-K,1041657,3,pilot_2024_10k_v1,900a326a8ae100d9,active_2021_2024,42,0.0,[],,12,Other,unknown,long,True,quarter_fill,"Rules governing new technological developments, such as developments in generative AI, remain unsettled, and these developments may affect aspects of our existing business model, including revenue streams for the use of our intellectual property and how we create our services and products.",3,nan,,item_1a_risk_factors,exact,1.0,3,True,
labeling_batch_v1,c105a130043af4c3,20260306,quarter_diversity_fill,ec7ea9f53687876a,7e240b7935578b8e,"Additionally, the impact of generative artificial intelligence (GenAI) in the markets for storage and data management solutions has yet to be fully realized and could evolve in unexpected ways.",additionally the impact of generative artificial intelligence genai in the markets for storage and data management solutions has yet to be fully realized and could evolve in unexpected ways,,,,2024/QTR2/20240610_10-K_edgar_data_1002047_0000950170-24-071327.txt,2024,2,10-K,1002047,9,pilot_2024_10k_v1,3d50d1ecb347a5df,active_2021_2024,29,0.0,[],,12,Other,unknown,long,True,quarter_fill,"Additionally, the impact of generative artificial intelligence (GenAI) in the markets for storage and data management solutions has yet to be fully realized and could evolve in unexpected ways.",9,nan,,item_1_business,exact,1.0,9,True,
labeling_batch_v1,e6d42f0313a16988,20260306,quarter_diversity_fill,f51be60a9201fe72,6e333211558b9c85,"AI algorithms and training methodologies may be flawed, and AI technologies are complex and rapidly evolving.",ai algorithms and training methodologies may be flawed and ai technologies are complex and rapidly evolving,,,,2024/QTR2/20240610_10-K_edgar_data_1002047_0000950170-24-071327.txt,2024,2,10-K,1002047,13,pilot_2024_10k_v1,3d50d1ecb347a5df,active_2021_2024,16,0.0,[],,12,Other,unknown,medium,True,quarter_fill,"AI algorithms and training methodologies may be flawed, and AI technologies are complex and rapidly evolving.",13,nan,,item_1_business,exact,1.0,13,True,
labeling_batch_v1,7a3de89f3d39f135,20260306,quarter_diversity_fill,8530635328e2d797,f2636d7aaef28f02,"To the extent regulation materially delays or impedes the adoption of AI, demand for our products may not meet our forecasts.",to the extent regulation materially delays or impedes the adoption of ai demand for our products may not meet our forecasts,,,,2024/QTR2/20240610_10-K_edgar_data_1002047_0000950170-24-071327.txt,2024,2,10-K,1002047,16,pilot_2024_10k_v1,3d50d1ecb347a5df,active_2021_2024,21,0.0,[],,12,Other,unknown,medium,True,quarter_fill,"To the extent regulation materially delays or impedes the adoption of AI, demand for our products may not meet our forecasts.",16,nan,,item_1_business,exact,1.0,16,True,
labeling_batch_v1,c276a4d46eb7526a,20260306,quarter_diversity_fill,95db85479afb8040,5e2990d5dc0958f2,"For example, the Artificial Intelligence Act, recently adopted by the EU, sets forth new AI risk categorization, obligations, and prohibitions.",for example the artificial intelligence act recently adopted by the eu sets forth new ai risk categorization obligations and prohibitions,,,,2024/QTR2/20240610_10-K_edgar_data_1002047_0000950170-24-071327.txt,2024,2,10-K,1002047,19,pilot_2024_10k_v1,3d50d1ecb347a5df,active_2021_2024,20,0.0,[],,12,Other,unknown,medium,True,quarter_fill,"For example, the Artificial Intelligence Act, recently adopted by the EU, sets forth new AI risk categorization, obligations, and prohibitions.",19,nan,,item_1_business,exact,1.0,19,True,
labeling_batch_v1,35bdeb42942c6dfb,20260306,quarter_diversity_fill,fe0eecd611ca6f0b,02aa580e5d2dabc0,"We are continuing our research and development partnership with Argonne National Laboratory and utilizing their high performance computing with AI technology and are optimizing higher hydrogen blend configurations, with the goal of creating a 100 hydrogen microturbine.",we are continuing our research and development partnership with argonne national laboratory and utilizing their high performance computing with ai technology and are optimizing higher hydrogen blend configurations with the goal of creating a 100 hydrogen microturbine,,,,2024/QTR2/20240613_10-K_edgar_data_1009759_0001558370-24-009109.txt,2024,2,10-K,1009759,1,pilot_2024_10k_v1,529eea9673f25386,active_2021_2024,37,0.0,[],,12,Other,unknown,long,False,quarter_fill,"We are continuing our research and development partnership with Argonne National Laboratory and utilizing their high performance computing with AI technology and are optimizing higher hydrogen blend configurations, with the goal of creating a 100 hydrogen microturbine.",1,nan,,item_1_business,exact,1.0,1,True,
labeling_batch_v1,6b24da832564e364,20260306,quarter_diversity_fill,b68d3f9e00a278b3,353bfa1f056bbb6a,"We began a new cooperative research and development agreement with Argonne National Laboratory to perform design and manufacturability optimization of our fuel flexible microturbine system ranging from 70 natural gas/30 hydrogen blends to 100 hydrogen fuel operation using computational fluid dynamics, high performance computing, and machine learning.",we began a new cooperative research and development agreement with argonne national laboratory to perform design and manufacturability optimization of our fuel flexible microturbine system ranging from 70 natural gas 30 hydrogen blends to 100 hydrogen fuel operation using computational fluid dynamics high performance computing and machine learning,,,,2024/QTR2/20240613_10-K_edgar_data_1009759_0001558370-24-009109.txt,2024,2,10-K,1009759,2,pilot_2024_10k_v1,529eea9673f25386,active_2021_2024,47,0.0,[],,12,Other,unknown,long,False,quarter_fill,"We began a new cooperative research and development agreement with Argonne National Laboratory to perform design and manufacturability optimization of our fuel flexible microturbine system ranging from 70 natural gas/30 hydrogen blends to 100 hydrogen fuel operation using computational fluid dynamics, high performance computing, and machine learning.",2,nan,,item_1_business,exact,1.0,2,True,
labeling_batch_v1,c887638760a8a94b,20260306,quarter_diversity_fill,629fa76f56ef7c46,2d7b059fc24edccb,"To the extent artificial intelligence capabilities improve and are increasingly adopted, they may be used to identify vulnerabilities and craft increasingly sophisticated cybersecurity attacks.",to the extent artificial intelligence capabilities improve and are increasingly adopted they may be used to identify vulnerabilities and craft increasingly sophisticated cybersecurity attacks,,,,2024/QTR2/20240613_10-K_edgar_data_1009759_0001558370-24-009109.txt,2024,2,10-K,1009759,3,pilot_2024_10k_v1,529eea9673f25386,active_2021_2024,24,0.0,[],,12,Other,unknown,medium,True,quarter_fill,"To the extent artificial intelligence capabilities improve and are increasingly adopted, they may be used to identify vulnerabilities and craft increasingly sophisticated cybersecurity attacks.",3,nan,,item_1a_risk_factors,exact,1.0,3,True,
labeling_batch_v1,e896e94ba48c7e62,20260306,quarter_diversity_fill,c3b772f6f64327ef,e393d5d2ed6cd7d3,"Vulnerabilities may be introduced from the use of artificial intelligence by us, our customers or third parties.",vulnerabilities may be introduced from the use of artificial intelligence by us our customers or third parties,,,,2024/QTR2/20240613_10-K_edgar_data_1009759_0001558370-24-009109.txt,2024,2,10-K,1009759,4,pilot_2024_10k_v1,529eea9673f25386,active_2021_2024,17,0.0,[],,12,Other,unknown,medium,True,quarter_fill,"Vulnerabilities may be introduced from the use of artificial intelligence by us, our customers or third parties.",4,nan,,item_1a_risk_factors,exact,1.0,4,True,
labeling_batch_v1,3f569bd7e05ecb59,20260306,quarter_diversity_fill,aac18f1f7947be0b,f169687dbaf86be8,"GunBroker Marketplace researches and integrates advancements in search, document processing, database, and artificial intelligence technologies.",gunbroker marketplace researches and integrates advancements in search document processing database and artificial intelligence technologies,,,,2024/QTR2/20240613_10-K_edgar_data_1015383_0001493152-24-023731.txt,2024,2,10-K,1015383,1,pilot_2024_10k_v1,96b8b7424736a63f,active_2021_2024,15,0.0,[],,12,Other,unknown,medium,False,quarter_fill,"GunBroker Marketplace researches and integrates advancements in search, document processing, database, and artificial intelligence technologies.",1,nan,,other,exact,1.0,1,True,
labeling_batch_v1,fe9c42c936c19b23,20260306,quarter_diversity_fill,dbc44c2fc032b4fa,fe2555e85bcbbce7,"Additionally, AI-assisted remote veterinary technicians, through our partnership with AskVet, provide a wide range of telehealth services, from dietary advice to training.",additionally ai assisted remote veterinary technicians through our partnership with askvet provide a wide range of telehealth services from dietary advice to training,,,,2024/QTR2/20240614_10-K_edgar_data_1040130_0001040130-24-000046.txt,2024,2,10-K,1040130,1,pilot_2024_10k_v1,80f8a8a217518004,active_2021_2024,22,0.0,[],,12,Other,unknown,medium,False,quarter_fill,"Additionally, AI-assisted remote veterinary technicians, through our partnership with AskVet, provide a wide range of telehealth services, from dietary advice to training.",1,nan,,item_1_business,exact,1.0,1,True,
labeling_batch_v1,6fb296f8002c72ea,20260306,quarter_diversity_fill,50995781b4f37c9c,bb4d1dfd975fa807,"Their telehealth services,, powered by AI-driven AskVet, are being expanded across the organization, further enriching our member service offerings.",their telehealth services powered by ai driven askvet are being expanded across the organization further enriching our member service offerings,,,,2024/QTR2/20240614_10-K_edgar_data_1040130_0001040130-24-000046.txt,2024,2,10-K,1040130,2,pilot_2024_10k_v1,80f8a8a217518004,active_2021_2024,19,0.0,[],,12,Other,unknown,medium,False,quarter_fill,"Their telehealth services,, powered by AI-driven AskVet, are being expanded across the organization, further enriching our member service offerings.",2,nan,,item_1_business,exact,1.0,2,True,
labeling_batch_v1,68ad332ceed3db98,20260306,quarter_diversity_fill,7c7440a6fa28f721,7b45456159827f54,"To achieve this, we will focus on the following strategic initiatives: Create best-in-class customer experiences across channels through modern technology that incorporates AI, automation, and product management that drives personalized journeys across all touchpoints.",to achieve this we will focus on the following strategic initiatives create best in class customer experiences across channels through modern technology that incorporates ai automation and product management that drives personalized journeys across all touchpoints,,,,2024/QTR2/20240614_10-K_edgar_data_1040130_0001040130-24-000046.txt,2024,2,10-K,1040130,3,pilot_2024_10k_v1,80f8a8a217518004,active_2021_2024,34,0.0,[],,12,Other,unknown,long,False,quarter_fill,"To achieve this, we will focus on the following strategic initiatives: Create best-in-class customer experiences across channels through modern technology that incorporates AI, automation, and product management that drives personalized journeys across all touchpoints.",3,nan,,item_1_business,rescued_clause,1.0,3,True,
labeling_batch_v1,ae55d6cbdb0fa1cf,20260306,quarter_diversity_fill,5b5c44108be83da8,fab4cbc9496bab55,"Index Generative AI also presents emerging legal and ethical issues, and terms governing the use of generative AI are subject to change.",index generative ai also presents emerging legal and ethical issues and terms governing the use of generative ai are subject to change,,,,2024/QTR2/20240626_10-K_edgar_data_107140_0000107140-24-000114.txt,2024,2,10-K,107140,9,pilot_2024_10k_v1,4c8be738695f63ba,active_2021_2024,23,0.0,[],,12,Other,unknown,medium,True,quarter_fill,"15 Index Generative AI also presents emerging legal and ethical issues, and terms governing the use of generative AI are subject to change.",9,nan,,other,rescued_clause,1.0,8,True,
labeling_batch_v1,11344ea2b9d09b9d,20260306,quarter_diversity_fill,0a20bcc556797ed2,8e0c1a0c23956120,There is also a risk that AI Technologies may be misused or misappropriated by our employees and/or third parties engaged.,there is also a risk that ai technologies may be misused or misappropriated by our employees and or third parties engaged,,,,2024/QTR2/20240626_10-K_edgar_data_107140_0000107140-24-000114.txt,2024,2,10-K,107140,11,pilot_2024_10k_v1,4c8be738695f63ba,active_2021_2024,20,0.0,[],,12,Other,unknown,medium,True,quarter_fill,There is also a risk that AI Technologies may be misused or misappropriated by our employees and/or third parties engaged.,11,nan,,item_1_business,exact,1.0,10,True,
labeling_batch_v1,8a698edb2a8c313b,20260306,quarter_diversity_fill,d43218fd7f84191a,d59efd6008ed0f79,Regulations related to AI Technologies may also impose on us certain obligations and costs related to monitoring and compliance.,regulations related to ai technologies may also impose on us certain obligations and costs related to monitoring and compliance,,,,2024/QTR2/20240626_10-K_edgar_data_107140_0000107140-24-000114.txt,2024,2,10-K,107140,13,pilot_2024_10k_v1,4c8be738695f63ba,active_2021_2024,19,0.0,[],,12,Other,unknown,medium,True,quarter_fill,Regulations related to AI Technologies may also impose on us certain obligations and costs related to monitoring and compliance.,13,nan,,item_1_business,exact,1.0,12,True,
labeling_batch_v1,6d8505c2d919855d,20260306,quarter_diversity_fill,67a29e2dca2631d7,6751f2213022fe68,"Advancements in technology, including advancements in generative AI technology, have made unauthorized copying and wide dissemination of unlicensed content easier.",advancements in technology including advancements in generative ai technology have made unauthorized copying and wide dissemination of unlicensed content easier,,,,2024/QTR2/20240626_10-K_edgar_data_107140_0000107140-24-000114.txt,2024,2,10-K,107140,17,pilot_2024_10k_v1,4c8be738695f63ba,active_2021_2024,20,0.0,[],,12,Other,unknown,medium,True,quarter_fill,"Advancements in technology, including advancements in generative AI technology, have made unauthorized copying and wide dissemination of unlicensed content easier.",17,nan,,item_1_business,exact,1.0,16,True,
labeling_batch_v1,b648519e5e00a246,20260306,quarter_diversity_fill,ac514dacbface285,52e114c1565f55f6,"These systems are also vulnerable to attacks by malicious third parties, such as phishing or ransomware attacks, and may be susceptible to intentional or accidental physical damage to the infrastructure maintained by us or by third parties, including, without limitation, as a result of extreme weather events, such as fires, floods, hurricanes or tornadoes or as the result of the use of AI or other new technologies.",these systems are also vulnerable to attacks by malicious third parties such as phishing or ransomware attacks and may be susceptible to intentional or accidental physical damage to the infrastructure maintained by us or by third parties including without limitation as a result of extreme weather events such as fires floods hurricanes or tornadoes or as the result of the use of ai or other new technologies,,,,2024/QTR3/20240701_10-K_edgar_data_1053369_0001493152-24-025829.txt,2024,3,10-K,1053369,3,pilot_2024_10k_v1,9e33743266222e0d,active_2021_2024,67,0.0,[],,12,Other,unknown,long,True,quarter_fill,"These systems are also vulnerable to attacks by malicious third parties, such as phishing or ransomware attacks, and may be susceptible to intentional or accidental physical damage to the infrastructure maintained by us or by third parties, including, without limitation, as a result of extreme weather events, such as fires, floods, hurricanes or tornadoes or as the result of the use of AI or other new technologies.",3,nan,,item_1a_risk_factors,exact,1.0,3,True,
labeling_batch_v1,c1362a7d06c4c71d,20260306,quarter_diversity_fill,b7bcca38e8ccc3ff,5cc8b64fad37e76c,Artificial intelligence based platforms may present new risks and challenges to our business.,artificial intelligence based platforms may present new risks and challenges to our business,,,,2024/QTR3/20240701_10-K_edgar_data_1053369_0001493152-24-025829.txt,2024,3,10-K,1053369,4,pilot_2024_10k_v1,9e33743266222e0d,active_2021_2024,14,0.0,[],,12,Other,unknown,medium,True,quarter_fill,23 Artificial intelligence based platforms may present new risks and challenges to our business.,4,nan,,item_1a_risk_factors,rescued_clause,1.0,4,True,
labeling_batch_v1,42b54953198518a5,20260306,quarter_diversity_fill,7794865e606d9a47,ff886e4333dda290,"AI technologies may exacerbate existing risks, including risks associated with data privacy, cybersecurity, IP, healthcare fraud and abuse, drug development and manufacturing, and risks to patients or human subjects in clinical trials.",ai technologies may exacerbate existing risks including risks associated with data privacy cybersecurity ip healthcare fraud and abuse drug development and manufacturing and risks to patients or human subjects in clinical trials,,,,2024/QTR3/20240701_10-K_edgar_data_1053369_0001493152-24-025829.txt,2024,3,10-K,1053369,5,pilot_2024_10k_v1,9e33743266222e0d,active_2021_2024,32,0.0,[],,12,Other,unknown,long,True,quarter_fill,"AI technologies may exacerbate existing risks, including risks associated with data privacy, cybersecurity, IP, healthcare fraud and abuse, drug development and manufacturing, and risks to patients or human subjects in clinical trials.",5,nan,,item_1a_risk_factors,exact,1.0,5,True,
labeling_batch_v1,f4ee531efae47b5f,20260306,quarter_diversity_fill,268ac367071de0a7,45f6ed7a688b7573,Huidor recently developed cineSearch which is the Company's AI-based conversational chatbot for advanced content recommendations.,huidor recently developed cinesearch which is the company s ai based conversational chatbot for advanced content recommendations,,,,2024/QTR3/20240701_10-K_edgar_data_1173204_0000950170-24-079718.txt,2024,3,10-K,1173204,1,pilot_2024_10k_v1,8d5472f39eb0a34c,active_2021_2024,19,0.0,[],,12,Other,unknown,medium,False,quarter_fill,"In addition, Mr. Huidor recently developed cineSearch which is the Company s AI-based conversational chatbot for advanced content recommendations.",1,nan,,item_1a_risk_factors,similarity,0.902057,1,True,
labeling_batch_v1,705cbc51328b6f12,20260306,quarter_diversity_fill,70423165b715441b,339387942e05f869,"In addition, dock modernization efforts enabled by FedEx Dataworks, including a network operating plan that uses machine learning and algorithms to develop more detailed and accurate volume forecasts, are enhancing productivity at these facilities in furtherance of our DRIVE initiatives.",in addition dock modernization efforts enabled by fedex dataworks including a network operating plan that uses machine learning and algorithms to develop more detailed and accurate volume forecasts are enhancing productivity at these facilities in furtherance of our drive initiatives,,,,2024/QTR3/20240715_10-K_edgar_data_1048911_0000950170-24-083577.txt,2024,3,10-K,1048911,2,pilot_2024_10k_v1,1a4da01b0673e2e7,active_2021_2024,40,0.0,[],,12,Other,unknown,long,True,quarter_fill,"In addition, dock modernization efforts enabled by FedEx Dataworks, including a network operating plan that uses machine learning and algorithms to develop more detailed and accurate volume forecasts, are enhancing productivity at these facilities in furtherance of our DRIVE initiatives.",2,nan,,item_7_mda,exact,1.0,2,True,
labeling_batch_v1,e147e5ba29f32e1c,20260306,quarter_diversity_fill,616304ef5467c6e3,7eb45d4b96daa1c2,"Additionally, the rapid ongoing evolution and increased adoption of emerging technologies such as artificial intelligence and machine learning may make it more difficult to anticipate and implement protective measures to recognize, detect, and prevent the occurrence of any of the cyber events described above.",additionally the rapid ongoing evolution and increased adoption of emerging technologies such as artificial intelligence and machine learning may make it more difficult to anticipate and implement protective measures to recognize detect and prevent the occurrence of any of the cyber events described above,,,,2024/QTR3/20240715_10-K_edgar_data_1048911_0000950170-24-083577.txt,2024,3,10-K,1048911,7,pilot_2024_10k_v1,1a4da01b0673e2e7,active_2021_2024,44,0.0,[],,12,Other,unknown,long,True,quarter_fill,"Additionally, the rapid ongoing evolution and increased adoption of emerging technologies such as artificial intelligence and machine learning may make it more difficult to anticipate and implement protective measures to recognize, detect, and prevent the occurrence of any of the cyber events described above.",7,nan,,item_1a_risk_factors,exact,1.0,7,True,
labeling_batch_v1,0dd208ca561b03db,20260306,quarter_diversity_fill,64cfea05e5abb87e,9e2a6c2cc4f1eecf,"Our industry may be affected by changes in technology and our competitors may implement emerging technologies, including artificial intelligence applications, more quickly and more successfully than us, which could impair our ability to compete effectively and adversely affect our results of operations.",our industry may be affected by changes in technology and our competitors may implement emerging technologies including artificial intelligence applications more quickly and more successfully than us which could impair our ability to compete effectively and adversely affect our results of operations,,,,2024/QTR3/20240715_10-K_edgar_data_1048911_0000950170-24-083577.txt,2024,3,10-K,1048911,12,pilot_2024_10k_v1,1a4da01b0673e2e7,active_2021_2024,42,0.0,[],,12,Other,unknown,long,True,quarter_fill,"Our industry may be affected by changes in technology and our competitors may implement emerging technologies, including artificial intelligence applications, more quickly and more successfully than us, which could impair our ability to compete effectively and adversely affect our results of operations.",12,nan,,item_1_business,exact,1.0,12,True,
labeling_batch_v1,ae48b97d23ee96dd,20260306,quarter_diversity_fill,2d5a057739614e74,e75f1e4e171a46b0,"As technology continues to evolve, more tasks currently performed by people have been and may continue to be replaced by automation, robotics, machine learning, AI and other technological advances outside of our control.",as technology continues to evolve more tasks currently performed by people have been and may continue to be replaced by automation robotics machine learning ai and other technological advances outside of our control,,,,2024/QTR3/20240722_10-K_edgar_data_1084765_0001084765-24-000089.txt,2024,3,10-K,1084765,3,pilot_2024_10k_v1,eca98cc2598d6972,active_2021_2024,33,0.0,[],,12,Other,unknown,long,True,quarter_fill,"As technology continues to evolve, more tasks currently performed by people have been and may continue to be replaced by automation, robotics, machine learning, AI and other technological advances outside of our control.",3,nan,,item_1a_risk_factors,exact,1.0,3,True,
labeling_batch_v1,d161ccae40231e91,20260306,quarter_diversity_fill,a1e396dc01533080,f482fce5476c36f8,"Additionally, rapid changes in AI and generative AI which involves the use of advanced algorithms and machine learning techniques to create content, generate ideas, or simulate human-like behaviors and block chain-based technology are increasing the competitiveness landscape.",additionally rapid changes in ai and generative ai which involves the use of advanced algorithms and machine learning techniques to create content generate ideas or simulate human like behaviors and block chain based technology are increasing the competitiveness landscape,,,,2024/QTR3/20240722_10-K_edgar_data_1084765_0001084765-24-000089.txt,2024,3,10-K,1084765,4,pilot_2024_10k_v1,eca98cc2598d6972,active_2021_2024,37,0.0,[],,12,Other,unknown,long,True,quarter_fill,"Additionally, rapid changes in AI and generative AI which involves the use of advanced algorithms and machine learning techniques to create content, generate ideas, or simulate human-like behaviors and block chain-based technology are increasing the competitiveness landscape.",4,nan,,item_1a_risk_factors,exact,1.0,4,True,
labeling_batch_v1,1bea5dbe5bd2ec33,20260306,quarter_diversity_fill,1d1f663367ff39c8,741266b3c48810d0,We may not be successful in anticipating or responding to these changes and there can be no assurance that we can integrate other technologies we use with AI or that material additional monetary and time expenditures will not be required.,we may not be successful in anticipating or responding to these changes and there can be no assurance that we can integrate other technologies we use with ai or that material additional monetary and time expenditures will not be required,,,,2024/QTR3/20240722_10-K_edgar_data_1084765_0001084765-24-000089.txt,2024,3,10-K,1084765,5,pilot_2024_10k_v1,eca98cc2598d6972,active_2021_2024,40,0.0,[],,12,Other,unknown,long,True,quarter_fill,We may not be successful in anticipating or responding to these changes and there can be no assurance that we can integrate other technologies we use with AI or that material additional monetary and time expenditures will not be required.,5,nan,,item_1a_risk_factors,exact,1.0,5,True,
labeling_batch_v1,fc2d777e227acd41,20260306,quarter_diversity_fill,3fd781710a03aa13,4e039fb633b1d6f3,"The interpretation and application of cybersecurity, artificial intelligence, biometric, and privacy laws, rules and regulations around the world applicable to our business collectively, the Data Protection Laws are uncertain and evolving.",the interpretation and application of cybersecurity artificial intelligence biometric and privacy laws rules and regulations around the world applicable to our business collectively the data protection laws are uncertain and evolving,,,,2024/QTR3/20240725_10-K_edgar_data_110621_0000950170-24-086386.txt,2024,3,10-K,110621,2,pilot_2024_10k_v1,4e06200d7ea95f9d,active_2021_2024,31,0.0,[],,12,Other,unknown,long,True,quarter_fill,"The interpretation and application of cybersecurity, artificial intelligence, biometric, and privacy laws, rules and regulations around the world applicable to our business (collectively, the Data Protection Laws are uncertain and evolving.",2,nan,,other,exact,1.0,2,True,
labeling_batch_v1,99ce20ade5798e1c,20260306,quarter_diversity_fill,b1d98c3c97265a84,f97713828a227775,"For more information on how a cybersecurity incident may impact the Company, refer to the risk factor titled Data privacy, cybersecurity, and artificial intelligence considerations could impact our business, in Item 1A of this Form 10-K.",for more information on how a cybersecurity incident may impact the company refer to the risk factor titled data privacy cybersecurity and artificial intelligence considerations could impact our business in item 1a of this form 10 k,,,,2024/QTR3/20240725_10-K_edgar_data_110621_0000950170-24-086386.txt,2024,3,10-K,110621,4,pilot_2024_10k_v1,4e06200d7ea95f9d,active_2021_2024,36,0.0,[],,12,Other,unknown,long,True,quarter_fill,"For more information on how a cybersecurity incident may impact the Company, refer to the risk factor titled Data privacy, cybersecurity, and artificial intelligence considerations could impact our business, in Item 1A of this Form 10-K.",4,nan,,item_1_business,exact,1.0,4,True,
labeling_batch_v1,39bf0ccd3e7c90b2,20260306,quarter_diversity_fill,31d7ff815abcdda4,da19f38754ae52a5,"Artificial intelligence The artificial intelligence (AI) processor market is experiencing a significant surge, driven by the increasing demand for machine learning and AI applications.",artificial intelligence the artificial intelligence ai processor market is experiencing a significant surge driven by the increasing demand for machine learning and ai applications,,,,2024/QTR3/20240730_10-K_edgar_data_1040470_0001654954-24-009642.txt,2024,3,10-K,1040470,4,pilot_2024_10k_v1,a86f6df0bcbd7e98,active_2021_2024,24,0.0,[],,12,Other,unknown,medium,False,quarter_fill,"Artificial intelligence The artificial intelligence (AI) processor market is experiencing a significant surge, driven by the increasing demand for machine learning and AI applications.",4,nan,,item_1_business,exact,1.0,4,True,
labeling_batch_v1,dc0580767312ca26,20260306,quarter_diversity_fill,c07741224bbe8709,f2494a83b36f7d59,AI Processors distinct architecture of die-to-die interdependency and increased memory size and use create a unique opportunity for the Company to apply enabling wafer level test and burn-in technology for its customers and potential future customers.,ai processors distinct architecture of die to die interdependency and increased memory size and use create a unique opportunity for the company to apply enabling wafer level test and burn in technology for its customers and potential future customers,,,,2024/QTR3/20240730_10-K_edgar_data_1040470_0001654954-24-009642.txt,2024,3,10-K,1040470,8,pilot_2024_10k_v1,a86f6df0bcbd7e98,active_2021_2024,36,0.0,[],,12,Other,unknown,long,True,quarter_fill,AI Processors distinct architecture of die-to-die interdependency and increased memory size and use create a unique opportunity for the Company to apply enabling wafer level test and burn-in technology for its customers and potential future customers.,8,nan,,item_1_business,exact,1.0,8,True,
labeling_batch_v1,be9c48c98e0bc106,20260306,quarter_diversity_fill,7709ba80e2cb0671,5937ff0221d4e585,"With embedded AI and analytics, our solutions improve business insight, employee productivity, customer experiences, asset utilization, collaboration, supply chain efficiency and risk management.",with embedded ai and analytics our solutions improve business insight employee productivity customer experiences asset utilization collaboration supply chain efficiency and risk management,,,,2024/QTR3/20240801_10-K_edgar_data_1002638_0001002638-24-000052.txt,2024,3,10-K,1002638,4,pilot_2024_10k_v1,29041cf7ff752266,active_2021_2024,23,0.0,[],,12,Other,unknown,medium,True,quarter_fill,"With embedded AI and analytics, our solutions improve business insight, employee productivity, customer experiences, asset utilization, collaboration, supply chain efficiency and risk management.",4,nan,,item_1_business,exact,1.0,3,True,
labeling_batch_v1,d769ac11df5ee687,20260306,quarter_diversity_fill,c0b09bc2dc0001b8,a9aa6bada46ea67e,We believe one of the greatest opportunities is to help customers leverage their operational and experience data with generative AI to discover new insights for efficiency and competitive advantages.,we believe one of the greatest opportunities is to help customers leverage their operational and experience data with generative ai to discover new insights for efficiency and competitive advantages,,,,2024/QTR3/20240801_10-K_edgar_data_1002638_0001002638-24-000052.txt,2024,3,10-K,1002638,25,pilot_2024_10k_v1,29041cf7ff752266,active_2021_2024,29,0.0,[],,12,Other,unknown,long,True,quarter_fill,We believe one of the greatest opportunities is to help customers leverage their operational and experience data with generative AI to discover new insights for efficiency and competitive advantages.,25,nan,,item_1a_risk_factors,exact,1.0,23,True,
labeling_batch_v1,c43b486be251c4da,20260306,quarter_diversity_fill,195ced0677d15c83,999b0f8a26d50ed3,"As the adoption of AI quickens, we expect competition to intensify and additional companies may enter our markets offering similar products, systems or solutions.",as the adoption of ai quickens we expect competition to intensify and additional companies may enter our markets offering similar products systems or solutions,,,,2024/QTR3/20240801_10-K_edgar_data_1002638_0001002638-24-000052.txt,2024,3,10-K,1002638,39,pilot_2024_10k_v1,29041cf7ff752266,active_2021_2024,24,0.0,[],,12,Other,unknown,medium,True,quarter_fill,"As the adoption of AI quickens, we expect competition to intensify and additional companies may enter our markets offering similar products, systems or solutions.",39,nan,,item_1a_risk_factors,exact,1.0,37,True,
labeling_batch_v1,de3a16c50d1a8a8d,20260306,quarter_diversity_fill,f587b68ffec7ec5b,36fa5843212ee7ed,"The nearline market includes storage for cloud computing, content delivery, archival, backup services and emerging use cases such as generative AI.",the nearline market includes storage for cloud computing content delivery archival backup services and emerging use cases such as generative ai,,,,2024/QTR3/20240802_10-K_edgar_data_1137789_0001137789-24-000068.txt,2024,3,10-K,1137789,2,pilot_2024_10k_v1,9ba94284a04060bf,active_2021_2024,21,0.0,[],,12,Other,unknown,medium,True,quarter_fill,"The nearline market includes storage for cloud computing, content delivery, archival, backup services and emerging use cases such as generative AI.",2,nan,,item_1_business,exact,1.0,2,True,
labeling_batch_v1,c76d591489724f5f,20260306,quarter_diversity_fill,04c7039933b959aa,913809f1167e9f9d,"Additionally, the proliferation of generative AI applications is expected to accelerate the creation of digital content such as text, images and video over the long-term.",additionally the proliferation of generative ai applications is expected to accelerate the creation of digital content such as text images and video over the long term,,,,2024/QTR3/20240802_10-K_edgar_data_1137789_0001137789-24-000068.txt,2024,3,10-K,1137789,5,pilot_2024_10k_v1,9ba94284a04060bf,active_2021_2024,25,0.0,[],,12,Other,unknown,long,True,quarter_fill,"Additionally, the proliferation of generative AI applications is expected to accelerate the creation of digital content such as text, images and video over the long-term.",5,nan,,item_1_business,exact,1.0,5,True,
labeling_batch_v1,060b0df5778e7f4c,20260306,quarter_diversity_fill,d6dd4d5527fce28b,1c2e7ea4ffbfa483,"As AI capabilities improve and are increasingly adopted, we may be subject to cyberattacks created with AI.",as ai capabilities improve and are increasingly adopted we may be subject to cyberattacks created with ai,,,,2024/QTR3/20240802_10-K_edgar_data_1137789_0001137789-24-000068.txt,2024,3,10-K,1137789,11,pilot_2024_10k_v1,9ba94284a04060bf,active_2021_2024,17,0.0,[],,12,Other,unknown,medium,True,quarter_fill,"As AI capabilities improve and are increasingly adopted, we may be subject to cyberattacks created with AI.",11,nan,,item_1a_risk_factors,exact,1.0,10,True,
labeling_batch_v1,2a6eb6e63df9d78c,20260306,quarter_diversity_fill,09af7ff7f5cc2e61,e9123bcb3f4365be,"The confidentiality, integrity and availability of our IT Systems and Confidential Information is at risk of being compromised, whether through malicious activity (including social engineering/phishing, malware (including ransomware)) by internal or external actors (including through the use of AI), or through human or technological errors that result from negligence or software bugs or other vulnerabilities.",the confidentiality integrity and availability of our it systems and confidential information is at risk of being compromised whether through malicious activity including social engineering phishing malware including ransomware by internal or external actors including through the use of ai or through human or technological errors that result from negligence or software bugs or other vulnerabilities,,,,2024/QTR3/20240807_10-K_edgar_data_1157408_0001558370-24-011134.txt,2024,3,10-K,1157408,6,pilot_2024_10k_v1,4cf88d7a15262710,active_2021_2024,55,0.0,[],,12,Other,unknown,long,True,quarter_fill,"The confidentiality, integrity and availability of our IT Systems and Confidential Information is at risk of being compromised, whether through malicious activity (including social engineering/phishing, malware (including ransomware)) by internal or external actors (including through the use of AI), or through human or technological errors that result from negligence or software bugs or other vulnerabilities.",6,nan,,item_1a_risk_factors,exact,1.0,4,True,
labeling_batch_v1,c0d0657b6f8638ba,20260306,quarter_diversity_fill,a085d7f7cda9b033,b60b85b58d6f70c5,"We may be unable to keep pace with changes in our industry and advancements in technology as our business and market strategy evolves, including AI.",we may be unable to keep pace with changes in our industry and advancements in technology as our business and market strategy evolves including ai,,,,2024/QTR3/20240807_10-K_edgar_data_1157408_0001558370-24-011134.txt,2024,3,10-K,1157408,7,pilot_2024_10k_v1,4cf88d7a15262710,active_2021_2024,25,0.0,[],,12,Other,unknown,long,True,quarter_fill,"We may be unable to keep pace with changes in our industry and advancements in technology as our business and market strategy evolves, including AI.",7,nan,,item_1a_risk_factors,exact,1.0,5,True,
labeling_batch_v1,16e92c1f7488b12d,20260306,quarter_diversity_fill,d3cf31dc4a8a45f5,e585d540d12f5a8e,"As changes in our industry occur or macroeconomic conditions fluctuate, including due to changing interest rates, rising inflation, the government closures of various banks and liquidity concerns at other financial institutions, geopolitical instability, AI and machine learning, pandemics and the potential for local and/or global economic recession, we may need to adjust our business strategies or find it necessary to restructure our operations or businesses, which could lead to changes in our cost structure, the need to write down the value of assets, or impact our profitability.",as changes in our industry occur or macroeconomic conditions fluctuate including due to changing interest rates rising inflation the government closures of various banks and liquidity concerns at other financial institutions geopolitical instability ai and machine learning pandemics and the potential for local and or global economic recession we may need to adjust our business strategies or find it necessary to restructure our operations or businesses which could lead to changes in our cost structure the need to write down the value of assets or impact our profitability,,,,2024/QTR3/20240807_10-K_edgar_data_1157408_0001558370-24-011134.txt,2024,3,10-K,1157408,8,pilot_2024_10k_v1,4cf88d7a15262710,active_2021_2024,87,0.0,[],,12,Other,unknown,long,True,quarter_fill,"As changes in our industry occur or macroeconomic conditions fluctuate, including due to changing interest rates, rising inflation, the government closures of various banks and liquidity concerns at other financial institutions, geopolitical instability, AI and machine learning, pandemics and the potential for local and/or global economic recession, we may need to adjust our business strategies or find it necessary to restructure our operations or businesses, which could lead to changes in our cost structure, the need to write down the value of assets, or impact our profitability.",8,nan,,item_1a_risk_factors,exact,1.0,6,True,
labeling_batch_v1,8b151475e113cbbb,20260306,quarter_diversity_fill,3764b68c3bfb1dc2,c19af888e34bbbfd,"We believe that there is an ongoing revolution in graphic design for small business marketing, one in which a combination of technology tools, artificial intelligence and machine learning, and convenient access via two-sided marketplace platforms to professional freelance design talent (including from low-cost countries) will continue a multi-decade democratization of design that has been central to print mass customization, and is likely to continue to be a key enabler to bringing 4 ever-more-complex product formats and marketing channels into the mass customization paradigm (for example, packaging, large format signage, and catalogs).",we believe that there is an ongoing revolution in graphic design for small business marketing one in which a combination of technology tools artificial intelligence and machine learning and convenient access via two sided marketplace platforms to professional freelance design talent including from low cost countries will continue a multi decade democratization of design that has been central to print mass customization and is likely to continue to be a key enabler to bringing 4 ever more complex product formats and marketing channels into the mass customization paradigm for example packaging large format signage and catalogs,,,,2024/QTR3/20240809_10-K_edgar_data_1262976_0001262976-24-000064.txt,2024,3,10-K,1262976,1,pilot_2024_10k_v1,768250499140b15b,active_2021_2024,91,0.0,[],,12,Other,unknown,long,True,quarter_fill,"We believe that there is an ongoing revolution in graphic design for small business marketing, one in which a combination of technology tools, artificial intelligence and machine learning, and convenient access via two-sided marketplace platforms to professional freelance design talent (including from low-cost countries) will continue a multi-decade democratization of design that has been central to print mass customization, and is likely to continue to be a key enabler to bringing 4 ever-more-complex product formats and marketing channels into the mass customization paradigm (for example, packaging, large format signage, and catalogs).",1,nan,,other,exact,1.0,1,True,
labeling_batch_v1,36ffcd1df5193498,20260306,quarter_diversity_fill,5a3af946c343366a,5f8e4825f1a9d411,"We are seeing security threats evolve and become more sophisticated and more difficult to detect and defend against, including by the increased use of artificial intelligence to enhance attacks, and our vulnerabilities may be heightened by our decentralized operating structure and many of our employees working remotely.",we are seeing security threats evolve and become more sophisticated and more difficult to detect and defend against including by the increased use of artificial intelligence to enhance attacks and our vulnerabilities may be heightened by our decentralized operating structure and many of our employees working remotely,,,,2024/QTR3/20240809_10-K_edgar_data_1262976_0001262976-24-000064.txt,2024,3,10-K,1262976,2,pilot_2024_10k_v1,768250499140b15b,active_2021_2024,47,0.0,[],,12,Other,unknown,long,True,quarter_fill,"We are seeing security threats evolve and become more sophisticated and more difficult to detect and defend against, including by the increased use of artificial intelligence to enhance attacks, and our vulnerabilities may be heightened by our decentralized operating structure and many of our employees working remotely.",2,nan,,item_1a_risk_factors,exact,1.0,2,True,
labeling_batch_v1,ceb49137948bbb57,20260306,quarter_diversity_fill,e38f2eb58f88f7a1,29267b0f10363c90,"We use artificial intelligence (AI), including generative AI, in many parts of our value chain.",we use artificial intelligence ai including generative ai in many parts of our value chain,,,,2024/QTR3/20240809_10-K_edgar_data_1262976_0001262976-24-000064.txt,2024,3,10-K,1262976,5,pilot_2024_10k_v1,768250499140b15b,active_2021_2024,15,0.0,[],,12,Other,unknown,medium,True,quarter_fill,"We use artificial intelligence (AI), including generative AI, in many parts of our value chain.",5,nan,,item_1a_risk_factors,exact,1.0,5,True,
labeling_batch_v1,0f3a68dc61830fcf,20260306,quarter_diversity_fill,5d190be0789ac09d,383e8d5ab0e13327,"We maintain our technological edge by investing in critical capabilities and intellectual property IP or building blocks in processing, leveraging open standards and open architectures to adapt quickly those building blocks into solutions for highly data-intensive applications, including emerging needs in areas such as artificial intelligence AI .",we maintain our technological edge by investing in critical capabilities and intellectual property ip or building blocks in processing leveraging open standards and open architectures to adapt quickly those building blocks into solutions for highly data intensive applications including emerging needs in areas such as artificial intelligence ai,,,,2024/QTR3/20240813_10-K_edgar_data_1049521_0001049521-24-000029.txt,2024,3,10-K,1049521,1,pilot_2024_10k_v1,3daab52050ade246,active_2021_2024,48,0.0,[],,12,Other,unknown,long,False,quarter_fill,"We maintain our technological edge by investing in critical capabilities and intellectual property IP or building blocks in processing, leveraging open standards and open architectures to adapt quickly those building blocks into solutions for highly data-intensive applications, including emerging needs in areas such as artificial intelligence AI ).",1,nan,,item_1_business,exact,1.0,1,True,
labeling_batch_v1,2888164a66156d56,20260306,quarter_diversity_fill,4ff44418ae47c261,7b4296d178436bf2,"The primary demand drivers for our unique capabilities include: an increased commitment to defense spending by U.S. allies in light of the dynamic threat environment in Europe and Asia; ongoing modernization of legacy defense platforms to maintain relevance in the current near-peer threat environment; increasing electronification of next-generation defense systems, where electronics are driving capability enhancements on next-gen programs; outsourcing and delayering from the government and prime customers seeking to access innovation from smaller players like Mercury; and a focus on open systems, which allow customers to upgrade capabilities more rapidly and efficiently and better leverage advances in commercial technology such as AI-powered processing.",the primary demand drivers for our unique capabilities include an increased commitment to defense spending by u s allies in light of the dynamic threat environment in europe and asia ongoing modernization of legacy defense platforms to maintain relevance in the current near peer threat environment increasing electronification of next generation defense systems where electronics are driving capability enhancements on next gen programs outsourcing and delayering from the government and prime customers seeking to access innovation from smaller players like mercury and a focus on open systems which allow customers to upgrade capabilities more rapidly and efficiently and better leverage advances in commercial technology such as ai powered processing,,,,2024/QTR3/20240813_10-K_edgar_data_1049521_0001049521-24-000029.txt,2024,3,10-K,1049521,2,pilot_2024_10k_v1,3daab52050ade246,active_2021_2024,104,0.0,[],,12,Other,unknown,long,False,quarter_fill,"The primary demand drivers for our unique capabilities include: an increased commitment to defense spending by U.S. allies in light of the dynamic threat environment in Europe and Asia; ongoing modernization of legacy defense platforms to maintain relevance in the current near-peer threat environment; increasing electronification of next-generation defense systems, where electronics are driving capability enhancements on next-gen programs; outsourcing and delayering from the government and prime customers seeking to access innovation from smaller players like Mercury; and a focus on open systems, which allow customers to upgrade capabilities more rapidly and efficiently and better leverage advances in commercial technology such as AI-powered processing.",2,nan,,item_1_business,exact,1.0,2,True,
labeling_batch_v1,ca56440bff7fcc85,20260306,quarter_diversity_fill,9c616baf3be0bc69,7c44e804593971db,"In addition, we are already seeing AI and the symmetric transfer of data and analytics drive massive new requirements in network capacity and latency and expect this to increase significantly over time.",in addition we are already seeing ai and the symmetric transfer of data and analytics drive massive new requirements in network capacity and latency and expect this to increase significantly over time,,,,2024/QTR3/20240813_10-K_edgar_data_1101680_0000950170-24-096409.txt,2024,3,10-K,1101680,3,pilot_2024_10k_v1,9d26926b35d7552b,active_2021_2024,32,0.0,[],,12,Other,unknown,long,True,quarter_fill,"In addition, we are already seeing AI and the symmetric transfer of data and analytics drive massive new requirements in network capacity and latency and expect this to increase significantly over time.",3,nan,,item_1_business,exact,1.0,3,True,
labeling_batch_v1,66d3411e9fcbc960,20260306,quarter_diversity_fill,54fd02f16b4edddc,79be043ea5b67684,"Reiss brings in-depth expertise in could, SaaS, AI, cybersecurity, and application networking to DZS.",reiss brings in depth expertise in could saas ai cybersecurity and application networking to dzs,,,,2024/QTR3/20240813_10-K_edgar_data_1101680_0000950170-24-096409.txt,2024,3,10-K,1101680,10,pilot_2024_10k_v1,9d26926b35d7552b,active_2021_2024,15,0.0,[],,12,Other,unknown,medium,True,quarter_fill,"Mr. Reiss brings in-depth expertise in could, SaaS, AI, cybersecurity, and application networking to DZS.",10,nan,,item_7_mda,similarity,0.961538,10,True,
labeling_batch_v1,8841c17407b5b230,20260306,quarter_diversity_fill,012872fb0537f778,ded422c2fb7a9d2c,"For example, we will continue to enhance certain of our machine learning models to improve our customer capture and segmentation capabilities.",for example we will continue to enhance certain of our machine learning models to improve our customer capture and segmentation capabilities,,,,2024/QTR3/20240815_10-K_edgar_data_1116132_0001116132-24-000018.txt,2024,3,10-K,1116132,1,pilot_2024_10k_v1,ea015d5c49aa7760,active_2021_2024,21,0.0,[],,12,Other,unknown,medium,False,quarter_fill,"For example, we will continue to enhance certain of our machine learning models to improve our customer capture and segmentation capabilities.",1,nan,,item_1_business,exact,1.0,1,True,
labeling_batch_v1,4cfe063e5307470e,20260306,quarter_diversity_fill,90d32aa19f808030,771a47d6f87c37a3,"We rely heavily on various information and other business systems, including data analytics and machine learning, to manage our operations, including management of our supply chain, point-of-sale processing in our brands stores, our online businesses associated with each brand and various other processes and metrics.",we rely heavily on various information and other business systems including data analytics and machine learning to manage our operations including management of our supply chain point of sale processing in our brands stores our online businesses associated with each brand and various other processes and metrics,,,,2024/QTR3/20240815_10-K_edgar_data_1116132_0001116132-24-000018.txt,2024,3,10-K,1116132,3,pilot_2024_10k_v1,ea015d5c49aa7760,active_2021_2024,45,0.0,[],,12,Other,unknown,long,False,quarter_fill,"We rely heavily on various information and other business systems, including data analytics and machine learning, to manage our operations, including management of our supply chain, point-of-sale processing in our brands stores, our online businesses associated with each brand and various other processes and metrics.",3,nan,,item_7_mda,exact,1.0,3,True,
labeling_batch_v1,da9f961f9907c720,20260306,quarter_diversity_fill,13176f7edd2d3985,c1f8f552168cf16f,"Pre-Clinical Development of Long-Acting CCR5 Antagonist In March 2023, the Company entered into a joint development agreement with a third-party generative AI drug discovery and development company to develop one or more longer-acting molecules.",pre clinical development of long acting ccr5 antagonist in march 2023 the company entered into a joint development agreement with a third party generative ai drug discovery and development company to develop one or more longer acting molecules,,,,2024/QTR3/20240815_10-K_edgar_data_1175680_0001558370-24-012328.txt,2024,3,10-K,1175680,1,pilot_2024_10k_v1,ca1cf034d6e5674c,active_2021_2024,34,0.0,[],,12,Other,unknown,long,True,quarter_fill,"Pre-Clinical Development of Long-Acting CCR5 Antagonist In March 2023, the Company entered into a joint development agreement with a third-party generative AI drug discovery and development company to develop one or more longer-acting molecules.",1,nan,,item_1_business,exact,1.0,1,True,
labeling_batch_v1,ce5203970952e52e,20260306,quarter_diversity_fill,a827c7a911160091,a8463c9c7b9e624c,"The Company believes working with a partner with AI capabilities will result in the expedited development of a modified, longer-acting therapeutic, and could lead to greater acceptance by patients due to the requirement for less frequent injections.",the company believes working with a partner with ai capabilities will result in the expedited development of a modified longer acting therapeutic and could lead to greater acceptance by patients due to the requirement for less frequent injections,,,,2024/QTR3/20240815_10-K_edgar_data_1175680_0001558370-24-012328.txt,2024,3,10-K,1175680,2,pilot_2024_10k_v1,ca1cf034d6e5674c,active_2021_2024,37,0.0,[],,12,Other,unknown,long,True,quarter_fill,"The Company believes working with a partner with AI capabilities will result in the expedited development of a modified, longer-acting therapeutic, and could lead to greater acceptance by patients due to the requirement for less frequent injections.",2,nan,,item_1_business,exact,1.0,2,True,
labeling_batch_v1,acffdeed363374fd,20260306,quarter_diversity_fill,57ba1c2d4ad02dda,27eb77c871154fa1,"The adoption, use, and development of AI products may result in reputational harm or liability.",the adoption use and development of ai products may result in reputational harm or liability,,,,2024/QTR3/20240816_10-K_edgar_data_1078271_0000950170-24-098129.txt,2024,3,10-K,1078271,23,pilot_2024_10k_v1,2fc6874271154cf0,active_2021_2024,15,0.0,[],,12,Other,unknown,medium,True,quarter_fill,"The adoption, use, and development of AI products may result in reputational harm or liability.",23,nan,,item_1a_risk_factors,exact,1.0,23,True,
labeling_batch_v1,92d7a4efa997721a,20260306,quarter_diversity_fill,f84eade8ba696ebb,452280dc78cb5f81,"Such additional regulations may impact our ability to develop, use and commercialize AI technologies in the future.",such additional regulations may impact our ability to develop use and commercialize ai technologies in the future,,,,2024/QTR3/20240816_10-K_edgar_data_1078271_0000950170-24-098129.txt,2024,3,10-K,1078271,31,pilot_2024_10k_v1,2fc6874271154cf0,active_2021_2024,17,0.0,[],,12,Other,unknown,medium,True,quarter_fill,"Such additional regulations may impact our ability to develop, use and commercialize AI technologies in the future.",31,nan,,item_1a_risk_factors,exact,1.0,31,True,
labeling_batch_v1,4bce668c0b711765,20260306,quarter_diversity_fill,06facc49f2907a85,d29ba27f26a5ab50,"Additionally, existing laws and regulations may be interpreted in ways that may affect our use of AI.",additionally existing laws and regulations may be interpreted in ways that may affect our use of ai,,,,2024/QTR3/20240816_10-K_edgar_data_1078271_0000950170-24-098129.txt,2024,3,10-K,1078271,32,pilot_2024_10k_v1,2fc6874271154cf0,active_2021_2024,17,0.0,[],,12,Other,unknown,medium,True,quarter_fill,"Additionally, existing laws and regulations may be interpreted in ways that may affect our use of AI.",32,nan,,item_1a_risk_factors,exact,1.0,32,True,
labeling_batch_v1,b88bfe92c5bb63ed,20260306,quarter_diversity_fill,adad418a42d333ed,4dd7713ed5019597,"Our advanced automation operations provide solutions focused on the design, assembly, integration, and distribution of machine vision, collaborative robots, mobile robots, RFID, industrial networking, and machine learning technologies for OEMs, machine builders, integrators, and other industrial and technology end users.",our advanced automation operations provide solutions focused on the design assembly integration and distribution of machine vision collaborative robots mobile robots rfid industrial networking and machine learning technologies for oems machine builders integrators and other industrial and technology end users,,,,2024/QTR3/20240816_10-K_edgar_data_109563_0000109563-24-000078.txt,2024,3,10-K,109563,1,pilot_2024_10k_v1,19758e03ff53e129,active_2021_2024,40,0.0,[],,12,Other,unknown,long,False,quarter_fill,"Our advanced automation operations provide solutions focused on the design, assembly, integration, and distribution of machine vision, collaborative robots, mobile robots, RFID, industrial networking, and machine learning technologies for OEMs, machine builders, integrators, and other industrial and technology end users.",1,nan,,item_7_mda,exact,1.0,1,True,
labeling_batch_v1,f51b2e75e05fd5cc,20260306,quarter_diversity_fill,c834b8491c10e88c,89841042492ba48a,"Our Company has a well-recognized and strong reputation that could be negatively impacted by social media and many other factors, including, given the legal, regulatory and ethical landscape around the use of AI, our ability to adapt and use the emerging technology in an effective and ethical manner.",our company has a well recognized and strong reputation that could be negatively impacted by social media and many other factors including given the legal regulatory and ethical landscape around the use of ai our ability to adapt and use the emerging technology in an effective and ethical manner,,,,2024/QTR3/20240819_10-K_edgar_data_1001250_0001001250-24-000116.txt,2024,3,10-K,1001250,3,pilot_2024_10k_v1,52cff13c7ec2dfea,active_2021_2024,48,0.0,[],,12,Other,unknown,long,True,quarter_fill,"Our Company has a well-recognized and strong reputation that could be negatively impacted by social media and many other factors, including, given the legal, regulatory and ethical landscape around the use of AI, our ability to adapt and use the emerging technology in an effective and ethical manner.",3,nan,,item_1a_risk_factors,exact,1.0,3,True,
labeling_batch_v1,519dd47fadcb6574,20260306,quarter_diversity_fill,9bb1bb41bfe264de,d9e93d51f01f9aa8,"The evolution and adoption of emerging technologies, such as AI, may intensify cybersecurity risks as techniques used in cyberattacks and cybersecurity incidents continue to evolve and develop.",the evolution and adoption of emerging technologies such as ai may intensify cybersecurity risks as techniques used in cyberattacks and cybersecurity incidents continue to evolve and develop,,,,2024/QTR3/20240819_10-K_edgar_data_1001250_0001001250-24-000116.txt,2024,3,10-K,1001250,4,pilot_2024_10k_v1,52cff13c7ec2dfea,active_2021_2024,27,0.0,[],,12,Other,unknown,long,True,quarter_fill,"The evolution and adoption of emerging technologies, such as AI, may intensify cybersecurity risks as techniques used in cyberattacks and cybersecurity incidents continue to evolve and develop.",4,nan,,item_7_mda,exact,1.0,4,True,
labeling_batch_v1,74a299f2addd5438,20260306,quarter_diversity_fill,b0d0c6c264256cec,4401f87331f51fb7,"We use AI in our business, and challenges with properly managing its use could result in harm to our brands, reputation, business or customers.",we use ai in our business and challenges with properly managing its use could result in harm to our brands reputation business or customers,,,,2024/QTR3/20240820_10-K_edgar_data_1024305_0001024305-24-000035.txt,2024,3,10-K,1024305,2,pilot_2024_10k_v1,c0b990988988c675,active_2021_2024,24,0.0,[],,12,Other,unknown,medium,True,quarter_fill,"We use AI in our business, and challenges with properly managing its use could result in harm to our brands, reputation, business or customers.",2,nan,,item_1a_risk_factors,exact,1.0,2,True,
labeling_batch_v1,7a38c03dfc07c3e5,20260306,quarter_diversity_fill,d33767a76d0572b4,24486867be24df31,"AI algorithms trained with noisy data may create accuracy issues, unintended biases, and discriminatory outcomes that could harm our brand, reputation, business, or customers.",ai algorithms trained with noisy data may create accuracy issues unintended biases and discriminatory outcomes that could harm our brand reputation business or customers,,,,2024/QTR3/20240820_10-K_edgar_data_1024305_0001024305-24-000035.txt,2024,3,10-K,1024305,11,pilot_2024_10k_v1,c0b990988988c675,active_2021_2024,24,0.0,[],,12,Other,unknown,medium,True,quarter_fill,"AI algorithms trained with noisy data may create accuracy issues, unintended biases, and discriminatory outcomes that could harm our brand, reputation, business, or customers.",11,nan,,item_1a_risk_factors,exact,1.0,11,True,
labeling_batch_v1,c613a1446b28f4da,20260306,quarter_diversity_fill,00e8beaa30982b03,2f4f87fe4f23fd9a,,,,,,2024/QTR3/20240820_10-K_edgar_data_106040_0000106040-24-000031.txt,2024,3,10-K,106040,1,pilot_2024_10k_v1,a955d13e93ff5cfc,active_2021_2024,47,0.0,[],,12,Other,unknown,long,False,quarter_fill,"4 Table of Contents The increase in computing complexity and advancements in artificial intelligence AI ), along with growth in cloud computing applications, connected mobile devices and Internet-connected products and edge devices is driving unabated growth in the volume of digital content to be stored and used.",1,nan,,other,unmatched,0.0,1,False,unmatched_noise
labeling_batch_v1,018d846d170a631b,20260306,quarter_diversity_fill,26c16e94dab6c75e,5c80e4060c820f6f,"Our high-performance enterprise class SSD include high-performance flash-based SSD and software solutions that are optimized for performance applications providing a range of capacity and performance levels primarily for use in enterprise servers and supporting high-volume online transactions, AI-related workloads, data analysis and other enterprise applications.",our high performance enterprise class ssd include high performance flash based ssd and software solutions that are optimized for performance applications providing a range of capacity and performance levels primarily for use in enterprise servers and supporting high volume online transactions ai related workloads data analysis and other enterprise applications,,,,2024/QTR3/20240820_10-K_edgar_data_106040_0000106040-24-000031.txt,2024,3,10-K,106040,2,pilot_2024_10k_v1,a955d13e93ff5cfc,active_2021_2024,45,0.0,[],,12,Other,unknown,long,False,quarter_fill,"Our high-performance enterprise class SSD include high-performance flash-based SSD and software solutions that are optimized for performance applications providing a range of capacity and performance levels primarily for use in enterprise servers and supporting high-volume online transactions, AI-related workloads, data analysis and other enterprise applications.",2,nan,,item_1_business,exact,1.0,1,True,
labeling_batch_v1,31d44f1187e75a0e,20260306,quarter_diversity_fill,d6ba7cb74b1d5333,baaf303f164483ae,"Additionally, search engines may incorporate artificial intelligence into their platforms in ways that we cannot predict.",additionally search engines may incorporate artificial intelligence into their platforms in ways that we cannot predict,,,,2024/QTR3/20240821_10-K_edgar_data_1117297_0000950170-24-099495.txt,2024,3,10-K,1117297,5,pilot_2024_10k_v1,d28911aaac7facd2,active_2021_2024,16,0.0,[],,12,Other,unknown,medium,True,quarter_fill,"Additionally, search engines may incorporate artificial intelligence into their platforms in ways that we cannot predict.",5,nan,,item_1_business,exact,1.0,5,True,
labeling_batch_v1,a1239ab60f6c8a18,20260306,quarter_diversity_fill,d2479864edff065e,77bfddf1d62548d1,"AIML also presents emerging ethical issues and if our use of AI becomes controversial, we may experience brand or reputational harm.",aiml also presents emerging ethical issues and if our use of ai becomes controversial we may experience brand or reputational harm,,,,2024/QTR3/20240821_10-K_edgar_data_1117297_0000950170-24-099495.txt,2024,3,10-K,1117297,12,pilot_2024_10k_v1,d28911aaac7facd2,active_2021_2024,21,0.0,[],,12,Other,unknown,medium,True,quarter_fill,"AIML also presents emerging ethical issues and if our use of AI becomes controversial, we may experience brand or reputational harm.",12,nan,,item_1_business,exact,1.0,12,True,
labeling_batch_v1,e746075b5927cd4f,20260306,quarter_diversity_fill,c9841f2ca2fde0d8,4437264cbedc1050,"Developing more advanced AI systems, such as large language models and generative AI, has raised concerns about potential misuse, bias, and the displacement of human workers.",developing more advanced ai systems such as large language models and generative ai has raised concerns about potential misuse bias and the displacement of human workers,,,,2024/QTR3/20240830_10-K_edgar_data_1144879_0001144879-24-000216.txt,2024,3,10-K,1144879,12,pilot_2024_10k_v1,04c47a58d2be810f,active_2021_2024,26,0.0,[],,12,Other,unknown,long,True,quarter_fill,"Developing more advanced AI systems, such as large language models and generative AI, has raised concerns about potential misuse, bias, and the displacement of human workers.",12,nan,,item_1_business,exact,1.0,12,True,
labeling_batch_v1,ac636f4e7987a936,20260306,quarter_diversity_fill,72560b44b4e1838b,e462388d023e9932,"As of May 31, 2024, the fair value of the AI Warrants was million and was recorded in the statement of stockholders' equity.",as of may 31 2024 the fair value of the ai warrants was million and was recorded in the statement of stockholders equity,,,,2024/QTR3/20240830_10-K_edgar_data_1144879_0001144879-24-000216.txt,2024,3,10-K,1144879,60,pilot_2024_10k_v1,04c47a58d2be810f,active_2021_2024,23,0.0,[],,12,Other,unknown,medium,True,quarter_fill,"As of May 31, 2024, the fair value of the AI Warrants was million and was recorded in the statement of stockholders' equity.",60,nan,,item_1a_risk_factors,exact,1.0,57,True,
labeling_batch_v1,21aa1f3d514ee8c1,20260306,quarter_diversity_fill,7f52d7c1fc8f7d9b,b23ca792972b41e7,"The Company's innovative technology uses machine learning to describe how multi-component plant-based medicines have been effective as therapies for thousands of years and, more importantly, to predict new and better possible drug candidates using generative AI.",the company s innovative technology uses machine learning to describe how multi component plant based medicines have been effective as therapies for thousands of years and more importantly to predict new and better possible drug candidates using generative ai,,,,2024/QTR3/20240830_10-K_edgar_data_1165320_0001437749-24-028160.txt,2024,3,10-K,1165320,3,pilot_2024_10k_v1,f59ec81328f3c9f1,active_2021_2024,37,0.0,[],,12,Other,unknown,long,True,quarter_fill,"The Company s innovative technology uses machine learning to describe how multi-component plant-based medicines have been effective as therapies for thousands of years and, more importantly, to predict new and better possible drug candidates using generative AI.",3,nan,,other,exact,1.0,3,True,
labeling_batch_v1,00a5b8e8dea993e7,20260306,quarter_diversity_fill,4b5ad8180e342c2a,cf66f8d2d6d8db37,"PhAROS goes beyond looking at what has worked within plant-based medicines in the past, to predicting the efficacies of entirely new formulations that have not existed anywhere except within the digital world of generative AI.",pharos goes beyond looking at what has worked within plant based medicines in the past to predicting the efficacies of entirely new formulations that have not existed anywhere except within the digital world of generative ai,,,,2024/QTR3/20240830_10-K_edgar_data_1165320_0001437749-24-028160.txt,2024,3,10-K,1165320,4,pilot_2024_10k_v1,f59ec81328f3c9f1,active_2021_2024,35,0.0,[],,12,Other,unknown,long,True,quarter_fill,"PhAROS goes beyond looking at what has worked within plant-based medicines in the past, to predicting the efficacies of entirely new formulations that have not existed anywhere except within the digital world of generative AI.",4,nan,,item_1_business,exact,1.0,4,True,
labeling_batch_v1,bfa9bf530734bc00,20260306,quarter_diversity_fill,4f240e993686d58c,bf88c2cc751ade45,"If the Company is unable to maintain a compelling web presence, including by successfully responding to new technology trends (such as generative artificial intelligence), competitors' websites may be perceived as easier to use or better able to satisfy customer needs.",if the company is unable to maintain a compelling web presence including by successfully responding to new technology trends such as generative artificial intelligence competitors websites may be perceived as easier to use or better able to satisfy customer needs,,,,2024/QTR3/20240906_10-K_edgar_data_1084869_0001437749-24-028591.txt,2024,3,10-K,1084869,1,pilot_2024_10k_v1,32afba83346c986c,active_2021_2024,40,0.0,[],,12,Other,unknown,long,True,quarter_fill,"If the Company is unable to maintain a compelling web presence, including by successfully responding to new technology trends (such as generative artificial intelligence), competitors' websites may be perceived as easier to use or better able to satisfy customer needs.",1,nan,,item_1_business,exact,1.0,1,True,
labeling_batch_v1,1e007d9f47cd35d3,20260306,quarter_diversity_fill,67f7b2e65090c4b5,8156ed2f09901e06,"In addition, our use of generative AI in certain features of our website may present risks and challenges that remain uncertain due to the relative novelty of this technology, and could subject us to competitive harm, regulatory action, legal liability and brand or reputational harm.",in addition our use of generative ai in certain features of our website may present risks and challenges that remain uncertain due to the relative novelty of this technology and could subject us to competitive harm regulatory action legal liability and brand or reputational harm,,,,2024/QTR3/20240906_10-K_edgar_data_1084869_0001437749-24-028591.txt,2024,3,10-K,1084869,2,pilot_2024_10k_v1,32afba83346c986c,active_2021_2024,45,0.0,[],,12,Other,unknown,long,True,quarter_fill,"In addition, our use of generative AI in certain features of our website may present risks and challenges that remain uncertain due to the relative novelty of this technology, and could subject us to competitive harm, regulatory action, legal liability and brand or reputational harm.",2,nan,,item_1_business,exact,1.0,2,True,
labeling_batch_v1,287abcec1af8d277,20260306,quarter_diversity_fill,5b97de0b91208ab5,914f9050df27f9ac,"Hoff served as Vice President of Global Sales at MYTHIC AI, a venture-backed AI processor company, from May 2022 to December 2022.",hoff served as vice president of global sales at mythic ai a venture backed ai processor company from may 2022 to december 2022,,,,2024/QTR3/20240909_10-K_edgar_data_1114925_0001683168-24-006264.txt,2024,3,10-K,1114925,6,pilot_2024_10k_v1,7447df709c7daa40,active_2021_2024,29,0.0,[],,12,Other,unknown,long,True,quarter_fill,"Prior to his appointment at Lantronix, Mr. Hoff served as Vice President of Global Sales at MYTHIC AI, a venture-backed AI processor company, from May 2022 to December 2022.",6,nan,,other,similarity,0.833559,6,True,
labeling_batch_v1,74beb06eeed453a8,20260306,quarter_diversity_fill,9c956c61feaa04c2,40c9e36f4ceeb0bf,"In addition, due to the fast pace and unpredictability of cybersecurity threats, including from emerging technologies, such as advanced forms of machine learning, AI and quantum computing, long-term implementation plans designed to address cybersecurity risks become obsolete quickly and, in some cases, it may be difficult to anticipate or immediately detect such incidents and the damage they cause.",in addition due to the fast pace and unpredictability of cybersecurity threats including from emerging technologies such as advanced forms of machine learning ai and quantum computing long term implementation plans designed to address cybersecurity risks become obsolete quickly and in some cases it may be difficult to anticipate or immediately detect such incidents and the damage they cause,,,,2024/QTR3/20240909_10-K_edgar_data_1114925_0001683168-24-006264.txt,2024,3,10-K,1114925,7,pilot_2024_10k_v1,7447df709c7daa40,active_2021_2024,58,0.0,[],,12,Other,unknown,long,True,quarter_fill,"In addition, due to the fast pace and unpredictability of cybersecurity threats, including from emerging technologies, such as advanced forms of machine learning, AI and quantum computing, long-term implementation plans designed to address cybersecurity risks become obsolete quickly and, in some cases, it may be difficult to anticipate or immediately detect such incidents and the damage they cause.",7,nan,,item_1a_risk_factors,exact,1.0,7,True,
labeling_batch_v1,fedfe3187920d8f2,20260306,quarter_diversity_fill,e54138b6f8feae32,3612c869966c95d5,Contact Centers are a Brand Battleground Contact centers offer significant opportunities to realize the transformation potential of generative AI.,contact centers are a brand battleground contact centers offer significant opportunities to realize the transformation potential of generative ai,,,,2024/QTR3/20240912_10-K_edgar_data_1066194_0001558370-24-012767.txt,2024,3,10-K,1066194,10,pilot_2024_10k_v1,733d3c6d5002903e,active_2021_2024,19,0.0,[],,12,Other,unknown,medium,True,quarter_fill,Contact Centers are a Brand Battleground Contact centers offer significant opportunities to realize the transformation potential of generative AI.,10,nan,,item_1_business,exact,1.0,9,True,
labeling_batch_v1,f56ab734121fb557,20260306,quarter_diversity_fill,87c41ca24d837d19,293be806e19efa23,"Recently, we published a revised edition of this pioneering work with generative AI updates, including relevant AI-powered product info, customer case studies, and best-practices.",recently we published a revised edition of this pioneering work with generative ai updates including relevant ai powered product info customer case studies and best practices,,,,2024/QTR3/20240912_10-K_edgar_data_1066194_0001558370-24-012767.txt,2024,3,10-K,1066194,19,pilot_2024_10k_v1,733d3c6d5002903e,active_2021_2024,24,0.0,[],,12,Other,unknown,medium,True,quarter_fill,"Recently, we published a revised edition of this pioneering work with generative AI updates, including relevant AI-powered product info, customer case studies, and best-practices.",19,nan,,item_1_business,exact,1.0,17,True,
labeling_batch_v1,906c95296df36359,20260306,quarter_diversity_fill,f8eac77624dc6b7e,1516269f680e2948,We are also investing in AI across the entire company and infusing generative AI capabilities into our product and service offerings.,we are also investing in ai across the entire company and infusing generative ai capabilities into our product and service offerings,,,,2024/QTR3/20240912_10-K_edgar_data_1066194_0001558370-24-012767.txt,2024,3,10-K,1066194,21,pilot_2024_10k_v1,733d3c6d5002903e,active_2021_2024,21,0.0,[],,12,Other,unknown,medium,True,quarter_fill,We are also investing in AI across the entire company and infusing generative AI capabilities into our product and service offerings.,21,nan,,item_1a_risk_factors,exact,1.0,19,True,
labeling_batch_v1,7d4c06804162eb57,20260306,quarter_diversity_fill,b270512ed828f24a,685a61fbaebe411f,"These tools provide advanced, AI-powered phishing detection and remediation for all Microsoft 365 email users in the environment.",these tools provide advanced ai powered phishing detection and remediation for all microsoft 365 email users in the environment,,,,2024/QTR3/20240913_10-K_edgar_data_1088413_0001437749-24-029155.txt,2024,3,10-K,1088413,1,pilot_2024_10k_v1,25f52f05edaf5516,active_2021_2024,18,0.0,[],,12,Other,unknown,medium,False,quarter_fill,"These tools provide advanced, AI-powered phishing detection and remediation for all Microsoft 365 email users in the environment.",1,nan,,item_1a_risk_factors,exact,1.0,1,True,
labeling_batch_v1,4044f8fbbe6f29d9,20260306,quarter_diversity_fill,d522fa6678753181,c03489ada9215da1,"CRISPR-IL brings together the leading experts in life science and computer science from academia, medicine, and industry, to develop Artificial Intelligence, or AI, based on end-to-end genome-editing solutions.",crispr il brings together the leading experts in life science and computer science from academia medicine and industry to develop artificial intelligence or ai based on end to end genome editing solutions,,,,2024/QTR3/20240918_10-K_edgar_data_1158780_0001213900-24-079861.txt,2024,3,10-K,1158780,2,pilot_2024_10k_v1,f7556f1f0cc1875a,active_2021_2024,28,0.0,[],,12,Other,unknown,long,False,quarter_fill,"CRISPR-IL brings together the leading experts in life science and computer science from academia, medicine, and industry, to develop Artificial Intelligence, or AI, based on end-to-end genome-editing solutions.",2,nan,,other,exact,1.0,2,True,
labeling_batch_v1,bec69e7585057a2b,20260306,quarter_diversity_fill,cc102f3703f48fb4,99cd8a2b52dbe300,"CRISPR-IL brings together the leading experts in life science and computer science from academia, medicine, and industry, to develop AI based end-to-end genome-editing solutions.",crispr il brings together the leading experts in life science and computer science from academia medicine and industry to develop ai based end to end genome editing solutions,,,,2024/QTR3/20240918_10-K_edgar_data_1158780_0001213900-24-079861.txt,2024,3,10-K,1158780,3,pilot_2024_10k_v1,f7556f1f0cc1875a,active_2021_2024,24,0.0,[],,12,Other,unknown,medium,False,quarter_fill,"CRISPR-IL brings together the leading experts in life science and computer science from academia, medicine, and industry, to develop AI based end-to-end genome-editing solutions.",3,nan,,item_1a_risk_factors,exact,1.0,3,True,
labeling_batch_v1,4c2bb8f7a08aea59,20260306,quarter_diversity_fill,20431c52eb5e2d43,f6bc6a41d8a12141,"Implementation of artificial intelligence and machine learning technologies may result in legal and regulatory risks, reputational harm, or other adverse consequences to our business.",implementation of artificial intelligence and machine learning technologies may result in legal and regulatory risks reputational harm or other adverse consequences to our business,,,,2024/QTR3/20240919_10-K_edgar_data_1138723_0000950170-24-108118.txt,2024,3,10-K,1138723,12,pilot_2024_10k_v1,3bf8c692b9e45df5,active_2021_2024,24,0.0,[],,12,Other,unknown,medium,True,quarter_fill,"Implementation of artificial intelligence and machine learning technologies may result in legal and regulatory risks, reputational harm, or other adverse consequences to our business.",12,nan,,item_1a_risk_factors,exact,1.0,11,True,
labeling_batch_v1,d252ff1c11600e78,20260306,quarter_diversity_fill,4f4b7c1581f7ae94,65051542781cbb0a,"As with many technological innovations, AI presents risks and challenges that could affect its adoption, and therefore our business.",as with many technological innovations ai presents risks and challenges that could affect its adoption and therefore our business,,,,2024/QTR3/20240919_10-K_edgar_data_1138723_0000950170-24-108118.txt,2024,3,10-K,1138723,15,pilot_2024_10k_v1,3bf8c692b9e45df5,active_2021_2024,19,0.0,[],,12,Other,unknown,medium,True,quarter_fill,"As with many technological innovations, AI presents risks and challenges that could affect its adoption, and therefore our business.",15,nan,,item_1a_risk_factors,exact,1.0,14,True,
labeling_batch_v1,b58a2e6fd93f7613,20260306,quarter_diversity_fill,c6bf3ba766590acb,70c8d84df2ae1f93,Use of AI technologies may expose us to an increased risk of regulatory enforcement and litigation.,use of ai technologies may expose us to an increased risk of regulatory enforcement and litigation,,,,2024/QTR3/20240919_10-K_edgar_data_1138723_0000950170-24-108118.txt,2024,3,10-K,1138723,19,pilot_2024_10k_v1,3bf8c692b9e45df5,active_2021_2024,16,0.0,[],,12,Other,unknown,medium,True,quarter_fill,Use of AI technologies may expose us to an increased risk of regulatory enforcement and litigation.,19,nan,,item_1a_risk_factors,exact,1.0,18,True,
labeling_batch_v1,3529591ea2a0bbbc,20260306,quarter_diversity_fill,664ac1c908e0538b,f1809dae49b0d170,Conduct data analysis and AI required to build the disease detection compound libraries suitable for use with the AMMST.,conduct data analysis and ai required to build the disease detection compound libraries suitable for use with the ammst,,,,2024/QTR3/20240920_10-K_edgar_data_1001907_0001437749-24-029650.txt,2024,3,10-K,1001907,1,pilot_2024_10k_v1,93c65f943f3a8d4b,active_2021_2024,19,0.0,[],,12,Other,unknown,medium,False,quarter_fill,Conduct data analysis and AI required to build the disease detection compound libraries suitable for use with the AMMST.,1,nan,,item_1a_risk_factors,exact,1.0,1,True,
labeling_batch_v1,fae387ca12ccb00f,20260306,quarter_diversity_fill,fba9975d12491d64,f95c90b2a160312a,"Because of greater resources, some of our competitors may be able to adapt more quickly to new or emerging technologies, including artificial intelligence, and changes in customer requirements, to devote greater resources to the promotion and sale of their products than we can or lobby for governmental regulations and policies to create competitive advantages vis- -vis our products.",because of greater resources some of our competitors may be able to adapt more quickly to new or emerging technologies including artificial intelligence and changes in customer requirements to devote greater resources to the promotion and sale of their products than we can or lobby for governmental regulations and policies to create competitive advantages vis vis our products,,,,2024/QTR3/20240927_10-K_edgar_data_1009759_0001558370-24-013052.txt,2024,3,10-K,1009759,3,pilot_2024_10k_v1,0d6f15a21184a7f7,active_2021_2024,58,0.0,[],,12,Other,unknown,long,True,quarter_fill,"Because of greater resources, some of our competitors may be able to adapt more quickly to new or emerging technologies, including artificial intelligence, and changes in customer requirements, to devote greater resources to the promotion and sale of their products than we can or lobby for governmental regulations and policies to create competitive advantages vis- -vis our products.",3,nan,,item_1a_risk_factors,exact,1.0,3,True,
labeling_batch_v1,294111bdc978a5b3,20260306,quarter_diversity_fill,c862649e9b77fa21,fa7b75e8471d2cd0,"Cyber-attacks are increasingly common and sophisticated, including through use of developing technologies such as artificial intelligence to identify and exploit weaknesses in business security systems, and we cannot guarantee such attacks will not materially impact our business in the future.",cyber attacks are increasingly common and sophisticated including through use of developing technologies such as artificial intelligence to identify and exploit weaknesses in business security systems and we cannot guarantee such attacks will not materially impact our business in the future,,,,2024/QTR3/20240927_10-K_edgar_data_1067294_0001558370-24-013061.txt,2024,3,10-K,1067294,1,pilot_2024_10k_v1,4431eafaba4860ee,active_2021_2024,40,0.0,[],,12,Other,unknown,long,True,quarter_fill,"Cyber-attacks are increasingly common and sophisticated, including through use of developing technologies such as artificial intelligence to identify and exploit weaknesses in business security systems, and we cannot guarantee such attacks will not materially impact our business in the future.",1,nan,,item_1a_risk_factors,exact,1.0,1,True,
labeling_batch_v1,a928348797a55919,20260306,quarter_diversity_fill,ef317e2dd6ee95a3,4d0e8ae19df6dfd7,"AI, ML and Data Analytics NETSOL leverages the power of artificial intelligence (AI), machine learning (MI) and data analytics, transforming data into actionable insights, assisting organizations in making smarter decisions, predicting future trends, automating tedious tasks and customizing the user experience.",ai ml and data analytics netsol leverages the power of artificial intelligence ai machine learning mi and data analytics transforming data into actionable insights assisting organizations in making smarter decisions predicting future trends automating tedious tasks and customizing the user experience,,,,2024/QTR3/20240930_10-K_edgar_data_1039280_0001493152-24-038751.txt,2024,3,10-K,1039280,3,pilot_2024_10k_v1,cadaaf958744147b,active_2021_2024,41,0.0,[],,12,Other,unknown,long,True,quarter_fill,"AI, ML and Data Analytics NETSOL leverages the power of artificial intelligence (AI), machine learning (MI) and data analytics, transforming data into actionable insights, assisting organizations in making smarter decisions, predicting future trends, automating tedious tasks and customizing the user experience.",3,nan,,other,exact,1.0,3,True,
labeling_batch_v1,6744ed920df1f2bd,20260306,quarter_diversity_fill,080d8e630f672dba,d72a3d3c0bff138f,"At NETSOL, we specialize in harnessing the transformative power of Generative AI to drive innovative solutions and powerful outcomes for businesses.",at netsol we specialize in harnessing the transformative power of generative ai to drive innovative solutions and powerful outcomes for businesses,,,,2024/QTR3/20240930_10-K_edgar_data_1039280_0001493152-24-038751.txt,2024,3,10-K,1039280,4,pilot_2024_10k_v1,cadaaf958744147b,active_2021_2024,23,0.0,[],,12,Other,unknown,medium,True,quarter_fill,"Generative AI At NETSOL, we specialize in harnessing the transformative power of Generative AI to drive innovative solutions and powerful outcomes for businesses.",4,nan,,other,exact,1.0,4,True,
labeling_batch_v1,bf3125d8212cf786,20260306,quarter_diversity_fill,f2cdcbd529f98499,0c27cb1c7c372703,"IoTT World Inc. will manage the data platform for all sports resulting from the recently signed a joint venture agreement with the cross-Ing, an artificial intelligence (AI) company, as described below at page 2.",iott world inc will manage the data platform for all sports resulting from the recently signed a joint venture agreement with the cross ing an artificial intelligence ai company as described below at page 2,,,,2024/QTR4/20241011_10-K_edgar_data_1121795_0001079973-24-001394.txt,2024,4,10-K,1121795,1,pilot_2024_10k_v1,65291d1f148bf7ec,active_2021_2024,34,0.0,[],,12,Other,unknown,long,False,quarter_fill,"IoTT World Inc. will manage the data platform for all sports resulting from the recently signed a joint venture agreement with the cross-Ing, an artificial intelligence (AI) company, as described below at page 2.",1,nan,,other,exact,1.0,1,True,
labeling_batch_v1,05bc0110ab115d6a,20260306,quarter_diversity_fill,3d6747b83d2de7be,a310fdf756b89c0b,"In connection with our development efforts for the Smart Shin Guard, on September 23, 2023, we entered into a joint venture agreement with cross-ING, an AI development company, which contemplates further development of the Smart Shin Guard for soccer and for other sports, with a particular view to developing software for the smart phone application and expanding the products use to other sports in addition to soccer.",in connection with our development efforts for the smart shin guard on september 23 2023 we entered into a joint venture agreement with cross ing an ai development company which contemplates further development of the smart shin guard for soccer and for other sports with a particular view to developing software for the smart phone application and expanding the products use to other sports in addition to soccer,,,,2024/QTR4/20241011_10-K_edgar_data_1121795_0001079973-24-001394.txt,2024,4,10-K,1121795,2,pilot_2024_10k_v1,65291d1f148bf7ec,active_2021_2024,67,0.0,[],,12,Other,unknown,long,False,quarter_fill,"In connection with our development efforts for the Smart Shin Guard, on September 23, 2023, we entered into a joint venture agreement with cross-ING, an AI development company, which contemplates further development of the Smart Shin Guard for soccer and for other sports, with a particular view to developing software for the smart phone application and expanding the products use to other sports in addition to soccer.",2,nan,,other,exact,1.0,2,True,
labeling_batch_v1,85b48e60981175e7,20260306,quarter_diversity_fill,b39bae1a80bcaf0b,2809c4b05b89be0a,"IoTT, which is an acronym for Internet of Things Tech, is our wholly-owned subsidiary which, with the signing of the joint venture agreement with the AI company cross-Ing, is planning to provide a series of data platforms for all sports programmed in the joint venture agreement, and no longer just a platform for our SSGs related to soccer.",iott which is an acronym for internet of things tech is our wholly owned subsidiary which with the signing of the joint venture agreement with the ai company cross ing is planning to provide a series of data platforms for all sports programmed in the joint venture agreement and no longer just a platform for our ssgs related to soccer,,,,2024/QTR4/20241011_10-K_edgar_data_1121795_0001079973-24-001394.txt,2024,4,10-K,1121795,3,pilot_2024_10k_v1,65291d1f148bf7ec,active_2021_2024,62,0.0,[],,12,Other,unknown,long,False,quarter_fill,"3 IoTT World, Inc. IoTT, which is an acronym for Internet of Things Tech, is our wholly-owned subsidiary which, with the signing of the joint venture agreement with the AI company cross-Ing, is planning to provide a series of data platforms for all sports programmed in the joint venture agreement, and no longer just a platform for our SSGs related to soccer.",3,nan,,other,similarity,0.96639,3,True,
labeling_batch_v1,de38be7dfa393948,20260306,quarter_diversity_fill,a2f62c550256c64e,7cae86e56354e532,"BOSS Money's growth strategy includes: Expansion of our international payout network with a focus on certain popular destinations in Africa and Asia; Expansion of origination beyond the United States and Canada to the United Kingdom and, potentially over the longer term, to European countries with large immigrant populations; Continued migration of our BOSS Revolution and IDT Digital Payments customers from competitors to BOSS Money; Further enhancement to our BOSS Money app, BOSS Revolution app and retailer portal; Increasing the number of BOSS Money retail agents; and Addition of new features and offerings. net2phone net2phone's revenues were 82.3 million in fiscal 2024 compared to 72.4 million in fiscal 2023. net2phone's income from operations was 1.7 million in fiscal 2024 compared to loss from operations of 2.8 million in fiscal 2023. net2phone enables its customers to transform their communications by leveraging its cloud platform to provide solutions that enable more intelligent, flexible and adaptive communications. net2phone operates in the United States, Canada, Mexico, Central and South America and Spain. net2phone's offerings include: Unified Communications as a Service (UCaaS): net2phone's Unite branded UCaaS service utilizes its cloud platform to provide conversational continuity across channels from any connected device tethered or mobile and to measure, manage and analyze those communications for enhanced insight and productivity. net2phone provides its UCaaS customers that convert from on-premise PBXs with advanced Internet Protocol, or IP, desktop phones and/or with a bring-your-own-device solution accessed through its integrated web portal and through net2phone's mobile app. net2phone's UCaaS service includes multi-channel communications with voice management features, unlimited domestic and international calling to over 40 countries, robust messaging and chat tools, voicemail to email transcription, client analytics, AI-powered functionalities including instant call summaries and transcripts, internal team chat, the net2phone Huddle video conferencing service, and reporting and system management capabilities accessed through its online console. net2phone's UCaaS service integrates seamlessly with business communication platforms (such as Microsoft Teams and Slack), leading customer relationship management, or CRM, services (such as SalesForce, Zoho and others) and text-based communications platforms. net2phone adds features, enhancements and integrations on a regular basis leveraging its agile development philosophy.",boss money s growth strategy includes expansion of our international payout network with a focus on certain popular destinations in africa and asia expansion of origination beyond the united states and canada to the united kingdom and potentially over the longer term to european countries with large immigrant populations continued migration of our boss revolution and idt digital payments customers from competitors to boss money further enhancement to our boss money app boss revolution app and retailer portal increasing the number of boss money retail agents and addition of new features and offerings net2phone net2phone s revenues were 82 3 million in fiscal 2024 compared to 72 4 million in fiscal 2023 net2phone s income from operations was 1 7 million in fiscal 2024 compared to loss from operations of 2 8 million in fiscal 2023 net2phone enables its customers to transform their communications by leveraging its cloud platform to provide solutions that enable more intelligent flexible and adaptive communications net2phone operates in the united states canada mexico central and south america and spain net2phone s offerings include unified communications as a service ucaas net2phone s unite branded ucaas service utilizes its cloud platform to provide conversational continuity across channels from any connected device tethered or mobile and to measure manage and analyze those communications for enhanced insight and productivity net2phone provides its ucaas customers that convert from on premise pbxs with advanced internet protocol or ip desktop phones and or with a bring your own device solution accessed through its integrated web portal and through net2phone s mobile app net2phone s ucaas service includes multi channel communications with voice management features unlimited domestic and international calling to over 40 countries robust messaging and chat tools voicemail to email transcription client analytics ai powered functionalities including instant call summaries and transcripts internal team chat the net2phone huddle video conferencing service and reporting and system management capabilities accessed through its online console net2phone s ucaas service integrates seamlessly with business communication platforms such as microsoft teams and slack leading customer relationship management or crm services such as salesforce zoho and others and text based communications platforms net2phone adds features enhancements and integrations on a regular basis leveraging its agile development philosophy,,,,2024/QTR4/20241015_10-K_edgar_data_1005731_0001493152-24-041147.txt,2024,4,10-K,1005731,1,pilot_2024_10k_v1,4754e8806e93c722,active_2021_2024,59,0.0,[],,12,Other,unknown,long,False,quarter_fill,"Net2phone s UCaaS service includes multi-channel communications with voice management features, unlimited domestic and international calling to over 40 countries, robust messaging and chat tools, voicemail to email transcription, client analytics, AI-powered functionalities including instant call summaries and transcripts, internal team chat, the net2phone Huddle video conferencing service, and reporting and system management capabilities accessed through its online console.",1,nan,,item_1_business,rescued_similarity,0.286797,1,True,
labeling_batch_v1,a6d17d220588733f,20260306,quarter_diversity_fill,12979cd488809993,3b8919c29cc95f81,"BOSS Money's growth strategy includes: Expansion of our international payout network with a focus on certain popular destinations in Africa and Asia; Expansion of origination beyond the United States and Canada to the United Kingdom and, potentially over the longer term, to European countries with large immigrant populations; Continued migration of our BOSS Revolution and IDT Digital Payments customers from competitors to BOSS Money; Further enhancement to our BOSS Money app, BOSS Revolution app and retailer portal; Increasing the number of BOSS Money retail agents; and Addition of new features and offerings. net2phone net2phone's revenues were 82.3 million in fiscal 2024 compared to 72.4 million in fiscal 2023. net2phone's income from operations was 1.7 million in fiscal 2024 compared to loss from operations of 2.8 million in fiscal 2023. net2phone enables its customers to transform their communications by leveraging its cloud platform to provide solutions that enable more intelligent, flexible and adaptive communications. net2phone operates in the United States, Canada, Mexico, Central and South America and Spain. net2phone's offerings include: Unified Communications as a Service (UCaaS): net2phone's Unite branded UCaaS service utilizes its cloud platform to provide conversational continuity across channels from any connected device tethered or mobile and to measure, manage and analyze those communications for enhanced insight and productivity. net2phone provides its UCaaS customers that convert from on-premise PBXs with advanced Internet Protocol, or IP, desktop phones and/or with a bring-your-own-device solution accessed through its integrated web portal and through net2phone's mobile app. net2phone's UCaaS service includes multi-channel communications with voice management features, unlimited domestic and international calling to over 40 countries, robust messaging and chat tools, voicemail to email transcription, client analytics, AI-powered functionalities including instant call summaries and transcripts, internal team chat, the net2phone Huddle video conferencing service, and reporting and system management capabilities accessed through its online console. net2phone's UCaaS service integrates seamlessly with business communication platforms (such as Microsoft Teams and Slack), leading customer relationship management, or CRM, services (such as SalesForce, Zoho and others) and text-based communications platforms. net2phone adds features, enhancements and integrations on a regular basis leveraging its agile development philosophy.",boss money s growth strategy includes expansion of our international payout network with a focus on certain popular destinations in africa and asia expansion of origination beyond the united states and canada to the united kingdom and potentially over the longer term to european countries with large immigrant populations continued migration of our boss revolution and idt digital payments customers from competitors to boss money further enhancement to our boss money app boss revolution app and retailer portal increasing the number of boss money retail agents and addition of new features and offerings net2phone net2phone s revenues were 82 3 million in fiscal 2024 compared to 72 4 million in fiscal 2023 net2phone s income from operations was 1 7 million in fiscal 2024 compared to loss from operations of 2 8 million in fiscal 2023 net2phone enables its customers to transform their communications by leveraging its cloud platform to provide solutions that enable more intelligent flexible and adaptive communications net2phone operates in the united states canada mexico central and south america and spain net2phone s offerings include unified communications as a service ucaas net2phone s unite branded ucaas service utilizes its cloud platform to provide conversational continuity across channels from any connected device tethered or mobile and to measure manage and analyze those communications for enhanced insight and productivity net2phone provides its ucaas customers that convert from on premise pbxs with advanced internet protocol or ip desktop phones and or with a bring your own device solution accessed through its integrated web portal and through net2phone s mobile app net2phone s ucaas service includes multi channel communications with voice management features unlimited domestic and international calling to over 40 countries robust messaging and chat tools voicemail to email transcription client analytics ai powered functionalities including instant call summaries and transcripts internal team chat the net2phone huddle video conferencing service and reporting and system management capabilities accessed through its online console net2phone s ucaas service integrates seamlessly with business communication platforms such as microsoft teams and slack leading customer relationship management or crm services such as salesforce zoho and others and text based communications platforms net2phone adds features enhancements and integrations on a regular basis leveraging its agile development philosophy,,,,2024/QTR4/20241015_10-K_edgar_data_1005731_0001493152-24-041147.txt,2024,4,10-K,1005731,3,pilot_2024_10k_v1,4754e8806e93c722,active_2021_2024,18,0.0,[],,12,Other,unknown,medium,False,quarter_fill,"Net2phone AI was initially introduced on net2phone s platform in 2024, including instant call transcription and summarization features.",3,nan,,item_1_business,rescued_similarity,0.037908,1,True,
labeling_batch_v1,d869708a2ea32183,20260306,quarter_diversity_fill,c870ee88e66617a1,4d0480237edbb4e8,"The proliferation of AI, mobile devices and social media is driving change in contact center technology, as customers expect seamless communication across any channel according to their preference and needs. net2phone competes with large legacy vendors that offer on-premise contact center systems, such as Avaya and Cisco.",the proliferation of ai mobile devices and social media is driving change in contact center technology as customers expect seamless communication across any channel according to their preference and needs net2phone competes with large legacy vendors that offer on premise contact center systems such as avaya and cisco,,,,2024/QTR4/20241015_10-K_edgar_data_1005731_0001493152-24-041147.txt,2024,4,10-K,1005731,5,pilot_2024_10k_v1,4754e8806e93c722,active_2021_2024,30,0.0,[],,12,Other,unknown,long,True,quarter_fill,"The proliferation of AI, mobile devices and social media is driving change in contact center technology, as customers expect seamless communication across any channel according to their preference and needs.",5,nan,,item_1_business,similarity,0.733373,4,True,
labeling_batch_v1,fa8cc57b62577ea6,20260306,quarter_diversity_fill,03957beda3c9ac86,5da576a4c68ac8e5,"We use, and may continue to expand our use of, machine learning and artificial intelligence technologies to deliver our services and operate our business.",we use and may continue to expand our use of machine learning and artificial intelligence technologies to deliver our services and operate our business,,,,2024/QTR4/20241017_10-K_edgar_data_1281845_0001493152-24-041450.txt,2024,4,10-K,1281845,1,pilot_2024_10k_v1,546989de8c1f03d3,active_2021_2024,24,0.0,[],,12,Other,unknown,medium,True,quarter_fill,"We use, and may continue to expand our use of, machine learning and artificial intelligence technologies to deliver our services and operate our business.",1,nan,,item_1a_risk_factors,exact,1.0,1,True,
labeling_batch_v1,e225415201321bc0,20260306,quarter_diversity_fill,1a36e3f27feadcae,47ed1241480711eb,"If we fail to successfully integrate artificial intelligence AI technologies into our platform and business processes, or if we fail to keep pace with rapidly evolving AI technological developments, including attracting and retaining talented AI developers and programmers, we may face a competitive disadvantage.",if we fail to successfully integrate artificial intelligence ai technologies into our platform and business processes or if we fail to keep pace with rapidly evolving ai technological developments including attracting and retaining talented ai developers and programmers we may face a competitive disadvantage,,,,2024/QTR4/20241017_10-K_edgar_data_1281845_0001493152-24-041450.txt,2024,4,10-K,1281845,2,pilot_2024_10k_v1,546989de8c1f03d3,active_2021_2024,44,0.0,[],,12,Other,unknown,long,True,quarter_fill,"If we fail to successfully integrate artificial intelligence AI technologies into our platform and business processes, or if we fail to keep pace with rapidly evolving AI technological developments, including attracting and retaining talented AI developers and programmers, we may face a competitive disadvantage.",2,nan,,item_1a_risk_factors,exact,1.0,2,True,
labeling_batch_v1,68f66c20583974c9,20260306,quarter_diversity_fill,6b546f14272a285e,9ce337bf474cacdb,"At the same time, the use or offering of AI technologies may result in new or expanded risks and liabilities, including enhanced government or regulatory scrutiny, litigation, compliance issues, ethical concerns, confidentiality, reputational harm, and security risks.",at the same time the use or offering of ai technologies may result in new or expanded risks and liabilities including enhanced government or regulatory scrutiny litigation compliance issues ethical concerns confidentiality reputational harm and security risks,,,,2024/QTR4/20241017_10-K_edgar_data_1281845_0001493152-24-041450.txt,2024,4,10-K,1281845,3,pilot_2024_10k_v1,546989de8c1f03d3,active_2021_2024,37,0.0,[],,12,Other,unknown,long,True,quarter_fill,"At the same time, the use or offering of AI technologies may result in new or expanded risks and liabilities, including enhanced government or regulatory scrutiny, litigation, compliance issues, ethical concerns, confidentiality, reputational harm, and security risks.",3,nan,,item_1a_risk_factors,exact,1.0,3,True,
labeling_batch_v1,70c36da6519df66f,20260306,quarter_diversity_fill,fc1dfa2f5d88c82d,b619ce19c7257228,"Further, market demand and acceptance of AI technologies are uncertain, and we may be unsuccessful in efforts to further incorporate AI into our processes.",further market demand and acceptance of ai technologies are uncertain and we may be unsuccessful in efforts to further incorporate ai into our processes,,,,2024/QTR4/20241017_10-K_edgar_data_1281845_0001493152-24-041450.txt,2024,4,10-K,1281845,6,pilot_2024_10k_v1,546989de8c1f03d3,active_2021_2024,24,0.0,[],,12,Other,unknown,medium,True,quarter_fill,"Further, market demand and acceptance of AI technologies are uncertain, and we may be unsuccessful in efforts to further incorporate AI into our processes.",6,nan,,item_1a_risk_factors,exact,1.0,6,True,
labeling_batch_v1,74d1445e01c67f62,20260306,quarter_diversity_fill,5a4d93d3444fc72a,d77316245e8843cb,"MSC has built an extensive customer database, which we harness via both human and artificial intelligence to target our marketing to the best prospects.",msc has built an extensive customer database which we harness via both human and artificial intelligence to target our marketing to the best prospects,,,,2024/QTR4/20241024_10-K_edgar_data_1003078_0001003078-24-000107.txt,2024,4,10-K,1003078,1,pilot_2024_10k_v1,fbeab4129c304004,active_2021_2024,24,0.0,[],,12,Other,unknown,medium,False,quarter_fill,"MSC has built an extensive customer database, which we harness via both human and artificial intelligence to target our marketing to the best prospects.",1,nan,,item_1_business,exact,1.0,1,True,
labeling_batch_v1,9bc0132047e5932a,20260306,quarter_diversity_fill,e76d9a50ad104e61,b4b9c16da403fa25,We believe our strategic alignment with leading vendors in this space will position MSC well for a future where AI technology will be integrated into many aspects of MSC's business.,we believe our strategic alignment with leading vendors in this space will position msc well for a future where ai technology will be integrated into many aspects of msc s business,,,,2024/QTR4/20241024_10-K_edgar_data_1003078_0001003078-24-000107.txt,2024,4,10-K,1003078,4,pilot_2024_10k_v1,fbeab4129c304004,active_2021_2024,31,0.0,[],,12,Other,unknown,long,True,quarter_fill,We believe our strategic alignment with leading vendors in this space will position MSC well for a future where AI technology will be integrated into many aspects of MSC s business.,4,nan,,other,exact,1.0,4,True,
labeling_batch_v1,6e0be07c32163d02,20260306,quarter_diversity_fill,564fbf7dbdfebfae,9cf23fbb2b0b35a5,"As we continue to leverage, secure, and pilot the use of AI-driven technologies, we have increased and expect to continue to increase our investments in such technologies.",as we continue to leverage secure and pilot the use of ai driven technologies we have increased and expect to continue to increase our investments in such technologies,,,,2024/QTR4/20241024_10-K_edgar_data_1003078_0001003078-24-000107.txt,2024,4,10-K,1003078,6,pilot_2024_10k_v1,fbeab4129c304004,active_2021_2024,27,0.0,[],,12,Other,unknown,long,True,quarter_fill,"As we continue to leverage, secure, and pilot the use of AI-driven technologies, we have increased and expect to continue to increase our investments in such technologies.",6,nan,,item_1a_risk_factors,exact,1.0,6,True,
labeling_batch_v1,17672cb9f90e7c7e,20260306,quarter_diversity_fill,bfa7af8c919cb616,31ea826a1743cc34,"We have begun to incorporate artificial intelligence capabilities in our product offerings and operations, and challenges with properly managing the use of artificial intelligence and machine learning could result in reputational harm, competitive harm, and legal liability, and adversely affect our results of operations, financial condition, and/or cash flows.",we have begun to incorporate artificial intelligence capabilities in our product offerings and operations and challenges with properly managing the use of artificial intelligence and machine learning could result in reputational harm competitive harm and legal liability and adversely affect our results of operations financial condition and or cash flows,,,,2024/QTR4/20241028_10-K_edgar_data_1144215_0001144215-24-000085.txt,2024,4,10-K,1144215,2,pilot_2024_10k_v1,0eecf6ab3bcd7648,active_2021_2024,49,0.0,[],,12,Other,unknown,long,True,quarter_fill,"We have begun to incorporate artificial intelligence capabilities in our product offerings and operations, and challenges with properly managing the use of artificial intelligence and machine learning could result in reputational harm, competitive harm, and legal liability, and adversely affect our results of operations, financial condition, and/or cash flows.",2,nan,,item_1a_risk_factors,exact,1.0,2,True,
labeling_batch_v1,708f6d02b93180a7,20260306,quarter_diversity_fill,144f8ad662f13faa,3ed5299622612197,"Additionally, if the content, analyses, or recommendations that AI applications assist in producing are or are alleged to be deficient, inaccurate, or biased, we could be subject to competitive risks, potential legal liability, and reputational harm, and our business, financial condition, and results of operations may be adversely affected.",additionally if the content analyses or recommendations that ai applications assist in producing are or are alleged to be deficient inaccurate or biased we could be subject to competitive risks potential legal liability and reputational harm and our business financial condition and results of operations may be adversely affected,,,,2024/QTR4/20241028_10-K_edgar_data_1144215_0001144215-24-000085.txt,2024,4,10-K,1144215,5,pilot_2024_10k_v1,0eecf6ab3bcd7648,active_2021_2024,49,0.0,[],,12,Other,unknown,long,True,quarter_fill,"Additionally, if the content, analyses, or recommendations that AI applications assist in producing are or are alleged to be deficient, inaccurate, or biased, we could be subject to competitive risks, potential legal liability, and reputational harm, and our business, financial condition, and results of operations may be adversely affected.",5,nan,,item_1a_risk_factors,exact,1.0,5,True,
labeling_batch_v1,d8007d443464fe5c,20260306,quarter_diversity_fill,633ca5847161ca12,fcccc27bb3c3a50c,Any such cybersecurity incidents related to our use of AI capabilities could adversely affect our business.,any such cybersecurity incidents related to our use of ai capabilities could adversely affect our business,,,,2024/QTR4/20241028_10-K_edgar_data_1144215_0001144215-24-000085.txt,2024,4,10-K,1144215,7,pilot_2024_10k_v1,0eecf6ab3bcd7648,active_2021_2024,16,0.0,[],,12,Other,unknown,medium,True,quarter_fill,Any such cybersecurity incidents related to our use of AI capabilities could adversely affect our business.,7,nan,,item_1a_risk_factors,exact,1.0,7,True,
labeling_batch_v1,16259216fa2cd2e2,20260306,quarter_diversity_fill,aff3da94f05eb470,80c60ed19914383b,"If we fail to keep pace with rapidly evolving AI technological developments, our competitive position and business results may be negatively impacted.",if we fail to keep pace with rapidly evolving ai technological developments our competitive position and business results may be negatively impacted,,,,2024/QTR4/20241029_10-K_edgar_data_1013237_0001013237-24-000141.txt,2024,4,10-K,1013237,10,pilot_2024_10k_v1,36298c1b4d759aac,active_2021_2024,22,0.0,[],,12,Other,unknown,medium,True,quarter_fill,"If we fail to keep pace with rapidly evolving AI technological developments, our competitive position and business results may be negatively impacted.",10,nan,,item_7_mda,exact,1.0,10,True,
labeling_batch_v1,9fa78924d46ee6cb,20260306,quarter_diversity_fill,bdc16a75cd98794c,0d3976cd9050c32d,"In addition, third parties may be able to use AI to create technology that could reduce demand for our products and services.",in addition third parties may be able to use ai to create technology that could reduce demand for our products and services,,,,2024/QTR4/20241029_10-K_edgar_data_1013237_0001013237-24-000141.txt,2024,4,10-K,1013237,13,pilot_2024_10k_v1,36298c1b4d759aac,active_2021_2024,22,0.0,[],,12,Other,unknown,medium,True,quarter_fill,"In addition, third parties may be able to use AI to create technology that could reduce demand for our products and services.",13,nan,,item_7_mda,exact,1.0,13,True,
labeling_batch_v1,38493deb18f4e330,20260306,quarter_diversity_fill,36aefc3edf3bb200,fc71ec213f3bf872,Use of AI technologies may also increase risks related to cyberattacks or other security incidents or result in a failure to protect confidential information.,use of ai technologies may also increase risks related to cyberattacks or other security incidents or result in a failure to protect confidential information,,,,2024/QTR4/20241029_10-K_edgar_data_1013237_0001013237-24-000141.txt,2024,4,10-K,1013237,17,pilot_2024_10k_v1,36298c1b4d759aac,active_2021_2024,24,0.0,[],,12,Other,unknown,medium,True,quarter_fill,Use of AI technologies may also increase risks related to cyberattacks or other security incidents or result in a failure to protect confidential information.,17,nan,,item_7_mda,exact,1.0,17,True,
labeling_batch_v1,313b596367136daf,20260306,quarter_diversity_fill,d965e2352c30b586,094ea0f31264ec33,"We are a premier developer of modeling and simulation software for drug discovery and development, including the prediction of properties of molecules utilizing both artificial intelligence AI and machine-learning technologies.",we are a premier developer of modeling and simulation software for drug discovery and development including the prediction of properties of molecules utilizing both artificial intelligence ai and machine learning technologies,,,,2024/QTR4/20241030_10-K_edgar_data_1023459_0001023459-24-000136.txt,2024,4,10-K,1023459,1,pilot_2024_10k_v1,335ed4296e949b42,active_2021_2024,30,0.0,[],,12,Other,unknown,long,False,quarter_fill,"We are a premier developer of modeling and simulation software for drug discovery and development, including the prediction of properties of molecules utilizing both artificial intelligence AI and machine-learning technologies.",1,nan,,item_1_business,exact,1.0,1,True,
labeling_batch_v1,2a54c025562c6063,20260306,quarter_diversity_fill,d5a9265796043ac6,ac2172730de5332c,"We currently offer software products for pharmaceutical research, development, and commercialization, as follows: Three simulation products that provide time-dependent results based on solving large sets of mechanistic differential equations: GastroPlus DDDPlus MembranePlus Two products that predict and analyze static properties of chemicals utilizing both AI and machine-learning technologies: ADMET Predictor MedChem Designer Seven products that are based on mechanistic, mathematical models and differential equations: DILIsym NAFLDsym ILDsym IPFsym RENAsym MITOsym OBESITYsym One product designed for modeling and simulation that allows for population analyses, rapid clinical trial data analyses, and regulatory submissions: MonolixSuite (the combination of Monolix , PKanalix , and Simulx).",we currently offer software products for pharmaceutical research development and commercialization as follows three simulation products that provide time dependent results based on solving large sets of mechanistic differential equations gastroplus dddplus membraneplus two products that predict and analyze static properties of chemicals utilizing both ai and machine learning technologies admet predictor medchem designer seven products that are based on mechanistic mathematical models and differential equations dilisym nafldsym ildsym ipfsym renasym mitosym obesitysym one product designed for modeling and simulation that allows for population analyses rapid clinical trial data analyses and regulatory submissions monolixsuite the combination of monolix pkanalix and simulx,,,,2024/QTR4/20241030_10-K_edgar_data_1023459_0001023459-24-000136.txt,2024,4,10-K,1023459,2,pilot_2024_10k_v1,335ed4296e949b42,active_2021_2024,104,0.0,[],,12,Other,unknown,long,False,quarter_fill,"SOFTWARE General We currently offer software products for pharmaceutical research, development, and commercialization, as follows: Three simulation products that provide time-dependent results based on solving large sets of mechanistic differential equations: GastroPlus DDDPlus MembranePlus Two products that predict and analyze static properties of chemicals utilizing both AI and machine-learning technologies: ADMET Predictor MedChem Designer Seven products that are based on mechanistic, mathematical models and differential equations: DILIsym NAFLDsym ILDsym IPFsym RENAsym MITOsym OBESITYsym One product designed for modeling and simulation that allows for population analyses, rapid clinical trial data analyses, and regulatory submissions: MonolixSuite (the combination of Monolix , PKanalix , and Simulx ).",2,nan,,other,exact,1.0,2,True,
labeling_batch_v1,45bb9ac08a7a4c42,20260306,quarter_diversity_fill,d7230c465daaae8f,9d4ceba89835e992,"This resulted in a completely redesigned, intuitive, and flexible platform which incorporated the proven top-rated science, advanced models, refined algorithms, and integrated machine learning ML technology that has been validated over 26 years.",this resulted in a completely redesigned intuitive and flexible platform which incorporated the proven top rated science advanced models refined algorithms and integrated machine learning ml technology that has been validated over 26 years,,,,2024/QTR4/20241030_10-K_edgar_data_1023459_0001023459-24-000136.txt,2024,4,10-K,1023459,3,pilot_2024_10k_v1,335ed4296e949b42,active_2021_2024,33,0.0,[],,12,Other,unknown,long,False,quarter_fill,"This resulted in a completely redesigned, intuitive, and flexible platform which incorporated the proven top-rated science, advanced models, refined algorithms, and integrated machine learning ML technology that has been validated over 26 years.",3,nan,,item_1_business,exact,1.0,3,True,
labeling_batch_v1,6df10678e6e1e0fd,20260306,quarter_diversity_fill,743bea01efb4d041,cfea235b632e694d,"Additionally, the rapid evolution of artificial intelligence and integration of machine learning technologies into our internal systems may intensify our cybersecurity risks and create new risks to our business, operations, and financial condition.",additionally the rapid evolution of artificial intelligence and integration of machine learning technologies into our internal systems may intensify our cybersecurity risks and create new risks to our business operations and financial condition,,,,2024/QTR4/20241030_10-K_edgar_data_1041803_0001041803-24-000044.txt,2024,4,10-K,1041803,3,pilot_2024_10k_v1,20232e2ac21c1819,active_2021_2024,33,0.0,[],,12,Other,unknown,long,True,quarter_fill,"Additionally, the rapid evolution of artificial intelligence and integration of machine learning technologies into our internal systems may intensify our cybersecurity risks and create new risks to our business, operations, and financial condition.",3,nan,,item_7_mda,exact,1.0,3,True,
labeling_batch_v1,ef63b02ae4cb4880,20260306,quarter_diversity_fill,69ca051b3bef9636,4d3c997e37637c82,Our use of artificial intelligence in our business or more rapid adoption of artificial intelligence by our competitors could result in harm to our brand and adversely affect our results of operations .,our use of artificial intelligence in our business or more rapid adoption of artificial intelligence by our competitors could result in harm to our brand and adversely affect our results of operations,,,,2024/QTR4/20241030_10-K_edgar_data_1041803_0001041803-24-000044.txt,2024,4,10-K,1041803,4,pilot_2024_10k_v1,20232e2ac21c1819,active_2021_2024,33,0.0,[],,12,Other,unknown,long,True,quarter_fill,Our use of artificial intelligence in our business or more rapid adoption of artificial intelligence by our competitors could result in harm to our brand and adversely affect our results of operations .,4,nan,,item_7_mda,exact,1.0,4,True,
labeling_batch_v1,b1e14eb63d877562,20260306,quarter_diversity_fill,75af7203065c62aa,cdf032a69e0f2c7d,"Additionally, any investments we make in AI technologies might not actually make us more efficient.",additionally any investments we make in ai technologies might not actually make us more efficient,,,,2024/QTR4/20241030_10-K_edgar_data_1041803_0001041803-24-000044.txt,2024,4,10-K,1041803,7,pilot_2024_10k_v1,20232e2ac21c1819,active_2021_2024,15,0.0,[],,12,Other,unknown,medium,True,quarter_fill,"Additionally, any investments we make in AI technologies might not actually make us more efficient.",7,nan,,item_7_mda,exact,1.0,7,True,
labeling_batch_v1,84eea7153e5af622,20260306,quarter_diversity_fill,16da72192277f54e,f4cdcf2b77b8981d,"The interpretation and application of data protection laws in the U.S. and globally, including but not limited to the General Data Protection Regulation (the GDPR), the California Consumer Privacy Act (the CCPA), China's Personal Information Protection Law PIPL and the EU AI Act, are uncertain and evolving.",the interpretation and application of data protection laws in the u s and globally including but not limited to the general data protection regulation the gdpr the california consumer privacy act the ccpa china s personal information protection law pipl and the eu ai act are uncertain and evolving,,,,2024/QTR4/20241107_10-K_edgar_data_1260221_0001260221-24-000083.txt,2024,4,10-K,1260221,1,pilot_2024_10k_v1,1cf71c0b894fbc6e,active_2021_2024,50,0.0,[],,12,Other,unknown,long,True,quarter_fill,"The interpretation and application of data protection laws in the U.S. and globally, including but not limited to the General Data Protection Regulation (the GDPR ), the California Consumer Privacy Act (the CCPA ), China s Personal Information Protection Law PIPL and the EU AI Act, are uncertain and evolving.",1,nan,,other,exact,1.0,1,True,
labeling_batch_v1,fa915073397443a7,20260306,quarter_diversity_fill,aca2b9d28a292b43,379737652b0e4d54,The rapid evolution and increased adoption of artificial intelligence AI technologies may intensify these risks.,the rapid evolution and increased adoption of artificial intelligence ai technologies may intensify these risks,,,,2024/QTR4/20241107_10-K_edgar_data_1260221_0001260221-24-000083.txt,2024,4,10-K,1260221,3,pilot_2024_10k_v1,1cf71c0b894fbc6e,active_2021_2024,15,0.0,[],,12,Other,unknown,medium,True,quarter_fill,The rapid evolution and increased adoption of artificial intelligence AI technologies may intensify these risks.,3,nan,,item_1a_risk_factors,exact,1.0,3,True,
labeling_batch_v1,281f206c9831e18d,20260306,quarter_diversity_fill,942f852025ea8429,f5381843e003a4a0,The rapid evolution and increased adoption of AI technologies may intensify our cybersecurity risks.,the rapid evolution and increased adoption of ai technologies may intensify our cybersecurity risks,,,,2024/QTR4/20241107_10-K_edgar_data_1260221_0001260221-24-000083.txt,2024,4,10-K,1260221,4,pilot_2024_10k_v1,1cf71c0b894fbc6e,active_2021_2024,14,0.0,[],,12,Other,unknown,medium,True,quarter_fill,The rapid evolution and increased adoption of AI technologies may intensify our cybersecurity risks.,4,nan,,item_1a_risk_factors,exact,1.0,4,True,
labeling_batch_v1,1069c59f19e6d217,20260306,quarter_diversity_fill,b20fd8e21c06b400,3ff182b4ca3bbb41,"In addition, new technologies, such as artificial intelligence, may present new technological risks or vulnerabilities.",in addition new technologies such as artificial intelligence may present new technological risks or vulnerabilities,,,,2024/QTR4/20241112_10-K_edgar_data_100493_0000100493-24-000119.txt,2024,4,10-K,100493,2,pilot_2024_10k_v1,3433b4c00d46e789,active_2021_2024,15,0.0,[],,12,Other,unknown,medium,True,quarter_fill,"In addition, new technologies, such as artificial intelligence, may present new technological risks or vulnerabilities.",2,nan,,item_1a_risk_factors,exact,1.0,2,True,
labeling_batch_v1,703392a7a93ad117,20260306,quarter_diversity_fill,74f5759b1ed12777,00828b3b63e3c083,"If we fail to achieve our objectives, to keep pace with technological changes including the development of artificial intelligence and machine learning, or to provide high quality hardware and software products, solutions, and services, we may lose business or experience price erosion and correspondingly lower sales and margins.",if we fail to achieve our objectives to keep pace with technological changes including the development of artificial intelligence and machine learning or to provide high quality hardware and software products solutions and services we may lose business or experience price erosion and correspondingly lower sales and margins,,,,2024/QTR4/20241112_10-K_edgar_data_1024478_0001024478-24-000107.txt,2024,4,10-K,1024478,1,pilot_2024_10k_v1,09aaa00d250409e9,active_2021_2024,48,0.0,[],,12,Other,unknown,long,True,quarter_fill,"If we fail to achieve our objectives, to keep pace with technological changes including the development of artificial intelligence and machine learning, or to provide high quality hardware and software products, solutions, and services, we may lose business or experience price erosion and correspondingly lower sales and margins.",1,nan,,item_1a_risk_factors,exact,1.0,1,True,
labeling_batch_v1,f7e27ca89aa43046,20260306,quarter_diversity_fill,da0103c067ea2570,8207338de9bee427,"If we are not able to anticipate, identify, develop, and market products that respond to changes in customer preferences and emerging technological and broader industry trends, including the development of artificial intelligence and machine learning, demand for our products could decline.",if we are not able to anticipate identify develop and market products that respond to changes in customer preferences and emerging technological and broader industry trends including the development of artificial intelligence and machine learning demand for our products could decline,,,,2024/QTR4/20241112_10-K_edgar_data_1024478_0001024478-24-000107.txt,2024,4,10-K,1024478,2,pilot_2024_10k_v1,09aaa00d250409e9,active_2021_2024,41,0.0,[],,12,Other,unknown,long,True,quarter_fill,"If we are not able to anticipate, identify, develop, and market products that respond to changes in customer preferences and emerging technological and broader industry trends, including the development of artificial intelligence and machine learning, demand for our products could decline.",2,nan,,item_1a_risk_factors,exact,1.0,2,True,
labeling_batch_v1,2d6d2dad24c86c1b,20260306,quarter_diversity_fill,04ae3d206103e05d,8d389996ae67d3ed,"We see converging megatrends including digitization and artificial intelligence, energy transition and sustainability, shifting demographics, and an increased need for resiliency.",we see converging megatrends including digitization and artificial intelligence energy transition and sustainability shifting demographics and an increased need for resiliency,,,,2024/QTR4/20241112_10-K_edgar_data_1024478_0001024478-24-000107.txt,2024,4,10-K,1024478,3,pilot_2024_10k_v1,09aaa00d250409e9,active_2021_2024,21,0.0,[],,12,Other,unknown,medium,False,quarter_fill,"We see converging megatrends including digitization and artificial intelligence, energy transition and sustainability, shifting demographics, and an increased need for resiliency.",3,nan,,item_7_mda,exact,1.0,3,True,
labeling_batch_v1,ce3dc00ff0034739,20260306,quarter_diversity_fill,b8dc4f6bac4034a0,a948973a612472fe,This involves sophisticated development of intelligence and machine learning algorithms which derive meaningful information from the raw data obtained by our sensor.,this involves sophisticated development of intelligence and machine learning algorithms which derive meaningful information from the raw data obtained by our sensor,,,,2024/QTR4/20241114_10-K_edgar_data_1074828_0001654954-24-014480.txt,2024,4,10-K,1074828,3,pilot_2024_10k_v1,ddd527c3d6fa3048,active_2021_2024,22,0.0,[],,12,Other,unknown,medium,False,quarter_fill,This involves sophisticated development of intelligence and machine learning algorithms which derive meaningful information from the raw data obtained by our sensor.,3,nan,,item_1_business,exact,1.0,3,True,
labeling_batch_v1,cb9347e7d69630e8,20260306,quarter_diversity_fill,eb56e926107a23ea,8b78b1b9274229e6,These algorithms are developed through the utilization of intelligence and machine learning by means of training various models.,these algorithms are developed through the utilization of intelligence and machine learning by means of training various models,,,,2024/QTR4/20241114_10-K_edgar_data_1074828_0001654954-24-014480.txt,2024,4,10-K,1074828,4,pilot_2024_10k_v1,ddd527c3d6fa3048,active_2021_2024,18,0.0,[],,12,Other,unknown,medium,False,quarter_fill,These algorithms are developed through the utilization of intelligence and machine learning by means of training various models.,4,nan,,item_1_business,exact,1.0,4,True,
labeling_batch_v1,1e386b12ad7a4b0c,20260306,quarter_diversity_fill,07c34a8e945a5789,6d70b94b211bc6ca,"Results from a study titled, Novel data preprocessing techniques in an expanded dataset improve machine learning model accuracy for a non-invasive blood glucose monitor.",results from a study titled novel data preprocessing techniques in an expanded dataset improve machine learning model accuracy for a non invasive blood glucose monitor,,,,2024/QTR4/20241114_10-K_edgar_data_1074828_0001654954-24-014480.txt,2024,4,10-K,1074828,9,pilot_2024_10k_v1,ddd527c3d6fa3048,active_2021_2024,24,0.0,[],,12,Other,unknown,medium,False,quarter_fill,"Results from a study titled, Novel data preprocessing techniques in an expanded dataset improve machine learning model accuracy for a non-invasive blood glucose monitor.",9,nan,,item_1_business,exact,1.0,9,True,
labeling_batch_v1,3f3b36c1e77ea6f4,20260306,quarter_diversity_fill,4a57142986d53242,3d5aec763fe54df7,F5 is leveraging AI to accelerate the strength of both our current and future offerings.,f5 is leveraging ai to accelerate the strength of both our current and future offerings,,,,2024/QTR4/20241118_10-K_edgar_data_1048695_0001048695-24-000185.txt,2024,4,10-K,1048695,3,pilot_2024_10k_v1,3575c381a3233bfb,active_2021_2024,15,0.0,[],,12,Other,unknown,medium,True,quarter_fill,F5 is leveraging AI to accelerate the strength of both our current and future offerings.,3,nan,,item_1_business,exact,1.0,2,True,
labeling_batch_v1,fb140caa6d93e088,20260306,quarter_diversity_fill,7ee76409a5f3c861,4dd72611cd3892f7,"These development opportunities are available through live employee events like Technology Days dedicated to exploring new ideas, such as Generative AI.",these development opportunities are available through live employee events like technology days dedicated to exploring new ideas such as generative ai,,,,2024/QTR4/20241118_10-K_edgar_data_1048695_0001048695-24-000185.txt,2024,4,10-K,1048695,12,pilot_2024_10k_v1,3575c381a3233bfb,active_2021_2024,21,0.0,[],,12,Other,unknown,medium,True,quarter_fill,"These development opportunities are available through live employee events like Technology Days dedicated to exploring new ideas, such as Generative AI.",12,nan,,item_1_business,exact,1.0,11,True,
labeling_batch_v1,55981c2006d55044,20260306,quarter_diversity_fill,76203de0f851283c,475b0501d5fdd355,"AI presents risks, challenges, and potential unintended consequences that could affect our and our customers adoption and use of this technology.",ai presents risks challenges and potential unintended consequences that could affect our and our customers adoption and use of this technology,,,,2024/QTR4/20241118_10-K_edgar_data_1048695_0001048695-24-000185.txt,2024,4,10-K,1048695,17,pilot_2024_10k_v1,3575c381a3233bfb,active_2021_2024,21,0.0,[],,12,Other,unknown,medium,True,quarter_fill,"AI presents risks, challenges, and potential unintended consequences that could affect our and our customers adoption and use of this technology.",17,nan,,item_1a_risk_factors,exact,1.0,15,True,
labeling_batch_v1,c4ff077f09c627e3,20260306,quarter_diversity_fill,0445e440354bb868,d0fdde7a7daa26ce,The AI-related legal and regulatory landscape remains uncertain and may be inconsistent from jurisdiction to jurisdiction.,the ai related legal and regulatory landscape remains uncertain and may be inconsistent from jurisdiction to jurisdiction,,,,2024/QTR4/20241118_10-K_edgar_data_1048695_0001048695-24-000185.txt,2024,4,10-K,1048695,21,pilot_2024_10k_v1,3575c381a3233bfb,active_2021_2024,16,0.0,[],,12,Other,unknown,medium,True,quarter_fill,The AI-related legal and regulatory landscape remains uncertain and may be inconsistent from jurisdiction to jurisdiction.,21,nan,,item_1a_risk_factors,exact,1.0,19,True,
labeling_batch_v1,2a37bdb85f871d56,20260306,quarter_diversity_fill,8354a05e827dcba0,89dbe9912de80af6,"We are and may become subject to a variety of laws and regulations in the United States and abroad that involve matters central to our business and business plan, including privacy, data use, data protection and personal information, biometrics, encryption, rights of publicity, content, integrity, intellectual property, advertising, marketing, distribution, data security, data retention and deletion, data localization and storage, data disclosure, artificial intelligence and machine learning, electronic contracts and other communications, competition, protection of minors, consumer protection, civil rights, accessibility, telecommunications, product liability, e-commerce, taxation, economic or other trade controls including sanctions, anti-corruption and political law compliance, securities law compliance, and online payment services.",we are and may become subject to a variety of laws and regulations in the united states and abroad that involve matters central to our business and business plan including privacy data use data protection and personal information biometrics encryption rights of publicity content integrity intellectual property advertising marketing distribution data security data retention and deletion data localization and storage data disclosure artificial intelligence and machine learning electronic contracts and other communications competition protection of minors consumer protection civil rights accessibility telecommunications product liability e commerce taxation economic or other trade controls including sanctions anti corruption and political law compliance securities law compliance and online payment services,,,,2024/QTR4/20241120_10-K_edgar_data_1071840_0001171843-24-006491.txt,2024,4,10-K,1071840,1,pilot_2024_10k_v1,e1e745adf6d75f8a,active_2021_2024,105,0.0,[],,12,Other,unknown,long,True,quarter_fill,"We are and may become subject to a variety of laws and regulations in the United States and abroad that involve matters central to our business and business plan, including privacy, data use, data protection and personal information, biometrics, encryption, rights of publicity, content, integrity, intellectual property, advertising, marketing, distribution, data security, data retention and deletion, data localization and storage, data disclosure, artificial intelligence and machine learning, electronic contracts and other communications, competition, protection of minors, consumer protection, civil rights, accessibility, telecommunications, product liability, e-commerce, taxation, economic or other trade controls including sanctions, anti-corruption and political law compliance, securities law compliance, and online payment services.",1,nan,,item_1a_risk_factors,exact,1.0,1,True,
labeling_batch_v1,44ad87c1331080e8,20260306,quarter_diversity_fill,c501ab0c87e5c96f,e318afc2596128a3,"Despite Company policy restrictions on artificial intelligence (AI), whitelisting of sites, and contractual limitations on vendors use of AI, there is also a risk of inadvertent sharing of confidential or proprietary data through the inappropriate use of open AI tools.",despite company policy restrictions on artificial intelligence ai whitelisting of sites and contractual limitations on vendors use of ai there is also a risk of inadvertent sharing of confidential or proprietary data through the inappropriate use of open ai tools,,,,2024/QTR4/20241120_10-K_edgar_data_1126956_0001437749-24-035823.txt,2024,4,10-K,1126956,1,pilot_2024_10k_v1,541f7c408c5d92ad,active_2021_2024,40,0.0,[],,12,Other,unknown,long,True,quarter_fill,"Despite Company policy restrictions on artificial intelligence (AI), whitelisting of sites, and contractual limitations on vendors use of AI, there is also a risk of inadvertent sharing of confidential or proprietary data through the inappropriate use of open AI tools.",1,nan,,other,unmatched,0.0,1,True,
labeling_batch_v1,f76820592072c34f,20260306,quarter_diversity_fill,68600e0595202588,df917941ca21f736,"Despite training and risk management efforts, there is a possibility that employees might misuse AI, either intentionally or unintentionally.",despite training and risk management efforts there is a possibility that employees might misuse ai either intentionally or unintentionally,,,,2024/QTR4/20241121_10-K_edgar_data_1032220_0001032220-24-000094.txt,2024,4,10-K,1032220,19,pilot_2024_10k_v1,b077d1daa903525d,active_2021_2024,19,0.0,[],,12,Other,unknown,medium,True,quarter_fill,"Despite training and risk management efforts, there is a possibility that employees might misuse AI, either intentionally or unintentionally.",19,nan,,item_1_business,exact,1.0,19,True,
labeling_batch_v1,6d95bf45f9dbcc7a,20260306,quarter_diversity_fill,aeae03e5ceb75dd3,50175f6565772af5,"Should our AI generate suboptimal or contentious outcomes, or if public perception of AI shifts negatively due to perceived risks, we may encounter operational challenges, competitive disadvantages, legal liabilities, reputational harm, or other business impacts.",should our ai generate suboptimal or contentious outcomes or if public perception of ai shifts negatively due to perceived risks we may encounter operational challenges competitive disadvantages legal liabilities reputational harm or other business impacts,,,,2024/QTR4/20241121_10-K_edgar_data_1032220_0001032220-24-000094.txt,2024,4,10-K,1032220,20,pilot_2024_10k_v1,b077d1daa903525d,active_2021_2024,35,0.0,[],,12,Other,unknown,long,True,quarter_fill,"Should our AI generate suboptimal or contentious outcomes, or if public perception of AI shifts negatively due to perceived risks, we may encounter operational challenges, competitive disadvantages, legal liabilities, reputational harm, or other business impacts.",20,nan,,item_1_business,exact,1.0,20,True,
labeling_batch_v1,7dc238aecb170538,20260306,quarter_diversity_fill,39187522415dac0d,8a2fa1e4b9a3e01c,"New or expanded AI laws could raise compliance costs and pose unpredictable risks, potentially affecting our operations and results.",new or expanded ai laws could raise compliance costs and pose unpredictable risks potentially affecting our operations and results,,,,2024/QTR4/20241121_10-K_edgar_data_1032220_0001032220-24-000094.txt,2024,4,10-K,1032220,24,pilot_2024_10k_v1,b077d1daa903525d,active_2021_2024,19,0.0,[],,12,Other,unknown,medium,True,quarter_fill,"New or expanded AI laws could raise compliance costs and pose unpredictable risks, potentially affecting our operations and results.",24,nan,,item_1_business,exact,1.0,24,True,
labeling_batch_v1,dfad15052f5b5f66,20260306,quarter_diversity_fill,e11479b2c3c5519d,06f469544b5a8009,"For example, as Artificial Intelligence (""AI"") continues to evolve, cyber-attackers could also use AI to develop malicious code and sophisticated phishing attempts.",for example as artificial intelligence ai continues to evolve cyber attackers could also use ai to develop malicious code and sophisticated phishing attempts,,,,2024/QTR4/20241126_10-K_edgar_data_1140859_0001140859-24-000177.txt,2024,4,10-K,1140859,1,pilot_2024_10k_v1,32c97dfadd918049,active_2021_2024,22,0.0,[],,12,Other,unknown,medium,True,quarter_fill,"For example, as Artificial Intelligence (""AI"") continues to evolve, cyber-attackers could also use AI to develop malicious code and sophisticated phishing attempts.",1,nan,,item_1a_risk_factors,exact,1.0,1,True,
labeling_batch_v1,48b0cf14d1f8a765,20260306,quarter_diversity_fill,14e0d815d14cc2c7,544f3912c243c30c,The advancement of artificial intelligence AI and large language models has given rise to additional vulnerabilities and potential entry points for cyber threats.,the advancement of artificial intelligence ai and large language models has given rise to additional vulnerabilities and potential entry points for cyber threats,,,,2024/QTR4/20241127_10-K_edgar_data_1005210_0000950170-24-131309.txt,2024,4,10-K,1005210,1,pilot_2024_10k_v1,65cf07b52b30071f,active_2021_2024,23,0.0,[],,12,Other,unknown,medium,False,quarter_fill,The advancement of artificial intelligence AI and large language models has given rise to additional vulnerabilities and potential entry points for cyber threats.,1,nan,,item_1a_risk_factors,exact,1.0,1,True,
labeling_batch_v1,7d75bea3fd883d72,20260306,quarter_diversity_fill,aa5569a865658a62,f1f04486634e3f6d,"With generative AI tools, threat actors may have additional tools to automate breaches or persistent attacks, evade detection, or generate sophisticated phishing emails.",with generative ai tools threat actors may have additional tools to automate breaches or persistent attacks evade detection or generate sophisticated phishing emails,,,,2024/QTR4/20241127_10-K_edgar_data_1005210_0000950170-24-131309.txt,2024,4,10-K,1005210,2,pilot_2024_10k_v1,65cf07b52b30071f,active_2021_2024,23,0.0,[],,12,Other,unknown,medium,True,quarter_fill,"With generative AI tools, threat actors may have additional tools to automate breaches or persistent attacks, evade detection, or generate sophisticated phishing emails.",2,nan,,item_1a_risk_factors,exact,1.0,2,True,
labeling_batch_v1,2cac5b9d8ec6c684,20260306,quarter_diversity_fill,5473129aad8b933a,7a9771503d333b2a,"The Audit Committee also assists the Board of Supervisors in fulfilling its oversight responsibilities relating to (i) the integrity of the Partnership's financial statements and internal control over financial reporting; (ii) the Partnership's compliance with applicable laws, regulations and its code of conduct; (iii) the Partnership's major financial risk exposure and the steps management has taken to monitor and mitigate such risks (including ESG, artificial intelligence and cybersecurity); (iv) review and approval of related person transactions; (v) the engagement, independence, qualifications and compensation of the internal audit function and independent registered public accounting firm; (vi) the performance of the internal audit function and the independent registered public accounting firm; and (vii) financial reporting and accounting complaints.",the audit committee also assists the board of supervisors in fulfilling its oversight responsibilities relating to i the integrity of the partnership s financial statements and internal control over financial reporting ii the partnership s compliance with applicable laws regulations and its code of conduct iii the partnership s major financial risk exposure and the steps management has taken to monitor and mitigate such risks including esg artificial intelligence and cybersecurity iv review and approval of related person transactions v the engagement independence qualifications and compensation of the internal audit function and independent registered public accounting firm vi the performance of the internal audit function and the independent registered public accounting firm and vii financial reporting and accounting complaints,,,,2024/QTR4/20241127_10-K_edgar_data_1005210_0000950170-24-131309.txt,2024,4,10-K,1005210,3,pilot_2024_10k_v1,65cf07b52b30071f,active_2021_2024,119,0.0,[],,12,Other,unknown,long,True,quarter_fill,"The Audit Committee also assists the Board of Supervisors in fulfilling its oversight responsibilities relating to (i) the integrity of the Partnership s financial statements and internal control over financial reporting; (ii) the Partnership s compliance with applicable laws, regulations and its code of conduct; (iii) the Partnership s major financial risk exposure and the steps management has taken to monitor and mitigate such risks (including ESG, artificial intelligence and cybersecurity); (iv) review and approval of related person transactions; (v) the engagement, independence, qualifications and compensation of the internal audit function and independent registered public accounting firm; (vi) the performance of the internal audit function and the independent registered public accounting firm; and (vii) financial reporting and accounting complaints.",3,nan,,item_1a_risk_factors,exact,1.0,3,True,
labeling_batch_v1,8d889440643298e4,20260306,quarter_diversity_fill,ef81b7fcdfcca362,4180b262a80bcbd9,"Our ability to compete is also impacted by changing customer and patient preferences and requirements, including increased focus on products using materials of concern and demand for more sustainable products, and for products incorporating digital capabilities, including artificial intelligence, as well as changes in the ways healthcare services are delivered, such as the transition of more care from acute to non-acute settings and increased focus on chronic disease management.",our ability to compete is also impacted by changing customer and patient preferences and requirements including increased focus on products using materials of concern and demand for more sustainable products and for products incorporating digital capabilities including artificial intelligence as well as changes in the ways healthcare services are delivered such as the transition of more care from acute to non acute settings and increased focus on chronic disease management,,,,2024/QTR4/20241127_10-K_edgar_data_10795_0000010795-24-000084.txt,2024,4,10-K,10795,1,pilot_2024_10k_v1,dcad404b0cc7a422,active_2021_2024,69,0.0,[],,12,Other,unknown,long,False,quarter_fill,"Our ability to compete is also impacted by changing customer and patient preferences and requirements, including increased focus on products using materials of concern and demand for more sustainable products, and for products incorporating digital capabilities, including artificial intelligence, as well as changes in the ways healthcare services are delivered, such as the transition of more care from acute to non-acute settings and increased focus on chronic disease management.",1,nan,,item_1a_risk_factors,exact,1.0,1,True,
labeling_batch_v1,6c391dbfae4ef60a,20260306,quarter_diversity_fill,ea992ace72120c58,4327c5cb58dc6bf5,"Further, we expect that the breadth and complexity of our IT systems and infrastructure will increase as we expand our product offerings to utilize cloud technologies and potentially artificial intelligence, which present inherent enterprise technology risks, including those related to privacy, data protection and cybersecurity, that need to be managed.",further we expect that the breadth and complexity of our it systems and infrastructure will increase as we expand our product offerings to utilize cloud technologies and potentially artificial intelligence which present inherent enterprise technology risks including those related to privacy data protection and cybersecurity that need to be managed,,,,2024/QTR4/20241127_10-K_edgar_data_10795_0000010795-24-000084.txt,2024,4,10-K,10795,3,pilot_2024_10k_v1,dcad404b0cc7a422,active_2021_2024,50,0.0,[],,12,Other,unknown,long,True,quarter_fill,"Further, we expect that the breadth and complexity of our IT systems and infrastructure will increase as we expand our product offerings to utilize cloud technologies and potentially artificial intelligence, which present inherent enterprise technology risks, including those related to privacy, data protection and cybersecurity, that need to be managed.",3,nan,,item_1a_risk_factors,exact,1.0,2,True,
labeling_batch_v1,2ed4b5a257a72a7c,20260306,quarter_diversity_fill,0fd73d4818c98591,3002e54b341de158,"Competitive factors that could adversely affect our operations, including new product introductions and technologies, including the use of artificial intelligence, by our current or future competitors, consolidation or strategic alliances among healthcare companies, distributors and/or payers of healthcare to improve their competitive position or develop new models for the delivery of healthcare, increased pricing pressure due to the impact of low-cost manufacturers, patents attained by competitors (particularly as patents on our products expire), new entrants into our markets and changes in the practice of medicine.",competitive factors that could adversely affect our operations including new product introductions and technologies including the use of artificial intelligence by our current or future competitors consolidation or strategic alliances among healthcare companies distributors and or payers of healthcare to improve their competitive position or develop new models for the delivery of healthcare increased pricing pressure due to the impact of low cost manufacturers patents attained by competitors particularly as patents on our products expire new entrants into our markets and changes in the practice of medicine,,,,2024/QTR4/20241127_10-K_edgar_data_10795_0000010795-24-000084.txt,2024,4,10-K,10795,9,pilot_2024_10k_v1,dcad404b0cc7a422,active_2021_2024,85,0.0,[],,12,Other,unknown,long,True,quarter_fill,"Competitive factors that could adversely affect our operations, including new product introductions and technologies, including the use of artificial intelligence, by our current or future competitors, consolidation or strategic alliances among healthcare companies, distributors and/or payers of healthcare to improve their competitive position or develop new models for the delivery of healthcare, increased pricing pressure due to the impact of low-cost manufacturers, patents attained by competitors (particularly as patents on our products expire), new entrants into our markets and changes in the practice of medicine.",9,nan,,item_1a_risk_factors,exact,1.0,8,True,
labeling_batch_v1,5fb5714a5746ea68,20260306,quarter_diversity_fill,2f7e62089d45f3cb,ed47fd9b76731494,"Modern consumers expect interactions to be tailored to their preferences, needs, and behaviors, and AI offers a solution to meet these expectations.",modern consumers expect interactions to be tailored to their preferences needs and behaviors and ai offers a solution to meet these expectations,,,,2024/QTR4/20241129_10-K_edgar_data_1127475_0001185185-24-001176.txt,2024,4,10-K,1127475,16,pilot_2024_10k_v1,33497622c1c4faea,active_2021_2024,22,0.0,[],,12,Other,unknown,medium,True,quarter_fill,"Modern consumers expect interactions to be tailored to their preferences, needs, and behaviors, and AI offers a solution to meet these expectations.",16,nan,,item_1a_risk_factors,exact,1.0,15,True,
labeling_batch_v1,f76a03b396ae421e,20260306,quarter_diversity_fill,740f73fd375e5dd9,7ee3039ee8e724b6,"Furthermore, AI can predict future customer behaviors based on past interactions, enabling businesses to proactively address customer needs and reduce churn.",furthermore ai can predict future customer behaviors based on past interactions enabling businesses to proactively address customer needs and reduce churn,,,,2024/QTR4/20241129_10-K_edgar_data_1127475_0001185185-24-001176.txt,2024,4,10-K,1127475,18,pilot_2024_10k_v1,33497622c1c4faea,active_2021_2024,21,0.0,[],,12,Other,unknown,medium,True,quarter_fill,"Furthermore, AI can predict future customer behaviors based on past interactions, enabling businesses to proactively address customer needs and reduce churn.",18,nan,,item_1a_risk_factors,exact,1.0,17,True,
labeling_batch_v1,465176414e66e7e6,20260306,quarter_diversity_fill,32500455d58c5de9,22c3ed400026f61f,THE TIME TO INVEST IN AI IS NOW FOR LONG-TERM BENEFIT The future of marketing and sales lies in AI.,the time to invest in ai is now for long term benefit the future of marketing and sales lies in ai,,,,2024/QTR4/20241129_10-K_edgar_data_1127475_0001185185-24-001176.txt,2024,4,10-K,1127475,44,pilot_2024_10k_v1,33497622c1c4faea,active_2021_2024,20,0.0,[],,12,Other,unknown,medium,True,quarter_fill,THE TIME TO INVEST IN AI IS NOW FOR LONG-TERM BENEFIT The future of marketing and sales lies in AI.,44,nan,,item_1a_risk_factors,exact,1.0,42,True,
labeling_batch_v1,37391911dc5ed4a8,20260306,quarter_diversity_fill,f76a1f0f63c3f40c,4441551769cbc4f2,Companies that have not yet invested in AI are at risk of falling behind their competitors in a rapidly changing marketplace.,companies that have not yet invested in ai are at risk of falling behind their competitors in a rapidly changing marketplace,,,,2024/QTR4/20241129_10-K_edgar_data_1127475_0001185185-24-001176.txt,2024,4,10-K,1127475,46,pilot_2024_10k_v1,33497622c1c4faea,active_2021_2024,21,0.0,[],,12,Other,unknown,medium,True,quarter_fill,Companies that have not yet invested in AI are at risk of falling behind their competitors in a rapidly changing marketplace.,46,nan,,item_1a_risk_factors,exact,1.0,44,True,
labeling_batch_v1,82a85f151bb825b1,20260306,quarter_diversity_fill,8d58b7d108bd3264,9b7378617715961b,"However, the demand for all forms of energy, including natural gas, is being driven by consumers using more digital platforms and expanding their use of artificial intelligence.",however the demand for all forms of energy including natural gas is being driven by consumers using more digital platforms and expanding their use of artificial intelligence,,,,2024/QTR4/20241205_10-K_edgar_data_1069533_0001437749-24-036744.txt,2024,4,10-K,1069533,1,pilot_2024_10k_v1,f4097dc1d76a5816,active_2021_2024,27,0.0,[],,12,Other,unknown,long,False,quarter_fill,"However, the demand for all forms of energy, including natural gas, is being driven by consumers using more digital platforms and expanding their use of artificial intelligence.",1,nan,,item_7_mda,exact,1.0,1,True,
labeling_batch_v1,4a98a4e32ca195a3,20260306,quarter_diversity_fill,5a52a717d1e3d7b4,09aade61bd571b76,"The Hennessy Stance ESG ETF seeks long term growth of capital by combining environmental, social, and governance ESG and machine learning/artificial intelligence ML/AI in an ETF structure.",the hennessy stance esg etf seeks long term growth of capital by combining environmental social and governance esg and machine learning artificial intelligence ml ai in an etf structure,,,,2024/QTR4/20241211_10-K_edgar_data_1145255_0001437749-24-037244.txt,2024,4,10-K,1145255,1,pilot_2024_10k_v1,4204f9eef0fd9b5f,active_2021_2024,27,0.0,[],,12,Other,unknown,long,False,quarter_fill,"The Hennessy Stance ESG ETF seeks long term growth of capital by combining environmental, social, and governance ESG and machine learning/artificial intelligence ML/AI in an ETF structure.",1,nan,,item_1_business,exact,1.0,1,True,
labeling_batch_v1,1115ec03c32d0373,20260306,quarter_diversity_fill,b3fee80cd24c02c5,969d48a43b388efc,The portfolio managers seek exposure to companies that score well on ESG metrics and that the portfolio managers believe will outperform based on ML/AI models.,the portfolio managers seek exposure to companies that score well on esg metrics and that the portfolio managers believe will outperform based on ml ai models,,,,2024/QTR4/20241211_10-K_edgar_data_1145255_0001437749-24-037244.txt,2024,4,10-K,1145255,2,pilot_2024_10k_v1,4204f9eef0fd9b5f,active_2021_2024,25,0.0,[],,12,Other,unknown,long,True,quarter_fill,The portfolio managers seek exposure to companies that score well on ESG metrics and that the portfolio managers believe will outperform based on ML/AI models.,2,nan,,item_1_business,exact,1.0,2,True,
labeling_batch_v1,8bd32dfa29895b71,20260306,quarter_diversity_fill,06e4a242574e7ec2,4ac660a2a15857cb,We are investing significant resources in: Our marketplace user experiences; Upgrading our sellers tools to be fully mobile-responsive; Developing industry-specific asset upload templates making it easier to sell on our marketplaces; and Leveraging generative AI and other automation technologies to create efficiencies across the enterprise.,we are investing significant resources in our marketplace user experiences upgrading our sellers tools to be fully mobile responsive developing industry specific asset upload templates making it easier to sell on our marketplaces and leveraging generative ai and other automation technologies to create efficiencies across the enterprise,,,,2024/QTR4/20241212_10-K_edgar_data_1235468_0000950170-24-135700.txt,2024,4,10-K,1235468,4,pilot_2024_10k_v1,112a69676cf54387,active_2021_2024,45,0.0,[],,12,Other,unknown,long,True,quarter_fill,We are investing significant resources in: Our marketplace user experiences; Upgrading our sellers tools to be fully mobile-responsive; Developing industry-specific asset upload templates making it easier to sell on our marketplaces; and Leveraging generative AI and other automation technologies to create efficiencies across the enterprise.,4,nan,,other,exact,1.0,4,True,
labeling_batch_v1,47cfc5fc30d5ce90,20260306,quarter_diversity_fill,b845933935dac1e0,8da39f1df68f4a4d,"In addition, new and enhanced technologies, including search, web and infrastructure computing services, artificial intelligence, digital content, and electronic devices, may increase our competition.",in addition new and enhanced technologies including search web and infrastructure computing services artificial intelligence digital content and electronic devices may increase our competition,,,,2024/QTR4/20241212_10-K_edgar_data_1235468_0000950170-24-135700.txt,2024,4,10-K,1235468,5,pilot_2024_10k_v1,112a69676cf54387,active_2021_2024,24,0.0,[],,12,Other,unknown,medium,True,quarter_fill,"In addition, new and enhanced technologies, including search, web and infrastructure computing services, artificial intelligence, digital content, and electronic devices, may increase our competition.",5,nan,,item_1_business,exact,1.0,5,True,
labeling_batch_v1,e505bd762ac18657,20260306,quarter_diversity_fill,577044eeda5ded1a,be684a2131356e58,"If competitors introduce new assets and services using new technologies, such as generative artificial intelligence (AI), or if new industry standards and practices emerge, our existing online marketplaces and our proprietary technology and systems may become obsolete.",if competitors introduce new assets and services using new technologies such as generative artificial intelligence ai or if new industry standards and practices emerge our existing online marketplaces and our proprietary technology and systems may become obsolete,,,,2024/QTR4/20241212_10-K_edgar_data_1235468_0000950170-24-135700.txt,2024,4,10-K,1235468,6,pilot_2024_10k_v1,112a69676cf54387,active_2021_2024,37,0.0,[],,12,Other,unknown,long,True,quarter_fill,"If competitors introduce new assets and services using new technologies, such as generative artificial intelligence (AI), or if new industry standards and practices emerge, our existing online marketplaces and our proprietary technology and systems may become obsolete.",6,nan,,item_1a_risk_factors,exact,1.0,6,True,
labeling_batch_v1,05a858f4a32096af,20260306,quarter_diversity_fill,b6cb8c3d5c18bc3d,c480c6cd191962da,"These include data security posture management DSPM , homomorphic encryption, cyber-physical system CPS security, generative AI GenAI , and application security posture management ASPM .",these include data security posture management dspm homomorphic encryption cyber physical system cps security generative ai genai and application security posture management aspm,,,,2024/QTR4/20241213_10-K_edgar_data_1022505_0001493152-24-049837.txt,2024,4,10-K,1022505,1,pilot_2024_10k_v1,1eaf2f97112c6560,active_2021_2024,25,0.0,[],,12,Other,unknown,long,True,quarter_fill,"These include data security posture management DSPM ), homomorphic encryption, cyber-physical system CPS security, generative AI GenAI ), and application security posture management ASPM ).",1,nan,,other,exact,1.0,1,True,
labeling_batch_v1,8ea5d9a6d032ed24,20260306,quarter_diversity_fill,12802548d5e73388,5723e3bbbf13f4e6,This aligns with industry trends and the anticipated incremental spend on application and data security due to generative AI.,this aligns with industry trends and the anticipated incremental spend on application and data security due to generative ai,,,,2024/QTR4/20241213_10-K_edgar_data_1022505_0001493152-24-049837.txt,2024,4,10-K,1022505,5,pilot_2024_10k_v1,1eaf2f97112c6560,active_2021_2024,19,0.0,[],,12,Other,unknown,medium,True,quarter_fill,This aligns with industry trends and the anticipated incremental spend on application and data security due to generative AI.,5,nan,,other,exact,1.0,5,True,
labeling_batch_v1,dbeb9af8e7666002,20260306,quarter_diversity_fill,277c9047dade9e45,389b91eb765f5fb2,Increasing use of generative AI models in our internal systems may create new attack methods for adversaries.,increasing use of generative ai models in our internal systems may create new attack methods for adversaries,,,,2024/QTR4/20241213_10-K_edgar_data_1022505_0001493152-24-049837.txt,2024,4,10-K,1022505,6,pilot_2024_10k_v1,1eaf2f97112c6560,active_2021_2024,17,0.0,[],,12,Other,unknown,medium,True,quarter_fill,Increasing use of generative AI models in our internal systems may create new attack methods for adversaries.,6,nan,,item_1a_risk_factors,exact,1.0,6,True,
labeling_batch_v1,db7962bda330be8d,20260306,quarter_diversity_fill,22e73f630feab377,841859972dfe8f1c,"The use of AI, particularly generative AI, presents opportunities as well as risks that could negatively impact the business.",the use of ai particularly generative ai presents opportunities as well as risks that could negatively impact the business,,,,2024/QTR4/20241220_10-K_edgar_data_1090872_0001090872-24-000049.txt,2024,4,10-K,1090872,4,pilot_2024_10k_v1,2a2ca908e529bcd3,active_2021_2024,19,0.0,[],,12,Other,unknown,medium,True,quarter_fill,"The use of AI, particularly generative AI, presents opportunities as well as risks that could negatively impact the business.",4,nan,,item_1a_risk_factors,exact,1.0,4,True,
labeling_batch_v1,f0007e6281be6724,20260306,quarter_diversity_fill,9682b11a05fae1e7,b5d6a5db714ae3df,We may be unable to devote adequate financial resources to develop or acquire new AI technologies and systems in the future.,we may be unable to devote adequate financial resources to develop or acquire new ai technologies and systems in the future,,,,2024/QTR4/20241220_10-K_edgar_data_1090872_0001090872-24-000049.txt,2024,4,10-K,1090872,8,pilot_2024_10k_v1,2a2ca908e529bcd3,active_2021_2024,21,0.0,[],,12,Other,unknown,medium,True,quarter_fill,We may be unable to devote adequate financial resources to develop or acquire new AI technologies and systems in the future.,8,nan,,item_1a_risk_factors,exact,1.0,8,True,
labeling_batch_v1,79b31f73a6d02d90,20260306,quarter_diversity_fill,cb62adead31e9350,c597ad856e4fb8c2,The use of AI technologies with personally identifiable information may also result in legal liability.,the use of ai technologies with personally identifiable information may also result in legal liability,,,,2024/QTR4/20241220_10-K_edgar_data_1090872_0001090872-24-000049.txt,2024,4,10-K,1090872,13,pilot_2024_10k_v1,2a2ca908e529bcd3,active_2021_2024,15,0.0,[],,12,Other,unknown,medium,True,quarter_fill,The use of AI technologies with personally identifiable information may also result in legal liability.,13,nan,,item_1a_risk_factors,exact,1.0,13,True,
