batch_id,batch_row_id,sampling_seed,selection_reason,sentence_id,sentence_text_id,sentence,sentence_norm,label,is_uncertain,uncertainty_note,source_file,source_year,source_quarter,source_form,source_section,source_cik,sentence_index,manifest_id,manifest_row_id,source_window_id,token_count,fragment_score,integrity_flags,sic,ff12_code,ff12_name,industry_metadata_source,length_bin,edge_case_flag,filing_selection_reason
labeling_batch_v2,90d54f1ebded9d97,20260311,quarter_diversity_fill,934715725061e415,7cb5c14a5309e193,"In addition, the use or adoption of new and emerging technologies may increase our exposure to intellectual property claims, and the availability of copyright and other intellectual property protection for AI-generated material is uncertain.",in addition the use or adoption of new and emerging technologies may increase our exposure to intellectual property claims and the availability of copyright and other intellectual property protection for ai generated material is uncertain,,,,2024/QTR1/20240126_10-K_edgar_data_1065280_0001065280-24-000030.txt,2024,1,10-K,item_1_business,1065280,2,expansion_2024_batch_04,19741dd7754c0dad,active_2021_2024,34,0.0,[],,12,Other,unknown,long,True,quarter_round_robin
labeling_batch_v2,4a93496cd66500fd,20260311,quarter_diversity_fill,378e04590eef68e1,87819842ff46b314,"In light of the recent proliferation of generative artificial intelligence tools and large language models, there is also a risk that the dissemination of such opinions, characterizations or disinformation may negatively impact the conclusions that these tools and models draw about our business and prospects.",in light of the recent proliferation of generative artificial intelligence tools and large language models there is also a risk that the dissemination of such opinions characterizations or disinformation may negatively impact the conclusions that these tools and models draw about our business and prospects,,,,2024/QTR1/20240129_10-K_edgar_data_1035443_0001035443-24-000072.txt,2024,1,10-K,other,1035443,3,expansion_2024_batch_02,16403748b5128cc2,active_2021_2024,45,0.0,[],,12,Other,unknown,long,True,quarter_round_robin
labeling_batch_v2,e9fa370611000863,20260311,quarter_diversity_fill,229455426599564b,82e424114f63bd00,"In addition, with the prolific use of artificial intelligence technologies, there is an increased risk of unauthorized or accidental disclosure.",in addition with the prolific use of artificial intelligence technologies there is an increased risk of unauthorized or accidental disclosure,,,,2024/QTR1/20240131_10-K_edgar_data_1035267_0001035267-24-000021.txt,2024,1,10-K,other,1035267,3,expansion_2024_batch_02,ac6970231a1b713c,active_2021_2024,20,0.0,[],,12,Other,unknown,medium,True,quarter_round_robin
labeling_batch_v2,c1ef9d8fbe3d9ebe,20260311,quarter_diversity_fill,018f0bc04cf8e228,c2983d9a5a64f307,Issues in the development and use of artificial intelligence may result in reputational harm or liability.,issues in the development and use of artificial intelligence may result in reputational harm or liability,,,,2024/QTR1/20240207_10-K_edgar_data_1043604_0001043604-24-000014.txt,2024,1,10-K,other,1043604,30,expansion_2024_batch_03,e02baa12a5033a79,active_2021_2024,16,0.0,[],,12,Other,unknown,medium,True,quarter_round_robin
labeling_batch_v2,057bcae2029a93ad,20260311,quarter_diversity_fill,443e08880e8e2f62,1f25c0c05eb0edbc,The rapid evolution and increased adoption of artificial intelligence technologies may intensify our cybersecurity risks.,the rapid evolution and increased adoption of artificial intelligence technologies may intensify our cybersecurity risks,,,,2024/QTR1/20240208_10-K_edgar_data_1058090_0001562762-24-000023.txt,2024,1,10-K,item_1_business,1058090,1,expansion_2024_batch_04,20ec983a2c89f00a,active_2021_2024,15,0.0,[],,12,Other,unknown,medium,True,quarter_round_robin
labeling_batch_v2,c833783c2d76b866,20260311,quarter_diversity_fill,d84aa0479094bd28,6dbff0319e746886,"Further, if we fail to adopt these new technologies, we may face price pressure from competitors using lower-cost AI systems.",further if we fail to adopt these new technologies we may face price pressure from competitors using lower cost ai systems,,,,2024/QTR1/20240209_10-K_edgar_data_1037646_0001037646-24-000007.txt,2024,1,10-K,other,1037646,4,expansion_2024_batch_03,9a8a11e606d1f24e,active_2021_2024,20,0.0,[],,12,Other,unknown,medium,True,quarter_round_robin
labeling_batch_v2,b2d5799fe20cdc5a,20260311,quarter_diversity_fill,b855ae56bcdb0059,c16cf453ae238aab,The rapid evolution and increased adoption of artificial intelligence technologies may intensify our cyber security risks.,the rapid evolution and increased adoption of artificial intelligence technologies may intensify our cyber security risks,,,,2024/QTR1/20240214_10-K_edgar_data_1054905_0000950170-24-014960.txt,2024,1,10-K,other,1054905,1,expansion_2024_batch_04,c4e42cb84e766ab7,active_2021_2024,16,0.0,[],,12,Other,unknown,medium,True,quarter_round_robin
labeling_batch_v2,ab5340079fe636c4,20260311,quarter_diversity_fill,6e4b0f9f9c1898d9,9988fdaae6c86d7e,"Our use of AI technologies may not be successful and may present business, financial, legal, and reputational risks.",our use of ai technologies may not be successful and may present business financial legal and reputational risks,,,,2024/QTR1/20240214_10-K_edgar_data_1058290_0001058290-24-000017.txt,2024,1,10-K,other,1058290,14,expansion_2024_batch_04,398bb599b55b43c3,active_2021_2024,18,0.0,[],,12,Other,unknown,medium,True,quarter_round_robin
labeling_batch_v2,b2bfee5fc882f15c,20260311,quarter_diversity_fill,f4349648ca8256c9,07ad4a97649a79e4,Future regulations could also affect products and services the Company offers that incorporate or are based on artificial intelligence technologies.,future regulations could also affect products and services the company offers that incorporate or are based on artificial intelligence technologies,,,,2024/QTR1/20240214_10-K_edgar_data_1059556_0001059556-24-000017.txt,2024,1,10-K,other,1059556,8,expansion_2024_batch_04,8789f669d53db57b,active_2021_2024,20,0.0,[],,12,Other,unknown,medium,True,quarter_round_robin
labeling_batch_v2,b08e1cbce414926e,20260311,quarter_diversity_fill,80ce1c8adb92e58e,29eb4aa2c8052737,"In addition, the emergence and increased adoption of artificial intelligence AI could cause us to fall behind competitively.",in addition the emergence and increased adoption of artificial intelligence ai could cause us to fall behind competitively,,,,2024/QTR1/20240215_10-K_edgar_data_1021561_0001140361-24-008111.txt,2024,1,10-K,other,1021561,1,expansion_2024_batch_02,828d1ec00e546271,active_2021_2024,18,0.0,[],,12,Other,unknown,medium,True,quarter_round_robin
labeling_batch_v2,c04d675de58a9dd0,20260311,quarter_diversity_fill,5ae70fcfe3c6fbae,8835b0aa74a423ea,Such integration and use of AI may become more important in our product offerings and operations over time.,such integration and use of ai may become more important in our product offerings and operations over time,,,,2024/QTR1/20240215_10-K_edgar_data_1050446_0000950170-24-015847.txt,2024,1,10-K,other,1050446,13,expansion_2024_batch_03,96cd4ae986ccb42b,active_2021_2024,18,0.0,[],,12,Other,unknown,medium,True,quarter_round_robin
labeling_batch_v2,df42379864a36f3b,20260311,quarter_diversity_fill,2387103833acfbe8,717b40a2f901a513,"In the future, we directly or through our third-party provided information technology systems or software may incorporate artificial intelligence AI capabilities into our business.",in the future we directly or through our third party provided information technology systems or software may incorporate artificial intelligence ai capabilities into our business,,,,2024/QTR1/20240215_10-K_edgar_data_1052752_0000950170-24-015982.txt,2024,1,10-K,item_1a_risk_factors,1052752,1,expansion_2024_batch_04,076f465ad91b2ef9,active_2021_2024,24,0.0,[],,12,Other,unknown,medium,True,quarter_round_robin
labeling_batch_v2,3ef1fa78bd85a505,20260311,quarter_diversity_fill,691ff1fda84f8181,82df2d572e24d333,We have been and expect to continue to use artificial intelligence AI in our solutions that support our business.,we have been and expect to continue to use artificial intelligence ai in our solutions that support our business,,,,2024/QTR1/20240216_10-K_edgar_data_1005757_0000950170-24-016286.txt,2024,1,10-K,item_1a_risk_factors,1005757,7,expansion_2024_batch_01,905bba4e6dff169e,active_2021_2024,19,0.0,[],,12,Other,unknown,medium,True,quarter_round_robin
labeling_batch_v2,6128ec162df8ce87,20260311,quarter_diversity_fill,2caff8c724a07ec3,d92d0115f3bc2cdd,"In addition, our success is also subject to the risk of future disruptive technologies, including machine learning and artificial intelligence AI .",in addition our success is also subject to the risk of future disruptive technologies including machine learning and artificial intelligence ai,,,,2024/QTR1/20240216_10-K_edgar_data_103145_0001558370-24-001289.txt,2024,1,10-K,item_1a_risk_factors,103145,3,expansion_2024_batch_02,c43e8f5344078c81,active_2021_2024,22,0.0,[],,12,Other,unknown,medium,True,quarter_round_robin
labeling_batch_v2,da37a9c2106b9a36,20260311,quarter_diversity_fill,27b0a202ee3eeea3,76f823817e4365e6,The rapid evolution and increased adoption of artificial intelligence technologies may intensify TDS' cybersecurity risk.,the rapid evolution and increased adoption of artificial intelligence technologies may intensify tds cybersecurity risk,,,,2024/QTR1/20240216_10-K_edgar_data_1051512_0001051512-24-000010.txt,2024,1,10-K,item_1_business,1051512,1,expansion_2024_batch_04,bcf6fcf1e29491c5,active_2021_2024,15,0.0,[],,12,Other,unknown,medium,True,quarter_round_robin
labeling_batch_v2,5ce1bcfbd673070d,20260311,quarter_diversity_fill,a3d33d0f7a867552,8bf4e3088430aa9c,"As with many technological innovations, artificial intelligence AI"" presents great promise but also risks and challenges that could adversely affect our business.",as with many technological innovations artificial intelligence ai presents great promise but also risks and challenges that could adversely affect our business,,,,2024/QTR1/20240216_10-K_edgar_data_1066247_0000950170-24-016260.txt,2024,1,10-K,other,1066247,2,expansion_2024_batch_04,d479de2de5939312,active_2021_2024,22,0.0,[],,12,Other,unknown,medium,True,quarter_round_robin
labeling_batch_v2,835ec0368f1e410f,20260311,quarter_diversity_fill,501a42c21d81fb7b,579e57a2f1cc90f3,"We may not be successful in our adoption of AI, which could adversely affect our business, reputation, or financial results.",we may not be successful in our adoption of ai which could adversely affect our business reputation or financial results,,,,2024/QTR1/20240220_10-K_edgar_data_1042773_0001130310-24-000010.txt,2024,1,10-K,item_1a_risk_factors,1042773,5,expansion_2024_batch_03,ec79eafd06ddebde,active_2021_2024,20,0.0,[],,12,Other,unknown,medium,True,quarter_round_robin
labeling_batch_v2,b23a5c4f603f3229,20260311,quarter_diversity_fill,41c24874f9a6c8ce,630a06f71c5b8a40,"18 Launched ""BriefCam"", an AI-based camera solution designed to assist with monitoring risk areas at our facilities.",18 launched briefcam an ai based camera solution designed to assist with monitoring risk areas at our facilities,,,,2024/QTR1/20240220_10-K_edgar_data_1070985_0000950170-24-017235.txt,2024,1,10-K,other,1070985,1,expansion_2024_batch_04,079d7bfc7f347fda,active_2021_2024,17,0.0,[],,12,Other,unknown,medium,True,quarter_round_robin
labeling_batch_v2,6c457c2fff577088,20260311,quarter_diversity_fill,7f149b24b4a063a6,1381f99e3677ba92,"We plan to build Earth-2, a digital twin of the Earth on NVIDIA AI and NVIDIA Omniverse platforms.",we plan to build earth 2 a digital twin of the earth on nvidia ai and nvidia omniverse platforms,,,,2024/QTR1/20240221_10-K_edgar_data_1045810_0001045810-24-000029.txt,2024,1,10-K,other,1045810,56,expansion_2024_batch_03,d6a7ac73fa649935,active_2021_2024,18,0.0,[],,12,Other,unknown,medium,True,quarter_round_robin
labeling_batch_v2,5640fd853701afed,20260311,quarter_diversity_fill,59716e248fcbd2d0,2e74a4cd08d2b932,We are also actively exploring the integration of generative AI into our institutions various student processes.,we are also actively exploring the integration of generative ai into our institutions various student processes,,,,2024/QTR1/20240221_10-K_edgar_data_1046568_0000950170-24-017946.txt,2024,1,10-K,item_1_business,1046568,3,expansion_2024_batch_03,0bee2ae53232c69c,active_2021_2024,16,0.0,[],,12,Other,unknown,medium,True,quarter_round_robin
labeling_batch_v2,0dd2103eededf119,20260311,quarter_diversity_fill,74451979bd7d7675,9bef5275c1e3067b,Generative artificial intelligence could also create additional regulatory scrutiny and generate uncertainty around intellectual property ownership and/or licensing or use.,generative artificial intelligence could also create additional regulatory scrutiny and generate uncertainty around intellectual property ownership and or licensing or use,,,,2024/QTR1/20240221_10-K_edgar_data_104918_0000950170-24-017421.txt,2024,1,10-K,other,104918,3,expansion_2024_batch_03,ae0e935a14d4a20b,active_2021_2024,20,0.0,[],,12,Other,unknown,medium,True,quarter_round_robin
labeling_batch_v2,b3006cd1ec0a8ceb,20260311,quarter_diversity_fill,ac52adf8005d949d,f043c6645ae81ea2,"Additionally, AI technology can create accuracy issues and other outcomes that could harm our customers and negatively impact our reputation and our business.",additionally ai technology can create accuracy issues and other outcomes that could harm our customers and negatively impact our reputation and our business,,,,2024/QTR1/20240222_10-K_edgar_data_1022079_0001022079-24-000041.txt,2024,1,10-K,item_1a_risk_factors,1022079,19,expansion_2024_batch_02,c91d717ce5039a60,active_2021_2024,23,0.0,[],,12,Other,unknown,medium,True,quarter_round_robin
labeling_batch_v2,f62c6534715383b0,20260311,quarter_diversity_fill,f547005d762e0c44,c271621fb97ae611,"The AI Pension Plan is a multiemployer plan as defined under the Employee Retirement Income Security Act of 1974, as amended.",the ai pension plan is a multiemployer plan as defined under the employee retirement income security act of 1974 as amended,,,,2024/QTR1/20240222_10-K_edgar_data_1043509_0001043509-24-000022.txt,2024,1,10-K,other,1043509,2,expansion_2024_batch_03,9a6881ad2f3840a9,active_2021_2024,21,0.0,[],,12,Other,unknown,medium,True,quarter_round_robin
labeling_batch_v2,e5a89f85fc90e222,20260311,quarter_diversity_fill,459573725b86ba77,6c3157fa100d8c01,AFG may utilize artificial intelligence and machine learning AI in its business or incorporate AI into its products and services.,afg may utilize artificial intelligence and machine learning ai in its business or incorporate ai into its products and services,,,,2024/QTR1/20240223_10-K_edgar_data_1042046_0001042046-24-000009.txt,2024,1,10-K,other,1042046,1,expansion_2024_batch_03,11452f76151c1227,active_2021_2024,20,0.0,[],,12,Other,unknown,medium,True,quarter_round_robin
labeling_batch_v2,7aaa1702deefcc7f,20260311,quarter_diversity_fill,ca8d4a2bebdcd939,524dbfeb9d0b7445,"These techniques include using artificial intelligence (AI), including generative AI to enhance their attacks, which may increase our cybersecurity risk.",these techniques include using artificial intelligence ai including generative ai to enhance their attacks which may increase our cybersecurity risk,,,,2024/QTR1/20240223_10-K_edgar_data_104889_0000104889-24-000010.txt,2024,1,10-K,other,104889,6,expansion_2024_batch_03,a45e1d49d5c6127a,active_2021_2024,20,0.0,[],,12,Other,unknown,medium,True,quarter_round_robin
labeling_batch_v2,98144931925cc5c2,20260311,quarter_diversity_fill,0fbfa43178b2f6c3,4018d603048cb0b7,"The World Economic Forum defines the Fourth Industrial Revolution as the wave of change being driven through advances in technology, data and artificial intelligence.",the world economic forum defines the fourth industrial revolution as the wave of change being driven through advances in technology data and artificial intelligence,,,,2024/QTR1/20240227_10-K_edgar_data_1037976_0001037976-24-000010.txt,2024,1,10-K,other,1037976,3,expansion_2024_batch_03,a74370fd2abce957,active_2021_2024,24,0.0,[],,12,Other,unknown,medium,True,quarter_round_robin
labeling_batch_v2,6aef104cab9722f5,20260311,quarter_diversity_fill,cf0fc8fad581076e,068ff2003477fd31,"We are building and expect to use systems and tools that incorporate AI-based technologies, including generative AI, for customers and our workforce.",we are building and expect to use systems and tools that incorporate ai based technologies including generative ai for customers and our workforce,,,,2024/QTR1/20240227_10-K_edgar_data_1069183_0001069183-24-000006.txt,2024,1,10-K,item_1a_risk_factors,1069183,5,expansion_2024_batch_04,55af0347037f4eb2,active_2021_2024,22,0.0,[],,12,Other,unknown,medium,True,quarter_round_robin
labeling_batch_v2,758187023c856090,20260311,quarter_diversity_fill,86b5f21d047094ef,f651dc14bae8302c,"These AI-related initiatives, whether successful or not, could cause us to incur substantial costs.",these ai related initiatives whether successful or not could cause us to incur substantial costs,,,,2024/QTR1/20240228_10-K_edgar_data_105319_0000950170-24-022144.txt,2024,1,10-K,other,105319,9,expansion_2024_batch_04,0909a48a805abf7c,active_2021_2024,14,0.0,[],,12,Other,unknown,medium,True,quarter_round_robin
labeling_batch_v2,9c75457d0cbb9bf0,20260311,quarter_diversity_fill,f0b1e050b3f1aa1a,03223b1ef56651c6,"Further, any adoption of artificial intelligence by us or by third parties may pose new security challenges.",further any adoption of artificial intelligence by us or by third parties may pose new security challenges,,,,2024/QTR1/20240228_10-K_edgar_data_1061937_0001070750-24-000081.txt,2024,1,10-K,item_1a_risk_factors,1061937,2,expansion_2024_batch_04,8ba4d59c67deacd7,active_2021_2024,17,0.0,[],,12,Other,unknown,medium,True,quarter_round_robin
labeling_batch_v2,64fb92adb52e0b4f,20260311,quarter_diversity_fill,d45aad6a9beb03d3,3e23594e32c5b269,Governments have passed and are likely to pass additional laws regulating generative AI.,governments have passed and are likely to pass additional laws regulating generative ai,,,,2024/QTR1/20240228_10-K_edgar_data_1070494_0000950170-24-021473.txt,2024,1,10-K,item_1a_risk_factors,1070494,2,expansion_2024_batch_04,80cd1b948d9cece2,active_2021_2024,13,0.0,[],,12,Other,unknown,medium,True,quarter_round_robin
labeling_batch_v2,f68c9a746db32cb5,20260311,quarter_diversity_fill,94a015de69bbc8fc,7b524209217f3813,"Deploying AI too rapidly without appropriate controls may result in poor client adoption, liability, and reputational damage.",deploying ai too rapidly without appropriate controls may result in poor client adoption liability and reputational damage,,,,2024/QTR1/20240229_10-K_edgar_data_1013880_0001558370-24-002207.txt,2024,1,10-K,item_1a_risk_factors,1013880,18,expansion_2024_batch_02,59ef05119449ecaf,active_2021_2024,17,0.0,[],,12,Other,unknown,medium,True,quarter_round_robin
labeling_batch_v2,90c592991dfa9c2c,20260311,quarter_diversity_fill,505035db6212f1bb,f96d5de847787b2f,Limited-risk AI systems are subject mainly to transparency requirements only and minimal-risk AI systems are not subject to obligations under the AI Act.,limited risk ai systems are subject mainly to transparency requirements only and minimal risk ai systems are not subject to obligations under the ai act,,,,2024/QTR1/20240305_10-K_edgar_data_1034842_0001558370-24-002475.txt,2024,1,10-K,other,1034842,5,expansion_2024_batch_02,5350b9f54a0359a4,active_2021_2024,23,0.0,[],,12,Other,unknown,medium,True,quarter_round_robin
labeling_batch_v2,0232c9ef24fd6041,20260311,quarter_diversity_fill,b17f20392c1ceffc,c5ad9c9cfdc77cb9,"Additionally, the rapid advancement of AI may give rise to additional cyber vulnerabilities.",additionally the rapid advancement of ai may give rise to additional cyber vulnerabilities,,,,2024/QTR1/20240306_10-K_edgar_data_1006837_0001006837-24-000023.txt,2024,1,10-K,item_1a_risk_factors,1006837,3,expansion_2024_batch_01,ab45d0e9148d0432,active_2021_2024,13,0.0,[],,12,Other,unknown,medium,True,quarter_round_robin
labeling_batch_v2,1ab0dd07a302f73b,20260311,quarter_diversity_fill,70e183990e9f1096,4d796eb67f479a13,"In addition, market acceptance of artificial intelligence and machine learning technologies is uncertain.",in addition market acceptance of artificial intelligence and machine learning technologies is uncertain,,,,2024/QTR1/20240307_10-K_edgar_data_1050377_0001558370-24-002727.txt,2024,1,10-K,other,1050377,14,expansion_2024_batch_03,b1736323e207e4c4,active_2021_2024,13,0.0,[],,12,Other,unknown,medium,True,quarter_round_robin
labeling_batch_v2,59d4c7d23ff4e994,20260311,quarter_diversity_fill,8c3a19f56f2c6757,8e7dde51b19d8ac0,We believe that market dynamics from empowered customers to the emergence of generative AI have fundamentally changed business and technology.,we believe that market dynamics from empowered customers to the emergence of generative ai have fundamentally changed business and technology,,,,2024/QTR1/20240308_10-K_edgar_data_1023313_0000950170-24-028381.txt,2024,1,10-K,other,1023313,1,expansion_2024_batch_02,0e0c85c3909fa191,active_2021_2024,20,0.0,[],,12,Other,unknown,medium,True,quarter_round_robin
labeling_batch_v2,45a198352b300fde,20260311,quarter_diversity_fill,d3191c9bf9af7e48,1dd08b2e9648953d,"Furthermore, the proliferation of AI may lead to the emergence of new market participants with innovative solutions that challenge our patents' validity or enforceability.",furthermore the proliferation of ai may lead to the emergence of new market participants with innovative solutions that challenge our patents validity or enforceability,,,,2024/QTR1/20240308_10-K_edgar_data_1065078_0001072613-24-000334.txt,2024,1,10-K,item_1a_risk_factors,1065078,5,expansion_2024_batch_04,088961c0f3ec77bc,active_2021_2024,24,0.0,[],,12,Other,unknown,medium,True,quarter_round_robin
labeling_batch_v2,e79dd742fb33cbad,20260311,quarter_diversity_fill,68689cc5fbe3ddef,7bc4a5937d2c0bdb,"Our competitors may also adopt AI or Generative AI more quickly or more effectively than we do, which could cause competitive harm.",our competitors may also adopt ai or generative ai more quickly or more effectively than we do which could cause competitive harm,,,,2024/QTR1/20240320_10-K_edgar_data_1038509_0001038509-24-000009.txt,2024,1,10-K,item_1a_risk_factors,1038509,5,expansion_2024_batch_03,1dff92d2205344ee,active_2021_2024,22,0.0,[],,12,Other,unknown,medium,True,quarter_round_robin
labeling_batch_v2,0164fb09101957a1,20260311,quarter_diversity_fill,4b89559f51d4b939,2db32b192a60f0fe,"Despite aggressive monetary policy tightening and geopolitical tensions, risk-on sentiment prevailed on optimistic soft-landing expectations and AI sector growth tailwinds.",despite aggressive monetary policy tightening and geopolitical tensions risk on sentiment prevailed on optimistic soft landing expectations and ai sector growth tailwinds,,,,2024/QTR1/20240322_10-K_edgar_data_1043951_0001140361-24-014821.txt,2024,1,10-K,other,1043951,2,expansion_2024_batch_03,2028aaa6023ac67a,active_2021_2024,20,0.0,[],,12,Other,unknown,medium,True,quarter_round_robin
labeling_batch_v2,f36dda5a226f77d0,20260311,quarter_diversity_fill,210a47757b1a11e0,af67fdf6bfbdb50f,The Company may adopt and integrate generative artificial intelligence tools into our systems for specific use cases reviewed by legal and information security.,the company may adopt and integrate generative artificial intelligence tools into our systems for specific use cases reviewed by legal and information security,,,,2024/QTR1/20240329_10-K_edgar_data_1053691_0001437749-24-010064.txt,2024,1,10-K,other,1053691,3,expansion_2024_batch_04,1d8fb5b9fd546638,active_2021_2024,23,0.0,[],,12,Other,unknown,medium,True,quarter_round_robin
labeling_batch_v2,76e8fb7950b162a1,20260311,quarter_ff12_round_robin,816a6659cda5c994,802edcced86eec64,"We may not be able to sufficiently mitigate or detect any of the foregoing limitations or risks given the lack of experience with using AI/ML methods in our business, the pace of technological change, and rapid adoption of AI/ML by our business partners and competitors.",we may not be able to sufficiently mitigate or detect any of the foregoing limitations or risks given the lack of experience with using ai ml methods in our business the pace of technological change and rapid adoption of ai ml by our business partners and competitors,,,,2024/QTR1/20240214_10-K_edgar_data_1026214_0001026214-24-000025.txt,2024,1,10-K,other,1026214,12,expansion_2024_batch_01,dd09f96c6ebb8080,active_2021_2024,45,0.0,[],6111.0,11,Money,controls_by_firm_year,long,True,quarter_round_robin
labeling_batch_v2,00430560f7ab0e51,20260311,quarter_diversity_fill,a6d99b92004dfe9c,e8346aef73585c3f,"In addition, the rapid evolution and increased adoption of artificial intelligence technologies may increase our cybersecurity risks, including generative artificial intelligence augmenting threat actors technological sophistication to enhance existing or create new malware.",in addition the rapid evolution and increased adoption of artificial intelligence technologies may increase our cybersecurity risks including generative artificial intelligence augmenting threat actors technological sophistication to enhance existing or create new malware,,,,2024/QTR2/20240401_10-K_edgar_data_1140215_0001493152-24-012505.txt,2024,2,10-K,other,1140215,1,expansion_2024_batch_02,ae9dc3c0e14465e3,active_2021_2024,33,0.0,[],,12,Other,unknown,long,True,quarter_round_robin
labeling_batch_v2,4f0b5b90a8028d28,20260311,quarter_diversity_fill,87308d0180b7765c,86f9a0d4bed14227,"In particular, we seek not only to deliver size recommendations but to provide a robust, end-to-end,artificial intelligence, or AI-driven platform that inspires consumer confidence and drives revenue growth by providing a superior consumer journey to both online and the brick and mortar stores.",in particular we seek not only to deliver size recommendations but to provide a robust end to end artificial intelligence or ai driven platform that inspires consumer confidence and drives revenue growth by providing a superior consumer journey to both online and the brick and mortar stores,,,,2024/QTR2/20240401_10-K_edgar_data_1211805_0001493152-24-012542.txt,2024,2,10-K,item_1_business,1211805,3,expansion_2024_batch_02,41857164fdbaa21c,active_2021_2024,43,0.0,[],,12,Other,unknown,long,True,quarter_round_robin
labeling_batch_v2,3033436864637f4d,20260311,quarter_diversity_fill,ea66cd6dbe3cda80,369ac9b3c89aaf3e,"Our leveraging of generative AI is an active approach and allows the understanding of interactions without a human needing to converse, type or interpret.",our leveraging of generative ai is an active approach and allows the understanding of interactions without a human needing to converse type or interpret,,,,2024/QTR2/20240401_10-K_edgar_data_1224133_0000950170-24-038807.txt,2024,2,10-K,other,1224133,5,expansion_2024_batch_02,593490af7a008c4e,active_2021_2024,24,0.0,[],,12,Other,unknown,medium,True,quarter_round_robin
labeling_batch_v2,5d8f6d63711bcf30,20260311,quarter_diversity_fill,1e0842ae3860f5f6,0bee4821e622dac1,The Aerodentis AI Cloud will also be used for ongoing analysis of patient data and management of a patient's treatment plan throughout the treatment.,the aerodentis ai cloud will also be used for ongoing analysis of patient data and management of a patient s treatment plan throughout the treatment,,,,2024/QTR2/20240401_10-K_edgar_data_1282980_0001213900-24-028793.txt,2024,2,10-K,other,1282980,9,expansion_2024_batch_02,9be45f97612cf6a8,active_2021_2024,24,0.0,[],,12,Other,unknown,medium,True,quarter_round_robin
labeling_batch_v2,28af718f2c357dcf,20260311,quarter_diversity_fill,34aca2a32b491539,e21e38543ba35133,"We use artificial intelligence in our products and services which may result in operational challenges, legal liability, reputational concerns and competitive risks.",we use artificial intelligence in our products and services which may result in operational challenges legal liability reputational concerns and competitive risks,,,,2024/QTR2/20240401_10-K_edgar_data_1351636_0000950170-24-039479.txt,2024,2,10-K,item_1_business,1351636,14,expansion_2024_batch_03,e66dd44d51c6954e,active_2021_2024,22,0.0,[],,12,Other,unknown,medium,True,quarter_round_robin
labeling_batch_v2,d3628df1c9ed4309,20260311,quarter_diversity_fill,753e9b6429d21007,e5e5ebd2980657d3,"The use of new and evolving technologies, such as artificial intelligence (AI), in our offerings may result in spending material resources and presents risks and challenges that can impact our business including by posing security and other risks to our confidential information, proprietary information and personal information, and as a result we may be exposed to reputational harm and liability.",the use of new and evolving technologies such as artificial intelligence ai in our offerings may result in spending material resources and presents risks and challenges that can impact our business including by posing security and other risks to our confidential information proprietary information and personal information and as a result we may be exposed to reputational harm and liability,,,,2024/QTR2/20240401_10-K_edgar_data_1374339_0001558370-24-004532.txt,2024,2,10-K,item_1a_risk_factors,1374339,3,expansion_2024_batch_03,6533051fd5b4672f,active_2021_2024,60,0.0,[],,12,Other,unknown,long,True,quarter_round_robin
labeling_batch_v2,fcac0e38490eea36,20260311,quarter_diversity_fill,12717cd42d89b3ab,dda5924fc65062e3,Licensing : The Company may license its proprietary NLP technology and architecture to other companies for a fee.,licensing the company may license its proprietary nlp technology and architecture to other companies for a fee,,,,2024/QTR2/20240401_10-K_edgar_data_1388295_0001493152-24-012247.txt,2024,2,10-K,item_7_mda,1388295,10,expansion_2024_batch_03,d5739f39af7e6c29,active_2021_2024,18,0.0,[],,12,Other,unknown,medium,True,quarter_round_robin
labeling_batch_v2,269d1a8a212963fb,20260311,quarter_diversity_fill,73c3f4fc52f00050,69eb837d516a5f07,"These may include new software applications or related services based on artificial intelligence, machine learning, or robotics.",these may include new software applications or related services based on artificial intelligence machine learning or robotics,,,,2024/QTR2/20240401_10-K_edgar_data_1396536_0001079973-24-000473.txt,2024,2,10-K,item_1a_risk_factors,1396536,14,expansion_2024_batch_03,a01d2e5622f58d14,active_2021_2024,17,0.0,[],,12,Other,unknown,medium,True,quarter_round_robin
labeling_batch_v2,9b6197b8ce04c898,20260311,quarter_diversity_fill,c7f6e5953d7ba87c,bbe66595593f82b4,"If the profile or behavior of applicants using any new products and services is different from that of those currently served by our existing products, our AI models may not be able to accurately evaluate the credit risk of such borrowers, and our bank partner and capital sources may in turn experience higher levels of delinquencies or defaults.",if the profile or behavior of applicants using any new products and services is different from that of those currently served by our existing products our ai models may not be able to accurately evaluate the credit risk of such borrowers and our bank partner and capital sources may in turn experience higher levels of delinquencies or defaults,,,,2024/QTR2/20240401_10-K_edgar_data_1397047_0001213900-24-028705.txt,2024,2,10-K,item_1a_risk_factors,1397047,2,expansion_2024_batch_03,18c638b7ebf20ebb,active_2021_2024,58,0.0,[],,12,Other,unknown,long,True,quarter_round_robin
labeling_batch_v2,44ce7145cef4c606,20260311,quarter_diversity_fill,0707a4059edda2a7,8046a48f7b337798,"You may find our website at www.venus.ai electronic copies of the Annual Report, quarterly reports on Form 10-Q, current reports on Form 8-K, and amendments to those reports filed or furnished pursuant to Section 13(a) or 15(d) of the Exchange Act.",you may find our website at www venus ai electronic copies of the annual report quarterly reports on form 10 q current reports on form 8 k and amendments to those reports filed or furnished pursuant to section 13 a or 15 d of the exchange act,,,,2024/QTR2/20240401_10-K_edgar_data_1409269_0001437749-24-010159.txt,2024,2,10-K,other,1409269,15,expansion_2024_batch_04,27cf2be8bdd94a86,active_2021_2024,41,0.0,[],,12,Other,unknown,long,True,quarter_round_robin
labeling_batch_v2,6cec88875b633a35,20260311,quarter_diversity_fill,b15d0aa3edae02e0,560d8981947a9691,"The opportunity to collect data points over time could enable the development of business and insurance liability benchmarking, and through AI, powerful guidance for perpetual safety improvement (and associated cost savings capture).",the opportunity to collect data points over time could enable the development of business and insurance liability benchmarking and through ai powerful guidance for perpetual safety improvement and associated cost savings capture,,,,2024/QTR2/20240401_10-K_edgar_data_1425627_0001477932-24-001629.txt,2024,2,10-K,item_1_business,1425627,1,expansion_2024_batch_04,302aed7679fe7a1b,active_2021_2024,32,0.0,[],,12,Other,unknown,long,True,quarter_round_robin
labeling_batch_v2,a6c377cf62e3f8b4,20260311,quarter_diversity_fill,f7e2e3b539e872fd,8c92dfa15954845a,"We believe other approaches based on machine learning, or other artificial intelligence methodologies are potentially viable alternatives but are likely too costly, do not meet current compliance timelines, and may defy the core of COPPA's opt-in parameters.",we believe other approaches based on machine learning or other artificial intelligence methodologies are potentially viable alternatives but are likely too costly do not meet current compliance timelines and may defy the core of coppa s opt in parameters,,,,2024/QTR2/20240401_10-K_edgar_data_1437283_0001214659-24-005793.txt,2024,2,10-K,item_1_business,1437283,6,expansion_2024_batch_04,d869309a0a12465a,active_2021_2024,37,0.0,[],,12,Other,unknown,long,True,quarter_round_robin
labeling_batch_v2,43c128dd72e6bdd6,20260311,quarter_diversity_fill,4185ab30055476bb,5e0109539410fda2,"For the residential home portfolio valuation, HouseCanary generated an estimated value for each individual home using its proprietary automated valuation models built to leverage machine learning algorithms and an extensive database that may include MLS information, county assessor records, mortgage and other public records, sales history for a subject property and its surrounding neighborhood, real estate market trends, and macro and local economic and housing data.",for the residential home portfolio valuation housecanary generated an estimated value for each individual home using its proprietary automated valuation models built to leverage machine learning algorithms and an extensive database that may include mls information county assessor records mortgage and other public records sales history for a subject property and its surrounding neighborhood real estate market trends and macro and local economic and housing data,,,,2024/QTR2/20240401_10-K_edgar_data_1452936_0001452936-24-000035.txt,2024,2,10-K,item_1a_risk_factors,1452936,1,expansion_2024_batch_04,b1a42333849387bb,active_2021_2024,66,0.0,[],,12,Other,unknown,long,True,quarter_round_robin
labeling_batch_v2,d3ee5df37392e3af,20260311,quarter_diversity_fill,cd1636132a778c80,268cfe052d66c410,The use of generative artificial intelligence tools could also expose us to inadvertently disclosing trade secrets or other confidential information or inadvertently cause us to violate third party intellectual property rights.,the use of generative artificial intelligence tools could also expose us to inadvertently disclosing trade secrets or other confidential information or inadvertently cause us to violate third party intellectual property rights,,,,2024/QTR2/20240401_10-K_edgar_data_1462056_0001462056-24-000033.txt,2024,2,10-K,item_1a_risk_factors,1462056,3,expansion_2024_batch_04,9b405029fdef2aca,active_2021_2024,31,0.0,[],,12,Other,unknown,long,True,quarter_round_robin
labeling_batch_v2,67fb486c23264f46,20260311,quarter_diversity_fill,4eaf3f753314267b,e8c7597942bced6a,"GENERATIVE AI RISK Generative AI challenges quality and accuracy; repeatability; data privacy; auditability; copyright; data quality; fraudulent use; skill of prompt engineering to derive useful outputs; as well as ethical considerations regarding bias, transparency, accessibility, accountability, and regulation.",generative ai risk generative ai challenges quality and accuracy repeatability data privacy auditability copyright data quality fraudulent use skill of prompt engineering to derive useful outputs as well as ethical considerations regarding bias transparency accessibility accountability and regulation,,,,2024/QTR2/20240401_10-K_edgar_data_1463913_0001437749-24-010330.txt,2024,2,10-K,other,1463913,1,expansion_2024_batch_04,816292c2bfabb9d4,active_2021_2024,38,0.0,[],,12,Other,unknown,long,True,quarter_round_robin
labeling_batch_v2,2f8848a1019210e2,20260311,quarter_diversity_fill,6e8533a93e7a3035,f1cc9e46eb4e35a1,"The introduction or announcement of new services and technologies by our competitors, including artificial intelligence (""AI"") tools, could make our existing solutions obsolete, cause customers to defer purchases of our products and services, or otherwise adversely affect our business and results of operations.",the introduction or announcement of new services and technologies by our competitors including artificial intelligence ai tools could make our existing solutions obsolete cause customers to defer purchases of our products and services or otherwise adversely affect our business and results of operations,,,,2024/QTR2/20240402_10-K_edgar_data_1327688_0000950170-24-040394.txt,2024,2,10-K,item_1a_risk_factors,1327688,3,expansion_2024_batch_03,4540c68c82b6bbde,active_2021_2024,43,0.0,[],,12,Other,unknown,long,True,quarter_round_robin
labeling_batch_v2,0b37635eccee9b5f,20260311,quarter_diversity_fill,4a4bef394b87af1d,8bd9df62bc204e30,"Additionally, the introduction of new technologies and services, including voice assistance, artificial intelligence, internet-of-things and machine learning, and the emergence of new industry standards and practices related to these technological developments could render our existing technologies and services obsolete and unmarketable or require unanticipated investments in technology.",additionally the introduction of new technologies and services including voice assistance artificial intelligence internet of things and machine learning and the emergence of new industry standards and practices related to these technological developments could render our existing technologies and services obsolete and unmarketable or require unanticipated investments in technology,,,,2024/QTR2/20240402_10-K_edgar_data_1460329_0001437749-24-010639.txt,2024,2,10-K,other,1460329,1,expansion_2024_batch_04,082c5b09264cf112,active_2021_2024,47,0.0,[],,12,Other,unknown,long,True,quarter_round_robin
labeling_batch_v2,c668e860291138d2,20260311,quarter_diversity_fill,76a37d305f105716,df19f15e408a804a,"These threats include but are not limited to social-engineering attacks (including through deep fakes, which may increasingly difficult to identify as fake, and phishing attacks), malicious code (such as viruses and worms), malware (including as a result of advanced persistent threat intrusions), denial-of-service attacks, credential stuffing, credential harvesting, personnel misconduct or error, ransomware attacks, supply-chain attacks, software bugs, server malfunctions, software or hardware failures, loss of data or other information technology assets, adware, attacks enhanced or facilitated by AI, telecommunications failures, earthquakes, fires, floods, and other similar threats.",these threats include but are not limited to social engineering attacks including through deep fakes which may increasingly difficult to identify as fake and phishing attacks malicious code such as viruses and worms malware including as a result of advanced persistent threat intrusions denial of service attacks credential stuffing credential harvesting personnel misconduct or error ransomware attacks supply chain attacks software bugs server malfunctions software or hardware failures loss of data or other information technology assets adware attacks enhanced or facilitated by ai telecommunications failures earthquakes fires floods and other similar threats,,,,2024/QTR2/20240404_10-K_edgar_data_1132105_0000950170-24-041618.txt,2024,2,10-K,other,1132105,4,expansion_2024_batch_02,0586d81360a2e568,active_2021_2024,88,0.0,[],,12,Other,unknown,long,True,quarter_round_robin
labeling_batch_v2,ca830951f3e3a4e1,20260311,quarter_diversity_fill,4a56f6e6ab5a91c1,9959b03b4e086eea,"The use of artificial intelligence AI , data analytics, and other technologies are expected in the future to become a key component in the administration and management of health plans and health care delivery.",the use of artificial intelligence ai data analytics and other technologies are expected in the future to become a key component in the administration and management of health plans and health care delivery,,,,2024/QTR2/20240405_10-K_edgar_data_1089815_0001140361-24-018303.txt,2024,2,10-K,other,1089815,2,expansion_2024_batch_02,7c18285297cc7ab6,active_2021_2024,34,0.0,[],,12,Other,unknown,long,True,quarter_round_robin
labeling_batch_v2,40bde3bec3a3f3b9,20260311,quarter_diversity_fill,66956e3fc78f9b03,89f775cb3672b5f6,"We are in the early stages of implementing our plan for the construction and operation of clean-energy-powered data centers to lease to large enterprise information technology (IT) customers that are creating or addressing the growing demand for AI, Cloud and High-Performance Computing (HPC) digital services.",we are in the early stages of implementing our plan for the construction and operation of clean energy powered data centers to lease to large enterprise information technology it customers that are creating or addressing the growing demand for ai cloud and high performance computing hpc digital services,,,,2024/QTR2/20240409_10-K_edgar_data_1174891_0001493152-24-014061.txt,2024,2,10-K,item_1_business,1174891,1,expansion_2024_batch_02,6f1d67213c060c66,active_2021_2024,45,0.0,[],,12,Other,unknown,long,True,quarter_round_robin
labeling_batch_v2,c1f6853913352f74,20260311,quarter_diversity_fill,2c215f216493a4c1,9b05ea6987825646,"These may include new software applications or related services based on artificial intelligence (such as our AI search beta launch), augmented reality, machine learning, or robotics or more generally evolving trends in e-commerce.",these may include new software applications or related services based on artificial intelligence such as our ai search beta launch augmented reality machine learning or robotics or more generally evolving trends in e commerce,,,,2024/QTR2/20240411_10-K_edgar_data_1468327_0001468327-24-000114.txt,2024,2,10-K,other,1468327,3,expansion_2024_batch_04,530dae89e90a6c19,active_2021_2024,33,0.0,[],,12,Other,unknown,long,True,quarter_round_robin
labeling_batch_v2,74ccc063f061d15a,20260311,quarter_diversity_fill,5407e5aff190613c,3d2934263386877d,"Further, the rapid evolution and increased adoption of artificial intelligence technologies may increase our level of cybersecurity risk.",further the rapid evolution and increased adoption of artificial intelligence technologies may increase our level of cybersecurity risk,,,,2024/QTR2/20240415_10-K_edgar_data_1170010_0001170010-24-000034.txt,2024,2,10-K,item_1a_risk_factors,1170010,3,expansion_2024_batch_02,26578cf249a24cc1,active_2021_2024,18,0.0,[],,12,Other,unknown,medium,True,quarter_round_robin
labeling_batch_v2,11a8ab59bfb08243,20260311,quarter_diversity_fill,6ea22ed21ac92a9c,067a112dcf3a04fd,Our AI-based products and services represent a significant opportunity for us in the future.,our ai based products and services represent a significant opportunity for us in the future,,,,2024/QTR2/20240415_10-K_edgar_data_1368365_0001368365-24-000060.txt,2024,2,10-K,other,1368365,12,expansion_2024_batch_03,cdcd86a9510e09f6,active_2021_2024,14,0.0,[],,12,Other,unknown,medium,True,quarter_round_robin
labeling_batch_v2,95b4e9a06059285a,20260311,quarter_diversity_fill,c30da581137ce460,e961876241296927,"Other Supply Chain Integration - Beneway has identified several additional industries for future expansion, including medical and health care, high-tech digital AI systems, environmental protection and energy-related production.",other supply chain integration beneway has identified several additional industries for future expansion including medical and health care high tech digital ai systems environmental protection and energy related production,,,,2024/QTR2/20240415_10-K_edgar_data_1394108_0001554795-24-000105.txt,2024,2,10-K,other,1394108,3,expansion_2024_batch_03,33ea66a84453117f,active_2021_2024,28,0.0,[],,12,Other,unknown,long,True,quarter_round_robin
labeling_batch_v2,d7a52bd276580419,20260311,quarter_diversity_fill,5b2fdd6ca12d0e09,a1cc47a25f0f24a2,The application of newly developed artificial intelligence and other technologies which are widely anticipated to reduce the development time to bring new products to market may materially increase the volume of applications for product approval to the FDA compared to historical application levels.,the application of newly developed artificial intelligence and other technologies which are widely anticipated to reduce the development time to bring new products to market may materially increase the volume of applications for product approval to the fda compared to historical application levels,,,,2024/QTR2/20240415_10-K_edgar_data_1420565_0000950170-24-044508.txt,2024,2,10-K,other,1420565,1,expansion_2024_batch_04,cd68db8da8721ada,active_2021_2024,43,0.0,[],,12,Other,unknown,long,True,quarter_round_robin
labeling_batch_v2,310ebe4598bfb1ab,20260311,quarter_diversity_fill,a7b11ce267da0853,773d739c5e20c713,"Our principal solutions, available individually or through our DAAP, can be summarized as follows: Audience Development AI-generated dynamic audience creation using predictive analytics via machine learning methods applied to real-world data (RWD) to assist healthcare providers (HCPs) in identifying patients who may be qualified for specific therapies, raise awareness of patient access pathways, and identify early indicators of non-adherence among patient populations.",our principal solutions available individually or through our daap can be summarized as follows audience development ai generated dynamic audience creation using predictive analytics via machine learning methods applied to real world data rwd to assist healthcare providers hcps in identifying patients who may be qualified for specific therapies raise awareness of patient access pathways and identify early indicators of non adherence among patient populations,,,,2024/QTR2/20240415_10-K_edgar_data_1448431_0001213900-24-033000.txt,2024,2,10-K,item_1_business,1448431,3,expansion_2024_batch_04,86e380f87967fcad,active_2021_2024,62,0.0,[],,12,Other,unknown,long,True,quarter_round_robin
labeling_batch_v2,f106467bc3b0f7bc,20260311,quarter_diversity_fill,3f1206a26b863eeb,f7d6a375203886a7,We believe that one of the most significant drivers of longer-term wearable display market adoption that will change the future of computing and result in broad adoption of AR in smaller wearable packages will be the augmentation of the real world with cloud-based information and AI.,we believe that one of the most significant drivers of longer term wearable display market adoption that will change the future of computing and result in broad adoption of ar in smaller wearable packages will be the augmentation of the real world with cloud based information and ai,,,,2024/QTR2/20240415_10-K_edgar_data_1463972_0001558370-24-005117.txt,2024,2,10-K,other,1463972,5,expansion_2024_batch_04,b6a288f93b2c2281,active_2021_2024,46,0.0,[],,12,Other,unknown,long,True,quarter_round_robin
labeling_batch_v2,0c6b5ba6e134138a,20260311,quarter_diversity_fill,0c2ae121eed3686e,a0efdaaa5952494f,"We specifically focus on members with anxiety, depression and/or substance use disorder(s) by using AI and predictive modeling, applying claims-based analytics to identify health plan members with medical costs that may be impacted through behavioral health treatment with the Ontrak program.",we specifically focus on members with anxiety depression and or substance use disorder s by using ai and predictive modeling applying claims based analytics to identify health plan members with medical costs that may be impacted through behavioral health treatment with the ontrak program,,,,2024/QTR2/20240416_10-K_edgar_data_1136174_0001628280-24-016456.txt,2024,2,10-K,item_1_business,1136174,7,expansion_2024_batch_02,e1bfaf7980915899,active_2021_2024,41,0.0,[],,12,Other,unknown,long,True,quarter_round_robin
labeling_batch_v2,adf70e90d4bdda9a,20260311,quarter_diversity_fill,7fce4871cfa907d4,4122abb55155fe94,"We believe that the U.S. and global utility grids lack sufficient capacity to supply enough electricity to all the new EVs, AI, data centers, electrified industry and other electrical devices which are becoming increasingly available to consumers and business, especially considering the number of national and state governments that have announced future bans on the sale of gasoline and diesel vehicles, as early as 2025 in Norway, and 2035 in Europe, with most bans being put in place no later than 2040.",we believe that the u s and global utility grids lack sufficient capacity to supply enough electricity to all the new evs ai data centers electrified industry and other electrical devices which are becoming increasingly available to consumers and business especially considering the number of national and state governments that have announced future bans on the sale of gasoline and diesel vehicles as early as 2025 in norway and 2035 in europe with most bans being put in place no later than 2040,,,,2024/QTR2/20240416_10-K_edgar_data_1398805_0001683168-24-002470.txt,2024,2,10-K,item_1_business,1398805,1,expansion_2024_batch_03,05f2d8c977ce3c89,active_2021_2024,82,0.0,[],,12,Other,unknown,long,True,quarter_round_robin
labeling_batch_v2,9db9fef9b1c54b94,20260311,quarter_diversity_fill,9eb3a1412f32789a,82280d9a5e1fb1c7,"If our ML- AI models fail to adequately predict the creditworthiness of borrowers due to the design of our models or programming or other errors, and our ML- AI models do not detect and account for such errors, or any of the other components of our credit decision process fails, we may experience higher than forecasted loan losses.",if our ml ai models fail to adequately predict the creditworthiness of borrowers due to the design of our models or programming or other errors and our ml ai models do not detect and account for such errors or any of the other components of our credit decision process fails we may experience higher than forecasted loan losses,,,,2024/QTR2/20240417_10-K_edgar_data_1064722_0001493152-24-015016.txt,2024,2,10-K,other,1064722,19,expansion_2024_batch_01,b79d8e3989620a01,active_2021_2024,58,0.0,[],,12,Other,unknown,long,True,quarter_round_robin
labeling_batch_v2,d738abe8ea46acec,20260311,quarter_diversity_fill,8078257eed840357,9edffaed9c264a9e,"While we may pursue an acquisition opportunity in the Electric Vehicles, Artificial Intelligence, Machine Learning and Robotics EV-AI-ML-R industry or sector, we intend to focus on: (1) businesses that source, design, develop, manufacture and distribute high-performance, affordable and fully electric vehicles; and (2) businesses that design, manufacture, install and sell Power Controls, Battery Technology, Wireless Technology, and Residential utility meters and remote, mission-critical devices mostly engineered using Artificial Intelligence, Machine Learning and Robotic technologies.",while we may pursue an acquisition opportunity in the electric vehicles artificial intelligence machine learning and robotics ev ai ml r industry or sector we intend to focus on 1 businesses that source design develop manufacture and distribute high performance affordable and fully electric vehicles and 2 businesses that design manufacture install and sell power controls battery technology wireless technology and residential utility meters and remote mission critical devices mostly engineered using artificial intelligence machine learning and robotic technologies,,,,2024/QTR2/20240417_10-K_edgar_data_1084475_0001493152-24-015039.txt,2024,2,10-K,other,1084475,4,expansion_2024_batch_01,96ae4f0bfe559804,active_2021_2024,74,0.0,[],,12,Other,unknown,long,True,quarter_round_robin
labeling_batch_v2,c13b45bdd68041ec,20260311,quarter_diversity_fill,67c456e98371b8d0,6431db8d740be4e9,"We have deployed data analytics and machine learning, to enable operations to be predictive, reduce risk, improve safety, and reduce costs.",we have deployed data analytics and machine learning to enable operations to be predictive reduce risk improve safety and reduce costs,,,,2024/QTR2/20240417_10-K_edgar_data_1450704_0001829126-24-002582.txt,2024,2,10-K,other,1450704,2,expansion_2024_batch_04,4419a7983111f23f,active_2021_2024,21,0.0,[],,12,Other,unknown,medium,True,quarter_round_robin
labeling_batch_v2,5d1752df35aeb281,20260311,quarter_diversity_fill,2a0954f0e613f736,92c797b3c99a9533,"Description of Exhibit 2.1 Asset Purchase Agreement by and among Logiq , Inc. and its wholly-owned subsidiary, Origin8, Inc., Push Holdings, Inc. and ConversionPoint Technologies, Inc., dated as of December 16, 2019 (3) 2.2 Agreement and Plan of Merger by and among Fixel AI Inc., Logiq , Inc., Logiq Merger Sub, Inc., Etgar Shpivak , Hadar Shpivak and Elad Levy, dated as of October 30, 2020 (7) 2.3 Agreement and Plan of Merger by and among Logiq , Inc., RAI Acquisition Sub, Inc., Rebel AI, Inc, and Emmanuel Puentes, dated as of March 3, 2021 (9) 2.4 Amendment No.",description of exhibit 2 1 asset purchase agreement by and among logiq inc and its wholly owned subsidiary origin8 inc push holdings inc and conversionpoint technologies inc dated as of december 16 2019 3 2 2 agreement and plan of merger by and among fixel ai inc logiq inc logiq merger sub inc etgar shpivak hadar shpivak and elad levy dated as of october 30 2020 7 2 3 agreement and plan of merger by and among logiq inc rai acquisition sub inc rebel ai inc and emmanuel puentes dated as of march 3 2021 9 2 4 amendment no,,,,2024/QTR2/20240503_10-K_edgar_data_1335112_0001575872-24-000488.txt,2024,2,10-K,other,1335112,19,expansion_2024_batch_03,fce786844dd794f4,active_2021_2024,99,0.0,[],,12,Other,unknown,long,True,quarter_round_robin
labeling_batch_v2,594b6c1b17083dab,20260311,quarter_diversity_fill,d5970aa665c5cbac,a345bdee3adb0118,The rapid evolution and increased adoption of artificial intelligence technologies may intensify these cybersecurity risks.,the rapid evolution and increased adoption of artificial intelligence technologies may intensify these cybersecurity risks,,,,2024/QTR2/20240506_10-K_edgar_data_1304280_0001304280-24-000024.txt,2024,2,10-K,other,1304280,2,expansion_2024_batch_02,f4ace27a152dac20,active_2021_2024,15,0.0,[],,12,Other,unknown,medium,True,quarter_round_robin
labeling_batch_v2,384c4982d8964981,20260311,quarter_diversity_fill,e3749a4af29bed8e,050142b41082476c,"We may not be successful in our initiatives that utilize AI, which could adversely affect our business, reputation, or financial results.",we may not be successful in our initiatives that utilize ai which could adversely affect our business reputation or financial results,,,,2024/QTR2/20240513_10-K_edgar_data_1169561_0001169561-24-000039.txt,2024,2,10-K,other,1169561,2,expansion_2024_batch_02,23eb1cce19a3743f,active_2021_2024,21,0.0,[],,12,Other,unknown,medium,True,quarter_round_robin
labeling_batch_v2,81bdb9cc7033c8d6,20260311,quarter_diversity_fill,19f4f6a1e6635758,94f1284a3eb9e829,"If our competitors or others are able to use or leverage AI more rapidly or more successfully than us, our ability to compete effectively could be impaired, as a result of which our business and financial results could be adversely affected.",if our competitors or others are able to use or leverage ai more rapidly or more successfully than us our ability to compete effectively could be impaired as a result of which our business and financial results could be adversely affected,,,,2024/QTR2/20240516_10-K_edgar_data_1032975_0001032975-24-000023.txt,2024,2,10-K,other,1032975,9,expansion_2024_batch_01,2ef5ef3ef7cbaf8e,active_2021_2024,41,0.0,[],,12,Other,unknown,long,True,quarter_round_robin
labeling_batch_v2,fdf4e79ad354e26c,20260311,quarter_diversity_fill,8b094124a8b7d91b,09af1110c60ff7a4,"Data that artificial intelligence applications utilize are likely to contain a degree of inaccuracy and error, which could result in flawed algorithms.",data that artificial intelligence applications utilize are likely to contain a degree of inaccuracy and error which could result in flawed algorithms,,,,2024/QTR2/20240523_10-K_edgar_data_1433642_0001433642-24-000064.txt,2024,2,10-K,other,1433642,7,expansion_2024_batch_04,e746ad69388ef588,active_2021_2024,22,0.0,[],,12,Other,unknown,medium,True,quarter_round_robin
labeling_batch_v2,4a820fdedba29887,20260311,quarter_diversity_fill,a9a01b7cf5a6d4a8,11b1fd5b330a7b6f,"The group prioritizes cyber capability areas, including strategy and policy, risk management, architecture and engineering, defense operations, analytics and AI/ML, and computer network operations.",the group prioritizes cyber capability areas including strategy and policy risk management architecture and engineering defense operations analytics and ai ml and computer network operations,,,,2024/QTR2/20240524_10-K_edgar_data_1443646_0001443646-24-000075.txt,2024,2,10-K,other,1443646,8,expansion_2024_batch_04,a3c358c07eb0b297,active_2021_2024,24,0.0,[],,12,Other,unknown,medium,True,quarter_round_robin
labeling_batch_v2,0851b7eced8f98d4,20260311,quarter_diversity_fill,743d206097233871,55ccbfa2d30bdfe4,We expect that increased investment will be required in the future to continuously improve our use of AI Technologies.,we expect that increased investment will be required in the future to continuously improve our use of ai technologies,,,,2024/QTR2/20240528_10-K_edgar_data_1411688_0001628280-24-025287.txt,2024,2,10-K,other,1411688,8,expansion_2024_batch_04,a84eaaf44ee9b5a3,active_2021_2024,19,0.0,[],,12,Other,unknown,medium,True,quarter_round_robin
labeling_batch_v2,25aa0f87cec55786,20260311,quarter_diversity_fill,8d76ffcb1fcb0089,72e417727dc2b7a5,"Oracle MySQL HeatWave combines transactions, real-time analytics, machine learning and generative AI in one managed cloud service.",oracle mysql heatwave combines transactions real time analytics machine learning and generative ai in one managed cloud service,,,,2024/QTR2/20240620_10-K_edgar_data_1341439_0000950170-24-075605.txt,2024,2,10-K,item_7_mda,1341439,11,expansion_2024_batch_03,605484c60a41ccb1,active_2021_2024,17,0.0,[],,12,Other,unknown,medium,True,quarter_round_robin
labeling_batch_v2,ad2d654935fdc8a0,20260311,quarter_diversity_fill,4ff6edd2c6ca477e,a3dc4e38672d1e9a,"Harnessing AI's transformative potential may enable us to speed up the discovery and development of new drugs, optimize our manufacturing processes, and drive efficiencies.",harnessing ai s transformative potential may enable us to speed up the discovery and development of new drugs optimize our manufacturing processes and drive efficiencies,,,,2024/QTR3/20240701_10-K_edgar_data_1053369_0001493152-24-025829.txt,2024,3,10-K,item_1a_risk_factors,1053369,12,expansion_2024_batch_01,27e674adea2ce2b5,active_2021_2024,24,0.0,[],,12,Other,unknown,medium,True,quarter_round_robin
labeling_batch_v2,207e918c8c115e48,20260311,quarter_diversity_fill,26154ac2e0076574,99f1e4c6754c028b,"If we are unsuccessful in delivering the above-mentioned AI solutions, it could adversely impact our results of operations and financial condition.",if we are unsuccessful in delivering the above mentioned ai solutions it could adversely impact our results of operations and financial condition,,,,2024/QTR3/20240701_10-K_edgar_data_1868640_0000950170-24-079647.txt,2024,3,10-K,other,1868640,2,expansion_2024_batch_04,eb546a2a12caf2de,active_2021_2024,21,0.0,[],,12,Other,unknown,medium,True,quarter_round_robin
labeling_batch_v2,0a075d1f0c3794aa,20260311,quarter_diversity_fill,1c4d6f5afd399189,142a0e9f1b65a377,"Utilize its latest assets acquisitions, Avant mission is to provide innovative and e ective AI solutions that transform businesses and positively impact society.",utilize its latest assets acquisitions avant mission is to provide innovative and e ective ai solutions that transform businesses and positively impact society,,,,2024/QTR3/20240703_10-K_edgar_data_1740797_0001740797-24-000031.txt,2024,3,10-K,other,1740797,4,expansion_2024_batch_03,ce74ca953601e644,active_2021_2024,23,0.0,[],,12,Other,unknown,medium,True,quarter_round_robin
labeling_batch_v2,85dfc280f9326b1f,20260311,quarter_diversity_fill,3f92f2985e19bff8,7237377a581ba204,"From May 2016 through October 2018, Mr. Kostiner was a consultant to Cypress Skilled Nursing, a healthcare facility operator and from May 2017 through October 2018 he was a consultant to LinKay Technologies Inc., an artificial intelligence incubator with a portfolio of intellectual property focused on AI and LiDAR/geospatial technology, with a research staff in India and New York.",from may 2016 through october 2018 mr kostiner was a consultant to cypress skilled nursing a healthcare facility operator and from may 2017 through october 2018 he was a consultant to linkay technologies inc an artificial intelligence incubator with a portfolio of intellectual property focused on ai and lidar geospatial technology with a research staff in india and new york,,,,2024/QTR3/20240709_10-K_edgar_data_1561880_0001493152-24-026528.txt,2024,3,10-K,item_1a_risk_factors,1561880,2,expansion_2024_batch_02,4c915585ab7ce65e,active_2021_2024,59,0.0,[],,12,Other,unknown,long,True,quarter_round_robin
labeling_batch_v2,e9d961a8139407af,20260311,quarter_diversity_fill,62b2dd501919e2b7,92ea65f1eacdf002,"For example, we use a combination of statistical methods leveraging machine learning and artificial intelligence algorithms in connection with our underwriting and risk processes to review certain key alternative asset valuations, investment information, and limited partnership agreement terms (e.g., net asset values, net asset value as of dates, commitment periods, permitted investments and expenses).",for example we use a combination of statistical methods leveraging machine learning and artificial intelligence algorithms in connection with our underwriting and risk processes to review certain key alternative asset valuations investment information and limited partnership agreement terms e g net asset values net asset value as of dates commitment periods permitted investments and expenses,,,,2024/QTR3/20240709_10-K_edgar_data_1775734_0001775734-24-000029.txt,2024,3,10-K,item_1_business,1775734,1,expansion_2024_batch_03,34c9f0c4b50f00dd,active_2021_2024,54,0.0,[],,12,Other,unknown,long,True,quarter_round_robin
labeling_batch_v2,04d98e671b190930,20260311,quarter_diversity_fill,0fddc829f60dd6b8,067e8b992f07b8a2,"Additionally, Mr. Bordes currently serves as a director for (i) Logiq, Inc. (OTC: LGIQ), a U.S.-based advertising technology company and significant stockholder of the Company, (ii) GoLogiq, Inc. (OTC: GOLQ), a U.S.-based global provider of fintech and consumer data analytics, (iii) Beasley Broadcast Group (Nasdaq: BBGI), a public media and digital broadcast company providing music, news, sports information and entertainment to over 19 million listeners from 63 stations across the U.S., (iv) Kubient (Nasdaq: KBNT), a cloud advertising platform, where he previously served as its CEO and led the company's IPO and listing on NASDAQ, and (v) Fraud.net, a leading AI powered collective intelligence fraud prevention, risk mitigation cloud infrastructure platform for the real-time economy.",additionally mr bordes currently serves as a director for i logiq inc otc lgiq a u s based advertising technology company and significant stockholder of the company ii gologiq inc otc golq a u s based global provider of fintech and consumer data analytics iii beasley broadcast group nasdaq bbgi a public media and digital broadcast company providing music news sports information and entertainment to over 19 million listeners from 63 stations across the u s iv kubient nasdaq kbnt a cloud advertising platform where he previously served as its ceo and led the company s ipo and listing on nasdaq and v fraud net a leading ai powered collective intelligence fraud prevention risk mitigation cloud infrastructure platform for the real time economy,,,,2024/QTR3/20240710_10-K_edgar_data_1854583_0001213900-24-060521.txt,2024,3,10-K,item_1a_risk_factors,1854583,6,expansion_2024_batch_04,0b63cef1b2069235,active_2021_2024,115,0.0,[],,12,Other,unknown,long,True,quarter_round_robin
labeling_batch_v2,be8e0961c2afb913,20260311,quarter_diversity_fill,09188a18503f6509,fa38856276b61c4d,"Ms. Katz is an experienced attorney, former elected official, and former technology company executive, specializing in blockchain FinTech, as well as corporate, cybersecurity, and the developing areas of generative AI and Web3 law.",ms katz is an experienced attorney former elected official and former technology company executive specializing in blockchain fintech as well as corporate cybersecurity and the developing areas of generative ai and web3 law,,,,2024/QTR3/20240711_10-K_edgar_data_1811999_0001096906-24-001512.txt,2024,3,10-K,item_7_mda,1811999,1,expansion_2024_batch_03,d3e9efe9d4cbf16d,active_2021_2024,33,0.0,[],,12,Other,unknown,long,True,quarter_round_robin
labeling_batch_v2,c80b978d151dd6ee,20260311,quarter_diversity_fill,ce9f6ed3537084d5,dff71cee3ce394ff,The Paanini Foundation's mission is to prepare employees who may be impacted by AI and automation for the new opportunities that they will encounter.,the paanini foundation s mission is to prepare employees who may be impacted by ai and automation for the new opportunities that they will encounter,,,,2024/QTR3/20240712_10-K_edgar_data_1854275_0001213900-24-060948.txt,2024,3,10-K,item_7_mda,1854275,9,expansion_2024_batch_04,9cb19d4fd7f89ece,active_2021_2024,24,0.0,[],,12,Other,unknown,medium,True,quarter_round_robin
labeling_batch_v2,78396ddc85221989,20260311,quarter_diversity_fill,7598cdd1dc7647ff,651214eb4e1ffeee,"Advancements in technology, such as advanced safety systems; automated package sorting, handling, and delivery; autonomous delivery; third-party supply chain insight and management; artificial intelligence; vehicle platooning; alternative fuel vehicles; and digitization of freight services, may necessitate that we increase investments in order to remain competitive, and our customers may not be willing to accept higher rates to cover the cost of these investments.",advancements in technology such as advanced safety systems automated package sorting handling and delivery autonomous delivery third party supply chain insight and management artificial intelligence vehicle platooning alternative fuel vehicles and digitization of freight services may necessitate that we increase investments in order to remain competitive and our customers may not be willing to accept higher rates to cover the cost of these investments,,,,2024/QTR3/20240715_10-K_edgar_data_1048911_0000950170-24-083577.txt,2024,3,10-K,other,1048911,13,expansion_2024_batch_01,ad959cba0265810d,active_2021_2024,63,0.0,[],,12,Other,unknown,long,True,quarter_round_robin
labeling_batch_v2,e65f490dbe214fd0,20260311,quarter_diversity_fill,98c50baf6f6271ea,ccc8193682a181c9,"Plan of Operation We devote substantial efforts to enter into new-emerging application industries of Internet Technology, Artificial Intelligence (AI) and the Internet of Things (IOT).",plan of operation we devote substantial efforts to enter into new emerging application industries of internet technology artificial intelligence ai and the internet of things iot,,,,2024/QTR3/20240715_10-K_edgar_data_1438461_0001640334-24-001102.txt,2024,3,10-K,item_7_mda,1438461,2,expansion_2024_batch_02,f6335d9a8a0d1081,active_2021_2024,25,0.0,[],,12,Other,unknown,long,True,quarter_round_robin
labeling_batch_v2,756b0be841313802,20260311,quarter_diversity_fill,f0f8765a11dc0169,3cc18ca2011dccdb,We believe that by integrating leading products in biomechanical research we sourced through Motek (with which we have an exclusive distribution agreement) with our advanced robotics and other AI-based innovative products we could leverage clinical results with data insights to help transform protocols and processes in the industry related to human performance and movement disorders leading to solid growth potential in this important market segment in the next 5-10 years.,we believe that by integrating leading products in biomechanical research we sourced through motek with which we have an exclusive distribution agreement with our advanced robotics and other ai based innovative products we could leverage clinical results with data insights to help transform protocols and processes in the industry related to human performance and movement disorders leading to solid growth potential in this important market segment in the next 5 10 years,,,,2024/QTR3/20240715_10-K_edgar_data_1883788_0000950170-24-083628.txt,2024,3,10-K,other,1883788,1,expansion_2024_batch_04,13f71a063b81c574,active_2021_2024,70,0.0,[],,12,Other,unknown,long,True,quarter_round_robin
labeling_batch_v2,54f213b1599442f3,20260311,quarter_diversity_fill,2e089187d18691ec,287d401941ddcb45,"Our newest endeavor, askROI, is a generative AI platform built upon a proprietary LLM.",our newest endeavor askroi is a generative ai platform built upon a proprietary llm,,,,2024/QTR3/20240716_10-K_edgar_data_1437491_0001214659-24-012432.txt,2024,3,10-K,other,1437491,3,expansion_2024_batch_02,0553ea5a3b0311fb,active_2021_2024,14,0.0,[],,12,Other,unknown,medium,True,quarter_round_robin
labeling_batch_v2,9988636d186ccbba,20260311,quarter_diversity_fill,e818526dc57f9e4f,ee56555fd15f3dcb,"AI speech synthesis that will allow our AI to learn from voice recordings through specialized vocabulary, that will eventually be able to read unrecorded sentences in the voice of whichever celebrity a user may choose.",ai speech synthesis that will allow our ai to learn from voice recordings through specialized vocabulary that will eventually be able to read unrecorded sentences in the voice of whichever celebrity a user may choose,,,,2024/QTR3/20240716_10-K_edgar_data_1911545_0001213900-24-061514.txt,2024,3,10-K,other,1911545,3,expansion_2024_batch_04,b5d3b6bd0cd45f7c,active_2021_2024,35,0.0,[],,12,Other,unknown,long,True,quarter_round_robin
labeling_batch_v2,209d75dc20c02e38,20260311,quarter_diversity_fill,045c3acfb9534907,d1d02efc98456623,"Cybersecurity incidents may involve the covert introduction of malware to computers and networks, and the use of techniques or processes that change frequently, including from emerging technologies, such as advanced forms of machine learning, AI and quantum computing, may be disguised or difficult to detect, or are designed to remain dormant until a triggering event, and may continue undetected for a period of time.",cybersecurity incidents may involve the covert introduction of malware to computers and networks and the use of techniques or processes that change frequently including from emerging technologies such as advanced forms of machine learning ai and quantum computing may be disguised or difficult to detect or are designed to remain dormant until a triggering event and may continue undetected for a period of time,,,,2024/QTR3/20240722_10-K_edgar_data_1084765_0001084765-24-000089.txt,2024,3,10-K,other,1084765,6,expansion_2024_batch_01,5653bdfb2e7441fb,active_2021_2024,64,0.0,[],,12,Other,unknown,long,True,quarter_round_robin
labeling_batch_v2,34d06356daa007a3,20260311,quarter_diversity_fill,18b177a18bf8b187,70b6f4928980d60b,"In the future, we intend to deliver a range of AI-ECG algorithms, via each product.",in the future we intend to deliver a range of ai ecg algorithms via each product,,,,2024/QTR3/20240729_10-K_edgar_data_1468492_0000950170-24-087271.txt,2024,3,10-K,other,1468492,6,expansion_2024_batch_02,6ee73ed528fdcfd9,active_2021_2024,15,0.0,[],,12,Other,unknown,medium,True,quarter_round_robin
labeling_batch_v2,bbc78321f33c403a,20260311,quarter_diversity_fill,d812ea1a63333584,75495f2d48a5e6c8,"These competitors could also have preferential access to competitive information, including customer data, or important technologies, such as those that use AI.",these competitors could also have preferential access to competitive information including customer data or important technologies such as those that use ai,,,,2024/QTR3/20240808_10-K_edgar_data_1754301_0001628280-24-036123.txt,2024,3,10-K,other,1754301,6,expansion_2024_batch_03,ea3934e52253c1d6,active_2021_2024,22,0.0,[],,12,Other,unknown,medium,True,quarter_round_robin
labeling_batch_v2,f233cfa1e8291d6d,20260311,quarter_diversity_fill,2681119ba1f2fb80,20bb4edc717a0be4,"In addition, Dow Jones produces customized Due Diligence Reports to assist its customers with regulatory compliance, including IntegrityCheck, a generative AI-enabled automated report.",in addition dow jones produces customized due diligence reports to assist its customers with regulatory compliance including integritycheck a generative ai enabled automated report,,,,2024/QTR3/20240813_10-K_edgar_data_1564708_0001564708-24-000408.txt,2024,3,10-K,other,1564708,2,expansion_2024_batch_02,b92f6934e6d88017,active_2021_2024,23,0.0,[],,12,Other,unknown,medium,True,quarter_round_robin
labeling_batch_v2,d1c4317baf81cdd9,20260311,quarter_diversity_fill,d0d9f2a3ca8539a5,ad18007d64fd18b1,"Moreover, the rapid evolution and increasing adoption of artificial intelligence technologies could both intensify our cybersecurity risks and introduce new risks.",moreover the rapid evolution and increasing adoption of artificial intelligence technologies could both intensify our cybersecurity risks and introduce new risks,,,,2024/QTR3/20240814_10-K_edgar_data_1618673_0000950170-24-097033.txt,2024,3,10-K,other,1618673,1,expansion_2024_batch_02,eecc47edf93eb63a,active_2021_2024,21,0.0,[],,12,Other,unknown,medium,True,quarter_round_robin
labeling_batch_v2,7a3f8a7292675346,20260311,quarter_diversity_fill,e4461010cdb788bf,c3a4a8bf052b236e,"There are significant risks involved in utilizing AI and machine learning technologies, and in particular, generative AI technologies.",there are significant risks involved in utilizing ai and machine learning technologies and in particular generative ai technologies,,,,2024/QTR3/20240816_10-K_edgar_data_1650372_0001650372-24-000036.txt,2024,3,10-K,item_1a_risk_factors,1650372,22,expansion_2024_batch_03,fb7d1256848cc39c,active_2021_2024,18,0.0,[],,12,Other,unknown,medium,True,quarter_round_robin
labeling_batch_v2,5ffefefe5e98ac2a,20260311,quarter_diversity_fill,1010c16a49bda6f2,d911193894e1cc87,The development and use of AI present risks and challenges that may adversely impact our business.,the development and use of ai present risks and challenges that may adversely impact our business,,,,2024/QTR3/20240822_10-K_edgar_data_1299709_0001299709-24-000113.txt,2024,3,10-K,item_1a_risk_factors,1299709,3,expansion_2024_batch_01,97a179bc5046103c,active_2021_2024,16,0.0,[],,12,Other,unknown,medium,True,quarter_round_robin
labeling_batch_v2,99c23721eeee24bf,20260311,quarter_diversity_fill,4205a08f13e4a521,0d4c911128abe264,"As artificial intelligence capabilities improve and are increasingly adopted, we may see cyberattacks created through artificial intelligence.",as artificial intelligence capabilities improve and are increasingly adopted we may see cyberattacks created through artificial intelligence,,,,2024/QTR3/20240822_10-K_edgar_data_1639825_0001639825-24-000128.txt,2024,3,10-K,other,1639825,4,expansion_2024_batch_03,96631d85d66b1f3d,active_2021_2024,17,0.0,[],,12,Other,unknown,medium,True,quarter_round_robin
labeling_batch_v2,89d56eb85991eded,20260311,quarter_diversity_fill,0596c94ec03753f1,72252d2427817486,"If we fail to keep pace with rapidly evolving technological developments in AI, our competitive position and business results may suffer.",if we fail to keep pace with rapidly evolving technological developments in ai our competitive position and business results may suffer,,,,2024/QTR3/20240823_10-K_edgar_data_1511737_0001511737-24-000053.txt,2024,3,10-K,item_1_business,1511737,5,expansion_2024_batch_02,0ddb093713b72614,active_2021_2024,21,0.0,[],,12,Other,unknown,medium,True,quarter_round_robin
labeling_batch_v2,11bdd6c401a53dec,20260311,quarter_diversity_fill,2e8039eb0677d6d4,2989eaa72efa6a0d,This risk management process gets progressively more insightful as our data set gets larger and our AI-enabled risk engine gets smarter.,this risk management process gets progressively more insightful as our data set gets larger and our ai enabled risk engine gets smarter,,,,2024/QTR3/20240823_10-K_edgar_data_1786352_0001786352-24-000035.txt,2024,3,10-K,other,1786352,8,expansion_2024_batch_03,7b5c104030f84b88,active_2021_2024,21,0.0,[],,12,Other,unknown,medium,True,quarter_round_robin
labeling_batch_v2,7eda1b37b73a2972,20260311,quarter_diversity_fill,58e6dd2aeebc44b0,5e502bd0bb0caf8c,We believe these firms and their professionals are uniquely positioned to benefit from the promise of generative AI.,we believe these firms and their professionals are uniquely positioned to benefit from the promise of generative ai,,,,2024/QTR3/20240826_10-K_edgar_data_1565687_0000950170-24-100587.txt,2024,3,10-K,other,1565687,10,expansion_2024_batch_02,da1a5a40df81c73e,active_2021_2024,18,0.0,[],,12,Other,unknown,medium,True,quarter_round_robin
labeling_batch_v2,50ac96c21e71a379,20260311,quarter_diversity_fill,3cb8a4858508d73e,3dd9e11b79881833,"Further, we use AI/ML in many aspects of our business, including fraud, credit risk analysis, consumer support and product personalization.",further we use ai ml in many aspects of our business including fraud credit risk analysis consumer support and product personalization,,,,2024/QTR3/20240828_10-K_edgar_data_1820953_0001820953-24-000035.txt,2024,3,10-K,other,1820953,5,expansion_2024_batch_04,4584533c6d27eaf5,active_2021_2024,20,0.0,[],,12,Other,unknown,medium,True,quarter_round_robin
labeling_batch_v2,b52ddcae933c38dc,20260311,quarter_diversity_fill,05437c5eddbfccfe,a9756334990e848f,"AI Access Security classifies and prioritizes GenAI applications to assess risk, detect anomalies and visualize insights across multiple GenAI-specific attributes.",ai access security classifies and prioritizes genai applications to assess risk detect anomalies and visualize insights across multiple genai specific attributes,,,,2024/QTR3/20240906_10-K_edgar_data_1327567_0001327567-24-000029.txt,2024,3,10-K,item_1_business,1327567,19,expansion_2024_batch_02,eb08e4906dc107cf,active_2021_2024,20,0.0,[],,12,Other,unknown,medium,True,quarter_round_robin
labeling_batch_v2,02bc89e19a5de123,20260311,quarter_diversity_fill,4082407e3f816907,332662bc70176fea,We expect AI technology and services to be a highly competitive and rapidly evolving market.,we expect ai technology and services to be a highly competitive and rapidly evolving market,,,,2024/QTR3/20240912_10-K_edgar_data_1066194_0001558370-24-012767.txt,2024,3,10-K,other,1066194,21,expansion_2024_batch_01,dcb95954d70206c9,active_2021_2024,15,0.0,[],,12,Other,unknown,medium,True,quarter_round_robin
labeling_batch_v2,647f0c7cb3e2c61b,20260311,quarter_diversity_fill,ee3945ef26cc898f,4ad7ad84bec2de22,Customers can select and isolate traffic based on specific policies and/or automatically based on our AI enabled risk determination.,customers can select and isolate traffic based on specific policies and or automatically based on our ai enabled risk determination,,,,2024/QTR3/20240912_10-K_edgar_data_1713683_0001713683-24-000109.txt,2024,3,10-K,other,1713683,7,expansion_2024_batch_03,4713852802c083fa,active_2021_2024,19,0.0,[],,12,Other,unknown,medium,True,quarter_round_robin
labeling_batch_v2,49fac59fad5624d3,20260311,quarter_diversity_fill,00b7f669d50a2cec,8f7c2b3c235112cc,These clients are consciously evaluating potential areas where AI-enabled technologies could be utilized in the future.,these clients are consciously evaluating potential areas where ai enabled technologies could be utilized in the future,,,,2024/QTR3/20240912_10-K_edgar_data_1720420_0001720420-24-000042.txt,2024,3,10-K,other,1720420,8,expansion_2024_batch_03,ae8ab0a5da7ff568,active_2021_2024,16,0.0,[],,12,Other,unknown,medium,True,quarter_round_robin
labeling_batch_v2,081929443683dc85,20260311,quarter_diversity_fill,54d18d0dd7c53d4e,7e3f5d2d03a5c545,"Our research and development of such technology remains ongoing, and AI algorithms and training methodologies may be flawed.",our research and development of such technology remains ongoing and ai algorithms and training methodologies may be flawed,,,,2024/QTR3/20240913_10-K_edgar_data_1794783_0001794783-24-000061.txt,2024,3,10-K,item_1a_risk_factors,1794783,8,expansion_2024_batch_03,093679739e119794,active_2021_2024,18,0.0,[],,12,Other,unknown,medium,True,quarter_round_robin
labeling_batch_v2,328a0eccbd1b9f58,20260311,quarter_diversity_fill,5b40dd9c221b3adf,04bbec12a8686207,"AI technologies are complex, and generative AI technologies, in particular, are rapidly evolving.",ai technologies are complex and generative ai technologies in particular are rapidly evolving,,,,2024/QTR3/20240916_10-K_edgar_data_1528396_0001528396-24-000105.txt,2024,3,10-K,item_1_business,1528396,10,expansion_2024_batch_02,50c1684d21d24e63,active_2021_2024,13,0.0,[],,12,Other,unknown,medium,True,quarter_round_robin
labeling_batch_v2,41703e53d1735be6,20260311,quarter_diversity_fill,238df58bd81d0dd4,1b4e2f98b3047845,"Moreover, in recent years, an increasing number of customers have been allocating their IT spending toward artificial intelligence, machine learning, and generative AI capabilities.",moreover in recent years an increasing number of customers have been allocating their it spending toward artificial intelligence machine learning and generative ai capabilities,,,,2024/QTR3/20240919_10-K_edgar_data_1618732_0000950170-24-108159.txt,2024,3,10-K,other,1618732,12,expansion_2024_batch_02,ecb144332b5319d1,active_2021_2024,24,0.0,[],,12,Other,unknown,medium,True,quarter_round_robin
labeling_batch_v2,aeffa0bfebe177bc,20260311,quarter_diversity_fill,e0616e18ee577432,23136e4388438eb2,"In addition, the rapid evolution and increased adoption of artificial intelligence technologies may intensify our cybersecurity risks.",in addition the rapid evolution and increased adoption of artificial intelligence technologies may intensify our cybersecurity risks,,,,2024/QTR3/20240919_10-K_edgar_data_16732_0000016732-24-000130.txt,2024,3,10-K,item_1a_risk_factors,16732,2,expansion_2024_batch_03,15e18636ba8376cc,active_2021_2024,17,0.0,[],,12,Other,unknown,medium,True,quarter_round_robin
labeling_batch_v2,743516ddbc4914f6,20260311,quarter_diversity_fill,f88df2ac0d8ae86b,513bf57a68102fe9,IBio continues to seek out opportunities for future collaborations using the Company's AI Discovery Platform.,ibio continues to seek out opportunities for future collaborations using the company s ai discovery platform,,,,2024/QTR3/20240920_10-K_edgar_data_1420720_0001420720-24-000038.txt,2024,3,10-K,other,1420720,35,expansion_2024_batch_02,2cbe7ef818bc232e,active_2021_2024,15,0.0,[],,12,Other,unknown,medium,True,quarter_round_robin
labeling_batch_v2,8a0339e49d0ce74a,20260311,quarter_diversity_fill,0a204a32529b71a6,a1d49dd3783b6781,"Through deep learning of user behavior characteristics, accurately assess risk levels, effectively improve the efficiency and accuracy of risk control, and escort international business.",through deep learning of user behavior characteristics accurately assess risk levels effectively improve the efficiency and accuracy of risk control and escort international business,,,,2024/QTR3/20240926_10-K_edgar_data_1631282_0001213900-24-082285.txt,2024,3,10-K,other,1631282,188,expansion_2024_batch_03,f94057cbe78d50a9,active_2021_2024,24,0.0,[],,12,Other,unknown,medium,True,quarter_round_robin
labeling_batch_v2,ea855b22da6f5698,20260311,quarter_diversity_fill,79f844e364bac6d0,86e30baf77544f2d,"As with many technological innovations, artificial intelligence presents risks and challenges that could impact our business.",as with many technological innovations artificial intelligence presents risks and challenges that could impact our business,,,,2024/QTR3/20240927_10-K_edgar_data_1748137_0001683168-24-006718.txt,2024,3,10-K,item_1a_risk_factors,1748137,3,expansion_2024_batch_03,b6b1ae877d45e76f,active_2021_2024,16,0.0,[],,12,Other,unknown,medium,True,quarter_round_robin
labeling_batch_v2,0c8dcbaf7805e875,20260311,quarter_diversity_fill,532edda957519ae1,21c69a2f44102bde,"We aim to leverage cutting-edge technologies, including AI, to drive innovation and streamline operations.",we aim to leverage cutting edge technologies including ai to drive innovation and streamline operations,,,,2024/QTR3/20240927_10-K_edgar_data_1853044_0001829126-24-006527.txt,2024,3,10-K,other,1853044,2,expansion_2024_batch_04,8624c9c6afb8fc65,active_2021_2024,14,0.0,[],,12,Other,unknown,medium,True,quarter_round_robin
labeling_batch_v2,ea281298e07d9e15,20260311,quarter_diversity_fill,92284b09c6b991de,e18a897c70ae7ef7,"At NETSOL, we specialize in harnessing the transformative power of Generative AI to drive innovative solutions and powerful outcomes for businesses.",at netsol we specialize in harnessing the transformative power of generative ai to drive innovative solutions and powerful outcomes for businesses,,,,2024/QTR3/20240930_10-K_edgar_data_1039280_0001493152-24-038751.txt,2024,3,10-K,other,1039280,4,expansion_2024_batch_01,4cb33bd5768a935b,active_2021_2024,21,0.0,[],,12,Other,unknown,medium,True,quarter_round_robin
labeling_batch_v2,2cb5607541475f09,20260311,quarter_diversity_fill,4d717c142875e259,ec1b43225da7664d,"AI technologies, including generative AI, may create content that appears correct but is factually inaccurate or flawed.",ai technologies including generative ai may create content that appears correct but is factually inaccurate or flawed,,,,2024/QTR3/20240930_10-K_edgar_data_1728328_0001213900-24-082843.txt,2024,3,10-K,other,1728328,14,expansion_2024_batch_03,a9a585e8d213c253,active_2021_2024,17,0.0,[],,12,Other,unknown,medium,True,quarter_round_robin
labeling_batch_v2,4061bef776a732e7,20260311,quarter_diversity_fill,fa6686c240746c14,1ae3125c3bab734e,"If we cannot use AI/ML or that use is restricted, our business may be less efficient, or we may be at a competitive disadvantage.",if we cannot use ai ml or that use is restricted our business may be less efficient or we may be at a competitive disadvantage,,,,2024/QTR3/20240930_10-K_edgar_data_1811115_0000950170-24-110315.txt,2024,3,10-K,other,1811115,34,expansion_2024_batch_03,7a117e43cba63976,active_2021_2024,24,0.0,[],,12,Other,unknown,medium,True,quarter_round_robin
labeling_batch_v2,7929d04e0d64b134,20260311,quarter_diversity_fill,edae0c0aeccc3250,5b97868746484b40,"By harnessing the power of our modular system, AI capabilities, and innovative software, we are redefining the future of security technology and delivering unparalleled protection to our clients.",by harnessing the power of our modular system ai capabilities and innovative software we are redefining the future of security technology and delivering unparalleled protection to our clients,,,,2024/QTR4/20241002_10-K_edgar_data_1885849_0001885849-24-000015.txt,2024,4,10-K,other,1885849,5,expansion_2024_batch_04,d9d5567c6153ddd6,active_2021_2024,28,0.0,[],,12,Other,unknown,long,True,quarter_round_robin
labeling_batch_v2,a3e0b5d1d6d3581b,20260311,quarter_diversity_fill,04d776162e758b60,ef1d73c9e8aad440,"Additionally, advances in technology, an increased level of sophistication and expertise of hackers, widespread access to generative AI, and new discoveries in the field of cryptography can result in a compromise or breach of our information technology systems or security measures implemented to protect our systems.",additionally advances in technology an increased level of sophistication and expertise of hackers widespread access to generative ai and new discoveries in the field of cryptography can result in a compromise or breach of our information technology systems or security measures implemented to protect our systems,,,,2024/QTR4/20241004_10-K_edgar_data_1377789_0001377789-24-000043.txt,2024,4,10-K,other,1377789,1,expansion_2024_batch_02,d7d24adaf382b0ac,active_2021_2024,46,0.0,[],,12,Other,unknown,long,True,quarter_round_robin
labeling_batch_v2,1ad8bd720700623c,20260311,quarter_diversity_fill,cd54c7ac43293246,b40b5dfe60a92d0c,"The areas of focus that are reshaping the future of aerospace include advanced materials, advanced air mobility, unmanned aerial systems, AI, hypersonics, communications, cybersecurity, satellites, and renewable energy technology.",the areas of focus that are reshaping the future of aerospace include advanced materials advanced air mobility unmanned aerial systems ai hypersonics communications cybersecurity satellites and renewable energy technology,,,,2024/QTR4/20241008_10-K_edgar_data_1481504_0001477932-24-006252.txt,2024,4,10-K,other,1481504,1,expansion_2024_batch_02,b5a41d3aed5e6554,active_2021_2024,29,0.0,[],,12,Other,unknown,long,True,quarter_round_robin
labeling_batch_v2,dcde81fe3f10bb3b,20260311,quarter_diversity_fill,b1e5349c599f6c07,9afecdf4ecfade2c,Our goal is to constantly improve our HR-Tech platform to address present and future market needs by offering a unique combination of proprietary artificial intelligence AI based technology with a do-it-yourself sourcing experience able to match candidates to jobs without having to use keyword searches or Boolean strings.,our goal is to constantly improve our hr tech platform to address present and future market needs by offering a unique combination of proprietary artificial intelligence ai based technology with a do it yourself sourcing experience able to match candidates to jobs without having to use keyword searches or boolean strings,,,,2024/QTR4/20241009_10-K_edgar_data_1381871_0001213900-24-086614.txt,2024,4,10-K,other,1381871,1,expansion_2024_batch_02,3cc8d6070ad9ba48,active_2021_2024,48,0.0,[],,12,Other,unknown,long,True,quarter_round_robin
labeling_batch_v2,fe9604dcc3691410,20260311,quarter_diversity_fill,994c146072778035,0dc287cb0af14f91,"Here are some of the technologies that we intend successfully to implement in our mobile application: - Improvement of the AI technology - Map View - Reviews - Booking Services - Notifications - Marketing Opportunities - Body map symptom checker - Personal health tracker - Medicine reminder - Language translation 2 Our Naploy App is regularly updated with articles written by healthcare professionals and industry experts, ensuring that our clients have access to high-quality and reliable health information.",here are some of the technologies that we intend successfully to implement in our mobile application improvement of the ai technology map view reviews booking services notifications marketing opportunities body map symptom checker personal health tracker medicine reminder language translation 2 our naploy app is regularly updated with articles written by healthcare professionals and industry experts ensuring that our clients have access to high quality and reliable health information,,,,2024/QTR4/20241009_10-K_edgar_data_1978111_0001683168-24-007024.txt,2024,4,10-K,other,1978111,3,expansion_2024_batch_04,f39bbd91b402f2b4,active_2021_2024,78,0.0,[],,12,Other,unknown,long,True,quarter_round_robin
labeling_batch_v2,caaa6a080244e626,20260311,quarter_diversity_fill,7b0b679a7a75bda9,c732439d7a458d6c,We also believe the introduction of generative AI signifies a transformative era that is set to drive growth for us and our clients.,we also believe the introduction of generative ai signifies a transformative era that is set to drive growth for us and our clients,,,,2024/QTR4/20241010_10-K_edgar_data_1467373_0001467373-24-000278.txt,2024,4,10-K,other,1467373,7,expansion_2024_batch_02,e05a6a2e581c466e,active_2021_2024,23,0.0,[],,12,Other,unknown,medium,True,quarter_round_robin
labeling_batch_v2,64dc8f5471a93775,20260311,quarter_diversity_fill,a04c418c97d55071,7fe1d755e32531b0,"Inappropriate or controversial data practices by data scientists, engineers, and end-users of Renovaro Cube's systems could impair the acceptance of AI solutions.",inappropriate or controversial data practices by data scientists engineers and end users of renovaro cube s systems could impair the acceptance of ai solutions,,,,2024/QTR4/20241010_10-K_edgar_data_1527728_0001731122-24-001578.txt,2024,4,10-K,item_1a_risk_factors,1527728,85,expansion_2024_batch_02,4a46950887b48395,active_2021_2024,22,0.0,[],,12,Other,unknown,medium,True,quarter_round_robin
labeling_batch_v2,f03e33b476355454,20260311,quarter_diversity_fill,a1a64f0ead6aacbe,895d46eabd403d65,"Ms. Xu was as a senior customer manager at Beijing Sensetime Technology Development Co., Ltd., a leading AI software company focused on innovating for a better AI-empowered future, from May 2018.",ms xu was as a senior customer manager at beijing sensetime technology development co ltd a leading ai software company focused on innovating for a better ai empowered future from may 2018,,,,2024/QTR4/20241015_10-K_edgar_data_1422892_0001213900-24-087619.txt,2024,4,10-K,other,1422892,1,expansion_2024_batch_02,32ef4b1822e40b73,active_2021_2024,31,0.0,[],,12,Other,unknown,long,True,quarter_round_robin
labeling_batch_v2,11c2d53a739fe9d7,20260311,quarter_diversity_fill,dd69362ff52a7caf,b2c74dfe54c5c05b,"We may incur significant costs, resources, investments and delays and not achieve a return on investment or capitalize on opportunities presented by AI.",we may incur significant costs resources investments and delays and not achieve a return on investment or capitalize on opportunities presented by ai,,,,2024/QTR4/20241024_10-K_edgar_data_1616533_0001628280-24-043646.txt,2024,4,10-K,other,1616533,18,expansion_2024_batch_02,434f6b9923a0a147,active_2021_2024,23,0.0,[],,12,Other,unknown,medium,True,quarter_round_robin
labeling_batch_v2,41473310ab8ca80d,20260311,quarter_diversity_fill,7044956aa9ec841d,413761af992cb0fe,"32 We have integrated, and may continue to integrate in the future, open-source AI algorithms in certain tools and features available on our platform.",32 we have integrated and may continue to integrate in the future open source ai algorithms in certain tools and features available on our platform,,,,2024/QTR4/20241024_10-K_edgar_data_2013807_0001213900-24-090457.txt,2024,4,10-K,other,2013807,9,expansion_2024_batch_04,57af56f7585ef6d3,active_2021_2024,24,0.0,[],,12,Other,unknown,medium,True,quarter_round_robin
labeling_batch_v2,7058d4003e2d8370,20260311,quarter_diversity_fill,88d5b1d8902858e8,313307d55c03de55,"Finally, multiple jurisdictions have either already put in place laws and regulations governing the use of AI, or are considering such laws and regulations, and additional constraints may result from industry efforts.",finally multiple jurisdictions have either already put in place laws and regulations governing the use of ai or are considering such laws and regulations and additional constraints may result from industry efforts,,,,2024/QTR4/20241028_10-K_edgar_data_1144215_0001144215-24-000085.txt,2024,4,10-K,other,1144215,8,expansion_2024_batch_01,a52fbaeb02f79b4b,active_2021_2024,32,0.0,[],,12,Other,unknown,long,True,quarter_round_robin
labeling_batch_v2,b4bd5cdec7d2bbb1,20260311,quarter_diversity_fill,0a1097c672a23465,7e5505f5e74f1563,"In addition to using our growing data catalog to power our AI-powered workstation products, we aim to continue to expand our data delivery capabilities in the cloud and through other methods to advance our position as an enterprise data provider for our clients.",in addition to using our growing data catalog to power our ai powered workstation products we aim to continue to expand our data delivery capabilities in the cloud and through other methods to advance our position as an enterprise data provider for our clients,,,,2024/QTR4/20241029_10-K_edgar_data_1013237_0001013237-24-000141.txt,2024,4,10-K,other,1013237,2,expansion_2024_batch_01,525fd78013daac1a,active_2021_2024,43,0.0,[],,12,Other,unknown,long,True,quarter_round_robin
labeling_batch_v2,5e184f5bcd507729,20260311,quarter_diversity_fill,932c56e4ee8aa3c2,b60210793df808a4,"In fiscal 2023, we introduced pAInt, a generative AI wallpaper maker in the Zedge App.",in fiscal 2023 we introduced paint a generative ai wallpaper maker in the zedge app,,,,2024/QTR4/20241029_10-K_edgar_data_1667313_0001213900-24-091735.txt,2024,4,10-K,item_1_business,1667313,2,expansion_2024_batch_03,8da903bb8d60c307,active_2021_2024,15,0.0,[],,12,Other,unknown,medium,True,quarter_round_robin
labeling_batch_v2,97ebfd47cc9f4616,20260311,quarter_diversity_fill,fad07bb38126c5f2,04d01f149d298a7a,The rapid evolution and increased adoption of artificial intelligence technologies also may intensify our cybersecurity risks.,the rapid evolution and increased adoption of artificial intelligence technologies also may intensify our cybersecurity risks,,,,2024/QTR4/20241108_10-K_edgar_data_1772177_0000950170-24-124091.txt,2024,4,10-K,other,1772177,2,expansion_2024_batch_03,11de0a52a05c7dc2,active_2021_2024,16,0.0,[],,12,Other,unknown,medium,True,quarter_round_robin
labeling_batch_v2,8c7f9541a4ed26f4,20260311,quarter_diversity_fill,522e3a953ac967fd,671a4c26b3816aec,"Increasing use of AI may expose us to social and ethical issues, which may result in reputational harm and liability.",increasing use of ai may expose us to social and ethical issues which may result in reputational harm and liability,,,,2024/QTR4/20241112_10-K_edgar_data_1385157_0001558370-24-015227.txt,2024,4,10-K,item_1a_risk_factors,1385157,4,expansion_2024_batch_02,84e7b6caed2b1385,active_2021_2024,20,0.0,[],,12,Other,unknown,medium,True,quarter_round_robin
labeling_batch_v2,fc6b9fef1ae394f7,20260311,quarter_diversity_fill,d34ebe594fadc279,3e19a2abc37f0541,"AI presents emerging ethical issues, and we may be unsuccessful in identifying and resolving these issues before they arise.",ai presents emerging ethical issues and we may be unsuccessful in identifying and resolving these issues before they arise,,,,2024/QTR4/20241112_10-K_edgar_data_1644378_0001644378-24-000042.txt,2024,4,10-K,other,1644378,8,expansion_2024_batch_03,8450beaf287d366a,active_2021_2024,19,0.0,[],,12,Other,unknown,medium,True,quarter_round_robin
labeling_batch_v2,20b030e55092cd77,20260311,quarter_diversity_fill,9ac52f49ed06bae7,6733a83969a8b464,"Finally, Visa Risk Manager with scheme agnostic Visa Advanced Authorization is a comprehensive AI-powered fraud risk management solution.",finally visa risk manager with scheme agnostic visa advanced authorization is a comprehensive ai powered fraud risk management solution,,,,2024/QTR4/20241113_10-K_edgar_data_1403161_0001403161-24-000058.txt,2024,4,10-K,other,1403161,3,expansion_2024_batch_02,2a453307242b86ba,active_2021_2024,18,0.0,[],,12,Other,unknown,medium,True,quarter_round_robin
labeling_batch_v2,f1f2912f71962b5f,20260311,quarter_diversity_fill,ae7545b96263b569,43ef7c483478a735,"Data sets used by AI may be overbroad, insufficient or contain flawed or otherwise biased information.",data sets used by ai may be overbroad insufficient or contain flawed or otherwise biased information,,,,2024/QTR4/20241114_10-K_edgar_data_1368458_0000950170-24-127217.txt,2024,4,10-K,item_1a_risk_factors,1368458,5,expansion_2024_batch_02,4eebbb409d377b6e,active_2021_2024,16,0.0,[],,12,Other,unknown,medium,True,quarter_round_robin
labeling_batch_v2,3ba14ff6fd0db9f9,20260311,quarter_diversity_fill,447ea096c7f30efe,a6c95119c684826d,"Additionally, inconsistent application of AI regulations and guidance in the industry may make the intellectual property ownership and license rights to certain information unclear.",additionally inconsistent application of ai regulations and guidance in the industry may make the intellectual property ownership and license rights to certain information unclear,,,,2024/QTR4/20241114_10-K_edgar_data_1376986_0001376986-24-000029.txt,2024,4,10-K,other,1376986,4,expansion_2024_batch_02,7bc3b92b0f55de59,active_2021_2024,24,0.0,[],,12,Other,unknown,medium,True,quarter_round_robin
labeling_batch_v2,cb559704d7994ebe,20260311,quarter_diversity_fill,75919da3ce91be78,07b590753fc34572,"In addition, the availability of copyright protection and other legal protections for IP generated by certain new technologies, such as generative AI, is uncertain.",in addition the availability of copyright protection and other legal protections for ip generated by certain new technologies such as generative ai is uncertain,,,,2024/QTR4/20241114_10-K_edgar_data_1744489_0001744489-24-000276.txt,2024,4,10-K,item_1a_risk_factors,1744489,5,expansion_2024_batch_03,a2f808c5778db484,active_2021_2024,24,0.0,[],,12,Other,unknown,medium,True,quarter_round_robin
labeling_batch_v2,aa396bffd7e4f158,20260311,quarter_diversity_fill,41792830449778ba,99ce2ca22a270576,"We have in the past and may in the future incorporate AI, including generative AI, into our products, services and business.",we have in the past and may in the future incorporate ai including generative ai into our products services and business,,,,2024/QTR4/20241115_10-K_edgar_data_1314727_0001314727-24-000026.txt,2024,4,10-K,item_1a_risk_factors,1314727,3,expansion_2024_batch_01,613c3bd4181f725c,active_2021_2024,21,0.0,[],,12,Other,unknown,medium,True,quarter_round_robin
labeling_batch_v2,a6bb699310917c4d,20260311,quarter_diversity_fill,16cf06f2ca802a94,b908e3d7a9e17fbb,"Furthermore, the rapid evolution and increased adoption of artificial intelligence technologies may intensify our technology-related risks.",furthermore the rapid evolution and increased adoption of artificial intelligence technologies may intensify our technology related risks,,,,2024/QTR4/20241115_10-K_edgar_data_1530950_0001530950-24-000365.txt,2024,4,10-K,other,1530950,1,expansion_2024_batch_02,df37ea4c3d0c77d2,active_2021_2024,16,0.0,[],,12,Other,unknown,medium,True,quarter_round_robin
labeling_batch_v2,6687ff9d0220c3c1,20260311,quarter_diversity_fill,273dee4547765cb6,56d4b9898455985d,"Additionally, accelerating AI trends could catalyze the smartphone transformation with incremental content driving unprecedented functional and physical densities.",additionally accelerating ai trends could catalyze the smartphone transformation with incremental content driving unprecedented functional and physical densities,,,,2024/QTR4/20241115_10-K_edgar_data_4127_0000004127-24-000131.txt,2024,4,10-K,other,4127,4,expansion_2024_batch_04,ba00fcf11438b22a,active_2021_2024,18,0.0,[],,12,Other,unknown,medium,True,quarter_round_robin
labeling_batch_v2,71ff3649be7862a6,20260311,quarter_diversity_fill,204d49871d39041b,490defaa8bfe82fc,"For example, AI may reduce customer demand for certain types of gene synthesis.",for example ai may reduce customer demand for certain types of gene synthesis,,,,2024/QTR4/20241118_10-K_edgar_data_1581280_0001628280-24-048262.txt,2024,4,10-K,item_1a_risk_factors,1581280,3,expansion_2024_batch_02,3ccf0d11412b207f,active_2021_2024,13,0.0,[],,12,Other,unknown,medium,True,quarter_round_robin
labeling_batch_v2,ca8c6a7091844ed4,20260311,quarter_diversity_fill,d6300652596bf472,8ce2c5d6dadeeaa3,"Artificial intelligence technology is complex and rapidly evolving, and may subject Adient to significant competitive, legal, regulatory, operational and other risks.",artificial intelligence technology is complex and rapidly evolving and may subject adient to significant competitive legal regulatory operational and other risks,,,,2024/QTR4/20241118_10-K_edgar_data_1670541_0001670541-24-000109.txt,2024,4,10-K,other,1670541,5,expansion_2024_batch_03,c51ebe02d88c3946,active_2021_2024,21,0.0,[],,12,Other,unknown,medium,True,quarter_round_robin
labeling_batch_v2,63739f50b9062f44,20260311,quarter_diversity_fill,99c00a5cd7aa96f9,eebf663deaf10730,"For example, disruptive technologies such as AI/ML may significantly alter the market for our products in unpredictable ways and reduce customer demand.",for example disruptive technologies such as ai ml may significantly alter the market for our products in unpredictable ways and reduce customer demand,,,,2024/QTR4/20241119_10-K_edgar_data_1308547_0001628280-24-048519.txt,2024,4,10-K,other,1308547,4,expansion_2024_batch_01,d477ca0323a29419,active_2021_2024,22,0.0,[],,12,Other,unknown,medium,True,quarter_round_robin
labeling_batch_v2,84ab2d02980d84e6,20260311,quarter_diversity_fill,db6f488850693e1e,e167a3bdcd919342,"With the use of artificial intelligence, these phishing attacks may contain highly convincing language making them difficult to distinguish from legitimate messages.",with the use of artificial intelligence these phishing attacks may contain highly convincing language making them difficult to distinguish from legitimate messages,,,,2024/QTR4/20241119_10-K_edgar_data_1406587_0001406587-24-000118.txt,2024,4,10-K,other,1406587,1,expansion_2024_batch_02,90b3079ffdfb25a4,active_2021_2024,22,0.0,[],,12,Other,unknown,medium,True,quarter_round_robin
labeling_batch_v2,60ef3609a925d0c7,20260311,quarter_diversity_fill,3737af597d9e9be9,f6bc0b01b2d1a439,"Failure to develop and adopt artificial intelligence (""AI"") technology could also hinder our competitiveness and growth potential.",failure to develop and adopt artificial intelligence ai technology could also hinder our competitiveness and growth potential,,,,2024/QTR4/20241119_10-K_edgar_data_1681622_0001681622-24-000089.txt,2024,4,10-K,other,1681622,1,expansion_2024_batch_03,2771ec69d8ab1169,active_2021_2024,17,0.0,[],,12,Other,unknown,medium,True,quarter_round_robin
labeling_batch_v2,abc2ff1c34f1ca70,20260311,quarter_diversity_fill,7765ca7c5ca1e427,15aa7ad278f1f837,"Our use of artificial intelligence technologies may not be successful and may present business, compliance, and reputational risks.",our use of artificial intelligence technologies may not be successful and may present business compliance and reputational risks,,,,2024/QTR4/20241120_10-K_edgar_data_1782754_0001628280-24-048629.txt,2024,4,10-K,other,1782754,4,expansion_2024_batch_03,7675f58766d42c0b,active_2021_2024,18,0.0,[],,12,Other,unknown,medium,True,quarter_round_robin
labeling_batch_v2,4b6b7dcb0fdeabd0,20260311,quarter_diversity_fill,f80b422b797cd7e7,f0facd10d49bef44,"As AI rapidly evolves, marketing organizations must embrace this transformative technology or risk becoming obsolete.",as ai rapidly evolves marketing organizations must embrace this transformative technology or risk becoming obsolete,,,,2024/QTR4/20241129_10-K_edgar_data_1127475_0001185185-24-001176.txt,2024,4,10-K,item_1a_risk_factors,1127475,49,expansion_2024_batch_01,d6aa0b61a6ca4c56,active_2021_2024,15,0.0,[],,12,Other,unknown,medium,True,quarter_round_robin
labeling_batch_v2,468ca46f7a0b239f,20260311,quarter_diversity_fill,7b16b9f22ef21394,2838b41139e622c8,Our growing use of artificial intelligence systems in our operations poses inherent risks and could adversely affect our results of operations.,our growing use of artificial intelligence systems in our operations poses inherent risks and could adversely affect our results of operations,,,,2024/QTR4/20241210_10-K_edgar_data_1772921_0001772921-24-000101.txt,2024,4,10-K,item_1a_risk_factors,1772921,2,expansion_2024_batch_03,5f6d4e2eac9d0948,active_2021_2024,21,0.0,[],,12,Other,unknown,medium,True,quarter_round_robin
labeling_batch_v2,c26bbf47c18bc825,20260311,quarter_diversity_fill,de136282e62d9b71,fc14348e78f50c33,These regulations may impose significant requirements on how we deploy and use AI and handle data.,these regulations may impose significant requirements on how we deploy and use ai and handle data,,,,2024/QTR4/20241211_10-K_edgar_data_1872789_0001872789-24-000037.txt,2024,4,10-K,item_1a_risk_factors,1872789,8,expansion_2024_batch_04,179e5922a5a3bc3e,active_2021_2024,16,0.0,[],,12,Other,unknown,medium,True,quarter_round_robin
labeling_batch_v2,696553bd333f48b7,20260311,quarter_diversity_fill,9a4e358fce029ec0,2162cef9c948b4d2,"Technical or regulatory limitations may impact John Deere's and our ability to effectively implement automation, autonomy, and artificial intelligence solutions.",technical or regulatory limitations may impact john deere s and our ability to effectively implement automation autonomy and artificial intelligence solutions,,,,2024/QTR4/20241212_10-K_edgar_data_27673_0001558370-24-016174.txt,2024,4,10-K,item_1a_risk_factors,27673,2,expansion_2024_batch_04,a9a23bf3d6285c09,active_2021_2024,20,0.0,[],,12,Other,unknown,medium,True,quarter_round_robin
labeling_batch_v2,8146591e32a4d97a,20260311,quarter_diversity_fill,82385463c9262af3,dcd81d2f7e2cd754,"Technical or regulatory limitations may impact our ability to effectively implement automation, autonomy, and artificial intelligence solutions.",technical or regulatory limitations may impact our ability to effectively implement automation autonomy and artificial intelligence solutions,,,,2024/QTR4/20241212_10-K_edgar_data_315189_0001558370-24-016169.txt,2024,4,10-K,other,315189,3,expansion_2024_batch_04,5f72ffebdf3e98b6,active_2021_2024,17,0.0,[],,12,Other,unknown,medium,True,quarter_round_robin
labeling_batch_v2,7654d5c9d54e06c4,20260311,quarter_diversity_fill,4fd1e8d473275b4f,55c2cb39e126f125,"As with many developing technologies, AI presents risks and challenges that could affect its further development, adoption, and use, and therefore our business.",as with many developing technologies ai presents risks and challenges that could affect its further development adoption and use and therefore our business,,,,2024/QTR4/20241217_10-K_edgar_data_2011286_0002011286-24-000072.txt,2024,4,10-K,other,2011286,8,expansion_2024_batch_04,9d7607eb959bc188,active_2021_2024,23,0.0,[],,12,Other,unknown,medium,True,quarter_round_robin
labeling_batch_v2,588aa798ec7517b6,20260311,quarter_diversity_fill,d1a443f06e6875f2,cb978aa19c083dd5,"Issues in the development and use of artificial intelligence may result in reputational harm, liability or impact to our results of operations.",issues in the development and use of artificial intelligence may result in reputational harm liability or impact to our results of operations,,,,2024/QTR4/20241219_10-K_edgar_data_1645590_0001645590-24-000139.txt,2024,4,10-K,other,1645590,39,expansion_2024_batch_03,e16f17b9595a4784,active_2021_2024,22,0.0,[],,12,Other,unknown,medium,True,quarter_round_robin
labeling_batch_v2,ba8c5eae9553ed2b,20260311,quarter_diversity_fill,f78c59d77435080f,47b923a18521d481,Some open source software may include generative artificial intelligence (AI) software or other software that incorporates or relies on generative AI.,some open source software may include generative artificial intelligence ai software or other software that incorporates or relies on generative ai,,,,2024/QTR4/20241219_10-K_edgar_data_1826000_0001826000-24-000073.txt,2024,4,10-K,item_1a_risk_factors,1826000,3,expansion_2024_batch_03,e42731bee1e93fb8,active_2021_2024,21,0.0,[],,12,Other,unknown,medium,True,quarter_round_robin
labeling_batch_v2,87596aae320fbb32,20260311,quarter_diversity_fill,783343a1e7fee59d,26a26a2b316eb20e,Private AI: This solution enables organizations to use generative AI technologies while addressing privacy and compliance needs of the organization.,private ai this solution enables organizations to use generative ai technologies while addressing privacy and compliance needs of the organization,,,,2024/QTR4/20241220_10-K_edgar_data_1730168_0001730168-24-000139.txt,2024,4,10-K,other,1730168,10,expansion_2024_batch_03,99ad9da7fac0b00f,active_2021_2024,20,0.0,[],,12,Other,unknown,medium,True,quarter_round_robin
labeling_batch_v2,cec708a4a5d22601,20260311,quarter_diversity_fill,55cc80734374fdbe,904251981cc84beb,"Developments Bridgeline launched multiple new product enhancements this year, particularly in the area of Artificial Intelligence AI and Generative AI.",developments bridgeline launched multiple new product enhancements this year particularly in the area of artificial intelligence ai and generative ai,,,,2024/QTR4/20241226_10-K_edgar_data_1378590_0001437749-24-038328.txt,2024,4,10-K,other,1378590,2,expansion_2024_batch_02,d49549b9e25ca5f4,active_2021_2024,20,0.0,[],,12,Other,unknown,medium,True,quarter_round_robin
labeling_batch_v2,b5c8399bb55eccda,20260311,quarter_diversity_fill,6f14a124157d5bf1,5982367024858dfb,"We have entered into a Loan Agreement with Beyebe AI pursuant to which we may borrow up to 1,000,000 to fund our operations.",we have entered into a loan agreement with beyebe ai pursuant to which we may borrow up to 1 000 000 to fund our operations,,,,2024/QTR4/20241227_10-K_edgar_data_2016167_0001753926-24-002159.txt,2024,4,10-K,other,2016167,10,expansion_2024_batch_04,0c040afcfb2d6c5b,active_2021_2024,23,0.0,[],,12,Other,unknown,medium,True,quarter_round_robin
